{"type":"FeatureCollection","totalFeatures":310,"numberMatched":310,"timeStamp":"2026-08-23T02:50:37.073Z","crs":{"type":"name","properties":{"name":"urn:ogc:def:crs:EPSG::31370"}},"bbox":[147365.70300201,169654.68559901,148122.61400001,170593.60459615],"features":[{"type":"Feature","id":"StreetSurfaces.fid--324554a4_1a02c2cbca7_-6276","geometry":{"type":"Polygon","coordinates":[[[147592.24495037,170218.71815328],[147594.372,170221.83000034],[147596.50812378,170224.69464799],[147580.92999999,170249.42000035],[147551.33,170296.70000035],[147539.40324388,170315.68021439],[147537.98905001,170314.83036235],[147536.085883,170317.81912636],[147535.7766638,170318.32900351],[147535.50068963,170318.85904237],[147535.39073956,170319.10868574],[147533.475,170318.05500034],[147531.58900955,170316.90463999],[147532.27579687,170316.3191378],[147533.16724501,170315.16562134],[147534.69433,170312.75973734],[147533.38279522,170311.94202598],[147539.5,170302.40000035],[147566.85999999,170258.63000034],[147584.38353601,170231.23589035],[147592.24495037,170218.71815328]]]},"geometry_name":"GEOM","properties":{"INSPIRE_ID":"https://databrussels.be/id/streetsurface/10033","TYPE":"S","STREET_ID":"https://databrussels.be/id/streetname/1676","STRNAMEFRE":"Rue Gheude","STRNAMEDUT":"Gheudestraat","MUNNISCODE":"21001","HIERARCHY":"DR","LVL":0,"ADMIN":"MUN_RBC","AREA":777},"bbox":[147531.58900955,170218.71815328,147596.50812378,170319.10868574]},{"type":"Feature","id":"StreetSurfaces.fid--324554a4_1a02c2cbca7_-62cd","geometry":{"type":"Polygon","coordinates":[[[147554.76492422,170407.58179242],[147554.10279543,170407.53782822],[147553.43375702,170407.59792582],[147552.78231764,170407.76178824],[147552.24764237,170407.98930541],[147549.78799868,170405.84000186],[147547.64328024,170403.87673291],[147548.19387086,170403.27395672],[147546.96634991,170402.12529615],[147550.7856632,170397.91353127],[147552.01963263,170399.0422572],[147553.44957385,170397.48456773],[147552.21855991,170396.34937514],[147554.3682121,170393.98447255],[147559.94471025,170399.08845302],[147558.50789251,170400.66554071],[147558.17799969,170401.29599968],[147557.99429326,170402.00295195],[147557.97720888,170402.73318318],[147558.12167797,170403.42991594],[147558.58096666,170404.43320729],[147559.27289152,170405.33000201],[147560.15164692,170406.04469756],[147560.69449189,170406.31024698],[147560.1040014,170406.89100176],[147558.04189777,170408.79272145],[147555.98101325,170407.9479062],[147554.76492422,170407.58179242]]]},"geometry_name":"GEOM","properties":{"INSPIRE_ID":"https://databrussels.be/id/streetsurface/10036","TYPE":"I","STREET_ID":"https://databrussels.be/id/streetname/3948","STRNAMEFRE":"Rue de Liverpool","STRNAMEDUT":"Liverpoolstraat","MUNNISCODE":"21001","HIERARCHY":"DR","LVL":0,"ADMIN":"MUN_RBC","AREA":112},"bbox":[147546.96634991,170393.98447255,147560.69449189,170408.79272145]},{"type":"Feature","id":"StreetSurfaces.fid--324554a4_1a02c2cbca7_-62f8","geometry":{"type":"Polygon","coordinates":[[[147603.80899868,170586.99100186],[147602.86399946,170586.17000252],[147601.89300082,170587.30200242],[147592.71188507,170578.92495209],[147593.88299718,170577.62400049],[147592.76800015,170576.62100316],[147591.60398066,170577.91407577],[147582.56912677,170569.67047659],[147583.74699717,170568.3620005],[147582.63200016,170567.35900317],[147581.46122232,170568.6596002],[147574.81999865,170562.60000182],[147571.91160958,170559.98307942],[147573.08199718,170558.68200051],[147571.96700015,170557.67900318],[147570.79674149,170558.97993878],[147561.60106165,170550.70581182],[147562.77199717,170549.40500049],[147561.65700016,170548.40200318],[147560.48619361,170549.70267123],[147551.7192435,170541.81430853],[147552.73199718,170540.63200048],[147551.55900021,170539.57300316],[147550.53567283,170540.74935034],[147542.38999865,170533.42000183],[147541.59499717,170532.69600047],[147542.94299717,170531.21800047],[147531.19500012,170520.50700318],[147529.84800012,170521.98500318],[147518.38789959,170511.53750275],[147519.55799718,170510.2360005],[147518.44300015,170509.23300317],[147517.2787451,170510.52635175],[147506.49999864,170500.70000182],[147504.24084394,170498.64618663],[147505.41699717,170497.3400005],[147504.30200014,170496.33600317],[147503.13062749,170497.63688015],[147491.67783494,170487.2250569],[147492.77728016,170486.02395848],[147491.83815365,170485.16939982],[147490.82647555,170484.38076392],[147490.32927833,170484.12048455],[147491.70399854,170482.63599898],[147493.46168208,170480.88628429],[147493.73019717,170481.33391915],[147494.63569751,170482.34650699],[147495.85600131,170483.39799882],[147496.53448784,170484.04498652],[147497.50880029,170482.95457283],[147507.05000134,170491.54999887],[147534.65700283,170516.70800022],[147533.31000283,170518.18600022],[147552.62799988,170535.72199751],[147553.97599986,170534.24299751],[147596.11000135,170572.29999887],[147606.30000281,170581.62500015],[147605.01400282,170583.0870001],[147608.79633174,170586.24760331],[147607.55000148,170587.59400171],[147606.19154086,170589.06186203],[147603.80899868,170586.99100186]]]},"geometry_name":"GEOM","properties":{"INSPIRE_ID":"https://databrussels.be/id/streetsurface/1021","TYPE":"S","STREET_ID":"https://databrussels.be/id/streetname/3122","STRNAMEFRE":"Rue Odon","STRNAMEDUT":"Odonstraat","MUNNISCODE":"21001","HIERARCHY":"DR","LVL":0,"ADMIN":"MUN_RBC","AREA":986},"bbox":[147490.32927833,170480.88628429,147608.79633174,170589.06186203]},{"type":"Feature","id":"StreetSurfaces.fid--324554a4_1a02c2cbca7_-6254","geometry":{"type":"Polygon","coordinates":[[[147740.5410135,170106.18296219],[147743.68399999,170091.75000035],[147744.42,170088.37000035],[147749.14100001,170066.65800034],[147750.5754483,170059.97658428],[147754.73034153,170062.28636059],[147754.59500001,170062.77000035],[147753.75699999,170066.69600035],[147752.69100001,170071.66800035],[147752.621,170072.00000035],[147754.33099999,170073.53700033],[147753.005,170079.61100034],[147750.821,170080.31600035],[147750.38,170082.31100033],[147752.08800001,170083.81700035],[147750.78299999,170089.81500036],[147748.599,170090.51600035],[147748.15599999,170092.55100035],[147749.85699999,170094.07500035],[147748.40699999,170100.77400035],[147746.196,170101.45400034],[147744.96387358,170107.00018412],[147740.5410135,170106.18296219]]]},"geometry_name":"GEOM","properties":{"INSPIRE_ID":"https://databrussels.be/id/streetsurface/1048","TYPE":"S","STREET_ID":"https://databrussels.be/id/streetname/1388","STRNAMEFRE":"Square Robert Pequeur","STRNAMEDUT":"Robert Pequeursquare","MUNNISCODE":"21001","HIERARCHY":"DR","LVL":0,"ADMIN":"MUN_RBC","AREA":256},"bbox":[147740.5410135,170059.97658428,147754.73034153,170107.00018412]},{"type":"Feature","id":"StreetSurfaces.fid--324554a4_1a02c2cbca7_-61ff","geometry":{"type":"Polygon","coordinates":[[[147869.14983897,170041.81779622],[147869.729,170038.38200034],[147868.60349126,170038.58068603],[147867.81924286,170033.93401429],[147878.00125804,170029.27774876],[147879.48654811,170021.01712011],[147871.65264881,170013.58398486],[147873.75680571,170009.90105285],[147875.347,170010.79900035],[147876.321,170005.89700035],[147881.678,170008.90900034],[147880.65599999,170013.83100034],[147886.69100001,170017.21500036],[147887.71199999,170012.26800035],[147893.58199999,170015.58400034],[147888.48299999,170039.99400035],[147881.75599999,170041.16400036],[147882.753,170036.07200035],[147875.847,170037.30000035],[147874.84100001,170042.29400035],[147869.38522871,170043.21248037],[147868.901,170043.29400035],[147869.14983897,170041.81779622]]]},"geometry_name":"GEOM","properties":{"INSPIRE_ID":"https://databrussels.be/id/streetsurface/1055","TYPE":"I","STREET_ID":"https://databrussels.be/id/streetname/1377","STRNAMEFRE":"Square de l'Aviation","STRNAMEDUT":"Luchtvaartsquare","MUNNISCODE":"21001","HIERARCHY":"DR","LVL":0,"ADMIN":"MUN_RBC","AREA":470},"bbox":[147867.81924286,170005.89700035,147893.58199999,170043.29400035]},{"type":"Feature","id":"StreetSurfaces.fid--324554a4_1a02c2cbca7_-61f3","geometry":{"type":"Polygon","coordinates":[[[147705.93893881,170040.10124187],[147711.30646675,170043.35164253],[147710.99751415,170043.88674642],[147710.59347472,170044.85314771],[147710.31623828,170045.86325628],[147710.171,170046.89200035],[147710.20562606,170047.91210934],[147710.39078045,170048.9271089],[147710.72289338,170049.9039442],[147711.18900001,170050.81200033],[147713.44000001,170049.94000035],[147717.52478459,170052.62609509],[147708.68265417,170054.84321255],[147708.61099999,170054.52500035],[147707.854896,170054.34035147],[147707.06924007,170054.2767125],[147706.28346181,170054.33882283],[147705.527,170054.52200035],[147704.80479698,170054.79928051],[147704.1323885,170055.20625533],[147704.04604154,170055.28250417],[147699.04911537,170051.35309585],[147705.93893881,170040.10124187]]]},"geometry_name":"GEOM","properties":{"INSPIRE_ID":"https://databrussels.be/id/streetsurface/1060","TYPE":"I","STREET_ID":"https://databrussels.be/id/streetname/1388","STRNAMEFRE":"Square Robert Pequeur","STRNAMEDUT":"Robert Pequeursquare","MUNNISCODE":"21001","HIERARCHY":"DR","LVL":0,"ADMIN":"MUN_RBC","AREA":133},"bbox":[147699.04911537,170040.10124187,147717.52478459,170055.28250417]},{"type":"Feature","id":"StreetSurfaces.fid--324554a4_1a02c2cbca7_-6300","geometry":{"type":"Polygon","coordinates":[[[147654.04041894,170544.03532819],[147652.10699999,170543.63200034],[147651.11273818,170543.42438971],[147651.25831027,170542.60184611],[147649.67055399,170542.26098186],[147652.75999999,170526.20000035],[147655.93492429,170511.11109241],[147657.85411949,170511.51491882],[147659.80261641,170502.25463811],[147657.88342121,170501.85081171],[147662.65999999,170479.15000035],[147666.8087826,170459.39469744],[147668.81750131,170459.81654557],[147668.96287887,170459.10742759],[147669.27641764,170457.57805845],[147669.35154598,170456.01868924],[147669.13663075,170455.20593191],[147670.64100001,170455.52000035],[147672.55996404,170455.92022899],[147670.10899999,170467.58200034],[147664.624,170493.68100034],[147660.66900001,170512.49600035],[147654.04041894,170544.03532819]]]},"geometry_name":"GEOM","properties":{"INSPIRE_ID":"https://databrussels.be/id/streetsurface/10886","TYPE":"S","STREET_ID":"https://databrussels.be/id/streetname/3527","STRNAMEFRE":"Rue Haberman","STRNAMEDUT":"Habermanstraat","MUNNISCODE":"21001","HIERARCHY":"DR","LVL":0,"ADMIN":"MUN_RBC","AREA":411},"bbox":[147649.67055399,170455.20593191,147672.55996404,170544.03532819]},{"type":"Feature","id":"StreetSurfaces.fid--324554a4_1a02c2cbca7_-6285","geometry":{"type":"Polygon","coordinates":[[[147867.10455966,170244.02936772],[147867.53900001,170244.49500035],[147868.999,170243.13500034],[147880.94200001,170255.91500035],[147889.655,170265.23000034],[147898.69500001,170274.88700033],[147897.21300001,170276.25200034],[147906.56442077,170286.23865806],[147904.95430608,170292.96384684],[147904.078,170292.02000035],[147901.398,170289.09700035],[147897.31800001,170284.73600033],[147897.25,170290.70600034],[147876.922,170268.94100036],[147868.21600001,170259.63400034],[147860.53499999,170251.37500035],[147860.303,170251.11500036],[147863.324,170248.36100034],[147862.95810497,170247.97995254],[147864.34400001,170246.59600035],[147867.10455966,170244.02936772]]]},"geometry_name":"GEOM","properties":{"INSPIRE_ID":"https://databrussels.be/id/streetsurface/11527","TYPE":"S","STREET_ID":"https://databrussels.be/id/streetname/3933","STRNAMEFRE":"Rue Brogniez","STRNAMEDUT":"Brogniezstraat","MUNNISCODE":"21001","HIERARCHY":"DR","LVL":0,"ADMIN":"MUN_RBC","AREA":642},"bbox":[147860.303,170243.13500034,147906.56442077,170292.96384684]},{"type":"Feature","id":"StreetSurfaces.fid--324554a4_1a02c2cbca7_-631d","geometry":{"type":"Polygon","coordinates":[[[147943.33246872,170425.70999693],[147941.03499999,170435.15900034],[147940.21600001,170435.42200035],[147939.154,170435.79600035],[147937.971,170436.32700034],[147937.099,170436.90100034],[147934.92999999,170438.42800034],[147933.35799999,170439.88600034],[147924.03624775,170437.67160915],[147924.96600001,170436.77600035],[147928.654,170420.51200034],[147928.65899999,170420.13500034],[147928.48099999,170419.83800036],[147928.33399999,170419.60300034],[147929.53081126,170414.68458775],[147929.94946737,170412.96481537],[147935.68186437,170414.36029252],[147935.51988304,170415.69280094],[147935.54508281,170416.51276522],[147935.62698207,170417.38945723],[147935.77818071,170418.4491424],[147935.97977889,170419.19972508],[147936.21287678,170419.91246326],[147936.45227462,170420.51166793],[147936.71372226,170421.08091236],[147937.24291749,170421.85672471],[147939.57418148,170424.2642728],[147940.09319801,170424.71175457],[147940.4660646,170424.9699855],[147940.86411741,170425.18739444],[147941.07668896,170425.28228744],[147941.58121409,170425.45993303],[147942.0996274,170425.59165693],[147942.62775834,170425.67639946],[147943.16135807,170425.71347884],[147943.33246872,170425.70999693]]]},"geometry_name":"GEOM","properties":{"INSPIRE_ID":"https://databrussels.be/id/streetsurface/11530","TYPE":"I","STREET_ID":"https://databrussels.be/id/streetname/1283","STRNAMEFRE":"Boulevard du Midi","STRNAMEDUT":"Zuidlaan","MUNNISCODE":"21004","HIERARCHY":"MAR","LVL":0,"ADMIN":"REGION_RBC","AREA":297},"bbox":[147924.03624775,170412.96481537,147943.33246872,170439.88600034]},{"type":"Feature","id":"StreetSurfaces.fid--324554a4_1a02c2cbca7_-623b","geometry":{"type":"Polygon","coordinates":[[[147929.94946737,170412.96481537],[147930.53449783,170410.56160385],[147931.74492743,170405.58935262],[147931.949,170405.67200035],[147932.08900001,170405.64200035],[147932.204,170405.60400034],[147932.30899999,170405.45600034],[147936.574,170386.98100034],[147940.347,170369.62300035],[147943.61900001,170355.25500034],[147946.58299999,170341.23700034],[147950.58299999,170323.80100034],[147951.78599999,170318.60800034],[147951.873,170318.12000035],[147951.92715828,170317.77673234],[147957.91287645,170319.13358062],[147955.99239933,170327.44585628],[147957.92616604,170327.91956455],[147941.79639826,170398.18459255],[147939.28995604,170397.42900828],[147935.76715581,170413.65865879],[147935.68186437,170414.36029252],[147929.94946737,170412.96481537]]]},"geometry_name":"GEOM","properties":{"INSPIRE_ID":"https://databrussels.be/id/streetsurface/11531","TYPE":"S","STREET_ID":"https://databrussels.be/id/streetname/1283","STRNAMEFRE":"Boulevard du Midi","STRNAMEDUT":"Zuidlaan","MUNNISCODE":"21004","HIERARCHY":"MAR","LVL":0,"ADMIN":"REGION_RBC","AREA":709},"bbox":[147929.94946737,170317.77673234,147957.92616604,170414.36029252]},{"type":"Feature","id":"StreetSurfaces.fid--324554a4_1a02c2cbca7_-628f","geometry":{"type":"Polygon","coordinates":[[[147795.19864931,170374.79132329],[147792.01600001,170373.28500034],[147788.62523243,170371.68017667],[147794.45166149,170359.53622514],[147797.68800001,170361.06800035],[147800.97869456,170362.62579034],[147799.95,170364.76100034],[147799.8,170365.46100034],[147799.84000001,170366.11100034],[147800.05999999,170366.48100034],[147800.52000001,170366.88100034],[147801.1,170367.14100035],[147803.11687083,170367.64148311],[147801.69000001,170370.34000036],[147800.20750351,170373.14371754],[147798.2,170372.69100035],[147797.95,170372.67100035],[147797.7,170372.66100034],[147797.45,170372.66100033],[147797.24000001,170372.69100035],[147797.02000001,170372.73100034],[147796.82000001,170372.80100035],[147796.67,170372.88100034],[147796.54000001,170372.98100034],[147796.4,170373.08100034],[147796.13,170373.34100035],[147795.88,170373.62100035],[147795.63,170373.89100035],[147795.19864931,170374.79132329]]]},"geometry_name":"GEOM","properties":{"INSPIRE_ID":"https://databrussels.be/id/streetsurface/11541","TYPE":"I","STREET_ID":"https://databrussels.be/id/streetname/2935","STRNAMEFRE":"Rue Plantin","STRNAMEDUT":"Plantinstraat","MUNNISCODE":"21001","HIERARCHY":"DR","LVL":0,"ADMIN":"MUN_RBC","AREA":124},"bbox":[147788.62523243,170359.53622514,147803.11687083,170374.79132329]},{"type":"Feature","id":"StreetSurfaces.fid--324554a4_1a02c2cbca7_-6206","geometry":{"type":"Polygon","coordinates":[[[147705.93893881,170040.10124187],[147706.203,170039.67000035],[147708.73800001,170035.53300034],[147711.70599999,170030.65500034],[147714.599,170025.93800036],[147711.92,170024.38000034],[147714.88,170009.73300034],[147716.84227095,170000.00400034],[147718.64100001,169991.05400034],[147722.21400001,169973.32900034],[147726.002,169954.53100034],[147730.26300001,169955.37000035],[147732.65239728,169943.45740682],[147735.152,169945.52800034],[147738.53117323,169948.2894117],[147738.11500001,169948.74900035],[147737.57618084,169949.65128099],[147737.26800001,169950.65600034],[147736.105,169956.54900035],[147740.073,169957.32800034],[147735.96900001,169977.77300035],[147732.397,169995.57600035],[147730.68699999,170004.06100034],[147725.94500001,170027.65300034],[147721.46400001,170026.72500035],[147715.149,170037.04600035],[147711.51700001,170042.98700034],[147711.30646675,170043.35164253],[147705.93893881,170040.10124187]]]},"geometry_name":"GEOM","properties":{"INSPIRE_ID":"https://databrussels.be/id/streetsurface/1171","TYPE":"S","STREET_ID":"https://databrussels.be/id/streetname/1308","STRNAMEFRE":"Rue Limnander","STRNAMEDUT":"Limnanderstraat","MUNNISCODE":"21001","HIERARCHY":"DR","LVL":0,"ADMIN":"MUN_RBC","AREA":1209},"bbox":[147705.93893881,169943.45740682,147740.073,170043.35164253]},{"type":"Feature","id":"StreetSurfaces.fid--324554a4_1a02c2cbca7_-6230","geometry":{"type":"Polygon","coordinates":[[[147975.59915352,170210.40030392],[147983.89916601,170212.30528784],[147983.81026048,170212.36524106],[147983.14246651,170212.97346209],[147982.26775878,170213.85687212],[147981.65170427,170214.7678904],[147981.15355774,170215.94595852],[147980.88177129,170217.02753207],[147979.60636303,170222.35272812],[147982.03741711,170222.89894935],[147974.64450767,170255.11253211],[147972.20287981,170254.4868597],[147969.98906327,170264.37597187],[147968.45441364,170271.10453958],[147968.36810934,170271.84494662],[147968.35708444,170272.46307354],[147968.43189627,170273.18566706],[147968.69019394,170274.09393518],[147968.99889115,170274.86344012],[147969.37688774,170275.6140228],[147969.61105858,170275.91796957],[147961.41300001,170273.92200035],[147964.923,170259.02900034],[147970.553,170232.38600034],[147975.59915352,170210.40030392]]]},"geometry_name":"GEOM","properties":{"INSPIRE_ID":"https://databrussels.be/id/streetsurface/12600","TYPE":"S","STREET_ID":"https://databrussels.be/id/streetname/1283","STRNAMEFRE":"Boulevard du Midi","STRNAMEDUT":"Zuidlaan","MUNNISCODE":"21004","HIERARCHY":"MAR","LVL":0,"ADMIN":"REGION_RBC","AREA":505},"bbox":[147961.41300001,170210.40030392,147983.89916601,170275.91796957]},{"type":"Feature","id":"StreetSurfaces.fid--324554a4_1a02c2cbca7_-6233","geometry":{"type":"Polygon","coordinates":[[[147961.89240696,170301.87284501],[147955.94674381,170300.5252837],[147959.33105864,170284.93360367],[147959.46779894,170284.21030435],[147965.84968039,170285.7640916],[147965.54166326,170286.23682178],[147965.21704367,170286.86218372],[147964.93483914,170287.54042522],[147964.71886984,170288.38546209],[147961.89240696,170301.87284501]]]},"geometry_name":"GEOM","properties":{"INSPIRE_ID":"https://databrussels.be/id/streetsurface/12655","TYPE":"S","STREET_ID":"https://databrussels.be/id/streetname/1283","STRNAMEFRE":"Boulevard du Midi","STRNAMEDUT":"Zuidlaan","MUNNISCODE":"21004","HIERARCHY":"MAR","LVL":0,"ADMIN":"REGION_RBC","AREA":101},"bbox":[147955.94674381,170284.21030435,147965.84968039,170301.87284501]},{"type":"Feature","id":"StreetSurfaces.fid--324554a4_1a02c2cbca7_-622a","geometry":{"type":"Polygon","coordinates":[[[147977.85674348,170200.56416093],[147977.98599999,170200.00100034],[147996.77581109,170121.49049921],[148000,170104.08500034],[148000.70958688,170100.99312841],[148007.25041292,170102.49467933],[148006.87726843,170103.56355381],[148006.1066899,170106.65469803],[148005.68781484,170108.80673864],[148008.22739127,170109.34601717],[148006.86944373,170115.10509643],[148004.39061762,170114.6318625],[148000,170133.41726753],[147995.3878496,170153.62211479],[147997.7228961,170154.23285847],[147991.04419231,170183.59573441],[147988.60810318,170182.94460417],[147986.39357817,170192.86355473],[147985.21090077,170197.69849795],[147985.06445197,170198.60030545],[147985.01406098,170199.45796852],[147984.99516437,170200.32824428],[147985.20673897,170201.45240397],[147985.51699859,170202.32231043],[147977.85674348,170200.56416093]]]},"geometry_name":"GEOM","properties":{"INSPIRE_ID":"https://databrussels.be/id/streetsurface/12656","TYPE":"S","STREET_ID":"https://databrussels.be/id/streetname/1283","STRNAMEFRE":"Boulevard du Midi","STRNAMEDUT":"Zuidlaan","MUNNISCODE":"21004","HIERARCHY":"MAR","LVL":0,"ADMIN":"REGION_RBC","AREA":726},"bbox":[147977.85674348,170100.99312841,148008.22739127,170202.32231043]},{"type":"Feature","id":"StreetSurfaces.fid--324554a4_1a02c2cbca7_-6250","geometry":{"type":"Polygon","coordinates":[[[147687.88201001,170069.5198794],[147691.38529363,170073.31822466],[147689.80235179,170075.79640352],[147659.42,170124.53000034],[147632.57000001,170167.22000035],[147607.30603612,170207.38119584],[147605.16099999,170204.42400035],[147602.82754838,170201.24758972],[147603.41940465,170200.30686406],[147624.28,170167.15000035],[147654.17,170119.55000035],[147671.42999999,170091.91000034],[147683.35905068,170072.66661099],[147686.19300001,170072.09200035],[147687.88201001,170069.5198794]]]},"geometry_name":"GEOM","properties":{"INSPIRE_ID":"https://databrussels.be/id/streetsurface/129","TYPE":"S","STREET_ID":"https://databrussels.be/id/streetname/1676","STRNAMEFRE":"Rue Gheude","STRNAMEDUT":"Gheudestraat","MUNNISCODE":"21001","HIERARCHY":"DR","LVL":0,"ADMIN":"MUN_RBC","AREA":1107},"bbox":[147602.82754838,170069.5198794,147691.38529363,170207.38119584]},{"type":"Feature","id":"StreetSurfaces.fid--324554a4_1a02c2cbca7_-6312","geometry":{"type":"Polygon","coordinates":[[[147913.73753522,170480.61908117],[147913.86600001,170480.59700035],[147914.01099999,170480.54500035],[147914.13599999,170480.47000035],[147914.247,170480.37400035],[147914.34100001,170480.26200033],[147914.453,170480.04600035],[147914.50699999,170479.75700034],[147916.672,170470.32300035],[147920.59300001,170453.11100033],[147921.246,170450.29200035],[147921.223,170450.06900035],[147921.13699999,170449.92000035],[147921.002,170449.81300036],[147923.01061647,170441.46850523],[147923.904,170437.79900035],[147924.03624775,170437.67160915],[147933.35799999,170439.88600034],[147932.48699999,170441.04500035],[147931.821,170442.38900036],[147931.247,170444.16800035],[147930.23099999,170448.53900036],[147928.99200001,170453.97800034],[147923.574,170477.74500035],[147921.41900001,170487.17600035],[147920.53892574,170491.06760923],[147913.09185573,170485.70280207],[147913.20167858,170485.56191758],[147913.28314901,170485.40294568],[147913.33337935,170485.23152104],[147913.66427954,170483.73047364],[147913.04336632,170483.57477855],[147913.73753522,170480.61908117]]]},"geometry_name":"GEOM","properties":{"INSPIRE_ID":"https://databrussels.be/id/streetsurface/13360","TYPE":"S","STREET_ID":"https://databrussels.be/id/streetname/1283","STRNAMEFRE":"Boulevard du Midi","STRNAMEDUT":"Zuidlaan","MUNNISCODE":"21004","HIERARCHY":"MAR","LVL":0,"ADMIN":"REGION_RBC","AREA":435},"bbox":[147913.04336632,170437.67160915,147933.35799999,170491.06760923]},{"type":"Feature","id":"StreetSurfaces.fid--324554a4_1a02c2cbca7_-61f6","geometry":{"type":"Polygon","coordinates":[[[147758.98213918,170057.79414254],[147758.18246088,170053.21144151],[147762.16700001,170052.52000035],[147763.004,170050.31100034],[147768.628,170049.33600034],[147795.85999999,170044.39000036],[147832.17,170038.32000035],[147853.946,170034.51500036],[147857.63399999,170033.88500034],[147857.976,170035.84900035],[147867.172,170034.23000034],[147867.81924286,170033.93401429],[147868.60349126,170038.58068603],[147858.779,170040.31500036],[147859.477,170044.32800034],[147855.654,170044.98900036],[147829,170050.08100034],[147790.98,170056.83100034],[147769.003,170060.56000034],[147763.75999999,170056.83700034],[147760.295,170057.45900034],[147759.28599999,170057.68000034],[147758.98213918,170057.79414254]]]},"geometry_name":"GEOM","properties":{"INSPIRE_ID":"https://databrussels.be/id/streetsurface/1385","TYPE":"S","STREET_ID":"https://databrussels.be/id/streetname/5148","STRNAMEFRE":"Rue Lambert Crickx","STRNAMEDUT":"Lambert Crickxstraat","MUNNISCODE":"21001","HIERARCHY":"DR","LVL":0,"ADMIN":"MUN_RBC","AREA":1128},"bbox":[147758.18246088,170033.88500034,147868.60349126,170060.56000034]},{"type":"Feature","id":"StreetSurfaces.fid--324554a4_1a02c2cbca7_-623d","geometry":{"type":"Polygon","coordinates":[[[147947.781,170299.167],[147944.816,170313.778],[147944.735,170313.508],[147944.623,170313.25],[147944.481,170313.007],[147944.311,170312.782],[147944.115,170312.58],[147943.897,170312.402],[147943.659,170312.252],[147943.405,170312.13200034],[147943.13800001,170312.04200035],[147920.32270405,170307.01506328],[147922.85763969,170294.51411702],[147923.00999999,170294.68800036],[147923.349,170294.94800035],[147923.81800001,170295.15700034],[147924.49100001,170295.41200033],[147945.632,170300.383],[147946.189,170300.4],[147946.718,170300.223],[147947.146,170299.932],[147947.51700001,170299.57200035],[147947.781,170299.167]]]},"geometry_name":"GEOM","properties":{"INSPIRE_ID":"https://databrussels.be/id/streetsurface/14313","TYPE":"S","STREET_ID":"https://databrussels.be/id/streetname/1283","STRNAMEFRE":"Boulevard du Midi","STRNAMEDUT":"Zuidlaan","MUNNISCODE":"21004","HIERARCHY":"MAR","LVL":0,"ADMIN":"REGION_RBC","AREA":308},"bbox":[147920.32270405,170294.51411702,147947.781,170313.778]},{"type":"Feature","id":"StreetSurfaces.fid--324554a4_1a02c2cbca7_-6235","geometry":{"type":"Polygon","coordinates":[[[147961.89240696,170301.87284501],[147961.81036328,170302.26434302],[147957.91287645,170319.13358062],[147951.92715828,170317.77673234],[147951.941,170317.689],[147951.924,170317.37500035],[147951.84300001,170317.13500034],[147951.76700001,170316.99800034],[147951.66930628,170316.86959444],[147951.488,170316.736],[147951.352,170316.702],[147951.175,170316.668],[147951.039,170316.685],[147954.59927729,170301.20481648],[147955.74061286,170301.47493764],[147955.94674381,170300.5252837],[147961.89240696,170301.87284501]]]},"geometry_name":"GEOM","properties":{"INSPIRE_ID":"https://databrussels.be/id/streetsurface/14316","TYPE":"I","STREET_ID":"https://databrussels.be/id/streetname/1283","STRNAMEFRE":"Boulevard du Midi","STRNAMEDUT":"Zuidlaan","MUNNISCODE":"21004","HIERARCHY":"MAR","LVL":0,"ADMIN":"REGION_RBC","AREA":127},"bbox":[147951.039,170300.5252837,147961.89240696,170319.13358062]},{"type":"Feature","id":"StreetSurfaces.fid--324554a4_1a02c2cbca7_-6237","geometry":{"type":"Polygon","coordinates":[[[147947.781,170299.167],[147947.933,170298.709],[147953.67001071,170300.00927105],[147953.45794173,170300.93469532],[147954.59927729,170301.20481648],[147951.03900001,170316.68500034],[147950.63299999,170316.71900035],[147950.239,170316.892],[147949.925,170317.188],[147949.84901351,170317.3056565],[147944.34849815,170316.05879444],[147944.816,170313.778],[147947.781,170299.167]]]},"geometry_name":"GEOM","properties":{"INSPIRE_ID":"https://databrussels.be/id/streetsurface/14317","TYPE":"IC","STREET_ID":"https://databrussels.be/id/streetname/1283","STRNAMEFRE":"Boulevard du Midi","STRNAMEDUT":"Zuidlaan","MUNNISCODE":"21004","HIERARCHY":"MAR","LVL":0,"ADMIN":"REGION_RBC","AREA":120},"bbox":[147944.34849815,170298.709,147954.59927729,170317.3056565]},{"type":"Feature","id":"StreetSurfaces.fid--324554a4_1a02c2cbca7_-620c","geometry":{"type":"Polygon","coordinates":[[[147551.47754991,170176.46427931],[147550.09264216,170175.04379188],[147553.85174599,170171.35751659],[147553.92971451,170171.61325637],[147553.99886401,170172.28547334],[147553.94142027,170172.95475193],[147553.75890911,170173.61329607],[147553.45756054,170174.22663101],[147553.055634,170174.76485835],[147551.47754991,170176.46427931]]]},"geometry_name":"GEOM","properties":{"INSPIRE_ID":"https://databrussels.be/id/streetsurface/150007","TYPE":"SW","STREET_ID":"https://databrussels.be/id/streetname/1974","STRNAMEFRE":"Rue de la Clinique","STRNAMEDUT":"Kliniekstraat","MUNNISCODE":"21001","HIERARCHY":"DR","LVL":0,"ADMIN":"MUN_RBC","AREA":8},"bbox":[147550.09264216,170171.35751659,147553.99886401,170176.46427931]},{"type":"Feature","id":"StreetSurfaces.fid--324554a4_1a02c2cbca7_-6278","geometry":{"type":"Polygon","coordinates":[[[147590.63872514,170216.36826586],[147593.19878507,170211.1574099],[147593.45452588,170211.55071785],[147593.82811441,170212.3816219],[147594.067782,170213.24950835],[147594.14558957,170214.1825303],[147594.069187,170215.11566836],[147593.82302322,170216.02870539],[147593.40216,170216.87552735],[147592.24495037,170218.71815328],[147590.63872514,170216.36826586]]]},"geometry_name":"GEOM","properties":{"INSPIRE_ID":"https://databrussels.be/id/streetsurface/150008","TYPE":"SW","STREET_ID":"https://databrussels.be/id/streetname/1974","STRNAMEFRE":"Rue de la Clinique","STRNAMEDUT":"Kliniekstraat","MUNNISCODE":"21001","HIERARCHY":"DR","LVL":0,"ADMIN":"MUN_RBC","AREA":14},"bbox":[147590.63872514,170211.1574099,147594.14558957,170218.71815328]},{"type":"Feature","id":"StreetSurfaces.fid--324554a4_1a02c2cbca7_-627c","geometry":{"type":"Polygon","coordinates":[[[147590.63872514,170216.36826586],[147576.8409996,170202.29533261],[147557.16454682,170182.13388091],[147560.14349718,170179.22750746],[147560.880708,170179.30478436],[147561.65123627,170179.51212625],[147562.38900659,170179.84120387],[147563.06595776,170180.28203746],[147563.65847199,170180.81648234],[147564.052583,170181.17980234],[147564.04073,170183.96632034],[147564.24842,170184.19384235],[147574.99732001,170195.20120634],[147585.60539701,170206.14900135],[147585.912292,170206.37769336],[147588.827614,170206.48183135],[147592.35771699,170210.11580235],[147592.95790312,170210.78695363],[147593.19878507,170211.1574099],[147590.63872514,170216.36826586]]]},"geometry_name":"GEOM","properties":{"INSPIRE_ID":"https://databrussels.be/id/streetsurface/150009","TYPE":"SW","STREET_ID":"https://databrussels.be/id/streetname/1974","STRNAMEFRE":"Rue de la Clinique","STRNAMEDUT":"Kliniekstraat","MUNNISCODE":"21001","HIERARCHY":"DR","LVL":0,"ADMIN":"MUN_RBC","AREA":195},"bbox":[147557.16454682,170179.22750746,147593.19878507,170216.36826586]},{"type":"Feature","id":"StreetSurfaces.fid--324554a4_1a02c2cbca7_-62ad","geometry":{"type":"Polygon","coordinates":[[[147606.551366,170214.6151534],[147608.922,170209.60900034],[147634.19898801,170235.30731434],[147638.16981101,170239.34778134],[147642.758482,170244.00917136],[147647.48685701,170248.81854934],[147645.73315697,170250.67617303],[147645.04791346,170251.40202385],[147644.92181106,170251.53559903],[147643.59257815,170252.94360181],[147642.13792801,170251.45040334],[147643.544415,170250.09774534],[147631.75544901,170238.11726335],[147612.343326,170218.36579834],[147609.54871399,170218.36115235],[147607.748346,170216.51854836],[147607.0987608,170215.68814505],[147606.551366,170214.6151534]]]},"geometry_name":"GEOM","properties":{"INSPIRE_ID":"https://databrussels.be/id/streetsurface/150010","TYPE":"SW","STREET_ID":"https://databrussels.be/id/streetname/1974","STRNAMEFRE":"Rue de la Clinique","STRNAMEDUT":"Kliniekstraat","MUNNISCODE":"21001","HIERARCHY":"DR","LVL":0,"ADMIN":"MUN_RBC","AREA":217},"bbox":[147606.551366,170209.60900034,147647.48685701,170252.94360181]},{"type":"Feature","id":"StreetSurfaces.fid--324554a4_1a02c2cbca7_-62bb","geometry":{"type":"Polygon","coordinates":[[[147517.71344993,170445.91096462],[147519.21786466,170445.14031047],[147520.87459278,170444.70460099],[147522.54708901,170444.63196534],[147523.76552811,170444.79168638],[147524.95428405,170445.17784699],[147525.25766878,170445.34335173],[147522.75704117,170448.25199183],[147521.55421753,170448.31228832],[147520.44338601,170448.36797334],[147517.71344993,170445.91096462]]]},"geometry_name":"GEOM","properties":{"INSPIRE_ID":"https://databrussels.be/id/streetsurface/150053","TYPE":"SW","STREET_ID":"https://databrussels.be/id/streetname/3948","STRNAMEFRE":"Rue de Liverpool","STRNAMEDUT":"Liverpoolstraat","MUNNISCODE":"21001","HIERARCHY":"DR","LVL":0,"ADMIN":"MUN_RBC","AREA":18},"bbox":[147517.71344993,170444.63196534,147525.25766878,170448.36797334]},{"type":"Feature","id":"StreetSurfaces.fid--324554a4_1a02c2cbca7_-62f7","geometry":{"type":"Polygon","coordinates":[[[147517.71344993,170445.91096462],[147520.44338601,170448.36797334],[147518.25780799,170450.82283834],[147504.75541899,170465.71538535],[147501.27149501,170469.56158534],[147497.91384301,170473.24179236],[147495.744032,170475.62914935],[147492.92231343,170473.35169564],[147493.0948231,170472.96635104],[147493.50721941,170472.28648263],[147493.996665,170471.66754335],[147495.13974462,170470.4242015],[147496.39830999,170469.05524434],[147497.626983,170470.17484335],[147505.54038701,170461.46311535],[147504.30118501,170460.33749036],[147505.740274,170458.77659033],[147506.973454,170459.88524734],[147514.977073,170451.04268135],[147513.735202,170449.91702133],[147514.94362972,170448.58618115],[147516.39907899,170446.98329633],[147517.71344993,170445.91096462]]]},"geometry_name":"GEOM","properties":{"INSPIRE_ID":"https://databrussels.be/id/streetsurface/150054","TYPE":"SW","STREET_ID":"https://databrussels.be/id/streetname/3948","STRNAMEFRE":"Rue de Liverpool","STRNAMEDUT":"Liverpoolstraat","MUNNISCODE":"21001","HIERARCHY":"DR","LVL":0,"ADMIN":"MUN_RBC","AREA":106},"bbox":[147492.92231343,170445.91096462,147520.44338601,170475.62914935]},{"type":"Feature","id":"StreetSurfaces.fid--324554a4_1a02c2cbca7_-62f6","geometry":{"type":"Polygon","coordinates":[[[147611.68499999,170583.12700035],[147608.7963289,170586.24760343],[147605.01400001,170583.08700033],[147606.3,170581.62500035],[147596.10999999,170572.30000034],[147553.976,170534.24300035],[147552.628,170535.72200035],[147533.30999999,170518.18600033],[147534.65699999,170516.70800034],[147507.05,170491.55000035],[147497.50880044,170482.95457567],[147496.53448801,170484.04498934],[147495.856,170483.39800035],[147494.63569601,170482.34650835],[147493.73019543,170481.33392021],[147493.46168137,170480.88628699],[147495.88366413,170478.47528366],[147501.40999999,170483.42000035],[147506.35,170487.77000035],[147516.69000001,170497.06000034],[147551.251,170528.78400034],[147555.70999999,170532.34000036],[147611.68499999,170583.12700035]]]},"geometry_name":"GEOM","properties":{"INSPIRE_ID":"https://databrussels.be/id/streetsurface/150063","TYPE":"SW","STREET_ID":"https://databrussels.be/id/streetname/3122","STRNAMEFRE":"Rue Odon","STRNAMEDUT":"Odonstraat","MUNNISCODE":"21001","HIERARCHY":"DR","LVL":0,"ADMIN":"MUN_RBC","AREA":445},"bbox":[147493.46168137,170478.47528366,147611.68499999,170586.24760343]},{"type":"Feature","id":"StreetSurfaces.fid--324554a4_1a02c2cbca7_-6248","geometry":{"type":"Polygon","coordinates":[[[147736.31683734,170121.89408351],[147737.95987382,170123.66718832],[147731.19000001,170155.14000036],[147726.45,170178.55000035],[147726.35,170178.95000035],[147726.25,170179.34000036],[147726.12000001,170179.73000034],[147725.90999999,170180.09000036],[147725.42999999,170180.79000035],[147723.58699999,170180.41000034],[147734.30798228,170131.39510091],[147736.31683734,170121.89408351]]]},"geometry_name":"GEOM","properties":{"INSPIRE_ID":"https://databrussels.be/id/streetsurface/150152","TYPE":"SW","STREET_ID":"https://databrussels.be/id/streetname/354","STRNAMEFRE":"Rue Otlet","STRNAMEDUT":"Otletstraat","MUNNISCODE":"21001","HIERARCHY":"DR","LVL":0,"ADMIN":"MUN_RBC","AREA":123},"bbox":[147723.58699999,170121.89408351,147737.95987382,170180.79000035]},{"type":"Feature","id":"StreetSurfaces.fid--324554a4_1a02c2cbca7_-624b","geometry":{"type":"Polygon","coordinates":[[[147749.23299999,170107.78900036],[147749.16958599,170108.20194534],[147749.15162759,170108.70711742],[147749.23900001,170109.20500034],[147749.4587709,170109.78059019],[147749.78699999,170110.30200035],[147750.03,170110.61800035],[147759.60394905,170120.87394577],[147757.08501747,170123.20986716],[147755.201,170123.17100035],[147749.59200001,170117.15900034],[147745.949,170113.23000034],[147745.23699999,170112.13400034],[147744.81400001,170110.89800035],[147744.58900001,170109.61900035],[147744.67,170108.32300035],[147744.96387358,170107.00018412],[147749.23299999,170107.78900036]]]},"geometry_name":"GEOM","properties":{"INSPIRE_ID":"https://databrussels.be/id/streetsurface/150153","TYPE":"SW","STREET_ID":"https://databrussels.be/id/streetname/3933","STRNAMEFRE":"Rue Brogniez","STRNAMEDUT":"Brogniezstraat","MUNNISCODE":"21001","HIERARCHY":"DR","LVL":0,"ADMIN":"MUN_RBC","AREA":91},"bbox":[147744.58900001,170107.00018412,147759.60394905,170123.20986716]},{"type":"Feature","id":"StreetSurfaces.fid--324554a4_1a02c2cbca7_-628a","geometry":{"type":"Polygon","coordinates":[[[147851.68760762,170236.00302771],[147852.17060101,170236.74890734],[147852.55103221,170237.58472153],[147852.78399999,170238.47300035],[147852.84013603,170239.38062078],[147852.76008544,170240.29666432],[147852.54424977,170241.19050928],[147852.202,170242.03300034],[147849.98523972,170246.83660957],[147846.84000001,170243.30000035],[147846.9766089,170243.00452036],[147846.77280445,170241.92976035],[147846.56900001,170240.85500034],[147851.68760762,170236.00302771]]]},"geometry_name":"GEOM","properties":{"INSPIRE_ID":"https://databrussels.be/id/streetsurface/150154","TYPE":"SW","STREET_ID":"https://databrussels.be/id/streetname/3933","STRNAMEFRE":"Rue Brogniez","STRNAMEDUT":"Brogniezstraat","MUNNISCODE":"21001","HIERARCHY":"DR","LVL":0,"ADMIN":"MUN_RBC","AREA":38},"bbox":[147846.56900001,170236.00302771,147852.84013603,170246.83660957]},{"type":"Feature","id":"StreetSurfaces.fid--324554a4_1a02c2cbca7_-6243","geometry":{"type":"Polygon","coordinates":[[[147851.68760762,170236.00302771],[147846.56900001,170240.85500034],[147839.20699999,170232.99600035],[147834.104,170227.38200034],[147829.596,170222.72400035],[147820.13099999,170212.55000035],[147820.21800001,170212.46500036],[147797.30799999,170187.75900034],[147797.15899999,170187.89400035],[147783.428,170172.79900035],[147778.473,170167.37700035],[147778.53599999,170167.30200035],[147774.924,170163.35200035],[147770.149,170158.22700034],[147770.06900001,170158.29100036],[147766.10999999,170153.96700035],[147757.802,170145.12500035],[147750.402,170137.14400035],[147746.571,170132.96000034],[147750.45731306,170129.35604306],[147749.84300001,170132.18200034],[147766.03299999,170149.65200034],[147771.952,170156.03600034],[147786.93900001,170172.21000034],[147792.73900001,170178.53600034],[147800.78900001,170187.19400035],[147813.396,170200.76500036],[147819.20799999,170207.05400034],[147827.74346399,170216.22705234],[147839.05899999,170228.42500035],[147842.075,170225.65000035],[147851.09300001,170235.29100036],[147851.68760762,170236.00302771]]]},"geometry_name":"GEOM","properties":{"INSPIRE_ID":"https://databrussels.be/id/streetsurface/150155","TYPE":"SW","STREET_ID":"https://databrussels.be/id/streetname/3933","STRNAMEFRE":"Rue Brogniez","STRNAMEDUT":"Brogniezstraat","MUNNISCODE":"21001","HIERARCHY":"DR","LVL":0,"ADMIN":"MUN_RBC","AREA":496},"bbox":[147746.571,170129.35604306,147851.68760762,170240.85500034]},{"type":"Feature","id":"StreetSurfaces.fid--324554a4_1a02c2cbca7_-628b","geometry":{"type":"Polygon","coordinates":[[[147852.52825022,170249.78610567],[147855.55434935,170253.40094227],[147843.15,170279.11000034],[147841.84000001,170281.49000036],[147803.1,170363.63000034],[147800.97869456,170362.62579034],[147804.17999999,170355.98100034],[147816.83,170329.18100034],[147831.30999999,170298.92100035],[147845.89000001,170268.02100035],[147851.625,170255.65000035],[147850.104,170254.96200034],[147850.705,170253.70300034],[147852.46199999,170249.91100034],[147852.52825022,170249.78610567]]]},"geometry_name":"GEOM","properties":{"INSPIRE_ID":"https://databrussels.be/id/streetsurface/150156","TYPE":"SW","STREET_ID":"https://databrussels.be/id/streetname/2935","STRNAMEFRE":"Rue Plantin","STRNAMEDUT":"Plantinstraat","MUNNISCODE":"21001","HIERARCHY":"DR","LVL":0,"ADMIN":"MUN_RBC","AREA":285},"bbox":[147800.97869456,170249.78610567,147855.55434935,170363.63000034]},{"type":"Feature","id":"StreetSurfaces.fid--324554a4_1a02c2cbca7_-6322","geometry":{"type":"Polygon","coordinates":[[[147883.26451418,170384.38084418],[147888.6456758,170385.63386346],[147886.69200001,170386.35100034],[147885.81900001,170386.56500036],[147884.76300001,170386.56700035],[147882.83421526,170386.23668584],[147883.26451418,170384.38084418]]]},"geometry_name":"GEOM","properties":{"INSPIRE_ID":"https://databrussels.be/id/streetsurface/150157","TYPE":"SW","STREET_ID":"https://databrussels.be/id/streetname/5966","STRNAMEFRE":"Boulevard Poincaré","STRNAMEDUT":"Poincarélaan","MUNNISCODE":"21004","HIERARCHY":"MAR","LVL":0,"ADMIN":"REGION_RBC","AREA":7},"bbox":[147882.83421526,170384.38084418,147888.6456758,170386.56700035]},{"type":"Feature","id":"StreetSurfaces.fid--324554a4_1a02c2cbca7_-6272","geometry":{"type":"Polygon","coordinates":[[[147526.52000001,170315.41000034],[147524.71638835,170318.20050701],[147523.79537296,170317.89337493],[147522.93930132,170317.52928966],[147522.11337776,170317.10119273],[147521.32460799,170316.61305934],[147519.54124,170315.43397435],[147520.47616,170313.97161435],[147520.21524999,170313.82583136],[147508.12711001,170306.05994436],[147498.53673201,170299.94174033],[147497.59254701,170301.35542835],[147496.03749001,170300.31682435],[147496.909182,170298.88273634],[147486.66647101,170292.34571734],[147473.00528901,170283.62800135],[147472.707618,170283.44309734],[147471.79598701,170284.92834336],[147470.111197,170283.94282836],[147469.22325471,170283.25040454],[147468.81425414,170282.73084389],[147470.88259599,170279.59624835],[147478.20976601,170284.42744335],[147483.42683599,170287.76536535],[147488.58485501,170291.05734736],[147493.79231901,170294.39659835],[147499.965815,170298.27627434],[147506.39323001,170302.46021935],[147513.98030701,170307.31077234],[147520.23127301,170311.33975135],[147526.52000001,170315.41000034]]]},"geometry_name":"GEOM","properties":{"INSPIRE_ID":"https://databrussels.be/id/streetsurface/150170","TYPE":"SW","STREET_ID":"https://databrussels.be/id/streetname/4568","STRNAMEFRE":"Chaussée de Mons","STRNAMEDUT":"Bergense Steenweg","MUNNISCODE":"21001","HIERARCHY":"IDR","LVL":0,"ADMIN":"REGION_RBC","AREA":160},"bbox":[147468.81425414,170279.59624835,147526.52000001,170318.20050701]},{"type":"Feature","id":"StreetSurfaces.fid--324554a4_1a02c2cbca7_-626c","geometry":{"type":"Polygon","coordinates":[[[147536.89009626,170327.02734736],[147536.59012349,170326.68367723],[147536.04758704,170325.90235029],[147535.59494577,170325.06573003],[147535.23965898,170324.1896294],[147534.83248601,170322.38641635],[147534.78588798,170321.77769579],[147534.80779598,170321.16373101],[147534.89844379,170320.55609983],[147535.05548601,170319.96614236],[147535.25982435,170319.40593072],[147535.39073956,170319.10868574],[147538.64138689,170320.89659034],[147538.95923972,170322.29423767],[147539.232688,170323.49663135],[147536.89009626,170327.02734736]]]},"geometry_name":"GEOM","properties":{"INSPIRE_ID":"https://databrussels.be/id/streetsurface/150171","TYPE":"SW","STREET_ID":"https://databrussels.be/id/streetname/4568","STRNAMEFRE":"Chaussée de Mons","STRNAMEDUT":"Bergense Steenweg","MUNNISCODE":"21001","HIERARCHY":"IDR","LVL":0,"ADMIN":"REGION_RBC","AREA":22},"bbox":[147534.78588798,170319.10868574,147539.232688,170327.02734736]},{"type":"Feature","id":"StreetSurfaces.fid--324554a4_1a02c2cbca7_-62b5","geometry":{"type":"Polygon","coordinates":[[[147638.49294863,170268.13890256],[147631.76300001,170276.45500034],[147633.226,170277.61300036],[147632.13499999,170278.93500034],[147630.68599999,170277.80000035],[147622.64200001,170288.34100036],[147624.105,170289.49900035],[147623.01400001,170290.82200035],[147621.56500001,170289.68700033],[147612.93699999,170300.89100035],[147614.4,170302.04900035],[147613.30899999,170303.37200035],[147611.85999999,170302.23700034],[147605.78299999,170309.52200035],[147611.05499999,170313.36500036],[147612.06900001,170312.09800035],[147613.425,170313.05700034],[147612.44500001,170314.38300034],[147614.62075846,170316.13526844],[147612.00999999,170319.44000035],[147600.63,170310.70000035],[147612.72000001,170295.10000035],[147624.53,170280.24000035],[147635.42999999,170265.81000034],[147638.49294863,170268.13890256]]]},"geometry_name":"GEOM","properties":{"INSPIRE_ID":"https://databrussels.be/id/streetsurface/150172","TYPE":"SW","STREET_ID":"https://databrussels.be/id/streetname/5130","STRNAMEFRE":"Rue Docteur De Meersman","STRNAMEDUT":"Dokter De Meersmanstraat","MUNNISCODE":"21001","HIERARCHY":"DR","LVL":0,"ADMIN":"MUN_RBC","AREA":261},"bbox":[147600.63,170265.81000034,147638.49294863,170319.44000035]},{"type":"Feature","id":"StreetSurfaces.fid--324554a4_1a02c2cbca7_-6271","geometry":{"type":"Polygon","coordinates":[[[147546.13375976,170347.56185306],[147547.33569028,170348.14292113],[147548.54744642,170348.70272044],[147549.64343281,170349.15762252],[147550.00982838,170349.30650741],[147562.90460739,170354.64120542],[147576.8675787,170360.51284183],[147577.07534244,170362.9357226],[147572.80176063,170361.16337827],[147568.89951263,170359.52996327],[147562.61465662,170356.90507427],[147561.48048368,170356.42672779],[147558.71999962,170355.26300126],[147554.91835947,170353.69685751],[147552.26766262,170352.60522827],[147545.94829361,170350.02078727],[147531.15999949,170341.10000121],[147522.45299945,170335.47200118],[147516.26137869,170331.41664399],[147460.61804566,170295.40693959],[147458.83793988,170294.25809573],[147449.84999945,170288.4570012],[147449.47605324,170288.21891576],[147439.78999946,170282.04000119],[147441.9234329,170280.54516097],[147445.63807554,170282.9588555],[147458.00626555,170290.97379252],[147469.59565854,170298.49795951],[147479.82587154,170305.11339852],[147490.02637556,170311.7286995],[147491.00191653,170312.3307685],[147501.91181455,170319.49120051],[147513.80458255,170327.23100251],[147524.63563755,170334.31669351],[147536.60379555,170342.1242545],[147538.3600874,170343.2324695],[147540.1392417,170344.30445222],[147541.94013012,170345.33950676],[147543.76159649,170346.33698448],[147544.94221246,170346.95977985],[147546.13375976,170347.56185306]]]},"geometry_name":"GEOM","properties":{"INSPIRE_ID":"https://databrussels.be/id/streetsurface/150182","TYPE":"SW","STREET_ID":"https://databrussels.be/id/streetname/4568","STRNAMEFRE":"Chaussée de Mons","STRNAMEDUT":"Bergense Steenweg","MUNNISCODE":"21001","HIERARCHY":"IDR","LVL":0,"ADMIN":"REGION_RBC","AREA":351},"bbox":[147439.78999946,170280.54516097,147577.07534244,170362.9357226]},{"type":"Feature","id":"StreetSurfaces.fid--324554a4_1a02c2cbca7_-62a8","geometry":{"type":"Polygon","coordinates":[[[147625.49200001,170324.35300034],[147626.97599769,170325.66527399],[147624.62000001,170328.79000035],[147622.90134847,170327.51566318],[147625.49200001,170324.35300034]]]},"geometry_name":"GEOM","properties":{"INSPIRE_ID":"https://databrussels.be/id/streetsurface/150183","TYPE":"SW","STREET_ID":"https://databrussels.be/id/streetname/5130","STRNAMEFRE":"Rue Docteur De Meersman","STRNAMEDUT":"Dokter De Meersmanstraat","MUNNISCODE":"21001","HIERARCHY":"DR","LVL":0,"ADMIN":"MUN_RBC","AREA":8},"bbox":[147622.90134847,170324.35300034,147626.97599769,170328.79000035]},{"type":"Feature","id":"StreetSurfaces.fid--324554a4_1a02c2cbca7_-6309","geometry":{"type":"Polygon","coordinates":[[[147999.68800001,170529.95600034],[147996.47723994,170528.5438296],[147997.66332924,170526.0477723],[147998.29844723,170524.62436696],[147999.93578289,170525.36508521],[148009.23900001,170507.38400034],[148020.85809462,170484.88169018],[148019.42690773,170484.17935363],[148021.12230041,170481.00419708],[148021.38731525,170480.6317804],[148021.51103582,170480.47871734],[148021.71413867,170480.2503363],[148021.9309571,170480.03304487],[148022.07972229,170479.89783765],[148024.83699999,170481.42700034],[147999.68800001,170529.95600034]]]},"geometry_name":"GEOM","properties":{"INSPIRE_ID":"https://databrussels.be/id/streetsurface/150211","TYPE":"SW","STREET_ID":"https://databrussels.be/id/streetname/2767","STRNAMEFRE":"Rue Froebel","STRNAMEDUT":"Froebelstraat","MUNNISCODE":"21004","HIERARCHY":"DR","LVL":0,"ADMIN":"MUN_RBC","AREA":120},"bbox":[147996.47723994,170479.89783765,148024.83699999,170529.95600034]},{"type":"Feature","id":"StreetSurfaces.fid--324554a4_1a02c2cbca7_-62a0","geometry":{"type":"Polygon","coordinates":[[[147647.43800001,170267.27100035],[147648.93715384,170265.3709576],[147649.42999999,170265.59000036],[147650.92,170266.69000036],[147652.8,170267.89000035],[147653.34000001,170268.24000036],[147654.19000001,170268.04000035],[147654.77395659,170268.01823798],[147652.34000001,170271.16000034],[147649.69500001,170268.96700035],[147647.43800001,170267.27100035]]]},"geometry_name":"GEOM","properties":{"INSPIRE_ID":"https://databrussels.be/id/streetsurface/150321","TYPE":"SW","STREET_ID":"https://databrussels.be/id/streetname/5130","STRNAMEFRE":"Rue Docteur De Meersman","STRNAMEDUT":"Dokter De Meersmanstraat","MUNNISCODE":"21001","HIERARCHY":"DR","LVL":0,"ADMIN":"MUN_RBC","AREA":17},"bbox":[147647.43800001,170265.3709576,147654.77395659,170271.16000034]},{"type":"Feature","id":"StreetSurfaces.fid--324554a4_1a02c2cbca7_-62a2","geometry":{"type":"Polygon","coordinates":[[[147647.43800001,170267.27100035],[147643.74300001,170272.13100034],[147642.10349891,170270.88431693],[147644.73,170267.55000035],[147646.3,170265.88000034],[147647.14000001,170265.46000034],[147648.02000001,170265.25000035],[147648.93715384,170265.3709576],[147647.43800001,170267.27100035]]]},"geometry_name":"GEOM","properties":{"INSPIRE_ID":"https://databrussels.be/id/streetsurface/150322","TYPE":"SW","STREET_ID":"https://databrussels.be/id/streetname/1974","STRNAMEFRE":"Rue de la Clinique","STRNAMEDUT":"Kliniekstraat","MUNNISCODE":"21001","HIERARCHY":"DR","LVL":0,"ADMIN":"MUN_RBC","AREA":15},"bbox":[147642.10349891,170265.25000035,147648.93715384,170272.13100034]},{"type":"Feature","id":"StreetSurfaces.fid--324554a4_1a02c2cbca7_-629b","geometry":{"type":"Polygon","coordinates":[[[147661.04000001,170259.93000034],[147663.08264675,170261.51630219],[147661.04300001,170264.01000034],[147660.24300001,170264.69500035],[147659.59500001,170265.03200034],[147658.798,170265.17800034],[147657.96700001,170265.20600034],[147657.06176403,170265.06512562],[147661.04000001,170259.93000034]]]},"geometry_name":"GEOM","properties":{"INSPIRE_ID":"https://databrussels.be/id/streetsurface/150323","TYPE":"SW","STREET_ID":"https://databrussels.be/id/streetname/5130","STRNAMEFRE":"Rue Docteur De Meersman","STRNAMEDUT":"Dokter De Meersmanstraat","MUNNISCODE":"21001","HIERARCHY":"DR","LVL":0,"ADMIN":"MUN_RBC","AREA":14},"bbox":[147657.06176403,170259.93000034,147663.08264675,170265.20600034]},{"type":"Feature","id":"StreetSurfaces.fid--324554a4_1a02c2cbca7_-6292","geometry":{"type":"Polygon","coordinates":[[[147713.18422394,170209.44873453],[147713.45,170209.11000034],[147714.09000001,170208.63000034],[147714.77000001,170208.46000034],[147715.65999999,170208.47000035],[147716.8,170208.60000035],[147718.14000001,170209.01000034],[147718.99000001,170209.54000036],[147719.25999999,170210.00000035],[147719.37000001,170210.51000034],[147719.37000001,170211.06000034],[147719.30498946,170211.43922855],[147717.29000001,170211.00800034],[147715.88900001,170210.74100035],[147714.48800001,170210.47400035],[147713.18422394,170209.44873453]]]},"geometry_name":"GEOM","properties":{"INSPIRE_ID":"https://databrussels.be/id/streetsurface/150324","TYPE":"SW","STREET_ID":"https://databrussels.be/id/streetname/354","STRNAMEFRE":"Rue Otlet","STRNAMEDUT":"Otletstraat","MUNNISCODE":"21001","HIERARCHY":"DR","LVL":0,"ADMIN":"MUN_RBC","AREA":12},"bbox":[147713.18422394,170208.46000034,147719.37000001,170211.43922855]},{"type":"Feature","id":"StreetSurfaces.fid--324554a4_1a02c2cbca7_-6297","geometry":{"type":"Polygon","coordinates":[[[147669.19167187,170266.26051842],[147669.8,170265.30000035],[147682.79000001,170248.31000034],[147697.13,170229.91000034],[147713.18422394,170209.44873453],[147714.48800001,170210.47400035],[147678.01500001,170257.90400034],[147670.78,170267.49400035],[147669.19167187,170266.26051842]]]},"geometry_name":"GEOM","properties":{"INSPIRE_ID":"https://databrussels.be/id/streetsurface/150325","TYPE":"SW","STREET_ID":"https://databrussels.be/id/streetname/5130","STRNAMEFRE":"Rue Docteur De Meersman","STRNAMEDUT":"Dokter De Meersmanstraat","MUNNISCODE":"21001","HIERARCHY":"DR","LVL":0,"ADMIN":"MUN_RBC","AREA":139},"bbox":[147669.19167187,170209.44873453,147714.48800001,170267.49400035]},{"type":"Feature","id":"StreetSurfaces.fid--324554a4_1a02c2cbca7_-6294","geometry":{"type":"Polygon","coordinates":[[[147688.2157871,170386.41486801],[147691.3,170371.93000034],[147694,170359.05000035],[147699.44000001,170333.87000035],[147706.40999999,170301.12000035],[147720.47000001,170235.16000034],[147725.18000274,170212.695939],[147727.14000001,170213.11500036],[147695.75999999,170359.84000036],[147689.95959387,170387.06518413],[147688.2157871,170386.41486801]]]},"geometry_name":"GEOM","properties":{"INSPIRE_ID":"https://databrussels.be/id/streetsurface/150326","TYPE":"SW","STREET_ID":"https://databrussels.be/id/streetname/354","STRNAMEFRE":"Rue Otlet","STRNAMEDUT":"Otletstraat","MUNNISCODE":"21001","HIERARCHY":"DR","LVL":0,"ADMIN":"MUN_RBC","AREA":334},"bbox":[147688.2157871,170212.695939,147727.14000001,170387.06518413]},{"type":"Feature","id":"StreetSurfaces.fid--324554a4_1a02c2cbca7_-62f0","geometry":{"type":"Polygon","coordinates":[[[147767.24140463,170421.58835767],[147763.26938715,170419.78463868],[147767.852,170410.09100035],[147773.00999999,170399.18000034],[147775.68499999,170393.52100035],[147778.9,170386.72000035],[147781.92,170380.33000034],[147786.51199999,170370.68000034],[147788.62523243,170371.68017667],[147786.25999999,170376.61000034],[147776.6,170397.23000034],[147767.8311532,170415.81330167],[147769.711396,170416.75459036],[147767.24140463,170421.58835767]]]},"geometry_name":"GEOM","properties":{"INSPIRE_ID":"https://databrussels.be/id/streetsurface/150327","TYPE":"SW","STREET_ID":"https://databrussels.be/id/streetname/2935","STRNAMEFRE":"Rue Plantin","STRNAMEDUT":"Plantinstraat","MUNNISCODE":"21001","HIERARCHY":"DR","LVL":0,"ADMIN":"MUN_RBC","AREA":141},"bbox":[147763.26938715,170370.68000034,147788.62523243,170421.58835767]},{"type":"Feature","id":"StreetSurfaces.fid--324554a4_1a02c2cbca7_-62ee","geometry":{"type":"Polygon","coordinates":[[[147797.52000001,170375.89000036],[147795.19864931,170374.79132329],[147795.63,170373.89100035],[147795.88,170373.62100035],[147796.13,170373.34100035],[147796.4,170373.08100034],[147796.54000001,170372.98100034],[147796.67,170372.88100034],[147796.82000001,170372.80100035],[147797.02000001,170372.73100034],[147797.24000001,170372.69100035],[147797.45,170372.66100033],[147797.7,170372.66100034],[147797.95,170372.67100035],[147798.2,170372.69100035],[147800.20750351,170373.14371754],[147799.3,170374.86000034],[147798.40999999,170375.37500035],[147797.52000001,170375.89000036]]]},"geometry_name":"GEOM","properties":{"INSPIRE_ID":"https://databrussels.be/id/streetsurface/150328","TYPE":"SW","STREET_ID":"https://databrussels.be/id/streetname/2935","STRNAMEFRE":"Rue Plantin","STRNAMEDUT":"Plantinstraat","MUNNISCODE":"21001","HIERARCHY":"DR","LVL":0,"ADMIN":"MUN_RBC","AREA":10},"bbox":[147795.19864931,170372.66100033,147800.20750351,170375.89000036]},{"type":"Feature","id":"StreetSurfaces.fid--324554a4_1a02c2cbca7_-631f","geometry":{"type":"Polygon","coordinates":[[[147881.03957031,170393.97683276],[147888.08648024,170395.61773695],[147888.099,170395.72700034],[147888.10799999,170396.11700035],[147887.11199999,170400.61600035],[147877.79100001,170440.16500036],[147876.723,170444.73200034],[147874.098,170456.06600036],[147872.225,170464.23500034],[147871.34400001,170468.13700033],[147870.921,170469.92600035],[147870.829,170470.19600035],[147870.71800001,170470.45900034],[147870.59000001,170470.71400035],[147870.45335245,170470.92060622],[147863.6880656,170468.14371999],[147881.03957031,170393.97683276]]]},"geometry_name":"GEOM","properties":{"INSPIRE_ID":"https://databrussels.be/id/streetsurface/150329","TYPE":"SW","STREET_ID":"https://databrussels.be/id/streetname/5966","STRNAMEFRE":"Boulevard Poincaré","STRNAMEDUT":"Poincarélaan","MUNNISCODE":"21004","HIERARCHY":"MAR","LVL":0,"ADMIN":"REGION_RBC","AREA":567},"bbox":[147863.6880656,170393.97683276,147888.10799999,170470.92060622]},{"type":"Feature","id":"StreetSurfaces.fid--324554a4_1a02c2cbca7_-6227","geometry":{"type":"Polygon","coordinates":[[[147993.35595015,170208.50556876],[147990.48586585,170207.43082008],[147989.15953973,170206.76865374],[147988.24857408,170206.16166793],[147987.32081081,170205.41163106],[147986.35293771,170204.26345775],[147985.70269035,170202.84295329],[147985.51699859,170202.32231043],[147994.295,170204.33700034],[147993.35595015,170208.50556876]]]},"geometry_name":"GEOM","properties":{"INSPIRE_ID":"https://databrussels.be/id/streetsurface/150330","TYPE":"SW","STREET_ID":"https://databrussels.be/id/streetname/1283","STRNAMEFRE":"Boulevard du Midi","STRNAMEDUT":"Zuidlaan","MUNNISCODE":"21004","HIERARCHY":"MAR","LVL":0,"ADMIN":"REGION_RBC","AREA":28},"bbox":[147985.51699859,170202.32231043,147994.295,170208.50556876]},{"type":"Feature","id":"StreetSurfaces.fid--324554a4_1a02c2cbca7_-62b1","geometry":{"type":"Polygon","coordinates":[[[147606.40778229,170352.37003549],[147602.33369014,170350.82561864],[147602.45431399,170350.65636834],[147602.77401199,170350.24235734],[147604.21504169,170351.39071623],[147621.628,170329.13500034],[147620.08299999,170327.99500035],[147621.23699999,170326.57100035],[147622.76099999,170327.68700034],[147622.90134847,170327.51566318],[147624.62000001,170328.79000035],[147606.40778229,170352.37003549]]]},"geometry_name":"GEOM","properties":{"INSPIRE_ID":"https://databrussels.be/id/streetsurface/150333","TYPE":"SW","STREET_ID":"https://databrussels.be/id/streetname/5130","STRNAMEFRE":"Rue Docteur De Meersman","STRNAMEDUT":"Dokter De Meersmanstraat","MUNNISCODE":"21001","HIERARCHY":"DR","LVL":0,"ADMIN":"MUN_RBC","AREA":72},"bbox":[147602.33369014,170326.57100035,147624.62000001,170352.37003549]},{"type":"Feature","id":"StreetSurfaces.fid--324554a4_1a02c2cbca7_-62d8","geometry":{"type":"Polygon","coordinates":[[[147678.86659713,170386.55809251],[147677.84436801,170386.13828136],[147662.66275799,170379.95320634],[147643.134202,170371.96718034],[147627.26819,170365.45282534],[147607.57692299,170357.36985735],[147605.45999703,170356.47708937],[147607.19855001,170354.85628134],[147614.242658,170357.76562134],[147620.43048999,170360.34208234],[147626.24232199,170362.72260136],[147632.198175,170365.17018133],[147638.083797,170367.60015134],[147644.132564,170370.10765535],[147651.65880699,170373.19461836],[147663.14182,170377.88954135],[147669.31663301,170380.47400335],[147674.13499999,170382.49100035],[147679.10381301,170384.53145734],[147678.86659713,170386.55809251]]]},"geometry_name":"GEOM","properties":{"INSPIRE_ID":"https://databrussels.be/id/streetsurface/150334","TYPE":"SW","STREET_ID":"https://databrussels.be/id/streetname/4568","STRNAMEFRE":"Chaussée de Mons","STRNAMEDUT":"Bergense Steenweg","MUNNISCODE":"21001","HIERARCHY":"IDR","LVL":0,"ADMIN":"REGION_RBC","AREA":165},"bbox":[147605.45999703,170354.85628134,147679.10381301,170386.55809251]},{"type":"Feature","id":"StreetSurfaces.fid--324554a4_1a02c2cbca7_-62e0","geometry":{"type":"Polygon","coordinates":[[[147773.65189385,170430.94838611],[147775.243664,170427.63265635],[147777.06732049,170428.5217301],[147777.86784999,170428.91200634],[147778.82420919,170429.37673429],[147783.625492,170431.70984334],[147786.60734527,170433.20616163],[147790.5,170435.15900034],[147794.61265895,170437.15840851],[147795.955,170437.81100034],[147802.348,170440.84800035],[147808.09362881,170443.66798557],[147808.65599999,170443.94400035],[147812.10531454,170445.60460845],[147813.826,170446.43300034],[147821.36099999,170450.02400035],[147826.702,170452.70700034],[147833.904,170456.30800034],[147839.14134817,170458.83854207],[147840.322,170459.40900034],[147846.63599999,170462.53700033],[147851.91500001,170465.22900034],[147860.85599999,170469.57900034],[147862.29484177,170468.84992622],[147863.6880656,170468.14371999],[147863.00670753,170470.6262688],[147862.06465626,170474.06064941],[147861.81300001,170474.03800036],[147861.41500001,170473.98200034],[147861.15699999,170473.92400035],[147860.901,170473.85400034],[147860.648,170473.77300035],[147860.399,170473.68100034],[147858.428,170472.72500035],[147859.199,170471.19800035],[147848.474,170465.91300036],[147842.527,170462.98300034],[147842.14300001,170462.80500034],[147841.379,170464.31500035],[147839.68399999,170463.48900036],[147840.43099999,170461.96300036],[147826.74000001,170455.20600034],[147811.3,170447.59800035],[147810.96500001,170447.42700035],[147810.19300001,170448.94200035],[147808.527,170448.09300035],[147809.299,170446.57800034],[147803.54100001,170443.75100035],[147792.59000001,170438.37500035],[147778.93499999,170431.63600034],[147778.58699999,170431.46700035],[147777.80799999,170433.02100035],[147773.65189385,170430.94838611]]]},"geometry_name":"GEOM","properties":{"INSPIRE_ID":"https://databrussels.be/id/streetsurface/150335","TYPE":"SW","STREET_ID":"https://databrussels.be/id/streetname/4568","STRNAMEFRE":"Chaussée de Mons","STRNAMEDUT":"Bergense Steenweg","MUNNISCODE":"21001","HIERARCHY":"IDR","LVL":0,"ADMIN":"REGION_RBC","AREA":232},"bbox":[147773.65189385,170427.63265635,147863.6880656,170474.06064941]},{"type":"Feature","id":"StreetSurfaces.fid--324554a4_1a02c2cbca7_-6239","geometry":{"type":"Polygon","coordinates":[[[147945.44500001,170416.73700033],[147935.68186437,170414.36029252],[147935.76715581,170413.65865879],[147939.28995604,170397.42900828],[147941.79639826,170398.18459255],[147957.92616604,170327.91956455],[147955.99239933,170327.44585628],[147957.91287645,170319.13358062],[147967.6292901,170321.33610653],[147961.58599999,170347.99600035],[147953.56800001,170381.30000035],[147949.38699999,170399.53800036],[147945.44500001,170416.73700033]]]},"geometry_name":"GEOM","properties":{"INSPIRE_ID":"https://databrussels.be/id/streetsurface/150336","TYPE":"SW","STREET_ID":"https://databrussels.be/id/streetname/1283","STRNAMEFRE":"Boulevard du Midi","STRNAMEDUT":"Zuidlaan","MUNNISCODE":"21004","HIERARCHY":"MAR","LVL":0,"ADMIN":"REGION_RBC","AREA":829},"bbox":[147935.68186437,170319.13358062,147967.6292901,170416.73700033]},{"type":"Feature","id":"StreetSurfaces.fid--324554a4_1a02c2cbca7_-622e","geometry":{"type":"Polygon","coordinates":[[[147975.177,170288.03500034],[147965.84968039,170285.7640916],[147966.14285783,170285.3141367],[147966.80621613,170284.66001797],[147967.40910048,170284.13990427],[147968.05836007,170283.76769576],[147968.91028693,170283.37220145],[147971.95590077,170282.76673994],[147973.42643476,170282.97561116],[147975.60379284,170283.55886791],[147976.14868015,170283.74901669],[147975.177,170288.03500034]]]},"geometry_name":"GEOM","properties":{"INSPIRE_ID":"https://databrussels.be/id/streetsurface/150337","TYPE":"SW","STREET_ID":"https://databrussels.be/id/streetname/1283","STRNAMEFRE":"Boulevard du Midi","STRNAMEDUT":"Zuidlaan","MUNNISCODE":"21004","HIERARCHY":"MAR","LVL":0,"ADMIN":"REGION_RBC","AREA":34},"bbox":[147965.84968039,170282.76673994,147976.14868015,170288.03500034]},{"type":"Feature","id":"StreetSurfaces.fid--324554a4_1a02c2cbca7_-62b9","geometry":{"type":"Polygon","coordinates":[[[148059.876,170318.81400036],[148057.66695767,170320.14864839],[147999.99999993,170291.36754612],[147999.83517225,170291.60144733],[147979.98835445,170281.6135595],[147978.09207157,170280.62802552],[147976.96249834,170280.15880183],[147977.48900001,170277.83600034],[147990.51400001,170284.21800035],[148032.675,170305.42100035],[148044.96900001,170311.37600034],[148059.876,170318.81400036]]]},"geometry_name":"GEOM","properties":{"INSPIRE_ID":"https://databrussels.be/id/streetsurface/150338","TYPE":"SW","STREET_ID":"https://databrussels.be/id/streetname/236","STRNAMEFRE":"Rue Bodeghem","STRNAMEDUT":"Bodegemstraat","MUNNISCODE":"21004","HIERARCHY":"DR","LVL":0,"ADMIN":"MUN_RBC","AREA":198},"bbox":[147976.96249834,170277.83600034,148059.876,170320.14864839]},{"type":"Feature","id":"StreetSurfaces.fid--324554a4_1a02c2cbca7_-62be","geometry":{"type":"Polygon","coordinates":[[[147523.29464262,170430.59232527],[147518.48399973,170435.89387401],[147513.15316312,170441.78955158],[147510.25411391,170439.15697375],[147520.40067508,170427.96435727],[147523.29464262,170430.59232527]]]},"geometry_name":"GEOM","properties":{"INSPIRE_ID":"https://databrussels.be/id/streetsurface/150356","TYPE":"SW","STREET_ID":"https://databrussels.be/id/streetname/3948","STRNAMEFRE":"Rue de Liverpool","STRNAMEDUT":"Liverpoolstraat","MUNNISCODE":"21001","HIERARCHY":"DR","LVL":0,"ADMIN":"MUN_RBC","AREA":59},"bbox":[147510.25411391,170427.96435727,147523.29464262,170441.78955158]},{"type":"Feature","id":"StreetSurfaces.fid--324554a4_1a02c2cbca7_-62c2","geometry":{"type":"Polygon","coordinates":[[[147552.24764197,170407.98930312],[147552.78231714,170407.76178628],[147553.43375683,170407.59792381],[147554.10279558,170407.53782619],[147554.76492479,170407.58179046],[147555.98101399,170407.94790434],[147558.04189663,170408.79271945],[147556.73045583,170410.00216028],[147555.98885965,170410.14764262],[147554.95069399,170410.35130435],[147552.24764197,170407.98930312]]]},"geometry_name":"GEOM","properties":{"INSPIRE_ID":"https://databrussels.be/id/streetsurface/150357","TYPE":"SW","STREET_ID":"https://databrussels.be/id/streetname/3948","STRNAMEFRE":"Rue de Liverpool","STRNAMEDUT":"Liverpoolstraat","MUNNISCODE":"21001","HIERARCHY":"DR","LVL":0,"ADMIN":"MUN_RBC","AREA":9},"bbox":[147552.24764197,170407.53782619,147558.04189663,170410.35130435]},{"type":"Feature","id":"StreetSurfaces.fid--324554a4_1a02c2cbca7_-62c1","geometry":{"type":"Polygon","coordinates":[[[147527.83819563,170434.69948891],[147528.00615389,170434.36797532],[147528.36624618,170433.81331254],[147528.78092799,170433.30301036],[147533.208002,170428.46373535],[147534.46169801,170429.55320934],[147542.704177,170420.54442435],[147549.615729,170412.96079835],[147548.35185399,170411.80701834],[147551.144348,170408.76822835],[147552.24764197,170407.98930312],[147554.95069399,170410.35130435],[147548.46627901,170417.51497034],[147544.52584064,170421.82945939],[147539.760007,170427.04769534],[147534.846117,170432.43410236],[147530.56759901,170437.15631334],[147527.83819563,170434.69948891]]]},"geometry_name":"GEOM","properties":{"INSPIRE_ID":"https://databrussels.be/id/streetsurface/150358","TYPE":"SW","STREET_ID":"https://databrussels.be/id/streetname/3948","STRNAMEFRE":"Rue de Liverpool","STRNAMEDUT":"Liverpoolstraat","MUNNISCODE":"21001","HIERARCHY":"DR","LVL":0,"ADMIN":"MUN_RBC","AREA":103},"bbox":[147527.83819563,170407.98930312,147554.95069399,170437.15631334]},{"type":"Feature","id":"StreetSurfaces.fid--324554a4_1a02c2cbca7_-62c7","geometry":{"type":"Polygon","coordinates":[[[147560.69449005,170406.31024784],[147563.32798665,170403.72017926],[147574.69500001,170408.40400034],[147667.65799999,170446.70700034],[147667.35639844,170447.96201044],[147666.45999999,170448.05000034],[147664.12000001,170447.13000034],[147638.09000001,170436.54000035],[147600.65999999,170420.84000036],[147584.353,170413.81400036],[147574.16900001,170409.71000034],[147564.67732515,170405.87925962],[147563.94489601,170407.68440534],[147561.14282899,170406.52956635],[147560.69449005,170406.31024784]]]},"geometry_name":"GEOM","properties":{"INSPIRE_ID":"https://databrussels.be/id/streetsurface/150359","TYPE":"SW","STREET_ID":"https://databrussels.be/id/streetname/1297","STRNAMEFRE":"Rue Broyère","STRNAMEDUT":"Broyèrestraat","MUNNISCODE":"21001","HIERARCHY":"DR","LVL":0,"ADMIN":"MUN_RBC","AREA":192},"bbox":[147560.69449005,170403.72017926,147667.65799999,170448.05000034]},{"type":"Feature","id":"StreetSurfaces.fid--324554a4_1a02c2cbca7_-62ba","geometry":{"type":"Polygon","coordinates":[[[147667.65799999,170446.70700034],[147669.20999999,170447.02000035],[147668.94000001,170447.35000035],[147668.58,170447.59000036],[147668.15999999,170447.76000034],[147667.73,170447.88000034],[147667.35639844,170447.96201044],[147667.65799999,170446.70700034]]]},"geometry_name":"GEOM","properties":{"INSPIRE_ID":"https://databrussels.be/id/streetsurface/150360","TYPE":"SW","STREET_ID":"https://databrussels.be/id/streetname/3527","STRNAMEFRE":"Rue Haberman","STRNAMEDUT":"Habermanstraat","MUNNISCODE":"21001","HIERARCHY":"DR","LVL":0,"ADMIN":"MUN_RBC","AREA":1},"bbox":[147667.35639844,170446.70700034,147669.20999999,170447.96201044]},{"type":"Feature","id":"StreetSurfaces.fid--324554a4_1a02c2cbca7_-62ff","geometry":{"type":"Polygon","coordinates":[[[147654.04041894,170544.03532819],[147660.66900001,170512.49600035],[147664.624,170493.68100034],[147670.10899999,170467.58200034],[147672.55996404,170455.92022899],[147675.498,170456.53300034],[147657.102,170544.67400035],[147654.04041894,170544.03532819]]]},"geometry_name":"GEOM","properties":{"INSPIRE_ID":"https://databrussels.be/id/streetsurface/150361","TYPE":"SW","STREET_ID":"https://databrussels.be/id/streetname/3527","STRNAMEFRE":"Rue Haberman","STRNAMEDUT":"Habermanstraat","MUNNISCODE":"21001","HIERARCHY":"DR","LVL":0,"ADMIN":"MUN_RBC","AREA":276},"bbox":[147654.04041894,170455.92022899,147675.498,170544.67400035]},{"type":"Feature","id":"StreetSurfaces.fid--324554a4_1a02c2cbca7_-630c","geometry":{"type":"Polygon","coordinates":[[[147991.03,170526.14900035],[148007.00799999,170495.37800034],[148016.53900001,170476.82400034],[148018.15927138,170477.72297953],[148017.82000001,170478.58900035],[148017.08399999,170480.01900035],[148008.503,170496.53400034],[148000,170512.95900034],[147996.18499999,170520.32800034],[147993.06496835,170527.04355909],[147991.03,170526.14900035]]]},"geometry_name":"GEOM","properties":{"INSPIRE_ID":"https://databrussels.be/id/streetsurface/150510","TYPE":"SW","STREET_ID":"https://databrussels.be/id/streetname/2767","STRNAMEFRE":"Rue Froebel","STRNAMEDUT":"Froebelstraat","MUNNISCODE":"21004","HIERARCHY":"DR","LVL":0,"ADMIN":"MUN_RBC","AREA":106},"bbox":[147991.03,170476.82400034,148018.15927138,170527.04355909]},{"type":"Feature","id":"StreetSurfaces.fid--324554a4_1a02c2cbca7_-6317","geometry":{"type":"Polygon","coordinates":[[[148020.13062632,170470.40482012],[148000,170459.18692278],[147976.96199999,170445.61400036],[147971.572,170442.54600035],[147959.68800001,170435.71000034],[147957.748,170434.82000035],[147957.36700001,170434.62800034],[147953.974,170432.71800035],[147953.33417311,170432.06938587],[147955.12000001,170431.08000034],[148021.38699999,170468.15900034],[148020.13062632,170470.40482012]]]},"geometry_name":"GEOM","properties":{"INSPIRE_ID":"https://databrussels.be/id/streetsurface/150511","TYPE":"SW","STREET_ID":"https://databrussels.be/id/streetname/5657","STRNAMEFRE":"Rue de Cureghem","STRNAMEDUT":"Kuregemsestraat","MUNNISCODE":"21004","HIERARCHY":"DR","LVL":0,"ADMIN":"MUN_RBC","AREA":173},"bbox":[147953.33417311,170431.08000034,148021.38699999,170470.40482012]},{"type":"Feature","id":"StreetSurfaces.fid--324554a4_1a02c2cbca7_-62ce","geometry":{"type":"Polygon","coordinates":[[[147546.96635275,170402.12529601],[147548.19387369,170403.27395662],[147547.64328308,170403.87673277],[147544.72795413,170401.20805057],[147547.55970125,170398.10603968],[147552.697633,170392.45540251],[147554.36821425,170393.98447317],[147552.21856275,170396.34937502],[147553.44957669,170397.48456761],[147552.01963275,170399.04226001],[147550.78566332,170397.91353408],[147546.96635275,170402.12529601]]]},"geometry_name":"GEOM","properties":{"INSPIRE_ID":"https://databrussels.be/id/streetsurface/150663","TYPE":"SW","STREET_ID":"https://databrussels.be/id/streetname/3948","STRNAMEFRE":"Rue de Liverpool","STRNAMEDUT":"Liverpoolstraat","MUNNISCODE":"21001","HIERARCHY":"DR","LVL":0,"ADMIN":"MUN_RBC","AREA":32},"bbox":[147544.72795413,170392.45540251,147554.36821425,170403.87673277]},{"type":"Feature","id":"StreetSurfaces.fid--324554a4_1a02c2cbca7_-6261","geometry":{"type":"Polygon","coordinates":[[[147587.62102468,170368.82293998],[147588.31189101,170368.07148834],[147588.59867971,170367.77135805],[147588.91434577,170367.49882141],[147589.25471587,170367.25784537],[147589.614937,170367.05152835],[147590.58284361,170366.6644066],[147591.59129505,170366.37865759],[147592.62407646,170366.19980182],[147593.66418099,170366.12988034],[147594.27818341,170366.14094948],[147594.89105542,170366.21472298],[147595.49322536,170366.35053896],[147596.075453,170366.54581433],[147596.44018009,170366.69178253],[147593.96347001,170369.71187934],[147592.67044456,170370.01157533],[147591.51872599,170370.27851936],[147587.62102468,170368.82293998]]]},"geometry_name":"GEOM","properties":{"INSPIRE_ID":"https://databrussels.be/id/streetsurface/150807","TYPE":"SW","STREET_ID":"https://databrussels.be/id/streetname/4568","STRNAMEFRE":"Chaussée de Mons","STRNAMEDUT":"Bergense Steenweg","MUNNISCODE":"21001","HIERARCHY":"IDR","LVL":0,"ADMIN":"REGION_RBC","AREA":23},"bbox":[147587.62102468,170366.12988034,147596.44018009,170370.27851936]},{"type":"Feature","id":"StreetSurfaces.fid--324554a4_1a02c2cbca7_-62d2","geometry":{"type":"Polygon","coordinates":[[[147559.94470816,170399.08845381],[147561.41991999,170397.46922535],[147563.091133,170395.65947334],[147564.32846601,170396.77798434],[147573.59574399,170386.65047335],[147572.381213,170385.48028034],[147573.810214,170383.93185536],[147575.04372699,170385.05390235],[147583.14809401,170376.21856733],[147581.91362901,170375.05005235],[147583.165218,170373.66949733],[147587.62102468,170368.82293998],[147591.51872599,170370.27851936],[147584.71758518,170377.77971405],[147562.82000001,170401.72000035],[147559.94470816,170399.08845381]]]},"geometry_name":"GEOM","properties":{"INSPIRE_ID":"https://databrussels.be/id/streetsurface/150808","TYPE":"SW","STREET_ID":"https://databrussels.be/id/streetname/3948","STRNAMEFRE":"Rue de Liverpool","STRNAMEDUT":"Liverpoolstraat","MUNNISCODE":"21001","HIERARCHY":"DR","LVL":0,"ADMIN":"MUN_RBC","AREA":120},"bbox":[147559.94470816,170368.82293998,147591.51872599,170401.72000035]},{"type":"Feature","id":"StreetSurfaces.fid--324554a4_1a02c2cbca7_-62cb","geometry":{"type":"Polygon","coordinates":[[[147676.66099999,170403.47700035],[147677.17335253,170399.65152544],[147677.88450923,170400.08361751],[147678.66183059,170400.75937244],[147679.305632,170401.54459936],[147679.79024639,170402.74372019],[147680.0488049,170404.03419956],[147680.06167328,170405.35026335],[147680.0160043,170405.60623931],[147676.66099999,170403.47700035]]]},"geometry_name":"GEOM","properties":{"INSPIRE_ID":"https://databrussels.be/id/streetsurface/150809","TYPE":"SW","STREET_ID":"https://databrussels.be/id/streetname/4568","STRNAMEFRE":"Chaussée de Mons","STRNAMEDUT":"Bergense Steenweg","MUNNISCODE":"21001","HIERARCHY":"IDR","LVL":0,"ADMIN":"REGION_RBC","AREA":12},"bbox":[147676.66099999,170399.65152544,147680.06167328,170405.60623931]},{"type":"Feature","id":"StreetSurfaces.fid--324554a4_1a02c2cbca7_-62d3","geometry":{"type":"Polygon","coordinates":[[[147593.96347001,170369.71187934],[147596.44018009,170366.69178253],[147610.616625,170372.36536735],[147609.96795499,170373.96636235],[147610.278567,170374.10499634],[147626.277106,170380.65941034],[147626.92049799,170379.08859135],[147628.672841,170379.79923536],[147628.05677199,170381.37025136],[147637.476458,170385.27095236],[147646.21795399,170388.85738434],[147646.88492701,170387.26112634],[147648.65023999,170387.97216336],[147648.01584599,170389.57062935],[147648.296243,170389.70628534],[147656.758463,170393.20337435],[147667.056637,170397.43810536],[147667.45117099,170397.59135135],[147668.100036,170395.98994335],[147676.06036799,170399.17446035],[147677.00426402,170399.54878889],[147677.17335253,170399.65152544],[147676.66099999,170403.47700035],[147668.45518701,170400.07680935],[147660.343946,170396.81373235],[147655.04386401,170394.66696235],[147645.14302399,170390.64056236],[147638.65042601,170387.88829335],[147624.17213299,170381.83715235],[147608.86631801,170375.66697935],[147601.24208,170372.62940134],[147593.96347001,170369.71187934]]]},"geometry_name":"GEOM","properties":{"INSPIRE_ID":"https://databrussels.be/id/streetsurface/150810","TYPE":"SW","STREET_ID":"https://databrussels.be/id/streetname/4568","STRNAMEFRE":"Chaussée de Mons","STRNAMEDUT":"Bergense Steenweg","MUNNISCODE":"21001","HIERARCHY":"IDR","LVL":0,"ADMIN":"REGION_RBC","AREA":226},"bbox":[147593.96347001,170366.69178253,147677.17335253,170403.47700035]},{"type":"Feature","id":"StreetSurfaces.fid--324554a4_1a02c2cbca7_-62c3","geometry":{"type":"Polygon","coordinates":[[[147682.93749924,170407.44509875],[147685.55749364,170409.08604478],[147682.67,170422.17000035],[147677.13599999,170448.68500033],[147674.20898097,170448.07414957],[147674.403,170447.15100034],[147682.03199999,170410.85500034],[147682.30899999,170409.45800034],[147682.93749924,170407.44509875]]]},"geometry_name":"GEOM","properties":{"INSPIRE_ID":"https://databrussels.be/id/streetsurface/150811","TYPE":"SW","STREET_ID":"https://databrussels.be/id/streetname/3527","STRNAMEFRE":"Rue Haberman","STRNAMEDUT":"Habermanstraat","MUNNISCODE":"21001","HIERARCHY":"DR","LVL":0,"ADMIN":"MUN_RBC","AREA":123},"bbox":[147674.20898097,170407.44509875,147685.55749364,170448.68500033]},{"type":"Feature","id":"StreetSurfaces.fid--324554a4_1a02c2cbca7_-6302","geometry":{"type":"Polygon","coordinates":[[[147960.73899145,170516.3360191],[147960.46500001,170516.20700034],[147959.422,170516.12400035],[147936.71900001,170505.33900036],[147933.004,170503.61400036],[147932.26300001,170505.23600033],[147930.423,170504.39600035],[147927.11410055,170502.84558111],[147928.13385184,170498.1616809],[147961.821,170514.04000035],[147960.73899145,170516.3360191]]]},"geometry_name":"GEOM","properties":{"INSPIRE_ID":"https://databrussels.be/id/streetsurface/150813","TYPE":"SW","STREET_ID":"https://databrussels.be/id/streetname/1085","STRNAMEFRE":"Rue d'Anderlecht","STRNAMEDUT":"Anderlechtsesteenweg","MUNNISCODE":"21004","HIERARCHY":"DC","LVL":0,"ADMIN":"MUN_RBC","AREA":116},"bbox":[147927.11410055,170498.1616809,147961.821,170516.3360191]},{"type":"Feature","id":"StreetSurfaces.fid--324554a4_1a02c2cbca7_-6315","geometry":{"type":"Polygon","coordinates":[[[147939.623,170441.46600035],[147941.03499999,170435.15900034],[147941.95999999,170435.01500035],[147942.96300001,170434.96900035],[147944.426,170435.01800035],[147945.26199999,170435.11100033],[147946.66600001,170435.59600035],[147946.82717838,170435.67439734],[147944.91099999,170436.73600033],[147939.623,170441.46600035]]]},"geometry_name":"GEOM","properties":{"INSPIRE_ID":"https://databrussels.be/id/streetsurface/150814","TYPE":"SW","STREET_ID":"https://databrussels.be/id/streetname/762","STRNAMEFRE":"Rue des Foulons","STRNAMEDUT":"Voldersstraat","MUNNISCODE":"21004","HIERARCHY":"DR","LVL":0,"ADMIN":"MUN_RBC","AREA":19},"bbox":[147939.623,170434.96900035,147946.82717838,170441.46600035]},{"type":"Feature","id":"StreetSurfaces.fid--324554a4_1a02c2cbca7_-6325","geometry":{"type":"Polygon","coordinates":[[[148006.37855797,170371.58403653],[148005.1853601,170372.64359456],[148003.78399999,170373.88800036],[148002.52007089,170372.54119064],[148000,170375.07200035],[147988.60899999,170385.16100034],[147971.955,170400.00000035],[147958.73800001,170411.77600035],[147954.20599999,170415.80300034],[147951.06771195,170418.50105158],[147951.95670283,170419.5551206],[147950.7983516,170420.53206199],[147950.51791041,170420.80653206],[147948.648,170417.45800034],[147991.40999999,170379.49000036],[148003.723,170368.58500034],[148006.37855797,170371.58403653]]]},"geometry_name":"GEOM","properties":{"INSPIRE_ID":"https://databrussels.be/id/streetsurface/150815","TYPE":"SW","STREET_ID":"https://databrussels.be/id/streetname/762","STRNAMEFRE":"Rue des Foulons","STRNAMEDUT":"Voldersstraat","MUNNISCODE":"21004","HIERARCHY":"DR","LVL":0,"ADMIN":"MUN_RBC","AREA":186},"bbox":[147948.648,170368.58500034,148006.37855797,170420.80653206]},{"type":"Feature","id":"StreetSurfaces.fid--324554a4_1a02c2cbca7_-626a","geometry":{"type":"Polygon","coordinates":[[[147536.89009626,170327.02734736],[147539.232688,170323.49663135],[147545.183109,170327.37953836],[147554.20985301,170332.98518835],[147560.42421999,170335.57525336],[147566.83406601,170338.25478436],[147572.83914599,170340.67772435],[147577.425365,170342.66316635],[147583.43016701,170345.09865335],[147588.75462301,170347.24093834],[147584.77468443,170350.25109106],[147576.230603,170346.36380435],[147576.927827,170344.75695635],[147557.649171,170336.49104234],[147556.964836,170338.04753336],[147555.220699,170337.30664135],[147555.90689099,170335.72394635],[147553.23567238,170334.53007744],[147551.354688,170333.56325535],[147542.92300201,170328.94524635],[147541.92692499,170330.60735835],[147538.63754301,170328.57262935],[147537.21180627,170327.39592124],[147536.89009626,170327.02734736]]]},"geometry_name":"GEOM","properties":{"INSPIRE_ID":"https://databrussels.be/id/streetsurface/150948","TYPE":"SW","STREET_ID":"https://databrussels.be/id/streetname/4568","STRNAMEFRE":"Chaussée de Mons","STRNAMEDUT":"Bergense Steenweg","MUNNISCODE":"21001","HIERARCHY":"IDR","LVL":0,"ADMIN":"REGION_RBC","AREA":151},"bbox":[147536.89009626,170323.49663135,147588.75462301,170350.25109106]},{"type":"Feature","id":"StreetSurfaces.fid--324554a4_1a02c2cbca7_-62ac","geometry":{"type":"Polygon","coordinates":[[[147616.699,170317.80900034],[147614.05,170320.86000034],[147612.00999999,170319.44000035],[147614.62075846,170316.13526844],[147616.699,170317.80900034]]]},"geometry_name":"GEOM","properties":{"INSPIRE_ID":"https://databrussels.be/id/streetsurface/150949","TYPE":"SW","STREET_ID":"https://databrussels.be/id/streetname/5130","STRNAMEFRE":"Rue Docteur De Meersman","STRNAMEDUT":"Dokter De Meersmanstraat","MUNNISCODE":"21001","HIERARCHY":"DR","LVL":0,"ADMIN":"MUN_RBC","AREA":11},"bbox":[147612.00999999,170316.13526844,147616.699,170320.86000034]},{"type":"Feature","id":"StreetSurfaces.fid--324554a4_1a02c2cbca7_-62aa","geometry":{"type":"Polygon","coordinates":[[[147642.10349891,170270.88431693],[147643.74300001,170272.13100034],[147632.23599999,170287.26600035],[147619.19200001,170303.92200035],[147622.31900001,170306.39300035],[147620.40496678,170308.81496712],[147619.64000001,170308.05000035],[147618.08,170306.77000035],[147617.45999999,170306.04000036],[147617.1,170305.26000034],[147616.97000001,170304.36000034],[147617.05999999,170303.37000035],[147617.42,170302.61000034],[147619.14000001,170300.16000034],[147634.34000001,170280.74000035],[147642.10349891,170270.88431693]]]},"geometry_name":"GEOM","properties":{"INSPIRE_ID":"https://databrussels.be/id/streetsurface/150950","TYPE":"SW","STREET_ID":"https://databrussels.be/id/streetname/5130","STRNAMEFRE":"Rue Docteur De Meersman","STRNAMEDUT":"Dokter De Meersmanstraat","MUNNISCODE":"21001","HIERARCHY":"DR","LVL":0,"ADMIN":"MUN_RBC","AREA":108},"bbox":[147616.97000001,170270.88431693,147643.74300001,170308.81496712]},{"type":"Feature","id":"StreetSurfaces.fid--324554a4_1a02c2cbca7_-629e","geometry":{"type":"Polygon","coordinates":[[[147664.28248799,170275.23280255],[147661.672,170278.34200035],[147662.14000001,170275.05200035],[147660.91800001,170272.20100035],[147658.21300001,170270.32500035],[147655.547,170269.95900034],[147652.34000001,170271.16000034],[147654.77395659,170268.01823798],[147655.8,170267.98000034],[147657.6,170268.10000035],[147659.05999999,170268.33000034],[147660.09000001,170268.75000035],[147661.50999999,170269.82000035],[147662.52000001,170270.79000035],[147663.23,170271.78000034],[147663.7,170272.93000034],[147664.05,170274.17000035],[147664.28248799,170275.23280255]]]},"geometry_name":"GEOM","properties":{"INSPIRE_ID":"https://databrussels.be/id/streetsurface/150951","TYPE":"SW","STREET_ID":"https://databrussels.be/id/streetname/5130","STRNAMEFRE":"Rue Docteur De Meersman","STRNAMEDUT":"Dokter De Meersmanstraat","MUNNISCODE":"21001","HIERARCHY":"DR","LVL":0,"ADMIN":"MUN_RBC","AREA":32},"bbox":[147652.34000001,170267.98000034,147664.28248799,170278.34200035]},{"type":"Feature","id":"StreetSurfaces.fid--324554a4_1a02c2cbca7_-6298","geometry":{"type":"Polygon","coordinates":[[[147669.19167187,170266.26051842],[147670.78,170267.49400035],[147668.30054588,170270.44713146],[147667.98299999,170270.20700034],[147669.204,170268.73200034],[147668.97000001,170268.48000034],[147668.70999999,170267.78000034],[147668.72000001,170267.31000034],[147669.04000001,170266.50000035],[147669.19167187,170266.26051842]]]},"geometry_name":"GEOM","properties":{"INSPIRE_ID":"https://databrussels.be/id/streetsurface/150952","TYPE":"SW","STREET_ID":"https://databrussels.be/id/streetname/5130","STRNAMEFRE":"Rue Docteur De Meersman","STRNAMEDUT":"Dokter De Meersmanstraat","MUNNISCODE":"21001","HIERARCHY":"DR","LVL":0,"ADMIN":"MUN_RBC","AREA":4},"bbox":[147667.98299999,170266.26051842,147670.78,170270.44713146]},{"type":"Feature","id":"StreetSurfaces.fid--324554a4_1a02c2cbca7_-627e","geometry":{"type":"Polygon","coordinates":[[[147462.14000001,170272.15000035],[147493.37000001,170237.27000035],[147510.77000001,170218.45000035],[147550.09264216,170175.04379188],[147551.47754991,170176.46427931],[147548.50999999,170179.66000034],[147533.17,170196.43000034],[147519.34000001,170211.68000034],[147503.10999999,170229.71000034],[147489.49000001,170244.24000036],[147473.35999999,170262.46000034],[147465.12502666,170271.68718757],[147466.39637001,170272.79237434],[147465.26913729,170274.10072555],[147462.14000001,170272.15000035]]]},"geometry_name":"GEOM","properties":{"INSPIRE_ID":"https://databrussels.be/id/streetsurface/151098","TYPE":"SW","STREET_ID":"https://databrussels.be/id/streetname/4519","STRNAMEFRE":"Rue Bissé","STRNAMEDUT":"Bisséstraat","MUNNISCODE":"21001","HIERARCHY":"DR","LVL":0,"ADMIN":"MUN_RBC","AREA":248},"bbox":[147462.14000001,170175.04379188,147551.47754991,170274.10072555]},{"type":"Feature","id":"StreetSurfaces.fid--324554a4_1a02c2cbca7_-620a","geometry":{"type":"Polygon","coordinates":[[[147560.14349718,170179.22750746],[147557.16454682,170182.13388091],[147555.83614261,170180.83210992],[147556.08262801,170180.56404534],[147557.11560729,170179.83006901],[147558.3278713,170179.34841334],[147559.62042422,170179.17267724],[147560.14349718,170179.22750746]]]},"geometry_name":"GEOM","properties":{"INSPIRE_ID":"https://databrussels.be/id/streetsurface/151099","TYPE":"SW","STREET_ID":"https://databrussels.be/id/streetname/1974","STRNAMEFRE":"Rue de la Clinique","STRNAMEDUT":"Kliniekstraat","MUNNISCODE":"21001","HIERARCHY":"DR","LVL":0,"ADMIN":"MUN_RBC","AREA":5},"bbox":[147555.83614261,170179.17267724,147560.14349718,170182.13388091]},{"type":"Feature","id":"StreetSurfaces.fid--324554a4_1a02c2cbca7_-6277","geometry":{"type":"Polygon","coordinates":[[[147528.45,170314.99000036],[147532.7,170307.99000036],[147549.79000001,170281.23000034],[147590.63872514,170216.36826586],[147592.24495037,170218.71815328],[147584.38353601,170231.23589035],[147566.85999999,170258.63000034],[147539.5,170302.40000035],[147533.38279522,170311.94202598],[147534.69433,170312.75973734],[147533.16724501,170315.16562134],[147532.27579687,170316.3191378],[147531.58900955,170316.90463999],[147528.45,170314.99000036]]]},"geometry_name":"GEOM","properties":{"INSPIRE_ID":"https://databrussels.be/id/streetsurface/151100","TYPE":"SW","STREET_ID":"https://databrussels.be/id/streetname/1676","STRNAMEFRE":"Rue Gheude","STRNAMEDUT":"Gheudestraat","MUNNISCODE":"21001","HIERARCHY":"DR","LVL":0,"ADMIN":"MUN_RBC","AREA":304},"bbox":[147528.45,170216.36826586,147592.24495037,170316.90463999]},{"type":"Feature","id":"StreetSurfaces.fid--324554a4_1a02c2cbca7_-62b4","geometry":{"type":"Polygon","coordinates":[[[147635.28322501,170262.13259035],[147627.80308452,170254.28192371],[147624.315412,170250.75071434],[147617.412449,170243.73827135],[147604.797788,170230.89685334],[147600.68138001,170226.68378335],[147603.34065161,170221.27775804],[147604.97595799,170222.95549335],[147604.896521,170225.72914936],[147605.166659,170225.98997434],[147621.119662,170242.24680334],[147635.907285,170257.28899835],[147637.32838099,170255.96304535],[147638.65655799,170257.33681435],[147637.086608,170258.80165735],[147637.70574689,170259.40929617],[147635.28322501,170262.13259035]]]},"geometry_name":"GEOM","properties":{"INSPIRE_ID":"https://databrussels.be/id/streetsurface/151101","TYPE":"SW","STREET_ID":"https://databrussels.be/id/streetname/1974","STRNAMEFRE":"Rue de la Clinique","STRNAMEDUT":"Kliniekstraat","MUNNISCODE":"21001","HIERARCHY":"DR","LVL":0,"ADMIN":"MUN_RBC","AREA":195},"bbox":[147600.68138001,170221.27775804,147638.65655799,170262.13259035]},{"type":"Feature","id":"StreetSurfaces.fid--324554a4_1a02c2cbca7_-6275","geometry":{"type":"Polygon","coordinates":[[[147603.34065161,170221.27775804],[147600.68138001,170226.68378335],[147599.4711987,170226.86457421],[147598.26101739,170227.04536506],[147596.50812378,170224.69464799],[147597.15999999,170223.66000034],[147597.869275,170222.60307535],[147598.1932554,170221.95473975],[147598.69256969,170221.34437934],[147599.36134379,170220.83993405],[147600.15899005,170220.50634247],[147601.01487985,170220.38396782],[147601.84767921,170220.47435089],[147602.58925366,170220.74253348],[147603.199738,170221.13318835],[147603.34065161,170221.27775804]]]},"geometry_name":"GEOM","properties":{"INSPIRE_ID":"https://databrussels.be/id/streetsurface/151102","TYPE":"SW","STREET_ID":"https://databrussels.be/id/streetname/1974","STRNAMEFRE":"Rue de la Clinique","STRNAMEDUT":"Kliniekstraat","MUNNISCODE":"21001","HIERARCHY":"DR","LVL":0,"ADMIN":"MUN_RBC","AREA":28},"bbox":[147596.50812378,170220.38396782,147603.34065161,170227.04536506]},{"type":"Feature","id":"StreetSurfaces.fid--324554a4_1a02c2cbca7_-62a1","geometry":{"type":"Polygon","coordinates":[[[147655.04470034,170257.62853326],[147651.16653597,170254.52924518],[147650.848,170254.95300034],[147649.852,170256.27800034],[147648.41099999,170255.10800034],[147649.476,170253.80700034],[147645.73315697,170250.67617303],[147647.48685701,170248.81854934],[147653.37000001,170253.88000034],[147656.225,170256.13200034],[147655.04470034,170257.62853326]]]},"geometry_name":"GEOM","properties":{"INSPIRE_ID":"https://databrussels.be/id/streetsurface/151103","TYPE":"SW","STREET_ID":"https://databrussels.be/id/streetname/1974","STRNAMEFRE":"Rue de la Clinique","STRNAMEDUT":"Kliniekstraat","MUNNISCODE":"21001","HIERARCHY":"DR","LVL":0,"ADMIN":"MUN_RBC","AREA":29},"bbox":[147645.73315697,170248.81854934,147656.225,170257.62853326]},{"type":"Feature","id":"StreetSurfaces.fid--324554a4_1a02c2cbca7_-6242","geometry":{"type":"Polygon","coordinates":[[[147705.5,170203.40500034],[147723.58699999,170180.41000034],[147725.42999999,170180.79000035],[147706.6717036,170204.32666751],[147705.5,170203.40500034]]]},"geometry_name":"GEOM","properties":{"INSPIRE_ID":"https://databrussels.be/id/streetsurface/151104","TYPE":"SW","STREET_ID":"https://databrussels.be/id/streetname/354","STRNAMEFRE":"Rue Otlet","STRNAMEDUT":"Otletstraat","MUNNISCODE":"21001","HIERARCHY":"DR","LVL":0,"ADMIN":"MUN_RBC","AREA":47},"bbox":[147705.5,170180.41000034,147725.42999999,170204.32666751]},{"type":"Feature","id":"StreetSurfaces.fid--324554a4_1a02c2cbca7_-6245","geometry":{"type":"Polygon","coordinates":[[[147743.08315778,170129.19604872],[147743.804,170126.19800035],[147744.08777323,170125.46701192],[147744.58232842,170124.81785008],[147745.24011729,170124.33482858],[147745.976,170124.06400036],[147746.75262871,170124.02609683],[147747.53941791,170124.19637796],[147748.25359733,170124.56783541],[147748.827,170125.09300035],[147750.89100001,170127.36100034],[147750.45731306,170129.35604306],[147746.571,170132.96000034],[147743.08315778,170129.19604872]]]},"geometry_name":"GEOM","properties":{"INSPIRE_ID":"https://databrussels.be/id/streetsurface/151105","TYPE":"SW","STREET_ID":"https://databrussels.be/id/streetname/3933","STRNAMEFRE":"Rue Brogniez","STRNAMEDUT":"Brogniezstraat","MUNNISCODE":"21001","HIERARCHY":"DR","LVL":0,"ADMIN":"MUN_RBC","AREA":45},"bbox":[147743.08315778,170124.02609683,147750.89100001,170132.96000034]},{"type":"Feature","id":"StreetSurfaces.fid--324554a4_1a02c2cbca7_-6296","geometry":{"type":"Polygon","coordinates":[[[147680.89476407,170383.54558183],[147711.15999999,170239.74000036],[147717.29000001,170211.00800034],[147719.30498946,170211.43922855],[147719.19000001,170212.11000034],[147715.25999999,170230.29000035],[147709.55,170257.15000035],[147702.10999999,170292.43000034],[147694.22000001,170329.17000035],[147689.00999999,170353.76000034],[147683.75292957,170378.26818355],[147685.44826801,170378.67773133],[147684.01456788,170384.80504867],[147680.89476407,170383.54558183]]]},"geometry_name":"GEOM","properties":{"INSPIRE_ID":"https://databrussels.be/id/streetsurface/151106","TYPE":"SW","STREET_ID":"https://databrussels.be/id/streetname/354","STRNAMEFRE":"Rue Otlet","STRNAMEDUT":"Otletstraat","MUNNISCODE":"21001","HIERARCHY":"DR","LVL":0,"ADMIN":"MUN_RBC","AREA":350},"bbox":[147680.89476407,170211.00800034,147719.30498946,170384.80504867]},{"type":"Feature","id":"StreetSurfaces.fid--324554a4_1a02c2cbca7_-62eb","geometry":{"type":"Polygon","coordinates":[[[147691.31049762,170389.57034587],[147690.80874224,170391.42301978],[147689.95609901,170391.07036134],[147687.43830462,170390.06627957],[147687.94300001,170387.69600035],[147688.2157871,170386.41486801],[147689.95959387,170387.06518413],[147690.71157219,170388.45967826],[147691.31049762,170389.57034587]]]},"geometry_name":"GEOM","properties":{"INSPIRE_ID":"https://databrussels.be/id/streetsurface/151107","TYPE":"SW","STREET_ID":"https://databrussels.be/id/streetname/4568","STRNAMEFRE":"Chaussée de Mons","STRNAMEDUT":"Bergense Steenweg","MUNNISCODE":"21001","HIERARCHY":"IDR","LVL":0,"ADMIN":"REGION_RBC","AREA":12},"bbox":[147687.43830462,170386.41486801,147691.31049762,170391.42301978]},{"type":"Feature","id":"StreetSurfaces.fid--324554a4_1a02c2cbca7_-62e4","geometry":{"type":"Polygon","coordinates":[[[147767.24140463,170421.58835767],[147767.18616099,170421.69646934],[147766.68928633,170422.37913073],[147766.04200702,170422.95232018],[147765.28547771,170423.37086536],[147764.47602601,170423.61107133],[147764.15572801,170423.66701962],[147763.82960253,170423.68960627],[147763.50289512,170423.67819406],[147763.18087001,170423.63324036],[147762.86969483,170423.56259297],[147762.56304653,170423.47200645],[147762.26282568,170423.36197673],[147761.970854,170423.23323835],[147759.61137145,170422.12671515],[147760.533026,170420.53222634],[147761.86672347,170420.16785349],[147763.26938715,170419.78463868],[147767.24140463,170421.58835767]]]},"geometry_name":"GEOM","properties":{"INSPIRE_ID":"https://databrussels.be/id/streetsurface/151108","TYPE":"SW","STREET_ID":"https://databrussels.be/id/streetname/4568","STRNAMEFRE":"Chaussée de Mons","STRNAMEDUT":"Bergense Steenweg","MUNNISCODE":"21001","HIERARCHY":"IDR","LVL":0,"ADMIN":"REGION_RBC","AREA":19},"bbox":[147759.61137145,170419.78463868,147767.24140463,170423.68960627]},{"type":"Feature","id":"StreetSurfaces.fid--324554a4_1a02c2cbca7_-62ec","geometry":{"type":"Polygon","coordinates":[[[147797.52000001,170375.89000036],[147774.1398129,170424.55756401],[147770.57901185,170423.04699572],[147772.96300001,170418.32400035],[147774.18699999,170418.92300035],[147788.98,170387.77100035],[147795.19864931,170374.79132329],[147797.52000001,170375.89000036]]]},"geometry_name":"GEOM","properties":{"INSPIRE_ID":"https://databrussels.be/id/streetsurface/151109","TYPE":"SW","STREET_ID":"https://databrussels.be/id/streetname/2935","STRNAMEFRE":"Rue Plantin","STRNAMEDUT":"Plantinstraat","MUNNISCODE":"21001","HIERARCHY":"DR","LVL":0,"ADMIN":"MUN_RBC","AREA":142},"bbox":[147770.57901185,170374.79132329,147797.52000001,170424.55756401]},{"type":"Feature","id":"StreetSurfaces.fid--324554a4_1a02c2cbca7_-6229","geometry":{"type":"Polygon","coordinates":[[[147992.076,170214.18200034],[147983.89916601,170212.30528784],[147984.73635212,170211.74073355],[147985.62401192,170211.36160189],[147987.04213131,170211.05322504],[147988.59821726,170210.87661735],[147989.36681032,170210.92076927],[147989.98420475,170211.11629921],[147990.6629299,170211.37957893],[147992.5168245,170212.22728132],[147992.076,170214.18200034]]]},"geometry_name":"GEOM","properties":{"INSPIRE_ID":"https://databrussels.be/id/streetsurface/151110","TYPE":"SW","STREET_ID":"https://databrussels.be/id/streetname/1283","STRNAMEFRE":"Boulevard du Midi","STRNAMEDUT":"Zuidlaan","MUNNISCODE":"21004","HIERARCHY":"MAR","LVL":0,"ADMIN":"REGION_RBC","AREA":16},"bbox":[147983.89916601,170210.87661735,147992.5168245,170214.18200034]},{"type":"Feature","id":"StreetSurfaces.fid--324554a4_1a02c2cbca7_-622d","geometry":{"type":"Polygon","coordinates":[[[147977.48900001,170277.83600034],[147969.61105858,170275.91796957],[147969.37688774,170275.6140228],[147968.99889115,170274.86344012],[147968.69019394,170274.09393518],[147968.43189627,170273.18566706],[147968.35708444,170272.46307354],[147968.36810934,170271.84494662],[147968.45441364,170271.10453958],[147969.98906327,170264.37597187],[147972.20287981,170254.4868597],[147974.64450767,170255.11253211],[147982.03741711,170222.89894935],[147979.60636303,170222.35272812],[147980.88177129,170217.02753207],[147981.15355774,170215.94595852],[147981.65170427,170214.7678904],[147982.26775878,170213.85687212],[147983.14246651,170212.97346209],[147983.81026048,170212.36524106],[147983.89916601,170212.30528784],[147992.076,170214.18200034],[147978.99000001,170271.89400035],[147977.48900001,170277.83600034]]]},"geometry_name":"GEOM","properties":{"INSPIRE_ID":"https://databrussels.be/id/streetsurface/151111","TYPE":"SW","STREET_ID":"https://databrussels.be/id/streetname/1283","STRNAMEFRE":"Boulevard du Midi","STRNAMEDUT":"Zuidlaan","MUNNISCODE":"21004","HIERARCHY":"MAR","LVL":0,"ADMIN":"REGION_RBC","AREA":590},"bbox":[147968.35708444,170212.30528784,147992.076,170277.83600034]},{"type":"Feature","id":"StreetSurfaces.fid--324554a4_1a02c2cbca7_-6224","geometry":{"type":"Polygon","coordinates":[[[148122.61400001,170263.01100033],[148118.56028843,170265.48341495],[148118.26300001,170265.35900034],[148114.87824812,170263.87469517],[148113.21199999,170263.14400035],[148113.955,170261.43000034],[148085.424,170248.35800034],[148084.676,170249.89800035],[148082.88199999,170249.21700035],[148083.529,170247.48200034],[148056.26199999,170235.00100034],[148055.48099999,170236.58400034],[148053.73299999,170235.80900034],[148054.376,170234.10100034],[148027.59500001,170221.86200033],[148026.796,170223.42400035],[148025.08199999,170222.80500034],[148025.63699999,170221.05000035],[148000,170209.13400034],[147997.75560174,170208.11014165],[147997.06707425,170209.99918205],[147994.17516341,170208.81233653],[147993.35595015,170208.50556876],[147994.295,170204.33700034],[148029.25799999,170220.23800036],[148122.61400001,170263.01100033]]]},"geometry_name":"GEOM","properties":{"INSPIRE_ID":"https://databrussels.be/id/streetsurface/151112","TYPE":"SW","STREET_ID":"https://databrussels.be/id/streetname/2966","STRNAMEFRE":"Rue d'Artois","STRNAMEDUT":"Artesiëstraat","MUNNISCODE":"21004","HIERARCHY":"DR","LVL":0,"ADMIN":"MUN_RBC","AREA":332},"bbox":[147993.35595015,170204.33700034,148122.61400001,170265.48341495]},{"type":"Feature","id":"StreetSurfaces.fid--324554a4_1a02c2cbca7_-6262","geometry":{"type":"Polygon","coordinates":[[[147581.69277339,170363.98355755],[147581.67076044,170364.63947014],[147581.58368719,170365.28995007],[147581.43331597,170365.92545258],[147581.23877785,170366.47895802],[147577.57696121,170365.15658239],[147577.07534101,170362.93572158],[147576.86757679,170360.5128429],[147577.3827004,170360.72945842],[147581.5503979,170362.42533935],[147581.64988101,170363.33191722],[147581.69277339,170363.98355755]]]},"geometry_name":"GEOM","properties":{"INSPIRE_ID":"https://databrussels.be/id/streetsurface/151119","TYPE":"SW","STREET_ID":"https://databrussels.be/id/streetname/4568","STRNAMEFRE":"Chaussée de Mons","STRNAMEDUT":"Bergense Steenweg","MUNNISCODE":"21001","HIERARCHY":"IDR","LVL":0,"ADMIN":"REGION_RBC","AREA":19},"bbox":[147576.86757679,170360.5128429,147581.69277339,170366.47895802]},{"type":"Feature","id":"StreetSurfaces.fid--324554a4_1a02c2cbca7_-62b3","geometry":{"type":"Polygon","coordinates":[[[147606.40778229,170352.37003549],[147606.75388699,170353.45822023],[147607.19855001,170354.85628134],[147605.45999703,170356.47708937],[147601.41815,170354.77252735],[147601.27986698,170354.6749338],[147601.17429087,170354.53099691],[147601.12140238,170354.3605066],[147601.12522199,170354.19129635],[147601.212024,170353.46307133],[147601.37624664,170352.708141],[147601.64285069,170351.97548202],[147602.00592048,170351.2855203],[147602.33369014,170350.82561864],[147606.40778229,170352.37003549]]]},"geometry_name":"GEOM","properties":{"INSPIRE_ID":"https://databrussels.be/id/streetsurface/151120","TYPE":"SW","STREET_ID":"https://databrussels.be/id/streetname/4568","STRNAMEFRE":"Chaussée de Mons","STRNAMEDUT":"Bergense Steenweg","MUNNISCODE":"21001","HIERARCHY":"IDR","LVL":0,"ADMIN":"REGION_RBC","AREA":22},"bbox":[147601.12140238,170350.82561864,147607.19855001,170356.47708937]},{"type":"Feature","id":"StreetSurfaces.fid--324554a4_1a02c2cbca7_-62dd","geometry":{"type":"Polygon","coordinates":[[[147775.72700136,170445.21599993],[147776.02800045,170445.37099947],[147789.93400045,170452.26999945],[147803.46399956,170458.95099901],[147804.23999953,170457.41999902],[147805.93000133,170458.24299985],[147805.20800135,170459.78899995],[147805.47600048,170459.93699948],[147817.83200045,170466.04699944],[147833.93700044,170474.03599945],[147834.29299953,170474.18699902],[147835.05499961,170472.560999],[147844.42600048,170477.67199947],[147848.60600047,170479.93299945],[147855.20100048,170483.51099948],[147856.38800049,170484.17499946],[147858.92161527,170485.51928917],[147857.77940309,170489.68353819],[147856.70459902,170487.50111397],[147840.57269657,170479.57817024],[147834.55496457,170476.58903123],[147830.64025555,170474.59273823],[147816.06514895,170467.47737721],[147813.05658019,170466.00843271],[147809.69999957,170464.37000123],[147784.03478756,170451.64956225],[147775.97726755,170447.57796625],[147767.76270537,170443.83480788],[147768.64914105,170441.83502859],[147774.01499953,170444.37399901],[147774.75699954,170442.84299902],[147776.49000135,170443.70099989],[147775.72700136,170445.21599993]]]},"geometry_name":"GEOM","properties":{"INSPIRE_ID":"https://databrussels.be/id/streetsurface/151121","TYPE":"SW","STREET_ID":"https://databrussels.be/id/streetname/4568","STRNAMEFRE":"Chaussée de Mons","STRNAMEDUT":"Bergense Steenweg","MUNNISCODE":"21001","HIERARCHY":"IDR","LVL":0,"ADMIN":"REGION_RBC","AREA":248},"bbox":[147767.76270537,170441.83502859,147858.92161527,170489.68353819]},{"type":"Feature","id":"StreetSurfaces.fid--324554a4_1a02c2cbca7_-62de","geometry":{"type":"Polygon","coordinates":[[[147768.64914284,170441.83502942],[147767.76270721,170443.83480872],[147765.12453659,170442.63266426],[147759.04800856,170439.73106226],[147752.67734086,170436.74688016],[147753.55675156,170434.69374255],[147768.64914284,170441.83502942]]]},"geometry_name":"GEOM","properties":{"INSPIRE_ID":"https://databrussels.be/id/streetsurface/151122","TYPE":"SW","STREET_ID":"https://databrussels.be/id/streetname/4568","STRNAMEFRE":"Chaussée de Mons","STRNAMEDUT":"Bergense Steenweg","MUNNISCODE":"21001","HIERARCHY":"IDR","LVL":0,"ADMIN":"REGION_RBC","AREA":37},"bbox":[147752.67734086,170434.69374255,147768.64914284,170443.83480872]},{"type":"Feature","id":"StreetSurfaces.fid--324554a4_1a02c2cbca7_-62da","geometry":{"type":"Polygon","coordinates":[[[147864.13300088,170490.03899988],[147864.32600093,170490.48799995],[147864.48800094,170490.94800001],[147864.61900096,170491.41800007],[147864.71800098,170491.89500014],[147864.782001,170492.49800023],[147864.805001,170493.10400032],[147864.78700099,170493.71000038],[147864.729001,170494.31300045],[147864.65800099,170494.90100046],[147864.61100023,170495.17548069],[147857.77940152,170489.68353871],[147858.92161307,170485.51928958],[147860.41000047,170486.30899945],[147861.0060005,170486.65099949],[147861.57300057,170487.03899952],[147862.10900064,170487.46999956],[147862.51800067,170487.8359996],[147862.90000071,170488.22999965],[147863.25400076,170488.6489997],[147863.57900081,170489.09199976],[147863.87200084,170489.55599982],[147864.13300088,170490.03899988]]]},"geometry_name":"GEOM","properties":{"INSPIRE_ID":"https://databrussels.be/id/streetsurface/151123","TYPE":"SW","STREET_ID":"https://databrussels.be/id/streetname/679","STRNAMEFRE":"Porte d'Anderlecht","STRNAMEDUT":"Anderlechtsepoort","MUNNISCODE":"21004","HIERARCHY":"MAR","LVL":0,"ADMIN":"REGION_RBC","AREA":34},"bbox":[147857.77940152,170485.51928958,147864.805001,170495.17548069]},{"type":"Feature","id":"StreetSurfaces.fid--324554a4_1a02c2cbca7_-6311","geometry":{"type":"Polygon","coordinates":[[[147927.07000001,170495.86800035],[147920.53892574,170491.06760923],[147921.41900001,170487.17600035],[147923.574,170477.74500035],[147928.99200001,170453.97800034],[147930.23099999,170448.53900036],[147931.247,170444.16800035],[147931.821,170442.38900036],[147932.48699999,170441.04500035],[147933.35799999,170439.88600034],[147939.623,170441.46600035],[147927.07000001,170495.86800035]]]},"geometry_name":"GEOM","properties":{"INSPIRE_ID":"https://databrussels.be/id/streetsurface/151124","TYPE":"SW","STREET_ID":"https://databrussels.be/id/streetname/1283","STRNAMEFRE":"Boulevard du Midi","STRNAMEDUT":"Zuidlaan","MUNNISCODE":"21004","HIERARCHY":"MAR","LVL":0,"ADMIN":"REGION_RBC","AREA":406},"bbox":[147920.53892574,170439.88600034,147939.623,170495.86800035]},{"type":"Feature","id":"StreetSurfaces.fid--324554a4_1a02c2cbca7_-631c","geometry":{"type":"Polygon","coordinates":[[[147943.33246872,170425.70999693],[147943.16135807,170425.71347884],[147942.62775834,170425.67639946],[147942.0996274,170425.59165693],[147941.58121409,170425.45993303],[147941.07668896,170425.28228744],[147940.86411741,170425.18739444],[147940.4660646,170424.9699855],[147940.09319801,170424.71175457],[147939.74968796,170424.41558989],[147939.57418148,170424.2642728],[147937.24291749,170421.85672471],[147936.71372226,170421.08091236],[147936.45227462,170420.51166793],[147936.21287678,170419.91246326],[147935.97977889,170419.19972508],[147935.77818071,170418.4491424],[147935.62698207,170417.38945723],[147935.54508281,170416.51276522],[147935.51988304,170415.69280094],[147935.68186437,170414.36029252],[147945.44500001,170416.73700033],[147943.33246872,170425.70999693]]]},"geometry_name":"GEOM","properties":{"INSPIRE_ID":"https://databrussels.be/id/streetsurface/151125","TYPE":"SW","STREET_ID":"https://databrussels.be/id/streetname/1283","STRNAMEFRE":"Boulevard du Midi","STRNAMEDUT":"Zuidlaan","MUNNISCODE":"21004","HIERARCHY":"MAR","LVL":0,"ADMIN":"REGION_RBC","AREA":74},"bbox":[147935.51988304,170414.36029252,147945.44500001,170425.71347884]},{"type":"Feature","id":"StreetSurfaces.fid--324554a4_1a02c2cbca7_-62b7","geometry":{"type":"Polygon","coordinates":[[[147975.177,170288.03500034],[147976.14868015,170283.74901669],[147977.29375258,170284.14861145],[147978.48500433,170284.66448419],[147981.85385084,170286.55212909],[147983.49609759,170287.3847325],[147982.73801003,170288.88000306],[147999.99999993,170297.34364065],[148013.954,170304.33500034],[148014.83900001,170302.74500035],[148016.58499999,170303.67000035],[148015.81600001,170305.28500034],[148046.54100001,170320.63900036],[148047.401,170318.98000034],[148049.0418113,170319.82119256],[148049.25599999,170319.93100034],[148050.28387744,170320.61282109],[148051.19989557,170321.43884918],[148051.98399999,170322.39100035],[148052.49936693,170323.27049545],[148049.81500001,170324.89200035],[147981.503,170290.79000036],[147975.177,170288.03500034]]]},"geometry_name":"GEOM","properties":{"INSPIRE_ID":"https://databrussels.be/id/streetsurface/151126","TYPE":"SW","STREET_ID":"https://databrussels.be/id/streetname/236","STRNAMEFRE":"Rue Bodeghem","STRNAMEDUT":"Bodegemstraat","MUNNISCODE":"21004","HIERARCHY":"DR","LVL":0,"ADMIN":"MUN_RBC","AREA":226},"bbox":[147975.177,170283.74901669,148052.49936693,170324.89200035]},{"type":"Feature","id":"StreetSurfaces.fid--324554a4_1a02c2cbca7_-62f5","geometry":{"type":"Polygon","coordinates":[[[147636.94100001,170552.10500034],[147618.85999999,170535.69000036],[147578.85,170498.99000036],[147532.75,170457.23000034],[147530.22000001,170454.92000035],[147528.50999999,170453.33000034],[147522.75704117,170448.25199183],[147525.25766878,170445.34335173],[147526.0515358,170445.77642802],[147527.00462699,170446.55213534],[147529.21575201,170448.63731536],[147527.991184,170449.97583035],[147532.15999999,170453.42000035],[147539.89000001,170460.51000034],[147545.65,170465.78000034],[147579.86500001,170497.00200034],[147580.93499999,170495.79900035],[147582.36199999,170497.05900034],[147591.104,170504.77100035],[147592.70999999,170506.18800036],[147591.51400001,170507.53600034],[147633.298,170545.65500034],[147634.49200001,170544.34700035],[147635.93199999,170545.66200033],[147634.73900001,170546.96700035],[147638.49854248,170550.38926088],[147636.94100001,170552.10500034]]]},"geometry_name":"GEOM","properties":{"INSPIRE_ID":"https://databrussels.be/id/streetsurface/151152","TYPE":"SW","STREET_ID":"https://databrussels.be/id/streetname/3801","STRNAMEFRE":"Rue Abbé Cuylits","STRNAMEDUT":"Pastoor Cuylitsstraat","MUNNISCODE":"21001","HIERARCHY":"DR","LVL":0,"ADMIN":"MUN_RBC","AREA":393},"bbox":[147522.75704117,170445.34335173,147638.49854248,170552.10500034]},{"type":"Feature","id":"StreetSurfaces.fid--324554a4_1a02c2cbca7_-6244","geometry":{"type":"Polygon","coordinates":[[[147743.08315778,170129.19604872],[147746.571,170132.96000034],[147745.35387175,170133.30079626],[147744.13674347,170133.64159218],[147733.673,170182.56700035],[147731.69086223,170182.14290227],[147737.09000001,170157.11000034],[147742.14200001,170133.58400034],[147743.08315778,170129.19604872]]]},"geometry_name":"GEOM","properties":{"INSPIRE_ID":"https://databrussels.be/id/streetsurface/151259","TYPE":"SW","STREET_ID":"https://databrussels.be/id/streetname/354","STRNAMEFRE":"Rue Otlet","STRNAMEDUT":"Otletstraat","MUNNISCODE":"21001","HIERARCHY":"DR","LVL":0,"ADMIN":"MUN_RBC","AREA":109},"bbox":[147731.69086223,170129.19604872,147746.571,170182.56700035]},{"type":"Feature","id":"StreetSurfaces.fid--324554a4_1a02c2cbca7_-628e","geometry":{"type":"Polygon","coordinates":[[[147792.275,170358.50600034],[147819.57000001,170300.84000036],[147832.99000001,170272.71000034],[147846.84000001,170243.30000035],[147849.98523972,170246.83660957],[147847.5,170252.22200035],[147846.93299999,170253.45200034],[147845.13154976,170252.63237809],[147835.25999999,170273.45000035],[147822.58,170300.08000034],[147818.97000001,170307.85000035],[147806.52000001,170334.13000034],[147795.87000001,170356.58000034],[147794.45166149,170359.53622514],[147792.275,170358.50600034]]]},"geometry_name":"GEOM","properties":{"INSPIRE_ID":"https://databrussels.be/id/streetsurface/151260","TYPE":"SW","STREET_ID":"https://databrussels.be/id/streetname/2935","STRNAMEFRE":"Rue Plantin","STRNAMEDUT":"Plantinstraat","MUNNISCODE":"21001","HIERARCHY":"DR","LVL":0,"ADMIN":"MUN_RBC","AREA":322},"bbox":[147792.275,170243.30000035,147849.98523972,170359.53622514]},{"type":"Feature","id":"StreetSurfaces.fid--324554a4_1a02c2cbca7_-628c","geometry":{"type":"Polygon","coordinates":[[[147800.97869456,170362.62579034],[147803.1,170363.63000034],[147803.59000001,170364.72500035],[147804.08,170365.82000035],[147803.11687083,170367.64148311],[147801.1,170367.14100035],[147800.52000001,170366.88100034],[147800.05999999,170366.48100034],[147799.84000001,170366.11100034],[147799.8,170365.46100034],[147799.95,170364.76100034],[147800.97869456,170362.62579034]]]},"geometry_name":"GEOM","properties":{"INSPIRE_ID":"https://databrussels.be/id/streetsurface/151261","TYPE":"SW","STREET_ID":"https://databrussels.be/id/streetname/2935","STRNAMEFRE":"Rue Plantin","STRNAMEDUT":"Plantinstraat","MUNNISCODE":"21001","HIERARCHY":"DR","LVL":0,"ADMIN":"MUN_RBC","AREA":14},"bbox":[147799.8,170362.62579034,147804.08,170367.64148311]},{"type":"Feature","id":"StreetSurfaces.fid--324554a4_1a02c2cbca7_-62f2","geometry":{"type":"Polygon","coordinates":[[[147883.26451418,170384.38084418],[147882.83421526,170386.23668584],[147882.62000001,170386.20000035],[147868.83,170382.97100035],[147836.63,170375.48100034],[147803.8,170367.81100034],[147803.11687083,170367.64148311],[147804.08,170365.82000035],[147856.5,170378.26000034],[147883.26451418,170384.38084418]]]},"geometry_name":"GEOM","properties":{"INSPIRE_ID":"https://databrussels.be/id/streetsurface/151262","TYPE":"SW","STREET_ID":"https://databrussels.be/id/streetname/117","STRNAMEFRE":"Rue Moretus","STRNAMEDUT":"Moretusstraat","MUNNISCODE":"21001","HIERARCHY":"DR","LVL":0,"ADMIN":"MUN_RBC","AREA":154},"bbox":[147803.11687083,170365.82000035,147883.26451418,170386.23668584]},{"type":"Feature","id":"StreetSurfaces.fid--324554a4_1a02c2cbca7_-62fb","geometry":{"type":"Polygon","coordinates":[[[147491.97374168,170465.17576061],[147488.17330656,170469.30345563],[147485.2584976,170466.66129976],[147489.77024851,170461.73985766],[147510.25411527,170439.15697228],[147513.15316305,170441.78955017],[147509.27859175,170446.07466201],[147505.37092774,170450.37280103],[147504.13092034,170449.27359708],[147494.36263075,170460.03241903],[147490.73709574,170464.02461702],[147491.97374168,170465.17576061]]]},"geometry_name":"GEOM","properties":{"INSPIRE_ID":"https://databrussels.be/id/streetsurface/151305","TYPE":"SW","STREET_ID":"https://databrussels.be/id/streetname/3948","STRNAMEFRE":"Rue de Liverpool","STRNAMEDUT":"Liverpoolstraat","MUNNISCODE":"21001","HIERARCHY":"DR","LVL":0,"ADMIN":"MUN_RBC","AREA":113},"bbox":[147485.2584976,170439.15697228,147513.15316305,170469.30345563]},{"type":"Feature","id":"StreetSurfaces.fid--324554a4_1a02c2cbca7_-62bc","geometry":{"type":"Polygon","coordinates":[[[147527.83819563,170434.69948891],[147530.56759901,170437.15631334],[147530.59524064,170438.31239685],[147530.62298005,170439.47256983],[147528.36103075,170441.89557797],[147528.03130562,170441.35947302],[147527.44144256,170439.78418411],[147527.16704199,170438.15573834],[147527.1508851,170437.50341581],[147527.19710851,170436.84954821],[147527.30550647,170436.20307368],[147527.47418301,170435.57272934],[147527.70728195,170434.95788444],[147527.83819563,170434.69948891]]]},"geometry_name":"GEOM","properties":{"INSPIRE_ID":"https://databrussels.be/id/streetsurface/151306","TYPE":"SW","STREET_ID":"https://databrussels.be/id/streetname/3948","STRNAMEFRE":"Rue de Liverpool","STRNAMEDUT":"Liverpoolstraat","MUNNISCODE":"21001","HIERARCHY":"DR","LVL":0,"ADMIN":"MUN_RBC","AREA":16},"bbox":[147527.1508851,170434.69948891,147530.62298005,170441.89557797]},{"type":"Feature","id":"StreetSurfaces.fid--324554a4_1a02c2cbca7_-62c0","geometry":{"type":"Polygon","coordinates":[[[147665.78399999,170454.50600034],[147588.95,170423.25000035],[147567.52000001,170414.38000034],[147564.975,170413.34800035],[147556.73045583,170410.00216028],[147558.04189663,170408.79271945],[147562.46183,170410.60457734],[147564.748265,170411.54185234],[147624.07000001,170435.98000034],[147661.80689647,170451.3218887],[147662.35674844,170449.96940154],[147664.09280901,170450.6751948],[147665.82886956,170451.38098806],[147666.44369254,170451.76021501],[147665.78399999,170454.50600034]]]},"geometry_name":"GEOM","properties":{"INSPIRE_ID":"https://databrussels.be/id/streetsurface/151307","TYPE":"SW","STREET_ID":"https://databrussels.be/id/streetname/1297","STRNAMEFRE":"Rue Broyère","STRNAMEDUT":"Broyèrestraat","MUNNISCODE":"21001","HIERARCHY":"DR","LVL":0,"ADMIN":"MUN_RBC","AREA":184},"bbox":[147556.73045583,170408.79271945,147666.44369254,170454.50600034]},{"type":"Feature","id":"StreetSurfaces.fid--324554a4_1a02c2cbca7_-6301","geometry":{"type":"Polygon","coordinates":[[[147647.11199999,170542.58900036],[147665.78399999,170454.50600034],[147669.13663075,170455.20593191],[147669.35154598,170456.01868924],[147669.27641764,170457.57805845],[147668.96287887,170459.10742759],[147668.81750131,170459.81654557],[147666.8087826,170459.39469744],[147662.65999999,170479.15000035],[147657.88342121,170501.85081171],[147659.80261641,170502.25463811],[147657.85411949,170511.51491882],[147655.93492429,170511.11109241],[147652.75999999,170526.20000035],[147649.67055399,170542.26098186],[147651.25831027,170542.60184611],[147651.11273818,170543.42438971],[147647.11199999,170542.58900036]]]},"geometry_name":"GEOM","properties":{"INSPIRE_ID":"https://databrussels.be/id/streetsurface/151308","TYPE":"SW","STREET_ID":"https://databrussels.be/id/streetname/3527","STRNAMEFRE":"Rue Haberman","STRNAMEDUT":"Habermanstraat","MUNNISCODE":"21001","HIERARCHY":"DR","LVL":0,"ADMIN":"MUN_RBC","AREA":219},"bbox":[147647.11199999,170454.50600034,147669.35154598,170543.42438971]},{"type":"Feature","id":"StreetSurfaces.fid--324554a4_1a02c2cbca7_-62fe","geometry":{"type":"Polygon","coordinates":[[[147665.78399999,170454.50600034],[147666.44369254,170451.76021501],[147667.42390356,170452.36481575],[147668.32336149,170453.34074651],[147668.95244513,170454.50938641],[147669.13663075,170455.20593191],[147665.78399999,170454.50600034]]]},"geometry_name":"GEOM","properties":{"INSPIRE_ID":"https://databrussels.be/id/streetsurface/151309","TYPE":"SW","STREET_ID":"https://databrussels.be/id/streetname/3527","STRNAMEFRE":"Rue Haberman","STRNAMEDUT":"Habermanstraat","MUNNISCODE":"21001","HIERARCHY":"DR","LVL":0,"ADMIN":"MUN_RBC","AREA":6},"bbox":[147665.78399999,170451.76021501,147669.13663075,170455.20593191]},{"type":"Feature","id":"StreetSurfaces.fid--324554a4_1a02c2cbca7_-62ca","geometry":{"type":"Polygon","coordinates":[[[147530.2273057,170422.95221163],[147523.29464192,170430.59232601],[147520.40067446,170427.96435944],[147525.8767453,170421.92327987],[147526.88173578,170420.81324667],[147529.28299925,170418.16099967],[147534.05399926,170412.88999966],[147543.51299927,170402.53799966],[147544.72795472,170401.20804843],[147547.64328301,170403.87673136],[147546.77783375,170404.82420801],[147545.52853134,170403.69608308],[147541.67065673,170407.89661201],[147542.92064266,170409.03383862],[147541.50901475,170410.59232801],[147540.23549335,170409.4969031],[147534.13387873,170416.17779201],[147529.00199974,170421.79334303],[147530.2273057,170422.95221163]]]},"geometry_name":"GEOM","properties":{"INSPIRE_ID":"https://databrussels.be/id/streetsurface/151752","TYPE":"SW","STREET_ID":"https://databrussels.be/id/streetname/3948","STRNAMEFRE":"Rue de Liverpool","STRNAMEDUT":"Liverpoolstraat","MUNNISCODE":"21001","HIERARCHY":"DR","LVL":0,"ADMIN":"MUN_RBC","AREA":105},"bbox":[147520.40067446,170401.20804843,147547.64328301,170430.59232601]},{"type":"Feature","id":"StreetSurfaces.fid--324554a4_1a02c2cbca7_-62cc","geometry":{"type":"Polygon","coordinates":[[[147560.69449005,170406.31024784],[147560.15164566,170406.04469913],[147559.27288992,170405.33000325],[147558.58096483,170404.43320814],[147558.12167599,170403.42991635],[147557.97720685,170402.73318313],[147557.99429131,170402.00295142],[147558.1779979,170401.29599873],[147558.50789101,170400.66553935],[147559.94470816,170399.08845381],[147562.82000001,170401.72000035],[147563.05709028,170402.65353473],[147563.32798665,170403.72017926],[147560.69449005,170406.31024784]]]},"geometry_name":"GEOM","properties":{"INSPIRE_ID":"https://databrussels.be/id/streetsurface/151753","TYPE":"SW","STREET_ID":"https://databrussels.be/id/streetname/3948","STRNAMEFRE":"Rue de Liverpool","STRNAMEDUT":"Liverpoolstraat","MUNNISCODE":"21001","HIERARCHY":"DR","LVL":0,"ADMIN":"MUN_RBC","AREA":24},"bbox":[147557.97720685,170399.08845381,147563.32798665,170406.31024784]},{"type":"Feature","id":"StreetSurfaces.fid--324554a4_1a02c2cbca7_-62c9","geometry":{"type":"Polygon","coordinates":[[[147667.65799999,170446.70700034],[147671.56600001,170426.85400034],[147671.89300001,170425.19200035],[147672.22000001,170423.53000034],[147673.275,170418.76500036],[147676.66099999,170403.47700035],[147680.0160043,170405.60623931],[147679.834513,170406.62350334],[147679.274353,170409.10295035],[147677.41401792,170408.6611349],[147672.39000001,170432.46000034],[147669.62000001,170446.23000034],[147669.40999999,170446.62000035],[147669.20999999,170447.02000035],[147667.65799999,170446.70700034]]]},"geometry_name":"GEOM","properties":{"INSPIRE_ID":"https://databrussels.be/id/streetsurface/151754","TYPE":"SW","STREET_ID":"https://databrussels.be/id/streetname/3527","STRNAMEFRE":"Rue Haberman","STRNAMEDUT":"Habermanstraat","MUNNISCODE":"21001","HIERARCHY":"DR","LVL":0,"ADMIN":"MUN_RBC","AREA":91},"bbox":[147667.65799999,170403.47700035,147680.0160043,170447.02000035]},{"type":"Feature","id":"StreetSurfaces.fid--324554a4_1a02c2cbca7_-62fc","geometry":{"type":"Polygon","coordinates":[[[147674.20898097,170448.07414957],[147677.13599999,170448.68500033],[147675.498,170456.53300034],[147672.55996404,170455.92022899],[147674.20898097,170448.07414957]]]},"geometry_name":"GEOM","properties":{"INSPIRE_ID":"https://databrussels.be/id/streetsurface/151755","TYPE":"SW","STREET_ID":"https://databrussels.be/id/streetname/3527","STRNAMEFRE":"Rue Haberman","STRNAMEDUT":"Habermanstraat","MUNNISCODE":"21001","HIERARCHY":"DR","LVL":0,"ADMIN":"MUN_RBC","AREA":24},"bbox":[147672.55996404,170448.07414957,147677.13599999,170456.53300034]},{"type":"Feature","id":"StreetSurfaces.fid--324554a4_1a02c2cbca7_-627b","geometry":{"type":"Polygon","coordinates":[[[147470.77837408,170277.52070736],[147469.12915754,170276.49811107],[147469.25133257,170276.33093966],[147470.1191,170275.31465634],[147479.077563,170265.47788335],[147499.02000001,170243.37000035],[147521.00999999,170219.16000034],[147548.83,170188.44000036],[147552.826144,170184.10562636],[147555.83614261,170180.83210992],[147557.16454682,170182.13388091],[147470.77837408,170277.52070736]]]},"geometry_name":"GEOM","properties":{"INSPIRE_ID":"https://databrussels.be/id/streetsurface/151880","TYPE":"SW","STREET_ID":"https://databrussels.be/id/streetname/4519","STRNAMEFRE":"Rue Bissé","STRNAMEDUT":"Bisséstraat","MUNNISCODE":"21001","HIERARCHY":"DR","LVL":0,"ADMIN":"MUN_RBC","AREA":252},"bbox":[147469.12915754,170180.83210992,147557.16454682,170277.52070736]},{"type":"Feature","id":"StreetSurfaces.fid--324554a4_1a02c2cbca7_-626e","geometry":{"type":"Polygon","coordinates":[[[147528.45,170314.99000036],[147531.58900955,170316.90463999],[147531.14222217,170317.28553661],[147529.83270764,170317.99552957],[147528.43571401,170318.41228935],[147527.49504817,170318.51871942],[147526.54217138,170318.51722504],[147525.5957165,170318.4067736],[147524.71638835,170318.20050701],[147526.52000001,170315.41000034],[147527.48499999,170315.20000035],[147528.45,170314.99000036]]]},"geometry_name":"GEOM","properties":{"INSPIRE_ID":"https://databrussels.be/id/streetsurface/151881","TYPE":"SW","STREET_ID":"https://databrussels.be/id/streetname/4568","STRNAMEFRE":"Chaussée de Mons","STRNAMEDUT":"Bergense Steenweg","MUNNISCODE":"21001","HIERARCHY":"IDR","LVL":0,"ADMIN":"REGION_RBC","AREA":15},"bbox":[147524.71638835,170314.99000036,147531.58900955,170318.51871942]},{"type":"Feature","id":"StreetSurfaces.fid--324554a4_1a02c2cbca7_-6274","geometry":{"type":"Polygon","coordinates":[[[147538.64138689,170320.89659034],[147535.39073956,170319.10868574],[147535.50068963,170318.85904237],[147535.7766638,170318.32900351],[147536.085883,170317.81912636],[147537.98905001,170314.83036235],[147539.40324388,170315.68021439],[147551.33,170296.70000035],[147580.92999999,170249.42000035],[147596.50812378,170224.69464799],[147598.26101739,170227.04536506],[147566.62000001,170276.93000034],[147538.64138689,170320.89659034]]]},"geometry_name":"GEOM","properties":{"INSPIRE_ID":"https://databrussels.be/id/streetsurface/151882","TYPE":"SW","STREET_ID":"https://databrussels.be/id/streetname/1676","STRNAMEFRE":"Rue Gheude","STRNAMEDUT":"Gheudestraat","MUNNISCODE":"21001","HIERARCHY":"DR","LVL":0,"ADMIN":"MUN_RBC","AREA":284},"bbox":[147535.39073956,170224.69464799,147598.26101739,170320.89659034]},{"type":"Feature","id":"StreetSurfaces.fid--324554a4_1a02c2cbca7_-62a4","geometry":{"type":"Polygon","coordinates":[[[147635.28322501,170262.13259035],[147637.70574689,170259.40929617],[147642.15,170263.77100035],[147643.26800001,170264.64500035],[147642.24500001,170265.84400035],[147641.08900001,170264.93100034],[147638.49294863,170268.13890256],[147635.42999999,170265.81000034],[147636,170263.92000035],[147635.28322501,170262.13259035]]]},"geometry_name":"GEOM","properties":{"INSPIRE_ID":"https://databrussels.be/id/streetsurface/151883","TYPE":"SW","STREET_ID":"https://databrussels.be/id/streetname/1974","STRNAMEFRE":"Rue de la Clinique","STRNAMEDUT":"Kliniekstraat","MUNNISCODE":"21001","HIERARCHY":"DR","LVL":0,"ADMIN":"MUN_RBC","AREA":36},"bbox":[147635.28322501,170259.40929617,147643.26800001,170268.13890256]},{"type":"Feature","id":"StreetSurfaces.fid--324554a4_1a02c2cbca7_-629c","geometry":{"type":"Polygon","coordinates":[[[147655.04470034,170257.62853326],[147656.225,170256.13200034],[147661.04000001,170259.93000034],[147657.06176403,170265.06512562],[147656.36300001,170264.71000034],[147655.602,170264.08100034],[147657.33900001,170261.90900034],[147657.21500001,170261.77800034],[147658.35999999,170260.27800034],[147655.04470034,170257.62853326]]]},"geometry_name":"GEOM","properties":{"INSPIRE_ID":"https://databrussels.be/id/streetsurface/151884","TYPE":"SW","STREET_ID":"https://databrussels.be/id/streetname/5130","STRNAMEFRE":"Rue Docteur De Meersman","STRNAMEDUT":"Dokter De Meersmanstraat","MUNNISCODE":"21001","HIERARCHY":"DR","LVL":0,"ADMIN":"MUN_RBC","AREA":20},"bbox":[147655.04470034,170256.13200034,147661.04000001,170265.06512562]},{"type":"Feature","id":"StreetSurfaces.fid--324554a4_1a02c2cbca7_-629a","geometry":{"type":"Polygon","coordinates":[[[147705.5,170203.40500034],[147706.6717036,170204.32666751],[147691.63,170223.20000035],[147681.50999999,170236.94000036],[147673.00999999,170248.07000035],[147670.55899999,170251.13800036],[147669.98499999,170251.85600034],[147670.52000001,170252.27500035],[147664.45699999,170259.83600033],[147663.08264675,170261.51630219],[147661.04000001,170259.93000034],[147705.5,170203.40500034]]]},"geometry_name":"GEOM","properties":{"INSPIRE_ID":"https://databrussels.be/id/streetsurface/151885","TYPE":"SW","STREET_ID":"https://databrussels.be/id/streetname/5130","STRNAMEFRE":"Rue Docteur De Meersman","STRNAMEDUT":"Dokter De Meersmanstraat","MUNNISCODE":"21001","HIERARCHY":"DR","LVL":0,"ADMIN":"MUN_RBC","AREA":131},"bbox":[147661.04000001,170203.40500034,147706.6717036,170261.51630219]},{"type":"Feature","id":"StreetSurfaces.fid--324554a4_1a02c2cbca7_-6291","geometry":{"type":"Polygon","coordinates":[[[147731.69086223,170182.14290227],[147733.673,170182.56700035],[147731.94000001,170190.67200035],[147727.14000001,170213.11500036],[147725.18000274,170212.695939],[147727.92999999,170199.58000034],[147731.69086223,170182.14290227]]]},"geometry_name":"GEOM","properties":{"INSPIRE_ID":"https://databrussels.be/id/streetsurface/151886","TYPE":"SW","STREET_ID":"https://databrussels.be/id/streetname/354","STRNAMEFRE":"Rue Otlet","STRNAMEDUT":"Otletstraat","MUNNISCODE":"21001","HIERARCHY":"DR","LVL":0,"ADMIN":"MUN_RBC","AREA":64},"bbox":[147725.18000274,170182.14290227,147733.673,170213.11500036]},{"type":"Feature","id":"StreetSurfaces.fid--324554a4_1a02c2cbca7_-6290","geometry":{"type":"Polygon","coordinates":[[[147788.62523243,170371.68017667],[147786.51199999,170370.68000034],[147791.371,170360.41500035],[147792.275,170358.50600034],[147794.45166149,170359.53622514],[147788.62523243,170371.68017667]]]},"geometry_name":"GEOM","properties":{"INSPIRE_ID":"https://databrussels.be/id/streetsurface/151887","TYPE":"SW","STREET_ID":"https://databrussels.be/id/streetname/2935","STRNAMEFRE":"Rue Plantin","STRNAMEDUT":"Plantinstraat","MUNNISCODE":"21001","HIERARCHY":"DR","LVL":0,"ADMIN":"MUN_RBC","AREA":32},"bbox":[147786.51199999,170358.50600034,147794.45166149,170371.68017667]},{"type":"Feature","id":"StreetSurfaces.fid--324554a4_1a02c2cbca7_-6320","geometry":{"type":"Polygon","coordinates":[[[147881.03957031,170393.97683276],[147881.9388443,170390.09834252],[147882.93299999,170390.32900034],[147883.58900001,170390.53700034],[147884.13299999,170390.80600034],[147884.795,170391.25200034],[147885.398,170391.84200035],[147887.28,170393.88800036],[147887.897,170394.87500035],[147888.06600001,170395.43900036],[147888.08648024,170395.61773695],[147881.03957031,170393.97683276]]]},"geometry_name":"GEOM","properties":{"INSPIRE_ID":"https://databrussels.be/id/streetsurface/151888","TYPE":"SW","STREET_ID":"https://databrussels.be/id/streetname/5966","STRNAMEFRE":"Boulevard Poincaré","STRNAMEDUT":"Poincarélaan","MUNNISCODE":"21004","HIERARCHY":"MAR","LVL":0,"ADMIN":"REGION_RBC","AREA":20},"bbox":[147881.03957031,170390.09834252,147888.08648024,170395.61773695]},{"type":"Feature","id":"StreetSurfaces.fid--324554a4_1a02c2cbca7_-62ed","geometry":{"type":"Polygon","coordinates":[[[147881.03957031,170393.97683276],[147831.08,170382.44000036],[147799.3,170374.86000034],[147800.20750351,170373.14371754],[147802.59000001,170373.68100034],[147821.55999999,170378.15100034],[147847.39000001,170384.17100035],[147867.58,170388.89000036],[147879.58299999,170391.56900035],[147880.028,170389.65500034],[147881.9388443,170390.09834252],[147881.03957031,170393.97683276]]]},"geometry_name":"GEOM","properties":{"INSPIRE_ID":"https://databrussels.be/id/streetsurface/151889","TYPE":"SW","STREET_ID":"https://databrussels.be/id/streetname/117","STRNAMEFRE":"Rue Moretus","STRNAMEDUT":"Moretusstraat","MUNNISCODE":"21001","HIERARCHY":"DR","LVL":0,"ADMIN":"MUN_RBC","AREA":168},"bbox":[147799.3,170373.14371754,147881.9388443,170393.97683276]},{"type":"Feature","id":"StreetSurfaces.fid--324554a4_1a02c2cbca7_-6265","geometry":{"type":"Polygon","coordinates":[[[147595.50496881,170348.4308515],[147595.01350124,170348.96410786],[147593.86309426,170349.87099041],[147592.58319421,170350.58354076],[147591.22409999,170351.07873935],[147590.76366549,170351.21780916],[147590.29377172,170351.32556115],[147589.81764307,170351.40113987],[147589.33859,170351.44413434],[147588.86045825,170351.45845462],[147588.38159413,170351.44832229],[147587.90387368,170351.41372911],[147587.42916401,170351.35485834],[147587.24184775,170351.31791917],[147587.05698152,170351.26855625],[147586.87579184,170351.20705401],[147586.5279803,170351.05550502],[147586.01573401,170350.81572934],[147584.77468443,170350.25109106],[147588.75462301,170347.24093834],[147589.5998028,170347.04815704],[147590.49255977,170346.84452361],[147595.50496881,170348.4308515]]]},"geometry_name":"GEOM","properties":{"INSPIRE_ID":"https://databrussels.be/id/streetsurface/151891","TYPE":"SW","STREET_ID":"https://databrussels.be/id/streetname/4568","STRNAMEFRE":"Chaussée de Mons","STRNAMEDUT":"Bergense Steenweg","MUNNISCODE":"21001","HIERARCHY":"IDR","LVL":0,"ADMIN":"REGION_RBC","AREA":30},"bbox":[147584.77468443,170346.84452361,147595.50496881,170351.45845462]},{"type":"Feature","id":"StreetSurfaces.fid--324554a4_1a02c2cbca7_-626b","geometry":{"type":"Polygon","coordinates":[[[147595.50496881,170348.4308515],[147590.49255977,170346.84452361],[147603.25999999,170330.40000035],[147612.00999999,170319.44000035],[147614.05,170320.86000034],[147615.68900001,170322.05000035],[147614.56199999,170323.55900034],[147612.94300001,170322.37200035],[147597.82000001,170341.78000034],[147595.58591776,170344.64721202],[147597.33033099,170345.98195535],[147595.993804,170347.90045134],[147595.50496881,170348.4308515]]]},"geometry_name":"GEOM","properties":{"INSPIRE_ID":"https://databrussels.be/id/streetsurface/151892","TYPE":"SW","STREET_ID":"https://databrussels.be/id/streetname/5130","STRNAMEFRE":"Rue Docteur De Meersman","STRNAMEDUT":"Dokter De Meersmanstraat","MUNNISCODE":"21001","HIERARCHY":"DR","LVL":0,"ADMIN":"MUN_RBC","AREA":103},"bbox":[147590.49255977,170319.44000035,147615.68900001,170348.4308515]},{"type":"Feature","id":"StreetSurfaces.fid--324554a4_1a02c2cbca7_-62a9","geometry":{"type":"Polygon","coordinates":[[[147620.40496678,170308.81496712],[147622.31900001,170306.39300035],[147624.14200001,170307.83300034],[147623.89000001,170308.16000034],[147624.32000001,170308.41000033],[147624.55,170309.87000035],[147626.25,170310.89000036],[147628.09100001,170312.31400036],[147631.40999999,170314.88000034],[147632.64000001,170314.75000035],[147632.98,170315.05000034],[147633.20899999,170314.80100035],[147634.45799999,170315.74300035],[147632.43819606,170318.42142707],[147631.90999999,170318.38000034],[147629.75999999,170318.73000034],[147629.3,170318.59000035],[147628.72000001,170318.24000036],[147621.80999999,170312.88000034],[147621.42999999,170312.35000035],[147621.25,170311.79000036],[147620.75999999,170309.22000035],[147620.40496678,170308.81496712]]]},"geometry_name":"GEOM","properties":{"INSPIRE_ID":"https://databrussels.be/id/streetsurface/151893","TYPE":"SW","STREET_ID":"https://databrussels.be/id/streetname/5130","STRNAMEFRE":"Rue Docteur De Meersman","STRNAMEDUT":"Dokter De Meersmanstraat","MUNNISCODE":"21001","HIERARCHY":"DR","LVL":0,"ADMIN":"MUN_RBC","AREA":65},"bbox":[147620.40496678,170306.39300035,147634.45799999,170318.73000034]},{"type":"Feature","id":"StreetSurfaces.fid--324554a4_1a02c2cbca7_-62a5","geometry":{"type":"Polygon","coordinates":[[[147664.28248799,170275.23280255],[147664.33,170275.45000035],[147664.40999999,170276.52000035],[147664.42999999,170277.06000034],[147664.52000001,170277.17000035],[147667.10999999,170279.18000034],[147667.79000001,170279.99000036],[147668.39000001,170280.95000035],[147668.48,170281.81000034],[147668.3,170282.78000034],[147667.85,170283.90000035],[147665.88,170286.47000035],[147661.65,170291.93000034],[147639.66400001,170320.25000035],[147638.98099999,170320.74500035],[147638.028,170321.02700034],[147637.12000001,170321.07500035],[147636.28499999,170320.87400035],[147635.448,170320.40900034],[147633.78,170319.05000035],[147633.02000001,170318.58000034],[147632.63,170318.39000036],[147632.43819606,170318.42142707],[147634.45799999,170315.74300035],[147638.03,170318.43600034],[147666.41199999,170281.88900036],[147661.672,170278.34200035],[147664.28248799,170275.23280255]]]},"geometry_name":"GEOM","properties":{"INSPIRE_ID":"https://databrussels.be/id/streetsurface/151894","TYPE":"SW","STREET_ID":"https://databrussels.be/id/streetname/5130","STRNAMEFRE":"Rue Docteur De Meersman","STRNAMEDUT":"Dokter De Meersmanstraat","MUNNISCODE":"21001","HIERARCHY":"DR","LVL":0,"ADMIN":"MUN_RBC","AREA":150},"bbox":[147632.43819606,170275.23280255,147668.48,170321.07500035]},{"type":"Feature","id":"StreetSurfaces.fid--324554a4_1a02c2cbca7_-62a7","geometry":{"type":"Polygon","coordinates":[[[147624.62000001,170328.79000035],[147626.97599769,170325.66527399],[147629.424,170327.83000034],[147630.501,170326.48500034],[147631.96400001,170327.64300035],[147630.873,170328.96600035],[147635.78699999,170333.05700034],[147641.26500001,170325.48900036],[147639.81600001,170324.35300034],[147640.89300001,170323.00800034],[147642.35599999,170324.16600035],[147651.19000001,170312.65000035],[147649.74000001,170311.51400036],[147650.81800001,170310.16900035],[147652.28,170311.32700034],[147662.28900001,170298.41700036],[147660.83900001,170297.28100034],[147661.91700001,170295.93600034],[147663.379,170297.09400035],[147671.08900001,170287.09900035],[147669.64000001,170285.96400036],[147670.71700001,170284.61800035],[147672.17999999,170285.77600034],[147679.66300001,170276.53000034],[147670.69000001,170269.92800034],[147669.51300001,170271.36400036],[147668.30054588,170270.44713146],[147670.78,170267.49400035],[147682.98499999,170277.21600035],[147662.03,170305.06000034],[147636.19000001,170337.90000035],[147632.24000001,170334.54000035],[147624.62000001,170328.79000035]]]},"geometry_name":"GEOM","properties":{"INSPIRE_ID":"https://databrussels.be/id/streetsurface/151895","TYPE":"SW","STREET_ID":"https://databrussels.be/id/streetname/5130","STRNAMEFRE":"Rue Docteur De Meersman","STRNAMEDUT":"Dokter De Meersmanstraat","MUNNISCODE":"21001","HIERARCHY":"DR","LVL":0,"ADMIN":"MUN_RBC","AREA":358},"bbox":[147624.62000001,170267.49400035,147682.98499999,170337.90000035]},{"type":"Feature","id":"StreetSurfaces.fid--324554a4_1a02c2cbca7_-62d0","geometry":{"type":"Polygon","coordinates":[[[147678.86659713,170386.55809251],[147679.10381301,170384.53145734],[147679.96721864,170384.05617329],[147680.89476407,170383.54558183],[147684.01456788,170384.80504867],[147683.954548,170385.06156035],[147683.81197012,170385.64247533],[147683.60163026,170386.20675901],[147683.32711768,170386.74276444],[147682.99460599,170387.23998336],[147682.36679101,170387.99555935],[147678.86659713,170386.55809251]]]},"geometry_name":"GEOM","properties":{"INSPIRE_ID":"https://databrussels.be/id/streetsurface/151896","TYPE":"SW","STREET_ID":"https://databrussels.be/id/streetname/4568","STRNAMEFRE":"Chaussée de Mons","STRNAMEDUT":"Bergense Steenweg","MUNNISCODE":"21001","HIERARCHY":"IDR","LVL":0,"ADMIN":"REGION_RBC","AREA":15},"bbox":[147678.86659713,170383.54558183,147684.01456788,170387.99555935]},{"type":"Feature","id":"StreetSurfaces.fid--324554a4_1a02c2cbca7_-62ea","geometry":{"type":"Polygon","coordinates":[[[147691.31049762,170389.57034587],[147695.930773,170391.48799735],[147701.82752299,170393.84661535],[147707.891471,170396.39973234],[147714.50552299,170399.16416334],[147726.05272,170403.96633834],[147726.16791799,170403.68933734],[147732.87200401,170406.91342534],[147735.80460601,170408.60096635],[147739.24219501,170410.28752636],[147744.69967699,170412.87779735],[147754.79300301,170417.68306035],[147760.533026,170420.53222634],[147759.61137145,170422.12671515],[147759.33673301,170421.99791836],[147745.77892499,170415.60152634],[147738.170224,170412.04608334],[147730.056917,170408.23767735],[147723.87880263,170405.38901108],[147720.15493801,170403.71714634],[147716.546807,170402.13682734],[147714.73741577,170401.35899841],[147708.49553101,170398.73838335],[147690.80874224,170391.42301978],[147691.31049762,170389.57034587]]]},"geometry_name":"GEOM","properties":{"INSPIRE_ID":"https://databrussels.be/id/streetsurface/151897","TYPE":"SW","STREET_ID":"https://databrussels.be/id/streetname/4568","STRNAMEFRE":"Chaussée de Mons","STRNAMEDUT":"Bergense Steenweg","MUNNISCODE":"21001","HIERARCHY":"IDR","LVL":0,"ADMIN":"REGION_RBC","AREA":154},"bbox":[147690.80874224,170389.57034587,147760.533026,170422.12671515]},{"type":"Feature","id":"StreetSurfaces.fid--324554a4_1a02c2cbca7_-62e1","geometry":{"type":"Polygon","coordinates":[[[147773.65189385,170430.94838611],[147772.84100001,170430.54400035],[147771.91700001,170429.95300034],[147771.11400001,170429.17200035],[147770.48699999,170428.24400035],[147770.06700001,170427.23100034],[147769.94300001,170426.73400034],[147769.871,170426.22400035],[147769.852,170425.71000034],[147769.88599999,170425.19900035],[147769.96800001,170424.69800035],[147770.09400001,170424.20300034],[147770.26300001,170423.72200035],[147770.472,170423.25900034],[147770.57901185,170423.04699572],[147774.1398129,170424.55756401],[147774.33578248,170425.10349323],[147774.70605984,170426.13500651],[147774.82076957,170426.45456318],[147775.243664,170427.63265635],[147773.65189385,170430.94838611]]]},"geometry_name":"GEOM","properties":{"INSPIRE_ID":"https://databrussels.be/id/streetsurface/151898","TYPE":"SW","STREET_ID":"https://databrussels.be/id/streetname/4568","STRNAMEFRE":"Chaussée de Mons","STRNAMEDUT":"Bergense Steenweg","MUNNISCODE":"21001","HIERARCHY":"IDR","LVL":0,"ADMIN":"REGION_RBC","AREA":28},"bbox":[147769.852,170423.04699572,147775.243664,170430.94838611]},{"type":"Feature","id":"StreetSurfaces.fid--324554a4_1a02c2cbca7_-6313","geometry":{"type":"Polygon","coordinates":[[[148017.77218413,170474.62014157],[148016.53900001,170476.82400034],[147950.275,170439.73800036],[147944.91099999,170436.73600033],[147946.82717838,170435.67439734],[147948.20999999,170436.34700035],[147957.25699999,170441.35800034],[147975.93399999,170451.75600034],[147985.10999999,170456.84800035],[148000,170465.16900035],[148000.771,170465.60000035],[148011.42,170471.57000035],[148012.43800001,170470.08100034],[148015.24300001,170471.73800036],[148015.81400001,170472.19500035],[148016.38599999,170472.74000036],[148016.71400001,170473.09800035],[148017.204,170473.71700035],[148017.50999999,170474.16800035],[148017.77218413,170474.62014157]]]},"geometry_name":"GEOM","properties":{"INSPIRE_ID":"https://databrussels.be/id/streetsurface/151908","TYPE":"SW","STREET_ID":"https://databrussels.be/id/streetname/5657","STRNAMEFRE":"Rue de Cureghem","STRNAMEDUT":"Kuregemsestraat","MUNNISCODE":"21004","HIERARCHY":"DR","LVL":0,"ADMIN":"MUN_RBC","AREA":177},"bbox":[147944.91099999,170435.67439734,148017.77218413,170476.82400034]},{"type":"Feature","id":"StreetSurfaces.fid--324554a4_1a02c2cbca7_-6323","geometry":{"type":"Polygon","coordinates":[[[147954.61199999,170428.13800036],[147952.75048897,170424.80450977],[147952.94847834,170424.45888678],[147953.68916812,170423.65364093],[147954.95223289,170422.61651245],[147955.87043307,170423.73474063],[147981.48900001,170401.01100034],[147982.62000001,170400.00000035],[148000,170384.46500036],[148005.571,170379.48600033],[148007.35943437,170377.92910868],[148006.33779821,170376.80320529],[148007.74387353,170375.57996329],[148007.98013887,170375.3356723],[148008.18098736,170375.14583005],[148008.47356732,170374.89483301],[148008.79027162,170374.65308519],[148008.98282304,170374.52481145],[148011.60899999,170377.49000035],[147994.21600001,170392.88500034],[147967.19400001,170416.96600035],[147963.66300001,170419.94600035],[147954.61199999,170428.13800036]]]},"geometry_name":"GEOM","properties":{"INSPIRE_ID":"https://databrussels.be/id/streetsurface/151909","TYPE":"SW","STREET_ID":"https://databrussels.be/id/streetname/762","STRNAMEFRE":"Rue des Foulons","STRNAMEDUT":"Voldersstraat","MUNNISCODE":"21004","HIERARCHY":"DR","LVL":0,"ADMIN":"MUN_RBC","AREA":195},"bbox":[147952.75048897,170374.52481145,148011.60899999,170428.13800036]},{"type":"Feature","id":"StreetSurfaces.fid--324554a4_1a02c2cbca7_-6318","geometry":{"type":"Polygon","coordinates":[[[147954.61199999,170428.13800036],[147954.86600001,170429.60900034],[147955.12000001,170431.08000034],[147953.33417311,170432.06938587],[147953.08714926,170431.81896933],[147952.63122416,170431.1275592],[147952.57204416,170431.00730528],[147952.3471148,170430.48316582],[147952.1670326,170429.94197661],[147952.03307183,170429.3875671],[147951.94618039,170428.82386037],[147951.90697315,170428.2548453],[147951.91572754,170427.68454822],[147951.97238164,170427.11700465],[147952.07653451,170426.55623058],[147952.2274492,170426.00619408],[147952.42405779,170425.4707873],[147952.66496909,170424.95379876],[147952.75048897,170424.80450977],[147954.61199999,170428.13800036]]]},"geometry_name":"GEOM","properties":{"INSPIRE_ID":"https://databrussels.be/id/streetsurface/151910","TYPE":"SW","STREET_ID":"https://databrussels.be/id/streetname/762","STRNAMEFRE":"Rue des Foulons","STRNAMEDUT":"Voldersstraat","MUNNISCODE":"21004","HIERARCHY":"DR","LVL":0,"ADMIN":"MUN_RBC","AREA":14},"bbox":[147951.90697315,170424.80450977,147955.12000001,170432.06938587]},{"type":"Feature","id":"StreetSurfaces.fid--324554a4_1a02c2cbca7_-6228","geometry":{"type":"Polygon","coordinates":[[[147994.295,170204.33700034],[147985.51699859,170202.32231043],[147985.20673897,170201.45240397],[147984.99516437,170200.32824428],[147985.01406098,170199.45796852],[147985.06445197,170198.60030545],[147985.21090077,170197.69849795],[147986.39357817,170192.86355473],[147988.60810318,170182.94460417],[147991.04419231,170183.59573441],[147997.7228961,170154.23285847],[147995.3878496,170153.62211479],[148000,170133.41726753],[148004.39061762,170114.6318625],[148006.86944373,170115.10509643],[148008.22739127,170109.34601717],[148005.68781484,170108.80673864],[148006.1066899,170106.65469803],[148006.87726843,170103.56355381],[148007.25041292,170102.49467933],[148017.005,170104.73400034],[148015.16500001,170112.32700034],[148007.999,170144.30600034],[148000.69200001,170175.91000034],[147994.295,170204.33700034]]]},"geometry_name":"GEOM","properties":{"INSPIRE_ID":"https://databrussels.be/id/streetsurface/152045","TYPE":"SW","STREET_ID":"https://databrussels.be/id/streetname/1283","STRNAMEFRE":"Boulevard du Midi","STRNAMEDUT":"Zuidlaan","MUNNISCODE":"21004","HIERARCHY":"MAR","LVL":0,"ADMIN":"REGION_RBC","AREA":948},"bbox":[147984.99516437,170102.49467933,148017.005,170204.33700034]},{"type":"Feature","id":"StreetSurfaces.fid--324554a4_1a02c2cbca7_-62db","geometry":{"type":"Polygon","coordinates":[[[147863.6880656,170468.14371999],[147870.45335245,170470.92060622],[147870.38099999,170471.03000034],[147870.148,170471.33000034],[147869.89400001,170471.61300036],[147869.62000001,170471.87600034],[147869.328,170472.11800035],[147869.01800001,170472.33800036],[147868.56600001,170472.62600034],[147868.097,170472.88400034],[147867.61099999,170473.11200033],[147867.11300001,170473.30800034],[147866.454,170473.54100035],[147865.78199999,170473.73400034],[147865.1,170473.88500034],[147864.40899999,170473.99400035],[147863.71300001,170474.06000034],[147863.01500001,170474.08300034],[147862.61400001,170474.08900035],[147862.21300001,170474.07400035],[147862.06465626,170474.06064941],[147863.00670753,170470.6262688],[147863.6880656,170468.14371999]]]},"geometry_name":"GEOM","properties":{"INSPIRE_ID":"https://databrussels.be/id/streetsurface/152054","TYPE":"SW","STREET_ID":"https://databrussels.be/id/streetname/679","STRNAMEFRE":"Porte d'Anderlecht","STRNAMEDUT":"Anderlechtsepoort","MUNNISCODE":"21004","HIERARCHY":"MAR","LVL":0,"ADMIN":"REGION_RBC","AREA":29},"bbox":[147862.06465626,170468.14371999,147870.45335245,170474.08900035]},{"type":"Feature","id":"StreetSurfaces.fid--324554a4_1a02c2cbca7_-622f","geometry":{"type":"Polygon","coordinates":[[[147971.54487432,170304.06053899],[147961.89240696,170301.87284501],[147964.71886984,170288.38546209],[147964.93483914,170287.54042522],[147965.21704367,170286.86218372],[147965.54166326,170286.23682178],[147965.84968039,170285.7640916],[147975.177,170288.03500034],[147971.78860569,170302.9851559],[147971.54487432,170304.06053899]]]},"geometry_name":"GEOM","properties":{"INSPIRE_ID":"https://databrussels.be/id/streetsurface/152055","TYPE":"SW","STREET_ID":"https://databrussels.be/id/streetname/1283","STRNAMEFRE":"Boulevard du Midi","STRNAMEDUT":"Zuidlaan","MUNNISCODE":"21004","HIERARCHY":"MAR","LVL":0,"ADMIN":"REGION_RBC","AREA":165},"bbox":[147961.89240696,170285.7640916,147975.177,170304.06053899]},{"type":"Feature","id":"StreetSurfaces.fid--324554a4_1a02c2cbca7_-6232","geometry":{"type":"Polygon","coordinates":[[[147961.89240696,170301.87284501],[147971.54487432,170304.06053899],[147968.568,170317.195],[147967.6292901,170321.33610653],[147957.91287645,170319.13358062],[147961.81036328,170302.26434302],[147961.89240696,170301.87284501]]]},"geometry_name":"GEOM","properties":{"INSPIRE_ID":"https://databrussels.be/id/streetsurface/152056","TYPE":"SW","STREET_ID":"https://databrussels.be/id/streetname/1283","STRNAMEFRE":"Boulevard du Midi","STRNAMEDUT":"Zuidlaan","MUNNISCODE":"21004","HIERARCHY":"MAR","LVL":0,"ADMIN":"REGION_RBC","AREA":176},"bbox":[147957.91287645,170301.87284501,147971.54487432,170321.33610653]},{"type":"Feature","id":"StreetSurfaces.fid--324554a4_1a02c2cbca7_-622c","geometry":{"type":"Polygon","coordinates":[[[147976.96249834,170280.15880183],[147976.82420801,170280.10135615],[147973.82543508,170279.09689991],[147972.87729364,170278.56707684],[147970.54078404,170276.81835325],[147969.73162738,170276.07446428],[147969.61105858,170275.91796957],[147977.48900001,170277.83600034],[147976.96249834,170280.15880183]]]},"geometry_name":"GEOM","properties":{"INSPIRE_ID":"https://databrussels.be/id/streetsurface/152057","TYPE":"SW","STREET_ID":"https://databrussels.be/id/streetname/1283","STRNAMEFRE":"Boulevard du Midi","STRNAMEDUT":"Zuidlaan","MUNNISCODE":"21004","HIERARCHY":"MAR","LVL":0,"ADMIN":"REGION_RBC","AREA":13},"bbox":[147969.61105858,170275.91796957,147977.48900001,170280.15880183]},{"type":"Feature","id":"StreetSurfaces.fid--324554a4_1a02c2cbca7_-6226","geometry":{"type":"Polygon","coordinates":[[[148112.40599999,170269.23700033],[147992.076,170214.18200034],[147992.5168245,170212.22728132],[147993.625,170212.73400034],[148000,170215.64900035],[148034.28099999,170231.32500035],[148070.773,170247.99200035],[148103.78299999,170262.59700035],[148112.598,170266.62000035],[148113.41635308,170267.32744156],[148114.12287254,170268.18985611],[148112.40599999,170269.23700033]]]},"geometry_name":"GEOM","properties":{"INSPIRE_ID":"https://databrussels.be/id/streetsurface/152058","TYPE":"SW","STREET_ID":"https://databrussels.be/id/streetname/2966","STRNAMEFRE":"Rue d'Artois","STRNAMEDUT":"Artesiëstraat","MUNNISCODE":"21004","HIERARCHY":"DR","LVL":0,"ADMIN":"MUN_RBC","AREA":277},"bbox":[147992.076,170212.22728132,148114.12287254,170269.23700033]},{"type":"Feature","id":"StreetSurfaces.fid--324554a4_1a02c2cbca7_-62d5","geometry":{"type":"Polygon","coordinates":[[[147568.28638375,170378.75172702],[147569.54177067,170379.8980256],[147568.07694273,170381.45241102],[147566.83974731,170380.28649908],[147557.47300074,170390.55847901],[147558.69719968,170391.71557962],[147557.28543575,170393.26667601],[147556.02679534,170392.15981509],[147554.36821432,170393.98447458],[147552.69763238,170392.45540465],[147553.33789725,170391.75094968],[147558.11159327,170386.48718067],[147566.94293778,170376.85194327],[147572.53946726,170370.70328966],[147577.57696126,170365.15658067],[147581.23877759,170366.47895578],[147580.92633572,170367.14426979],[147580.57269802,170367.7052523],[147580.16114078,170368.21991898],[147579.48777673,170368.96288201],[147577.59465573,170371.03570403],[147576.37161732,170369.89707009],[147568.28638375,170378.75172702]]]},"geometry_name":"GEOM","properties":{"INSPIRE_ID":"https://databrussels.be/id/streetsurface/152074","TYPE":"SW","STREET_ID":"https://databrussels.be/id/streetname/3948","STRNAMEFRE":"Rue de Liverpool","STRNAMEDUT":"Liverpoolstraat","MUNNISCODE":"21001","HIERARCHY":"DR","LVL":0,"ADMIN":"MUN_RBC","AREA":101},"bbox":[147552.69763238,170365.15658067,147581.23877759,170393.98447458]},{"type":"Feature","id":"StreetSurfaces.fid--324554a4_1a02c2cbca7_-62e6","geometry":{"type":"Polygon","coordinates":[[[147709.26900039,170414.47699941],[147709.89399908,170412.91399997],[147711.67500036,170413.57799941],[147711.04000094,170415.18900071],[147711.42900035,170415.3399994],[147719.7310004,170418.85999943],[147722.14100041,170419.95599943],[147723.27499912,170417.85899986],[147732.52300043,170422.37799944],[147750.45900045,170431.20499946],[147749.69400091,170432.86600076],[147753.55675247,170434.69374298],[147752.67734222,170436.74687966],[147743.79860458,170432.58785525],[147736.32592857,170429.13500825],[147736.0637583,170429.01077114],[147732.40599957,170427.27800125],[147729.6204833,170425.61100534],[147728.79045949,170425.1144512],[147724.22288044,170422.81586617],[147700.43235762,170413.18939527],[147696.18017261,170411.41073927],[147687.84166963,170408.02081226],[147688.4427671,170404.16898619],[147688.66600022,170404.22199937],[147689.3840004,170404.54299942],[147696.40800037,170407.35199942],[147695.72600093,170408.94300073],[147709.26900039,170414.47699941]]]},"geometry_name":"GEOM","properties":{"INSPIRE_ID":"https://databrussels.be/id/streetsurface/152229","TYPE":"SW","STREET_ID":"https://databrussels.be/id/streetname/4568","STRNAMEFRE":"Chaussée de Mons","STRNAMEDUT":"Bergense Steenweg","MUNNISCODE":"21001","HIERARCHY":"IDR","LVL":0,"ADMIN":"REGION_RBC","AREA":232},"bbox":[147687.84166963,170404.16898619,147753.55675247,170436.74687966]},{"type":"Feature","id":"StreetSurfaces.fid--324554a4_1a02c2cbca7_-62c6","geometry":{"type":"Polygon","coordinates":[[[147682.93749924,170407.44509875],[147683.528,170406.05300034],[147684.105,170405.35500034],[147684.95799999,170404.71200033],[147685.79000001,170404.26800035],[147687.08800001,170404.00100034],[147687.88699999,170404.03700034],[147688.44276807,170404.16898636],[147687.84166999,170408.02081136],[147686.70262008,170408.55201117],[147685.55749364,170409.08604478],[147682.93749924,170407.44509875]]]},"geometry_name":"GEOM","properties":{"INSPIRE_ID":"https://databrussels.be/id/streetsurface/152230","TYPE":"SW","STREET_ID":"https://databrussels.be/id/streetname/4568","STRNAMEFRE":"Chaussée de Mons","STRNAMEDUT":"Bergense Steenweg","MUNNISCODE":"21001","HIERARCHY":"IDR","LVL":0,"ADMIN":"REGION_RBC","AREA":19},"bbox":[147682.93749924,170404.00100034,147688.44276807,170409.08604478]},{"type":"Feature","id":"StreetSurfaces.fid--324554a4_1a02c2cbca7_-630f","geometry":{"type":"Polygon","coordinates":[[[147849.07400117,170583.69399954],[147848.09500098,170588.86100053],[147848.03800099,170589.25800048],[147847.96000099,170589.65200053],[147847.86300097,170590.04200059],[147847.74600096,170590.42600063],[147847.62300096,170590.78500067],[147847.48000092,170591.13600072],[147847.31800091,170591.47900077],[147847.13700089,170591.81200083],[147846.82100072,170592.27400149],[147837.50602739,170590.50985852],[147840.72099903,170574.46200014],[147854.12399902,170507.56100014],[147856.17999902,170497.41000015],[147857.17138116,170492.61986984],[147857.77940116,170489.68353773],[147864.6110013,170495.17547869],[147864.55800099,170495.4850005],[147864.42900097,170496.06300057],[147864.27200096,170496.6340006],[147862.33100097,170506.06900054],[147861.77700098,170508.82600053],[147860.25900099,170516.30600055],[147859.306001,170527.03600043],[147858.78600099,170532.72100044],[147858.26400077,170538.59800151],[147855.81300078,170538.11800152],[147851.53500099,170559.18400055],[147850.29600098,170565.21400055],[147846.64200118,170583.19599956],[147849.07400117,170583.69399954]]]},"geometry_name":"GEOM","properties":{"INSPIRE_ID":"https://databrussels.be/id/streetsurface/152231","TYPE":"SW","STREET_ID":"https://databrussels.be/id/streetname/5966","STRNAMEFRE":"Boulevard Poincaré","STRNAMEDUT":"Poincarélaan","MUNNISCODE":"21004","HIERARCHY":"MAR","LVL":0,"ADMIN":"REGION_RBC","AREA":820},"bbox":[147837.50602739,170489.68353773,147864.6110013,170592.27400149]},{"type":"Feature","id":"StreetSurfaces.fid--324554a4_1a02c2cbca7_-6303","geometry":{"type":"Polygon","coordinates":[[[147928.13385184,170498.1616809],[147927.11410055,170502.84558111],[147926.797,170502.69700035],[147926.173,170502.42100035],[147925.56600001,170502.11000034],[147924.978,170501.76500036],[147924.40999999,170501.38800036],[147923.89200001,170501.00300034],[147923.396,170500.59100035],[147922.922,170500.15300034],[147922.34300001,170499.55700034],[147922.224,170499.43100034],[147921.877,170499.02100035],[147921.552,170498.59200035],[147921.25,170498.14800035],[147920.971,170497.68800036],[147920.71800001,170497.21400035],[147920.51199999,170496.76500036],[147920.33499999,170496.30400034],[147920.18900001,170495.83300034],[147920.074,170495.35300034],[147920.048,170495.21000034],[147920.026,170495.06600035],[147920.00799999,170494.92100035],[147919.99200001,170494.77700034],[147919.96900001,170494.36900035],[147919.974,170493.96100034],[147920.00699999,170493.55300034],[147920.06800001,170493.15000035],[147920.53892574,170491.06760923],[147927.07000001,170495.86800035],[147927.602,170497.01500035],[147928.13385184,170498.1616809]]]},"geometry_name":"GEOM","properties":{"INSPIRE_ID":"https://databrussels.be/id/streetsurface/152232","TYPE":"SW","STREET_ID":"https://databrussels.be/id/streetname/679","STRNAMEFRE":"Porte d'Anderlecht","STRNAMEDUT":"Anderlechtsepoort","MUNNISCODE":"21004","HIERARCHY":"MAR","LVL":0,"ADMIN":"REGION_RBC","AREA":52},"bbox":[147919.96900001,170491.06760923,147928.13385184,170502.84558111]},{"type":"Feature","id":"StreetSurfaces.fid--324554a4_1a02c2cbca7_-6314","geometry":{"type":"Polygon","coordinates":[[[147939.623,170441.46600035],[147933.35799999,170439.88600034],[147934.92999999,170438.42800034],[147937.099,170436.90100034],[147937.971,170436.32700034],[147939.154,170435.79600035],[147940.21600001,170435.42200035],[147941.03499999,170435.15900034],[147939.623,170441.46600035]]]},"geometry_name":"GEOM","properties":{"INSPIRE_ID":"https://databrussels.be/id/streetsurface/152233","TYPE":"SW","STREET_ID":"https://databrussels.be/id/streetname/1283","STRNAMEFRE":"Boulevard du Midi","STRNAMEDUT":"Zuidlaan","MUNNISCODE":"21004","HIERARCHY":"MAR","LVL":0,"ADMIN":"REGION_RBC","AREA":24},"bbox":[147933.35799999,170435.15900034,147941.03499999,170441.46600035]},{"type":"Feature","id":"StreetSurfaces.fid--324554a4_1a02c2cbca7_-631b","geometry":{"type":"Polygon","coordinates":[[[147943.33246872,170425.70999693],[147945.44500001,170416.73700033],[147947.046,170417.09700035],[147948.648,170417.45800034],[147950.51791041,170420.80653206],[147949.58148024,170421.72302371],[147947.43502204,170423.82377948],[147946.36280627,170424.87316562],[147946.23867457,170424.94520775],[147945.76153605,170425.18695637],[147945.26465533,170425.38497938],[147944.7520298,170425.53768369],[147944.22778347,170425.64384085],[147943.69613385,170425.70259677],[147943.33246872,170425.70999693]]]},"geometry_name":"GEOM","properties":{"INSPIRE_ID":"https://databrussels.be/id/streetsurface/152234","TYPE":"SW","STREET_ID":"https://databrussels.be/id/streetname/762","STRNAMEFRE":"Rue des Foulons","STRNAMEDUT":"Voldersstraat","MUNNISCODE":"21004","HIERARCHY":"DR","LVL":0,"ADMIN":"MUN_RBC","AREA":37},"bbox":[147943.33246872,170416.73700033,147950.51791041,170425.70999693]},{"type":"Feature","id":"StreetSurfaces.fid--324554a4_1a02c2cbca7_-6214","geometry":{"type":"Polygon","coordinates":[[[147545.30999999,170140.36000034],[147545.00352199,170142.04672135],[147544.69704399,170143.73344234],[147540.41577692,170147.76323792],[147539.725899,170147.05029434],[147538.98612387,170146.17882496],[147538.55964501,170145.11823934],[147538.49568384,170144.30814799],[147538.6343071,170143.48206147],[147538.97206678,170142.71554095],[147539.47035303,170142.07362987],[147543.1421026,170138.62568242],[147545.30999999,170140.36000034]]]},"geometry_name":"GEOM","properties":{"INSPIRE_ID":"https://databrussels.be/id/streetsurface/152472","TYPE":"SW","STREET_ID":"https://databrussels.be/id/streetname/1974","STRNAMEFRE":"Rue de la Clinique","STRNAMEDUT":"Kliniekstraat","MUNNISCODE":"21001","HIERARCHY":"DR","LVL":0,"ADMIN":"MUN_RBC","AREA":36},"bbox":[147538.49568384,170138.62568242,147545.30999999,170147.76323792]},{"type":"Feature","id":"StreetSurfaces.fid--324554a4_1a02c2cbca7_-6252","geometry":{"type":"Polygon","coordinates":[[[147687.88201001,170069.5198794],[147686.19300001,170072.09200035],[147683.35905068,170072.66661099],[147671.42999999,170091.91000034],[147654.17,170119.55000035],[147624.28,170167.15000035],[147603.41940465,170200.30686406],[147602.82754838,170201.24758972],[147601.37810981,170199.27454168],[147615.14000001,170177.35000035],[147628.88,170154.77000035],[147648.78,170123.04000036],[147651.79000001,170118.76000034],[147665.65999999,170097.40000035],[147673.48,170084.82000035],[147677.49000001,170077.80000035],[147685.224,170066.63800036],[147687.88201001,170069.5198794]]]},"geometry_name":"GEOM","properties":{"INSPIRE_ID":"https://databrussels.be/id/streetsurface/152473","TYPE":"SW","STREET_ID":"https://databrussels.be/id/streetname/1676","STRNAMEFRE":"Rue Gheude","STRNAMEDUT":"Gheudestraat","MUNNISCODE":"21001","HIERARCHY":"DR","LVL":0,"ADMIN":"MUN_RBC","AREA":379},"bbox":[147601.37810981,170066.63800036,147687.88201001,170201.24758972]},{"type":"Feature","id":"StreetSurfaces.fid--324554a4_1a02c2cbca7_-625d","geometry":{"type":"Polygon","coordinates":[[[147748.25096481,170049.04361104],[147750.15999999,170048.71000034],[147756.95899999,170047.53000034],[147757.18419592,170047.49070381],[147758.18246088,170053.21144151],[147756.704,170053.46800035],[147755.14100001,170051.75400034],[147748.90766344,170052.80146667],[147748.25096481,170049.04361104]]]},"geometry_name":"GEOM","properties":{"INSPIRE_ID":"https://databrussels.be/id/streetsurface/152474","TYPE":"SW","STREET_ID":"https://databrussels.be/id/streetname/1388","STRNAMEFRE":"Square Robert Pequeur","STRNAMEDUT":"Robert Pequeursquare","MUNNISCODE":"21001","HIERARCHY":"DR","LVL":0,"ADMIN":"MUN_RBC","AREA":39},"bbox":[147748.25096481,170047.49070381,147758.18246088,170053.46800035]},{"type":"Feature","id":"StreetSurfaces.fid--324554a4_1a02c2cbca7_-61f8","geometry":{"type":"Polygon","coordinates":[[[147867.81924286,170033.93401429],[147867.172,170034.23000034],[147857.976,170035.84900035],[147857.63399999,170033.88500034],[147853.946,170034.51500036],[147832.17,170038.32000035],[147795.85999999,170044.39000036],[147768.628,170049.33600034],[147763.004,170050.31100034],[147762.16700001,170052.52000035],[147758.18246088,170053.21144151],[147757.18419592,170047.49070381],[147770.83515055,170045.10862125],[147816.73,170037.10000035],[147866.92,170028.60600034],[147867.81924286,170033.93401429]]]},"geometry_name":"GEOM","properties":{"INSPIRE_ID":"https://databrussels.be/id/streetsurface/152475","TYPE":"SW","STREET_ID":"https://databrussels.be/id/streetname/5148","STRNAMEFRE":"Rue Lambert Crickx","STRNAMEDUT":"Lambert Crickxstraat","MUNNISCODE":"21001","HIERARCHY":"DR","LVL":0,"ADMIN":"MUN_RBC","AREA":442},"bbox":[147757.18419592,170028.60600034,147867.81924286,170053.21144151]},{"type":"Feature","id":"StreetSurfaces.fid--324554a4_1a02c2cbca7_-61f4","geometry":{"type":"Polygon","coordinates":[[[147869.14983897,170041.81779622],[147868.60349126,170038.58068603],[147869.729,170038.38200034],[147869.14983897,170041.81779622]]]},"geometry_name":"GEOM","properties":{"INSPIRE_ID":"https://databrussels.be/id/streetsurface/152476","TYPE":"SW","STREET_ID":"https://databrussels.be/id/streetname/1377","STRNAMEFRE":"Square de l'Aviation","STRNAMEDUT":"Luchtvaartsquare","MUNNISCODE":"21001","HIERARCHY":"DR","LVL":0,"ADMIN":"MUN_RBC","AREA":2},"bbox":[147868.60349126,170038.38200034,147869.729,170041.81779622]},{"type":"Feature","id":"StreetSurfaces.fid--324554a4_1a02c2cbca7_-6284","geometry":{"type":"Polygon","coordinates":[[[147867.10455966,170244.02936772],[147870.87425206,170240.52449311],[147881.623,170251.94600035],[147890.35899999,170261.29700035],[147896.75,170268.15500034],[147897.79400001,170269.28800036],[147901.55899999,170273.21800035],[147904.81800001,170276.73000034],[147907.38399999,170276.98200034],[147909.06038206,170275.81343108],[147906.56442077,170286.23865806],[147897.21300001,170276.25200034],[147898.69500001,170274.88700033],[147889.655,170265.23000034],[147880.94200001,170255.91500035],[147868.999,170243.13500034],[147867.53900001,170244.49500035],[147867.10455966,170244.02936772]]]},"geometry_name":"GEOM","properties":{"INSPIRE_ID":"https://databrussels.be/id/streetsurface/152477","TYPE":"SW","STREET_ID":"https://databrussels.be/id/streetname/3933","STRNAMEFRE":"Rue Brogniez","STRNAMEDUT":"Brogniezstraat","MUNNISCODE":"21001","HIERARCHY":"DR","LVL":0,"ADMIN":"MUN_RBC","AREA":211},"bbox":[147867.10455966,170240.52449311,147909.06038206,170286.23865806]},{"type":"Feature","id":"StreetSurfaces.fid--324554a4_1a02c2cbca7_-6210","geometry":{"type":"Polygon","coordinates":[[[147550.09264216,170175.04379188],[147545.929304,170170.78169833],[147541.8,170166.53000034],[147538.04181399,170162.61992234],[147531.75264483,170156.22069248],[147534.35382633,170153.64602653],[147548.40290899,170167.96841735],[147551.186094,170168.00650236],[147553.4041198,170170.34738272],[147553.72890191,170170.95458327],[147553.85174599,170171.35751659],[147550.09264216,170175.04379188]]]},"geometry_name":"GEOM","properties":{"INSPIRE_ID":"https://databrussels.be/id/streetsurface/152811","TYPE":"SW","STREET_ID":"https://databrussels.be/id/streetname/1974","STRNAMEFRE":"Rue de la Clinique","STRNAMEDUT":"Kliniekstraat","MUNNISCODE":"21001","HIERARCHY":"DR","LVL":0,"ADMIN":"MUN_RBC","AREA":107},"bbox":[147531.75264483,170153.64602653,147553.85174599,170175.04379188]},{"type":"Feature","id":"StreetSurfaces.fid--324554a4_1a02c2cbca7_-620f","geometry":{"type":"Polygon","coordinates":[[[147562.92614911,170162.44470259],[147567.46545715,170167.07537128],[147569.96534913,170169.64742736],[147567.27926025,170172.2670493],[147560.21044192,170165.11372949],[147562.92614911,170162.44470259]]]},"geometry_name":"GEOM","properties":{"INSPIRE_ID":"https://databrussels.be/id/streetsurface/152812","TYPE":"SW","STREET_ID":"https://databrussels.be/id/streetname/1974","STRNAMEFRE":"Rue de la Clinique","STRNAMEDUT":"Kliniekstraat","MUNNISCODE":"21001","HIERARCHY":"DR","LVL":0,"ADMIN":"MUN_RBC","AREA":38},"bbox":[147560.21044192,170162.44470259,147569.96534913,170172.2670493]},{"type":"Feature","id":"StreetSurfaces.fid--324554a4_1a02c2cbca7_-620d","geometry":{"type":"Polygon","coordinates":[[[147599.016205,170199.56985134],[147596.3373302,170204.86338826],[147596.07736399,170204.64327935],[147593.41721201,170201.93475634],[147593.490324,170199.12325434],[147593.35960701,170198.97675735],[147570.29172001,170175.31552035],[147567.27926025,170172.2670493],[147569.96534913,170169.64742736],[147583.87100101,170183.99800636],[147599.016205,170199.56985134]]]},"geometry_name":"GEOM","properties":{"INSPIRE_ID":"https://databrussels.be/id/streetsurface/152813","TYPE":"SW","STREET_ID":"https://databrussels.be/id/streetname/1974","STRNAMEFRE":"Rue de la Clinique","STRNAMEDUT":"Kliniekstraat","MUNNISCODE":"21001","HIERARCHY":"DR","LVL":0,"ADMIN":"MUN_RBC","AREA":165},"bbox":[147567.27926025,170169.64742736,147599.016205,170204.86338826]},{"type":"Feature","id":"StreetSurfaces.fid--324554a4_1a02c2cbca7_-62ae","geometry":{"type":"Polygon","coordinates":[[[147606.551366,170214.6151534],[147606.25980609,170213.7278452],[147606.10752499,170212.68460935],[147606.1024538,170211.31204888],[147606.33483756,170209.959294],[147606.57000001,170208.99000035],[147607.03,170207.82000035],[147607.30603612,170207.38119584],[147608.922,170209.60900034],[147606.551366,170214.6151534]]]},"geometry_name":"GEOM","properties":{"INSPIRE_ID":"https://databrussels.be/id/streetsurface/152814","TYPE":"SW","STREET_ID":"https://databrussels.be/id/streetname/1974","STRNAMEFRE":"Rue de la Clinique","STRNAMEDUT":"Kliniekstraat","MUNNISCODE":"21001","HIERARCHY":"DR","LVL":0,"ADMIN":"MUN_RBC","AREA":11},"bbox":[147606.1024538,170207.38119584,147608.922,170214.6151534]},{"type":"Feature","id":"StreetSurfaces.fid--324554a4_1a02c2cbca7_-624a","geometry":{"type":"Polygon","coordinates":[[[147736.31683734,170121.89408351],[147737.65675392,170116.22010077],[147738.234272,170116.97643234],[147738.73299999,170118.12700035],[147738.8804199,170119.38761467],[147738.80699999,170119.86100034],[147738.725,170120.23200034],[147738.34000001,170121.90000035],[147737.95987382,170123.66718832],[147736.31683734,170121.89408351]]]},"geometry_name":"GEOM","properties":{"INSPIRE_ID":"https://databrussels.be/id/streetsurface/152815","TYPE":"SW","STREET_ID":"https://databrussels.be/id/streetname/3933","STRNAMEFRE":"Rue Brogniez","STRNAMEDUT":"Brogniezstraat","MUNNISCODE":"21001","HIERARCHY":"DR","LVL":0,"ADMIN":"MUN_RBC","AREA":11},"bbox":[147736.31683734,170116.22010077,147738.8804199,170123.66718832]},{"type":"Feature","id":"StreetSurfaces.fid--324554a4_1a02c2cbca7_-621c","geometry":{"type":"Polygon","coordinates":[[[147650.30066714,170031.32989437],[147647.19000001,170034.24900035],[147645.87137244,170032.89767083],[147629.42,170048.46000034],[147621.75999999,170055.43000034],[147583.67999999,170090.91000034],[147552.32000001,170120.46000034],[147548.65999999,170123.61000034],[147537.41117323,170133.90091921],[147535.78364854,170132.52476205],[147640.79000001,170034.53100034],[147647.40999999,170028.17300035],[147650.30066714,170031.32989437]]]},"geometry_name":"GEOM","properties":{"INSPIRE_ID":"https://databrussels.be/id/streetsurface/152960","TYPE":"SW","STREET_ID":"https://databrussels.be/id/streetname/707","STRNAMEFRE":"Rue Memling","STRNAMEDUT":"Memlingstraat","MUNNISCODE":"21001","HIERARCHY":"DR","LVL":0,"ADMIN":"MUN_RBC","AREA":361},"bbox":[147535.78364854,170028.17300035,147650.30066714,170133.90091921]},{"type":"Feature","id":"StreetSurfaces.fid--324554a4_1a02c2cbca7_-6260","geometry":{"type":"Polygon","coordinates":[[[147663.23566001,170032.61561398],[147663.50599999,170032.91800035],[147660.48800001,170035.62700035],[147668.92,170044.78000034],[147680.824,170057.64600035],[147685.99500001,170057.27500035],[147688.28931475,170059.77063617],[147685.224,170066.63800036],[147666.63299999,170046.58300034],[147661.48900001,170040.98400034],[147658.08699999,170037.43400034],[147663.23566001,170032.61561398]]]},"geometry_name":"GEOM","properties":{"INSPIRE_ID":"https://databrussels.be/id/streetsurface/152961","TYPE":"SW","STREET_ID":"https://databrussels.be/id/streetname/3933","STRNAMEFRE":"Rue Brogniez","STRNAMEDUT":"Brogniezstraat","MUNNISCODE":"21001","HIERARCHY":"DR","LVL":0,"ADMIN":"MUN_RBC","AREA":139},"bbox":[147658.08699999,170032.61561398,147688.28931475,170066.63800036]},{"type":"Feature","id":"StreetSurfaces.fid--324554a4_1a02c2cbca7_-61f7","geometry":{"type":"Polygon","coordinates":[[[147663.23566001,170032.61561398],[147658.08699999,170037.43400034],[147656.75,170037.19500035],[147655.50999999,170037.02000035],[147652.62058091,170033.86375588],[147654.65899999,170031.94100036],[147655.63140624,170031.30802063],[147656.72231641,170030.85709091],[147657.87796249,170030.61645683],[147659.03800001,170030.59300035],[147660.18392704,170030.77392305],[147661.29515674,170031.17461163],[147662.30999341,170031.77916874],[147663.23566001,170032.61561398]]]},"geometry_name":"GEOM","properties":{"INSPIRE_ID":"https://databrussels.be/id/streetsurface/152962","TYPE":"SW","STREET_ID":"https://databrussels.be/id/streetname/3933","STRNAMEFRE":"Rue Brogniez","STRNAMEDUT":"Brogniezstraat","MUNNISCODE":"21001","HIERARCHY":"DR","LVL":0,"ADMIN":"MUN_RBC","AREA":45},"bbox":[147652.62058091,170030.59300035,147663.23566001,170037.43400034]},{"type":"Feature","id":"StreetSurfaces.fid--324554a4_1a02c2cbca7_-625c","geometry":{"type":"Polygon","coordinates":[[[147690.95507224,170053.79841827],[147693.096,170049.00200035],[147694.42249999,170048.88000034],[147695.749,170048.75800034],[147699.04911537,170051.35309585],[147698.06700001,170052.95700034],[147697.76918666,170053.39058398],[147697.376,170053.74000036],[147696.64237084,170054.23699123],[147695.83123546,170054.61957189],[147694.97060089,170054.87179545],[147694.09200001,170054.98700034],[147693.18271229,170054.89547719],[147692.29090292,170054.63030554],[147691.46539173,170054.20115382],[147690.95507224,170053.79841827]]]},"geometry_name":"GEOM","properties":{"INSPIRE_ID":"https://databrussels.be/id/streetsurface/152963","TYPE":"SW","STREET_ID":"https://databrussels.be/id/streetname/3933","STRNAMEFRE":"Rue Brogniez","STRNAMEDUT":"Brogniezstraat","MUNNISCODE":"21001","HIERARCHY":"DR","LVL":0,"ADMIN":"MUN_RBC","AREA":34},"bbox":[147690.95507224,170048.75800034,147699.04911537,170054.98700034]},{"type":"Feature","id":"StreetSurfaces.fid--324554a4_1a02c2cbca7_-625e","geometry":{"type":"Polygon","coordinates":[[[147723.95799999,170051.01300036],[147717.52478459,170052.62609509],[147713.44000001,170049.94000035],[147711.18900001,170050.81200033],[147710.72289338,170049.9039442],[147710.39078045,170048.9271089],[147710.20562606,170047.91210934],[147710.171,170046.89200035],[147710.31623828,170045.86325628],[147710.59347472,170044.85314771],[147710.99751415,170043.88674642],[147711.30646675,170043.35164253],[147723.95799999,170051.01300036]]]},"geometry_name":"GEOM","properties":{"INSPIRE_ID":"https://databrussels.be/id/streetsurface/153108","TYPE":"SW","STREET_ID":"https://databrussels.be/id/streetname/1388","STRNAMEFRE":"Square Robert Pequeur","STRNAMEDUT":"Robert Pequeursquare","MUNNISCODE":"21001","HIERARCHY":"DR","LVL":0,"ADMIN":"MUN_RBC","AREA":59},"bbox":[147710.171,170043.35164253,147723.95799999,170052.62609509]},{"type":"Feature","id":"StreetSurfaces.fid--324554a4_1a02c2cbca7_-6205","geometry":{"type":"Polygon","coordinates":[[[147748.41800001,169950.44300035],[147749.72269478,169945.23818146],[147750.13199999,169945.42000035],[147752.10699999,169946.48800036],[147752.59500001,169946.73200034],[147751.74000001,169948.19800035],[147812.94200001,169982.66700036],[147813.92999999,169980.92700035],[147815.68399999,169981.91800035],[147814.696,169983.65100035],[147819.476,169986.35500034],[147843.66048074,170000.00400034],[147853.73499999,170005.68200034],[147857.771,170007.93500034],[147862.23499999,170010.47800034],[147863.21300001,170008.76500036],[147871.36600001,170013.31200034],[147871.65264881,170013.58398486],[147868.83599999,170018.51400036],[147863.879,170015.84800035],[147846.71199999,170005.98400034],[147794.58900001,169976.42900034],[147770.196,169962.78000034],[147748.41800001,169950.44300035]]]},"geometry_name":"GEOM","properties":{"INSPIRE_ID":"https://databrussels.be/id/streetsurface/153109","TYPE":"SW","STREET_ID":"https://databrussels.be/id/streetname/1240","STRNAMEFRE":"Rue de l'Autonomie","STRNAMEDUT":"Zelfbestuursstraat","MUNNISCODE":"21001","HIERARCHY":"DR","LVL":0,"ADMIN":"MUN_RBC","AREA":537},"bbox":[147748.41800001,169945.23818146,147871.65264881,170018.51400036]},{"type":"Feature","id":"StreetSurfaces.fid--324554a4_1a02c2cbca7_-6200","geometry":{"type":"Polygon","coordinates":[[[147893.58199902,170015.58400015],[147887.71199951,170012.26800121],[147886.69100099,170017.21500055],[147880.65599952,170013.83100122],[147881.67799902,170008.90900015],[147876.3209995,170005.89700121],[147875.34700098,170010.79900054],[147873.75680521,170009.9010537],[147877.70580704,170002.98906456],[147887.81900051,170008.76699947],[147901.42663591,170016.56601538],[147901.65178668,170016.52703673],[147898.06100099,170041.45600048],[147888.94467819,170043.10367533],[147881.05000019,170044.60000132],[147869.93599699,170046.47578246],[147869.3852277,170043.21248053],[147874.84099984,170042.29399935],[147875.84699903,170037.30000016],[147882.75299983,170036.07199937],[147881.75600097,170041.16400055],[147888.48299983,170039.99399935],[147893.58199902,170015.58400015]]]},"geometry_name":"GEOM","properties":{"INSPIRE_ID":"https://databrussels.be/id/streetsurface/153110","TYPE":"SW","STREET_ID":"https://databrussels.be/id/streetname/1377","STRNAMEFRE":"Square de l'Aviation","STRNAMEDUT":"Luchtvaartsquare","MUNNISCODE":"21001","HIERARCHY":"DR","LVL":0,"ADMIN":"MUN_RBC","AREA":446},"bbox":[147869.3852277,170002.98906456,147901.65178668,170046.47578246]},{"type":"Feature","id":"StreetSurfaces.fid--324554a4_1a02c2cbca7_-6240","geometry":{"type":"Polygon","coordinates":[[[147962.28649123,170062.67610582],[147965.05168362,170051.80493769],[147967.94401753,170040.44744824],[147970.11039543,170031.9495818],[147972.58312993,170022.2591637],[147975.39877946,170011.85339555],[147977.76119325,170001.99908871],[147980.60785594,169990.87930793],[147982.74955087,169982.52184638],[147977.38699977,169981.29900133],[147980.25707994,169968.73264586],[147983.92649972,169969.56676241],[147986.34472952,169970.11646227],[147974.79500098,170022.55400056],[147972.89900098,170030.86000057],[147971.50200098,170037.06800057],[147969.04699903,170047.90900012],[147967.39099903,170054.93700012],[147964.73699904,170066.49600011],[147962.34200099,170076.77800058],[147959.42799902,170088.81600012],[147953.02699902,170116.34200012],[147944.45900097,170153.60400058],[147939.46400096,170174.63700057],[147934.15600097,170197.34600056],[147929.60900097,170217.39800056],[147926.70000098,170230.09600056],[147922.46600099,170248.41800057],[147919.15300098,170263.59100057],[147915.73800099,170281.44700054],[147915.20462458,170284.08180238],[147909.06038091,170275.81343161],[147912.14039035,170262.13933297],[147912.74218774,170259.62622901],[147914.20707965,170253.74257897],[147915.68596532,170247.80692662],[147917.16705034,170241.86577393],[147918.64243863,170235.95162228],[147920.12822232,170229.99946894],[147921.60820932,170224.07441663],[147923.07770183,170218.19516617],[147924.55519094,170212.28751444],[147926.04357526,170206.34016088],[147927.52816193,170200.41200804],[147928.99205895,170194.56975878],[147930.47834568,170188.64200579],[147931.94254346,170182.8061566],[147933.39704633,170177.01230911],[147934.87064052,170171.14625844],[147936.36532512,170165.20040425],[147937.83342283,170159.36335465],[147939.31351528,170153.48270305],[147940.78011465,170147.65935384],[147942.24221659,170141.85730542],[147943.65374506,170136.25936614],[147945.34333944,170129.56317922],[147947.05622137,170122.77928795],[147948.90614064,170115.45847396],[147950.84451857,170107.79374508],[147953.17980866,170098.567649],[147955.10719349,170090.95992218],[147957.1220376,170083.01368068],[147959.23704486,170074.75952331],[147960.52592459,170069.60430399],[147962.28649123,170062.67610582]]]},"geometry_name":"GEOM","properties":{"INSPIRE_ID":"https://databrussels.be/id/streetsurface/153111","TYPE":"SW","STREET_ID":"https://databrussels.be/id/streetname/5966","STRNAMEFRE":"Boulevard Poincaré","STRNAMEDUT":"Poincarélaan","MUNNISCODE":"21004","HIERARCHY":"MAR","LVL":0,"ADMIN":"REGION_RBC","AREA":1441},"bbox":[147909.06038091,169968.73264586,147986.34472952,170284.08180238]},{"type":"Feature","id":"StreetSurfaces.fid--324554a4_1a02c2cbca7_-6256","geometry":{"type":"Polygon","coordinates":[[[147758.98213918,170057.79414254],[147760.30700457,170065.38652304],[147754.73034153,170062.28636059],[147754.874,170061.77300035],[147755.30599999,170060.81900035],[147755.878,170059.94300035],[147756.56900001,170059.17200035],[147757.39400001,170058.55000035],[147758.30899999,170058.04700035],[147758.98213918,170057.79414254]]]},"geometry_name":"GEOM","properties":{"INSPIRE_ID":"https://databrussels.be/id/streetsurface/153116","TYPE":"SW","STREET_ID":"https://databrussels.be/id/streetname/1388","STRNAMEFRE":"Square Robert Pequeur","STRNAMEDUT":"Robert Pequeursquare","MUNNISCODE":"21001","HIERARCHY":"DR","LVL":0,"ADMIN":"MUN_RBC","AREA":22},"bbox":[147754.73034153,170057.79414254,147760.30700457,170065.38652304]},{"type":"Feature","id":"StreetSurfaces.fid--324554a4_1a02c2cbca7_-6253","geometry":{"type":"Polygon","coordinates":[[[147749.23299999,170107.78900036],[147744.96387358,170107.00018412],[147746.196,170101.45400034],[147748.40699999,170100.77400035],[147749.85699999,170094.07500035],[147748.15599999,170092.55100035],[147748.599,170090.51600035],[147750.78299999,170089.81500036],[147752.08800001,170083.81700035],[147750.38,170082.31100033],[147750.821,170080.31600035],[147753.005,170079.61100034],[147754.33099999,170073.53700033],[147752.621,170072.00000035],[147752.69100001,170071.66800035],[147753.75699999,170066.69600035],[147754.59500001,170062.77000035],[147754.73034153,170062.28636059],[147760.30700457,170065.38652304],[147759.231832,170066.4333949],[147759.14143276,170066.52141465],[147758.0645,170067.57000035],[147753.00999999,170090.45200034],[147750.623,170101.40100035],[147749.23299999,170107.78900036]]]},"geometry_name":"GEOM","properties":{"INSPIRE_ID":"https://databrussels.be/id/streetsurface/153117","TYPE":"SW","STREET_ID":"https://databrussels.be/id/streetname/1388","STRNAMEFRE":"Square Robert Pequeur","STRNAMEDUT":"Robert Pequeursquare","MUNNISCODE":"21001","HIERARCHY":"DR","LVL":0,"ADMIN":"MUN_RBC","AREA":153},"bbox":[147744.96387358,170062.28636059,147760.30700457,170107.78900036]},{"type":"Feature","id":"StreetSurfaces.fid--324554a4_1a02c2cbca7_-6249","geometry":{"type":"Polygon","coordinates":[[[147859.67204015,170228.55304335],[147855.91731463,170232.04450396],[147846.252,170221.73900036],[147847.702,170220.36000034],[147847.46300001,170220.10400034],[147838.577,170210.52900034],[147829.96400001,170201.25200035],[147819.404,170189.86200034],[147807.53099999,170177.05300034],[147795.43800001,170163.89800035],[147790.88099999,170158.95600034],[147783.101,170150.56000034],[147770.75,170137.14000036],[147757.96400001,170123.22800034],[147757.08501747,170123.20986716],[147759.60394905,170120.87394577],[147760.58599999,170121.92500035],[147760.66199999,170121.85900034],[147771.23900001,170133.24200035],[147796.23411238,170159.9758315],[147796.11400001,170160.08000034],[147814.70899999,170180.09400035],[147819.53399999,170185.24200035],[147819.48099999,170185.47700034],[147819.73099999,170185.73200034],[147819.90699999,170185.60300034],[147823.89200001,170189.93400034],[147830.48299999,170196.86900035],[147830.37000001,170196.97300035],[147836.83299999,170204.01400036],[147857.33099999,170226.04600035],[147859.67204015,170228.55304335]]]},"geometry_name":"GEOM","properties":{"INSPIRE_ID":"https://databrussels.be/id/streetsurface/153118","TYPE":"SW","STREET_ID":"https://databrussels.be/id/streetname/3933","STRNAMEFRE":"Rue Brogniez","STRNAMEDUT":"Brogniezstraat","MUNNISCODE":"21001","HIERARCHY":"DR","LVL":0,"ADMIN":"MUN_RBC","AREA":490},"bbox":[147757.08501747,170120.87394577,147859.67204015,170232.04450396]},{"type":"Feature","id":"StreetSurfaces.fid--324554a4_1a02c2cbca7_-6288","geometry":{"type":"Polygon","coordinates":[[[147852.52825022,170249.78610567],[147852.79300001,170249.28700033],[147853.26400001,170248.50500034],[147853.847,170247.79100035],[147854.526,170247.16600035],[147855.278,170246.65000035],[147856.129,170246.24000036],[147857.04400001,170245.96400036],[147857.99200001,170245.83500034],[147858.93599999,170245.85400034],[147859.91099999,170246.04100035],[147860.854,170246.38800036],[147861.73,170246.88400034],[147862.503,170247.50600034],[147862.95810497,170247.97995254],[147857.924,170253.00700034],[147856.73919489,170253.20399545],[147855.55434935,170253.40094227],[147852.52825022,170249.78610567]]]},"geometry_name":"GEOM","properties":{"INSPIRE_ID":"https://databrussels.be/id/streetsurface/153119","TYPE":"SW","STREET_ID":"https://databrussels.be/id/streetname/3933","STRNAMEFRE":"Rue Brogniez","STRNAMEDUT":"Brogniezstraat","MUNNISCODE":"21001","HIERARCHY":"DR","LVL":0,"ADMIN":"MUN_RBC","AREA":49},"bbox":[147852.52825022,170245.83500034,147862.95810497,170253.40094227]},{"type":"Feature","id":"StreetSurfaces.fid--324554a4_1a02c2cbca7_-6283","geometry":{"type":"Polygon","coordinates":[[[147910.51013074,170304.35006617],[147907.71600001,170316.47500035],[147899.61199999,170346.56800035],[147891.81099999,170380.16600035],[147890.99100001,170383.73600033],[147890.68299999,170384.40900034],[147890.23800001,170384.88800036],[147889.498,170385.32100035],[147888.6456758,170385.63386346],[147883.26451418,170384.38084418],[147902.74488771,170302.19347416],[147910.51013074,170304.35006617]]]},"geometry_name":"GEOM","properties":{"INSPIRE_ID":"https://databrussels.be/id/streetsurface/153120","TYPE":"SW","STREET_ID":"https://databrussels.be/id/streetname/5966","STRNAMEFRE":"Boulevard Poincaré","STRNAMEDUT":"Poincarélaan","MUNNISCODE":"21004","HIERARCHY":"MAR","LVL":0,"ADMIN":"REGION_RBC","AREA":634},"bbox":[147883.26451418,170302.19347416,147910.51013074,170385.63386346]},{"type":"Feature","id":"StreetSurfaces.fid--324554a4_1a02c2cbca7_-6222","geometry":{"type":"Polygon","coordinates":[[[147427.575,170024.56500036],[147470.07000001,169984.17000035],[147488.57000001,169967.03000034],[147531.00999999,169926.93000034],[147543.14731429,169915.42584228],[147546.01794021,169918.55406858],[147544.11600001,169920.30700034],[147542.972,169919.09800035],[147542.71900001,169919.34400035],[147505.2,169954.22000035],[147479.59000001,169978.79000036],[147456.87000001,170000.00000035],[147453.97000001,170002.70000035],[147429.69400001,170025.96300036],[147429.27602258,170026.29964827],[147427.575,170024.56500036]]]},"geometry_name":"GEOM","properties":{"INSPIRE_ID":"https://databrussels.be/id/streetsurface/153254","TYPE":"SW","STREET_ID":"https://databrussels.be/id/streetname/2572","STRNAMEFRE":"Rue Sergent De Bruyne","STRNAMEDUT":"Sergeant De Bruynestraat","MUNNISCODE":"21001","HIERARCHY":"DR","LVL":0,"ADMIN":"MUN_RBC","AREA":381},"bbox":[147427.575,169915.42584228,147546.01794021,170026.29964827]},{"type":"Feature","id":"StreetSurfaces.fid--324554a4_1a02c2cbca7_-621f","geometry":{"type":"Polygon","coordinates":[[[147592.19200001,169969.69400035],[147596.31823537,169973.61021081],[147593.126,169976.28200034],[147590.424,169976.03800036],[147589.572,169976.70500034],[147579.39000001,169985.13000034],[147561.8,170000.00000035],[147557.83,170003.35000035],[147531.67,170025.22000035],[147503.45,170049.05000035],[147480.44000001,170068.36000034],[147479.198,170069.36600035],[147478.91700001,170072.21300036],[147476.31546702,170074.23917121],[147472.323,170070.12600034],[147522.55999999,170027.98000034],[147585.61461902,169974.93124072],[147592.19200001,169969.69400035]]]},"geometry_name":"GEOM","properties":{"INSPIRE_ID":"https://databrussels.be/id/streetsurface/153395","TYPE":"SW","STREET_ID":"https://databrussels.be/id/streetname/4056","STRNAMEFRE":"Avenue Clemenceau","STRNAMEDUT":"Clemenceaulaan","MUNNISCODE":"21001","HIERARCHY":"IDR","LVL":0,"ADMIN":"MUN_RBC","AREA":617},"bbox":[147472.323,169969.69400035,147596.31823537,170074.23917121]},{"type":"Feature","id":"StreetSurfaces.fid--324554a4_1a02c2cbca7_-6201","geometry":{"type":"Polygon","coordinates":[[[147613.93318787,169979.45148715],[147615.28,169980.89300035],[147612.29000001,169983.63600034],[147622.76099999,169994.92000035],[147629.045,170001.68400034],[147632.299,170005.17800034],[147633.497,170006.47700034],[147642.149,170015.80000035],[147649.605,170023.77800034],[147652.573,170021.09300035],[147652.63641524,170021.17071196],[147647.545,170025.95700034],[147644.48,170022.74000036],[147632.848,170009.95200034],[147608.68599999,169983.67700034],[147613.93318787,169979.45148715]]]},"geometry_name":"GEOM","properties":{"INSPIRE_ID":"https://databrussels.be/id/streetsurface/153396","TYPE":"SW","STREET_ID":"https://databrussels.be/id/streetname/3933","STRNAMEFRE":"Rue Brogniez","STRNAMEDUT":"Brogniezstraat","MUNNISCODE":"21001","HIERARCHY":"DR","LVL":0,"ADMIN":"MUN_RBC","AREA":171},"bbox":[147608.68599999,169979.45148715,147652.63641524,170025.95700034]},{"type":"Feature","id":"StreetSurfaces.fid--324554a4_1a02c2cbca7_-61fd","geometry":{"type":"Polygon","coordinates":[[[147667.52634068,170028.66658369],[147666.649,170027.73400034],[147656.89169347,170017.2129573],[147658.10774069,170016.08821048],[147660.61415923,170013.76997288],[147670.75999999,170024.61000034],[147671.30429668,170025.21820611],[147667.52634068,170028.66658369]]]},"geometry_name":"GEOM","properties":{"INSPIRE_ID":"https://databrussels.be/id/streetsurface/153397","TYPE":"SW","STREET_ID":"https://databrussels.be/id/streetname/3933","STRNAMEFRE":"Rue Brogniez","STRNAMEDUT":"Brogniezstraat","MUNNISCODE":"21001","HIERARCHY":"DR","LVL":0,"ADMIN":"MUN_RBC","AREA":80},"bbox":[147656.89169347,170013.76997288,147671.30429668,170028.66658369]},{"type":"Feature","id":"StreetSurfaces.fid--324554a4_1a02c2cbca7_-6208","geometry":{"type":"Polygon","coordinates":[[[147705.93893881,170040.10124187],[147702.53256176,170038.03845049],[147705.00899999,170033.94900035],[147704.899,170033.87100035],[147707.96199999,170028.93200034],[147711.602,170011.89100036],[147714.13900001,169999.41500036],[147716.39298999,169988.18534235],[147716.755,169988.25900034],[147717.57000001,169984.41200034],[147717.15478599,169984.33421935],[147719.21168699,169973.78855335],[147719.40899999,169973.82700034],[147720.33299999,169969.08500034],[147721.278,169964.38200034],[147721.09500001,169964.31300036],[147722.077,169959.48700034],[147723.08800001,169954.81300036],[147723.31277101,169954.85885834],[147724.26700001,169950.18200034],[147724.102,169950.12500035],[147726.46106236,169938.32869657],[147732.65239728,169943.45740682],[147730.26300001,169955.37000035],[147726.002,169954.53100034],[147722.21400001,169973.32900034],[147718.64100001,169991.05400034],[147716.84227095,170000.00400034],[147714.88,170009.73300034],[147711.92,170024.38000034],[147714.599,170025.93800036],[147711.70599999,170030.65500034],[147708.73800001,170035.53300034],[147706.203,170039.67000035],[147705.93893881,170040.10124187]]]},"geometry_name":"GEOM","properties":{"INSPIRE_ID":"https://databrussels.be/id/streetsurface/153398","TYPE":"SW","STREET_ID":"https://databrussels.be/id/streetname/1308","STRNAMEFRE":"Rue Limnander","STRNAMEDUT":"Limnanderstraat","MUNNISCODE":"21001","HIERARCHY":"DR","LVL":0,"ADMIN":"MUN_RBC","AREA":368},"bbox":[147702.53256176,169938.32869657,147732.65239728,170040.10124187]},{"type":"Feature","id":"StreetSurfaces.fid--324554a4_1a02c2cbca7_-6219","geometry":{"type":"Polygon","coordinates":[[[147482.37935965,170087.48904539],[147486.2666507,170084.26993505],[147510.3,170108.63000034],[147533.407745,170132.43636736],[147529.34590156,170136.26966969],[147529.21142521,170136.1963894],[147528.425459,170135.49226636],[147527.37421501,170134.37935735],[147527.45298801,170131.70955235],[147527.21512001,170131.43883535],[147510.12060299,170113.93006934],[147505.713677,170109.46048034],[147491.910444,170095.26666035],[147484.87929359,170088.26572808],[147483.024,170088.20300034],[147482.51099999,170087.65700034],[147482.37935965,170087.48904539]]]},"geometry_name":"GEOM","properties":{"INSPIRE_ID":"https://databrussels.be/id/streetsurface/154062","TYPE":"SW","STREET_ID":"https://databrussels.be/id/streetname/1974","STRNAMEFRE":"Rue de la Clinique","STRNAMEDUT":"Kliniekstraat","MUNNISCODE":"21001","HIERARCHY":"DR","LVL":0,"ADMIN":"MUN_RBC","AREA":264},"bbox":[147482.37935965,170084.26993505,147533.407745,170136.26966969]},{"type":"Feature","id":"StreetSurfaces.fid--324554a4_1a02c2cbca7_-6216","geometry":{"type":"Polygon","coordinates":[[[147537.41117323,170133.90091921],[147535.85999999,170135.32000035],[147534.74607034,170136.33907195],[147533.55556345,170136.76997525],[147532.76705301,170136.93193034],[147531.43964005,170136.96364826],[147530.13801999,170136.70131935],[147529.34590156,170136.26966969],[147533.407745,170132.43636736],[147534.59569676,170132.4805647],[147535.78364854,170132.52476205],[147537.41117323,170133.90091921]]]},"geometry_name":"GEOM","properties":{"INSPIRE_ID":"https://databrussels.be/id/streetsurface/154063","TYPE":"SW","STREET_ID":"https://databrussels.be/id/streetname/1974","STRNAMEFRE":"Rue de la Clinique","STRNAMEDUT":"Kliniekstraat","MUNNISCODE":"21001","HIERARCHY":"DR","LVL":0,"ADMIN":"MUN_RBC","AREA":21},"bbox":[147529.34590156,170132.43636736,147537.41117323,170136.96364826]},{"type":"Feature","id":"StreetSurfaces.fid--324554a4_1a02c2cbca7_-621a","geometry":{"type":"Polygon","coordinates":[[[147545.30999999,170140.36000034],[147543.1421026,170138.62568242],[147552.53,170129.81000034],[147581.75999999,170102.70000035],[147625.75,170061.48000034],[147634.15999999,170053.69000036],[147637.70999999,170050.40000035],[147650.75343602,170037.89746512],[147649.601,170036.71200033],[147652.62058091,170033.86375588],[147655.50999999,170037.02000035],[147646.75,170045.29000036],[147601.05999999,170087.95000035],[147574.52000001,170112.92000035],[147558.63,170127.55000034],[147545.30999999,170140.36000034]]]},"geometry_name":"GEOM","properties":{"INSPIRE_ID":"https://databrussels.be/id/streetsurface/154064","TYPE":"SW","STREET_ID":"https://databrussels.be/id/streetname/707","STRNAMEFRE":"Rue Memling","STRNAMEDUT":"Memlingstraat","MUNNISCODE":"21001","HIERARCHY":"DR","LVL":0,"ADMIN":"MUN_RBC","AREA":387},"bbox":[147543.1421026,170033.86375588,147655.50999999,170140.36000034]},{"type":"Feature","id":"StreetSurfaces.fid--324554a4_1a02c2cbca7_-6255","geometry":{"type":"Polygon","coordinates":[[[147687.88201001,170069.5198794],[147685.224,170066.63800036],[147688.28931475,170059.77063617],[147689.072,170060.62200035],[147689.47774348,170061.28013464],[147689.79496198,170061.9928451],[147690.01388943,170062.74161376],[147690.13,170063.50600034],[147690.14061031,170064.28207253],[147690.04891412,170065.05954345],[147689.85596373,170065.81825246],[147689.56800001,170066.53900036],[147689.23299999,170067.25000035],[147688.75,170068.15300034],[147688.29300001,170068.89400035],[147687.88201001,170069.5198794]]]},"geometry_name":"GEOM","properties":{"INSPIRE_ID":"https://databrussels.be/id/streetsurface/154065","TYPE":"SW","STREET_ID":"https://databrussels.be/id/streetname/3933","STRNAMEFRE":"Rue Brogniez","STRNAMEDUT":"Brogniezstraat","MUNNISCODE":"21001","HIERARCHY":"DR","LVL":0,"ADMIN":"MUN_RBC","AREA":27},"bbox":[147685.224,170059.77063617,147690.14061031,170069.5198794]},{"type":"Feature","id":"StreetSurfaces.fid--324554a4_1a02c2cbca7_-625b","geometry":{"type":"Polygon","coordinates":[[[147748.92839794,170052.92011668],[147748.14500001,170054.95000035],[147746.079,170055.30700034],[147744.579,170053.54900035],[147738.41199999,170054.61300036],[147737.523,170056.78900036],[147735.46800001,170057.13800036],[147733.98499999,170055.36500036],[147727.78900001,170056.40400034],[147726.902,170058.58700034],[147725.897,170058.73700033],[147724.904,170058.83700034],[147723.85699999,170058.77100035],[147722.88499999,170058.39400035],[147722.54300001,170055.92600035],[147717.52478459,170052.62609509],[147723.95799999,170051.01300036],[147724.92629192,170051.98173422],[147725.89458384,170052.95046808],[147748.25096481,170049.04361104],[147748.90766344,170052.80146667],[147748.92839794,170052.92011668]]]},"geometry_name":"GEOM","properties":{"INSPIRE_ID":"https://databrussels.be/id/streetsurface/154066","TYPE":"SW","STREET_ID":"https://databrussels.be/id/streetname/1388","STRNAMEFRE":"Square Robert Pequeur","STRNAMEDUT":"Robert Pequeursquare","MUNNISCODE":"21001","HIERARCHY":"DR","LVL":0,"ADMIN":"MUN_RBC","AREA":138},"bbox":[147717.52478459,170049.04361104,147748.92839794,170058.83700034]},{"type":"Feature","id":"StreetSurfaces.fid--324554a4_1a02c2cbca7_-61fe","geometry":{"type":"Polygon","coordinates":[[[147867.81924286,170033.93401429],[147866.92,170028.60600034],[147867.878,170023.56000034],[147868.83599999,170018.51400036],[147871.65264881,170013.58398486],[147879.48654811,170021.01712011],[147878.00125804,170029.27774876],[147867.81924286,170033.93401429]]]},"geometry_name":"GEOM","properties":{"INSPIRE_ID":"https://databrussels.be/id/streetsurface/154067","TYPE":"SW","STREET_ID":"https://databrussels.be/id/streetname/1377","STRNAMEFRE":"Square de l'Aviation","STRNAMEDUT":"Luchtvaartsquare","MUNNISCODE":"21001","HIERARCHY":"DR","LVL":0,"ADMIN":"MUN_RBC","AREA":161},"bbox":[147866.92,170013.58398486,147879.48654811,170033.93401429]},{"type":"Feature","id":"StreetSurfaces.fid--324554a4_1a02c2cbca7_-625f","geometry":{"type":"Polygon","coordinates":[[[147869.38522871,170043.21248037],[147869.93599682,170046.47578148],[147869.2,170046.60000035],[147854.2652354,170049.1765875],[147773.84082089,170063.05163139],[147760.30700457,170065.38652304],[147758.98213918,170057.79414254],[147759.28599999,170057.68000034],[147760.295,170057.45900034],[147763.75999999,170056.83700034],[147769.003,170060.56000034],[147790.98,170056.83100034],[147829,170050.08100034],[147855.654,170044.98900036],[147859.477,170044.32800034],[147858.779,170040.31500036],[147868.60349126,170038.58068603],[147869.14983897,170041.81779622],[147868.901,170043.29400035],[147869.38522871,170043.21248037]]]},"geometry_name":"GEOM","properties":{"INSPIRE_ID":"https://databrussels.be/id/streetsurface/154068","TYPE":"SW","STREET_ID":"https://databrussels.be/id/streetname/5148","STRNAMEFRE":"Rue Lambert Crickx","STRNAMEDUT":"Lambert Crickxstraat","MUNNISCODE":"21001","HIERARCHY":"DR","LVL":0,"ADMIN":"MUN_RBC","AREA":457},"bbox":[147758.98213918,170038.58068603,147869.93599682,170065.38652304]},{"type":"Feature","id":"StreetSurfaces.fid--324554a4_1a02c2cbca7_-627f","geometry":{"type":"Polygon","coordinates":[[[147915.2046236,170284.08180219],[147914.225,170288.92100035],[147914.00899999,170289.80500034],[147913.849,170290.28200034],[147913.65899999,170290.61000034],[147913.3,170291.02100035],[147912.903,170291.30100035],[147912.58299999,170291.47100035],[147912.121,170291.54200035],[147911.821,170291.54200035],[147911.597,170291.46800035],[147909.46099999,170289.33200034],[147906.56442077,170286.23865806],[147909.06038206,170275.81343108],[147915.2046236,170284.08180219]]]},"geometry_name":"GEOM","properties":{"INSPIRE_ID":"https://databrussels.be/id/streetsurface/154069","TYPE":"SW","STREET_ID":"https://databrussels.be/id/streetname/5966","STRNAMEFRE":"Boulevard Poincaré","STRNAMEDUT":"Poincarélaan","MUNNISCODE":"21004","HIERARCHY":"MAR","LVL":0,"ADMIN":"REGION_RBC","AREA":78},"bbox":[147906.56442077,170275.81343108,147915.2046236,170291.54200035]},{"type":"Feature","id":"StreetSurfaces.fid--324554a4_1a02c2cbca7_-6217","geometry":{"type":"Polygon","coordinates":[[[147470.88699999,170097.00600034],[147476.26903942,170092.55000178],[147477.86400001,170094.16400036],[147477.8307575,170095.95410878],[147490.35674,170108.72241534],[147504.184566,170122.89037434],[147523.12487495,170142.21946112],[147520.54197548,170144.71222891],[147518.716745,170142.83475534],[147501.86539199,170125.49053134],[147493.54796901,170117.16204535],[147492.290257,170118.40746135],[147479.26851499,170105.16788834],[147480.524873,170103.92110635],[147476.37321704,170099.7375626],[147475.571,170100.53300034],[147470.88699999,170097.00600034]]]},"geometry_name":"GEOM","properties":{"INSPIRE_ID":"https://databrussels.be/id/streetsurface/154230","TYPE":"SW","STREET_ID":"https://databrussels.be/id/streetname/1974","STRNAMEFRE":"Rue de la Clinique","STRNAMEDUT":"Kliniekstraat","MUNNISCODE":"21001","HIERARCHY":"DR","LVL":0,"ADMIN":"MUN_RBC","AREA":291},"bbox":[147470.88699999,170092.55000178,147523.12487495,170144.71222891]},{"type":"Feature","id":"StreetSurfaces.fid--324554a4_1a02c2cbca7_-6213","geometry":{"type":"Polygon","coordinates":[[[147520.54197548,170144.71222891],[147523.12487495,170142.21946112],[147526.99486001,170146.16888334],[147531.656881,170150.89661535],[147534.35382633,170153.64602653],[147531.75264483,170156.22069248],[147529.677089,170154.10881435],[147520.54197548,170144.71222891]]]},"geometry_name":"GEOM","properties":{"INSPIRE_ID":"https://databrussels.be/id/streetsurface/154231","TYPE":"SW","STREET_ID":"https://databrussels.be/id/streetname/1974","STRNAMEFRE":"Rue de la Clinique","STRNAMEDUT":"Kliniekstraat","MUNNISCODE":"21001","HIERARCHY":"DR","LVL":0,"ADMIN":"MUN_RBC","AREA":58},"bbox":[147520.54197548,170142.21946112,147534.35382633,170156.22069248]},{"type":"Feature","id":"StreetSurfaces.fid--324554a4_1a02c2cbca7_-6212","geometry":{"type":"Polygon","coordinates":[[[147562.92614911,170162.44470259],[147560.21044192,170165.11372949],[147558.04121201,170162.91856834],[147544.05081699,170148.61810736],[147541.240925,170148.61597434],[147540.41577692,170147.76323792],[147544.69704399,170143.73344234],[147562.92614911,170162.44470259]]]},"geometry_name":"GEOM","properties":{"INSPIRE_ID":"https://databrussels.be/id/streetsurface/154232","TYPE":"SW","STREET_ID":"https://databrussels.be/id/streetname/1974","STRNAMEFRE":"Rue de la Clinique","STRNAMEDUT":"Kliniekstraat","MUNNISCODE":"21001","HIERARCHY":"DR","LVL":0,"ADMIN":"MUN_RBC","AREA":105},"bbox":[147540.41577692,170143.73344234,147562.92614911,170165.11372949]},{"type":"Feature","id":"StreetSurfaces.fid--324554a4_1a02c2cbca7_-627a","geometry":{"type":"Polygon","coordinates":[[[147599.016205,170199.56985134],[147600.19715741,170199.42219652],[147601.37810981,170199.27454168],[147602.82754838,170201.24758972],[147601.88360457,170202.74794079],[147600.32019851,170205.23289581],[147599.66674726,170205.54849094],[147598.96306701,170205.72578434],[147598.1774262,170205.7138426],[147597.39455779,170205.5195057],[147596.67702427,170205.1510014],[147596.3373302,170204.86338826],[147599.016205,170199.56985134]]]},"geometry_name":"GEOM","properties":{"INSPIRE_ID":"https://databrussels.be/id/streetsurface/154233","TYPE":"SW","STREET_ID":"https://databrussels.be/id/streetname/1974","STRNAMEFRE":"Rue de la Clinique","STRNAMEDUT":"Kliniekstraat","MUNNISCODE":"21001","HIERARCHY":"DR","LVL":0,"ADMIN":"MUN_RBC","AREA":25},"bbox":[147596.3373302,170199.27454168,147602.82754838,170205.72578434]},{"type":"Feature","id":"StreetSurfaces.fid--324554a4_1a02c2cbca7_-624f","geometry":{"type":"Polygon","coordinates":[[[147695.05899999,170076.99500035],[147694.9,170077.14200035],[147694.39000001,170076.57600035],[147691.38529363,170073.31822466],[147692.17,170072.04700035],[147692.6420095,170071.42937497],[147693.272,170070.97400035],[147694.28994379,170070.69746867],[147695.34200001,170070.77400035],[147695.773,170071.02900034],[147696.19200001,170071.39100035],[147697.924,170073.26400036],[147697.6518744,170074.22291912],[147695.05899999,170076.99500035]]]},"geometry_name":"GEOM","properties":{"INSPIRE_ID":"https://databrussels.be/id/streetsurface/154234","TYPE":"SW","STREET_ID":"https://databrussels.be/id/streetname/3933","STRNAMEFRE":"Rue Brogniez","STRNAMEDUT":"Brogniezstraat","MUNNISCODE":"21001","HIERARCHY":"DR","LVL":0,"ADMIN":"MUN_RBC","AREA":25},"bbox":[147691.38529363,170070.69746867,147697.924,170077.14200035]},{"type":"Feature","id":"StreetSurfaces.fid--324554a4_1a02c2cbca7_-624e","geometry":{"type":"Polygon","coordinates":[[[147608.922,170209.60900034],[147607.30603612,170207.38119584],[147632.57000001,170167.22000035],[147659.42,170124.53000034],[147689.80235179,170075.79640352],[147691.38529363,170073.31822466],[147694.39000001,170076.57600035],[147693.16900001,170076.72400035],[147691.948,170076.87200035],[147691.40599999,170077.75900034],[147691.20008717,170077.64377452],[147608.922,170209.60900034]]]},"geometry_name":"GEOM","properties":{"INSPIRE_ID":"https://databrussels.be/id/streetsurface/154235","TYPE":"SW","STREET_ID":"https://databrussels.be/id/streetname/1676","STRNAMEFRE":"Rue Gheude","STRNAMEDUT":"Gheudestraat","MUNNISCODE":"21001","HIERARCHY":"DR","LVL":0,"ADMIN":"MUN_RBC","AREA":364},"bbox":[147607.30603612,170073.31822466,147694.39000001,170209.60900034]},{"type":"Feature","id":"StreetSurfaces.fid--324554a4_1a02c2cbca7_-624d","geometry":{"type":"Polygon","coordinates":[[[147695.05899999,170076.99500035],[147697.6518744,170074.22291912],[147697.29400001,170075.48400034],[147697.504,170075.71600036],[147701.572,170080.10700034],[147703.823,170079.61100034],[147705.22000001,170081.12300035],[147704.531,170083.28800036],[147704.76600001,170083.55100035],[147708.78800001,170087.90100034],[147711.00999999,170087.38600034],[147712.41199999,170088.90500034],[147711.76400001,170091.11200033],[147711.977,170091.35400034],[147716.022,170095.71900035],[147718.272,170095.23400034],[147719.69000001,170096.76200034],[147718.977,170098.92000035],[147719.205,170099.16800035],[147723.24400001,170103.54600035],[147725.453,170103.00600034],[147726.88299999,170104.55200035],[147726.15999999,170106.69500035],[147726.38499999,170106.94300035],[147730.44400001,170111.32300035],[147732.68199999,170110.81500035],[147737.478,170115.98600033],[147737.65675392,170116.22010077],[147736.31683734,170121.89408351],[147726.452,170111.23800036],[147708.348,170091.67700034],[147708.54000001,170091.48000034],[147704.55999999,170087.20900034],[147704.33599999,170087.42600035],[147704.01099999,170087.05200034],[147704.18299999,170086.87800034],[147700.53699999,170082.94400035],[147700.33981299,170083.13136336],[147695.05899999,170076.99500035]]]},"geometry_name":"GEOM","properties":{"INSPIRE_ID":"https://databrussels.be/id/streetsurface/154236","TYPE":"SW","STREET_ID":"https://databrussels.be/id/streetname/3933","STRNAMEFRE":"Rue Brogniez","STRNAMEDUT":"Brogniezstraat","MUNNISCODE":"21001","HIERARCHY":"DR","LVL":0,"ADMIN":"MUN_RBC","AREA":213},"bbox":[147695.05899999,170074.22291912,147737.65675392,170121.89408351]},{"type":"Feature","id":"StreetSurfaces.fid--324554a4_1a02c2cbca7_-6287","geometry":{"type":"Polygon","coordinates":[[[147859.67204015,170228.55304335],[147862.846,170231.95100035],[147868.36199999,170237.85500034],[147870.87425206,170240.52449311],[147867.10455966,170244.02936772],[147856.926,170233.12000035],[147855.91731463,170232.04450396],[147859.67204015,170228.55304335]]]},"geometry_name":"GEOM","properties":{"INSPIRE_ID":"https://databrussels.be/id/streetsurface/154237","TYPE":"SW","STREET_ID":"https://databrussels.be/id/streetname/3933","STRNAMEFRE":"Rue Brogniez","STRNAMEDUT":"Brogniezstraat","MUNNISCODE":"21001","HIERARCHY":"DR","LVL":0,"ADMIN":"MUN_RBC","AREA":84},"bbox":[147855.91731463,170228.55304335,147870.87425206,170244.02936772]},{"type":"Feature","id":"StreetSurfaces.fid--324554a4_1a02c2cbca7_-6281","geometry":{"type":"Polygon","coordinates":[[[147910.51013074,170304.35006617],[147902.74488771,170302.19347416],[147904.95430608,170292.96384684],[147907.646,170295.86300036],[147910.028,170297.55000035],[147910.83699999,170298.62200035],[147911.06500001,170299.14700035],[147911.21400001,170299.59200035],[147911.33900001,170300.17400035],[147911.34500001,170300.70700034],[147910.55833402,170304.14095496],[147910.51013074,170304.35006617]]]},"geometry_name":"GEOM","properties":{"INSPIRE_ID":"https://databrussels.be/id/streetsurface/154238","TYPE":"SW","STREET_ID":"https://databrussels.be/id/streetname/5966","STRNAMEFRE":"Boulevard Poincaré","STRNAMEDUT":"Poincarélaan","MUNNISCODE":"21004","HIERARCHY":"MAR","LVL":0,"ADMIN":"REGION_RBC","AREA":58},"bbox":[147902.74488771,170292.96384684,147911.34500001,170304.35006617]},{"type":"Feature","id":"StreetSurfaces.fid--324554a4_1a02c2cbca7_-6286","geometry":{"type":"Polygon","coordinates":[[[147904.95430608,170292.96384684],[147902.74488771,170302.19347416],[147902.24100001,170300.41000034],[147898.34100001,170296.10100034],[147892.51300001,170289.81800035],[147857.924,170253.00700034],[147862.95810497,170247.97995254],[147863.324,170248.36100034],[147860.303,170251.11500036],[147860.53499999,170251.37500035],[147868.21600001,170259.63400034],[147876.922,170268.94100036],[147897.25,170290.70600034],[147897.31800001,170284.73600033],[147901.398,170289.09700035],[147904.078,170292.02000035],[147904.95430608,170292.96384684]]]},"geometry_name":"GEOM","properties":{"INSPIRE_ID":"https://databrussels.be/id/streetsurface/154389","TYPE":"SW","STREET_ID":"https://databrussels.be/id/streetname/3933","STRNAMEFRE":"Rue Brogniez","STRNAMEDUT":"Brogniezstraat","MUNNISCODE":"21001","HIERARCHY":"DR","LVL":0,"ADMIN":"MUN_RBC","AREA":235},"bbox":[147857.924,170247.97995254,147904.95430608,170302.19347416]},{"type":"Feature","id":"StreetSurfaces.fid--324554a4_1a02c2cbca7_-6220","geometry":{"type":"Polygon","coordinates":[[[147435.67,170032.82000035],[147434.05070181,170031.16870021],[147435.34000001,170030.06000034],[147449.54000001,170016.59000036],[147467.19000001,170000.00000035],[147470.15999999,169997.22000035],[147492.45999999,169976.11000034],[147511.44000001,169958.34000036],[147517.02000001,169953.05000035],[147547.754,169924.19900035],[147546.53,169922.88600034],[147547.977,169921.55500034],[147548.44517887,169921.19911951],[147551.30474181,169924.31529008],[147547.75061827,169927.54351942],[147535.95,169938.56000034],[147435.67,170032.82000035]]]},"geometry_name":"GEOM","properties":{"INSPIRE_ID":"https://databrussels.be/id/streetsurface/154524","TYPE":"SW","STREET_ID":"https://databrussels.be/id/streetname/2572","STRNAMEFRE":"Rue Sergent De Bruyne","STRNAMEDUT":"Sergeant De Bruynestraat","MUNNISCODE":"21001","HIERARCHY":"DR","LVL":0,"ADMIN":"MUN_RBC","AREA":380},"bbox":[147434.05070181,169921.19911951,147551.30474181,170032.82000035]},{"type":"Feature","id":"StreetSurfaces.fid--324554a4_1a02c2cbca7_-621d","geometry":{"type":"Polygon","coordinates":[[[147602.41078198,169979.45158683],[147606.66880546,169983.57365717],[147588.35999999,169998.76000034],[147558.75999999,170023.61000034],[147508.79000001,170065.14000036],[147486.2666507,170084.26993505],[147482.39211307,170080.40020071],[147483.001,170079.69800035],[147484.64300001,170078.15600034],[147485.04400001,170077.81700035],[147487.38199999,170077.96600036],[147493.17999999,170073.26000034],[147511.42,170057.72000035],[147530.78,170041.30000035],[147564.50999999,170013.42000035],[147580.62000001,170000.00000035],[147594.05,169988.81000034],[147598.43299999,169985.19000036],[147598.58900001,169982.67400035],[147602.41078198,169979.45158683]]]},"geometry_name":"GEOM","properties":{"INSPIRE_ID":"https://databrussels.be/id/streetsurface/154531","TYPE":"SW","STREET_ID":"https://databrussels.be/id/streetname/4056","STRNAMEFRE":"Avenue Clemenceau","STRNAMEDUT":"Clemenceaulaan","MUNNISCODE":"21001","HIERARCHY":"IDR","LVL":0,"ADMIN":"MUN_RBC","AREA":660},"bbox":[147482.39211307,169979.45158683,147606.66880546,170084.26993505]},{"type":"Feature","id":"StreetSurfaces.fid--324554a4_1a02c2cbca7_-61fb","geometry":{"type":"Polygon","coordinates":[[[147650.30066714,170031.32989437],[147647.40999999,170028.17300035],[147647.47750001,170027.06500036],[147647.545,170025.95700034],[147652.63641524,170021.17071196],[147653.54497511,170022.28409838],[147654.04665101,170023.19057936],[147654.37775812,170024.19105031],[147654.48900001,170025.23900036],[147654.37432783,170026.26275038],[147654.04807212,170027.26280054],[147653.52420914,170028.17500156],[147652.84100001,170028.94600035],[147650.30066714,170031.32989437]]]},"geometry_name":"GEOM","properties":{"INSPIRE_ID":"https://databrussels.be/id/streetsurface/154532","TYPE":"SW","STREET_ID":"https://databrussels.be/id/streetname/3933","STRNAMEFRE":"Rue Brogniez","STRNAMEDUT":"Brogniezstraat","MUNNISCODE":"21001","HIERARCHY":"DR","LVL":0,"ADMIN":"MUN_RBC","AREA":43},"bbox":[147647.40999999,170021.17071196,147654.48900001,170031.32989437]},{"type":"Feature","id":"StreetSurfaces.fid--324554a4_1a02c2cbca7_-61fa","geometry":{"type":"Polygon","coordinates":[[[147667.52634068,170028.66658369],[147671.30429668,170025.21820611],[147674.83099999,170029.15900034],[147678.947,170033.51700035],[147682.724,170037.66300036],[147686.398,170041.69300035],[147693.096,170049.00200035],[147690.95507224,170053.79841827],[147690.748,170053.63500034],[147690.377,170053.27800034],[147690.31400001,170050.85600034],[147680.23199999,170039.97300035],[147669.299,170028.16800035],[147669.06600001,170027.92300035],[147667.85599999,170029.01700035],[147667.52634068,170028.66658369]]]},"geometry_name":"GEOM","properties":{"INSPIRE_ID":"https://databrussels.be/id/streetsurface/154533","TYPE":"SW","STREET_ID":"https://databrussels.be/id/streetname/3933","STRNAMEFRE":"Rue Brogniez","STRNAMEDUT":"Brogniezstraat","MUNNISCODE":"21001","HIERARCHY":"DR","LVL":0,"ADMIN":"MUN_RBC","AREA":115},"bbox":[147667.52634068,170025.21820611,147693.096,170053.79841827]},{"type":"Feature","id":"StreetSurfaces.fid--324554a4_1a02c2cbca7_-61f5","geometry":{"type":"Polygon","coordinates":[[[147705.93893881,170040.10124187],[147699.04911537,170051.35309585],[147695.749,170048.75800034],[147701.92,170039.05000035],[147702.53256176,170038.03845049],[147705.93893881,170040.10124187]]]},"geometry_name":"GEOM","properties":{"INSPIRE_ID":"https://databrussels.be/id/streetsurface/154534","TYPE":"SW","STREET_ID":"https://databrussels.be/id/streetname/1388","STRNAMEFRE":"Square Robert Pequeur","STRNAMEDUT":"Robert Pequeursquare","MUNNISCODE":"21001","HIERARCHY":"DR","LVL":0,"ADMIN":"MUN_RBC","AREA":53},"bbox":[147695.749,170038.03845049,147705.93893881,170051.35309585]},{"type":"Feature","id":"StreetSurfaces.fid--324554a4_1a02c2cbca7_-6204","geometry":{"type":"Polygon","coordinates":[[[147723.95799999,170051.01300036],[147711.30646675,170043.35164253],[147711.51700001,170042.98700034],[147715.149,170037.04600035],[147721.46400001,170026.72500035],[147725.94500001,170027.65300034],[147730.68699999,170004.06100034],[147732.397,169995.57600035],[147735.96900001,169977.77300035],[147740.073,169957.32800034],[147736.105,169956.54900035],[147737.26800001,169950.65600034],[147737.57618084,169949.65128099],[147738.11500001,169948.74900035],[147738.53117323,169948.2894117],[147743.729,169952.53700034],[147738.04100001,169981.49800035],[147732.28299999,170009.92000035],[147732.27522984,170009.9582652],[147729.896,170021.67500035],[147729.70999999,170021.61500036],[147728.498,170027.58500034],[147728.724,170027.62900034],[147727.59500001,170033.18600034],[147726.401,170038.83400034],[147723.95799999,170051.01300036]]]},"geometry_name":"GEOM","properties":{"INSPIRE_ID":"https://databrussels.be/id/streetsurface/154535","TYPE":"SW","STREET_ID":"https://databrussels.be/id/streetname/1308","STRNAMEFRE":"Rue Limnander","STRNAMEDUT":"Limnanderstraat","MUNNISCODE":"21001","HIERARCHY":"DR","LVL":0,"ADMIN":"MUN_RBC","AREA":470},"bbox":[147711.30646675,169948.2894117,147743.729,170051.01300036]},{"type":"Feature","id":"StreetSurfaces.fid--324554a4_1a02c2cbca7_-6203","geometry":{"type":"Polygon","coordinates":[[[147618.38401098,169975.81097359],[147622.40799999,169972.49700035],[147629.472,169980.06600036],[147634.82000001,169985.75000035],[147645.41500001,169997.30600034],[147654.3,170006.96700035],[147660.61415923,170013.76997288],[147658.10774069,170016.08821048],[147657.802,170015.75800034],[147645.71500001,170002.69200035],[147643.23043799,170000.00400034],[147638.31400001,169994.68500034],[147628.955,169984.58100034],[147620.85999999,169975.81100034],[147619.54300001,169977.07200035],[147618.38401098,169975.81097359]]]},"geometry_name":"GEOM","properties":{"INSPIRE_ID":"https://databrussels.be/id/streetsurface/154681","TYPE":"SW","STREET_ID":"https://databrussels.be/id/streetname/3933","STRNAMEFRE":"Rue Brogniez","STRNAMEDUT":"Brogniezstraat","MUNNISCODE":"21001","HIERARCHY":"DR","LVL":0,"ADMIN":"MUN_RBC","AREA":197},"bbox":[147618.38401098,169972.49700035,147660.61415923,170016.08821048]},{"type":"Feature","id":"StreetSurfaces.fid--324554a4_1a02c2cbca7_-6209","geometry":{"type":"Polygon","coordinates":[[[147827.45599952,169979.06300122],[147818.29299951,169973.91000122],[147802.73699951,169965.14200121],[147780.04199951,169952.33100122],[147756.88500035,169939.29700171],[147756.75100086,169939.52200085],[147754.86100037,169942.9040017],[147754.41599951,169942.65000123],[147752.11299942,169941.02800118],[147750.98429759,169939.99122766],[147752.59699903,169932.49000014],[147765.70000048,169939.65699946],[147772.78100049,169943.80699948],[147819.4500005,169970.02999948],[147875.30800049,170001.61899947],[147877.70580928,170002.98906471],[147873.75680606,170009.9010542],[147865.27399864,170005.11100072],[147867.28799863,170001.54500073],[147841.8449995,169987.19900121],[147827.45599952,169979.06300122]]]},"geometry_name":"GEOM","properties":{"INSPIRE_ID":"https://databrussels.be/id/streetsurface/154689","TYPE":"SW","STREET_ID":"https://databrussels.be/id/streetname/1240","STRNAMEFRE":"Rue de l'Autonomie","STRNAMEDUT":"Zelfbestuursstraat","MUNNISCODE":"21001","HIERARCHY":"DR","LVL":0,"ADMIN":"MUN_RBC","AREA":620},"bbox":[147750.98429759,169932.49000014,147877.70580928,170009.9010542]},{"type":"Feature","id":"StreetSurfaces.fid--324554a4_1a02c2cbca7_-6266","geometry":{"type":"Polygon","coordinates":[[[147543.20197001,170342.13610634],[147543.30050006,170342.01811517],[147543.44790042,170341.94093379],[147543.61383026,170341.9286409],[147543.75980899,170341.97681035],[147545.52731099,170342.93902834],[147546.80807061,170343.61482116],[147548.10631366,170344.25747947],[147549.42074575,170344.86634149],[147550.75004001,170345.44081334],[147563.966063,170350.95174335],[147564.0919939,170351.03945464],[147564.19474738,170351.24249221],[147564.16795001,170351.46983434],[147564.08446856,170351.59123896],[147563.95069561,170351.67806164],[147563.79344173,170351.70460583],[147563.64983499,170351.67166134],[147551.5915,170346.66012136],[147550.1411696,170346.06773063],[147548.70679996,170345.43626364],[147547.28996139,170344.76638664],[147545.892186,170344.05884935],[147544.31210899,170343.19239234],[147543.361215,170342.69395934],[147543.24323278,170342.59541875],[147543.16606476,170342.44801146],[147543.15378709,170342.28208052],[147543.20197001,170342.13610634]]]},"geometry_name":"GEOM","properties":{"INSPIRE_ID":"https://databrussels.be/id/streetsurface/156217","TYPE":"M","STREET_ID":"https://databrussels.be/id/streetname/4568","STRNAMEFRE":"Chaussée de Mons","STRNAMEDUT":"Bergense Steenweg","MUNNISCODE":"21001","HIERARCHY":"IDR","LVL":0,"ADMIN":"REGION_RBC","AREA":18},"bbox":[147543.15378709,170341.9286409,147564.19474738,170351.70460583]},{"type":"Feature","id":"StreetSurfaces.fid--324554a4_1a02c2cbca7_-6267","geometry":{"type":"Polygon","coordinates":[[[147533.03322799,170335.67045735],[147533.14218686,170335.56437286],[147533.29508424,170335.50341741],[147533.4596148,170335.50819873],[147533.59836299,170335.57044734],[147536.099105,170337.22237834],[147537.05141399,170335.79637336],[147538.636074,170336.83085336],[147537.71584499,170338.27351235],[147539.45541201,170339.44448134],[147539.56332913,170339.54753291],[147539.6317873,170339.75793365],[147539.572155,170339.97237536],[147539.47385175,170340.07658402],[147539.3323833,170340.14007362],[147539.17733514,170340.14215182],[147539.044259,170340.08910733],[147534.335658,170337.02075335],[147533.133181,170336.23560234],[147533.02710753,170336.1266328],[147532.9661675,170335.97372931],[147532.97096541,170335.80919925],[147533.03322799,170335.67045735]]]},"geometry_name":"GEOM","properties":{"INSPIRE_ID":"https://databrussels.be/id/streetsurface/156218","TYPE":"M","STREET_ID":"https://databrussels.be/id/streetname/4568","STRNAMEFRE":"Chaussée de Mons","STRNAMEDUT":"Bergense Steenweg","MUNNISCODE":"21001","HIERARCHY":"IDR","LVL":0,"ADMIN":"REGION_RBC","AREA":9},"bbox":[147532.9661675,170335.50341741,147539.6317873,170340.14215182]},{"type":"Feature","id":"StreetSurfaces.fid--324554a4_1a02c2cbca7_-6268","geometry":{"type":"Polygon","coordinates":[[[147520.189063,170327.28080434],[147520.29341333,170327.17477788],[147520.44168363,170327.11197709],[147520.6027005,170327.11323522],[147520.73968999,170327.17123934],[147528.40937362,170332.17789243],[147528.52142799,170332.38623935],[147528.49835925,170332.62154285],[147528.35504909,170332.79992958],[147528.20352981,170332.86452452],[147528.03881857,170332.86362337],[147527.89854901,170332.80461835],[147521.16657901,170328.39594735],[147520.29867001,170327.83142234],[147520.19263568,170327.72708026],[147520.12982359,170327.57881492],[147520.13106942,170327.41779813],[147520.189063,170327.28080434]]]},"geometry_name":"GEOM","properties":{"INSPIRE_ID":"https://databrussels.be/id/streetsurface/156219","TYPE":"M","STREET_ID":"https://databrussels.be/id/streetname/4568","STRNAMEFRE":"Chaussée de Mons","STRNAMEDUT":"Bergense Steenweg","MUNNISCODE":"21001","HIERARCHY":"IDR","LVL":0,"ADMIN":"REGION_RBC","AREA":8},"bbox":[147520.12982359,170327.11197709,147528.52142799,170332.86452452]},{"type":"Feature","id":"StreetSurfaces.fid--324554a4_1a02c2cbca7_-626f","geometry":{"type":"Polygon","coordinates":[[[147511.86995699,170321.87067136],[147511.61624186,170322.02233883],[147511.32959099,170321.95018834],[147499.543121,170314.28449134],[147497.859444,170313.18687636],[147497.70300548,170312.95028123],[147497.759694,170312.67236634],[147497.99629967,170312.5159434],[147498.274211,170312.57265035],[147503.83169,170316.12935234],[147511.79047101,170321.33030135],[147511.94212382,170321.58402492],[147511.86995699,170321.87067136]]]},"geometry_name":"GEOM","properties":{"INSPIRE_ID":"https://databrussels.be/id/streetsurface/156221","TYPE":"M","STREET_ID":"https://databrussels.be/id/streetname/4568","STRNAMEFRE":"Chaussée de Mons","STRNAMEDUT":"Bergense Steenweg","MUNNISCODE":"21001","HIERARCHY":"IDR","LVL":0,"ADMIN":"REGION_RBC","AREA":13},"bbox":[147497.70300548,170312.5159434,147511.94212382,170322.02233883]},{"type":"Feature","id":"StreetSurfaces.fid--324554a4_1a02c2cbca7_-6307","geometry":{"type":"Polygon","coordinates":[[[147912.71667591,170485.94654922],[147912.58522537,170485.98245659],[147912.44999288,170485.99921244],[147912.31247611,170485.99639718],[147912.17678613,170485.97388012],[147912.04573086,170485.93212722],[147911.92202231,170485.87200249],[147911.80402865,170485.79225368],[147911.69937175,170485.69566533],[147911.61043262,170485.5844349],[147911.5392347,170485.46109296],[147911.4792102,170485.29600676],[147911.45129512,170485.12257914],[147911.45648513,170484.94699595],[147911.49459513,170484.77551994],[147911.85323512,170483.27635103],[147913.04336632,170483.57477855],[147913.66427954,170483.73047364],[147913.33337935,170485.23152104],[147913.28314901,170485.40294568],[147913.20167858,170485.56191758],[147913.09185573,170485.70280207],[147912.95757308,170485.82060556],[147912.84164674,170485.89222726],[147912.71667591,170485.94654922]]]},"geometry_name":"GEOM","properties":{"INSPIRE_ID":"https://databrussels.be/id/streetsurface/156311","TYPE":"M","STREET_ID":"https://databrussels.be/id/streetname/1283","STRNAMEFRE":"Boulevard du Midi","STRNAMEDUT":"Zuidlaan","MUNNISCODE":"21004","HIERARCHY":"MAR","LVL":0,"ADMIN":"REGION_RBC","AREA":4},"bbox":[147911.45129512,170483.27635103,147913.66427954,170485.99921244]},{"type":"Feature","id":"StreetSurfaces.fid--324554a4_1a02c2cbca7_-6310","geometry":{"type":"Polygon","coordinates":[[[147913.73753522,170480.61908117],[147913.56099999,170480.62200035],[147913.40899999,170480.59500035],[147913.3,170480.56200033],[147913.196,170480.51500036],[147913.099,170480.45500034],[147913.00899999,170480.38400034],[147912.924,170480.29400035],[147912.852,170480.19300035],[147912.795,170480.08300034],[147912.753,170479.96600035],[147912.729,170479.85000035],[147912.722,170479.73100034],[147912.73,170479.61200033],[147912.754,170479.49500035],[147915.28099999,170468.61200033],[147915.86500001,170465.83000034],[147916.501,170463.06000034],[147917.18699999,170460.30100035],[147917.923,170457.55500034],[147918.253,170456.36200033],[147918.596,170455.17300035],[147918.954,170453.98900036],[147919.325,170452.80800034],[147919.46800001,170452.37900034],[147919.61400001,170451.95000035],[147919.76199999,170451.52200035],[147919.91300001,170451.09600035],[147920.38099999,170450.02000035],[147920.528,170449.84600035],[147920.75,170449.76600035],[147921.002,170449.81300036],[147921.13699999,170449.92000035],[147921.223,170450.06900035],[147921.246,170450.29200035],[147920.59300001,170453.11100033],[147916.672,170470.32300035],[147914.50699999,170479.75700034],[147914.453,170480.04600035],[147914.34100001,170480.26200033],[147914.247,170480.37400035],[147914.13599999,170480.47000035],[147914.01099999,170480.54500035],[147913.86600001,170480.59700035],[147913.73753522,170480.61908117]]]},"geometry_name":"GEOM","properties":{"INSPIRE_ID":"https://databrussels.be/id/streetsurface/156312","TYPE":"M","STREET_ID":"https://databrussels.be/id/streetname/1283","STRNAMEFRE":"Boulevard du Midi","STRNAMEDUT":"Zuidlaan","MUNNISCODE":"21004","HIERARCHY":"MAR","LVL":0,"ADMIN":"REGION_RBC","AREA":52},"bbox":[147912.722,170449.76600035,147921.246,170480.62200035]},{"type":"Feature","id":"StreetSurfaces.fid--324554a4_1a02c2cbca7_-631a","geometry":{"type":"Polygon","coordinates":[[[147928.33399999,170419.60300034],[147928.48099999,170419.83800036],[147928.65899999,170420.13500034],[147928.654,170420.51200034],[147924.96600001,170436.77600035],[147923.904,170437.79900035],[147923.34000001,170438.34200035],[147922.24400001,170439.41500036],[147922.076,170439.41700035],[147921.949,170439.23900036],[147925.53299999,170423.43400034],[147926.91300001,170417.33300034],[147928.33399999,170419.60300034]]]},"geometry_name":"GEOM","properties":{"INSPIRE_ID":"https://databrussels.be/id/streetsurface/156313","TYPE":"M","STREET_ID":"https://databrussels.be/id/streetname/1283","STRNAMEFRE":"Boulevard du Midi","STRNAMEDUT":"Zuidlaan","MUNNISCODE":"21004","HIERARCHY":"MAR","LVL":0,"ADMIN":"REGION_RBC","AREA":48},"bbox":[147921.949,170417.33300034,147928.65899999,170439.41700035]},{"type":"Feature","id":"StreetSurfaces.fid--324554a4_1a02c2cbca7_-623a","geometry":{"type":"Polygon","coordinates":[[[147951.92715828,170317.77673234],[147951.873,170318.12000035],[147951.78599999,170318.60800034],[147950.58299999,170323.80100034],[147946.58299999,170341.23700034],[147943.61900001,170355.25500034],[147940.347,170369.62300035],[147936.574,170386.98100034],[147932.30899999,170405.45600034],[147932.204,170405.60400034],[147932.08900001,170405.64200035],[147931.949,170405.67200035],[147931.74492743,170405.58935262],[147931.59400001,170405.39200035],[147931.53099999,170404.10900034],[147931.58199999,170401.14600035],[147931.66400001,170398.77900034],[147931.90999999,170396.31500036],[147932.33800001,170393.66000034],[147949.53308163,170318.07754832],[147949.739,170317.476],[147949.84901351,170317.3056565],[147949.925,170317.188],[147950.239,170316.892],[147950.633,170316.719],[147951.039,170316.685],[147951.175,170316.668],[147951.352,170316.702],[147951.488,170316.736],[147951.678,170316.876],[147951.767,170316.998],[147951.843,170317.135],[147951.924,170317.375],[147951.941,170317.689],[147951.92715828,170317.77673234]]]},"geometry_name":"GEOM","properties":{"INSPIRE_ID":"https://databrussels.be/id/streetsurface/156314","TYPE":"M","STREET_ID":"https://databrussels.be/id/streetname/1283","STRNAMEFRE":"Boulevard du Midi","STRNAMEDUT":"Zuidlaan","MUNNISCODE":"21004","HIERARCHY":"MAR","LVL":0,"ADMIN":"REGION_RBC","AREA":214},"bbox":[147931.53099999,170316.668,147951.941,170405.67200035]},{"type":"Feature","id":"StreetSurfaces.fid--324554a4_1a02c2cbca7_-6234","geometry":{"type":"Polygon","coordinates":[[[148000.42799902,170078.06800014],[148001.76499903,170072.15400013],[148002.25309846,170072.26240865],[148007.05600121,170073.33999959],[148000.00000098,170104.08500058],[147996.77581109,170121.49049921],[147977.98600097,170200.00100056],[147970.55300098,170232.38600058],[147964.923,170259.028],[147961.413,170273.921],[147959.33105864,170284.93360367],[147955.94674381,170300.5252837],[147955.74061286,170301.47493764],[147954.59927729,170301.20481648],[147953.45794173,170300.93469532],[147953.67001071,170300.00927105],[147976.58799903,170200.00100013],[147995.77899902,170116.25900012],[147996.08299902,170114.76800014],[147996.32799902,170113.26700019],[147996.52899902,170111.76100022],[147996.701999,170110.25100023],[147996.81799901,170108.98400027],[147996.897999,170107.71500029],[147996.96499901,170106.4450003],[147997.03699901,170105.1760003],[147997.48899901,170098.10300027],[147997.60599899,170096.57100028],[147997.75599899,170095.04200026],[147997.928999,170093.51600023],[147998.117999,170091.99200024],[147998.38299902,170090.01000022],[147998.670999,170088.0320002],[147998.98099902,170086.0570002],[147999.30599902,170084.08400019],[147999.47299903,170083.09400018],[147999.64199901,170082.10400018],[147999.81699901,170081.11500017],[147999.99999902,170080.12800015],[148000.20599902,170079.09600016],[148000.42799902,170078.06800014]]]},"geometry_name":"GEOM","properties":{"INSPIRE_ID":"https://databrussels.be/id/streetsurface/156315","TYPE":"M","STREET_ID":"https://databrussels.be/id/streetname/1283","STRNAMEFRE":"Boulevard du Midi","STRNAMEDUT":"Zuidlaan","MUNNISCODE":"21004","HIERARCHY":"MAR","LVL":0,"ADMIN":"REGION_RBC","AREA":503},"bbox":[147953.45794173,170072.15400013,148007.05600121,170301.47493764]},{"type":"Feature","id":"StreetSurfaces.fid--324554a4_1a02c2cbca7_-6246","geometry":{"type":"Polygon","coordinates":[[[147743.08315778,170129.19604872],[147742.14200001,170133.58400034],[147737.09000001,170157.11000034],[147731.69086223,170182.14290227],[147728.63,170181.48800036],[147725.42999999,170180.79000035],[147725.90999999,170180.09000036],[147726.12000001,170179.73000034],[147726.25,170179.34000036],[147726.35,170178.95000035],[147726.45,170178.55000035],[147731.19000001,170155.14000036],[147737.95987382,170123.66718832],[147743.08315778,170129.19604872]]]},"geometry_name":"GEOM","properties":{"INSPIRE_ID":"https://databrussels.be/id/streetsurface/1567","TYPE":"S","STREET_ID":"https://databrussels.be/id/streetname/354","STRNAMEFRE":"Rue Otlet","STRNAMEDUT":"Otletstraat","MUNNISCODE":"21001","HIERARCHY":"DR","LVL":0,"ADMIN":"MUN_RBC","AREA":344},"bbox":[147725.42999999,170123.66718832,147743.08315778,170182.14290227]},{"type":"Feature","id":"StreetSurfaces.fid--324554a4_1a02c2cbca7_-62fa","geometry":{"type":"Polygon","coordinates":[[[147504.302,170496.33600033],[147505.41700001,170497.34000035],[147504.24084675,170498.64618646],[147506.5,170500.70000035],[147517.27874496,170510.52634894],[147518.44300001,170509.23300034],[147519.55799999,170510.23600033],[147518.38790243,170511.53750261],[147529.848,170521.98500034],[147531.19500001,170520.50700034],[147542.94300001,170531.21800035],[147541.59500001,170532.69600035],[147542.39000001,170533.42000035],[147550.53567269,170540.74934751],[147551.55899999,170539.57300035],[147552.73199999,170540.63200034],[147551.71924632,170541.81430832],[147560.48619347,170549.70266842],[147561.65699999,170548.40200034],[147562.772,170549.40500034],[147561.60106449,170550.70581168],[147570.79674132,170558.97993597],[147571.96700001,170557.67900034],[147573.08199999,170558.68200034],[147571.91161239,170559.98307928],[147574.82000001,170562.60000035],[147581.4612222,170568.65959738],[147582.63199999,170567.35900034],[147583.747,170568.36200033],[147582.56912959,170569.67047643],[147591.60398054,170577.91407293],[147592.76800001,170576.62100035],[147593.88299999,170577.62400035],[147592.71188788,170578.92495195],[147601.89300001,170587.30200034],[147602.86400001,170586.17000035],[147603.80899999,170586.99100035],[147606.19154065,170589.06185919],[147603.41500001,170592.06200033],[147491.32000001,170490.31000034],[147487.70441105,170486.95493895],[147490.32928112,170484.12048451],[147490.82647679,170484.3807623],[147491.83815501,170485.16939834],[147492.777283,170486.02395834],[147491.67783775,170487.22505678],[147503.13062735,170497.63687733],[147504.302,170496.33600033]]]},"geometry_name":"GEOM","properties":{"INSPIRE_ID":"https://databrussels.be/id/streetsurface/160686","TYPE":"SW","STREET_ID":"https://databrussels.be/id/streetname/3122","STRNAMEFRE":"Rue Odon","STRNAMEDUT":"Odonstraat","MUNNISCODE":"21001","HIERARCHY":"DR","LVL":0,"ADMIN":"MUN_RBC","AREA":452},"bbox":[147487.70441105,170484.12048451,147606.19154065,170592.06200033]},{"type":"Feature","id":"StreetSurfaces.fid--324554a4_1a02c2cbca7_-62f3","geometry":{"type":"Polygon","coordinates":[[[147630.94486489,170533.61180588],[147629.899,170534.75800034],[147628.45899999,170533.44300035],[147629.50460045,170532.29709555],[147624.83,170528.03000034],[147621.2478406,170524.77764083],[147620.21199999,170525.91300036],[147618.772,170524.59800035],[147619.80406971,170523.4667941],[147611.64400001,170516.05800034],[147610.63199999,170517.16600035],[147609.19200001,170515.85100034],[147610.204,170514.74300035],[147596.73399999,170502.56400036],[147596.61500001,170502.45700034],[147595.523,170503.60000035],[147593.94400001,170502.15700034],[147585.00699999,170493.99100035],[147583.65699999,170492.75700034],[147584.63800001,170491.60100034],[147563.12000001,170472.09800035],[147562.10599999,170473.21700035],[147560.647,170471.89400035],[147561.66099999,170470.77500035],[147552.921,170462.85300034],[147551.90599999,170463.97200035],[147550.447,170462.64900035],[147551.46099999,170461.53000034],[147533.12159901,170444.37712735],[147531.89737599,170445.70670034],[147530.029407,170444.00871035],[147528.91253212,170442.79227217],[147528.36103075,170441.89557797],[147530.62298005,170439.47256983],[147540.85999999,170448.70000035],[147561.34000001,170466.96000034],[147575.94000001,170480.40000035],[147579.10999999,170483.44000036],[147609.25999999,170510.84000035],[147635.579,170534.92400035],[147644.976,170543.25500034],[147642.29665136,170546.20575138],[147638.197,170542.33500034],[147636.75699999,170541.02000035],[147637.804,170539.87300035],[147630.94486489,170533.61180588]]]},"geometry_name":"GEOM","properties":{"INSPIRE_ID":"https://databrussels.be/id/streetsurface/160687","TYPE":"SW","STREET_ID":"https://databrussels.be/id/streetname/3801","STRNAMEFRE":"Rue Abbé Cuylits","STRNAMEDUT":"Pastoor Cuylitsstraat","MUNNISCODE":"21001","HIERARCHY":"DR","LVL":0,"ADMIN":"MUN_RBC","AREA":416},"bbox":[147528.36103075,170439.47256983,147644.976,170546.20575138]},{"type":"Feature","id":"StreetSurfaces.fid--324554a4_1a02c2cbca7_-62f1","geometry":{"type":"Polygon","coordinates":[[[147882.83421526,170386.23668584],[147881.9388443,170390.09834252],[147880.028,170389.65500034],[147879.58299999,170391.56900035],[147867.58,170388.89000036],[147847.39000001,170384.17100035],[147821.55999999,170378.15100034],[147802.59000001,170373.68100034],[147800.20750351,170373.14371754],[147801.69000001,170370.34000036],[147803.11687083,170367.64148311],[147803.8,170367.81100034],[147836.63,170375.48100034],[147868.83,170382.97100035],[147882.62000001,170386.20000035],[147882.83421526,170386.23668584]]]},"geometry_name":"GEOM","properties":{"INSPIRE_ID":"https://databrussels.be/id/streetsurface/1616","TYPE":"S","STREET_ID":"https://databrussels.be/id/streetname/117","STRNAMEFRE":"Rue Moretus","STRNAMEDUT":"Moretusstraat","MUNNISCODE":"21001","HIERARCHY":"DR","LVL":0,"ADMIN":"MUN_RBC","AREA":493},"bbox":[147800.20750351,170367.64148311,147882.83421526,170391.56900035]},{"type":"Feature","id":"StreetSurfaces.fid--324554a4_1a02c2cbca7_-6316","geometry":{"type":"Polygon","coordinates":[[[148017.77218413,170474.62014157],[148017.50999999,170474.16800035],[148017.204,170473.71700035],[148016.71400001,170473.09800035],[148016.38599999,170472.74000036],[148015.81400001,170472.19500035],[148015.24300001,170471.73800036],[148012.43800001,170470.08100034],[148011.42,170471.57000035],[148000.771,170465.60000035],[148000,170465.16900035],[147985.10999999,170456.84800035],[147975.93399999,170451.75600034],[147957.25699999,170441.35800034],[147948.20999999,170436.34700035],[147946.82717838,170435.67439734],[147950.0155,170433.90800034],[147953.33417311,170432.06938587],[147953.974,170432.71800035],[147957.36700001,170434.62800034],[147957.748,170434.82000035],[147959.68800001,170435.71000034],[147971.572,170442.54600035],[147976.96199999,170445.61400036],[148000,170459.18692278],[148020.13062632,170470.40482012],[148018.96300001,170472.49200035],[148017.77218413,170474.62014157]]]},"geometry_name":"GEOM","properties":{"INSPIRE_ID":"https://databrussels.be/id/streetsurface/18005","TYPE":"S","STREET_ID":"https://databrussels.be/id/streetname/5657","STRNAMEFRE":"Rue de Cureghem","STRNAMEDUT":"Kuregemsestraat","MUNNISCODE":"21004","HIERARCHY":"DR","LVL":0,"ADMIN":"MUN_RBC","AREA":434},"bbox":[147946.82717838,170432.06938587,148020.13062632,170474.62014157]},{"type":"Feature","id":"StreetSurfaces.fid--324554a4_1a02c2cbca7_-62d7","geometry":{"type":"Polygon","coordinates":[[[147678.49436617,170389.73821858],[147663.227371,170383.47385234],[147651.38300674,170378.63507704],[147651.135202,170378.59276434],[147650.86345224,170378.71510512],[147646.45717599,170377.05965835],[147646.46610408,170376.74982559],[147646.253321,170376.52443834],[147635.33366499,170372.04414834],[147623.745363,170367.29361836],[147612.67880099,170362.75350834],[147612.075354,170362.50594135],[147602.94947059,170358.81758834],[147605.45999703,170356.47708937],[147607.57692299,170357.36985735],[147627.26819,170365.45282534],[147643.134202,170371.96718034],[147662.66275799,170379.95320634],[147677.84436801,170386.13828136],[147678.86659713,170386.55809251],[147678.49436617,170389.73821858]]]},"geometry_name":"GEOM","properties":{"INSPIRE_ID":"https://databrussels.be/id/streetsurface/18592","TYPE":"S","STREET_ID":"https://databrussels.be/id/streetname/4568","STRNAMEFRE":"Chaussée de Mons","STRNAMEDUT":"Bergense Steenweg","MUNNISCODE":"21001","HIERARCHY":"IDR","LVL":0,"ADMIN":"REGION_RBC","AREA":247},"bbox":[147602.94947059,170356.47708937,147678.86659713,170389.73821858]},{"type":"Feature","id":"StreetSurfaces.fid--324554a4_1a02c2cbca7_-62e3","geometry":{"type":"Polygon","coordinates":[[[147757.96565945,170424.97384418],[147759.61137145,170422.12671515],[147761.970854,170423.23323835],[147762.26282568,170423.36197673],[147762.56304653,170423.47200645],[147762.86969483,170423.56259297],[147763.18087001,170423.63324036],[147763.50289512,170423.67819406],[147763.82960253,170423.68960627],[147764.15572801,170423.66701962],[147764.47602601,170423.61107133],[147765.28547771,170423.37086536],[147766.04200702,170422.95232018],[147766.68928633,170422.37913073],[147767.18616099,170421.69646934],[147767.24140463,170421.58835767],[147768.672,170422.23800036],[147770.57901185,170423.04699572],[147770.472,170423.25900034],[147770.26300001,170423.72200035],[147770.09400001,170424.20300034],[147769.96800001,170424.69800035],[147769.88599999,170425.19900035],[147769.852,170425.71000034],[147769.871,170426.22400035],[147769.94300001,170426.73400034],[147770.06700001,170427.23100034],[147770.48699999,170428.24400035],[147771.11400001,170429.17200035],[147771.91700001,170429.95300034],[147772.84100001,170430.54400035],[147773.65189385,170430.94838611],[147771.34200001,170435.76000034],[147768.6491415,170441.83502992],[147753.55675204,170434.69374389],[147756.87324233,170426.95082775],[147757.00816372,170426.99666525],[147757.21009672,170426.98713747],[147757.39339194,170426.90186976],[147757.523102,170426.76559736],[147758.14588399,170425.65667435],[147758.20705028,170425.47845117],[147758.19481638,170425.27503704],[147758.10321081,170425.09300574],[147757.96565945,170424.97384418]]]},"geometry_name":"GEOM","properties":{"INSPIRE_ID":"https://databrussels.be/id/streetsurface/18750","TYPE":"I","STREET_ID":"https://databrussels.be/id/streetname/4568","STRNAMEFRE":"Chaussée de Mons","STRNAMEDUT":"Bergense Steenweg","MUNNISCODE":"21001","HIERARCHY":"IDR","LVL":0,"ADMIN":"REGION_RBC","AREA":244},"bbox":[147753.55675204,170421.58835767,147773.65189385,170441.83502992]},{"type":"Feature","id":"StreetSurfaces.fid--324554a4_1a02c2cbca7_-62d6","geometry":{"type":"Polygon","coordinates":[[[147650.86345224,170378.71510512],[147650.78412507,170378.94806546],[147650.82436755,170379.10891432],[147650.92465622,170379.24095217],[147651.12888701,170379.36141936],[147650.46496899,170380.93229336],[147652.24704001,170381.70591534],[147652.911062,170380.12057434],[147653.25122099,170380.25367635],[147653.69282401,170380.44325534],[147671.53535399,170387.74074835],[147670.94231601,170389.16373636],[147674.19105699,170390.50249535],[147675.21406131,170390.92436637],[147676.33687229,170391.10421399],[147677.47065606,170391.01712791],[147678.36813972,170390.73065881],[147677.17335253,170399.65152544],[147677.00426402,170399.54878889],[147676.06036799,170399.17446035],[147668.100036,170395.98994335],[147667.45117099,170397.59135135],[147667.056637,170397.43810536],[147656.758463,170393.20337435],[147648.296243,170389.70628534],[147648.01584599,170389.57062935],[147648.65023999,170387.97216336],[147646.88492701,170387.26112634],[147646.21795399,170388.85738434],[147637.476458,170385.27095236],[147628.05677199,170381.37025136],[147628.672841,170379.79923536],[147626.92049799,170379.08859135],[147626.277106,170380.65941034],[147610.278567,170374.10499634],[147609.96795499,170373.96636235],[147610.616625,170372.36536735],[147596.44018009,170366.69178253],[147602.41256177,170359.40906872],[147602.67126801,170359.76017834],[147603.24511745,170360.61491259],[147603.93879979,170361.38919371],[147604.73372064,170362.05912448],[147605.60543101,170362.60684234],[147611.69193299,170365.08469936],[147612.341433,170363.48929335],[147612.63289001,170363.60876735],[147627.853333,170369.84793636],[147627.22422099,170371.43511034],[147628.993522,170372.13023935],[147629.62790001,170370.55484434],[147641.97516501,170375.65604035],[147645.92193601,170377.26346034],[147646.23176777,170377.27241906],[147646.45717599,170377.05965835],[147650.86345224,170378.71510512]]]},"geometry_name":"GEOM","properties":{"INSPIRE_ID":"https://databrussels.be/id/streetsurface/18751","TYPE":"S","STREET_ID":"https://databrussels.be/id/streetname/4568","STRNAMEFRE":"Chaussée de Mons","STRNAMEDUT":"Bergense Steenweg","MUNNISCODE":"21001","HIERARCHY":"IDR","LVL":0,"ADMIN":"REGION_RBC","AREA":824},"bbox":[147596.44018009,170359.40906872,147678.36813972,170399.65152544]},{"type":"Feature","id":"StreetSurfaces.fid--324554a4_1a02c2cbca7_-62cf","geometry":{"type":"Polygon","coordinates":[[[147678.49436617,170389.73821858],[147678.86659713,170386.55809251],[147682.36679101,170387.99555935],[147682.99460599,170387.23998336],[147683.32711768,170386.74276444],[147683.60163026,170386.20675901],[147683.81197012,170385.64247533],[147683.954548,170385.06156035],[147684.01456788,170384.80504867],[147685.41400001,170385.37000035],[147688.2157871,170386.41486801],[147687.94300001,170387.69600035],[147687.43830462,170390.06627957],[147689.95609901,170391.07036134],[147690.80874224,170391.42301978],[147690.00001717,170394.40914379],[147689.358601,170394.14550234],[147689.21514101,170394.48646234],[147689.79952288,170395.4749276],[147688.44276807,170404.16898636],[147687.88699999,170404.03700034],[147687.08800001,170404.00100034],[147685.79000001,170404.26800035],[147684.95799999,170404.71200033],[147684.105,170405.35500034],[147683.528,170406.05300034],[147682.93749924,170407.44509875],[147681.10599999,170406.29800035],[147680.0160043,170405.60623931],[147680.06167328,170405.35026335],[147680.0488049,170404.03419956],[147679.79024639,170402.74372019],[147679.305632,170401.54459936],[147678.66183059,170400.75937244],[147677.88450923,170400.08361751],[147677.17335253,170399.65152544],[147678.36813972,170390.73065881],[147678.52483399,170390.68064336],[147679.04437001,170390.37929036],[147679.17520599,170390.01758136],[147678.49436617,170389.73821858]]]},"geometry_name":"GEOM","properties":{"INSPIRE_ID":"https://databrussels.be/id/streetsurface/18752","TYPE":"I","STREET_ID":"https://databrussels.be/id/streetname/4568","STRNAMEFRE":"Chaussée de Mons","STRNAMEDUT":"Bergense Steenweg","MUNNISCODE":"21001","HIERARCHY":"IDR","LVL":0,"ADMIN":"REGION_RBC","AREA":200},"bbox":[147677.17335253,170384.80504867,147690.80874224,170407.44509875]},{"type":"Feature","id":"StreetSurfaces.fid--324554a4_1a02c2cbca7_-62e9","geometry":{"type":"Polygon","coordinates":[[[147757.96565945,170424.97384418],[147757.07757199,170424.47099935],[147755.97497711,170423.8614808],[147754.85911851,170423.27595578],[147753.73078396,170422.71484875],[147752.590779,170422.17854935],[147751.67502201,170421.76197335],[147743.43123491,170417.87123583],[147743.1799,170417.82746733],[147743.08134258,170417.84450124],[147742.98747597,170417.88867606],[147742.85351501,170418.03976535],[147739.369975,170416.40023335],[147739.3888444,170416.22722105],[147739.33544102,170416.04632639],[147739.21409557,170415.90193082],[147739.05942199,170415.82214736],[147738.174034,170415.39948036],[147737.63541801,170415.17224535],[147725.43136301,170409.43713335],[147722.63071442,170408.15254549],[147719.81978397,170406.890374],[147716.99884133,170405.65074128],[147714.16815801,170404.43376535],[147711.22931435,170403.18068684],[147708.28504613,170401.94033061],[147705.33543601,170400.71273166],[147702.380567,170399.49792434],[147690.00001717,170394.40914379],[147690.80874224,170391.42301978],[147708.49553101,170398.73838335],[147714.73741577,170401.35899841],[147716.546807,170402.13682734],[147720.15493801,170403.71714634],[147723.87880263,170405.38901108],[147730.056917,170408.23767735],[147738.170224,170412.04608334],[147745.77892499,170415.60152634],[147759.33673301,170421.99791836],[147759.61137145,170422.12671515],[147757.96565945,170424.97384418]]]},"geometry_name":"GEOM","properties":{"INSPIRE_ID":"https://databrussels.be/id/streetsurface/18965","TYPE":"S","STREET_ID":"https://databrussels.be/id/streetname/4568","STRNAMEFRE":"Chaussée de Mons","STRNAMEDUT":"Bergense Steenweg","MUNNISCODE":"21001","HIERARCHY":"IDR","LVL":0,"ADMIN":"REGION_RBC","AREA":230},"bbox":[147690.00001717,170391.42301978,147759.61137145,170424.97384418]},{"type":"Feature","id":"StreetSurfaces.fid--324554a4_1a02c2cbca7_-6270","geometry":{"type":"Polygon","coordinates":[[[147511.86995699,170321.87067136],[147511.94212382,170321.58402492],[147511.79047101,170321.33030135],[147503.83169,170316.12935234],[147498.274211,170312.57265035],[147497.99629967,170312.5159434],[147497.759694,170312.67236634],[147493.58940201,170309.95041334],[147493.6484843,170309.80873154],[147493.64864922,170309.64248079],[147493.58253114,170309.48994311],[147493.401618,170309.32957336],[147494.27702501,170307.76843435],[147492.67175,170306.80927235],[147491.79978499,170308.26861335],[147491.45997,170308.06557134],[147484.08724999,170303.30781235],[147483.94989595,170303.25669757],[147483.79136937,170303.26247705],[147483.64817851,170303.33074461],[147483.55009401,170303.43964034],[147473.28705499,170296.75590736],[147473.3345767,170296.45268479],[147473.15378101,170296.20466233],[147468.08917799,170292.90251435],[147467.78534393,170292.84040097],[147467.52658601,170293.01133236],[147463.673193,170290.52218035],[147468.81425414,170282.73084389],[147469.22325471,170283.25040454],[147470.111197,170283.94282836],[147471.79598701,170284.92834336],[147472.707618,170283.44309734],[147473.00528901,170283.62800135],[147486.66647101,170292.34571734],[147496.909182,170298.88273634],[147496.03749001,170300.31682435],[147497.59254701,170301.35542835],[147498.53673201,170299.94174033],[147508.12711001,170306.05994436],[147520.21524999,170313.82583136],[147520.47616,170313.97161435],[147519.54124,170315.43397435],[147521.32460799,170316.61305934],[147522.11337776,170317.10119273],[147522.93930132,170317.52928966],[147523.79537296,170317.89337493],[147524.71638835,170318.20050701],[147519.24448051,170326.66651756],[147511.86995699,170321.87067136]]]},"geometry_name":"GEOM","properties":{"INSPIRE_ID":"https://databrussels.be/id/streetsurface/19350","TYPE":"S","STREET_ID":"https://databrussels.be/id/streetname/4568","STRNAMEFRE":"Chaussée de Mons","STRNAMEDUT":"Bergense Steenweg","MUNNISCODE":"21001","HIERARCHY":"IDR","LVL":0,"ADMIN":"REGION_RBC","AREA":698},"bbox":[147463.673193,170282.73084389,147524.71638835,170326.66651756]},{"type":"Feature","id":"StreetSurfaces.fid--324554a4_1a02c2cbca7_-626d","geometry":{"type":"Polygon","coordinates":[[[147531.73472497,170334.79743878],[147528.49835925,170332.62154285],[147528.52142799,170332.38623935],[147528.40937362,170332.17789243],[147520.73968999,170327.17123934],[147520.6027005,170327.11323522],[147520.44168363,170327.11197709],[147520.29341333,170327.17477788],[147520.189063,170327.28080434],[147519.24448051,170326.66651756],[147524.71638835,170318.20050701],[147525.5957165,170318.4067736],[147526.54217138,170318.51722504],[147527.49504817,170318.51871942],[147528.43571401,170318.41228935],[147529.83270764,170317.99552957],[147531.14222217,170317.28553661],[147531.58900955,170316.90463999],[147533.475,170318.05500034],[147535.39073956,170319.10868574],[147535.25982435,170319.40593072],[147535.05548601,170319.96614236],[147534.89844379,170320.55609983],[147534.80779598,170321.16373101],[147534.78588798,170321.77769579],[147534.83248601,170322.38641635],[147535.23965898,170324.1896294],[147535.59494577,170325.06573003],[147536.04758704,170325.90235029],[147536.59012349,170326.68367723],[147536.89009626,170327.02734736],[147531.73472497,170334.79743878]]]},"geometry_name":"GEOM","properties":{"INSPIRE_ID":"https://databrussels.be/id/streetsurface/19351","TYPE":"I","STREET_ID":"https://databrussels.be/id/streetname/4568","STRNAMEFRE":"Chaussée de Mons","STRNAMEDUT":"Bergense Steenweg","MUNNISCODE":"21001","HIERARCHY":"IDR","LVL":0,"ADMIN":"REGION_RBC","AREA":182},"bbox":[147519.24448051,170316.90463999,147536.89009626,170334.79743878]},{"type":"Feature","id":"StreetSurfaces.fid--324554a4_1a02c2cbca7_-62e7","geometry":{"type":"Polygon","coordinates":[[[147739.36997378,170416.4002314],[147742.85351653,170418.03976363],[147742.83246217,170418.20799064],[147742.88338449,170418.3852235],[147743.00236239,170418.5261093],[147743.15388191,170418.60216557],[147752.56092277,170423.04857],[147751.78305922,170424.60559431],[147756.87324407,170426.95082632],[147753.55675342,170434.6937456],[147749.69399824,170432.86600174],[147750.45899775,170431.20500039],[147732.52299912,170422.37800213],[147723.27499998,170417.8590026],[147722.14100137,170419.95600215],[147719.73099918,170418.86000217],[147711.42899921,170415.34000219],[147711.03999834,170415.18900184],[147711.67499778,170413.57800056],[147709.8940002,170412.91400257],[147709.26900148,170414.47700201],[147695.72599831,170408.94300181],[147696.40799778,170407.35200051],[147689.38399925,170404.54300221],[147688.66599917,170404.22200219],[147688.44276671,170404.16898814],[147689.7995209,170395.47492729],[147690.42499225,170396.30081512],[147691.26023507,170397.09388431],[147692.2138881,170397.73974437],[147693.24588385,170398.21575753],[147699.30197985,170400.75084611],[147699.89432054,170399.30966166],[147712.53561978,170404.6210425],[147712.84948371,170404.75792288],[147712.21053724,170406.35880119],[147713.95978684,170407.08859512],[147714.62006154,170405.51064266],[147714.97578378,170405.6598055],[147717.71715779,170406.83443052],[147719.10613909,170407.43684932],[147720.49125831,170408.04817287],[147721.8724299,170408.66836377],[147723.24956882,170409.29738353],[147724.62377629,170409.93240255],[147725.99645588,170410.57072793],[147727.36759572,170411.21235412],[147728.73718386,170411.85727554],[147738.80700569,170416.59494521],[147739.06232019,170416.62400626],[147739.24547968,170416.55244716],[147739.36997378,170416.4002314]]]},"geometry_name":"GEOM","properties":{"INSPIRE_ID":"https://databrussels.be/id/streetsurface/19353","TYPE":"S","STREET_ID":"https://databrussels.be/id/streetname/4568","STRNAMEFRE":"Chaussée de Mons","STRNAMEDUT":"Bergense Steenweg","MUNNISCODE":"21001","HIERARCHY":"IDR","LVL":0,"ADMIN":"REGION_RBC","AREA":639},"bbox":[147688.44276671,170395.47492729,147756.87324407,170434.6937456]},{"type":"Feature","id":"StreetSurfaces.fid--324554a4_1a02c2cbca7_-6273","geometry":{"type":"Polygon","coordinates":[[[147549.64343169,170349.15762531],[147548.54744523,170348.70272321],[147547.33568902,170348.14292384],[147546.13375843,170347.56185576],[147544.9422111,170346.95978252],[147543.76159506,170346.33698713],[147541.94012866,170345.33950938],[147540.13924019,170344.30445479],[147538.36008582,170343.23247207],[147536.60379393,170342.12425703],[147524.6356359,170334.31669601],[147513.8045809,170327.23100501],[147501.9118129,170319.49120303],[147491.00191491,170312.33077103],[147490.02637396,170311.72870206],[147479.82586992,170305.11340102],[147469.59565692,170298.49796203],[147458.0062639,170290.97379502],[147445.63807392,170282.95885803],[147441.92343047,170280.54516174],[147444.64736002,170278.6365785],[147452.9690681,170284.01937066],[147463.12528112,170290.64214851],[147463.42408214,170290.69563485],[147463.67319253,170290.52217766],[147467.52658832,170293.01133093],[147467.46449604,170293.31517106],[147467.63544476,170293.57391611],[147469.65637808,170294.88719266],[147472.73582411,170296.88923451],[147473.03905041,170296.93672541],[147473.28705452,170296.75590464],[147483.55009656,170303.43963922],[147483.4989825,170303.5769956],[147483.50476356,170303.73552138],[147483.57303221,170303.87871083],[147483.68192835,170303.97679383],[147484.25028405,170304.32565063],[147493.02198565,170310.03419472],[147493.26052249,170310.09971522],[147493.44322965,170310.06530348],[147493.58940151,170309.95041064],[147497.75969634,170312.67236491],[147497.70300794,170312.9502813],[147497.85944576,170313.18687509],[147499.5431221,170314.28448967],[147511.32959211,170321.95018658],[147511.61624203,170322.0223364],[147511.86995628,170321.87066916],[147520.1890656,170327.28080331],[147520.13107143,170327.41779891],[147520.12982576,170327.57881488],[147520.19263763,170327.72707935],[147520.29867144,170327.83142089],[147521.16658008,170328.39594568],[147527.8985501,170332.80461665],[147528.03881936,170332.86362137],[147528.20352976,170332.86452237],[147528.35504813,170332.7999276],[147528.4983587,170332.62154008],[147533.03323064,170335.67045637],[147532.97096739,170335.80920006],[147532.96616964,170335.97372931],[147533.02710948,170336.12663194],[147533.13318245,170336.23560091],[147534.3356591,170337.02075168],[147539.0442601,170340.08910564],[147539.17733588,170340.14214982],[147539.3323832,170340.14007148],[147539.47385082,170340.07658209],[147539.57215436,170339.97237264],[147543.20197251,170342.13610512],[147543.15378914,170342.28208114],[147543.16606691,170342.44801122],[147543.24323464,170342.5954177],[147543.36121631,170342.69395777],[147544.31210992,170343.19239057],[147545.89218695,170344.05884758],[147547.28996229,170344.76638485],[147548.70680082,170345.43626186],[147550.14117041,170346.06772879],[147551.59150076,170346.6601195],[147563.64983578,170351.67165948],[147563.79344215,170351.70460373],[147563.95069518,170351.67805952],[147564.08446734,170351.5912372],[147564.16794891,170351.46983179],[147567.56866949,170352.77891721],[147567.36861661,170353.22228926],[147576.57097268,170357.05390738],[147576.86757865,170360.51284534],[147562.90460622,170354.64120818],[147550.00982723,170349.3065102],[147549.64343169,170349.15762531]]]},"geometry_name":"GEOM","properties":{"INSPIRE_ID":"https://databrussels.be/id/streetsurface/19488","TYPE":"S","STREET_ID":"https://databrussels.be/id/streetname/4568","STRNAMEFRE":"Chaussée de Mons","STRNAMEDUT":"Bergense Steenweg","MUNNISCODE":"21001","HIERARCHY":"IDR","LVL":0,"ADMIN":"REGION_RBC","AREA":494},"bbox":[147441.92343047,170278.6365785,147576.86757865,170360.51284534]},{"type":"Feature","id":"StreetSurfaces.fid--324554a4_1a02c2cbca7_-6269","geometry":{"type":"Polygon","coordinates":[[[147531.73472497,170334.79743878],[147536.89009626,170327.02734736],[147537.21180627,170327.39592124],[147538.63754301,170328.57262935],[147541.92692499,170330.60735835],[147542.92300201,170328.94524635],[147551.354688,170333.56325535],[147553.23567238,170334.53007744],[147555.90689099,170335.72394635],[147555.220699,170337.30664135],[147556.964836,170338.04753336],[147557.649171,170336.49104234],[147576.927827,170344.75695635],[147576.230603,170346.36380435],[147584.77468443,170350.25109106],[147576.98843973,170356.14007284],[147576.14666205,170355.32696468],[147574.91777799,170354.32409035],[147572.49628325,170352.68619002],[147569.894485,170351.35314835],[147568.88604801,170350.94111835],[147568.51945865,170350.95955595],[147568.26865301,170351.22755634],[147567.56866684,170352.77891821],[147564.16795001,170351.46983434],[147564.19474738,170351.24249221],[147564.0919939,170351.03945464],[147563.966063,170350.95174335],[147550.75004001,170345.44081334],[147549.42074575,170344.86634149],[147548.10631366,170344.25747947],[147546.80807061,170343.61482116],[147545.52731099,170342.93902834],[147543.75980899,170341.97681035],[147543.61383026,170341.9286409],[147543.44790042,170341.94093379],[147543.30050006,170342.01811517],[147543.20197001,170342.13610634],[147539.572155,170339.97237536],[147539.6317873,170339.75793365],[147539.56332913,170339.54753291],[147539.45541201,170339.44448134],[147537.71584499,170338.27351235],[147538.636074,170336.83085336],[147537.05141399,170335.79637336],[147536.099105,170337.22237834],[147533.59836299,170335.57044734],[147533.4596148,170335.50819873],[147533.29508424,170335.50341741],[147533.14218686,170335.56437286],[147533.03322799,170335.67045735],[147531.73472497,170334.79743878]]]},"geometry_name":"GEOM","properties":{"INSPIRE_ID":"https://databrussels.be/id/streetsurface/20448","TYPE":"S","STREET_ID":"https://databrussels.be/id/streetname/4568","STRNAMEFRE":"Chaussée de Mons","STRNAMEDUT":"Bergense Steenweg","MUNNISCODE":"21001","HIERARCHY":"IDR","LVL":0,"ADMIN":"REGION_RBC","AREA":516},"bbox":[147531.73472497,170327.02734736,147584.77468443,170356.14007284]},{"type":"Feature","id":"StreetSurfaces.fid--324554a4_1a02c2cbca7_-6264","geometry":{"type":"Polygon","coordinates":[[[147581.23877726,170366.47895674],[147581.43331499,170365.92545234],[147581.58368619,170365.28994993],[147581.67075944,170364.63947011],[147581.69277239,170363.98355762],[147581.64988,170363.33191735],[147581.55039699,170362.42534036],[147577.38269999,170360.72945934],[147576.86757779,170360.51284281],[147576.57097085,170357.05390931],[147578.06561401,170357.67623933],[147578.20643699,170357.37015134],[147577.28750801,170356.42895535],[147576.98843973,170356.14007284],[147584.77468443,170350.25109106],[147586.01573401,170350.81572934],[147586.5279803,170351.05550502],[147586.87579184,170351.20705401],[147587.05698152,170351.26855625],[147587.24184775,170351.31791917],[147587.42916401,170351.35485834],[147587.90387368,170351.41372911],[147588.38159413,170351.44832229],[147588.86045825,170351.45845462],[147589.33859,170351.44413434],[147589.81764307,170351.40113987],[147590.29377172,170351.32556115],[147590.76366549,170351.21780916],[147591.22409999,170351.07873935],[147592.58319421,170350.58354076],[147593.86309426,170349.87099041],[147595.01350124,170348.96410786],[147595.50496881,170348.4308515],[147598.602,170349.41100034],[147602.33369014,170350.82561864],[147602.00592048,170351.2855203],[147601.64285069,170351.97548202],[147601.37624664,170352.708141],[147601.212024,170353.46307133],[147601.12522199,170354.19129635],[147601.12140238,170354.3605066],[147601.17429087,170354.53099691],[147601.27986698,170354.6749338],[147601.41815,170354.77252735],[147605.45999703,170356.47708937],[147602.94947059,170358.81758834],[147601.887941,170358.38855635],[147601.81907499,170358.60360335],[147602.41256177,170359.40906872],[147596.44018009,170366.69178253],[147596.075453,170366.54581433],[147595.49322536,170366.35053896],[147594.89105542,170366.21472298],[147594.27818341,170366.14094948],[147593.66418099,170366.12988034],[147592.62407646,170366.19980182],[147591.59129505,170366.37865759],[147590.58284361,170366.6644066],[147589.614937,170367.05152835],[147589.25471587,170367.25784537],[147588.91434577,170367.49882141],[147588.59867971,170367.77135805],[147588.31189101,170368.07148834],[147587.62102468,170368.82293998],[147584.44000001,170367.63500033],[147581.23877726,170366.47895674]]]},"geometry_name":"GEOM","properties":{"INSPIRE_ID":"https://databrussels.be/id/streetsurface/22633","TYPE":"I","STREET_ID":"https://databrussels.be/id/streetname/4568","STRNAMEFRE":"Chaussée de Mons","STRNAMEDUT":"Bergense Steenweg","MUNNISCODE":"21001","HIERARCHY":"IDR","LVL":0,"ADMIN":"REGION_RBC","AREA":358},"bbox":[147576.57097085,170348.4308515,147605.45999703,170368.82293998]},{"type":"Feature","id":"StreetSurfaces.fid--324554a4_1a02c2cbca7_-62c5","geometry":{"type":"Polygon","coordinates":[[[147682.93749924,170407.44509875],[147682.30899999,170409.45800034],[147682.03199999,170410.85500034],[147674.403,170447.15100034],[147674.20898097,170448.07414957],[147672.397,170447.69600035],[147669.20999999,170447.02000035],[147669.40999999,170446.62000035],[147669.62000001,170446.23000034],[147672.39000001,170432.46000034],[147677.41401792,170408.6611349],[147679.274353,170409.10295035],[147679.834513,170406.62350334],[147680.0160043,170405.60623931],[147681.10599999,170406.29800035],[147682.93749924,170407.44509875]]]},"geometry_name":"GEOM","properties":{"INSPIRE_ID":"https://databrussels.be/id/streetsurface/24079","TYPE":"S","STREET_ID":"https://databrussels.be/id/streetname/3527","STRNAMEFRE":"Rue Haberman","STRNAMEDUT":"Habermanstraat","MUNNISCODE":"21001","HIERARCHY":"DR","LVL":0,"ADMIN":"MUN_RBC","AREA":204},"bbox":[147669.20999999,170405.60623931,147682.93749924,170448.07414957]},{"type":"Feature","id":"StreetSurfaces.fid--324554a4_1a02c2cbca7_-62bd","geometry":{"type":"Polygon","coordinates":[[[147526.60000146,170443.78200172],[147525.25766993,170445.34335374],[147524.95428307,170445.17784878],[147523.76552749,170444.79168831],[147522.54708874,170444.63196737],[147520.87459288,170444.70460304],[147519.21786518,170445.14031245],[147517.71344998,170445.91096736],[147515.26799867,170443.71000184],[147513.15315957,170441.78955105],[147518.48399751,170435.89387201],[147523.29464107,170430.59232253],[147525.47800136,170432.57499887],[147527.83819764,170434.69948777],[147527.70728374,170434.95788537],[147527.47418487,170435.57273005],[147527.30550842,170436.20307421],[147527.19711049,170436.84954854],[147527.15088711,170437.50341595],[147527.16704402,170438.15573829],[147527.44144456,170439.78418377],[147528.03130753,170441.35947231],[147528.36103354,170441.89557792],[147526.60000146,170443.78200172]]]},"geometry_name":"GEOM","properties":{"INSPIRE_ID":"https://databrussels.be/id/streetsurface/2422","TYPE":"I","STREET_ID":"https://databrussels.be/id/streetname/3948","STRNAMEFRE":"Rue de Liverpool","STRNAMEDUT":"Liverpoolstraat","MUNNISCODE":"21001","HIERARCHY":"DR","LVL":0,"ADMIN":"MUN_RBC","AREA":135},"bbox":[147513.15315957,170430.59232253,147528.36103354,170445.91096736]},{"type":"Feature","id":"StreetSurfaces.fid--324554a4_1a02c2cbca7_-6299","geometry":{"type":"Polygon","coordinates":[[[147669.19167187,170266.26051842],[147665.90999999,170263.71200034],[147663.08264675,170261.51630219],[147664.45699999,170259.83600033],[147670.52000001,170252.27500035],[147669.98499999,170251.85600034],[147670.55899999,170251.13800036],[147673.00999999,170248.07000035],[147681.50999999,170236.94000036],[147691.63,170223.20000035],[147706.6717036,170204.32666751],[147709.99400001,170206.94000036],[147713.18422394,170209.44873453],[147697.13,170229.91000034],[147682.79000001,170248.31000034],[147669.8,170265.30000035],[147669.19167187,170266.26051842]]]},"geometry_name":"GEOM","properties":{"INSPIRE_ID":"https://databrussels.be/id/streetsurface/2484","TYPE":"S","STREET_ID":"https://databrussels.be/id/streetname/5130","STRNAMEFRE":"Rue Docteur De Meersman","STRNAMEDUT":"Dokter De Meersmanstraat","MUNNISCODE":"21001","HIERARCHY":"DR","LVL":0,"ADMIN":"MUN_RBC","AREA":581},"bbox":[147663.08264675,170204.32666751,147713.18422394,170266.26051842]},{"type":"Feature","id":"StreetSurfaces.fid--324554a4_1a02c2cbca7_-629d","geometry":{"type":"Polygon","coordinates":[[[147664.28248799,170275.23280255],[147664.05,170274.17000035],[147663.7,170272.93000034],[147663.23,170271.78000034],[147662.52000001,170270.79000035],[147661.50999999,170269.82000035],[147660.09000001,170268.75000035],[147659.05999999,170268.33000034],[147657.6,170268.10000035],[147655.8,170267.98000034],[147654.77395659,170268.01823798],[147656.69000001,170265.54500035],[147657.06176403,170265.06512562],[147657.96700001,170265.20600034],[147658.798,170265.17800034],[147659.59500001,170265.03200034],[147660.24300001,170264.69500035],[147661.04300001,170264.01000034],[147663.08264675,170261.51630219],[147665.90999999,170263.71200034],[147669.19167187,170266.26051842],[147669.04000001,170266.50000035],[147668.72000001,170267.31000034],[147668.70999999,170267.78000034],[147668.97000001,170268.48000034],[147669.204,170268.73200034],[147667.98299999,170270.20700034],[147668.30054588,170270.44713146],[147666.226,170272.91800035],[147664.28248799,170275.23280255]]]},"geometry_name":"GEOM","properties":{"INSPIRE_ID":"https://databrussels.be/id/streetsurface/2502","TYPE":"I","STREET_ID":"https://databrussels.be/id/streetname/5130","STRNAMEFRE":"Rue Docteur De Meersman","STRNAMEDUT":"Dokter De Meersmanstraat","MUNNISCODE":"21001","HIERARCHY":"DR","LVL":0,"ADMIN":"MUN_RBC","AREA":84},"bbox":[147654.77395659,170261.51630219,147669.204,170275.23280255]},{"type":"Feature","id":"StreetSurfaces.fid--324554a4_1a02c2cbca7_-625a","geometry":{"type":"Polygon","coordinates":[[[147687.88201001,170069.5198794],[147688.29300001,170068.89400035],[147688.75,170068.15300034],[147689.23299999,170067.25000035],[147689.56800001,170066.53900036],[147689.85596373,170065.81825246],[147690.04891412,170065.05954345],[147690.14061031,170064.28207253],[147690.13,170063.50600034],[147690.01388943,170062.74161376],[147689.79496198,170061.9928451],[147689.47774348,170061.28013464],[147689.072,170060.62200035],[147688.28931475,170059.77063617],[147689.57734132,170056.88501157],[147690.95507224,170053.79841827],[147691.46539173,170054.20115382],[147692.29090292,170054.63030554],[147693.18271229,170054.89547719],[147694.09200001,170054.98700034],[147694.97060089,170054.87179545],[147695.83123546,170054.61957189],[147696.64237084,170054.23699123],[147697.376,170053.74000036],[147697.76918666,170053.39058398],[147698.06700001,170052.95700034],[147699.04911537,170051.35309585],[147704.04604154,170055.28250417],[147703.54323659,170055.72650691],[147703.06300001,170056.33300034],[147700.14100001,170061.16100034],[147699.87693992,170061.91762339],[147699.878,170062.71900035],[147700.095614,170063.48344234],[147700.527,170064.15100035],[147703.78244712,170067.66863114],[147697.6518744,170074.22291912],[147697.924,170073.26400036],[147696.19200001,170071.39100035],[147695.773,170071.02900034],[147695.34200001,170070.77400035],[147694.28994379,170070.69746867],[147693.272,170070.97400035],[147692.6420095,170071.42937497],[147692.17,170072.04700035],[147691.38529363,170073.31822466],[147687.88201001,170069.5198794]]]},"geometry_name":"GEOM","properties":{"INSPIRE_ID":"https://databrussels.be/id/streetsurface/25344","TYPE":"I","STREET_ID":"https://databrussels.be/id/streetname/3933","STRNAMEFRE":"Rue Brogniez","STRNAMEDUT":"Brogniezstraat","MUNNISCODE":"21001","HIERARCHY":"DR","LVL":0,"ADMIN":"MUN_RBC","AREA":224},"bbox":[147687.88201001,170051.35309585,147704.04604154,170074.22291912]},{"type":"Feature","id":"StreetSurfaces.fid--324554a4_1a02c2cbca7_-624c","geometry":{"type":"Polygon","coordinates":[[[147740.5410135,170106.18296219],[147744.96387358,170107.00018412],[147744.67,170108.32300035],[147744.58900001,170109.61900035],[147744.81400001,170110.89800035],[147745.23699999,170112.13400034],[147745.949,170113.23000034],[147749.59200001,170117.15900034],[147755.201,170123.17100035],[147757.08501747,170123.20986716],[147753.96264272,170126.10538923],[147750.45731306,170129.35604306],[147750.89100001,170127.36100034],[147748.827,170125.09300035],[147748.25359733,170124.56783541],[147747.53941791,170124.19637796],[147746.75262871,170124.02609683],[147745.976,170124.06400036],[147745.24011729,170124.33482858],[147744.58232842,170124.81785008],[147744.08777323,170125.46701192],[147743.804,170126.19800035],[147743.08315778,170129.19604872],[147737.95987382,170123.66718832],[147738.34000001,170121.90000035],[147738.725,170120.23200034],[147738.80699999,170119.86100034],[147738.8804199,170119.38761467],[147738.73299999,170118.12700035],[147738.234272,170116.97643234],[147737.65675392,170116.22010077],[147739.91059392,170106.67603692],[147740.33499999,170107.12900034],[147740.5410135,170106.18296219]]]},"geometry_name":"GEOM","properties":{"INSPIRE_ID":"https://databrussels.be/id/streetsurface/25345","TYPE":"I","STREET_ID":"https://databrussels.be/id/streetname/3933","STRNAMEFRE":"Rue Brogniez","STRNAMEDUT":"Brogniezstraat","MUNNISCODE":"21001","HIERARCHY":"DR","LVL":0,"ADMIN":"MUN_RBC","AREA":211},"bbox":[147737.65675392,170106.18296219,147757.08501747,170129.35604306]},{"type":"Feature","id":"StreetSurfaces.fid--324554a4_1a02c2cbca7_-61f9","geometry":{"type":"Polygon","coordinates":[[[147663.23566001,170032.61561398],[147664.65,170031.29200036],[147667.52634068,170028.66658369],[147667.85599999,170029.01700035],[147669.06600001,170027.92300035],[147669.299,170028.16800035],[147680.23199999,170039.97300035],[147690.31400001,170050.85600034],[147690.377,170053.27800034],[147690.748,170053.63500034],[147690.95507224,170053.79841827],[147689.57734132,170056.88501157],[147688.28931475,170059.77063617],[147685.99500001,170057.27500035],[147680.824,170057.64600035],[147668.92,170044.78000034],[147660.48800001,170035.62700035],[147663.50599999,170032.91800035],[147663.23566001,170032.61561398]]]},"geometry_name":"GEOM","properties":{"INSPIRE_ID":"https://databrussels.be/id/streetsurface/26006","TYPE":"S","STREET_ID":"https://databrussels.be/id/streetname/3933","STRNAMEFRE":"Rue Brogniez","STRNAMEDUT":"Brogniezstraat","MUNNISCODE":"21001","HIERARCHY":"DR","LVL":0,"ADMIN":"MUN_RBC","AREA":390},"bbox":[147660.48800001,170027.92300035,147690.95507224,170059.77063617]},{"type":"Feature","id":"StreetSurfaces.fid--324554a4_1a02c2cbca7_-6231","geometry":{"type":"Polygon","coordinates":[[[147976.96249834,170280.15880183],[147976.14868015,170283.74901669],[147975.60379284,170283.55886791],[147973.42643476,170282.97561116],[147971.95590077,170282.76673994],[147968.91028693,170283.37220145],[147968.05836007,170283.76769576],[147967.40910048,170284.13990427],[147966.80621613,170284.66001797],[147966.14285783,170285.3141367],[147965.84968039,170285.7640916],[147959.46779894,170284.21030435],[147961.413,170273.921],[147969.61105858,170275.91796957],[147969.73162738,170276.07446428],[147970.54078404,170276.81835325],[147972.87729364,170278.56707684],[147973.82543508,170279.09689991],[147976.82420801,170280.10135615],[147976.96249834,170280.15880183]]]},"geometry_name":"GEOM","properties":{"INSPIRE_ID":"https://databrussels.be/id/streetsurface/26274","TYPE":"I","STREET_ID":"https://databrussels.be/id/streetname/1283","STRNAMEFRE":"Boulevard du Midi","STRNAMEDUT":"Zuidlaan","MUNNISCODE":"21004","HIERARCHY":"MAR","LVL":0,"ADMIN":"REGION_RBC","AREA":124},"bbox":[147959.46779894,170273.921,147976.96249834,170285.7640916]},{"type":"Feature","id":"StreetSurfaces.fid--324554a4_1a02c2cbca7_-622b","geometry":{"type":"Polygon","coordinates":[[[147993.35595015,170208.50556876],[147992.5168245,170212.22728132],[147990.6629299,170211.37957893],[147989.98420475,170211.11629921],[147989.36681032,170210.92076927],[147988.59821726,170210.87661735],[147987.04213131,170211.05322504],[147985.62401192,170211.36160189],[147984.73635212,170211.74073355],[147983.89916601,170212.30528784],[147975.59915352,170210.40030392],[147977.85674348,170200.56416093],[147985.51699859,170202.32231043],[147985.70269035,170202.84295329],[147986.35293771,170204.26345775],[147987.32081081,170205.41163106],[147988.24857408,170206.16166793],[147989.15953973,170206.76865374],[147990.48586585,170207.43082008],[147993.35595015,170208.50556876]]]},"geometry_name":"GEOM","properties":{"INSPIRE_ID":"https://databrussels.be/id/streetsurface/26275","TYPE":"I","STREET_ID":"https://databrussels.be/id/streetname/1283","STRNAMEFRE":"Boulevard du Midi","STRNAMEDUT":"Zuidlaan","MUNNISCODE":"21004","HIERARCHY":"MAR","LVL":0,"ADMIN":"REGION_RBC","AREA":126},"bbox":[147975.59915352,170200.56416093,147993.35595015,170212.30528784]},{"type":"Feature","id":"StreetSurfaces.fid--324554a4_1a02c2cbca7_-630d","geometry":{"type":"Polygon","coordinates":[[[147879.602364,170487.94809904],[147879.48774512,170488.02345048],[147879.29708232,170488.18660349],[147879.12847793,170488.37246302],[147878.98461521,170488.5780712],[147878.86778369,170488.80015586],[147878.77984267,170489.03518263],[147878.71808326,170489.32426748],[147878.70097718,170489.61938044],[147878.72892189,170489.91366494],[147878.80126811,170490.20028367],[147878.93680205,170490.49130933],[147878.99465495,170490.57884572],[147876.74850836,170500.30231901],[147876.422,170500.24800035],[147876.28099999,170500.23400034],[147876.13900001,170500.22400035],[147875.83299999,170500.21100034],[147875.528,170500.22600034],[147875.225,170500.26600035],[147874.927,170500.33400034],[147874.71400001,170500.40700034],[147874.50799999,170500.49700035],[147874.30999999,170500.60200034],[147874.12000001,170500.72200035],[147873.89200001,170500.89900035],[147873.68199999,170501.09700035],[147873.49400001,170501.31600035],[147873.28900001,170501.61300036],[147873.17,170501.79800035],[147873.06133428,170501.96872743],[147864.61100016,170495.17547937],[147864.65799999,170494.90100034],[147864.729,170494.31300036],[147864.78699999,170493.71000034],[147864.80499999,170493.10400034],[147864.78199999,170492.49800035],[147864.71800001,170491.89500035],[147864.61900001,170491.41800035],[147864.48800001,170490.94800035],[147864.326,170490.48800036],[147864.13299999,170490.03900035],[147863.872,170489.55600034],[147863.579,170489.09200035],[147863.254,170488.64900035],[147862.9,170488.23000034],[147862.51800001,170487.83600034],[147862.10899999,170487.47000035],[147861.573,170487.03900036],[147861.00599999,170486.65100034],[147860.40999999,170486.30900034],[147858.92161405,170485.51928984],[147860.68522656,170479.08955478],[147862.06465626,170474.06064941],[147862.21300001,170474.07400035],[147862.61400001,170474.08900035],[147863.01500001,170474.08300034],[147863.71300001,170474.06000034],[147864.40899999,170473.99400035],[147865.1,170473.88500034],[147865.78199999,170473.73400034],[147866.454,170473.54100035],[147867.11300001,170473.30800034],[147867.61099999,170473.11200033],[147868.097,170472.88400034],[147868.56600001,170472.62600034],[147869.01800001,170472.33800036],[147869.328,170472.11800035],[147869.62000001,170471.87600034],[147869.89400001,170471.61300036],[147870.148,170471.33000034],[147870.38099999,170471.03000034],[147870.45335245,170470.92060622],[147879.19366572,170474.50816368],[147879.16600001,170474.63000034],[147879.155,170474.81100034],[147879.15,170474.99300035],[147879.151,170475.17500035],[147879.15799999,170475.35600034],[147879.175,170475.68200034],[147879.22000001,170476.00600034],[147879.29300001,170476.32400034],[147879.39400001,170476.63500034],[147879.501,170476.86700035],[147879.63099999,170477.08800036],[147879.78099999,170477.29500035],[147879.95,170477.48700033],[147880.13699999,170477.65400034],[147880.34000001,170477.80100034],[147880.55699999,170477.92600035],[147880.78599999,170478.02900034],[147881.83758567,170478.27191927],[147879.602364,170487.94809904]]]},"geometry_name":"GEOM","properties":{"INSPIRE_ID":"https://databrussels.be/id/streetsurface/26483","TYPE":"I","STREET_ID":"https://databrussels.be/id/streetname/679","STRNAMEFRE":"Porte d'Anderlecht","STRNAMEDUT":"Anderlechtsepoort","MUNNISCODE":"21004","HIERARCHY":"MAR","LVL":0,"ADMIN":"REGION_RBC","AREA":448},"bbox":[147858.92161405,170470.92060622,147881.83758567,170501.96872743]},{"type":"Feature","id":"StreetSurfaces.fid--324554a4_1a02c2cbca7_-6306","geometry":{"type":"Polygon","coordinates":[[[147912.58522537,170485.98245659],[147912.71667591,170485.94654922],[147912.84164674,170485.89222726],[147912.95757308,170485.82060556],[147913.09185573,170485.70280207],[147920.53892574,170491.06760923],[147920.06800001,170493.15000035],[147920.00699999,170493.55300034],[147919.974,170493.96100034],[147919.96900001,170494.36900035],[147919.99200001,170494.77700034],[147920.00799999,170494.92100035],[147920.026,170495.06600035],[147920.048,170495.21000034],[147920.074,170495.35300034],[147920.18900001,170495.83300034],[147920.33499999,170496.30400034],[147920.51199999,170496.76500036],[147920.71800001,170497.21400035],[147920.971,170497.68800036],[147921.25,170498.14800035],[147921.552,170498.59200035],[147921.877,170499.02100035],[147922.224,170499.43100034],[147922.34300001,170499.55700034],[147922.922,170500.15300034],[147923.396,170500.59100035],[147923.89200001,170501.00300034],[147924.40999999,170501.38800036],[147924.978,170501.76500036],[147925.56600001,170502.11000034],[147926.173,170502.42100035],[147926.797,170502.69700035],[147927.11410055,170502.84558111],[147926.49200001,170505.70400034],[147925.67451012,170509.46116592],[147925.53399999,170509.41800035],[147924.73499999,170509.19900035],[147923.98399999,170509.01400036],[147923.221,170508.88200034],[147922.451,170508.80300034],[147921.677,170508.77800034],[147920.904,170508.80600034],[147920.13399999,170508.88800036],[147919.51600001,170508.98900036],[147918.91099999,170509.15400034],[147918.326,170509.38100034],[147917.76900001,170509.66800035],[147917.24400001,170510.01000034],[147916.75699999,170510.40600034],[147916.65999999,170510.51400036],[147916.56700001,170510.62500035],[147916.478,170510.73900035],[147916.39200001,170510.85600034],[147916.13,170511.26900035],[147915.91500001,170511.70800034],[147915.748,170512.16800035],[147915.63199999,170512.64300035],[147915.60527798,170512.7582929],[147908.55303882,170511.06049535],[147908.53615364,170511.03995004],[147908.43713233,170510.93673899],[147908.17103368,170510.7289094],[147907.87238196,170510.57140139],[147907.55058707,170510.46917773],[147907.21578814,170510.42545926],[147907.01904189,170510.42518195],[147906.82320533,170510.44408198],[147912.17678613,170485.97388012],[147912.31247611,170485.99639718],[147912.44999288,170485.99921244],[147912.58522537,170485.98245659]]]},"geometry_name":"GEOM","properties":{"INSPIRE_ID":"https://databrussels.be/id/streetsurface/26734","TYPE":"I","STREET_ID":"https://databrussels.be/id/streetname/679","STRNAMEFRE":"Porte d'Anderlecht","STRNAMEDUT":"Anderlechtsepoort","MUNNISCODE":"21004","HIERARCHY":"MAR","LVL":0,"ADMIN":"REGION_RBC","AREA":309},"bbox":[147906.82320533,170485.70280207,147927.11410055,170512.7582929]},{"type":"Feature","id":"StreetSurfaces.fid--324554a4_1a02c2cbca7_-6319","geometry":{"type":"Polygon","coordinates":[[[147943.33246872,170425.70999693],[147943.69613385,170425.70259677],[147944.22778347,170425.64384085],[147944.7520298,170425.53768369],[147945.26465533,170425.38497938],[147945.76153605,170425.18695637],[147946.23867457,170424.94520775],[147946.36280627,170424.87316562],[147947.43502204,170423.82377948],[147949.58148024,170421.72302371],[147950.51791041,170420.80653206],[147952.75048897,170424.80450977],[147952.66496909,170424.95379876],[147952.42405779,170425.4707873],[147952.2274492,170426.00619408],[147952.07653451,170426.55623058],[147951.97238164,170427.11700465],[147951.91572754,170427.68454822],[147951.90697315,170428.2548453],[147951.94618039,170428.82386037],[147952.03307183,170429.3875671],[147952.1670326,170429.94197661],[147952.3471148,170430.48316582],[147952.57204416,170431.00730528],[147952.63122416,170431.1275592],[147953.08714926,170431.81896933],[147953.33417311,170432.06938587],[147950.0155,170433.90800034],[147946.82717838,170435.67439734],[147946.66600001,170435.59600035],[147945.26199999,170435.11100033],[147944.426,170435.01800035],[147942.96300001,170434.96900035],[147941.95999999,170435.01500035],[147941.03499999,170435.15900034],[147943.33246872,170425.70999693]]]},"geometry_name":"GEOM","properties":{"INSPIRE_ID":"https://databrussels.be/id/streetsurface/26735","TYPE":"I","STREET_ID":"https://databrussels.be/id/streetname/762","STRNAMEFRE":"Rue des Foulons","STRNAMEDUT":"Voldersstraat","MUNNISCODE":"21004","HIERARCHY":"DR","LVL":0,"ADMIN":"MUN_RBC","AREA":109},"bbox":[147941.03499999,170420.80653206,147953.33417311,170435.67439734]},{"type":"Feature","id":"StreetSurfaces.fid--324554a4_1a02c2cbca7_-62df","geometry":{"type":"Polygon","coordinates":[[[147773.6518934,170430.94838477],[147777.80799911,170433.02099766],[147778.58699908,170431.46699766],[147778.93500087,170431.63599855],[147792.59000089,170438.37499856],[147809.2990027,170446.57799946],[147808.52700269,170448.09299947],[147810.19299913,170448.94199766],[147810.96499913,170447.42699765],[147811.30000091,170447.59799856],[147826.74000089,170455.20599855],[147840.43100269,170461.96299943],[147839.68400269,170463.48899943],[147841.37899909,170464.31499766],[147842.14299908,170462.80499767],[147842.52700086,170462.98299855],[147848.47400088,170465.91299855],[147859.19900267,170471.19799944],[147858.42800269,170472.72499944],[147860.39900079,170473.6809985],[147860.64800065,170473.77299847],[147860.90100057,170473.85399844],[147861.15700049,170473.92399839],[147861.41500037,170473.98199838],[147861.81300023,170474.03799835],[147862.06465855,170474.06064781],[147858.92161515,170485.51929239],[147856.38799903,170484.17500211],[147855.20099905,170483.5110021],[147848.60599904,170479.9330021],[147844.42599905,170477.67200211],[147835.05500088,170472.56100303],[147834.29300101,170474.18700298],[147833.93699915,170474.03600217],[147817.83199911,170466.04700214],[147805.47599907,170459.93700212],[147805.20799732,170459.78900121],[147805.92999733,170458.24300128],[147804.24000089,170457.42000302],[147803.46400089,170458.95100304],[147789.93399911,170452.27000214],[147776.02799909,170445.37100214],[147775.7269973,170445.21600121],[147776.48999732,170443.70100125],[147774.75700092,170442.84300302],[147774.01500094,170444.37400302],[147768.64913886,170441.83503093],[147771.34199817,170435.7599995],[147773.6518934,170430.94838477]]]},"geometry_name":"GEOM","properties":{"INSPIRE_ID":"https://databrussels.be/id/streetsurface/26932","TYPE":"S","STREET_ID":"https://databrussels.be/id/streetname/4568","STRNAMEFRE":"Chaussée de Mons","STRNAMEDUT":"Bergense Steenweg","MUNNISCODE":"21001","HIERARCHY":"IDR","LVL":0,"ADMIN":"REGION_RBC","AREA":1296},"bbox":[147768.64913886,170430.94838477,147862.06465855,170485.51929239]},{"type":"Feature","id":"StreetSurfaces.fid--324554a4_1a02c2cbca7_-621b","geometry":{"type":"Polygon","coordinates":[[[147650.30066714,170031.32989437],[147651.45999999,170032.59600035],[147652.62058091,170033.86375588],[147649.601,170036.71200033],[147650.75343602,170037.89746512],[147637.70999999,170050.40000035],[147634.15999999,170053.69000036],[147625.75,170061.48000034],[147581.75999999,170102.70000035],[147552.53,170129.81000034],[147543.1421026,170138.62568242],[147540.48499999,170136.50000035],[147537.41117323,170133.90091921],[147548.65999999,170123.61000034],[147552.32000001,170120.46000034],[147583.67999999,170090.91000034],[147621.75999999,170055.43000034],[147629.42,170048.46000034],[147645.87137244,170032.89767083],[147647.19000001,170034.24900035],[147650.30066714,170031.32989437]]]},"geometry_name":"GEOM","properties":{"INSPIRE_ID":"https://databrussels.be/id/streetsurface/2750","TYPE":"S","STREET_ID":"https://databrussels.be/id/streetname/707","STRNAMEFRE":"Rue Memling","STRNAMEDUT":"Memlingstraat","MUNNISCODE":"21001","HIERARCHY":"DR","LVL":0,"ADMIN":"MUN_RBC","AREA":1074},"bbox":[147537.41117323,170031.32989437,147652.62058091,170138.62568242]},{"type":"Feature","id":"StreetSurfaces.fid--324554a4_1a02c2cbca7_-621e","geometry":{"type":"Polygon","coordinates":[[[147602.41078198,169979.45158683],[147598.58900001,169982.67400035],[147598.43299999,169985.19000036],[147594.05,169988.81000034],[147580.62000001,170000.00000035],[147564.50999999,170013.42000035],[147530.78,170041.30000035],[147511.42,170057.72000035],[147493.17999999,170073.26000034],[147487.38199999,170077.96600036],[147485.04400001,170077.81700035],[147484.64300001,170078.15600034],[147483.001,170079.69800035],[147482.39211307,170080.40020071],[147479.23599999,170077.24800035],[147476.31546702,170074.23917121],[147478.91700001,170072.21300036],[147479.198,170069.36600035],[147480.44000001,170068.36000034],[147503.45,170049.05000035],[147531.67,170025.22000035],[147557.83,170003.35000035],[147561.8,170000.00000035],[147579.39000001,169985.13000034],[147589.572,169976.70500034],[147590.424,169976.03800036],[147593.126,169976.28200034],[147596.31823537,169973.61021081],[147599.304,169976.44400035],[147602.41078198,169979.45158683]]]},"geometry_name":"GEOM","properties":{"INSPIRE_ID":"https://databrussels.be/id/streetsurface/28034","TYPE":"S","STREET_ID":"https://databrussels.be/id/streetname/4056","STRNAMEFRE":"Avenue Clemenceau","STRNAMEDUT":"Clemenceaulaan","MUNNISCODE":"21001","HIERARCHY":"IDR","LVL":0,"ADMIN":"MUN_RBC","AREA":1835},"bbox":[147476.31546702,169973.61021081,147602.41078198,170080.40020071]},{"type":"Feature","id":"StreetSurfaces.fid--324554a4_1a02c2cbca7_-6218","geometry":{"type":"Polygon","coordinates":[[[147482.37935965,170087.48904539],[147482.51099999,170087.65700034],[147483.024,170088.20300034],[147484.87929359,170088.26572808],[147491.910444,170095.26666035],[147505.713677,170109.46048034],[147510.12060299,170113.93006934],[147527.21512001,170131.43883535],[147527.45298801,170131.70955235],[147527.37421501,170134.37935735],[147528.425459,170135.49226636],[147529.21142521,170136.1963894],[147529.34590156,170136.26966969],[147526.81199999,170138.66100034],[147523.12487495,170142.21946112],[147504.184566,170122.89037434],[147490.35674,170108.72241534],[147477.8307575,170095.95410878],[147477.86400001,170094.16400036],[147476.26903942,170092.55000178],[147478.5173522,170090.68721808],[147482.37935965,170087.48904539]]]},"geometry_name":"GEOM","properties":{"INSPIRE_ID":"https://databrussels.be/id/streetsurface/28495","TYPE":"S","STREET_ID":"https://databrussels.be/id/streetname/1974","STRNAMEFRE":"Rue de la Clinique","STRNAMEDUT":"Kliniekstraat","MUNNISCODE":"21001","HIERARCHY":"DR","LVL":0,"ADMIN":"MUN_RBC","AREA":700},"bbox":[147476.26903942,170087.48904539,147529.34590156,170142.21946112]},{"type":"Feature","id":"StreetSurfaces.fid--324554a4_1a02c2cbca7_-6247","geometry":{"type":"Polygon","coordinates":[[[147851.68760762,170236.00302771],[147851.09300001,170235.29100036],[147842.075,170225.65000035],[147839.05899999,170228.42500035],[147827.74346399,170216.22705234],[147819.20799999,170207.05400034],[147813.396,170200.76500036],[147800.78900001,170187.19400035],[147792.73900001,170178.53600034],[147786.93900001,170172.21000034],[147771.952,170156.03600034],[147766.03299999,170149.65200034],[147749.84300001,170132.18200034],[147750.45731306,170129.35604306],[147753.96264272,170126.10538923],[147757.08501747,170123.20986716],[147757.96400001,170123.22800034],[147770.75,170137.14000036],[147783.101,170150.56000034],[147790.88099999,170158.95600034],[147795.43800001,170163.89800035],[147807.53099999,170177.05300034],[147819.404,170189.86200034],[147829.96400001,170201.25200035],[147838.577,170210.52900034],[147847.46300001,170220.10400034],[147847.702,170220.36000034],[147846.252,170221.73900036],[147855.91731463,170232.04450396],[147853.096,170234.66800035],[147851.68760762,170236.00302771]]]},"geometry_name":"GEOM","properties":{"INSPIRE_ID":"https://databrussels.be/id/streetsurface/28791","TYPE":"S","STREET_ID":"https://databrussels.be/id/streetname/3933","STRNAMEFRE":"Rue Brogniez","STRNAMEDUT":"Brogniezstraat","MUNNISCODE":"21001","HIERARCHY":"DR","LVL":0,"ADMIN":"MUN_RBC","AREA":1658},"bbox":[147749.84300001,170123.20986716,147855.91731463,170236.00302771]},{"type":"Feature","id":"StreetSurfaces.fid--324554a4_1a02c2cbca7_-620e","geometry":{"type":"Polygon","coordinates":[[[147551.47754991,170176.46427931],[147553.055634,170174.76485835],[147553.45756054,170174.22663101],[147553.75890911,170173.61329607],[147553.94142027,170172.95475193],[147553.99886401,170172.28547334],[147553.92971451,170171.61325637],[147553.85174599,170171.35751659],[147556.41900001,170168.84000036],[147560.21044192,170165.11372949],[147567.27926025,170172.2670493],[147563.46800001,170175.98400034],[147560.14349718,170179.22750746],[147559.62042422,170179.17267724],[147558.3278713,170179.34841334],[147557.11560729,170179.83006901],[147556.08262801,170180.56404534],[147555.83614261,170180.83210992],[147553.59000001,170178.63100034],[147551.47754991,170176.46427931]]]},"geometry_name":"GEOM","properties":{"INSPIRE_ID":"https://databrussels.be/id/streetsurface/29943","TYPE":"I","STREET_ID":"https://databrussels.be/id/streetname/1974","STRNAMEFRE":"Rue de la Clinique","STRNAMEDUT":"Kliniekstraat","MUNNISCODE":"21001","HIERARCHY":"DR","LVL":0,"ADMIN":"MUN_RBC","AREA":129},"bbox":[147551.47754991,170165.11372949,147567.27926025,170180.83210992]},{"type":"Feature","id":"StreetSurfaces.fid--324554a4_1a02c2cbca7_-62fd","geometry":{"type":"Polygon","coordinates":[[[147672.55996404,170455.92022899],[147670.64100001,170455.52000035],[147669.13663075,170455.20593191],[147668.95244513,170454.50938641],[147668.32336149,170453.34074651],[147667.42390356,170452.36481575],[147666.44369254,170451.76021501],[147666.721,170450.60600034],[147667.35639844,170447.96201044],[147667.73,170447.88000034],[147668.15999999,170447.76000034],[147668.58,170447.59000036],[147668.94000001,170447.35000035],[147669.20999999,170447.02000035],[147672.397,170447.69600035],[147674.20898097,170448.07414957],[147672.55996404,170455.92022899]]]},"geometry_name":"GEOM","properties":{"INSPIRE_ID":"https://databrussels.be/id/streetsurface/3156","TYPE":"I","STREET_ID":"https://databrussels.be/id/streetname/3527","STRNAMEFRE":"Rue Haberman","STRNAMEDUT":"Habermanstraat","MUNNISCODE":"21001","HIERARCHY":"DR","LVL":0,"ADMIN":"MUN_RBC","AREA":47},"bbox":[147666.44369254,170447.02000035,147674.20898097,170455.92022899]},{"type":"Feature","id":"StreetSurfaces.fid--324554a4_1a02c2cbca7_-6324","geometry":{"type":"Polygon","coordinates":[[[148006.37855797,170371.58403653],[148007.66600001,170373.03800036],[148008.98282304,170374.52481145],[148008.79027162,170374.65308519],[148008.47356732,170374.89483301],[148008.18098736,170375.14583005],[148007.98013887,170375.3356723],[148007.74387353,170375.57996329],[148006.33779821,170376.80320529],[148007.35943437,170377.92910868],[148005.571,170379.48600033],[148000,170384.46500036],[147982.62000001,170400.00000035],[147981.48900001,170401.01100034],[147955.87043307,170423.73474063],[147954.95223289,170422.61651245],[147953.68916812,170423.65364093],[147952.94847834,170424.45888678],[147952.75048897,170424.80450977],[147950.51791041,170420.80653206],[147950.7983516,170420.53206199],[147951.95670283,170419.5551206],[147951.06771195,170418.50105158],[147954.20599999,170415.80300034],[147958.73800001,170411.77600035],[147971.955,170400.00000035],[147988.60899999,170385.16100034],[148000,170375.07200035],[148002.52007089,170372.54119064],[148003.78399999,170373.88800036],[148005.1853601,170372.64359456],[148006.37855797,170371.58403653]]]},"geometry_name":"GEOM","properties":{"INSPIRE_ID":"https://databrussels.be/id/streetsurface/32310","TYPE":"S","STREET_ID":"https://databrussels.be/id/streetname/762","STRNAMEFRE":"Rue des Foulons","STRNAMEDUT":"Voldersstraat","MUNNISCODE":"21004","HIERARCHY":"DR","LVL":0,"ADMIN":"MUN_RBC","AREA":511},"bbox":[147950.51791041,170371.58403653,148008.98282304,170424.80450977]},{"type":"Feature","id":"StreetSurfaces.fid--324554a4_1a02c2cbca7_-623e","geometry":{"type":"Polygon","coordinates":[[[147931.94254541,170182.80615708],[147930.47834761,170188.64200627],[147928.99206088,170194.56975926],[147927.52816389,170200.41200854],[147926.04357722,170206.34016136],[147924.55519288,170212.28751492],[147923.07770376,170218.19516667],[147921.60821126,170224.07441713],[147920.12822428,170229.99946941],[147918.64244056,170235.95162278],[147917.16705227,170241.86577441],[147915.68596726,170247.8069271],[147926.99699903,170198.90400013],[147929.35999904,170188.9010001],[147933.27499902,170172.43200012],[147951.90999904,170093.89000012],[147952.40699902,170091.70200013],[147957.25625725,170070.36288382],[147957.38699958,170070.30399944],[147956.05799909,170067.51600078],[147955.84300032,170067.59000128],[147968.63299902,170011.25800013],[147968.72900069,170011.34899963],[147969.85099931,170010.28199962],[147970.90299926,170009.14399966],[147973.16799903,170000.00000011],[147975.78499901,169988.47500013],[147977.38699904,169981.29900013],[147982.74955206,169982.52184566],[147980.6078579,169990.87930843],[147977.76119521,170001.99908918],[147975.3987814,170011.85339605],[147972.58313186,170022.2591642],[147970.11039736,170031.9495823],[147967.94401946,170040.44744875],[147965.05168555,170051.80493819],[147962.28649316,170062.6761063],[147960.52592654,170069.60430447],[147959.23704679,170074.75952381],[147957.12203956,170083.01368119],[147955.10719543,170090.95992268],[147953.17981062,170098.56764947],[147950.8445205,170107.79374558],[147948.90614257,170115.45847446],[147947.05622137,170122.77928795],[147945.34333944,170129.56317922],[147943.65374506,170136.25936614],[147942.24221854,170141.8573059],[147940.78011661,170147.65935432],[147939.31351724,170153.48270355],[147937.83342476,170159.36335512],[147936.36532707,170165.20040475],[147934.87064247,170171.14625894],[147933.39704828,170177.01230961],[147931.94254541,170182.80615708]]]},"geometry_name":"GEOM","properties":{"INSPIRE_ID":"https://databrussels.be/id/streetsurface/32418","TYPE":"SW","STREET_ID":"https://databrussels.be/id/streetname/3364","STRNAMEFRE":"Boulevard Poincaré","STRNAMEDUT":"Poincarélaan","MUNNISCODE":"21001","HIERARCHY":"MAR","LVL":0,"ADMIN":"REGION_RBC","AREA":766},"bbox":[147915.68596726,169981.29900013,147982.74955206,170247.8069271]},{"type":"Feature","id":"StreetSurfaces.fid--324554a4_1a02c2cbca7_-620b","geometry":{"type":"Polygon","coordinates":[[[147596.3373302,170204.86338826],[147594.75,170208.00000035],[147593.19878507,170211.1574099],[147592.95790312,170210.78695363],[147592.35771699,170210.11580235],[147588.827614,170206.48183135],[147585.912292,170206.37769336],[147585.60539701,170206.14900135],[147574.99732001,170195.20120634],[147564.24842,170184.19384235],[147564.04073,170183.96632034],[147564.052583,170181.17980234],[147563.65847199,170180.81648234],[147563.06595776,170180.28203746],[147562.38900659,170179.84120387],[147561.65123627,170179.51212625],[147560.880708,170179.30478436],[147560.14349718,170179.22750746],[147563.46800001,170175.98400034],[147567.27926025,170172.2670493],[147570.29172001,170175.31552035],[147593.35960701,170198.97675735],[147593.490324,170199.12325434],[147593.41721201,170201.93475634],[147596.07736399,170204.64327935],[147596.3373302,170204.86338826]]]},"geometry_name":"GEOM","properties":{"INSPIRE_ID":"https://databrussels.be/id/streetsurface/3470","TYPE":"S","STREET_ID":"https://databrussels.be/id/streetname/1974","STRNAMEFRE":"Rue de la Clinique","STRNAMEDUT":"Kliniekstraat","MUNNISCODE":"21001","HIERARCHY":"DR","LVL":0,"ADMIN":"MUN_RBC","AREA":437},"bbox":[147560.14349718,170172.2670493,147596.3373302,170211.1574099]},{"type":"Feature","id":"StreetSurfaces.fid--324554a4_1a02c2cbca7_-62bf","geometry":{"type":"Polygon","coordinates":[[[147672.22,170423.53],[147671.893,170425.192],[147671.566,170426.854],[147666.35,170425.07],[147659.49,170422.31],[147660.065,170420.81],[147660.64,170419.31],[147672.22,170423.53]]]},"geometry_name":"GEOM","properties":{"INSPIRE_ID":"https://databrussels.be/id/streetsurface/37754","TYPE":"S","STREET_ID":"https://databrussels.be/id/streetname/5706","STRNAMEFRE":"Impasse Migerode","STRNAMEDUT":"Migerodegang","MUNNISCODE":"21001","HIERARCHY":"DR","LVL":0,"ADMIN":"MUN_RBC","AREA":42},"bbox":[147659.49,170419.31,147672.22,170426.854]},{"type":"Feature","id":"StreetSurfaces.fid--324554a4_1a02c2cbca7_-62c8","geometry":{"type":"Polygon","coordinates":[[[147528.36624773,170433.81331381],[147528.00615559,170434.36797642],[147527.83819573,170434.6994917],[147525.47799866,170432.57500182],[147523.29463837,170430.59232548],[147530.22730217,170422.95221242],[147529.00199618,170421.79334248],[147534.13387652,170416.17778999],[147540.23549378,170409.49689952],[147541.50901387,170410.59232453],[147542.92063918,170409.03383948],[147541.67065318,170407.89661146],[147545.52853186,170403.69607953],[147546.77783287,170404.82420453],[147547.64328153,170403.87673002],[147549.78800135,170405.83999888],[147552.24764471,170407.98930365],[147551.14434919,170408.76823002],[147548.35185683,170411.80701822],[147549.61573184,170412.9607982],[147542.70417848,170420.54442569],[147534.4616982,170429.55321218],[147533.20800211,170428.46373817],[147528.78092947,170433.30301169],[147528.36624773,170433.81331381]]]},"geometry_name":"GEOM","properties":{"INSPIRE_ID":"https://databrussels.be/id/streetsurface/3787","TYPE":"S","STREET_ID":"https://databrussels.be/id/streetname/3948","STRNAMEFRE":"Rue de Liverpool","STRNAMEDUT":"Liverpoolstraat","MUNNISCODE":"21001","HIERARCHY":"DR","LVL":0,"ADMIN":"MUN_RBC","AREA":289},"bbox":[147523.29463837,170403.69607953,147552.24764471,170434.6994917]},{"type":"Feature","id":"StreetSurfaces.fid--324554a4_1a02c2cbca7_-61f2","geometry":{"type":"Polygon","coordinates":[[[147367.76500556,170001.77099956],[147373.05099921,169994.68099548],[147377.43400209,169989.91100622],[147382.97699646,169983.72400087],[147387.48900161,169979.08299897],[147393.41900278,169972.76599661],[147398.1879961,169967.7390049],[147403.73199429,169961.93800182],[147409.53300574,169956.13699874],[147414.17299679,169951.2379972],[147420.49000476,169944.6629952],[147426.42000594,169938.3470025],[147432.34999456,169932.15899996],[147443.69400038,169920.16999434],[147454.26499642,169908.82600027],[147464.06200396,169898.51299511],[147472.82799717,169889.36000358],[147484.172003,169877.11399551],[147491.00499494,169869.89500408],[147497.19300064,169863.06200244],[147509.18100144,169850.9449942],[147514.98200034,169844.88600394],[147522.71700434,169837.15100076],[147528.00199418,169831.4789975],[147524.77999914,169828.51399605],[147518.84999797,169832.50999886],[147511.63100305,169836.89300113],[147506.98999563,169839.3430005],[147499.38399391,169843.08100367],[147492.03599671,169834.70199859],[147503.5090048,169829.02999533],[147513.56400432,169823.22900471],[147523.36200312,169816.52500289],[147532.64300159,169809.43499881],[147538.95999701,169804.14999501],[147546.56599874,169797.83300511],[147554.81599544,169791.13000049],[147565.90199673,169781.71899686],[147573.24999393,169775.53099432],[147581.88800124,169768.4410027],[147588.2040054,169763.1559989],[147600.32199972,169754.13199473],[147605.22099912,169750.00700456],[147614.63099986,169741.75600211],[147623.00999882,169733.63499667],[147634.61199663,169723.58000361],[147642.60500516,169716.48999953],[147649.05100285,169710.17299717],[147651.28769461,169706.22290279],[147661.1717953,169697.99220575],[147666.8339044,169692.79319767],[147676.11530439,169682.883895],[147690.71249868,169668.44990092],[147704.83739987,169654.68559901],[147714.82339993,169667.26230233],[147699.62330419,169679.78550606],[147675.38279838,169699.64589393],[147674.93690552,169698.95929928],[147652.0150059,169718.03700017],[147635.38599768,169731.57199676],[147624.68599938,169740.3380013],[147615.14699638,169748.20200429],[147606.12299863,169755.67899536],[147600.45100199,169760.19099745],[147592.45800601,169768.31200289],[147581.88800124,169780.04299641],[147574.15299724,169788.68000112],[147566.030999,169797.96200493],[147557.3939955,169807.88799818],[147547.33899598,169819.49000434],[147537.80000553,169831.09199804],[147530.45199578,169840.37400185],[147523.36200312,169848.62399465],[147513.95099857,169859.19499945],[147503.89599905,169869.63700444],[147487.65299383,169886.65300177],[147472.1840022,169903.15399701],[147458.90600384,169917.20500535],[147441.24500259,169935.76900051],[147429.7719945,169948.27299575],[147417.78300244,169961.03500309],[147401.92700401,169977.66499815],[147395.48099378,169985.65700377],[147389.67999487,169993.13399484],[147382.33199768,170004.09199911],[147377.82000508,170011.56900264],[147365.70300201,170004.60700119],[147367.76500556,170001.77099956]]]},"geometry_name":"GEOM","properties":{"INSPIRE_ID":"https://databrussels.be/id/streetsurface/38980","TYPE":"MT","STREET_ID":"https://databrussels.be/id/streetname/5229","STRNAMEFRE":"Tunnel STIB Delacroix - Clemenceau","STRNAMEDUT":"Tunnel MIVB Delacroix - Clemenceau","MUNNISCODE":"21001","HIERARCHY":"DR","LVL":-1,"ADMIN":"MUN_RBC","AREA":5254},"bbox":[147365.70300201,169654.68559901,147714.82339993,170011.56900264]},{"type":"Feature","id":"StreetSurfaces.fid--324554a4_1a02c2cbca7_-623c","geometry":{"type":"Polygon","coordinates":[[[148007.05600097,170073.34000057],[148002.25309801,170072.2624106],[148002.62199903,170070.42200016],[148002.76543374,170069.80227615],[148007.38579707,170049.95687384],[148018.75999904,170000.00000013],[148020.95999904,169990.43000013],[148024.60999904,169974.43000013],[148024.76999903,169973.73000013],[148024.83999901,169973.38000015],[148024.87999902,169973.02000023],[148024.89996622,169972.65060686],[148024.869999,169972.29100043],[148024.77999902,169971.90100056],[148024.62999907,169971.52100071],[148024.42999914,169971.16100084],[148024.19999919,169970.84100093],[148023.92999926,169970.54100102],[148023.62999935,169970.2810011],[148023.24999945,169970.03100118],[148022.83999956,169969.83100125],[148022.4199997,169969.69100128],[148022.06675487,169969.60826663],[148021.74898863,169969.58455273],[148021.35143979,169969.56442934],[148021.02724814,169969.58536753],[148020.62278421,169969.65314661],[148020.27841563,169969.80324975],[148020.109255,169969.86710776],[148019.95834105,169969.96324631],[148019.6300005,169970.1510012],[148019.35000064,169970.38100113],[148019.09716737,169970.6255844],[148018.89792242,169970.86752468],[148018.68607221,169971.12707242],[148018.59146314,169971.29736875],[148018.49000087,169971.48100084],[148018.39000087,169971.66100084],[148014.78000097,169986.81100058],[148011.78000097,170000.00100056],[148000.00000098,170050.20900058],[147996.07800097,170068.79300054],[147996.85500028,170069.03099939],[147996.19500098,170071.76500057],[147996.06600091,170072.06200074],[147995.83400071,170072.28900107],[147995.53400037,170072.41200127],[147995.21000001,170072.41300134],[147994.9179996,170072.28400127],[147994.69899929,170072.05300104],[147994.58499906,170071.7550007],[147994.59399901,170071.43600031],[147995.22899902,170068.64900013],[147992.5569998,170068.12600132],[147991.37900097,170074.13300053],[147990.40000098,170079.65600053],[147988.931001,170096.17900044],[147987.030001,170126.6890004],[147982.91400096,170144.76100058],[147970.33000097,170200.00100056],[147970.13400099,170201.12200052],[147967.34000099,170213.55900058],[147952.63500097,170277.67900058],[147948.10000098,170297.80800058],[147948.02100098,170298.26000053],[147947.933,170298.709],[147947.781,170299.167],[147947.51700087,170299.57200085],[147947.146,170299.932],[147946.718,170300.223],[147946.189,170300.4],[147945.632,170300.383],[147924.49099977,170295.41200131],[147923.81799965,170295.15700129],[147923.3489996,170294.94800125],[147923.0099994,170294.68800115],[147922.74099925,170294.38100101],[147922.52799914,170294.02000085],[147922.41799903,170293.60300061],[147922.399999,170293.31000041],[147923.42699902,170288.43900014],[147927.12499902,170269.96200014],[147935.51099904,170232.55800012],[147939.04499903,170216.53000013],[147942.95199902,170200.00100011],[147944.97800098,170191.26900057],[147989.41799903,170000.00100013],[147995.80642693,169972.26735392],[147997.85909095,169963.20222653],[147998.20020135,169961.69614533],[147998.30487976,169961.23397054],[147998.4906113,169961.03799981],[147998.65608736,169960.8769997],[147998.84799938,169960.75699958],[147999.01699948,169960.65499948],[147999.1929996,169960.57699944],[147999.44899979,169960.51999937],[147999.71899996,169960.50599934],[148000.24800374,169960.49620298],[148000.50800002,169960.49999934],[148000.76700001,169960.50299934],[148028.06235162,169966.90963426],[148029.09663046,169967.07352214],[148029.81781023,169967.29655368],[148030.19900623,169967.49483987],[148030.60805703,169967.81508572],[148030.82345885,169968.12928586],[148030.93156657,169968.38204804],[148030.98597983,169968.62607576],[148030.99240638,169968.80162565],[148030.67200096,169970.47700066],[148028.80100098,169978.62400056],[148023.89300098,170000.00100056],[148007.05600097,170073.34000057]]]},"geometry_name":"GEOM","properties":{"INSPIRE_ID":"https://databrussels.be/id/streetsurface/38997","TYPE":"K","STREET_ID":"https://databrussels.be/id/streetname/1283","STRNAMEFRE":"Boulevard du Midi","STRNAMEDUT":"Zuidlaan","MUNNISCODE":"21004","HIERARCHY":"MAR","LVL":0,"ADMIN":"REGION_RBC","AREA":8911},"bbox":[147922.399999,169960.49620298,148030.99240638,170300.4]},{"type":"Feature","id":"StreetSurfaces.fid--324554a4_1a02c2cbca7_-6223","geometry":{"type":"Polygon","coordinates":[[[148019.09716666,169970.62558368],[148019.35,169970.38100034],[148019.63,169970.15100035],[148019.9583405,169969.96324545],[148020.10925465,169969.86710683],[148020.27841523,169969.80324885],[148020.62278404,169969.65314564],[148021.02724807,169969.58536652],[148021.35143983,169969.56442837],[148021.7489887,169969.58455175],[148022.0667551,169969.60826565],[148022.42,169969.69100036],[148022.84000001,169969.83100034],[148023.25,169970.03100034],[148023.63,169970.28100034],[148023.92999999,169970.54100036],[148024.2,169970.84100036],[148024.42999999,169971.16100034],[148024.63,169971.52100035],[148024.78,169971.90100035],[148024.87000001,169972.29100036],[148024.89996722,169972.65060691],[148024.88,169973.02000035],[148024.84000001,169973.38000034],[148024.77000001,169973.73000034],[148024.60999999,169974.43000034],[148020.95999999,169990.43000034],[148018.75999999,170000.00000035],[148016.786677,170008.66707417],[148012.41912146,170027.84990753],[148007.38579805,170049.95687405],[148002.76543472,170069.80227636],[147996.18129864,170068.30353025],[147999.95474453,170050.42343885],[148000,170050.20900034],[148011.78,170000.00100035],[148014.78,169986.81100034],[148018.39000001,169971.66100034],[148018.49000001,169971.48100034],[148018.59146225,169971.29736828],[148018.68607142,169971.12707178],[148018.89792166,169970.86752406],[148019.09716666,169970.62558368]]]},"geometry_name":"GEOM","properties":{"INSPIRE_ID":"https://databrussels.be/id/streetsurface/38998","TYPE":"AC","STREET_ID":"https://databrussels.be/id/streetname/1283","STRNAMEFRE":"Boulevard du Midi","STRNAMEDUT":"Zuidlaan","MUNNISCODE":"21004","HIERARCHY":"MAR","LVL":0,"ADMIN":"REGION_RBC","AREA":700},"bbox":[147996.18129864,169969.56442837,148024.89996722,170069.80227636]},{"type":"Feature","id":"StreetSurfaces.fid--324554a4_1a02c2cbca7_-6236","geometry":{"type":"Polygon","coordinates":[[[147947.933,170298.709],[147948.021,170298.26000034],[147948.1,170297.80800034],[147952.63499999,170277.67900034],[147967.34000001,170213.55900034],[147970.13399999,170201.12200035],[147970.33,170200.00100034],[147982.91400001,170144.76100034],[147987.03,170126.68900036],[147988.93099999,170096.17900034],[147990.4,170079.65600034],[147991.379,170074.13300034],[147992.55699999,170068.12600035],[147995.229,170068.64900035],[147994.59400001,170071.43600034],[147994.58499999,170071.75500034],[147994.699,170072.05300034],[147994.91800001,170072.28400034],[147995.20999999,170072.41300036],[147995.53399999,170072.41200034],[147995.83399999,170072.28900036],[147996.06600001,170072.06200033],[147996.19500001,170071.76500036],[147996.855,170069.03100034],[147996.078,170068.79300035],[147996.18129864,170068.30353025],[148002.76543472,170069.80227636],[148002.622,170070.42200035],[148002.25309823,170072.26240963],[148001.76500001,170072.15400034],[148000.428,170078.06800035],[148000.20599999,170079.09600035],[148000,170080.12800034],[147999.81700001,170081.11500036],[147999.64200001,170082.10400034],[147999.473,170083.09400035],[147999.30599999,170084.08400034],[147998.981,170086.05700034],[147998.671,170088.03200034],[147998.38299999,170090.01000034],[147998.11800001,170091.99200035],[147997.929,170093.51600036],[147997.75599999,170095.04200036],[147997.60599999,170096.57100035],[147997.48900001,170098.10300034],[147997.03699999,170105.17600035],[147996.96500001,170106.44500035],[147996.898,170107.71500036],[147996.81800001,170108.98400034],[147996.702,170110.25100034],[147996.529,170111.76100034],[147996.328,170113.26700035],[147996.08299999,170114.76800035],[147995.779,170116.25900034],[147976.58800001,170200.00100035],[147953.67001071,170300.00927105],[147947.933,170298.709]]]},"geometry_name":"GEOM","properties":{"INSPIRE_ID":"https://databrussels.be/id/streetsurface/39000","TYPE":"C","STREET_ID":"https://databrussels.be/id/streetname/1283","STRNAMEFRE":"Boulevard du Midi","STRNAMEDUT":"Zuidlaan","MUNNISCODE":"21004","HIERARCHY":"MAR","LVL":0,"ADMIN":"REGION_RBC","AREA":1574},"bbox":[147947.933,170068.12600035,148002.76543472,170300.00927105]},{"type":"Feature","id":"StreetSurfaces.fid--324554a4_1a02c2cbca7_-6326","geometry":{"type":"Polygon","coordinates":[[[147906.321,170481.87700034],[147907.23699999,170477.96700035],[147908.56800001,170472.13600034],[147911.42999999,170459.64000036],[147913.66600001,170449.86000034],[147922.397,170410.10100035],[147922.68800001,170408.90700034],[147923.56700001,170405.09500035],[147924.73099999,170400.00100035],[147934.422,170357.58000034],[147934.61900001,170357.55200034],[147934.80699999,170357.48700033],[147934.98,170357.38900036],[147935.13099999,170357.25900034],[147935.25599999,170357.10400034],[147935.349,170356.92800034],[147941.81900001,170328.54100035],[147942.747,170323.87300035],[147944.34849815,170316.05879444],[147949.84901351,170317.3056565],[147949.739,170317.476],[147949.53308163,170318.07754832],[147932.33800001,170393.66000034],[147931.90999999,170396.31500036],[147931.66400001,170398.77900034],[147931.58199999,170401.14600035],[147931.53099999,170404.10900034],[147931.59400001,170405.39200035],[147931.74492743,170405.58935262],[147930.53449783,170410.56160385],[147929.94946737,170412.96481537],[147929.53081126,170414.68458775],[147928.33399999,170419.60300034],[147926.91300001,170417.33300034],[147925.53299999,170423.43400034],[147921.949,170439.23900036],[147922.076,170439.41700035],[147922.24400001,170439.41500036],[147923.34000001,170438.34200035],[147923.904,170437.79900035],[147923.01061647,170441.46850523],[147921.002,170449.81300036],[147920.75,170449.76600035],[147920.528,170449.84600035],[147920.38099999,170450.02000035],[147919.91300001,170451.09600035],[147919.76199999,170451.52200035],[147919.61400001,170451.95000035],[147919.46800001,170452.37900034],[147919.325,170452.80800034],[147918.954,170453.98900036],[147918.596,170455.17300035],[147918.253,170456.36200033],[147917.923,170457.55500034],[147917.18699999,170460.30100035],[147916.501,170463.06000034],[147915.86500001,170465.83000034],[147915.28099999,170468.61200033],[147912.754,170479.49500035],[147912.73,170479.61200033],[147912.722,170479.73100034],[147912.729,170479.85000035],[147912.753,170479.96600035],[147912.795,170480.08300034],[147912.852,170480.19300035],[147912.924,170480.29400035],[147913.00899999,170480.38400034],[147913.099,170480.45500034],[147913.196,170480.51500036],[147913.3,170480.56200033],[147913.40899999,170480.59500035],[147913.56099999,170480.62200035],[147913.73753522,170480.61908117],[147913.04336632,170483.57477855],[147911.85323512,170483.27635103],[147906.321,170481.87700034]]]},"geometry_name":"GEOM","properties":{"INSPIRE_ID":"https://databrussels.be/id/streetsurface/39038","TYPE":"C","STREET_ID":"https://databrussels.be/id/streetname/1283","STRNAMEFRE":"Boulevard du Midi","STRNAMEDUT":"Zuidlaan","MUNNISCODE":"21004","HIERARCHY":"MAR","LVL":0,"ADMIN":"REGION_RBC","AREA":1035},"bbox":[147906.321,170316.05879444,147949.84901351,170483.57477855]},{"type":"Feature","id":"StreetSurfaces.fid--324554a4_1a02c2cbca7_-6327","geometry":{"type":"Polygon","coordinates":[[[147898.15599999,170482.00900034],[147886.39200001,170479.32400035],[147880.78599999,170478.02900034],[147880.55699999,170477.92600035],[147880.34000001,170477.80100034],[147880.13699999,170477.65400034],[147879.95,170477.48700033],[147879.78099999,170477.29500035],[147879.63099999,170477.08800036],[147879.501,170476.86700035],[147879.39400001,170476.63500034],[147879.29300001,170476.32400034],[147879.22000001,170476.00600034],[147879.175,170475.68200034],[147879.15799999,170475.35600034],[147879.151,170475.17500035],[147879.15,170474.99300035],[147879.155,170474.81100034],[147879.16600001,170474.63000034],[147879.629,170472.59100035],[147881.297,170465.19100036],[147881.59500001,170463.72900034],[147883.08,170457.30100035],[147884.61800001,170450.58900036],[147886.33,170443.26400036],[147891.63299999,170420.64400035],[147893.777,170411.26500036],[147896.422,170400.00000035],[147904.053,170367.49400035],[147907.90799999,170350.74100035],[147919.274,170306.78400034],[147943.13800001,170312.04200035],[147943.405,170312.13200034],[147943.659,170312.252],[147943.897,170312.402],[147944.115,170312.58],[147944.311,170312.782],[147944.481,170313.007],[147944.623,170313.25],[147944.735,170313.508],[147944.816,170313.778],[147942.747,170323.87300035],[147941.81900001,170328.54100035],[147935.349,170356.92800034],[147935.25599999,170357.10400034],[147935.13099999,170357.25900034],[147934.98,170357.38900036],[147934.80699999,170357.48700033],[147934.61900001,170357.55200034],[147934.422,170357.58000034],[147924.73099999,170400.00100035],[147923.56700001,170405.09500035],[147922.68800001,170408.90700034],[147922.397,170410.10100035],[147913.66600001,170449.86000034],[147911.42999999,170459.64000036],[147908.56800001,170472.13600034],[147907.23699999,170477.96700035],[147906.321,170481.87700034],[147906.21881038,170482.11661989],[147906.04375257,170482.3851733],[147905.83337411,170482.62705565],[147905.59168516,170482.83765626],[147905.323,170483.01300036],[147905.03299999,170483.15000034],[147904.83099999,170483.21600035],[147904.625,170483.26500036],[147904.41400001,170483.29600035],[147904.202,170483.30800034],[147903.98800001,170483.30400034],[147903.775,170483.28200034],[147903.56500001,170483.24200035],[147903.35899999,170483.18500034],[147898.15599999,170482.00900034]]]},"geometry_name":"GEOM","properties":{"INSPIRE_ID":"https://databrussels.be/id/streetsurface/39112","TYPE":"K","STREET_ID":"https://databrussels.be/id/streetname/1283","STRNAMEFRE":"Boulevard du Midi","STRNAMEDUT":"Zuidlaan","MUNNISCODE":"21004","HIERARCHY":"MAR","LVL":0,"ADMIN":"REGION_RBC","AREA":4857},"bbox":[147879.15,170306.78400034,147944.816,170483.30800034]},{"type":"Feature","id":"StreetSurfaces.fid--324554a4_1a02c2cbca7_-6241","geometry":{"type":"Polygon","coordinates":[[[147941.08053405,170034.28801159],[147940.60764654,170035.03472296],[147940.40100098,170035.84900059],[147940.4084893,170036.61320213],[147940.65003345,170037.37511016],[147941.10851462,170038.02981807],[147941.71100061,170038.49999956],[147960.09621756,170048.85722204],[147955.84300098,170067.59000057],[147943.64199951,170060.52300121],[147932.76599951,170054.40800122],[147922.3009995,170048.52300121],[147916.14099951,170045.08000122],[147914.80899956,170044.44100124],[147913.33099971,170043.99000131],[147910.32899983,170043.50700134],[147898.06099985,170041.45600134],[147901.65178456,170016.52703737],[147904.37600031,170017.3879994],[147906.8890002,170017.87799937],[147918.94200018,170019.96099936],[147935.86499982,170016.97999936],[147935.89400098,170017.12100013],[147942.96999984,170015.87199937],[147962.66999981,170012.35799936],[147968.63299983,170011.25799936],[147964.46561287,170029.61275481],[147942.55100017,170033.43000134],[147941.76659644,170033.73076941],[147941.08053405,170034.28801159]]]},"geometry_name":"GEOM","properties":{"INSPIRE_ID":"https://databrussels.be/id/streetsurface/39181","TYPE":"P","STREET_ID":"https://databrussels.be/id/streetname/1377","STRNAMEFRE":"Square de l'Aviation","STRNAMEDUT":"Luchtvaartsquare","MUNNISCODE":"21001","HIERARCHY":"DR","LVL":0,"ADMIN":"MUN_RBC","AREA":2054},"bbox":[147898.06099985,170011.25799936,147968.63299983,170067.59000057]},{"type":"Feature","id":"StreetSurfaces.fid--324554a4_1a02c2cbca7_-6238","geometry":{"type":"Polygon","coordinates":[[[147960.09621706,170048.8572229],[147941.71099999,170038.50000035],[147941.10851379,170038.02981864],[147940.6500325,170037.37511047],[147940.4084883,170036.61320215],[147940.401,170035.84900035],[147940.6076457,170035.03472241],[147941.08053341,170034.28801083],[147941.76659608,170033.73076848],[147942.551,170033.43000034],[147964.46561189,170029.61275457],[147960.09621706,170048.8572229]]]},"geometry_name":"GEOM","properties":{"INSPIRE_ID":"https://databrussels.be/id/streetsurface/39182","TYPE":"M","STREET_ID":"https://databrussels.be/id/streetname/1377","STRNAMEFRE":"Square de l'Aviation","STRNAMEDUT":"Luchtvaartsquare","MUNNISCODE":"21001","HIERARCHY":"DR","LVL":0,"ADMIN":"MUN_RBC","AREA":260},"bbox":[147940.401,170029.61275457,147964.46561189,170048.8572229]},{"type":"Feature","id":"StreetSurfaces.fid--324554a4_1a02c2cbca7_-6257","geometry":{"type":"Polygon","coordinates":[[[147743.68399999,170091.75000035],[147740.33499999,170107.12900034],[147738.403,170105.06700035],[147738.90699999,170102.67800034],[147735.29100001,170098.81300036],[147735.06600001,170098.57000035],[147732.83199999,170099.08100034],[147731.396,170097.52500035],[147732.105,170095.36100034],[147728.130952,170091.06713435],[147727.91359301,170090.83228334],[147725.63499999,170091.30800034],[147724.225,170089.77000035],[147724.86700001,170087.55000035],[147720.83399999,170083.20500034],[147720.598,170082.95400034],[147718.398,170083.48800036],[147716.98199999,170081.94500035],[147717.64200001,170079.74000036],[147713.6,170075.37700035],[147713.35699999,170075.11500036],[147711.18099999,170075.67200035],[147709.76600001,170074.16100034],[147710.44300001,170071.97500035],[147706.41400001,170067.61100034],[147706.171,170067.35100035],[147703.954,170067.85400034],[147700.527,170064.15100035],[147700.095614,170063.48344234],[147699.878,170062.71900035],[147699.87693992,170061.91762339],[147700.14100001,170061.16100034],[147703.06300001,170056.33300034],[147703.54323659,170055.72650691],[147704.1323885,170055.20625533],[147704.80479698,170054.79928051],[147705.527,170054.52200035],[147706.28346181,170054.33882283],[147707.06924007,170054.2767125],[147707.854896,170054.34035147],[147708.61099999,170054.52500035],[147709.246,170057.34500035],[147709.54100001,170057.54200035],[147718.84000001,170063.69200035],[147719.82814603,170064.2630484],[147720.87741191,170064.7283342],[147721.97034276,170065.07897927],[147723.08800001,170065.31000034],[147725.31183252,170065.38449138],[147727.51800001,170065.09500035],[147745.772,170061.97000035],[147747.31700001,170059.69700035],[147750.76300001,170059.10300034],[147749.14100001,170066.65800034],[147744.42,170088.37000035],[147743.68399999,170091.75000035]]]},"geometry_name":"GEOM","properties":{"INSPIRE_ID":"https://databrussels.be/id/streetsurface/39766","TYPE":"P","STREET_ID":"https://databrussels.be/id/streetname/1388","STRNAMEFRE":"Square Robert Pequeur","STRNAMEDUT":"Robert Pequeursquare","MUNNISCODE":"21001","HIERARCHY":"DR","LVL":0,"ADMIN":"MUN_RBC","AREA":1116},"bbox":[147699.87693992,170054.2767125,147750.76300001,170107.12900034]},{"type":"Feature","id":"StreetSurfaces.fid--324554a4_1a02c2cbca7_-6295","geometry":{"type":"Polygon","coordinates":[[[147688.2157871,170386.41486801],[147685.41400001,170385.37000035],[147684.01456788,170384.80504867],[147685.44826801,170378.67773133],[147683.75292957,170378.26818355],[147689.00999999,170353.76000034],[147694.22000001,170329.17000035],[147702.10999999,170292.43000034],[147709.55,170257.15000035],[147715.25999999,170230.29000035],[147719.19000001,170212.11000034],[147719.30498946,170211.43922855],[147722.21500001,170212.06200034],[147725.18000274,170212.695939],[147720.47000001,170235.16000034],[147706.40999999,170301.12000035],[147699.44000001,170333.87000035],[147694,170359.05000035],[147691.3,170371.93000034],[147688.2157871,170386.41486801]]]},"geometry_name":"GEOM","properties":{"INSPIRE_ID":"https://databrussels.be/id/streetsurface/4087","TYPE":"S","STREET_ID":"https://databrussels.be/id/streetname/354","STRNAMEFRE":"Rue Otlet","STRNAMEDUT":"Otletstraat","MUNNISCODE":"21001","HIERARCHY":"DR","LVL":0,"ADMIN":"MUN_RBC","AREA":1062},"bbox":[147683.75292957,170211.43922855,147725.18000274,170386.41486801]},{"type":"Feature","id":"StreetSurfaces.fid--324554a4_1a02c2cbca7_-6221","geometry":{"type":"Polygon","coordinates":[[[147548.44517887,169921.19911951],[147547.977,169921.55500034],[147546.53,169922.88600034],[147547.754,169924.19900035],[147517.02000001,169953.05000035],[147511.44000001,169958.34000036],[147492.45999999,169976.11000034],[147470.15999999,169997.22000035],[147467.19000001,170000.00000035],[147449.54000001,170016.59000036],[147435.34000001,170030.06000034],[147434.05070181,170031.16870021],[147431.622,170028.69200035],[147429.27602258,170026.29964827],[147429.69400001,170025.96300036],[147453.97000001,170002.70000035],[147456.87000001,170000.00000035],[147479.59000001,169978.79000036],[147505.2,169954.22000035],[147542.71900001,169919.34400035],[147542.972,169919.09800035],[147544.11600001,169920.30700034],[147546.01794021,169918.55406858],[147547.22602806,169919.87056617],[147548.44517887,169921.19911951]]]},"geometry_name":"GEOM","properties":{"INSPIRE_ID":"https://databrussels.be/id/streetsurface/4140","TYPE":"S","STREET_ID":"https://databrussels.be/id/streetname/2572","STRNAMEFRE":"Rue Sergent De Bruyne","STRNAMEDUT":"Sergeant De Bruynestraat","MUNNISCODE":"21001","HIERARCHY":"DR","LVL":0,"ADMIN":"MUN_RBC","AREA":1109},"bbox":[147429.27602258,169918.55406858,147548.44517887,170031.16870021]},{"type":"Feature","id":"StreetSurfaces.fid--324554a4_1a02c2cbca7_-62e8","geometry":{"type":"Polygon","coordinates":[[[147689.79952288,170395.4749276],[147689.21514101,170394.48646234],[147689.358601,170394.14550234],[147702.380567,170399.49792434],[147705.33543601,170400.71273166],[147708.28504613,170401.94033061],[147711.22931435,170403.18068684],[147714.16815801,170404.43376535],[147716.99884133,170405.65074128],[147719.81978397,170406.890374],[147722.63071442,170408.15254549],[147725.43136301,170409.43713335],[147737.63541801,170415.17224535],[147738.174034,170415.39948036],[147739.05942199,170415.82214736],[147739.21409557,170415.90193082],[147739.33544102,170416.04632639],[147739.3888444,170416.22722105],[147739.369975,170416.40023335],[147739.24548061,170416.55244919],[147739.06231999,170416.62400836],[147738.80700483,170416.59494706],[147728.737183,170411.85727736],[147727.36759486,170411.21235594],[147725.99645505,170410.57072975],[147724.62377546,170409.93240436],[147723.24956801,170409.29738535],[147721.87242906,170408.66836561],[147720.4912575,170408.0481747],[147719.1061383,170407.43685116],[147717.71715701,170406.83443235],[147714.97578299,170405.65980734],[147714.620063,170405.51064435],[147713.95978701,170407.08859736],[147712.210535,170406.35880135],[147712.84948201,170404.75792435],[147712.535619,170404.62104434],[147699.89432199,170399.30966336],[147699.30198,170400.75084835],[147693.24588301,170398.21575934],[147692.21388698,170397.73974603],[147691.26023369,170397.09388577],[147690.42499065,170396.30081633],[147689.79952288,170395.4749276]]]},"geometry_name":"GEOM","properties":{"INSPIRE_ID":"https://databrussels.be/id/streetsurface/41485","TYPE":"M","STREET_ID":"https://databrussels.be/id/streetname/4568","STRNAMEFRE":"Chaussée de Mons","STRNAMEDUT":"Bergense Steenweg","MUNNISCODE":"21001","HIERARCHY":"IDR","LVL":0,"ADMIN":"REGION_RBC","AREA":61},"bbox":[147689.21514101,170394.14550234,147739.3888444,170416.62400836]},{"type":"Feature","id":"StreetSurfaces.fid--324554a4_1a02c2cbca7_-62e5","geometry":{"type":"Polygon","coordinates":[[[147742.85351501,170418.03976535],[147742.98747597,170417.88867606],[147743.08134258,170417.84450124],[147743.1799,170417.82746733],[147743.43123491,170417.87123583],[147751.67502201,170421.76197335],[147752.590779,170422.17854935],[147753.73078396,170422.71484875],[147754.85911851,170423.27595578],[147755.97497711,170423.8614808],[147757.07757199,170424.47099935],[147757.96565945,170424.97384418],[147758.10321081,170425.09300574],[147758.19481638,170425.27503704],[147758.20705028,170425.47845117],[147758.14588399,170425.65667435],[147757.523102,170426.76559736],[147757.39339194,170426.90186976],[147757.21009672,170426.98713747],[147757.00816372,170426.99666525],[147756.87324233,170426.95082775],[147751.783057,170424.60559434],[147752.560921,170423.04857134],[147743.153881,170418.60216736],[147743.00236082,170418.52611066],[147742.88338249,170418.38522409],[147742.83246012,170418.20799042],[147742.85351501,170418.03976535]]]},"geometry_name":"GEOM","properties":{"INSPIRE_ID":"https://databrussels.be/id/streetsurface/41488","TYPE":"M","STREET_ID":"https://databrussels.be/id/streetname/4568","STRNAMEFRE":"Chaussée de Mons","STRNAMEDUT":"Bergense Steenweg","MUNNISCODE":"21001","HIERARCHY":"IDR","LVL":0,"ADMIN":"REGION_RBC","AREA":23},"bbox":[147742.83246012,170417.82746733,147758.20705028,170426.99666525]},{"type":"Feature","id":"StreetSurfaces.fid--324554a4_1a02c2cbca7_-6263","geometry":{"type":"Polygon","coordinates":[[[147567.36861401,170353.22229034],[147568.26865301,170351.22755634],[147568.51945865,170350.95955595],[147568.88604801,170350.94111835],[147569.894485,170351.35314835],[147572.49628325,170352.68619002],[147574.91777799,170354.32409035],[147576.14666205,170355.32696468],[147577.28750801,170356.42895535],[147578.20643699,170357.37015134],[147578.06561401,170357.67623933],[147567.36861401,170353.22229034]]]},"geometry_name":"GEOM","properties":{"INSPIRE_ID":"https://databrussels.be/id/streetsurface/41497","TYPE":"M","STREET_ID":"https://databrussels.be/id/streetname/4568","STRNAMEFRE":"Chaussée de Mons","STRNAMEDUT":"Bergense Steenweg","MUNNISCODE":"21001","HIERARCHY":"IDR","LVL":0,"ADMIN":"REGION_RBC","AREA":23},"bbox":[147567.36861401,170350.94111835,147578.20643699,170357.67623933]},{"type":"Feature","id":"StreetSurfaces.fid--324554a4_1a02c2cbca7_-62b2","geometry":{"type":"Polygon","coordinates":[[[147602.67126801,170359.76017834],[147601.81907499,170358.60360335],[147601.887941,170358.38855635],[147612.075354,170362.50594135],[147623.745363,170367.29361836],[147635.33366499,170372.04414834],[147646.253321,170376.52443834],[147646.46610408,170376.74982559],[147646.45717599,170377.05965835],[147646.23176777,170377.27241906],[147645.92193601,170377.26346034],[147641.97516501,170375.65604035],[147629.62790001,170370.55484434],[147628.993522,170372.13023935],[147627.22422099,170371.43511034],[147627.853333,170369.84793636],[147612.341433,170363.48929335],[147611.69193299,170365.08469936],[147605.60543101,170362.60684234],[147604.73372064,170362.05912448],[147603.93879979,170361.38919371],[147603.24511745,170360.61491259],[147602.67126801,170359.76017834]]]},"geometry_name":"GEOM","properties":{"INSPIRE_ID":"https://databrussels.be/id/streetsurface/41500","TYPE":"M","STREET_ID":"https://databrussels.be/id/streetname/4568","STRNAMEFRE":"Chaussée de Mons","STRNAMEDUT":"Bergense Steenweg","MUNNISCODE":"21001","HIERARCHY":"IDR","LVL":0,"ADMIN":"REGION_RBC","AREA":57},"bbox":[147601.81907499,170358.38855635,147646.46610408,170377.27241906]},{"type":"Feature","id":"StreetSurfaces.fid--324554a4_1a02c2cbca7_-62d1","geometry":{"type":"Polygon","coordinates":[[[147650.86345224,170378.71510512],[147651.135202,170378.59276434],[147651.38300674,170378.63507704],[147663.227371,170383.47385234],[147679.17520599,170390.01758136],[147679.04437001,170390.37929036],[147678.52483399,170390.68064336],[147677.47065606,170391.01712791],[147676.33687229,170391.10421399],[147675.21406131,170390.92436637],[147674.19105699,170390.50249535],[147670.94231601,170389.16373636],[147671.53535399,170387.74074835],[147653.69282401,170380.44325534],[147653.25122099,170380.25367635],[147652.911062,170380.12057434],[147652.24704001,170381.70591534],[147650.46496899,170380.93229336],[147651.12888701,170379.36141936],[147650.92465622,170379.24095217],[147650.82436755,170379.10891432],[147650.78412507,170378.94806546],[147650.86345224,170378.71510512]]]},"geometry_name":"GEOM","properties":{"INSPIRE_ID":"https://databrussels.be/id/streetsurface/41513","TYPE":"M","STREET_ID":"https://databrussels.be/id/streetname/4568","STRNAMEFRE":"Chaussée de Mons","STRNAMEDUT":"Bergense Steenweg","MUNNISCODE":"21001","HIERARCHY":"IDR","LVL":0,"ADMIN":"REGION_RBC","AREA":38},"bbox":[147650.46496899,170378.59276434,147679.17520599,170391.10421399]},{"type":"Feature","id":"StreetSurfaces.fid--324554a4_1a02c2cbca7_-62ab","geometry":{"type":"Polygon","coordinates":[[[147616.699,170317.80900034],[147614.62075846,170316.13526844],[147617.16400001,170312.91600036],[147620.40496678,170308.81496712],[147620.75999999,170309.22000035],[147621.25,170311.79000036],[147621.42999999,170312.35000035],[147621.80999999,170312.88000034],[147628.72000001,170318.24000036],[147629.3,170318.59000035],[147629.75999999,170318.73000034],[147631.90999999,170318.38000034],[147632.43819606,170318.42142707],[147629.53900001,170322.26600035],[147626.97599769,170325.66527399],[147625.49200001,170324.35300034],[147622.90134847,170327.51566318],[147618.31500001,170324.11500036],[147615.68900001,170322.05000035],[147614.05,170320.86000034],[147616.699,170317.80900034]]]},"geometry_name":"GEOM","properties":{"INSPIRE_ID":"https://databrussels.be/id/streetsurface/422","TYPE":"I","STREET_ID":"https://databrussels.be/id/streetname/5130","STRNAMEFRE":"Rue Docteur De Meersman","STRNAMEDUT":"Dokter De Meersmanstraat","MUNNISCODE":"21001","HIERARCHY":"DR","LVL":0,"ADMIN":"MUN_RBC","AREA":159},"bbox":[147614.05,170308.81496712,147632.43819606,170327.51566318]},{"type":"Feature","id":"StreetSurfaces.fid--324554a4_1a02c2cbca7_-630e","geometry":{"type":"Polygon","coordinates":[[[147864.61100016,170495.17547937],[147873.06133428,170501.96872743],[147872.96099999,170502.13200034],[147872.89400001,170502.24500035],[147872.625,170502.76400035],[147872.399,170503.30300034],[147872.21500001,170503.85800034],[147872.077,170504.42600035],[147871.98399999,170505.00400034],[147871.877,170505.58600033],[147870.18199999,170513.68300034],[147868.08599999,170523.64000035],[147866.49300001,170531.28000034],[147863.26099999,170546.65100034],[147861.76099999,170553.77100035],[147860.573,170559.57600034],[147857.178,170576.40100034],[147854.378,170590.54300035],[147853.80144355,170593.60459615],[147846.821,170592.27400035],[147847.13699999,170591.81200033],[147847.31800001,170591.47900034],[147847.48,170591.13600034],[147847.623,170590.78500033],[147847.746,170590.42600034],[147847.86300001,170590.04200035],[147847.95999999,170589.65200034],[147848.03800001,170589.25800034],[147848.09500001,170588.86100033],[147849.074,170583.69400035],[147846.64200001,170583.19600035],[147850.296,170565.21400035],[147851.53499999,170559.18400034],[147855.81300001,170538.11800035],[147858.26400001,170538.59800035],[147858.78599999,170532.72100035],[147859.30599999,170527.03600034],[147860.25899999,170516.30600034],[147861.777,170508.82600035],[147862.33099999,170506.06900035],[147864.272,170496.63400034],[147864.429,170496.06300036],[147864.55799999,170495.48500033],[147864.61100016,170495.17547937]]]},"geometry_name":"GEOM","properties":{"INSPIRE_ID":"https://databrussels.be/id/streetsurface/44266","TYPE":"S","STREET_ID":"https://databrussels.be/id/streetname/5966","STRNAMEFRE":"Boulevard Poincaré","STRNAMEDUT":"Poincarélaan","MUNNISCODE":"21004","HIERARCHY":"MAR","LVL":0,"ADMIN":"REGION_RBC","AREA":823},"bbox":[147846.64200001,170495.17547937,147873.06133428,170593.60459615]},{"type":"Feature","id":"StreetSurfaces.fid--324554a4_1a02c2cbca7_-623f","geometry":{"type":"Polygon","coordinates":[[[147929.60899901,170217.39800013],[147934.15599902,170197.34600014],[147939.46399903,170174.63700012],[147944.45899904,170153.60400011],[147953.02699902,170116.34200012],[147959.42799902,170088.81600012],[147962.34200099,170076.77800058],[147964.73699904,170066.49600011],[147967.39099903,170054.93700012],[147969.04699903,170047.90900012],[147971.50199902,170037.06800011],[147972.89899902,170030.86000012],[147974.79499903,170022.55400013],[147986.3447283,169970.1164631],[147995.80642913,169972.2673534],[147989.41800098,170000.00100056],[147944.97800098,170191.26900057],[147942.95200098,170200.00100059],[147939.04500098,170216.53000058],[147935.51100097,170232.55800055],[147927.12500098,170269.96200057],[147923.42699902,170288.43900014],[147922.399999,170293.31000041],[147915.20462248,170284.08180271],[147915.73799901,170281.44700016],[147919.15299902,170263.59100016],[147922.46599903,170248.41800014],[147926.69999902,170230.09600011],[147929.60899901,170217.39800013]]]},"geometry_name":"GEOM","properties":{"INSPIRE_ID":"https://databrussels.be/id/streetsurface/44284","TYPE":"S","STREET_ID":"https://databrussels.be/id/streetname/5966","STRNAMEFRE":"Boulevard Poincaré","STRNAMEDUT":"Poincarélaan","MUNNISCODE":"21004","HIERARCHY":"MAR","LVL":0,"ADMIN":"REGION_RBC","AREA":2977},"bbox":[147915.20462248,169970.1164631,147995.80642913,170293.31000041]},{"type":"Feature","id":"StreetSurfaces.fid--324554a4_1a02c2cbca7_-6280","geometry":{"type":"Polygon","coordinates":[[[147910.51013074,170304.35006617],[147910.55833402,170304.14095496],[147911.34500001,170300.70700034],[147911.33900001,170300.17400035],[147911.21400001,170299.59200035],[147911.06500001,170299.14700035],[147910.83699999,170298.62200035],[147910.028,170297.55000035],[147907.646,170295.86300036],[147904.95430608,170292.96384684],[147906.56442077,170286.23865806],[147909.46099999,170289.33200034],[147911.597,170291.46800035],[147911.821,170291.54200035],[147912.121,170291.54200035],[147912.58299999,170291.47100035],[147912.903,170291.30100035],[147913.3,170291.02100035],[147913.65899999,170290.61000034],[147913.849,170290.28200034],[147914.00899999,170289.80500034],[147914.225,170288.92100035],[147915.2046236,170284.08180219],[147922.399999,170293.31000041],[147922.41799903,170293.60300061],[147922.52799914,170294.02000085],[147922.74099925,170294.38100101],[147922.85763969,170294.51411702],[147920.32270405,170307.01506328],[147919.274,170306.78400034],[147910.51013074,170304.35006617]]]},"geometry_name":"GEOM","properties":{"INSPIRE_ID":"https://databrussels.be/id/streetsurface/44285","TYPE":"I","STREET_ID":"https://databrussels.be/id/streetname/5966","STRNAMEFRE":"Boulevard Poincaré","STRNAMEDUT":"Poincarélaan","MUNNISCODE":"21004","HIERARCHY":"MAR","LVL":0,"ADMIN":"REGION_RBC","AREA":225},"bbox":[147904.95430608,170284.08180219,147922.85763969,170307.01506328]},{"type":"Feature","id":"StreetSurfaces.fid--324554a4_1a02c2cbca7_-6282","geometry":{"type":"Polygon","coordinates":[[[147910.51013074,170304.35006617],[147919.274,170306.78400034],[147913.23029249,170330.15750474],[147907.90799999,170350.74100035],[147904.053,170367.49400035],[147899.2166945,170388.09535621],[147888.6456758,170385.63386346],[147889.498,170385.32100035],[147890.23800001,170384.88800036],[147890.68299999,170384.40900034],[147890.99100001,170383.73600033],[147891.81099999,170380.16600035],[147899.61199999,170346.56800035],[147907.71600001,170316.47500035],[147910.51013074,170304.35006617]]]},"geometry_name":"GEOM","properties":{"INSPIRE_ID":"https://databrussels.be/id/streetsurface/44286","TYPE":"S","STREET_ID":"https://databrussels.be/id/streetname/5966","STRNAMEFRE":"Boulevard Poincaré","STRNAMEDUT":"Poincarélaan","MUNNISCODE":"21004","HIERARCHY":"MAR","LVL":0,"ADMIN":"REGION_RBC","AREA":755},"bbox":[147888.6456758,170304.35006617,147919.274,170388.09535621]},{"type":"Feature","id":"StreetSurfaces.fid--324554a4_1a02c2cbca7_-6321","geometry":{"type":"Polygon","coordinates":[[[147888.6456758,170385.63386346],[147899.2166945,170388.09535621],[147896.96540675,170397.6852343],[147888.08648024,170395.61773695],[147888.06600001,170395.43900036],[147887.897,170394.87500035],[147887.28,170393.88800036],[147885.398,170391.84200035],[147884.795,170391.25200034],[147884.13299999,170390.80600034],[147883.58900001,170390.53700034],[147882.93299999,170390.32900034],[147881.9388443,170390.09834252],[147882.83421526,170386.23668584],[147884.76300001,170386.56700035],[147885.81900001,170386.56500036],[147886.69200001,170386.35100034],[147888.6456758,170385.63386346]]]},"geometry_name":"GEOM","properties":{"INSPIRE_ID":"https://databrussels.be/id/streetsurface/44287","TYPE":"I","STREET_ID":"https://databrussels.be/id/streetname/5966","STRNAMEFRE":"Boulevard Poincaré","STRNAMEDUT":"Poincarélaan","MUNNISCODE":"21004","HIERARCHY":"MAR","LVL":0,"ADMIN":"REGION_RBC","AREA":133},"bbox":[147881.9388443,170385.63386346,147899.2166945,170397.6852343]},{"type":"Feature","id":"StreetSurfaces.fid--324554a4_1a02c2cbca7_-631e","geometry":{"type":"Polygon","coordinates":[[[147879.19366572,170474.50816368],[147870.45335245,170470.92060622],[147870.59000001,170470.71400035],[147870.71800001,170470.45900034],[147870.829,170470.19600035],[147870.921,170469.92600035],[147871.34400001,170468.13700033],[147872.225,170464.23500034],[147874.098,170456.06600036],[147876.723,170444.73200034],[147877.79100001,170440.16500036],[147887.11199999,170400.61600035],[147888.10799999,170396.11700035],[147888.099,170395.72700034],[147888.08648024,170395.61773695],[147896.96540675,170397.6852343],[147896.422,170400.00000035],[147893.777,170411.26500036],[147891.63299999,170420.64400035],[147886.33,170443.26400036],[147884.61800001,170450.58900036],[147883.08,170457.30100035],[147881.59500001,170463.72900034],[147881.297,170465.19100036],[147879.629,170472.59100035],[147879.19366572,170474.50816368]]]},"geometry_name":"GEOM","properties":{"INSPIRE_ID":"https://databrussels.be/id/streetsurface/44288","TYPE":"S","STREET_ID":"https://databrussels.be/id/streetname/5966","STRNAMEFRE":"Boulevard Poincaré","STRNAMEDUT":"Poincarélaan","MUNNISCODE":"21004","HIERARCHY":"MAR","LVL":0,"ADMIN":"REGION_RBC","AREA":703},"bbox":[147870.45335245,170395.61773695,147896.96540675,170474.50816368]},{"type":"Feature","id":"StreetSurfaces.fid--324554a4_1a02c2cbca7_-6305","geometry":{"type":"Polygon","coordinates":[[[147897.503,170495.58000034],[147886.81800001,170493.11000034],[147880.32229937,170491.59364997],[147880.12381392,170491.52017905],[147879.93233195,170491.43001751],[147879.74925394,170491.3238248],[147879.57591893,170491.2023776],[147879.32841774,170490.99790623],[147879.11381139,170490.75913963],[147878.93680205,170490.49130933],[147878.80126811,170490.20028367],[147878.72892189,170489.91366494],[147878.70097718,170489.61938044],[147878.71808326,170489.32426748],[147878.77984267,170489.03518263],[147878.86778369,170488.80015586],[147878.98461521,170488.5780712],[147879.12847793,170488.37246302],[147879.29708232,170488.18660349],[147879.48774512,170488.02345048],[147879.697,170487.88600034],[147879.93639524,170487.76663365],[147880.18887021,170487.67995647],[147880.45051583,170487.62705932],[147880.71683336,170487.6088517],[147880.9832437,170487.62564668],[147881.24516618,170487.67715549],[147886.98199999,170489.01400036],[147898.405,170491.65100034],[147901.09748306,170492.28298876],[147901.30545003,170492.33159708],[147901.33666755,170492.33912485],[147901.52035875,170492.38158057],[147901.69932435,170492.44087863],[147901.87202368,170492.51650857],[147902.03697002,170492.6078193],[147902.25462979,170492.76241136],[147902.45012423,170492.94422555],[147902.62007322,170493.15011828],[147902.76153833,170493.37652964],[147902.8921782,170493.67227912],[147902.97352197,170493.98519719],[147903.00344926,170494.30712713],[147902.98117998,170494.62967729],[147902.89734113,170494.95610534],[147902.76061011,170495.26414568],[147902.57476164,170495.54529432],[147902.34492636,170495.79178969],[147902.07744928,170495.99682684],[147901.77971457,170496.15474538],[147901.48650438,170496.25975236],[147901.18091503,170496.31986755],[147900.86977834,170496.33374701],[147900.5600501,170496.30108045],[147900.40555925,170496.24057089],[147900.26739797,170496.20913929],[147897.503,170495.58000034]]]},"geometry_name":"GEOM","properties":{"INSPIRE_ID":"https://databrussels.be/id/streetsurface/45584","TYPE":"M","STREET_ID":"https://databrussels.be/id/streetname/679","STRNAMEFRE":"Porte d'Anderlecht","STRNAMEDUT":"Anderlechtsepoort","MUNNISCODE":"21004","HIERARCHY":"MAR","LVL":0,"ADMIN":"REGION_RBC","AREA":96},"bbox":[147878.70097718,170487.6088517,147903.00344926,170496.33374701]},{"type":"Feature","id":"StreetSurfaces.fid--324554a4_1a02c2cbca7_-630a","geometry":{"type":"Polygon","coordinates":[[[147880.45051583,170487.62705932],[147880.18887021,170487.67995647],[147879.93639524,170487.76663365],[147879.69743201,170487.88560051],[147879.602364,170487.94809904],[147881.83758567,170478.27191927],[147886.39200001,170479.32400035],[147898.15599999,170482.00900034],[147903.03643661,170483.11209346],[147901.09748306,170492.28298876],[147898.405,170491.65100034],[147886.98199999,170489.01400036],[147881.24516618,170487.67715549],[147880.9832437,170487.62564668],[147880.71683336,170487.6088517],[147880.45051583,170487.62705932]]]},"geometry_name":"GEOM","properties":{"INSPIRE_ID":"https://databrussels.be/id/streetsurface/45586","TYPE":"S","STREET_ID":"https://databrussels.be/id/streetname/679","STRNAMEFRE":"Porte d'Anderlecht","STRNAMEDUT":"Anderlechtsepoort","MUNNISCODE":"21004","HIERARCHY":"MAR","LVL":0,"ADMIN":"REGION_RBC","AREA":204},"bbox":[147879.602364,170478.27191927,147903.03643661,170492.28298876]},{"type":"Feature","id":"StreetSurfaces.fid--324554a4_1a02c2cbca7_-6304","geometry":{"type":"Polygon","coordinates":[[[147879.74925394,170491.3238248],[147879.93233195,170491.43001751],[147880.12381392,170491.52017905],[147880.32229937,170491.59364997],[147886.81800001,170493.11000034],[147897.503,170495.58000034],[147900.26739797,170496.20913929],[147898.12950891,170506.32096312],[147897.85174174,170506.05868341],[147897.40395961,170505.68543088],[147896.925,170505.35300034],[147896.41900001,170505.06500035],[147895.88900001,170504.82200035],[147895.38199999,170504.66000034],[147893.427,170504.16900035],[147876.74850836,170500.30231901],[147878.99465495,170490.57884572],[147879.11381139,170490.75913963],[147879.32841774,170490.99790623],[147879.57591893,170491.2023776],[147879.74925394,170491.3238248]]]},"geometry_name":"GEOM","properties":{"INSPIRE_ID":"https://databrussels.be/id/streetsurface/45587","TYPE":"S","STREET_ID":"https://databrussels.be/id/streetname/679","STRNAMEFRE":"Porte d'Anderlecht","STRNAMEDUT":"Anderlechtsepoort","MUNNISCODE":"21004","HIERARCHY":"MAR","LVL":0,"ADMIN":"REGION_RBC","AREA":207},"bbox":[147876.74850836,170490.57884572,147900.26739797,170506.32096312]},{"type":"Feature","id":"StreetSurfaces.fid--324554a4_1a02c2cbca7_-6308","geometry":{"type":"Polygon","coordinates":[[[147906.82320533,170510.44408198],[147906.63014328,170510.48197936],[147906.44169412,170510.53851324],[147906.42034966,170510.54705921],[147899.55459945,170508.89415811],[147899.43535383,170508.45116152],[147899.2776419,170508.02035711],[147899.08299999,170507.60500034],[147898.852,170507.20900034],[147898.63099999,170506.89700035],[147898.39000001,170506.60100034],[147898.12950891,170506.32096312],[147900.26739797,170496.20913929],[147900.40555925,170496.24057089],[147900.5600501,170496.30108045],[147900.86977834,170496.33374701],[147901.18091503,170496.31986755],[147901.48650438,170496.25975236],[147901.77971457,170496.15474538],[147902.07744928,170495.99682684],[147902.34492636,170495.79178969],[147902.57476164,170495.54529432],[147902.76061011,170495.26414568],[147902.89734113,170494.95610534],[147902.98117998,170494.62967729],[147903.00344926,170494.30712713],[147902.97352197,170493.98519719],[147902.8921782,170493.67227912],[147902.76153833,170493.37652964],[147902.62007322,170493.15011828],[147902.45012423,170492.94422555],[147902.25462979,170492.76241136],[147902.03697002,170492.6078193],[147901.87202368,170492.51650857],[147901.69932435,170492.44087863],[147901.52035875,170492.38158057],[147901.33666755,170492.33912485],[147901.09748306,170492.28298876],[147903.03643661,170483.11209346],[147903.35899999,170483.18500034],[147903.56500001,170483.24200035],[147903.775,170483.28200034],[147903.98800001,170483.30400034],[147904.202,170483.30800034],[147904.41400001,170483.29600035],[147904.625,170483.26500036],[147904.83099999,170483.21600035],[147905.03299999,170483.15000034],[147905.323,170483.01300036],[147905.59168516,170482.83765626],[147905.83337411,170482.62705565],[147906.04375257,170482.3851733],[147906.21881038,170482.11661989],[147906.321,170481.87700034],[147911.85323512,170483.27635103],[147911.49459513,170484.77551994],[147911.45648513,170484.94699595],[147911.45129512,170485.12257914],[147911.4792102,170485.29600676],[147911.5392347,170485.46109296],[147911.61043262,170485.5844349],[147911.69937175,170485.69566533],[147911.80402865,170485.79225368],[147911.92202231,170485.87200249],[147912.04573086,170485.93212722],[147912.17678613,170485.97388012],[147906.82320533,170510.44408198]]]},"geometry_name":"GEOM","properties":{"INSPIRE_ID":"https://databrussels.be/id/streetsurface/45588","TYPE":"IC","STREET_ID":"https://databrussels.be/id/streetname/679","STRNAMEFRE":"Porte d'Anderlecht","STRNAMEDUT":"Anderlechtsepoort","MUNNISCODE":"21004","HIERARCHY":"MAR","LVL":0,"ADMIN":"REGION_RBC","AREA":246},"bbox":[147898.12950891,170481.87700034,147912.17678613,170510.54705921]},{"type":"Feature","id":"StreetSurfaces.fid--324554a4_1a02c2cbca7_-6251","geometry":{"type":"Polygon","coordinates":[[[147703.78244712,170067.66863114],[147703.954,170067.85400034],[147706.171,170067.35100035],[147706.41400001,170067.61100034],[147710.44300001,170071.97500035],[147709.76600001,170074.16100034],[147711.18099999,170075.67200035],[147713.35699999,170075.11500036],[147713.6,170075.37700035],[147717.64200001,170079.74000036],[147716.98199999,170081.94500035],[147718.398,170083.48800036],[147720.598,170082.95400034],[147720.83399999,170083.20500034],[147724.86700001,170087.55000035],[147724.225,170089.77000035],[147725.63499999,170091.30800034],[147727.91359301,170090.83228334],[147728.130952,170091.06713435],[147732.105,170095.36100034],[147731.396,170097.52500035],[147732.83199999,170099.08100034],[147735.06600001,170098.57000035],[147735.29100001,170098.81300036],[147738.90699999,170102.67800034],[147738.403,170105.06700035],[147739.91059392,170106.67603692],[147737.65675392,170116.22010077],[147737.478,170115.98600033],[147732.68199999,170110.81500035],[147730.44400001,170111.32300035],[147726.38499999,170106.94300035],[147726.15999999,170106.69500035],[147726.88299999,170104.55200035],[147725.453,170103.00600034],[147723.24400001,170103.54600035],[147719.205,170099.16800035],[147718.977,170098.92000035],[147719.69000001,170096.76200034],[147718.272,170095.23400034],[147716.022,170095.71900035],[147711.977,170091.35400034],[147711.76400001,170091.11200033],[147712.41199999,170088.90500034],[147711.00999999,170087.38600034],[147708.78800001,170087.90100034],[147704.76600001,170083.55100035],[147704.531,170083.28800036],[147705.22000001,170081.12300035],[147703.823,170079.61100034],[147701.572,170080.10700034],[147697.504,170075.71600036],[147697.29400001,170075.48400034],[147697.6518744,170074.22291912],[147703.78244712,170067.66863114]]]},"geometry_name":"GEOM","properties":{"INSPIRE_ID":"https://databrussels.be/id/streetsurface/50","TYPE":"S","STREET_ID":"https://databrussels.be/id/streetname/3933","STRNAMEFRE":"Rue Brogniez","STRNAMEDUT":"Brogniezstraat","MUNNISCODE":"21001","HIERARCHY":"DR","LVL":0,"ADMIN":"MUN_RBC","AREA":595},"bbox":[147697.29400001,170067.35100035,147739.91059392,170116.22010077]},{"type":"Feature","id":"StreetSurfaces.fid--324554a4_1a02c2cbca7_-62d9","geometry":{"type":"Polygon","coordinates":[[[147754.34472412,170518.95895593],[147740.16765804,170518.81110511],[147740.46215902,170517.10054555],[147736.75809593,170514.01786919],[147734.14028003,170514.98266479],[147727.81562515,170501.68685237],[147729.764,170501.021],[147731.614,170500.577],[147733.096,170500.255],[147734.79,170500.069],[147736.301,170499.998],[147737.567,170500.172],[147739.112,170500.464],[147740.789,170500.71],[147742.051,170501.083],[147743.058,170501.431],[147744.442,170502.054],[147745.543,170502.647],[147746.978,170503.456],[147748.256,170504.447],[147749.34,170505.455],[147750.267,170506.518],[147751.388,170508.139],[147752.319,170509.867],[147753.14,170511.95],[147753.681,170513.636],[147753.965,170514.766],[147754.197,170516.134],[147754.379,170517.163],[147754.353,170518.763],[147754.34472412,170518.95895593]]]},"geometry_name":"GEOM","properties":{"INSPIRE_ID":"https://databrussels.be/id/streetsurface/52335","TYPE":"S","STREET_ID":"https://databrussels.be/id/streetname/6003","STRNAMEFRE":"Parc de la Rosée","STRNAMEDUT":"Dauwpark","MUNNISCODE":"21001","HIERARCHY":"T","LVL":0,"ADMIN":"UNKNOWN","AREA":334},"bbox":[147727.81562515,170499.998,147754.379,170518.95895593]},{"type":"Feature","id":"StreetSurfaces.fid--324554a4_1a02c2cbca7_-62e2","geometry":{"type":"Polygon","coordinates":[[[147742.102,170436.21],[147741.11405497,170440.70655069],[147733.89179222,170437.33278191],[147723.86026354,170493.99425758],[147727.81562515,170501.68685237],[147716.663,170509.131],[147714.136,170507.399],[147711.87622589,170506.51914117],[147712.81,170499.2],[147722.59,170435.06],[147723.289,170431.504],[147724.22288092,170422.81586486],[147728.79,170425.114],[147732.406,170427.278],[147736.326,170429.135],[147743.798605,170432.587854],[147742.102,170436.21]]]},"geometry_name":"GEOM","properties":{"INSPIRE_ID":"https://databrussels.be/id/streetsurface/52337","TYPE":"S","STREET_ID":"https://databrussels.be/id/streetname/6003","STRNAMEFRE":"Parc de la Rosée","STRNAMEDUT":"Dauwpark","MUNNISCODE":"21001","HIERARCHY":"T","LVL":0,"ADMIN":"UNKNOWN","AREA":994},"bbox":[147711.87622589,170422.81586486,147743.798605,170509.131]},{"type":"Feature","id":"StreetSurfaces.fid--324554a4_1a02c2cbca7_-62dc","geometry":{"type":"Polygon","coordinates":[[[147782.262,170540.37],[147784.421,170520.973],[147785.476,170520.08],[147786.594,170519.149],[147787.212,170518.539],[147787.665,170518.044],[147788.152,170517.193],[147788.83,170515.864],[147789.558,170514.628],[147790.753,170513.036],[147792.307,170511.119],[147794.666,170508.245],[147795.348,170507.369],[147796.06,170506.471],[147796.742,170505.561],[147797.496,170504.291],[147798.245,170502.788],[147801.003,170496.748],[147804.019,170490.77],[147809.844,170478.871],[147810.484,170477.52],[147810.899,170476.132],[147811.116,170474.976],[147811.188,170473.871],[147811.133,170472.512],[147811.074,170470.717],[147811.121,170470.408],[147813.05650028,170466.00859599],[147816.01273333,170467.45178719],[147813.672,170471.231],[147813.638,170471.545],[147813.722,170473.145],[147813.675,170474.199],[147813.628,170475.237],[147813.565,170475.935],[147813.365,170476.871],[147813.031,170477.959],[147812.556,170479.195],[147810.73,170483.085],[147807.197,170490.324],[147807.366,170491.112],[147807.717,170492.157],[147808.39,170493.576],[147809.194,170494.889],[147810.147,170496.239],[147811.93203223,170497.12753167],[147809.471,170502.071],[147821.762,170508.137],[147815.22917924,170542.10985906],[147814.01,170548.45],[147813.58,170551.55],[147819.72,170558.47],[147823.57,170559],[147818.884,170565.545],[147826.639,170568.84],[147826.03,170571.37],[147840.721,170574.462],[147837.506,170590.51],[147837.398,170590.488],[147822.377,170579.175],[147821.249,170580.922],[147807.49038213,170570.91363725],[147807.066,170568.807],[147806.838,170568.104],[147806.465,170567.3],[147805.877,170566.262],[147805.301,170565.669],[147804.391,170564.852],[147803.24,170564.081],[147801.517,170563.077],[147799.562,170561.857],[147798.101,170560.913],[147797.538,170560.519],[147796.56,170559.761],[147795.887,170559.071],[147795.185,170558.224],[147794.855,170557.631],[147794.161,170556.597],[147793.725,170555.713],[147793.45,170555.107],[147793.154,170554.421],[147792.735,170553.663],[147792.405,170553.087],[147791.808,170552.482],[147791.143,170551.978],[147790.568,170551.664],[147782.262,170540.37]]]},"geometry_name":"GEOM","properties":{"INSPIRE_ID":"https://databrussels.be/id/streetsurface/52339","TYPE":"S","STREET_ID":"https://databrussels.be/id/streetname/6003","STRNAMEFRE":"Parc de la Rosée","STRNAMEDUT":"Dauwpark","MUNNISCODE":"21001","HIERARCHY":"T","LVL":0,"ADMIN":"UNKNOWN","AREA":2353},"bbox":[147782.262,170466.00859599,147840.721,170590.51]},{"type":"Feature","id":"StreetSurfaces.fid--324554a4_1a02c2cbca7_-629f","geometry":{"type":"Polygon","coordinates":[[[147655.04470034,170257.62853326],[147658.35999999,170260.27800034],[147657.21500001,170261.77800034],[147657.33900001,170261.90900034],[147655.602,170264.08100034],[147656.36300001,170264.71000034],[147657.06176403,170265.06512562],[147656.69000001,170265.54500035],[147654.77395659,170268.01823798],[147654.19000001,170268.04000035],[147653.34000001,170268.24000036],[147652.8,170267.89000035],[147650.92,170266.69000036],[147649.42999999,170265.59000036],[147648.93715384,170265.3709576],[147651.83199999,170261.70200034],[147655.04470034,170257.62853326]]]},"geometry_name":"GEOM","properties":{"INSPIRE_ID":"https://databrussels.be/id/streetsurface/5241","TYPE":"S","STREET_ID":"https://databrussels.be/id/streetname/5130","STRNAMEFRE":"Rue Docteur De Meersman","STRNAMEDUT":"Dokter De Meersmanstraat","MUNNISCODE":"21001","HIERARCHY":"DR","LVL":0,"ADMIN":"MUN_RBC","AREA":50},"bbox":[147648.93715384,170257.62853326,147658.35999999,170268.24000036]},{"type":"Feature","id":"StreetSurfaces.fid--324554a4_1a02c2cbca7_-627d","geometry":{"type":"Polygon","coordinates":[[[147551.47754991,170176.46427931],[147553.59000001,170178.63100034],[147555.83614261,170180.83210992],[147552.826144,170184.10562636],[147548.83,170188.44000036],[147521.00999999,170219.16000034],[147499.02000001,170243.37000035],[147479.077563,170265.47788335],[147470.1191,170275.31465634],[147469.25133257,170276.33093966],[147469.12915754,170276.49811107],[147466.455,170274.84000036],[147465.26913729,170274.10072555],[147466.39637001,170272.79237434],[147465.12502666,170271.68718757],[147473.35999999,170262.46000034],[147489.49000001,170244.24000036],[147503.10999999,170229.71000034],[147519.34000001,170211.68000034],[147533.17,170196.43000034],[147548.50999999,170179.66000034],[147551.47754991,170176.46427931]]]},"geometry_name":"GEOM","properties":{"INSPIRE_ID":"https://databrussels.be/id/streetsurface/5274","TYPE":"S","STREET_ID":"https://databrussels.be/id/streetname/4519","STRNAMEFRE":"Rue Bissé","STRNAMEDUT":"Bisséstraat","MUNNISCODE":"21001","HIERARCHY":"DR","LVL":0,"ADMIN":"MUN_RBC","AREA":809},"bbox":[147465.12502666,170176.46427931,147555.83614261,170276.49811107]},{"type":"Feature","id":"StreetSurfaces.fid--324554a4_1a02c2cbca7_-62b6","geometry":{"type":"Polygon","coordinates":[[[147595.50496881,170348.4308515],[147595.993804,170347.90045134],[147597.33033099,170345.98195535],[147595.58591776,170344.64721202],[147597.82000001,170341.78000034],[147612.94300001,170322.37200035],[147614.56199999,170323.55900034],[147615.68900001,170322.05000035],[147618.31500001,170324.11500036],[147622.90134847,170327.51566318],[147622.76099999,170327.68700034],[147621.23699999,170326.57100035],[147620.08299999,170327.99500035],[147621.628,170329.13500034],[147604.21504169,170351.39071623],[147602.77401199,170350.24235734],[147602.45431399,170350.65636834],[147602.33369014,170350.82561864],[147598.602,170349.41100034],[147595.50496881,170348.4308515]]]},"geometry_name":"GEOM","properties":{"INSPIRE_ID":"https://databrussels.be/id/streetsurface/5673","TYPE":"S","STREET_ID":"https://databrussels.be/id/streetname/5130","STRNAMEFRE":"Rue Docteur De Meersman","STRNAMEDUT":"Dokter De Meersmanstraat","MUNNISCODE":"21001","HIERARCHY":"DR","LVL":0,"ADMIN":"MUN_RBC","AREA":337},"bbox":[147595.50496881,170322.05000035,147622.90134847,170351.39071623]},{"type":"Feature","id":"StreetSurfaces.fid--324554a4_1a02c2cbca7_-630b","geometry":{"type":"Polygon","coordinates":[[[148018.15927138,170477.72297953],[148020.68800001,170479.12600034],[148022.07972229,170479.89783765],[148021.9309571,170480.03304487],[148021.71413867,170480.2503363],[148021.51103582,170480.47871734],[148021.38731525,170480.6317804],[148021.12230041,170481.00419708],[148019.42690773,170484.17935363],[148020.85809462,170484.88169018],[148009.23900001,170507.38400034],[147999.93578289,170525.36508521],[147998.29844723,170524.62436696],[147997.66332924,170526.0477723],[147996.47723994,170528.5438296],[147995.35899999,170528.05200034],[147993.06496835,170527.04355909],[147996.18499999,170520.32800034],[148000,170512.95900034],[148008.503,170496.53400034],[148017.08399999,170480.01900035],[148017.82000001,170478.58900035],[148018.15927138,170477.72297953]]]},"geometry_name":"GEOM","properties":{"INSPIRE_ID":"https://databrussels.be/id/streetsurface/5767","TYPE":"S","STREET_ID":"https://databrussels.be/id/streetname/2767","STRNAMEFRE":"Rue Froebel","STRNAMEDUT":"Froebelstraat","MUNNISCODE":"21004","HIERARCHY":"DR","LVL":0,"ADMIN":"MUN_RBC","AREA":294},"bbox":[147993.06496835,170477.72297953,148022.07972229,170528.5438296]},{"type":"Feature","id":"StreetSurfaces.fid--324554a4_1a02c2cbca7_-62d4","geometry":{"type":"Polygon","coordinates":[[[147561.41992147,170397.46922671],[147559.94470964,170399.08845516],[147554.36821425,170393.98447317],[147556.02679517,170392.15981227],[147557.28543561,170393.26667317],[147558.69719684,170391.71557971],[147557.4729979,170390.55847913],[147566.83974721,170380.28649627],[147568.07694264,170381.45240821],[147569.54176786,170379.89802571],[147568.28638091,170378.75172714],[147576.37161722,170369.89706725],[147577.59465561,170371.03570119],[147579.48777452,170368.96288],[147580.16113851,170368.219917],[147580.57269561,170367.70525051],[147580.92633309,170367.14426829],[147581.23877575,170366.47895502],[147584.44000068,170367.63499845],[147587.6210264,170368.82293905],[147583.16521947,170373.66949869],[147581.91363115,170375.05005299],[147583.14809611,170376.21856655],[147575.0437278,170385.05390443],[147573.81021338,170383.9318575],[147572.38121514,170385.48028101],[147573.59574611,170386.65047256],[147564.32846682,170396.77798644],[147563.09113238,170395.65947551],[147561.41992147,170397.46922671]]]},"geometry_name":"GEOM","properties":{"INSPIRE_ID":"https://databrussels.be/id/streetsurface/5809","TYPE":"S","STREET_ID":"https://databrussels.be/id/streetname/3948","STRNAMEFRE":"Rue de Liverpool","STRNAMEDUT":"Liverpoolstraat","MUNNISCODE":"21001","HIERARCHY":"DR","LVL":0,"ADMIN":"MUN_RBC","AREA":326},"bbox":[147554.36821425,170366.47895502,147587.6210264,170399.08845516]},{"type":"Feature","id":"StreetSurfaces.fid--324554a4_1a02c2cbca7_-62af","geometry":{"type":"Polygon","coordinates":[[[147638.49294863,170268.13890256],[147639.58599999,170268.97000035],[147642.10349891,170270.88431693],[147634.34000001,170280.74000035],[147619.14000001,170300.16000034],[147617.42,170302.61000034],[147617.05999999,170303.37000035],[147616.97000001,170304.36000034],[147617.1,170305.26000034],[147617.45999999,170306.04000036],[147618.08,170306.77000035],[147619.64000001,170308.05000035],[147620.40496678,170308.81496712],[147617.16400001,170312.91600036],[147614.62075846,170316.13526844],[147612.44500001,170314.38300034],[147613.425,170313.05700034],[147612.06900001,170312.09800035],[147611.05499999,170313.36500036],[147605.78299999,170309.52200035],[147611.85999999,170302.23700034],[147613.30899999,170303.37200035],[147614.4,170302.04900035],[147612.93699999,170300.89100035],[147621.56500001,170289.68700033],[147623.01400001,170290.82200035],[147624.105,170289.49900035],[147622.64200001,170288.34100036],[147630.68599999,170277.80000035],[147632.13499999,170278.93500034],[147633.226,170277.61300036],[147631.76300001,170276.45500034],[147638.49294863,170268.13890256]]]},"geometry_name":"GEOM","properties":{"INSPIRE_ID":"https://databrussels.be/id/streetsurface/5923","TYPE":"S","STREET_ID":"https://databrussels.be/id/streetname/5130","STRNAMEFRE":"Rue Docteur De Meersman","STRNAMEDUT":"Dokter De Meersmanstraat","MUNNISCODE":"21001","HIERARCHY":"DR","LVL":0,"ADMIN":"MUN_RBC","AREA":291},"bbox":[147605.78299999,170268.13890256,147642.10349891,170316.13526844]},{"type":"Feature","id":"StreetSurfaces.fid--324554a4_1a02c2cbca7_-62a6","geometry":{"type":"Polygon","coordinates":[[[147664.28248799,170275.23280255],[147666.226,170272.91800035],[147668.30054588,170270.44713146],[147669.51300001,170271.36400036],[147670.69000001,170269.92800034],[147679.66300001,170276.53000034],[147672.17999999,170285.77600034],[147670.71700001,170284.61800035],[147669.64000001,170285.96400036],[147671.08900001,170287.09900035],[147663.379,170297.09400035],[147661.91700001,170295.93600034],[147660.83900001,170297.28100034],[147662.28900001,170298.41700036],[147652.28,170311.32700034],[147650.81800001,170310.16900035],[147649.74000001,170311.51400036],[147651.19000001,170312.65000035],[147642.35599999,170324.16600035],[147640.89300001,170323.00800034],[147639.81600001,170324.35300034],[147641.26500001,170325.48900036],[147635.78699999,170333.05700034],[147630.873,170328.96600035],[147631.96400001,170327.64300035],[147630.501,170326.48500034],[147629.424,170327.83000034],[147626.97599769,170325.66527399],[147629.53900001,170322.26600035],[147632.43819606,170318.42142707],[147632.63,170318.39000036],[147633.02000001,170318.58000034],[147633.78,170319.05000035],[147635.448,170320.40900034],[147636.28499999,170320.87400035],[147637.12000001,170321.07500035],[147638.028,170321.02700034],[147638.98099999,170320.74500035],[147639.66400001,170320.25000035],[147661.65,170291.93000034],[147665.88,170286.47000035],[147667.85,170283.90000035],[147668.3,170282.78000034],[147668.48,170281.81000034],[147668.39000001,170280.95000035],[147667.79000001,170279.99000036],[147667.10999999,170279.18000034],[147664.52000001,170277.17000035],[147664.42999999,170277.06000034],[147664.40999999,170276.52000035],[147664.33,170275.45000035],[147664.28248799,170275.23280255]]]},"geometry_name":"GEOM","properties":{"INSPIRE_ID":"https://databrussels.be/id/streetsurface/6206","TYPE":"S","STREET_ID":"https://databrussels.be/id/streetname/5130","STRNAMEFRE":"Rue Docteur De Meersman","STRNAMEDUT":"Dokter De Meersmanstraat","MUNNISCODE":"21001","HIERARCHY":"DR","LVL":0,"ADMIN":"MUN_RBC","AREA":451},"bbox":[147626.97599769,170269.92800034,147679.66300001,170333.05700034]},{"type":"Feature","id":"StreetSurfaces.fid--324554a4_1a02c2cbca7_-6258","geometry":{"type":"Polygon","coordinates":[[[147748.92839794,170052.92011668],[147750.03093092,170059.22918986],[147747.31700001,170059.69700035],[147745.772,170061.97000035],[147727.51800001,170065.09500035],[147725.31183252,170065.38449138],[147723.08800001,170065.31000034],[147721.97034276,170065.07897927],[147720.87741191,170064.7283342],[147719.82814603,170064.2630484],[147718.84000001,170063.69200035],[147709.54100001,170057.54200035],[147709.246,170057.34500035],[147708.68265417,170054.84321255],[147717.52478459,170052.62609509],[147722.54300001,170055.92600035],[147722.88499999,170058.39400035],[147723.85699999,170058.77100035],[147724.904,170058.83700034],[147725.897,170058.73700033],[147726.902,170058.58700034],[147727.78900001,170056.40400034],[147733.98499999,170055.36500036],[147735.46800001,170057.13800036],[147737.523,170056.78900036],[147738.41199999,170054.61300036],[147744.579,170053.54900035],[147746.079,170055.30700034],[147748.14500001,170054.95000035],[147748.92839794,170052.92011668]]]},"geometry_name":"GEOM","properties":{"INSPIRE_ID":"https://databrussels.be/id/streetsurface/624","TYPE":"S","STREET_ID":"https://databrussels.be/id/streetname/1388","STRNAMEFRE":"Square Robert Pequeur","STRNAMEDUT":"Robert Pequeursquare","MUNNISCODE":"21001","HIERARCHY":"DR","LVL":0,"ADMIN":"MUN_RBC","AREA":308},"bbox":[147708.68265417,170052.62609509,147750.03093092,170065.38449138]},{"type":"Feature","id":"StreetSurfaces.fid--324554a4_1a02c2cbca7_-62b8","geometry":{"type":"Polygon","coordinates":[[[147978.09207157,170280.62802552],[147979.98835445,170281.6135595],[147999.83517225,170291.60144733],[147999.99999993,170291.36754612],[148057.66695767,170320.14864839],[148054.846,170321.85300035],[148052.49936693,170323.27049545],[148051.98399999,170322.39100035],[148051.19989557,170321.43884918],[148050.28387744,170320.61282109],[148049.25599999,170319.93100034],[148049.0418113,170319.82119256],[148047.401,170318.98000034],[148046.54100001,170320.63900036],[148015.81600001,170305.28500034],[148016.58499999,170303.67000035],[148014.83900001,170302.74500035],[148013.954,170304.33500034],[147999.99999993,170297.34364065],[147982.73801003,170288.88000306],[147983.49609759,170287.3847325],[147981.85385084,170286.55212909],[147978.48500433,170284.66448419],[147977.29375258,170284.14861145],[147976.14868015,170283.74901669],[147976.96249834,170280.15880183],[147978.09207157,170280.62802552]]]},"geometry_name":"GEOM","properties":{"INSPIRE_ID":"https://databrussels.be/id/streetsurface/6338","TYPE":"S","STREET_ID":"https://databrussels.be/id/streetname/236","STRNAMEFRE":"Rue Bodeghem","STRNAMEDUT":"Bodegemstraat","MUNNISCODE":"21004","HIERARCHY":"DR","LVL":0,"ADMIN":"MUN_RBC","AREA":441},"bbox":[147976.14868015,170280.15880183,148057.66695767,170323.27049545]},{"type":"Feature","id":"StreetSurfaces.fid--324554a4_1a02c2cbca7_-62f9","geometry":{"type":"Polygon","coordinates":[[[147513.15316238,170441.78955091],[147515.26800001,170443.71000034],[147517.71344993,170445.91096462],[147516.39907899,170446.98329633],[147514.94362972,170448.58618115],[147513.735202,170449.91702133],[147514.977073,170451.04268135],[147506.973454,170459.88524734],[147505.740274,170458.77659033],[147504.30118501,170460.33749036],[147505.54038701,170461.46311535],[147497.626983,170470.17484335],[147496.39830999,170469.05524434],[147495.13974462,170470.4242015],[147493.996665,170471.66754335],[147493.50721941,170472.28648263],[147493.0948231,170472.96635104],[147492.92231343,170473.35169564],[147490.33993409,170471.26741642],[147488.17330582,170469.30345496],[147491.97374101,170465.17576135],[147490.737095,170464.02461635],[147494.36263001,170460.03241833],[147504.13092101,170449.27359635],[147505.370927,170450.37280034],[147509.27859099,170446.07466134],[147513.15316238,170441.78955091]]]},"geometry_name":"GEOM","properties":{"INSPIRE_ID":"https://databrussels.be/id/streetsurface/6584","TYPE":"S","STREET_ID":"https://databrussels.be/id/streetname/3948","STRNAMEFRE":"Rue de Liverpool","STRNAMEDUT":"Liverpoolstraat","MUNNISCODE":"21001","HIERARCHY":"DR","LVL":0,"ADMIN":"MUN_RBC","AREA":292},"bbox":[147488.17330582,170441.78955091,147517.71344993,170473.35169564]},{"type":"Feature","id":"StreetSurfaces.fid--324554a4_1a02c2cbca7_-6293","geometry":{"type":"Polygon","coordinates":[[[147731.69086223,170182.14290227],[147727.92999999,170199.58000034],[147725.18000274,170212.695939],[147722.21500001,170212.06200034],[147719.30498946,170211.43922855],[147719.37000001,170211.06000034],[147719.37000001,170210.51000034],[147719.25999999,170210.00000035],[147718.99000001,170209.54000036],[147718.14000001,170209.01000034],[147716.8,170208.60000035],[147715.65999999,170208.47000035],[147714.77000001,170208.46000034],[147714.09000001,170208.63000034],[147713.45,170209.11000034],[147713.18422394,170209.44873453],[147709.99400001,170206.94000036],[147706.6717036,170204.32666751],[147725.42999999,170180.79000035],[147728.63,170181.48800036],[147731.69086223,170182.14290227]]]},"geometry_name":"GEOM","properties":{"INSPIRE_ID":"https://databrussels.be/id/streetsurface/7297","TYPE":"I","STREET_ID":"https://databrussels.be/id/streetname/354","STRNAMEFRE":"Rue Otlet","STRNAMEDUT":"Otletstraat","MUNNISCODE":"21001","HIERARCHY":"DR","LVL":0,"ADMIN":"MUN_RBC","AREA":408},"bbox":[147706.6717036,170180.79000035,147731.69086223,170212.695939]},{"type":"Feature","id":"StreetSurfaces.fid--324554a4_1a02c2cbca7_-6279","geometry":{"type":"Polygon","coordinates":[[[147592.24495037,170218.71815328],[147593.40216,170216.87552735],[147593.82302322,170216.02870539],[147594.069187,170215.11566836],[147594.14558957,170214.1825303],[147594.067782,170213.24950835],[147593.82811441,170212.3816219],[147593.45452588,170211.55071785],[147593.19878507,170211.1574099],[147594.75,170208.00000035],[147596.3373302,170204.86338826],[147596.67702427,170205.1510014],[147597.39455779,170205.5195057],[147598.1774262,170205.7138426],[147598.96306701,170205.72578434],[147599.66674726,170205.54849094],[147600.32019851,170205.23289581],[147601.88360457,170202.74794079],[147602.82754838,170201.24758972],[147605.16099999,170204.42400035],[147607.30603612,170207.38119584],[147607.03,170207.82000035],[147606.57000001,170208.99000035],[147606.33483756,170209.959294],[147606.1024538,170211.31204888],[147606.10752499,170212.68460935],[147606.25980609,170213.7278452],[147606.551366,170214.6151534],[147604.83199999,170218.24600035],[147603.34065161,170221.27775804],[147603.199738,170221.13318835],[147602.58925366,170220.74253348],[147601.84767921,170220.47435089],[147601.01487985,170220.38396782],[147600.15899005,170220.50634247],[147599.36134379,170220.83993405],[147598.69256969,170221.34437934],[147598.1932554,170221.95473975],[147597.869275,170222.60307535],[147597.15999999,170223.66000034],[147596.50812378,170224.69464799],[147594.372,170221.83000034],[147592.24495037,170218.71815328]]]},"geometry_name":"GEOM","properties":{"INSPIRE_ID":"https://databrussels.be/id/streetsurface/7511","TYPE":"I","STREET_ID":"https://databrussels.be/id/streetname/1974","STRNAMEFRE":"Rue de la Clinique","STRNAMEDUT":"Kliniekstraat","MUNNISCODE":"21001","HIERARCHY":"DR","LVL":0,"ADMIN":"MUN_RBC","AREA":206},"bbox":[147592.24495037,170201.24758972,147607.30603612,170224.69464799]},{"type":"Feature","id":"StreetSurfaces.fid--324554a4_1a02c2cbca7_-6211","geometry":{"type":"Polygon","coordinates":[[[147560.21044192,170165.11372949],[147556.41900001,170168.84000036],[147553.85174599,170171.35751659],[147553.72890191,170170.95458327],[147553.4041198,170170.34738272],[147551.186094,170168.00650236],[147548.40290899,170167.96841735],[147534.35382633,170153.64602653],[147537.998,170150.03900036],[147540.41577692,170147.76323792],[147541.240925,170148.61597434],[147544.05081699,170148.61810736],[147558.04121201,170162.91856834],[147560.21044192,170165.11372949]]]},"geometry_name":"GEOM","properties":{"INSPIRE_ID":"https://databrussels.be/id/streetsurface/759","TYPE":"S","STREET_ID":"https://databrussels.be/id/streetname/1974","STRNAMEFRE":"Rue de la Clinique","STRNAMEDUT":"Kliniekstraat","MUNNISCODE":"21001","HIERARCHY":"DR","LVL":0,"ADMIN":"MUN_RBC","AREA":260},"bbox":[147534.35382633,170147.76323792,147560.21044192,170171.35751659]},{"type":"Feature","id":"StreetSurfaces.fid--324554a4_1a02c2cbca7_-62c4","geometry":{"type":"Polygon","coordinates":[[[147560.69449005,170406.31024784],[147561.14282899,170406.52956635],[147563.94489601,170407.68440534],[147564.67732515,170405.87925962],[147574.16900001,170409.71000034],[147584.353,170413.81400036],[147600.65999999,170420.84000036],[147638.09000001,170436.54000035],[147664.12000001,170447.13000034],[147666.45999999,170448.05000034],[147667.35639844,170447.96201044],[147666.721,170450.60600034],[147666.44369254,170451.76021501],[147665.82886956,170451.38098806],[147664.09280901,170450.6751948],[147662.35674844,170449.96940154],[147661.80689647,170451.3218887],[147624.07000001,170435.98000034],[147564.748265,170411.54185234],[147562.46183,170410.60457734],[147558.04189663,170408.79271945],[147560.104,170406.89100036],[147560.69449005,170406.31024784]]]},"geometry_name":"GEOM","properties":{"INSPIRE_ID":"https://databrussels.be/id/streetsurface/7876","TYPE":"S","STREET_ID":"https://databrussels.be/id/streetname/1297","STRNAMEFRE":"Rue Broyère","STRNAMEDUT":"Broyèrestraat","MUNNISCODE":"21001","HIERARCHY":"DR","LVL":0,"ADMIN":"MUN_RBC","AREA":565},"bbox":[147558.04189663,170405.87925962,147667.35639844,170451.76021501]},{"type":"Feature","id":"StreetSurfaces.fid--324554a4_1a02c2cbca7_-6289","geometry":{"type":"Polygon","coordinates":[[[147867.10455966,170244.02936772],[147864.34400001,170246.59600035],[147862.95810497,170247.97995254],[147862.503,170247.50600034],[147861.73,170246.88400034],[147860.854,170246.38800036],[147859.91099999,170246.04100035],[147858.93599999,170245.85400034],[147857.99200001,170245.83500034],[147857.04400001,170245.96400036],[147856.129,170246.24000036],[147855.278,170246.65000035],[147854.526,170247.16600035],[147853.847,170247.79100035],[147853.26400001,170248.50500034],[147852.79300001,170249.28700033],[147852.52825022,170249.78610567],[147851.24400001,170248.25200034],[147849.98523972,170246.83660957],[147852.202,170242.03300034],[147852.54424977,170241.19050928],[147852.76008544,170240.29666432],[147852.84013603,170239.38062078],[147852.78399999,170238.47300035],[147852.55103221,170237.58472153],[147852.17060101,170236.74890734],[147851.68760762,170236.00302771],[147853.096,170234.66800035],[147855.91731463,170232.04450396],[147856.926,170233.12000035],[147867.10455966,170244.02936772]]]},"geometry_name":"GEOM","properties":{"INSPIRE_ID":"https://databrussels.be/id/streetsurface/7895","TYPE":"I","STREET_ID":"https://databrussels.be/id/streetname/3933","STRNAMEFRE":"Rue Brogniez","STRNAMEDUT":"Brogniezstraat","MUNNISCODE":"21001","HIERARCHY":"DR","LVL":0,"ADMIN":"MUN_RBC","AREA":150},"bbox":[147849.98523972,170232.04450396,147867.10455966,170249.78610567]},{"type":"Feature","id":"StreetSurfaces.fid--324554a4_1a02c2cbca7_-61fc","geometry":{"type":"Polygon","coordinates":[[[147650.30066714,170031.32989437],[147652.84100001,170028.94600035],[147653.52420914,170028.17500156],[147654.04807212,170027.26280054],[147654.37432783,170026.26275038],[147654.48900001,170025.23900036],[147654.37775812,170024.19105031],[147654.04665101,170023.19057936],[147653.54497511,170022.28409838],[147652.63641524,170021.17071196],[147654.08599999,170019.80800034],[147656.89169347,170017.2129573],[147666.649,170027.73400034],[147667.52634068,170028.66658369],[147664.65,170031.29200036],[147663.23566001,170032.61561398],[147662.30999341,170031.77916874],[147661.29515674,170031.17461163],[147660.18392704,170030.77392305],[147659.03800001,170030.59300035],[147657.87796249,170030.61645683],[147656.72231641,170030.85709091],[147655.63140624,170031.30802063],[147654.65899999,170031.94100036],[147652.62058091,170033.86375588],[147651.45999999,170032.59600035],[147650.30066714,170031.32989437]]]},"geometry_name":"GEOM","properties":{"INSPIRE_ID":"https://databrussels.be/id/streetsurface/8084","TYPE":"I","STREET_ID":"https://databrussels.be/id/streetname/3933","STRNAMEFRE":"Rue Brogniez","STRNAMEDUT":"Brogniezstraat","MUNNISCODE":"21001","HIERARCHY":"DR","LVL":0,"ADMIN":"MUN_RBC","AREA":135},"bbox":[147650.30066714,170017.2129573,147667.52634068,170033.86375588]},{"type":"Feature","id":"StreetSurfaces.fid--324554a4_1a02c2cbca7_-62b0","geometry":{"type":"Polygon","coordinates":[[[147603.34065161,170221.27775804],[147604.83199999,170218.24600035],[147606.551366,170214.6151534],[147607.0987608,170215.68814505],[147607.748346,170216.51854836],[147609.54871399,170218.36115235],[147612.343326,170218.36579834],[147631.75544901,170238.11726335],[147643.544415,170250.09774534],[147642.13792801,170251.45040334],[147643.59257815,170252.94360181],[147641.25,170255.42500034],[147637.70574689,170259.40929617],[147637.086608,170258.80165735],[147638.65655799,170257.33681435],[147637.32838099,170255.96304535],[147635.907285,170257.28899835],[147621.119662,170242.24680334],[147605.166659,170225.98997434],[147604.896521,170225.72914936],[147604.97595799,170222.95549335],[147603.34065161,170221.27775804]]]},"geometry_name":"GEOM","properties":{"INSPIRE_ID":"https://databrussels.be/id/streetsurface/8103","TYPE":"S","STREET_ID":"https://databrussels.be/id/streetname/1974","STRNAMEFRE":"Rue de la Clinique","STRNAMEDUT":"Kliniekstraat","MUNNISCODE":"21001","HIERARCHY":"DR","LVL":0,"ADMIN":"MUN_RBC","AREA":521},"bbox":[147603.34065161,170214.6151534,147643.59257815,170259.40929617]},{"type":"Feature","id":"StreetSurfaces.fid--324554a4_1a02c2cbca7_-628d","geometry":{"type":"Polygon","coordinates":[[[147852.52825022,170249.78610567],[147852.46199999,170249.91100034],[147850.705,170253.70300034],[147850.104,170254.96200034],[147851.625,170255.65000035],[147845.89000001,170268.02100035],[147831.30999999,170298.92100035],[147816.83,170329.18100034],[147804.17999999,170355.98100034],[147800.97869456,170362.62579034],[147797.68800001,170361.06800035],[147794.45166149,170359.53622514],[147795.87000001,170356.58000034],[147806.52000001,170334.13000034],[147818.97000001,170307.85000035],[147822.58,170300.08000034],[147835.25999999,170273.45000035],[147845.13154976,170252.63237809],[147846.93299999,170253.45200034],[147847.5,170252.22200035],[147849.98523972,170246.83660957],[147851.24400001,170248.25200034],[147852.52825022,170249.78610567]]]},"geometry_name":"GEOM","properties":{"INSPIRE_ID":"https://databrussels.be/id/streetsurface/8104","TYPE":"S","STREET_ID":"https://databrussels.be/id/streetname/2935","STRNAMEFRE":"Rue Plantin","STRNAMEDUT":"Plantinstraat","MUNNISCODE":"21001","HIERARCHY":"DR","LVL":0,"ADMIN":"MUN_RBC","AREA":883},"bbox":[147794.45166149,170246.83660957,147852.52825022,170362.62579034]},{"type":"Feature","id":"StreetSurfaces.fid--324554a4_1a02c2cbca7_-6202","geometry":{"type":"Polygon","coordinates":[[[147618.38401098,169975.81097359],[147619.54300001,169977.07200035],[147620.85999999,169975.81100034],[147628.955,169984.58100034],[147638.31400001,169994.68500034],[147643.23043799,170000.00400034],[147645.71500001,170002.69200035],[147657.802,170015.75800034],[147658.10774069,170016.08821048],[147656.89169347,170017.2129573],[147654.08599999,170019.80800034],[147652.63641524,170021.17071196],[147652.573,170021.09300035],[147649.605,170023.77800034],[147642.149,170015.80000035],[147633.497,170006.47700034],[147632.299,170005.17800034],[147629.045,170001.68400034],[147622.76099999,169994.92000035],[147612.29000001,169983.63600034],[147615.28,169980.89300035],[147613.93318787,169979.45148715],[147615.301,169978.35000035],[147618.38401098,169975.81097359]]]},"geometry_name":"GEOM","properties":{"INSPIRE_ID":"https://databrussels.be/id/streetsurface/8138","TYPE":"S","STREET_ID":"https://databrussels.be/id/streetname/3933","STRNAMEFRE":"Rue Brogniez","STRNAMEDUT":"Brogniezstraat","MUNNISCODE":"21001","HIERARCHY":"DR","LVL":0,"ADMIN":"MUN_RBC","AREA":644},"bbox":[147612.29000001,169975.81097359,147658.10774069,170023.77800034]},{"type":"Feature","id":"StreetSurfaces.fid--324554a4_1a02c2cbca7_-62ef","geometry":{"type":"Polygon","coordinates":[[[147767.24140463,170421.58835767],[147769.711396,170416.75459036],[147767.8311532,170415.81330167],[147776.6,170397.23000034],[147786.25999999,170376.61000034],[147788.62523243,170371.68017667],[147792.01600001,170373.28500034],[147795.19864931,170374.79132329],[147788.98,170387.77100035],[147774.18699999,170418.92300035],[147772.96300001,170418.32400035],[147770.57901185,170423.04699572],[147768.672,170422.23800036],[147767.24140463,170421.58835767]]]},"geometry_name":"GEOM","properties":{"INSPIRE_ID":"https://databrussels.be/id/streetsurface/8514","TYPE":"S","STREET_ID":"https://databrussels.be/id/streetname/2935","STRNAMEFRE":"Rue Plantin","STRNAMEDUT":"Plantinstraat","MUNNISCODE":"21001","HIERARCHY":"DR","LVL":0,"ADMIN":"MUN_RBC","AREA":369},"bbox":[147767.24140463,170371.68017667,147795.19864931,170423.04699572]},{"type":"Feature","id":"StreetSurfaces.fid--324554a4_1a02c2cbca7_-62f4","geometry":{"type":"Polygon","coordinates":[[[147528.36103075,170441.89557797],[147528.91253212,170442.79227217],[147530.029407,170444.00871035],[147531.89737599,170445.70670034],[147533.12159901,170444.37712735],[147551.46099999,170461.53000034],[147550.447,170462.64900035],[147551.90599999,170463.97200035],[147552.921,170462.85300034],[147561.66099999,170470.77500035],[147560.647,170471.89400035],[147562.10599999,170473.21700035],[147563.12000001,170472.09800035],[147584.63800001,170491.60100034],[147583.65699999,170492.75700034],[147585.00699999,170493.99100035],[147593.94400001,170502.15700034],[147595.523,170503.60000035],[147596.61500001,170502.45700034],[147596.73399999,170502.56400036],[147610.204,170514.74300035],[147609.19200001,170515.85100034],[147610.63199999,170517.16600035],[147611.64400001,170516.05800034],[147619.80406971,170523.4667941],[147618.772,170524.59800035],[147620.21199999,170525.91300036],[147621.2478406,170524.77764083],[147624.83,170528.03000034],[147629.50460045,170532.29709555],[147628.45899999,170533.44300035],[147629.899,170534.75800034],[147630.94486489,170533.61180588],[147637.804,170539.87300035],[147636.75699999,170541.02000035],[147638.197,170542.33500034],[147642.29665136,170546.20575138],[147640.95799999,170547.68000034],[147638.49854248,170550.38926088],[147634.73900001,170546.96700035],[147635.93199999,170545.66200033],[147634.49200001,170544.34700035],[147633.298,170545.65500034],[147591.51400001,170507.53600034],[147592.70999999,170506.18800036],[147591.104,170504.77100035],[147582.36199999,170497.05900034],[147580.93499999,170495.79900035],[147579.86500001,170497.00200034],[147545.65,170465.78000034],[147539.89000001,170460.51000034],[147532.15999999,170453.42000035],[147527.991184,170449.97583035],[147529.21575201,170448.63731536],[147527.00462699,170446.55213534],[147526.0515358,170445.77642802],[147525.25766878,170445.34335173],[147526.6,170443.78200034],[147528.36103075,170441.89557797]]]},"geometry_name":"GEOM","properties":{"INSPIRE_ID":"https://databrussels.be/id/streetsurface/8672","TYPE":"S","STREET_ID":"https://databrussels.be/id/streetname/3801","STRNAMEFRE":"Rue Abbé Cuylits","STRNAMEDUT":"Pastoor Cuylitsstraat","MUNNISCODE":"21001","HIERARCHY":"DR","LVL":0,"ADMIN":"MUN_RBC","AREA":1016},"bbox":[147525.25766878,170441.89557797,147642.29665136,170550.38926088]},{"type":"Feature","id":"StreetSurfaces.fid--324554a4_1a02c2cbca7_-62a3","geometry":{"type":"Polygon","coordinates":[[[147638.49294863,170268.13890256],[147641.08900001,170264.93100034],[147642.24500001,170265.84400035],[147643.26800001,170264.64500035],[147642.15,170263.77100035],[147637.70574689,170259.40929617],[147641.25,170255.42500034],[147643.59257815,170252.94360181],[147644.92181106,170251.53559903],[147645.04791346,170251.40202385],[147645.73315697,170250.67617303],[147649.476,170253.80700034],[147648.41099999,170255.10800034],[147649.852,170256.27800034],[147650.848,170254.95300034],[147651.16653597,170254.52924518],[147655.04470034,170257.62853326],[147651.83199999,170261.70200034],[147648.93715384,170265.3709576],[147648.02000001,170265.25000035],[147647.14000001,170265.46000034],[147646.3,170265.88000034],[147644.73,170267.55000035],[147642.10349891,170270.88431693],[147639.58599999,170268.97000035],[147638.49294863,170268.13890256]]]},"geometry_name":"GEOM","properties":{"INSPIRE_ID":"https://databrussels.be/id/streetsurface/8695","TYPE":"I","STREET_ID":"https://databrussels.be/id/streetname/1974","STRNAMEFRE":"Rue de la Clinique","STRNAMEDUT":"Kliniekstraat","MUNNISCODE":"21001","HIERARCHY":"DR","LVL":0,"ADMIN":"MUN_RBC","AREA":167},"bbox":[147637.70574689,170250.67617303,147655.04470034,170270.88431693]},{"type":"Feature","id":"StreetSurfaces.fid--324554a4_1a02c2cbca7_-6215","geometry":{"type":"Polygon","coordinates":[[[147537.41117323,170133.90091921],[147540.48499999,170136.50000035],[147543.1421026,170138.62568242],[147539.47035303,170142.07362987],[147538.97206678,170142.71554095],[147538.6343071,170143.48206147],[147538.49568384,170144.30814799],[147538.55964501,170145.11823934],[147538.98612387,170146.17882496],[147539.725899,170147.05029434],[147540.41577692,170147.76323792],[147537.998,170150.03900036],[147534.35382633,170153.64602653],[147531.656881,170150.89661535],[147526.99486001,170146.16888334],[147523.12487495,170142.21946112],[147526.81199999,170138.66100034],[147529.34590156,170136.26966969],[147530.13801999,170136.70131935],[147531.43964005,170136.96364826],[147532.76705301,170136.93193034],[147533.55556345,170136.76997525],[147534.74607034,170136.33907195],[147535.85999999,170135.32000035],[147537.41117323,170133.90091921]]]},"geometry_name":"GEOM","properties":{"INSPIRE_ID":"https://databrussels.be/id/streetsurface/8920","TYPE":"I","STREET_ID":"https://databrussels.be/id/streetname/1974","STRNAMEFRE":"Rue de la Clinique","STRNAMEDUT":"Kliniekstraat","MUNNISCODE":"21001","HIERARCHY":"DR","LVL":0,"ADMIN":"MUN_RBC","AREA":202},"bbox":[147523.12487495,170133.90091921,147543.1421026,170153.64602653]},{"type":"Feature","id":"StreetSurfaces.fid--324554a4_1a02c2cbca7_-6225","geometry":{"type":"Polygon","coordinates":[[[147993.35595015,170208.50556876],[147994.17516341,170208.81233653],[147997.06707425,170209.99918205],[147997.75560174,170208.11014165],[148000,170209.13400034],[148025.63699999,170221.05000035],[148025.08199999,170222.80500034],[148026.796,170223.42400035],[148027.59500001,170221.86200033],[148054.376,170234.10100034],[148053.73299999,170235.80900034],[148055.48099999,170236.58400034],[148056.26199999,170235.00100034],[148083.529,170247.48200034],[148082.88199999,170249.21700035],[148084.676,170249.89800035],[148085.424,170248.35800034],[148113.955,170261.43000034],[148113.21199999,170263.14400035],[148114.87824812,170263.87469517],[148118.26300001,170265.35900034],[148118.56028843,170265.48341495],[148117.50999999,170266.12400035],[148114.12287254,170268.18985611],[148113.41635308,170267.32744156],[148112.598,170266.62000035],[148103.78299999,170262.59700035],[148070.773,170247.99200035],[148034.28099999,170231.32500035],[148000,170215.64900035],[147993.625,170212.73400034],[147992.5168245,170212.22728132],[147993.35595015,170208.50556876]]]},"geometry_name":"GEOM","properties":{"INSPIRE_ID":"https://databrussels.be/id/streetsurface/9037","TYPE":"S","STREET_ID":"https://databrussels.be/id/streetname/2966","STRNAMEFRE":"Rue d'Artois","STRNAMEDUT":"Artesiëstraat","MUNNISCODE":"21004","HIERARCHY":"DR","LVL":0,"ADMIN":"MUN_RBC","AREA":749},"bbox":[147992.5168245,170208.11014165,148118.56028843,170268.18985611]},{"type":"Feature","id":"StreetSurfaces.fid--324554a4_1a02c2cbca7_-6207","geometry":{"type":"Polygon","coordinates":[[[147871.65264881,170013.58398486],[147871.36600001,170013.31200034],[147863.21300001,170008.76500036],[147862.23499999,170010.47800034],[147857.771,170007.93500034],[147853.73499999,170005.68200034],[147843.66048074,170000.00400034],[147819.476,169986.35500034],[147814.696,169983.65100035],[147815.68399999,169981.91800035],[147813.92999999,169980.92700035],[147812.94200001,169982.66700036],[147751.74000001,169948.19800035],[147752.59500001,169946.73200034],[147752.10699999,169946.48800036],[147750.13199999,169945.42000035],[147749.72269478,169945.23818146],[147750.66099999,169941.49500035],[147750.98429873,169939.99122704],[147752.11300001,169941.02800034],[147754.41600001,169942.65000035],[147754.86099999,169942.90400034],[147756.751,169939.52200035],[147756.88499999,169939.29700035],[147780.04200001,169952.33100034],[147802.73699999,169965.14200035],[147818.29300001,169973.91000034],[147827.45599999,169979.06300036],[147841.84500001,169987.19900035],[147867.28800001,170001.54500035],[147865.274,170005.11100034],[147873.75680571,170009.90105285],[147871.65264881,170013.58398486]]]},"geometry_name":"GEOM","properties":{"INSPIRE_ID":"https://databrussels.be/id/streetsurface/965","TYPE":"S","STREET_ID":"https://databrussels.be/id/streetname/1240","STRNAMEFRE":"Rue de l'Autonomie","STRNAMEDUT":"Zelfbestuursstraat","MUNNISCODE":"21001","HIERARCHY":"DR","LVL":0,"ADMIN":"MUN_RBC","AREA":1357},"bbox":[147749.72269478,169939.29700035,147873.75680571,170013.58398486]},{"type":"Feature","id":"StreetSurfaces.fid--324554a4_1a02c2cbca7_-6259","geometry":{"type":"Polygon","coordinates":[[[147748.92839794,170052.92011668],[147748.90766344,170052.80146667],[147755.14100001,170051.75400034],[147756.704,170053.46800035],[147758.18246088,170053.21144151],[147758.98213918,170057.79414254],[147758.30899999,170058.04700035],[147757.39400001,170058.55000035],[147756.56900001,170059.17200035],[147755.878,170059.94300035],[147755.30599999,170060.81900035],[147754.874,170061.77300035],[147754.73034153,170062.28636059],[147750.5754483,170059.97658428],[147750.76300001,170059.10300034],[147750.03093092,170059.22918986],[147748.92839794,170052.92011668]]]},"geometry_name":"GEOM","properties":{"INSPIRE_ID":"https://databrussels.be/id/streetsurface/985","TYPE":"I","STREET_ID":"https://databrussels.be/id/streetname/1388","STRNAMEFRE":"Square Robert Pequeur","STRNAMEDUT":"Robert Pequeursquare","MUNNISCODE":"21001","HIERARCHY":"DR","LVL":0,"ADMIN":"MUN_RBC","AREA":70},"bbox":[147748.90766344,170051.75400034,147758.98213918,170062.28636059]}],"numberReturned":310,"grand_bruxelles_source":{"authority":"Paradigm / Brussels-Capital Region","service":"https://geoservices-urbis.irisnet.be/geoserver/urbisvector/wfs","layer":"urbisvector:StreetSurfaces","crs":"EPSG:31370","bbox":[147500.0,170000.0,148000.0,170500.0],"cell_id":"bxl-e147500-n170000-s500","ownership":"bbox_intersection_source_unclipped"}}
