{"type":"FeatureCollection","totalFeatures":267,"numberMatched":267,"timeStamp":"2026-08-24T01:24:32.348Z","crs":{"type":"name","properties":{"name":"urn:ogc:def:crs:EPSG::31370"}},"bbox":[151937.998,168664.07680307,152537.62,169831.20319791],"features":[{"type":"Feature","id":"StreetSurfaces.fid-77ff224d_1a03149e4eb_-23b8","geometry":{"type":"Polygon","coordinates":[[[152033.43479967,169480.71828817],[152033.67,169480.85000035],[152033.92999999,169480.98000034],[152034.15999999,169481.08000034],[152034.40999999,169481.16000034],[152034.65,169481.23000034],[152034.94000001,169481.28000034],[152035.23,169481.30000035],[152035.52000001,169481.29000036],[152035.92999999,169481.23000034],[152036.33,169481.13000034],[152036.74000001,169481.02000035],[152045.25999999,169479.32000035],[152045.45,169479.23000034],[152045.65,169479.15000035],[152045.85,169479.05000035],[152046.15999999,169478.90000035],[152046.45,169478.72000035],[152046.72000001,169478.52000035],[152046.9,169478.30000035],[152047.05,169478.07000035],[152047.13382528,169477.94426242],[152051.71500001,169480.50300035],[152056.04128153,169482.91937198],[152055.92,169483.18000034],[152055.84000001,169483.40000035],[152055.8,169483.60000035],[152055.78,169483.81000034],[152055.77000001,169484.02000035],[152055.78,169484.34000036],[152055.80999999,169484.66000034],[152055.84000001,169484.97000035],[152057.02000001,169490.77000035],[152057.09000001,169490.96000034],[152057.15,169491.16000034],[152057.22000001,169491.35000035],[152057.3,169491.54000036],[152057.38,169491.73000034],[152057.48,169491.90000035],[152057.55999999,169491.99000036],[152057.65999999,169492.08000034],[152057.75999999,169492.16000034],[152057.94658878,169492.30570127],[152054.73,169495.96400036],[152052.11792338,169498.93420443],[152049.19000001,169497.20200034],[152047.729,169496.56600036],[152046.15699999,169496.30700034],[152044.56900001,169496.44000036],[152043.06199999,169496.95800034],[152041.728,169497.82800035],[152040.647,169498.99900035],[152037.72196667,169503.07762858],[152034.29000001,169501.66700036],[152032.78395233,169501.04813673],[152035.30899999,169497.31000034],[152035.629,169496.61600036],[152035.75699999,169496.09500035],[152035.849,169495.56600036],[152035.903,169495.03200034],[152035.92,169494.49600035],[152035.899,169493.96000034],[152035.84100001,169493.42600035],[152035.746,169492.89800035],[152035.61400001,169492.37800034],[152035.447,169491.86800035],[152035.24400001,169491.37100035],[152035.00699999,169490.89000036],[152034.73699999,169490.42600035],[152034.43499999,169489.98200034],[152034.104,169489.56000034],[152033.74300001,169489.16300036],[152033.35599999,169488.79100036],[152033.14200001,169488.60700034],[152031.98,169487.60600034],[152030.58399999,169486.64800035],[152029.51093752,169485.97351836],[152030.94400001,169484.05400034],[152033.43479967,169480.71828817]]]},"geometry_name":"GEOM","properties":{"INSPIRE_ID":"https://databrussels.be/id/streetsurface/10262","TYPE":"I","STREET_ID":"https://databrussels.be/id/streetname/2459","STRNAMEFRE":"Rue de la Grande Haie","STRNAMEDUT":"Grote Haagstraat","MUNNISCODE":"21005","HIERARCHY":"DR","LVL":0,"ADMIN":"MUN_RBC","AREA":416},"bbox":[152029.51093752,169477.94426242,152057.94658878,169503.07762858]},{"type":"Feature","id":"StreetSurfaces.fid-77ff224d_1a03149e4eb_-23a5","geometry":{"type":"Polygon","coordinates":[[[152060.41639094,169026.74927584],[152060.06706831,169027.74214343],[152059.49149907,169029.66631416],[152059.24665956,169030.65512432],[152059.00703428,169031.6228763],[152058.88695607,169032.41563083],[152058.92072842,169033.21671631],[152059.10522835,169033.99107701],[152059.43343155,169034.71630618],[152059.89947331,169035.35475511],[152060.48139343,169035.8897139],[152061.16982453,169036.30679011],[152061.92752459,169036.57841579],[152062.71430953,169036.69712335],[152063.50891368,169036.65557548],[152064.24512386,169036.46786241],[152064.93171346,169036.14253735],[152065.8751802,169035.38888928],[152066.57827096,169034.36265489],[152067.05978987,169032.57509579],[152067.61365375,169030.64798443],[152067.91528194,169029.68709602],[152068.21761951,169028.72394778],[152071.52496421,169029.84049989],[152071.07587771,169031.22570001],[152070.78374248,169032.19660618],[152069.72965121,169036.08957593],[152069.46739438,169037.05524499],[152068.97128158,169039.0151931],[152068.29395053,169041.97495886],[152067.65477524,169044.93964338],[152067.25351481,169046.91802465],[152066.83617573,169049.10059189],[152063.34026961,169048.56514594],[152063.56117723,169047.39764432],[152063.61738503,169046.61405508],[152063.52520154,169045.83387968],[152063.2879175,169045.08496868],[152062.90909061,169044.38674635],[152062.40439372,169043.77330908],[152061.7922478,169043.26704673],[152061.21442046,169042.94080149],[152060.59117816,169042.71300894],[152059.93915992,169042.58975059],[152059.26428442,169042.57500664],[152058.59628954,169042.67225477],[152057.95363097,169042.87880813],[152057.36818163,169043.19361445],[152056.84129605,169043.59888663],[152056.38682306,169044.08397245],[152056.01566839,169044.63798443],[152055.73923032,169045.24483453],[152055.56482134,169045.88846997],[152055.33786807,169047.33935022],[152051.68216479,169046.77932364],[152051.9547889,169045.14211709],[152052.02355673,169043.53940503],[152051.76130905,169041.98218683],[152051.31417298,169040.87560941],[152050.69044168,169039.85806159],[152049.91096668,169038.96111271],[152048.99462206,169038.20453412],[152048.10578239,169037.67108845],[152048.20799999,169036.11800036],[152048.56243541,169030.72455839],[152049.20472801,169030.9747332],[152050.77323921,169031.15949132],[152052.34651494,169030.9803003],[152053.80945249,169030.3759379],[152055.05071924,169029.39699644],[152055.9695225,169028.12435879],[152056.15792153,169027.7184013],[152056.28952832,169027.3813625],[152056.80704033,169025.84569372],[152060.41639094,169026.74927584]]]},"geometry_name":"GEOM","properties":{"INSPIRE_ID":"https://databrussels.be/id/streetsurface/10856","TYPE":"I","STREET_ID":"https://databrussels.be/id/streetname/4000","STRNAMEFRE":"Avenue Hansen-Soulie","STRNAMEDUT":"Hansen-Soulielaan","MUNNISCODE":"21005","HIERARCHY":"DC","LVL":0,"ADMIN":"MUN_RBC","AREA":271},"bbox":[152048.10578239,169025.84569372,152071.52496421,169049.10059189]},{"type":"Feature","id":"StreetSurfaces.fid-77ff224d_1a03149e4eb_-2402","geometry":{"type":"Polygon","coordinates":[[[152185.50515471,169000.14757573],[152190.10799999,169002.45900034],[152194.49419456,169004.66132266],[152173.28,169046.98000034],[152163.95554035,169065.96553644],[152162.07731197,169069.67760495],[152158.25099423,169077.2866162],[152157.97135172,169077.83860664],[152153.404,169075.54500035],[152148.96481268,169073.31575493],[152151.69809098,169067.8654648],[152154.43952002,169062.41373319],[152158.74000001,169053.58000034],[152160.89000001,169049.36000034],[152162.73,169045.76000034],[152164.58,169042.12000035],[152168.60999999,169034.20000035],[152168.94000001,169033.53000035],[152170.95999999,169029.43000034],[152176.25,169018.69000036],[152180.98,169009.07000035],[152185.50515471,169000.14757573]]]},"geometry_name":"GEOM","properties":{"INSPIRE_ID":"https://databrussels.be/id/streetsurface/10883","TYPE":"S","STREET_ID":"https://databrussels.be/id/streetname/4032","STRNAMEFRE":"Rue de Tervaete","STRNAMEDUT":"Tervaetestraat","MUNNISCODE":"21005","HIERARCHY":"DR","LVL":0,"ADMIN":"MUN_RBC","AREA":821},"bbox":[152148.96481268,169000.14757573,152194.49419456,169077.83860664]},{"type":"Feature","id":"StreetSurfaces.fid-77ff224d_1a03149e4eb_-23bb","geometry":{"type":"Polygon","coordinates":[[[152019.84021513,169328.22676748],[152015.86225274,169325.51753339],[152016.18373554,169325.04366049],[152016.21564918,169324.51704775],[152016.13161397,169323.58052785],[152015.84245367,169322.77041799],[152015.36623077,169322.17200605],[152014.77677565,169321.80707272],[152014.09095666,169321.56321317],[152013.65440986,169321.52958569],[152013.29916437,169321.59256231],[152012.72765417,169321.87443224],[152012.42409413,169322.1663818],[152011.95328965,169322.85542933],[152006.59974673,169319.20971176],[152009.07000001,169315.68000034],[152015.2515795,169306.63466741],[152020.53216429,169310.23113366],[152018.6388556,169313.00811502],[152018.28048019,169313.8940359],[152018.20507429,169314.28179254],[152018.28318408,169314.81835906],[152018.44041805,169315.34436916],[152018.76887538,169315.8520676],[152019.19780932,169316.30876676],[152019.79302993,169316.64495963],[152020.67794514,169316.79223105],[152021.42035806,169316.70711869],[152022.16658182,169316.29947237],[152022.93942597,169315.53171996],[152024.617857,169313.01372706],[152028.53714685,169315.68292574],[152027.75177395,169316.93154634],[152027.44355872,169317.52542819],[152027.26487503,169318.11123868],[152027.16622927,169318.67388915],[152027.12826068,169319.36008424],[152027.16347456,169319.96080021],[152027.37669785,169320.8025941],[152027.56127584,169321.46071896],[152027.82967196,169322.05111772],[152028.22550759,169322.68933932],[152028.7203332,169323.22410857],[152030.54970698,169324.5879892],[152029.351,169326.06600036],[152028.30109229,169327.36026141],[152027.49939337,169326.80125417],[152026.29737392,169326.14873537],[152025.76393848,169325.97054519],[152025.19759357,169325.88595962],[152024.66626523,169325.87783088],[152023.94036956,169325.92648896],[152023.56103961,169325.96495484],[152023.08925159,169326.07092902],[152022.41226456,169326.26129009],[152021.97820892,169326.4464043],[152021.43496487,169326.7002077],[152020.86655252,169327.07780437],[152020.08901453,169327.87294096],[152019.84021513,169328.22676748]]]},"geometry_name":"GEOM","properties":{"INSPIRE_ID":"https://databrussels.be/id/streetsurface/11113","TYPE":"I","STREET_ID":"https://databrussels.be/id/streetname/3071","STRNAMEFRE":"Avenue Edouard de Thibault","STRNAMEDUT":"Edouard de Thibaultlaan","MUNNISCODE":"21005","HIERARCHY":"DR","LVL":0,"ADMIN":"MUN_RBC","AREA":246},"bbox":[152006.59974673,169306.63466741,152030.54970698,169328.22676748]},{"type":"Feature","id":"StreetSurfaces.fid-77ff224d_1a03149e4eb_-23d0","geometry":{"type":"Polygon","coordinates":[[[152070.56682458,169254.25495676],[152070.16500001,169256.99500035],[152069.8427618,169259.19234415],[152067.89200001,169257.81900035],[152067.66199999,169257.69800035],[152067.425,169257.59400035],[152067.18199999,169257.50700034],[152066.93299999,169257.43700034],[152066.679,169257.38400034],[152066.423,169257.34900035],[152066.16500001,169257.33200034],[152065.90599999,169257.33400034],[152065.648,169257.35300035],[152065.39200001,169257.39000036],[152065.13900001,169257.44500035],[152064.89000001,169257.51800036],[152064.648,169257.60800034],[152064.41199999,169257.71400036],[152064.18399999,169257.83700034],[152063.96500001,169257.97500035],[152063.75599999,169258.12800035],[152063.55899999,169258.29500035],[152063.374,169258.47600035],[152063.201,169258.66900036],[152063.04300001,169258.87400035],[152062.899,169259.08900036],[152060.8390657,169263.71021489],[152056.28329773,169261.80912682],[152056.87000001,169260.51000034],[152057.55999999,169258.96000034],[152058.58877823,169256.0957101],[152058.68337495,169255.08144137],[152058.43505859,169253.98941204],[152057.97389963,169253.32675647],[152057.09888005,169252.99542867],[152056.11743918,169252.99542867],[152055.19512126,169253.27942392],[152054.53294427,169253.90658008],[152054.04813614,169254.68756701],[152053.12000001,169256.87000035],[152051.79096975,169259.93458773],[152045.55595555,169257.3329755],[152047.69000001,169252.48000034],[152048.65,169249.94000036],[152049.13,169248.66000034],[152049.97000001,169246.48000034],[152050.37000001,169245.38000034],[152050.8,169244.17000035],[152051.1188647,169243.21340624],[152058.32923453,169245.44863955],[152058.38799713,169245.61050621],[152058.78921175,169246.18579485],[152059.10955629,169246.48261436],[152059.50958893,169246.71326252],[152060.12111979,169246.94893214],[152060.76386151,169246.97366528],[152061.28297689,169246.83698982],[152061.83799531,169246.5363068],[152066.879,169248.18500034],[152066.81300001,169248.47900034],[152066.76700001,169248.77700035],[152066.74200001,169249.07800035],[152066.73800001,169249.38000035],[152066.755,169249.68100034],[152066.79300001,169249.98000034],[152066.852,169250.27600035],[152066.93199999,169250.56700035],[152067.03099999,169250.85200035],[152067.15,169251.12900035],[152067.28900001,169251.39700035],[152067.44500001,169251.65500035],[152067.61900001,169251.90100035],[152067.80999999,169252.13500034],[152068.01700001,169252.35500034],[152068.23800001,169252.55900034],[152068.33499999,169252.64000036],[152070.56682458,169254.25495676]]]},"geometry_name":"GEOM","properties":{"INSPIRE_ID":"https://databrussels.be/id/streetsurface/11505","TYPE":"I","STREET_ID":"https://databrussels.be/id/streetname/3071","STRNAMEFRE":"Avenue Edouard de Thibault","STRNAMEDUT":"Edouard de Thibaultlaan","MUNNISCODE":"21005","HIERARCHY":"DR","LVL":0,"ADMIN":"MUN_RBC","AREA":258},"bbox":[152045.55595555,169243.21340624,152070.56682458,169263.71021489]},{"type":"Feature","id":"StreetSurfaces.fid-77ff224d_1a03149e4eb_-2380","geometry":{"type":"Polygon","coordinates":[[[152439.63828267,168869.17159319],[152441.09,168871.65000035],[152443.65,168876.19000035],[152446.19,168880.74000035],[152448.84,168885.55000035],[152451.47,168890.37000035],[152454.09,168895.20000035],[152465.05,168915.70000035],[152476.63,168938.02000035],[152488.14,168962.17000035],[152498.4,168984.84000035],[152504.16,168998.22000035],[152504.87,169000.00000035],[152508.5,169009.15000035],[152508.62085648,169009.44830483],[152512.3,169018.52000035],[152512.36,169018.68000035],[152514.11,169022.99000035],[152514.24,169023.30000035],[152514.37,169023.60000035],[152514.53,169023.88000035],[152514.83,169024.21000035],[152515.19,169024.49000035],[152515.58,169024.67000035],[152515.99,169024.74000035],[152516.55288751,169024.69082991],[152508.12055197,169034.99625752],[152507.04,169032.02000035],[152506.86,169031.50000035],[152505.91,169028.88000035],[152505.69,169028.30000035],[152505.36,169027.41000035],[152505.05,169026.58000035],[152503.14,169027.26000035],[152502.14,169024.76000035],[152500.12,169019.78000035],[152498.24,169015.12000035],[152500.13,169014.27000035],[152499.43,169012.56000035],[152497.52,169013.35000035],[152496.04,169009.68000035],[152493.97,169004.64000035],[152492.01,169000.00000035],[152490.6,168996.65000035],[152488.22,168991.11000035],[152490.08,168990.23000035],[152489.88,168989.78000035],[152489.32,168988.48000035],[152487.44,168989.31000035],[152487.17,168988.69000035],[152483.68,168980.76000035],[152481.34,168975.55000035],[152480.65,168974.03000035],[152482.48,168973.15000035],[152481.59,168971.20000035],[152479.78,168972.10000035],[152478.98,168970.35000035],[152476.58,168965.17000035],[152474.02,168959.74000035],[152471.41,168954.32000035],[152470.1,168951.63000035],[152471.91,168950.64000035],[152470.98,168948.74000035],[152469.16,168949.70000035],[152468.78,168948.92000035],[152466.09,168943.42000035],[152463.38,168937.94000035],[152460.63,168932.48000035],[152460.15,168931.54000035],[152461.89,168930.53000035],[152460.86,168928.52000035],[152459.11,168929.50000035],[152458.71,168928.70000035],[152456.77,168924.93000035],[152455.4,168922.34000035],[152454.79,168921.18000035],[152453.09,168918.06000035],[152452.59,168917.16000035],[152451.36,168914.95000035],[152449.63,168911.84000035],[152451.457,168910.83200035],[152450.45,168909.02000035],[152448.61,168910.00000035],[152445.33,168903.61000035],[152440.85,168896.05000035],[152442.59,168894.98000035],[152439.47,168889.43000035],[152438.51,168887.71000035],[152436.72,168888.75000035],[152436.60871569,168888.55861895],[152439.63828267,168869.17159319]]]},"geometry_name":"GEOM","properties":{"INSPIRE_ID":"https://databrussels.be/id/streetsurface/13708","TYPE":"S","STREET_ID":"https://databrussels.be/id/streetname/1596","STRNAMEFRE":"Boulevard Louis Schmidt","STRNAMEDUT":"Louis Schmidtlaan","MUNNISCODE":"21005","HIERARCHY":"MER","LVL":0,"ADMIN":"REGION_RBC","AREA":1937},"bbox":[152436.60871569,168869.17159319,152516.55288751,169034.99625752]},{"type":"Feature","id":"StreetSurfaces.fid-77ff224d_1a03149e4eb_-237e","geometry":{"type":"Polygon","coordinates":[[[152516.61968512,169006.2192354],[152514.78,169001.75000035],[152514.06,169000.00000035],[152512.94,168997.29000035],[152511.08,168992.84000035],[152508.04,168985.69000035],[152504.96,168978.56000035],[152501.81,168971.46000035],[152498.28,168963.68000035],[152494.68,168955.93000035],[152491.01,168948.20000035],[152487.12,168940.18000035],[152483.16,168932.18000035],[152479.15,168924.21000035],[152476.4,168918.82000035],[152473.64,168913.43000035],[152471.01,168908.32000035],[152470.87,168908.05000035],[152469.07,168904.68000035],[152467.27,168901.30000035],[152466.97292234,168900.73903806],[152465.48,168897.92000035],[152463.42,168894.05000035],[152461.38,168890.18000035],[152459.41,168886.26000035],[152457.45,168882.20000035],[152455.56,168878.10000035],[152453.79,168873.94000035],[152452.55,168870.62000035],[152451.39,168867.27000035],[152450.39,168864.49000035],[152450.19,168863.93000035],[152449,168860.80000035],[152448.73,168860.10000035],[152447.49666284,168856.97990237],[152454.2413445,168854.21627128],[152455.26,168856.77000035],[152456.1,168858.86000035],[152456.26,168859.27000035],[152457.23,168861.77000035],[152458.39,168864.96000035],[152459.51,168868.17000035],[152460.7,168871.34000035],[152461.93,168874.32000035],[152463.21,168877.27000035],[152464.54,168880.20000035],[152466.08,168883.39000035],[152467.67,168886.55000035],[152469.27,168889.71000035],[152469.24,168889.98000035],[152478.13,168906.62000035],[152482.97,168915.64000035],[152485.36,168920.17000035],[152488.54,168926.34000035],[152491.66,168932.54000035],[152494.71,168938.78000035],[152498.28,168946.45000035],[152501.75,168954.17000035],[152505.24,168961.88000035],[152507.35,168966.44000035],[152509.47,168970.99000035],[152511.55,168975.56000035],[152513.56,168980.16000035],[152515.53,168984.78000035],[152517.47,168989.40000035],[152519.4,168994.11000035],[152521.3,168998.84000035],[152521.77,169000.00000035],[152523.20034266,169003.56084821],[152519.90162368,169004.89401789],[152519.66740717,169004.98859363],[152517.13740949,169006.01019711],[152516.61968512,169006.2192354]]]},"geometry_name":"GEOM","properties":{"INSPIRE_ID":"https://databrussels.be/id/streetsurface/13913","TYPE":"A","STREET_ID":"https://databrussels.be/id/streetname/5598","STRNAMEFRE":"Tunnel Boileau","STRNAMEDUT":"Boileau Tunnel","MUNNISCODE":"21005","HIERARCHY":"MER","LVL":0,"ADMIN":"REGION_RBC","AREA":1193},"bbox":[152447.49666284,168854.21627128,152523.20034266,169006.2192354]},{"type":"Feature","id":"StreetSurfaces.fid-77ff224d_1a03149e4eb_-2389","geometry":{"type":"Polygon","coordinates":[[[152436.06,168892.07000035],[152436.60871569,168888.55861895],[152436.72,168888.75000035],[152438.51,168887.71000035],[152439.47,168889.43000035],[152442.59,168894.98000035],[152440.85,168896.05000035],[152445.33,168903.61000035],[152448.61,168910.00000035],[152450.45,168909.02000035],[152451.457,168910.83200035],[152449.63,168911.84000035],[152451.36,168914.95000035],[152452.59,168917.16000035],[152453.09,168918.06000035],[152454.79,168921.18000035],[152455.4,168922.34000035],[152456.77,168924.93000035],[152458.71,168928.70000035],[152459.11,168929.50000035],[152460.86,168928.52000035],[152461.89,168930.53000035],[152460.15,168931.54000035],[152460.63,168932.48000035],[152463.38,168937.94000035],[152466.09,168943.42000035],[152468.78,168948.92000035],[152469.16,168949.70000035],[152470.98,168948.74000035],[152471.91,168950.64000035],[152470.1,168951.63000035],[152471.41,168954.32000035],[152474.02,168959.74000035],[152476.58,168965.17000035],[152478.98,168970.35000035],[152479.78,168972.10000035],[152481.59,168971.20000035],[152482.48,168973.15000035],[152480.65,168974.03000035],[152481.34,168975.55000035],[152483.68,168980.76000035],[152487.17,168988.69000035],[152487.44,168989.31000035],[152489.32,168988.48000035],[152489.88,168989.78000035],[152490.08,168990.23000035],[152488.22,168991.11000035],[152490.6,168996.65000035],[152492.01,169000.00000035],[152493.97,169004.64000035],[152496.04,169009.68000035],[152497.52,169013.35000035],[152499.43,169012.56000035],[152500.13,169014.27000035],[152498.24,169015.12000035],[152500.12,169019.78000035],[152502.14,169024.76000035],[152503.14,169027.26000035],[152505.05,169026.58000035],[152505.36,169027.41000035],[152505.69,169028.30000035],[152505.91,169028.88000035],[152506.86,169031.50000035],[152507.04,169032.02000035],[152508.12055197,169034.99625752],[152505.18,169038.59000035],[152497.25,169018.44000035],[152495.835,169014.98200035],[152487.64,168994.96000035],[152477.55,168972.80000035],[152463.83,168944.13000035],[152452.75,168922.71500035],[152436.06,168892.07000035]]]},"geometry_name":"GEOM","properties":{"INSPIRE_ID":"https://databrussels.be/id/streetsurface/145129","TYPE":"SW","STREET_ID":"https://databrussels.be/id/streetname/1596","STRNAMEFRE":"Boulevard Louis Schmidt","STRNAMEDUT":"Louis Schmidtlaan","MUNNISCODE":"21005","HIERARCHY":"MER","LVL":0,"ADMIN":"REGION_RBC","AREA":442},"bbox":[152436.06,168887.71000035,152508.12055197,169038.59000035]},{"type":"Feature","id":"StreetSurfaces.fid-77ff224d_1a03149e4eb_-237b","geometry":{"type":"Polygon","coordinates":[[[152534.59992422,169001.86533088],[152534.45,169001.62000035],[152534.19,169001.00000035],[152533.93,169000.39000035],[152533.77,169000.00000035],[152533.56,168999.49000035],[152531.82,168995.17000035],[152531.41,168994.15000035],[152531.53,168994.09000035],[152533.11,168993.40000035],[152532.13,168990.92000035],[152531.14,168988.44000035],[152530.14,168985.97000035],[152527.76,168980.38000035],[152527.21,168979.13000035],[152525.43,168979.89000035],[152525.3,168979.60000035],[152524.58,168977.93000035],[152526.34,168977.19000035],[152526.3,168977.09000035],[152525.29,168974.82000035],[152522.82,168969.27000035],[152520.86,168964.83000035],[152516.92,168955.97000035],[152516.65,168955.37000035],[152514.99,168956.15000035],[152514.72,168955.55000035],[152514.1,168954.22000035],[152515.75,168953.38000035],[152514.83,168951.33000035],[152512.74,168946.68000035],[152510.61,168942.06000035],[152508.18,168936.95000035],[152507.67,168935.90000035],[152505.9,168936.94000035],[152504.86,168934.82000035],[152506.69,168933.88000035],[152505.7,168931.86000035],[152503.19,168926.80000035],[152500.48,168921.45000035],[152497.73,168916.13000035],[152496.2,168913.19000035],[152494.46,168914.06000035],[152493.64,168912.45000035],[152493.49,168912.15000035],[152495.21,168911.28000035],[152494.96,168910.82000035],[152492.64,168906.36000035],[152490.3,168901.91000035],[152487.37,168896.31000035],[152485.23,168892.23000035],[152483.51,168893.17000035],[152483.22,168892.61000035],[152482.38,168891.07000035],[152484.14,168890.15000035],[152481.46,168885.13000035],[152478.7,168880.08000035],[152475.9,168875.05000035],[152473.11,168870.02000035],[152471.42,168870.85000035],[152470.71,168869.61000035],[152470.49,168869.20000035],[152469.44103234,168867.69992847],[152469.27652736,168867.43712421],[152472.84,168865.65000035],[152493.33,168902.87000035],[152504.45,168924.11000035],[152514.89,168945.91000035],[152527.27,168973.58000035],[152537.62,168997.88000035],[152534.59992422,169001.86533088]]]},"geometry_name":"GEOM","properties":{"INSPIRE_ID":"https://databrussels.be/id/streetsurface/145944","TYPE":"SW","STREET_ID":"https://databrussels.be/id/streetname/1596","STRNAMEFRE":"Boulevard Louis Schmidt","STRNAMEDUT":"Louis Schmidtlaan","MUNNISCODE":"21005","HIERARCHY":"MAR","LVL":0,"ADMIN":"REGION_RBC","AREA":366},"bbox":[152469.27652736,168865.65000035,152537.62,169001.86533088]},{"type":"Feature","id":"StreetSurfaces.fid-77ff224d_1a03149e4eb_-23a2","geometry":{"type":"Polygon","coordinates":[[[152061.29865646,169078.108821],[152061.25284503,169076.59543022],[152061.22573383,169075.69980513],[152061.22364655,169075.58656332],[152061.2050262,169074.57634603],[152061.1983397,169073.55739202],[152061.18514574,169071.54676911],[152061.20567195,169070.53009998],[152061.24645112,169068.51029872],[152061.26679411,169067.50270497],[152061.37596569,169065.4875452],[152061.48548288,169063.46600627],[152059.49604151,169063.33110265],[152060.06111727,169057.27871727],[152062.04248187,169057.49947666],[152062.32655029,169054.98069438],[152062.6358238,169052.99474014],[152063.10363617,169049.99075209],[152063.25763457,169049.00187401],[152063.34026961,169048.56514594],[152066.83617573,169049.10059189],[152066.68390973,169049.89690079],[152066.42186501,169051.35868286],[152066.24674318,169052.44270956],[152066.09620798,169053.43156575],[152068.07207556,169053.69203064],[152067.96554356,169054.52311651],[152067.83972478,169055.5278788],[152067.72413375,169056.53688704],[152067.60559301,169057.53017162],[152067.27953079,169060.88263811],[152067.09727953,169062.88460332],[152066.93795211,169064.90291194],[152066.84195836,169066.92960018],[152066.77239313,169068.94196741],[152066.72979691,169071.97654893],[152066.73910546,169073.99211365],[152066.84449058,169078.03229274],[152066.91775754,169080.05512897],[152067.08210676,169083.07679695],[152067.47571893,169088.34974264],[152061.98345239,169088.99729315],[152060.00058034,169089.16311058],[152059.7227021,169085.76998414],[152059.58530059,169083.79343843],[152059.51730788,169082.81535067],[152059.51152172,169082.71537899],[152059.46647243,169081.76306466],[152059.33799734,169079.04717983],[152059.3078975,169078.16830332],[152061.29865646,169078.108821]]]},"geometry_name":"GEOM","properties":{"INSPIRE_ID":"https://databrussels.be/id/streetsurface/146","TYPE":"S","STREET_ID":"https://databrussels.be/id/streetname/4000","STRNAMEFRE":"Avenue Hansen-Soulie","STRNAMEDUT":"Hansen-Soulielaan","MUNNISCODE":"21005","HIERARCHY":"DC","LVL":0,"ADMIN":"MUN_RBC","AREA":246},"bbox":[152059.3078975,169048.56514594,152068.07207556,169089.16311058]},{"type":"Feature","id":"StreetSurfaces.fid-77ff224d_1a03149e4eb_-23b0","geometry":{"type":"Polygon","coordinates":[[[151958.733,168992.87100035],[151960.90290734,168989.38536127],[151961.01099274,168989.43856584],[151972.20703677,168995.87661348],[151972.43091767,168998.05175152],[151975.69324539,169000.00000035],[151983.16131508,169004.4302774],[151985.05479968,169004.11930445],[151986.35,169004.90000035],[151992.86,169008.84000035],[151998.91591373,169008.84700172],[152000,169008.90068063],[152000.86266158,169009.37318645],[151998.48647263,169013.55805195],[152000,169014.46263627],[152033.61551203,169034.81168104],[152036.89869893,169036.77072723],[152042.29487652,169040.00853442],[152044.8925116,169035.74261315],[152048.10578239,169037.67108845],[152047.548,169046.14600035],[152035.1,169038.71000035],[151958.733,168992.87100035]]]},"geometry_name":"GEOM","properties":{"INSPIRE_ID":"https://databrussels.be/id/streetsurface/146544","TYPE":"SW","STREET_ID":"https://databrussels.be/id/streetname/4235","STRNAMEFRE":"Avenue Camille Joset","STRNAMEDUT":"Camille Josetlaan","MUNNISCODE":"21005","HIERARCHY":"DR","LVL":0,"ADMIN":"MUN_RBC","AREA":354},"bbox":[151958.733,168989.38536127,152048.10578239,169046.14600035]},{"type":"Feature","id":"StreetSurfaces.fid-77ff224d_1a03149e4eb_-2409","geometry":{"type":"Polygon","coordinates":[[[152071.52496421,169029.8404999],[152071.69488043,169029.31639603],[152072.43200831,169027.28009346],[152074.31574431,169027.90623284],[152075.15995059,169025.39226518],[152076.18535101,169022.52715075],[152076.90889813,169020.64819108],[152077.67110114,169018.76656212],[152078.42411354,169016.91892716],[152079.2076722,169015.04584897],[152080.38072171,169012.24424734],[152081.21419545,169010.40080204],[152082.86789334,169006.71705499],[152084.13943031,169003.99121726],[152085.00097179,169002.14851383],[152085.07982617,169002.01391694],[152085.50192147,169002.20709663],[152086.52755235,169000.0870805],[152087.46348376,168998.29581124],[152089.43147749,168994.75887185],[152090.97921353,168992.14619025],[152093.63408265,168987.84350152],[152094.17336965,168986.98444048],[152092.065907,168985.62342867],[152092.92293886,168984.31751411],[152096.901,168986.81000035],[152088.329,169000.49100035],[152085.349,169006.95200035],[152079.854,169019.48300035],[152075.827,169030.50500035],[152075.626,169031.22500035],[152071.52496421,169029.8404999]]]},"geometry_name":"GEOM","properties":{"INSPIRE_ID":"https://databrussels.be/id/streetsurface/146545","TYPE":"SW","STREET_ID":"https://databrussels.be/id/streetname/4000","STRNAMEFRE":"Avenue Hansen-Soulie","STRNAMEDUT":"Hansen-Soulielaan","MUNNISCODE":"21005","HIERARCHY":"DC","LVL":0,"ADMIN":"MUN_RBC","AREA":121},"bbox":[152071.52496421,168984.31751411,152096.901,169031.22500035]},{"type":"Feature","id":"StreetSurfaces.fid-77ff224d_1a03149e4eb_-23ae","geometry":{"type":"Polygon","coordinates":[[[151968.24,168977.60000035],[152028.80621893,169014.04304543],[152040.98418786,169021.37059994],[152048.867,169026.09000035],[152048.56243541,169030.72455839],[152048.04125822,169030.52155837],[152047.73522605,169030.40235796],[152046.78065257,169029.85170687],[152045.92974126,169029.33373482],[152045.4521527,169026.94431411],[152040.22558302,169023.80012472],[152017.07145903,169009.7417869],[152008.82124116,169004.85524331],[152002.98015186,169001.41615497],[152002.31455253,169002.65748749],[152001.84167456,169002.37401494],[152000,169002.27609655],[151994.58969111,169001.94054632],[151990.85059736,169000.00000035],[151988.41927563,168998.63527603],[151990.95356186,168994.30233519],[151978.91968775,168987.13587563],[151974.65246604,168984.41491786],[151970.89712292,168982.13124392],[151968.37659483,168986.55440064],[151965.28098437,168984.69381346],[151964.89112335,168984.37519192],[151964.5333553,168984.02091333],[151964.36683187,168983.821185],[151968.24,168977.60000035]]]},"geometry_name":"GEOM","properties":{"INSPIRE_ID":"https://databrussels.be/id/streetsurface/146801","TYPE":"SW","STREET_ID":"https://databrussels.be/id/streetname/4235","STRNAMEFRE":"Avenue Camille Joset","STRNAMEDUT":"Camille Josetlaan","MUNNISCODE":"21005","HIERARCHY":"DR","LVL":0,"ADMIN":"MUN_RBC","AREA":321},"bbox":[151964.36683187,168977.60000035,152048.867,169030.72455839]},{"type":"Feature","id":"StreetSurfaces.fid-77ff224d_1a03149e4eb_-239d","geometry":{"type":"Polygon","coordinates":[[[152197.24,169006.04000035],[152199.3332747,169000.66739511],[152200.26,169000.00000035],[152215.22,168989.25000035],[152216.42,168988.43000035],[152217.05,168988.10000035],[152217.83,168987.84000035],[152218.66,168987.68000035],[152219.48,168987.61000035],[152219.8796844,168987.62164164],[152223.55,168992.78000035],[152215.536,168998.48900035],[152214.39,168996.80000035],[152209.5,169000.12000035],[152211.62,169002.93000035],[152210.55,169003.69000035],[152208.45,169000.70000035],[152203.85,169003.91000035],[152197.24,169006.04000035]]]},"geometry_name":"GEOM","properties":{"INSPIRE_ID":"https://databrussels.be/id/streetsurface/146803","TYPE":"SW","STREET_ID":"https://databrussels.be/id/streetname/280","STRNAMEFRE":"Rue de Pervyse","STRNAMEDUT":"Pervijzestraat","MUNNISCODE":"21005","HIERARCHY":"DR","LVL":0,"ADMIN":"MUN_RBC","AREA":168},"bbox":[152197.24,168987.61000035,152223.55,169006.04000035]},{"type":"Feature","id":"StreetSurfaces.fid-77ff224d_1a03149e4eb_-2410","geometry":{"type":"Polygon","coordinates":[[[152059.98394231,169005.54261439],[152061.66287208,169001.57121454],[152064.09,168995.83000035],[152066.675,168990.38900035],[152069.653,168984.74200035],[152073.686,168978.22500035],[152076.96972787,168973.10420352],[152080.31810194,168975.82582983],[152078.59346019,168978.46924062],[152077.08108421,168977.47946873],[152076.81495516,168977.87385429],[152075.71296603,168979.55067532],[152075.16593012,168980.40594246],[152074.08653208,168982.11135312],[152073.56739989,168982.96290085],[152071.58571194,168986.46556669],[152069.83332322,168989.87738234],[152067.45783949,168994.56342982],[152065.36402054,168999.12673868],[152062.91840435,169004.67066373],[152060.56333334,169010.25142444],[152059.81849316,169012.12535112],[152059.1024495,169014.01116491],[152058.03258017,169016.84029887],[152056.20566701,169021.7334984],[152058.01513954,169022.37290267],[152056.85613228,169025.70001794],[152056.80704033,169025.84569373],[152052.65,169024.80500035],[152056.51,169013.76000035],[152059.31000038,169007.14000042],[152059.98394231,169005.54261439]]]},"geometry_name":"GEOM","properties":{"INSPIRE_ID":"https://databrussels.be/id/streetsurface/147135","TYPE":"SW","STREET_ID":"https://databrussels.be/id/streetname/4000","STRNAMEFRE":"Avenue Hansen-Soulie","STRNAMEDUT":"Hansen-Soulielaan","MUNNISCODE":"21005","HIERARCHY":"DC","LVL":0,"ADMIN":"MUN_RBC","AREA":152},"bbox":[152052.65,168973.10420352,152080.31810194,169025.84569373]},{"type":"Feature","id":"StreetSurfaces.fid-77ff224d_1a03149e4eb_-23fc","geometry":{"type":"Polygon","coordinates":[[[152191.54757219,168981.80417739],[152194.04385933,168983.05760817],[152188.96,168993.34000035],[152187.2,168996.81000035],[152185.58,169000.00000035],[152185.50515471,169000.14757573],[152182.975,168998.87700035],[152191.54757219,168981.80417739]]]},"geometry_name":"GEOM","properties":{"INSPIRE_ID":"https://databrussels.be/id/streetsurface/147137","TYPE":"SW","STREET_ID":"https://databrussels.be/id/streetname/4032","STRNAMEFRE":"Rue de Tervaete","STRNAMEDUT":"Tervaetestraat","MUNNISCODE":"21005","HIERARCHY":"DR","LVL":0,"ADMIN":"MUN_RBC","AREA":54},"bbox":[152182.975,168981.80417739,152194.04385933,169000.14757573]},{"type":"Feature","id":"StreetSurfaces.fid-77ff224d_1a03149e4eb_-2399","geometry":{"type":"Polygon","coordinates":[[[152232.87448329,168985.60901],[152235.44,168983.63600035],[152244.18,168995.00000035],[152254.731,169010.65700035],[152260.964,169020.62100035],[152271.42,169038.47000035],[152267.46132612,169040.67358829],[152264.28,169034.92000035],[152265.01,169033.31000035],[152262.39,169028.77000035],[152261.07,169026.51000035],[152257.98,169021.34000035],[152254.82,169016.21000035],[152251.56,169011.15000035],[152248.17,169006.11000035],[152244.67,169001.14000035],[152243.84,169000.00000035],[152241.1,168996.23000035],[152237.62,168991.64000035],[152234.06,168987.11000035],[152232.87448329,168985.60901]]]},"geometry_name":"GEOM","properties":{"INSPIRE_ID":"https://databrussels.be/id/streetsurface/147138","TYPE":"SW","STREET_ID":"https://databrussels.be/id/streetname/280","STRNAMEFRE":"Rue de Pervyse","STRNAMEDUT":"Pervijzestraat","MUNNISCODE":"21005","HIERARCHY":"DR","LVL":0,"ADMIN":"MUN_RBC","AREA":206},"bbox":[152232.87448329,168983.63600035,152271.42,169040.67358829]},{"type":"Feature","id":"StreetSurfaces.fid-77ff224d_1a03149e4eb_-2391","geometry":{"type":"Polygon","coordinates":[[[152276.25,169037.87000035],[152284.56,169006.13000035],[152291.771,168978.56000035],[152297.074,168960.69000035],[152301.437,168949.09100035],[152306.09,168937.99100035],[152310.4660461,168939.76013006],[152310.04884941,168940.60035204],[152308.35837937,168939.75842914],[152308.11,168940.34000035],[152306.49,168944.18000035],[152305.13,168947.42000035],[152303.79,168950.68000035],[152302.5,168953.95000035],[152301.43,168956.78000035],[152300.39,168959.61000035],[152299.4,168962.47000035],[152298.47,168965.46000035],[152297.59,168968.47000035],[152296.72,168971.48000035],[152295.8,168974.60000035],[152294.89,168977.72000035],[152294.02,168980.85000035],[152293.32,168983.47000035],[152291.98,168988.73000035],[152289.05,169000.00000035],[152286.79,169008.69000035],[152282.2,169027.24000035],[152279.56,169036.57000035],[152280.43,169037.96000035],[152280.17776146,169038.86294122],[152276.25,169037.87000035]]]},"geometry_name":"GEOM","properties":{"INSPIRE_ID":"https://databrussels.be/id/streetsurface/147416","TYPE":"SW","STREET_ID":"https://databrussels.be/id/streetname/4495","STRNAMEFRE":"Rue Aviateur Thieffry","STRNAMEDUT":"Vlieger Thieffrystraat","MUNNISCODE":"21005","HIERARCHY":"DR","LVL":0,"ADMIN":"MUN_RBC","AREA":296},"bbox":[152276.25,168937.99100035,152310.4660461,169038.86294122]},{"type":"Feature","id":"StreetSurfaces.fid-77ff224d_1a03149e4eb_-2404","geometry":{"type":"Polygon","coordinates":[[[152146.29658355,169071.97583905],[152151.699,169061.21100035],[152182.975,168998.87700035],[152185.50515471,169000.14757573],[152180.98,169009.07000035],[152176.25,169018.69000035],[152170.96,169029.43000035],[152168.94,169033.53000035],[152168.61,169034.20000035],[152164.58,169042.12000035],[152162.73,169045.76000035],[152160.89,169049.36000035],[152158.74,169053.58000035],[152154.43952002,169062.41373319],[152151.69809098,169067.86546479],[152148.96481269,169073.31575493],[152146.29658355,169071.97583905]]]},"geometry_name":"GEOM","properties":{"INSPIRE_ID":"https://databrussels.be/id/streetsurface/147561","TYPE":"SW","STREET_ID":"https://databrussels.be/id/streetname/4032","STRNAMEFRE":"Rue de Tervaete","STRNAMEDUT":"Tervaetestraat","MUNNISCODE":"21005","HIERARCHY":"DR","LVL":0,"ADMIN":"MUN_RBC","AREA":238},"bbox":[152146.29658355,168998.87700035,152185.50515471,169073.31575493]},{"type":"Feature","id":"StreetSurfaces.fid-77ff224d_1a03149e4eb_-239b","geometry":{"type":"Polygon","coordinates":[[[152258.198,169045.83000035],[152253.16,169036.78000035],[152250.54,169032.71000035],[152249.56,169033.24000035],[152244.42,169025.85000035],[152244.63,169025.74000035],[152241.3,169020.89000035],[152241.81,169020.54000035],[152238.063,169015.15800035],[152237.626,169015.46200035],[152235.534,169012.45800035],[152235.971,169012.15300035],[152232.414,169007.04400035],[152231.977,169007.34900035],[152229.833,169004.26900035],[152230.27,169003.96500035],[152227.4,168999.83000035],[152228.04,168999.38000035],[152223.55,168992.78000035],[152225.80381716,168991.04670312],[152226.62,168992.13000035],[152229.8,168996.29000035],[152232.65,169000.00000035],[152232.99,169000.44000035],[152236.1,169004.64000035],[152239.4,169009.33000035],[152242.63,169014.07000035],[152245.76,169018.87000035],[152247.62,169021.85000035],[152249.45,169024.84000035],[152251.26,169027.84000035],[152252.95,169030.60000035],[152254.63,169033.37000035],[152256.27,169036.15000035],[152258.23,169039.67000035],[152260.14,169043.22000035],[152260.76657192,169044.40020989],[152258.198,169045.83000035]]]},"geometry_name":"GEOM","properties":{"INSPIRE_ID":"https://databrussels.be/id/streetsurface/147593","TYPE":"SW","STREET_ID":"https://databrussels.be/id/streetname/280","STRNAMEFRE":"Rue de Pervyse","STRNAMEDUT":"Pervijzestraat","MUNNISCODE":"21005","HIERARCHY":"DR","LVL":0,"ADMIN":"MUN_RBC","AREA":253},"bbox":[152223.55,168991.04670312,152260.76657192,169045.83000035]},{"type":"Feature","id":"StreetSurfaces.fid-77ff224d_1a03149e4eb_-238b","geometry":{"type":"Polygon","coordinates":[[[152286.78356641,169040.53274833],[152288.47,169033.75000035],[152289.89,169028.31000035],[152291.31,169022.88000035],[152292.73,169017.44000035],[152294.42,169010.89000035],[152296.1,169004.35000035],[152297.22,169000.00000035],[152297.79,168997.80000035],[152299.63,168990.50000035],[152301.48,168983.20000035],[152303.5,168975.95000035],[152305.31,168970.03000035],[152307.23,168964.15000035],[152309.3,168958.33000035],[152311.27,168953.20000035],[152313.35,168948.11000035],[152315.5,168943.06000035],[152315.95841109,168941.97997422],[152318.532,168943.02000035],[152313.33,168955.89000035],[152310.82,168962.85000035],[152305.14,168981.28000035],[152300.26,169000.00000035],[152295.356,169019.06400035],[152289.732,169041.27800035],[152286.78356641,169040.53274833]]]},"geometry_name":"GEOM","properties":{"INSPIRE_ID":"https://databrussels.be/id/streetsurface/147649","TYPE":"SW","STREET_ID":"https://databrussels.be/id/streetname/4495","STRNAMEFRE":"Rue Aviateur Thieffry","STRNAMEDUT":"Vlieger Thieffrystraat","MUNNISCODE":"21005","HIERARCHY":"DR","LVL":0,"ADMIN":"MUN_RBC","AREA":307},"bbox":[152286.78356641,168941.97997422,152318.532,169041.27800035]},{"type":"Feature","id":"StreetSurfaces.fid-77ff224d_1a03149e4eb_-237c","geometry":{"type":"Polygon","coordinates":[[[152534.59992422,169001.86533088],[152529.74087076,169008.27739982],[152529.68,169007.86000035],[152529.5,169007.37000035],[152529.32,169006.89000035],[152528.61,169005.16000035],[152527.64,169002.82000035],[152526.99,169001.25000035],[152526.82,169000.86000035],[152526.47,169000.00000035],[152525.95,168998.75000035],[152524.26,168994.69000035],[152522.14,168989.63000035],[152520.01,168984.58000035],[152517.85,168979.54000035],[152515.49,168974.14000035],[152513.1,168968.77000035],[152510.69,168963.40000035],[152508,168957.47000035],[152505.28,168951.56000035],[152502.52,168945.66000035],[152499.45,168939.27000035],[152496.33,168932.90000035],[152493.17,168926.55000035],[152490.14,168920.54000035],[152487.08,168914.54000035],[152484,168908.56000035],[152480.9,168902.64000035],[152477.78,168896.73000035],[152474.69,168890.81000035],[152471.66,168884.94000035],[152468.65,168879.06000035],[152465.67,168873.16000035],[152464.14826198,168870.00901021],[152469.27652736,168867.43712421],[152469.44103234,168867.69992847],[152470.49,168869.20000035],[152470.71,168869.61000035],[152471.42,168870.85000035],[152473.11,168870.02000035],[152475.9,168875.05000035],[152478.7,168880.08000035],[152481.46,168885.13000035],[152484.14,168890.15000035],[152482.38,168891.07000035],[152483.22,168892.61000035],[152483.51,168893.17000035],[152485.23,168892.23000035],[152487.37,168896.31000035],[152490.3,168901.91000035],[152492.64,168906.36000035],[152494.96,168910.82000035],[152495.21,168911.28000035],[152493.49,168912.15000035],[152493.64,168912.45000035],[152494.46,168914.06000035],[152496.2,168913.19000035],[152497.73,168916.13000035],[152500.48,168921.45000035],[152503.19,168926.80000035],[152505.7,168931.86000035],[152506.69,168933.88000035],[152504.86,168934.82000035],[152505.9,168936.94000035],[152507.67,168935.90000035],[152508.18,168936.95000035],[152510.61,168942.06000035],[152512.74,168946.68000035],[152514.83,168951.33000035],[152515.75,168953.38000035],[152514.1,168954.22000035],[152514.72,168955.55000035],[152514.99,168956.15000035],[152516.65,168955.37000035],[152516.92,168955.97000035],[152520.86,168964.83000035],[152522.82,168969.27000035],[152525.29,168974.82000035],[152526.3,168977.09000035],[152526.34,168977.19000035],[152524.58,168977.93000035],[152525.3,168979.60000035],[152525.43,168979.89000035],[152527.21,168979.13000035],[152527.76,168980.38000035],[152530.14,168985.97000035],[152531.14,168988.44000035],[152532.13,168990.92000035],[152533.11,168993.40000035],[152531.53,168994.09000035],[152531.41,168994.15000035],[152531.82,168995.17000035],[152533.56,168999.49000035],[152533.77,169000.00000035],[152533.93,169000.39000035],[152534.19,169001.00000035],[152534.45,169001.62000035],[152534.59992422,169001.86533088]]]},"geometry_name":"GEOM","properties":{"INSPIRE_ID":"https://databrussels.be/id/streetsurface/14927","TYPE":"S","STREET_ID":"https://databrussels.be/id/streetname/1596","STRNAMEFRE":"Boulevard Louis Schmidt","STRNAMEDUT":"Louis Schmidtlaan","MUNNISCODE":"21005","HIERARCHY":"MAR","LVL":0,"ADMIN":"REGION_RBC","AREA":1265},"bbox":[152464.14826198,168867.43712421,152534.59992422,169008.27739982]},{"type":"Feature","id":"StreetSurfaces.fid-77ff224d_1a03149e4eb_-2387","geometry":{"type":"Polygon","coordinates":[[[152504.23110871,169047.27612664],[152507.12280068,169060.45370282],[152506.57000001,169061.06000034],[152505.99000001,169061.77000036],[152505.40999999,169062.49000036],[152496.67,169073.40000035],[152488.64000001,169083.26000034],[152477.69000001,169097.00000035],[152469.92,169106.77000035],[152462,169116.54000036],[152459.3558171,169119.81095253],[152455.38399999,169116.59900035],[152451.12061331,169113.15125996],[152451.28,169113.02000035],[152458.49000001,169104.11000034],[152477.49000001,169080.70000035],[152499.35999999,169053.37000035],[152503.32000001,169048.42000035],[152504.23110871,169047.27612664]]]},"geometry_name":"GEOM","properties":{"INSPIRE_ID":"https://databrussels.be/id/streetsurface/15126","TYPE":"S","STREET_ID":"https://databrussels.be/id/streetname/3029","STRNAMEFRE":"Rue de l'Escadron","STRNAMEDUT":"Eskadronstraat","MUNNISCODE":"21005","HIERARCHY":"DC","LVL":0,"ADMIN":"MUN_RBC","AREA":839},"bbox":[152451.12061331,169047.27612664,152507.12280068,169119.81095253]},{"type":"Feature","id":"StreetSurfaces.fid-77ff224d_1a03149e4eb_-23ee","geometry":{"type":"Polygon","coordinates":[[[152056.04128153,169482.91937198],[152051.71500001,169480.50300035],[152047.13382528,169477.94426242],[152047.20999999,169477.83000034],[152060.03,169459.86000034],[152075.85,169437.37000035],[152088.89000001,169419.17000035],[152106.33,169394.52800034],[152107.95899999,169395.65500034],[152109.32000001,169393.71000034],[152110.74014938,169391.51059057],[152110.85338709,169391.03628234],[152113.801,169393.13300034],[152117.6590291,169395.87732238],[152115.86800001,169398.41400036],[152114.528,169397.44100036],[152113.176,169399.33200034],[152114.53800001,169400.29800035],[152108.53,169408.81000034],[152096.25,169426.06000034],[152077.82000001,169452.09000036],[152056.58,169482.05000035],[152056.42999999,169482.28000035],[152056.27000001,169482.51000034],[152056.13,169482.75000035],[152056.04128153,169482.91937198]]]},"geometry_name":"GEOM","properties":{"INSPIRE_ID":"https://databrussels.be/id/streetsurface/1529","TYPE":"S","STREET_ID":"https://databrussels.be/id/streetname/2459","STRNAMEFRE":"Rue de la Grande Haie","STRNAMEDUT":"Grote Haagstraat","MUNNISCODE":"21005","HIERARCHY":"DR","LVL":0,"ADMIN":"MUN_RBC","AREA":1063},"bbox":[152047.13382528,169391.03628234,152117.6590291,169482.91937198]},{"type":"Feature","id":"StreetSurfaces.fid-77ff224d_1a03149e4eb_-23ce","geometry":{"type":"Polygon","coordinates":[[[152058.04110551,169181.61082305],[152060.04596198,169181.47021004],[152064.59060121,169181.01110334],[152064.83794813,169183.59478759],[152065.07000001,169190.18000034],[152065.14000001,169192.20000035],[152065.2,169194.21000034],[152065.22000001,169196.23000034],[152065.2,169198.67000036],[152065.14000001,169201.11000034],[152065.04000001,169203.54000036],[152064.92,169205.74000036],[152064.80999999,169207.29000036],[152064.75999999,169207.93000034],[152064.58,169210.12000035],[152064.25999999,169213.27000035],[152063.88,169216.41000034],[152063.45999999,169219.55000035],[152063.15,169221.66000034],[152062.83,169223.77000035],[152062.47000001,169225.87000035],[152062.12000001,169227.83000034],[152061.73,169229.78000034],[152061.32000001,169231.72000035],[152060.89000001,169233.61000034],[152060.42999999,169235.49000036],[152059.90999999,169237.35000035],[152059.67,169238.15000035],[152059.42,169238.95000035],[152058.275,169242.61300036],[152058.09389699,169243.84855081],[152058.10195096,169244.43701274],[152058.18850758,169245.06099495],[152058.32923453,169245.44863955],[152051.1188647,169243.21340624],[152051.20999999,169242.94000036],[152051.60999999,169241.72000035],[152052.55,169238.67000035],[152053.42,169235.61000034],[152054.22000001,169232.52000035],[152054.79000001,169230.12000035],[152055.30999999,169227.71000034],[152055.80999999,169225.29000036],[152056.19000001,169223.37000035],[152056.55,169221.44000036],[152056.87000001,169219.51000034],[152057.23,169216.94000036],[152057.52000001,169214.36000034],[152057.78,169211.77000035],[152058.02000001,169208.96000034],[152058.22000001,169206.13000034],[152058.40999999,169203.31000034],[152058.59000001,169200.61000034],[152058.65,169199.26000034],[152058.67999999,169197.69000036],[152058.69000001,169196.13000034],[152058.69000001,169194.57000035],[152058.26251516,169184.36776809],[152058.04110551,169181.61082305]]]},"geometry_name":"GEOM","properties":{"INSPIRE_ID":"https://databrussels.be/id/streetsurface/153","TYPE":"S","STREET_ID":"https://databrussels.be/id/streetname/3071","STRNAMEFRE":"Avenue Edouard de Thibault","STRNAMEDUT":"Edouard de Thibaultlaan","MUNNISCODE":"21005","HIERARCHY":"DR","LVL":0,"ADMIN":"MUN_RBC","AREA":422},"bbox":[152051.1188647,169181.01110334,152065.22000001,169245.44863955]},{"type":"Feature","id":"StreetSurfaces.fid-77ff224d_1a03149e4eb_-23bd","geometry":{"type":"Polygon","coordinates":[[[152019.84021513,169328.22676748],[152023.78,169330.91000034],[151980.35799999,169394.30200035],[151969.777,169409.74900035],[151967.95827546,169404.06024922],[151969.91045077,169401.33320483],[151970.95256619,169399.87744671],[151972.29640341,169400.85677654],[151987.12000001,169379.12000035],[152000,169360.32000035],[152002.95999999,169355.99000036],[152013.60999999,169340.44000036],[152020.69620628,169330.16547426],[152019.26622884,169329.04305393],[152019.84021513,169328.22676748]]]},"geometry_name":"GEOM","properties":{"INSPIRE_ID":"https://databrussels.be/id/streetsurface/156611","TYPE":"SW","STREET_ID":"https://databrussels.be/id/streetname/3071","STRNAMEFRE":"Avenue Edouard de Thibault","STRNAMEDUT":"Edouard de Thibaultlaan","MUNNISCODE":"21005","HIERARCHY":"DR","LVL":0,"ADMIN":"MUN_RBC","AREA":294},"bbox":[151967.95827546,169328.22676748,152023.78,169409.74900035]},{"type":"Feature","id":"StreetSurfaces.fid-77ff224d_1a03149e4eb_-23b6","geometry":{"type":"Polygon","coordinates":[[[152026.749,169489.67300035],[152029.51093752,169485.97351836],[152030.58399999,169486.64800035],[152031.98,169487.60600034],[152033.14200001,169488.60700034],[152033.35599999,169488.79100036],[152033.74300001,169489.16300036],[152034.104,169489.56000034],[152034.43499999,169489.98200034],[152034.73699999,169490.42600035],[152035.00699999,169490.89000036],[152035.24400001,169491.37100035],[152035.447,169491.86800035],[152035.61400001,169492.37800034],[152035.746,169492.89800035],[152035.84100001,169493.42600035],[152035.899,169493.96000034],[152035.92,169494.49600035],[152035.903,169495.03200034],[152035.849,169495.56600036],[152035.75699999,169496.09500035],[152035.629,169496.61600036],[152035.30899999,169497.31000034],[152032.78395233,169501.04813673],[152028.795,169499.40900034],[152027.772,169494.54100036],[152026.749,169489.67300035]]]},"geometry_name":"GEOM","properties":{"INSPIRE_ID":"https://databrussels.be/id/streetsurface/156613","TYPE":"SW","STREET_ID":"https://databrussels.be/id/streetname/2459","STRNAMEFRE":"Rue de la Grande Haie","STRNAMEDUT":"Grote Haagstraat","MUNNISCODE":"21005","HIERARCHY":"DR","LVL":0,"ADMIN":"MUN_RBC","AREA":92},"bbox":[152026.749,169485.97351836,152035.92,169501.04813673]},{"type":"Feature","id":"StreetSurfaces.fid-77ff224d_1a03149e4eb_-23ba","geometry":{"type":"Polygon","coordinates":[[[152026.749,169489.67300035],[152022.58,169486.92000035],[152010.94000001,169478.43000034],[152004.27000001,169472.94000036],[151991.03,169460.75000035],[151986.74000001,169456.46000034],[151981.4,169450.48000034],[151972.03,169438.80000035],[151963.227,169426.20200035],[151965.31908667,169420.94718966],[151965.729372,169421.37232112],[151966.15369649,169421.99125665],[151967.17305319,169423.47812838],[151965.63673623,169424.44303762],[151966.60999999,169426.05000035],[151967.14000001,169426.77000035],[151968.75999999,169429.35000035],[151969.59000001,169430.63000034],[151970.90999999,169432.51000034],[151972.28,169434.36000034],[151973.65999999,169436.21000034],[151975.22000001,169438.40000035],[151976.00999999,169439.49500035],[151983.725,169448.56500036],[151984.72000001,169449.83000034],[151986.78,169452.30000035],[151989.35999999,169455.05000035],[151992.05,169457.72000035],[151994.77000001,169460.34000036],[151996.67999999,169462.17000035],[151998.62000001,169463.97000035],[152000,169465.24000036],[152000.55999999,169465.76000034],[152002.5,169467.52000035],[152004.45999999,169469.27000035],[152006.42999999,169470.99000036],[152008.29000001,169472.57000035],[152010.15999999,169474.13000034],[152012.05999999,169475.66000034],[152013.88,169477.08000034],[152015.72000001,169478.48000034],[152017.57000001,169479.87000035],[152019.50999999,169481.31000034],[152021.47000001,169482.73000034],[152023.45999999,169484.09000036],[152024.47000001,169484.72000035],[152025.48,169485.34000036],[152026.33299999,169483.97600035],[152029.51093752,169485.97351836],[152026.749,169489.67300035]]]},"geometry_name":"GEOM","properties":{"INSPIRE_ID":"https://databrussels.be/id/streetsurface/156614","TYPE":"SW","STREET_ID":"https://databrussels.be/id/streetname/494","STRNAMEFRE":"Rue de la Gare","STRNAMEDUT":"Stationstraat","MUNNISCODE":"21005","HIERARCHY":"DR","LVL":0,"ADMIN":"MUN_RBC","AREA":267},"bbox":[151963.227,169420.94718966,152029.51093752,169489.67300035]},{"type":"Feature","id":"StreetSurfaces.fid-77ff224d_1a03149e4eb_-23c3","geometry":{"type":"Polygon","coordinates":[[[151960.48699999,169380.69100036],[152000,169323.51700036],[152004.09500001,169317.50400034],[152006.59974673,169319.20971176],[152000,169328.64000036],[151964.92192292,169379.45288428],[151966.56217446,169380.66985833],[151964.35664191,169383.66069743],[151963.50850232,169384.2722042],[151962.72626736,169384.64349097],[151961.87788687,169385.04152676],[151960.48699999,169380.69100036]]]},"geometry_name":"GEOM","properties":{"INSPIRE_ID":"https://databrussels.be/id/streetsurface/157089","TYPE":"SW","STREET_ID":"https://databrussels.be/id/streetname/3071","STRNAMEFRE":"Avenue Edouard de Thibault","STRNAMEDUT":"Edouard de Thibaultlaan","MUNNISCODE":"21005","HIERARCHY":"DR","LVL":0,"ADMIN":"MUN_RBC","AREA":239},"bbox":[151960.48699999,169317.50400034,152006.59974673,169385.04152676]},{"type":"Feature","id":"StreetSurfaces.fid-77ff224d_1a03149e4eb_-23f6","geometry":{"type":"Polygon","coordinates":[[[152019.84021513,169328.22676748],[152020.08901453,169327.87294096],[152020.86655252,169327.07780437],[152021.43496487,169326.7002077],[152021.97820892,169326.4464043],[152022.41226456,169326.26129009],[152023.08925159,169326.07092902],[152023.56103961,169325.96495484],[152023.94036956,169325.92648896],[152024.66626523,169325.87783088],[152025.19759357,169325.88595962],[152025.76393848,169325.97054519],[152026.29737392,169326.14873537],[152027.49939337,169326.80125417],[152028.30109229,169327.36026141],[152025.6,169330.69000036],[152024.69000001,169330.80000035],[152023.78,169330.91000034],[152019.84021513,169328.22676748]]]},"geometry_name":"GEOM","properties":{"INSPIRE_ID":"https://databrussels.be/id/streetsurface/157090","TYPE":"SW","STREET_ID":"https://databrussels.be/id/streetname/3071","STRNAMEFRE":"Avenue Edouard de Thibault","STRNAMEDUT":"Edouard de Thibaultlaan","MUNNISCODE":"21005","HIERARCHY":"DR","LVL":0,"ADMIN":"MUN_RBC","AREA":27},"bbox":[152019.84021513,169325.87783088,152028.30109229,169330.91000034]},{"type":"Feature","id":"StreetSurfaces.fid-77ff224d_1a03149e4eb_-23be","geometry":{"type":"Polygon","coordinates":[[[152033.43479967,169480.71828817],[152033.17999999,169480.56000034],[152025.19000001,169475.40000035],[152016.23,169468.74000036],[152005.85999999,169459.83000034],[152000,169453.86000034],[151991.77000001,169445.46000034],[151986.15,169439.13000034],[151981.45999999,169432.82000035],[151976.28,169425.38000034],[151972.7524328,169419.82552101],[151971.37836671,169420.56831078],[151970.42229843,169419.04469589],[151967.76337058,169414.80736042],[151969.777,169409.74900035],[151977.75,169422.42000035],[151989.74000001,169438.92000035],[151997.9,169447.86000034],[152002.09000001,169452.04000036],[152011.58,169460.94000036],[152019.927,169467.93000034],[152025.029,169471.69400036],[152035.13900001,169478.43600034],[152033.43479967,169480.71828817]]]},"geometry_name":"GEOM","properties":{"INSPIRE_ID":"https://databrussels.be/id/streetsurface/157091","TYPE":"SW","STREET_ID":"https://databrussels.be/id/streetname/494","STRNAMEFRE":"Rue de la Gare","STRNAMEDUT":"Stationstraat","MUNNISCODE":"21005","HIERARCHY":"DR","LVL":0,"ADMIN":"MUN_RBC","AREA":289},"bbox":[151967.76337058,169409.74900035,152035.13900001,169480.71828817]},{"type":"Feature","id":"StreetSurfaces.fid-77ff224d_1a03149e4eb_-23b2","geometry":{"type":"Polygon","coordinates":[[[152049.51500001,169501.89400035],[152052.11792338,169498.93420443],[152053.88900001,169499.98200034],[152053.024,169501.44500035],[152060.59000001,169505.63000034],[152088.32000001,169522.08000034],[152112.17,169536.28000034],[152129.77000001,169546.59000036],[152153.95999999,169560.81000034],[152164.08,169566.83000034],[152183.48,169578.34000036],[152194.59200001,169584.87900034],[152194.901,169585.06000034],[152195.80499999,169583.51600036],[152200.86700001,169586.51100034],[152202.54710212,169587.75430707],[152203.96600001,169589.28900036],[152204.33522103,169589.8639425],[152201.04000001,169592.37000035],[152200.24000001,169591.25000035],[152199.399,169590.54400035],[152049.51500001,169501.89400035]]]},"geometry_name":"GEOM","properties":{"INSPIRE_ID":"https://databrussels.be/id/streetsurface/157092","TYPE":"SW","STREET_ID":"https://databrussels.be/id/streetname/494","STRNAMEFRE":"Rue de la Gare","STRNAMEDUT":"Stationstraat","MUNNISCODE":"21005","HIERARCHY":"DR","LVL":0,"ADMIN":"MUN_RBC","AREA":444},"bbox":[152049.51500001,169498.93420443,152204.33522103,169592.37000035]},{"type":"Feature","id":"StreetSurfaces.fid-77ff224d_1a03149e4eb_-23b3","geometry":{"type":"Polygon","coordinates":[[[152037.72196667,169503.07762858],[152040.647,169498.99900035],[152041.728,169497.82800035],[152043.06199999,169496.95800034],[152044.56900001,169496.44000036],[152046.15699999,169496.30700034],[152047.729,169496.56600036],[152049.19000001,169497.20200034],[152052.11792338,169498.93420443],[152049.51500001,169501.89400035],[152044.65,169502.91000034],[152039.78599999,169503.92600035],[152037.72196667,169503.07762858]]]},"geometry_name":"GEOM","properties":{"INSPIRE_ID":"https://databrussels.be/id/streetsurface/157093","TYPE":"SW","STREET_ID":"https://databrussels.be/id/streetname/2459","STRNAMEFRE":"Rue de la Grande Haie","STRNAMEDUT":"Grote Haagstraat","MUNNISCODE":"21005","HIERARCHY":"DR","LVL":0,"ADMIN":"MUN_RBC","AREA":65},"bbox":[152037.72196667,169496.30700034,152052.11792338,169503.92600035]},{"type":"Feature","id":"StreetSurfaces.fid-77ff224d_1a03149e4eb_-23bc","geometry":{"type":"Polygon","coordinates":[[[152012.68699999,169304.88800036],[152015.2515795,169306.63466741],[152009.07000001,169315.68000034],[152006.59974673,169319.20971176],[152004.09500001,169317.50400034],[152007.38399999,169312.67500035],[152012.68699999,169304.88800036]]]},"geometry_name":"GEOM","properties":{"INSPIRE_ID":"https://databrussels.be/id/streetsurface/157745","TYPE":"SW","STREET_ID":"https://databrussels.be/id/streetname/3071","STRNAMEFRE":"Avenue Edouard de Thibault","STRNAMEDUT":"Edouard de Thibaultlaan","MUNNISCODE":"21005","HIERARCHY":"DR","LVL":0,"ADMIN":"MUN_RBC","AREA":47},"bbox":[152004.09500001,169304.88800036,152015.2515795,169319.20971176]},{"type":"Feature","id":"StreetSurfaces.fid-77ff224d_1a03149e4eb_-23f1","geometry":{"type":"Polygon","coordinates":[[[152060.8390657,169263.71021489],[152065.2,169265.53000034],[152063.46300001,169269.29500035],[152058.53499999,169278.83200034],[152052.576,169288.69000036],[152032.58399999,169318.43900036],[152028.53714685,169315.68292574],[152028.6036819,169315.57714538],[152028.96547155,169315.13762642],[152030.50205126,169316.11639446],[152046.63,169292.06000034],[152050.48199999,169286.36100034],[152054.09200001,169280.50500034],[152057.452,169274.50200035],[152060.55599999,169268.36400036],[152062.08099999,169265.00500035],[152060.52000001,169264.42600035],[152060.8390657,169263.71021489]]]},"geometry_name":"GEOM","properties":{"INSPIRE_ID":"https://databrussels.be/id/streetsurface/157899","TYPE":"SW","STREET_ID":"https://databrussels.be/id/streetname/3071","STRNAMEFRE":"Avenue Edouard de Thibault","STRNAMEDUT":"Edouard de Thibaultlaan","MUNNISCODE":"21005","HIERARCHY":"DR","LVL":0,"ADMIN":"MUN_RBC","AREA":190},"bbox":[152028.53714685,169263.71021489,152065.2,169318.43900036]},{"type":"Feature","id":"StreetSurfaces.fid-77ff224d_1a03149e4eb_-23f3","geometry":{"type":"Polygon","coordinates":[[[152032.58399999,169318.43900036],[152032.84300001,169319.94000036],[152033.102,169321.44100036],[152030.54970698,169324.5879892],[152028.7203332,169323.22410857],[152028.22550759,169322.68933932],[152027.82967196,169322.05111772],[152027.56127584,169321.46071896],[152027.37669785,169320.8025941],[152027.16347456,169319.96080021],[152027.12826068,169319.36008424],[152027.16622927,169318.67388915],[152027.26487503,169318.11123868],[152027.44355872,169317.52542819],[152027.75177395,169316.93154634],[152028.53714685,169315.68292574],[152032.58399999,169318.43900036]]]},"geometry_name":"GEOM","properties":{"INSPIRE_ID":"https://databrussels.be/id/streetsurface/157900","TYPE":"SW","STREET_ID":"https://databrussels.be/id/streetname/3071","STRNAMEFRE":"Avenue Edouard de Thibault","STRNAMEDUT":"Edouard de Thibaultlaan","MUNNISCODE":"21005","HIERARCHY":"DR","LVL":0,"ADMIN":"MUN_RBC","AREA":34},"bbox":[152027.12826068,169315.68292574,152033.102,169324.5879892]},{"type":"Feature","id":"StreetSurfaces.fid-77ff224d_1a03149e4eb_-23f4","geometry":{"type":"Polygon","coordinates":[[[152025.6,169330.69000036],[152028.30109229,169327.36026141],[152029.05009007,169327.88252126],[152027.96003668,169329.46836571],[152043.23,169340.12000035],[152061.60999999,169353.14000036],[152083.22000001,169368.52000035],[152106.45999999,169384.91000034],[152107.42,169385.59000036],[152107.88,169385.95000035],[152108.70877183,169386.54954554],[152107.33,169388.53000034],[152025.6,169330.69000036]]]},"geometry_name":"GEOM","properties":{"INSPIRE_ID":"https://databrussels.be/id/streetsurface/157901","TYPE":"SW","STREET_ID":"https://databrussels.be/id/streetname/2697","STRNAMEFRE":"Rue Jean Massart","STRNAMEDUT":"Jean Massartstraat","MUNNISCODE":"21005","HIERARCHY":"DR","LVL":0,"ADMIN":"MUN_RBC","AREA":246},"bbox":[152025.6,169327.36026141,152108.70877183,169388.53000034]},{"type":"Feature","id":"StreetSurfaces.fid-77ff224d_1a03149e4eb_-23b9","geometry":{"type":"Polygon","coordinates":[[[152033.43479967,169480.71828817],[152035.13900001,169478.43600034],[152039.88199999,169477.49000036],[152044.625,169476.54300035],[152047.13382528,169477.94426242],[152047.05,169478.07000035],[152046.9,169478.30000035],[152046.72000001,169478.52000035],[152046.45,169478.72000035],[152046.15999999,169478.90000035],[152045.85,169479.05000035],[152045.65,169479.15000035],[152045.45,169479.23000034],[152045.25999999,169479.32000035],[152036.74000001,169481.02000035],[152036.33,169481.13000034],[152035.92999999,169481.23000034],[152035.52000001,169481.29000036],[152035.23,169481.30000035],[152034.94000001,169481.28000034],[152034.65,169481.23000034],[152034.40999999,169481.16000034],[152034.15999999,169481.08000034],[152033.92999999,169480.98000034],[152033.67,169480.85000035],[152033.43479967,169480.71828817]]]},"geometry_name":"GEOM","properties":{"INSPIRE_ID":"https://databrussels.be/id/streetsurface/157902","TYPE":"SW","STREET_ID":"https://databrussels.be/id/streetname/2459","STRNAMEFRE":"Rue de la Grande Haie","STRNAMEDUT":"Grote Haagstraat","MUNNISCODE":"21005","HIERARCHY":"DR","LVL":0,"ADMIN":"MUN_RBC","AREA":34},"bbox":[152033.43479967,169476.54300035,152047.13382528,169481.30000035]},{"type":"Feature","id":"StreetSurfaces.fid-77ff224d_1a03149e4eb_-23b5","geometry":{"type":"Polygon","coordinates":[[[152210.7277452,169585.00234591],[152210.12881646,169584.1397123],[152208.45459816,169582.24926459],[152206.56959887,169580.56891428],[152204.03399999,169578.83000034],[152192.30599999,169571.84000036],[152168.75,169557.90000035],[152140.92,169541.28000035],[152133.00999999,169536.84000036],[152123.05,169530.99000036],[152105.89000001,169520.81000034],[152084.44000001,169508.19000036],[152069.12000001,169499.04000036],[152058.09000001,169492.42000035],[152057.94658878,169492.30570127],[152059.94400001,169490.03400034],[152105.79000001,169517.41000034],[152112.25,169521.04000036],[152163.102,169551.14700035],[152196.6,169570.98000034],[152207.14000001,169577.69200035],[152210.051,169580.16600036],[152212.48499999,169583.04300035],[152212.74000001,169583.47200035],[152210.7277452,169585.00234591]]]},"geometry_name":"GEOM","properties":{"INSPIRE_ID":"https://databrussels.be/id/streetsurface/157903","TYPE":"SW","STREET_ID":"https://databrussels.be/id/streetname/494","STRNAMEFRE":"Rue de la Gare","STRNAMEDUT":"Stationstraat","MUNNISCODE":"21005","HIERARCHY":"DR","LVL":0,"ADMIN":"MUN_RBC","AREA":525},"bbox":[152057.94658878,169490.03400034,152212.74000001,169585.00234591]},{"type":"Feature","id":"StreetSurfaces.fid-77ff224d_1a03149e4eb_-23b1","geometry":{"type":"Polygon","coordinates":[[[151937.998,169593.94500035],[152005.19000001,169532.21000034],[152028.795,169499.40900034],[152032.78395233,169501.04813673],[152031.70799999,169502.64100036],[152030.045,169501.56300036],[152011.4,169527.54000036],[152009.4,169530.42000035],[152008.35,169531.82000035],[152007.25999999,169533.10000035],[152006.13,169534.34000036],[152004.97000001,169535.55000035],[152003.70999999,169536.79000036],[152002.42,169537.99000036],[152001.13,169539.20000035],[152000,169540.24000036],[151989.97000001,169549.47000035],[151978.80999999,169559.74000036],[151967.64000001,169570.01000034],[151957.33,169579.51000034],[151939.67849898,169595.77471999],[151937.998,169593.94500035]]]},"geometry_name":"GEOM","properties":{"INSPIRE_ID":"https://databrussels.be/id/streetsurface/158730","TYPE":"SW","STREET_ID":"https://databrussels.be/id/streetname/2459","STRNAMEFRE":"Rue de la Grande Haie","STRNAMEDUT":"Grote Haagstraat","MUNNISCODE":"21005","HIERARCHY":"DR","LVL":0,"ADMIN":"MUN_RBC","AREA":319},"bbox":[151937.998,169499.40900034,152032.78395233,169595.77471999]},{"type":"Feature","id":"StreetSurfaces.fid-77ff224d_1a03149e4eb_-23d1","geometry":{"type":"Polygon","coordinates":[[[152048.09500001,169242.27600035],[152051.1188647,169243.21340624],[152050.8,169244.17000035],[152050.37000001,169245.38000034],[152049.97000001,169246.48000034],[152049.13,169248.66000034],[152048.65,169249.94000036],[152047.69000001,169252.48000034],[152045.55595555,169257.3329755],[152042.89100001,169256.22100035],[152044.15,169253.53000034],[152046.78,169246.52000035],[152048.09500001,169242.27600035]]]},"geometry_name":"GEOM","properties":{"INSPIRE_ID":"https://databrussels.be/id/streetsurface/159129","TYPE":"SW","STREET_ID":"https://databrussels.be/id/streetname/3071","STRNAMEFRE":"Avenue Edouard de Thibault","STRNAMEDUT":"Edouard de Thibaultlaan","MUNNISCODE":"21005","HIERARCHY":"DR","LVL":0,"ADMIN":"MUN_RBC","AREA":45},"bbox":[152042.89100001,169242.27600035,152051.1188647,169257.3329755]},{"type":"Feature","id":"StreetSurfaces.fid-77ff224d_1a03149e4eb_-23cc","geometry":{"type":"Polygon","coordinates":[[[152079.26190918,169158.43555869],[152079.86268969,169163.57577402],[152073.18283382,169164.27302722],[152068.15029919,169164.79970824],[152062.12587893,169165.43013071],[152061.12519732,169165.46193563],[152060.11097262,169165.44910759],[152059.09817255,169165.39127163],[152058.08963866,169165.30946445],[152055.88098786,169165.02689432],[152056.12000001,169159.89000036],[152056.90650103,169160.01370668],[152058.90849772,169160.16995529],[152059.89056199,169160.18951315],[152060.91203125,169160.17483317],[152061.91504061,169160.14007923],[152062.92669737,169160.05390095],[152064.18710849,169159.9314526],[152067.53988304,169159.61571132],[152071.5142987,169159.22288708],[152079.26190918,169158.43555869]]]},"geometry_name":"GEOM","properties":{"INSPIRE_ID":"https://databrussels.be/id/streetsurface/159130","TYPE":"SW","STREET_ID":"https://databrussels.be/id/streetname/3071","STRNAMEFRE":"Avenue Edouard de Thibault","STRNAMEDUT":"Edouard de Thibaultlaan","MUNNISCODE":"21005","HIERARCHY":"DC","LVL":0,"ADMIN":"MUN_RBC","AREA":123},"bbox":[152055.88098786,169158.43555869,152079.86268969,169165.46193563]},{"type":"Feature","id":"StreetSurfaces.fid-77ff224d_1a03149e4eb_-23c6","geometry":{"type":"Polygon","coordinates":[[[152079.26190918,169158.43555869],[152084.9,169157.86000034],[152115.84069395,169154.83979513],[152127.46262791,169153.72833325],[152130.49584894,169153.43525149],[152141.533145,169152.33707978],[152141.87588854,169155.14976951],[152137.09680646,169155.64545383],[152137.29976878,169157.62169448],[152134.75139167,169157.89129766],[152134.55874798,169155.88827049],[152128.86261642,169156.47102436],[152129.07278132,169158.45488624],[152117.07848883,169159.68046836],[152116.87540817,169157.69947275],[152101.0277118,169159.34431521],[152081.81576037,169161.36010579],[152082.05282736,169163.34716424],[152079.86268969,169163.57577402],[152079.26190918,169158.43555869]]]},"geometry_name":"GEOM","properties":{"INSPIRE_ID":"https://databrussels.be/id/streetsurface/159131","TYPE":"SW","STREET_ID":"https://databrussels.be/id/streetname/4579","STRNAMEFRE":"Place du Roi Vainqueur","STRNAMEDUT":"Koning Overwinnaarplein","MUNNISCODE":"21005","HIERARCHY":"DC","LVL":0,"ADMIN":"MUN_RBC","AREA":221},"bbox":[152079.26190918,169152.33707978,152141.87588854,169163.57577402]},{"type":"Feature","id":"StreetSurfaces.fid-77ff224d_1a03149e4eb_-23c9","geometry":{"type":"Polygon","coordinates":[[[152070.56682458,169254.25495676],[152068.33499999,169252.64000036],[152068.23800001,169252.55900034],[152068.01700001,169252.35500034],[152067.80999999,169252.13500034],[152067.61900001,169251.90100035],[152067.44500001,169251.65500035],[152067.28900001,169251.39700035],[152067.15,169251.12900035],[152067.03099999,169250.85200035],[152066.93199999,169250.56700035],[152066.852,169250.27600035],[152066.79300001,169249.98000034],[152066.755,169249.68100034],[152066.73800001,169249.38000035],[152066.74200001,169249.07800035],[152066.76700001,169248.77700035],[152066.81300001,169248.47900034],[152066.879,169248.18500034],[152071.27000001,169249.46000034],[152070.56682458,169254.25495676]]]},"geometry_name":"GEOM","properties":{"INSPIRE_ID":"https://databrussels.be/id/streetsurface/159132","TYPE":"SW","STREET_ID":"https://databrussels.be/id/streetname/3071","STRNAMEFRE":"Avenue Edouard de Thibault","STRNAMEDUT":"Edouard de Thibaultlaan","MUNNISCODE":"21005","HIERARCHY":"DR","LVL":0,"ADMIN":"MUN_RBC","AREA":17},"bbox":[152066.73800001,169248.18500034,152071.27000001,169254.25495676]},{"type":"Feature","id":"StreetSurfaces.fid-77ff224d_1a03149e4eb_-23c8","geometry":{"type":"Polygon","coordinates":[[[152071.27000001,169249.46000034],[152066.879,169248.18500034],[152066.96600001,169247.89600035],[152067.073,169247.61400036],[152068.074,169244.27800034],[152069.58900001,169244.80200035],[152069.85,169243.90000035],[152070.35,169242.17000035],[152070.90999999,169240.27000036],[152071.47000001,169238.38000034],[152071.98,169236.48000034],[152072.74000001,169233.07000035],[152073.37000001,169229.64000036],[152073.95999999,169226.20000035],[152074.3,169224.33000034],[152074.62000001,169222.46000034],[152074.90999999,169220.59000036],[152075.10999999,169219.01000034],[152075.28,169217.43000034],[152075.45,169215.84000036],[152075.65,169214.06000034],[152075.84000001,169212.28000034],[152076.00999999,169210.50000035],[152076.14000001,169208.65000035],[152076.23,169206.81000034],[152076.62193494,169201.33871605],[152076.74842665,169191.89504594],[152076.23854568,169182.25458087],[152076.05784786,169180.08397702],[152078.43800001,169179.87800035],[152079.55699999,169189.34100036],[152079.25699999,169189.33300034],[152079.58199999,169196.20300035],[152079.54100001,169203.08000034],[152079.13499999,169209.94600035],[152077.73,169221.35000035],[152076.25999999,169229.51000034],[152074.12000001,169239.18000034],[152071.27000001,169249.46000034]]]},"geometry_name":"GEOM","properties":{"INSPIRE_ID":"https://databrussels.be/id/streetsurface/159133","TYPE":"SW","STREET_ID":"https://databrussels.be/id/streetname/3071","STRNAMEFRE":"Avenue Edouard de Thibault","STRNAMEDUT":"Edouard de Thibaultlaan","MUNNISCODE":"21005","HIERARCHY":"DR","LVL":0,"ADMIN":"MUN_RBC","AREA":205},"bbox":[152066.879,169179.87800035,152079.58199999,169249.46000034]},{"type":"Feature","id":"StreetSurfaces.fid-77ff224d_1a03149e4eb_-2412","geometry":{"type":"Polygon","coordinates":[[[152373.52000001,169186.29000036],[152371.72538805,169188.94384951],[152368.80999999,169186.52000035],[152364.82000001,169182.95000035],[152360.84000001,169179.37000035],[152359.41099999,169178.08800036],[152360.696,169176.62700035],[152356.39885731,169172.80739478],[152347.50685418,169164.90355097],[152342.051,169160.05400035],[152340.795,169161.43200034],[152337.89000001,169158.84000036],[152328.39000001,169150.36000034],[152325.873,169148.11200034],[152327.19100001,169146.65500035],[152318.19016902,169138.61298432],[152321.74200001,169134.69400035],[152322.29000001,169135.19000036],[152330.84000001,169142.29000036],[152343.65,169154.42000035],[152348.36400001,169158.61300036],[152348.85088241,169159.04615473],[152357.84024575,169167.04353136],[152358.15999999,169167.32800035],[152368.1,169176.17000035],[152371.09300001,169183.97400035],[152373.52000001,169186.29000036]]]},"geometry_name":"GEOM","properties":{"INSPIRE_ID":"https://databrussels.be/id/streetsurface/159160","TYPE":"SW","STREET_ID":"https://databrussels.be/id/streetname/3335","STRNAMEFRE":"Pont Fernand Demany","STRNAMEDUT":"Fernand Demanybrug","MUNNISCODE":"21005","HIERARCHY":"DC","LVL":0,"ADMIN":"MUN_RBC","AREA":434},"bbox":[152318.19016902,169134.69400035,152373.52000001,169188.94384951]},{"type":"Feature","id":"StreetSurfaces.fid-77ff224d_1a03149e4eb_-2385","geometry":{"type":"Polygon","coordinates":[[[152393.60368953,169069.50323047],[152394.851,169067.32800035],[152446.23,169111.90000035],[152444.75162292,169113.94195296],[152444.25999999,169113.62000035],[152443.85999999,169113.26000034],[152443.45999999,169112.91000034],[152427.02000001,169098.55000035],[152406.45,169080.75000035],[152393.60368953,169069.50323047]]]},"geometry_name":"GEOM","properties":{"INSPIRE_ID":"https://databrussels.be/id/streetsurface/159161","TYPE":"SW","STREET_ID":"https://databrussels.be/id/streetname/3007","STRNAMEFRE":"Rue des Sicambres","STRNAMEDUT":"Sikambrenstraat","MUNNISCODE":"21005","HIERARCHY":"DR","LVL":0,"ADMIN":"MUN_RBC","AREA":171},"bbox":[152393.60368953,169067.32800035,152446.23,169113.94195296]},{"type":"Feature","id":"StreetSurfaces.fid-77ff224d_1a03149e4eb_-2388","geometry":{"type":"Polygon","coordinates":[[[152449.19000001,169111.59000036],[152495.41300001,169054.23300034],[152497.42999999,169051.73000034],[152503.50999999,169043.99000036],[152504.23110871,169047.27612664],[152503.32000001,169048.42000035],[152499.35999999,169053.37000035],[152477.49000001,169080.70000035],[152458.49000001,169104.11000034],[152451.28,169113.02000035],[152451.12061331,169113.15125996],[152449.19000001,169111.59000036]]]},"geometry_name":"GEOM","properties":{"INSPIRE_ID":"https://databrussels.be/id/streetsurface/159162","TYPE":"SW","STREET_ID":"https://databrussels.be/id/streetname/3029","STRNAMEFRE":"Rue de l'Escadron","STRNAMEDUT":"Eskadronstraat","MUNNISCODE":"21005","HIERARCHY":"DC","LVL":0,"ADMIN":"MUN_RBC","AREA":221},"bbox":[152449.19000001,169043.99000036,152504.23110871,169113.15125996]},{"type":"Feature","id":"StreetSurfaces.fid-77ff224d_1a03149e4eb_-23ab","geometry":{"type":"Polygon","coordinates":[[[152047.76171548,169107.78049082],[152048.26714854,169113.16976742],[152046.5183207,169114.08926546],[152044.80972352,169115.18754005],[152042.51138413,169116.97415175],[152041.01176937,169118.36391286],[152039.26937687,169120.2678987],[152037.51478162,169122.52195069],[152035.972802,169124.97973227],[152034.97108884,169127.14492096],[152034.19853849,169129.21702889],[152028.73473103,169129.74809791],[152028.93143117,169128.9258027],[152029.21406655,169127.94427115],[152029.53442173,169126.97337548],[152029.71149988,169126.5095036],[152031.58943863,169127.25022287],[152032.09542344,169125.99574808],[152032.96771698,169124.13792981],[152033.43465555,169123.25706588],[152033.95730274,169122.35917746],[152034.48669798,169121.51394583],[152035.0655551,169120.66500525],[152035.65651572,169119.87500726],[152036.27784247,169119.07495374],[152036.91766973,169118.26405965],[152037.5856246,169117.48901702],[152038.9800108,169116.03836261],[152039.69643414,169115.34010698],[152040.47448602,169114.65033428],[152042.05097284,169113.36266479],[152043.71610231,169112.2005283],[152044.543557,169111.67498085],[152045.42108893,169111.17005376],[152047.55755425,169110.0784192],[152046.67461376,169108.28267926],[152047.50337689,169107.89631335],[152047.76171548,169107.78049082]]]},"geometry_name":"GEOM","properties":{"INSPIRE_ID":"https://databrussels.be/id/streetsurface/159203","TYPE":"SW","STREET_ID":"https://databrussels.be/id/streetname/4579","STRNAMEFRE":"Place du Roi Vainqueur","STRNAMEDUT":"Koning Overwinnaarplein","MUNNISCODE":"21005","HIERARCHY":"DC","LVL":0,"ADMIN":"MUN_RBC","AREA":83},"bbox":[152028.73473103,169107.78049082,152048.26714854,169129.74809791]},{"type":"Feature","id":"StreetSurfaces.fid-77ff224d_1a03149e4eb_-242c","geometry":{"type":"Polygon","coordinates":[[[152156.17127185,169125.66270236],[152162.12335031,169125.10005373],[152162.16930721,169125.51058804],[152162.23699696,169126.51878199],[152162.23878691,169127.53633443],[152162.20909309,169128.54349371],[152162.1430474,169129.55494],[152162.01723769,169130.56224622],[152161.87342207,169131.55049097],[152161.68338888,169132.55271954],[152161.3046623,169134.52348262],[152161.06072042,169135.81291007],[152160.89210997,169136.59812669],[152158.93785369,169136.84323012],[152158.9381705,169137.05961665],[152157.18467069,169137.15977522],[152156.64323721,169130.63131515],[152156.17127185,169125.66270236]]]},"geometry_name":"GEOM","properties":{"INSPIRE_ID":"https://databrussels.be/id/streetsurface/159204","TYPE":"SW","STREET_ID":"https://databrussels.be/id/streetname/4579","STRNAMEFRE":"Place du Roi Vainqueur","STRNAMEDUT":"Koning Overwinnaarplein","MUNNISCODE":"21005","HIERARCHY":"DC","LVL":0,"ADMIN":"MUN_RBC","AREA":59},"bbox":[152156.17127185,169125.10005373,152162.23878691,169137.15977522]},{"type":"Feature","id":"StreetSurfaces.fid-77ff224d_1a03149e4eb_-2427","geometry":{"type":"Polygon","coordinates":[[[152214.52311013,169232.19268722],[152212.89000001,169230.08000034],[152200.11350145,169213.90972859],[152193.13892167,169205.25509547],[152191.70707097,169206.41932198],[152186.26410067,169199.61323706],[152187.70873039,169198.44844321],[152183.9585798,169193.72852692],[152181.46865876,169190.57787553],[152177.24125392,169185.2659537],[152172.70131607,169179.59093088],[152168.74865217,169174.65611211],[152167.09246233,169172.58376621],[152169.23,169170.86000034],[152175.05999999,169178.02000035],[152179.51000044,169183.46999997],[152184.28,169189.33000034],[152187.95,169193.94000036],[152191.73,169198.71000034],[152195.43000023,169203.37000002],[152198.86999955,169207.70000004],[152202.29000042,169212.0000002],[152216.2,169229.52100035],[152214.52311013,169232.19268722]]]},"geometry_name":"GEOM","properties":{"INSPIRE_ID":"https://databrussels.be/id/streetsurface/159205","TYPE":"SW","STREET_ID":"https://databrussels.be/id/streetname/1155","STRNAMEFRE":"Rue Bruylants","STRNAMEDUT":"Bruylantsstraat","MUNNISCODE":"21005","HIERARCHY":"DR","LVL":0,"ADMIN":"MUN_RBC","AREA":237},"bbox":[152167.09246233,169170.86000034,152216.2,169232.19268722]},{"type":"Feature","id":"StreetSurfaces.fid-77ff224d_1a03149e4eb_-23de","geometry":{"type":"Polygon","coordinates":[[[152160.951,169313.15900034],[152207.29200001,169247.86000034],[152210.76490891,169250.32846781],[152209.346,169252.32900035],[152207.80699999,169251.29300036],[152188.84000001,169278.14000036],[152171.94000001,169301.73000034],[152170.24200001,169304.17400035],[152171.73800001,169305.29200036],[152170.355,169307.28800036],[152168.83299999,169306.20200034],[152165.08192344,169311.60043163],[152166.40820773,169312.46416127],[152164.28890047,169315.50738152],[152160.951,169313.15900034]]]},"geometry_name":"GEOM","properties":{"INSPIRE_ID":"https://databrussels.be/id/streetsurface/159206","TYPE":"SW","STREET_ID":"https://databrussels.be/id/streetname/2459","STRNAMEFRE":"Rue de la Grande Haie","STRNAMEDUT":"Grote Haagstraat","MUNNISCODE":"21005","HIERARCHY":"DR","LVL":0,"ADMIN":"MUN_RBC","AREA":209},"bbox":[152160.951,169247.86000034,152210.76490891,169315.50738152]},{"type":"Feature","id":"StreetSurfaces.fid-77ff224d_1a03149e4eb_-2425","geometry":{"type":"Polygon","coordinates":[[[152207.26600001,169243.75500034],[152208.97388165,169241.03393618],[152209.99000001,169242.29000036],[152210.69000001,169243.29000036],[152211.56315446,169244.69132198],[152211.93653381,169245.48230323],[152212.21666627,169246.23129334],[152212.2636996,169246.57492804],[152212.28140714,169247.1121066],[152212.08826187,169247.80591113],[152211.63410084,169248.96835853],[152210.76490891,169250.32846781],[152207.29200001,169247.86000034],[152207.279,169245.80800034],[152207.26600001,169243.75500034]]]},"geometry_name":"GEOM","properties":{"INSPIRE_ID":"https://databrussels.be/id/streetsurface/159207","TYPE":"SW","STREET_ID":"https://databrussels.be/id/streetname/1155","STRNAMEFRE":"Rue Bruylants","STRNAMEDUT":"Bruylantsstraat","MUNNISCODE":"21005","HIERARCHY":"DR","LVL":0,"ADMIN":"MUN_RBC","AREA":30},"bbox":[152207.26600001,169241.03393618,152212.28140714,169250.32846781]},{"type":"Feature","id":"StreetSurfaces.fid-77ff224d_1a03149e4eb_-23dd","geometry":{"type":"Polygon","coordinates":[[[152161.74713476,169330.79664403],[152162.86870379,169329.80425426],[152163.95628285,169329.02332718],[152165.15951965,169328.59909989],[152169.95999999,169321.79000036],[152171.05624402,169320.26897716],[152173.51199999,169321.99700035],[152169.49400001,169327.70800034],[152165.475,169333.41900035],[152161.74713476,169330.79664403]]]},"geometry_name":"GEOM","properties":{"INSPIRE_ID":"https://databrussels.be/id/streetsurface/159208","TYPE":"SW","STREET_ID":"https://databrussels.be/id/streetname/3211","STRNAMEFRE":"Rue Fort de Boncelles","STRNAMEDUT":"Fort van Boncellesstraat","MUNNISCODE":"21005","HIERARCHY":"DR","LVL":0,"ADMIN":"MUN_RBC","AREA":46},"bbox":[152161.74713476,169320.26897716,152173.51199999,169333.41900035]},{"type":"Feature","id":"StreetSurfaces.fid-77ff224d_1a03149e4eb_-2394","geometry":{"type":"Polygon","coordinates":[[[152276.25,169037.87000036],[152280.17776146,169038.86294123],[152279.05,169042.90000035],[152278.85999999,169043.69000036],[152278.65999999,169044.48000034],[152278.35,169045.19000036],[152277.94000001,169045.72000035],[152277.44000001,169046.20000035],[152276.9,169046.61000034],[152276.33,169046.94000036],[152275.72000001,169047.20000035],[152275.09000001,169047.38000034],[152274.34000001,169047.51000034],[152273.55999999,169047.52000035],[152272.82000001,169047.41000034],[152272.17,169047.19000036],[152271.54000001,169046.85000035],[152270.98,169046.44000036],[152270.49000001,169045.90000035],[152270.07000001,169045.28000034],[152269.65999999,169044.65000035],[152267.46132612,169040.67358829],[152271.42,169038.47000035],[152273.83499999,169038.17000035],[152276.25,169037.87000036]]]},"geometry_name":"GEOM","properties":{"INSPIRE_ID":"https://databrussels.be/id/streetsurface/159265","TYPE":"SW","STREET_ID":"https://databrussels.be/id/streetname/4495","STRNAMEFRE":"Rue Aviateur Thieffry","STRNAMEDUT":"Vlieger Thieffrystraat","MUNNISCODE":"21005","HIERARCHY":"DR","LVL":0,"ADMIN":"MUN_RBC","AREA":85},"bbox":[152267.46132612,169037.87000036,152280.17776146,169047.52000035]},{"type":"Feature","id":"StreetSurfaces.fid-77ff224d_1a03149e4eb_-2481","geometry":{"type":"Polygon","coordinates":[[[152443.255,169149.85900034],[152446.88011742,169148.63933467],[152447.19000001,169149.56000034],[152446.23,169151.50000035],[152458.14000001,169187.87000035],[152467.82000001,169217.25000035],[152479.47000001,169252.73000034],[152489.19000001,169282.62000035],[152494.64300001,169298.53900036],[152497.929,169308.67800035],[152499.88,169309.85000035],[152500.61538279,169312.11531746],[152496.75999999,169313.28000034],[152443.255,169149.85900034]]]},"geometry_name":"GEOM","properties":{"INSPIRE_ID":"https://databrussels.be/id/streetsurface/159266","TYPE":"SW","STREET_ID":"https://databrussels.be/id/streetname/4100","STRNAMEFRE":"Rue des Atrébates","STRNAMEDUT":"Atrebatenstraat","MUNNISCODE":"21005","HIERARCHY":"DR","LVL":0,"ADMIN":"MUN_RBC","AREA":418},"bbox":[152443.255,169148.63933467,152500.61538279,169313.28000034]},{"type":"Feature","id":"StreetSurfaces.fid-77ff224d_1a03149e4eb_-2484","geometry":{"type":"Polygon","coordinates":[[[152443.255,169149.85900034],[152441.29400001,169149.59000036],[152439.33199999,169149.32100035],[152436.99101403,169147.43814851],[152437.55,169146.70000035],[152438.45,169145.79000036],[152439.02000001,169145.32000035],[152439.63,169144.90000035],[152440.27000001,169144.57000035],[152441.05999999,169144.33000034],[152441.90999999,169144.21000034],[152442.73,169144.25000035],[152443.62000001,169144.48000034],[152444.49000001,169144.91000034],[152445.24000001,169145.47000035],[152445.72000001,169146.08000034],[152446.10999999,169146.79000036],[152446.5,169147.51000034],[152446.88011742,169148.63933467],[152443.255,169149.85900034]]]},"geometry_name":"GEOM","properties":{"INSPIRE_ID":"https://databrussels.be/id/streetsurface/159267","TYPE":"SW","STREET_ID":"https://databrussels.be/id/streetname/3029","STRNAMEFRE":"Rue de l'Escadron","STRNAMEDUT":"Eskadronstraat","MUNNISCODE":"21005","HIERARCHY":"DC","LVL":0,"ADMIN":"MUN_RBC","AREA":38},"bbox":[152436.99101403,169144.21000034,152446.88011742,169149.85900034]},{"type":"Feature","id":"StreetSurfaces.fid-77ff224d_1a03149e4eb_-23fa","geometry":{"type":"Polygon","coordinates":[[[152197.24000001,169006.04000036],[152194.49419456,169004.66132266],[152194.55,169004.55000035],[152194.77000001,169004.13000034],[152194.9,169003.94000036],[152195.05999999,169003.78000034],[152195.4,169003.50000035],[152199.3332747,169000.66739511],[152197.24000001,169006.04000036]]]},"geometry_name":"GEOM","properties":{"INSPIRE_ID":"https://databrussels.be/id/streetsurface/159277","TYPE":"SW","STREET_ID":"https://databrussels.be/id/streetname/4032","STRNAMEFRE":"Rue de Tervaete","STRNAMEDUT":"Tervaetestraat","MUNNISCODE":"21005","HIERARCHY":"DR","LVL":0,"ADMIN":"MUN_RBC","AREA":10},"bbox":[152194.49419456,169000.66739511,152199.3332747,169006.04000036]},{"type":"Feature","id":"StreetSurfaces.fid-77ff224d_1a03149e4eb_-23fd","geometry":{"type":"Polygon","coordinates":[[[152197.24000001,169006.04000036],[152166.47000001,169067.33500034],[152160.53299999,169079.12500035],[152157.97135172,169077.83860664],[152158.25099423,169077.2866162],[152162.07731197,169069.67760495],[152163.95554035,169065.96553644],[152173.28,169046.98000034],[152194.49419456,169004.66132266],[152197.24000001,169006.04000036]]]},"geometry_name":"GEOM","properties":{"INSPIRE_ID":"https://databrussels.be/id/streetsurface/159278","TYPE":"SW","STREET_ID":"https://databrussels.be/id/streetname/4032","STRNAMEFRE":"Rue de Tervaete","STRNAMEDUT":"Tervaetestraat","MUNNISCODE":"21005","HIERARCHY":"DR","LVL":0,"ADMIN":"MUN_RBC","AREA":245},"bbox":[152157.97135172,169004.66132266,152197.24000001,169079.12500035]},{"type":"Feature","id":"StreetSurfaces.fid-77ff224d_1a03149e4eb_-23a0","geometry":{"type":"Polygon","coordinates":[[[152175.73599999,169111.95300035],[152189.64000001,169110.84300036],[152197,169110.39500035],[152203.17400539,169110.15300953],[152208.89000001,169110.00884279],[152214.50799999,169109.93000034],[152233.33,169110.16000034],[152248.39300001,169111.04000036],[152267.476,169112.87300035],[152266.9940367,169116.333876],[152266.73,169116.31000034],[152265.60999999,169116.17000035],[152264.48,169116.03000035],[152256.29000001,169115.28000035],[152248.10999999,169114.53000034],[152239.90999999,169113.95000035],[152233.20999999,169113.66000034],[152226.49000001,169113.49000036],[152219.78,169113.41000034],[152212.37000001,169113.44000036],[152204.95,169113.59000036],[152197.17260127,169113.74972812],[152193.80224934,169113.93216788],[152190.80676298,169114.10071928],[152186.80134316,169114.39791967],[152183.81526589,169114.61717986],[152179.24028397,169115.01107439],[152179.42694154,169116.9884793],[152176.26049576,169117.27806429],[152175.73599999,169111.95300035]]]},"geometry_name":"GEOM","properties":{"INSPIRE_ID":"https://databrussels.be/id/streetsurface/159279","TYPE":"SW","STREET_ID":"https://databrussels.be/id/streetname/3339","STRNAMEFRE":"Avenue du Front","STRNAMEDUT":"Frontlaan","MUNNISCODE":"21005","HIERARCHY":"DC","LVL":0,"ADMIN":"MUN_RBC","AREA":320},"bbox":[152175.73599999,169109.93000034,152267.476,169117.27806429]},{"type":"Feature","id":"StreetSurfaces.fid-77ff224d_1a03149e4eb_-2441","geometry":{"type":"Polygon","coordinates":[[[152422.6,169339.91000034],[152423.89959819,169344.09865631],[152423.73,169344.16000034],[152423.25999999,169344.33000034],[152422.78,169344.45000035],[152422.19000001,169344.50000035],[152421.6,169344.48000034],[152421.00999999,169344.41000034],[152420.05,169344.21000034],[152419.12000001,169343.87000035],[152418.25,169343.43000034],[152417.54000001,169342.96000034],[152416.88,169342.40000035],[152416.30999999,169341.77000035],[152415.94000001,169341.17000035],[152415.47497528,169340.1949485],[152419.73,169338.66000034],[152421.16500001,169339.28500034],[152422.6,169339.91000034]]]},"geometry_name":"GEOM","properties":{"INSPIRE_ID":"https://databrussels.be/id/streetsurface/159280","TYPE":"SW","STREET_ID":"https://databrussels.be/id/streetname/4504","STRNAMEFRE":"Rue Charles Legrelle","STRNAMEDUT":"Charles Legrellestraat","MUNNISCODE":"21005","HIERARCHY":"DC","LVL":0,"ADMIN":"MUN_RBC","AREA":32},"bbox":[152415.47497528,169338.66000034,152423.89959819,169344.50000035]},{"type":"Feature","id":"StreetSurfaces.fid-77ff224d_1a03149e4eb_-246e","geometry":{"type":"Polygon","coordinates":[[[152502.304,169330.16100034],[152500.95599999,169329.51000034],[152499.60699999,169328.85800034],[152498.26105766,169324.71678659],[152499.42,169324.45000035],[152500.37000001,169324.44000036],[152501.32000001,169324.54000036],[152502.24000001,169324.75000035],[152502.94000001,169325.01000034],[152503.63,169325.35000035],[152504.23,169325.77000035],[152504.84000001,169326.55000035],[152505.29000001,169327.48000034],[152505.75,169328.41000034],[152505.98245387,169329.05828835],[152502.304,169330.16100034]]]},"geometry_name":"GEOM","properties":{"INSPIRE_ID":"https://databrussels.be/id/streetsurface/159281","TYPE":"SW","STREET_ID":"https://databrussels.be/id/streetname/4504","STRNAMEFRE":"Rue Charles Legrelle","STRNAMEDUT":"Charles Legrellestraat","MUNNISCODE":"21005","HIERARCHY":"DR","LVL":0,"ADMIN":"MUN_RBC","AREA":29},"bbox":[152498.26105766,169324.44000036,152505.98245387,169330.16100034]},{"type":"Feature","id":"StreetSurfaces.fid-77ff224d_1a03149e4eb_-2431","geometry":{"type":"Polygon","coordinates":[[[152338.66099999,169356.82200035],[152344.29042101,169358.11536483],[152343.35699999,169361.70100035],[152341.602,169361.31000034],[152339.08299999,169372.04500035],[152341.08499999,169372.50100035],[152339.86485572,169377.36532749],[152334.23800001,169376.07300035],[152336.45,169366.44700035],[152338.66099999,169356.82200035]]]},"geometry_name":"GEOM","properties":{"INSPIRE_ID":"https://databrussels.be/id/streetsurface/159292","TYPE":"SW","STREET_ID":"https://databrussels.be/id/streetname/5326","STRNAMEFRE":"Rue Père de Deken","STRNAMEDUT":"Pater de Dekenstraat","MUNNISCODE":"21005","HIERARCHY":"DR","LVL":0,"ADMIN":"MUN_RBC","AREA":93},"bbox":[152334.23800001,169356.82200035,152344.29042101,169377.36532749]},{"type":"Feature","id":"StreetSurfaces.fid-77ff224d_1a03149e4eb_-246b","geometry":{"type":"Polygon","coordinates":[[[152352.70999999,169360.05000035],[152347.80210035,169358.92224549],[152348.571,169355.81000034],[152350.076,169356.13600034],[152353.02000001,169343.68000034],[152358.60999999,169320.14000036],[152363.37000001,169299.13000034],[152368.38,169277.94000036],[152370.92499547,169267.23809022],[152374.10999999,169267.99000036],[152352.70999999,169360.05000035]]]},"geometry_name":"GEOM","properties":{"INSPIRE_ID":"https://databrussels.be/id/streetsurface/159293","TYPE":"SW","STREET_ID":"https://databrussels.be/id/streetname/5326","STRNAMEFRE":"Rue Père de Deken","STRNAMEDUT":"Pater de Dekenstraat","MUNNISCODE":"21005","HIERARCHY":"DR","LVL":0,"ADMIN":"MUN_RBC","AREA":323},"bbox":[152347.80210035,169267.23809022,152374.10999999,169360.05000035]},{"type":"Feature","id":"StreetSurfaces.fid-77ff224d_1a03149e4eb_-244a","geometry":{"type":"Polygon","coordinates":[[[152354.95,169361.89000036],[152356.40743039,169366.34452266],[152354.44400001,169366.74000036],[152352.76600001,169366.77600035],[152351.60599999,169366.64000036],[152351.38299999,169366.60800034],[152351.045,169366.53900036],[152350.71199999,169366.44600035],[152350.38599999,169366.33000034],[152350.06900001,169366.19200035],[152349.76300001,169366.03200034],[152349.46900001,169365.85100035],[152349.18800001,169365.65000035],[152348.921,169365.42900034],[152348.671,169365.19100036],[152348.43800001,169364.93600034],[152348.223,169364.66500036],[152348.028,169364.38000034],[152347.853,169364.08200034],[152347.699,169363.77300035],[152347.56700001,169363.45300035],[152347.45799999,169363.12500035],[152347.372,169362.79100036],[152347.30899999,169362.45100035],[152347.271,169362.10700034],[152347.25599999,169361.76200034],[152347.26600001,169361.41700036],[152347.299,169361.07300035],[152347.35699999,169360.73200034],[152347.43800001,169360.39600035],[152347.80210035,169358.92224549],[152352.70999999,169360.05000035],[152353.83,169360.97000035],[152354.95,169361.89000036]]]},"geometry_name":"GEOM","properties":{"INSPIRE_ID":"https://databrussels.be/id/streetsurface/159294","TYPE":"SW","STREET_ID":"https://databrussels.be/id/streetname/5326","STRNAMEFRE":"Rue Père de Deken","STRNAMEDUT":"Pater de Dekenstraat","MUNNISCODE":"21005","HIERARCHY":"DR","LVL":0,"ADMIN":"MUN_RBC","AREA":50},"bbox":[152347.25599999,169358.92224549,152356.40743039,169366.77600035]},{"type":"Feature","id":"StreetSurfaces.fid-77ff224d_1a03149e4eb_-2447","geometry":{"type":"Polygon","coordinates":[[[152357.94050643,169371.03025006],[152360.604,169370.17100035],[152360.99200001,169371.52200035],[152378.89000001,169365.60000035],[152406.09000001,169356.67000035],[152407.07000001,169354.96000034],[152407.3555341,169354.91183797],[152408.54000001,169359.11000034],[152359.30999999,169375.21600036],[152357.94050643,169371.03025006]]]},"geometry_name":"GEOM","properties":{"INSPIRE_ID":"https://databrussels.be/id/streetsurface/159295","TYPE":"SW","STREET_ID":"https://databrussels.be/id/streetname/4504","STRNAMEFRE":"Rue Charles Legrelle","STRNAMEDUT":"Charles Legrellestraat","MUNNISCODE":"21005","HIERARCHY":"DR","LVL":0,"ADMIN":"MUN_RBC","AREA":163},"bbox":[152357.94050643,169354.91183797,152408.54000001,169375.21600036]},{"type":"Feature","id":"StreetSurfaces.fid-77ff224d_1a03149e4eb_-243e","geometry":{"type":"Polygon","coordinates":[[[152442.23,169460.87000035],[152442.94500001,169459.47000035],[152443.65999999,169458.07000035],[152447.913007,169456.66052481],[152447.97000001,169456.86000034],[152448.03,169457.34000036],[152448.03,169457.83000034],[152447.99000001,169458.32000035],[152447.90999999,169458.98000034],[152447.78,169459.63000034],[152447.60999999,169460.27000035],[152447.32000001,169461.15000035],[152446.95,169462.00000035],[152446.42999999,169462.73000034],[152445.88,169463.15000035],[152445.24000001,169463.50000035],[152444.59000001,169463.84000036],[152443.47000001,169464.42000035],[152442.23,169460.87000035]]]},"geometry_name":"GEOM","properties":{"INSPIRE_ID":"https://databrussels.be/id/streetsurface/159296","TYPE":"SW","STREET_ID":"https://databrussels.be/id/streetname/5545","STRNAMEFRE":"Rue des Bollandistes","STRNAMEDUT":"Bollandistenstraat","MUNNISCODE":"21005","HIERARCHY":"DC","LVL":0,"ADMIN":"MUN_RBC","AREA":28},"bbox":[152442.23,169456.66052481,152448.03,169464.42000035]},{"type":"Feature","id":"StreetSurfaces.fid-77ff224d_1a03149e4eb_-2471","geometry":{"type":"Polygon","coordinates":[[[152536.26049652,169439.96614133],[152537.39000001,169443.57000035],[152464.69000001,169467.87000035],[152463.40785985,169464.04979252],[152463.60999999,169463.97000035],[152465.50999999,169464.97000035],[152487.47000001,169457.53000034],[152533.45999999,169442.37000035],[152534.29000001,169440.58000034],[152536.26049652,169439.96614133]]]},"geometry_name":"GEOM","properties":{"INSPIRE_ID":"https://databrussels.be/id/streetsurface/159298","TYPE":"SW","STREET_ID":"https://databrussels.be/id/streetname/5545","STRNAMEFRE":"Rue des Bollandistes","STRNAMEDUT":"Bollandistenstraat","MUNNISCODE":"21005","HIERARCHY":"DR","LVL":0,"ADMIN":"MUN_RBC","AREA":197},"bbox":[152463.40785985,169439.96614133,152537.39000001,169467.87000035]},{"type":"Feature","id":"StreetSurfaces.fid-77ff224d_1a03149e4eb_-247a","geometry":{"type":"Polygon","coordinates":[[[152498.26105766,169324.71678659],[152499.60699999,169328.85800034],[152426.67999999,169353.06000034],[152425.31639302,169348.66504156],[152425.42,169348.61000034],[152427.63,169349.59000036],[152452.49000001,169341.41000034],[152495.599,169327.16800036],[152496.254,169325.41200034],[152497.804,169324.82200035],[152498.26105766,169324.71678659]]]},"geometry_name":"GEOM","properties":{"INSPIRE_ID":"https://databrussels.be/id/streetsurface/159369","TYPE":"SW","STREET_ID":"https://databrussels.be/id/streetname/4504","STRNAMEFRE":"Rue Charles Legrelle","STRNAMEDUT":"Charles Legrellestraat","MUNNISCODE":"21005","HIERARCHY":"DR","LVL":0,"ADMIN":"MUN_RBC","AREA":230},"bbox":[152425.31639302,169324.71678659,152499.60699999,169353.06000034]},{"type":"Feature","id":"StreetSurfaces.fid-77ff224d_1a03149e4eb_-23cf","geometry":{"type":"Polygon","coordinates":[[[152048.09500001,169242.27600035],[152050.23,169235.39000036],[152051.90999999,169228.54000036],[152053.128,169222.49200036],[152053.974,169217.04600035],[152054.55,169212.00000035],[152055.65,169198.54000036],[152055.096,169181.89900035],[152058.04110551,169181.61082305],[152058.26251516,169184.36776809],[152058.69000001,169194.57000035],[152058.69000001,169196.13000034],[152058.67999999,169197.69000036],[152058.65,169199.26000034],[152058.59000001,169200.61000034],[152058.40999999,169203.31000034],[152058.22000001,169206.13000034],[152058.02000001,169208.96000034],[152057.78,169211.77000035],[152057.52000001,169214.36000034],[152057.23,169216.94000036],[152056.87000001,169219.51000034],[152056.55,169221.44000036],[152056.19000001,169223.37000035],[152055.80999999,169225.29000036],[152055.30999999,169227.71000034],[152054.79000001,169230.12000035],[152054.22000001,169232.52000035],[152053.42,169235.61000034],[152052.55,169238.67000035],[152051.60999999,169241.72000035],[152051.20999999,169242.94000036],[152051.1188647,169243.21340624],[152048.09500001,169242.27600035]]]},"geometry_name":"GEOM","properties":{"INSPIRE_ID":"https://databrussels.be/id/streetsurface/159407","TYPE":"SW","STREET_ID":"https://databrussels.be/id/streetname/3071","STRNAMEFRE":"Avenue Edouard de Thibault","STRNAMEDUT":"Edouard de Thibaultlaan","MUNNISCODE":"21005","HIERARCHY":"DR","LVL":0,"ADMIN":"MUN_RBC","AREA":195},"bbox":[152048.09500001,169181.61082305,152058.69000001,169243.21340624]},{"type":"Feature","id":"StreetSurfaces.fid-77ff224d_1a03149e4eb_-23f0","geometry":{"type":"Polygon","coordinates":[[[152112.77644105,169380.706784],[152112.15999999,169380.34000036],[152101.15,169372.60000035],[152068.67999999,169349.62000035],[152053.65999999,169338.94000036],[152032.03635991,169323.53083612],[152031.00475555,169324.92724842],[152030.54970698,169324.5879892],[152033.102,169321.44100036],[152114.09000001,169378.82000035],[152112.77644105,169380.706784]]]},"geometry_name":"GEOM","properties":{"INSPIRE_ID":"https://databrussels.be/id/streetsurface/159408","TYPE":"SW","STREET_ID":"https://databrussels.be/id/streetname/2697","STRNAMEFRE":"Rue Jean Massart","STRNAMEDUT":"Jean Massartstraat","MUNNISCODE":"21005","HIERARCHY":"DR","LVL":0,"ADMIN":"MUN_RBC","AREA":239},"bbox":[152030.54970698,169321.44100036,152114.09000001,169380.706784]},{"type":"Feature","id":"StreetSurfaces.fid-77ff224d_1a03149e4eb_-23ef","geometry":{"type":"Polygon","coordinates":[[[152044.625,169476.54300035],[152107.33,169388.53000034],[152110.85338709,169391.03628234],[152110.74014938,169391.51059057],[152109.32000001,169393.71000034],[152107.95899999,169395.65500034],[152106.33,169394.52800034],[152088.89000001,169419.17000035],[152075.85,169437.37000035],[152060.03,169459.86000034],[152047.20999999,169477.83000034],[152047.13382528,169477.94426242],[152044.625,169476.54300035]]]},"geometry_name":"GEOM","properties":{"INSPIRE_ID":"https://databrussels.be/id/streetsurface/159409","TYPE":"SW","STREET_ID":"https://databrussels.be/id/streetname/2459","STRNAMEFRE":"Rue de la Grande Haie","STRNAMEDUT":"Grote Haagstraat","MUNNISCODE":"21005","HIERARCHY":"DR","LVL":0,"ADMIN":"MUN_RBC","AREA":309},"bbox":[152044.625,169388.53000034,152110.85338709,169477.94426242]},{"type":"Feature","id":"StreetSurfaces.fid-77ff224d_1a03149e4eb_-23e8","geometry":{"type":"Polygon","coordinates":[[[152107.33,169388.53000034],[152108.70877183,169386.54954554],[152109.63800015,169387.22176238],[152110.24854717,169387.76397633],[152110.7240217,169388.48955428],[152110.88205841,169389.05414087],[152110.95884922,169389.72440151],[152110.95867095,169390.59528982],[152110.85338709,169391.03628234],[152107.33,169388.53000034]]]},"geometry_name":"GEOM","properties":{"INSPIRE_ID":"https://databrussels.be/id/streetsurface/159410","TYPE":"SW","STREET_ID":"https://databrussels.be/id/streetname/2697","STRNAMEFRE":"Rue Jean Massart","STRNAMEDUT":"Jean Massartstraat","MUNNISCODE":"21005","HIERARCHY":"DR","LVL":0,"ADMIN":"MUN_RBC","AREA":8},"bbox":[152107.33,169386.54954554,152110.95884922,169391.03628234]},{"type":"Feature","id":"StreetSurfaces.fid-77ff224d_1a03149e4eb_-23b7","geometry":{"type":"Polygon","coordinates":[[[152056.04128153,169482.91937198],[152058.80499999,169484.46300036],[152059.374,169487.24800035],[152059.94400001,169490.03400034],[152057.94658878,169492.30570127],[152057.75999999,169492.16000034],[152057.65999999,169492.08000034],[152057.55999999,169491.99000036],[152057.48,169491.90000035],[152057.38,169491.73000034],[152057.3,169491.54000036],[152057.22000001,169491.35000035],[152057.15,169491.16000034],[152057.09000001,169490.96000034],[152057.02000001,169490.77000035],[152055.84000001,169484.97000035],[152055.80999999,169484.66000034],[152055.78,169484.34000036],[152055.77000001,169484.02000035],[152055.78,169483.81000034],[152055.8,169483.60000035],[152055.84000001,169483.40000035],[152055.92,169483.18000034],[152056.04128153,169482.91937198]]]},"geometry_name":"GEOM","properties":{"INSPIRE_ID":"https://databrussels.be/id/streetsurface/159411","TYPE":"SW","STREET_ID":"https://databrussels.be/id/streetname/2459","STRNAMEFRE":"Rue de la Grande Haie","STRNAMEDUT":"Grote Haagstraat","MUNNISCODE":"21005","HIERARCHY":"DR","LVL":0,"ADMIN":"MUN_RBC","AREA":23},"bbox":[152055.77000001,169482.91937198,152059.94400001,169492.30570127]},{"type":"Feature","id":"StreetSurfaces.fid-77ff224d_1a03149e4eb_-2382","geometry":{"type":"Polygon","coordinates":[[[152449.19000001,169111.59000036],[152451.12061331,169113.15125996],[152450.6,169113.58000034],[152450.24000001,169113.82000035],[152449.9,169113.96000034],[152449.54000001,169114.06000034],[152449.17999999,169114.17000035],[152446.60999999,169114.24000036],[152445.89000001,169114.28000034],[152445.54000001,169114.26000034],[152445.25,169114.17000035],[152444.95999999,169114.05000035],[152444.75162292,169113.94195296],[152446.23,169111.90000035],[152447.70999999,169111.74500035],[152449.19000001,169111.59000036]]]},"geometry_name":"GEOM","properties":{"INSPIRE_ID":"https://databrussels.be/id/streetsurface/159445","TYPE":"SW","STREET_ID":"https://databrussels.be/id/streetname/3029","STRNAMEFRE":"Rue de l'Escadron","STRNAMEDUT":"Eskadronstraat","MUNNISCODE":"21005","HIERARCHY":"DC","LVL":0,"ADMIN":"MUN_RBC","AREA":12},"bbox":[152444.75162292,169111.59000036,152451.12061331,169114.28000034]},{"type":"Feature","id":"StreetSurfaces.fid-77ff224d_1a03149e4eb_-2386","geometry":{"type":"Polygon","coordinates":[[[152507.98,169064.36000034],[152505.275,169067.57300035],[152461.578,169121.60800034],[152459.3558171,169119.81095253],[152462,169116.54000036],[152469.92,169106.77000035],[152477.69000001,169097.00000035],[152488.64000001,169083.26000034],[152496.67,169073.40000035],[152505.40999999,169062.49000036],[152505.99000001,169061.77000036],[152506.57000001,169061.06000034],[152507.12280068,169060.45370282],[152507.98,169064.36000034]]]},"geometry_name":"GEOM","properties":{"INSPIRE_ID":"https://databrussels.be/id/streetsurface/159447","TYPE":"SW","STREET_ID":"https://databrussels.be/id/streetname/3029","STRNAMEFRE":"Rue de l'Escadron","STRNAMEDUT":"Eskadronstraat","MUNNISCODE":"21005","HIERARCHY":"DC","LVL":0,"ADMIN":"MUN_RBC","AREA":223},"bbox":[152459.3558171,169060.45370282,152507.98,169121.60800034]},{"type":"Feature","id":"StreetSurfaces.fid-77ff224d_1a03149e4eb_-23d3","geometry":{"type":"Polygon","coordinates":[[[152030.38791754,169146.69528173],[152035.87074201,169146.18678633],[152036.95492485,169147.86756615],[152038.13675611,169149.47926704],[152039.43207665,169151.01010281],[152040.8549149,169152.44550249],[152042.37344184,169153.77176031],[152043.95120347,169155.00180232],[152045.61973476,169156.10384478],[152047.37518957,169157.08088688],[152049.17183688,169157.94631919],[152051.02411706,169158.68336977],[152052.95996411,169159.28751098],[152054.91891985,169159.72060398],[152056.12000001,169159.89000036],[152055.88098786,169165.02689432],[152055.59807735,169164.99069933],[152055.86678078,169163.0003708],[152054.51228864,169162.7926659],[152053.52422478,169162.59462189],[152052.53637939,169162.3669634],[152051.57400312,169162.11184513],[152050.60060437,169161.80587429],[152049.65110962,169161.47438559],[152048.70658586,169161.10707618],[152047.77391348,169160.69132609],[152046.85631533,169160.27357592],[152045.94436615,169159.83556186],[152045.05289717,169159.35572824],[152044.18255265,169158.84351906],[152043.31994622,169158.31647717],[152042.47977202,169157.75524222],[152041.66034021,169157.15308532],[152040.85839245,169156.53398167],[152040.07762451,169155.89676351],[152039.31296215,169155.22472247],[152038.57290864,169154.55215186],[152037.84214096,169153.83445534],[152037.14322536,169153.09696948],[152036.47530284,169152.34028389],[152035.83053517,169151.55579793],[152035.21707404,169150.74487943],[152034.62039235,169149.93152543],[152034.03630383,169149.11043898],[152033.51081982,169148.24115392],[152033.31697733,169147.93157727],[152031.60436556,169148.95010916],[152031.34507349,169148.51360084],[152030.85045955,169147.61662048],[152030.38791754,169146.69528173]]]},"geometry_name":"GEOM","properties":{"INSPIRE_ID":"https://databrussels.be/id/streetsurface/159495","TYPE":"SW","STREET_ID":"https://databrussels.be/id/streetname/4579","STRNAMEFRE":"Place du Roi Vainqueur","STRNAMEDUT":"Koning Overwinnaarplein","MUNNISCODE":"21005","HIERARCHY":"DC","LVL":0,"ADMIN":"MUN_RBC","AREA":90},"bbox":[152030.38791754,169146.18678633,152056.12000001,169165.02689432]},{"type":"Feature","id":"StreetSurfaces.fid-77ff224d_1a03149e4eb_-23c4","geometry":{"type":"Polygon","coordinates":[[[152154.52226472,169147.99067458],[152155.70155394,169149.32366091],[152155.17754817,169150.00427772],[152154.61803498,169150.66704518],[152156.16507652,169151.93729269],[152156.06023052,169152.07547528],[152155.27907491,169152.74239494],[152154.47890282,169153.35203339],[152153.64190059,169153.9232051],[152152.78176723,169154.45441302],[152151.89566543,169154.91281702],[152150.96054146,169155.33005697],[152149.98669369,169155.69552273],[152149.05012069,169155.98002113],[152148.05003195,169156.23699054],[152147.07544823,169156.44931835],[152146.0773483,169156.63122586],[152145.07425263,169156.79865488],[152144.07595818,169156.92307419],[152143.07259121,169157.04320876],[152142.84699707,169155.04904656],[152141.87588854,169155.14976951],[152141.533145,169152.33707978],[152149.44021189,169151.55962087],[152151.31972508,169150.94148592],[152152.54203429,169150.13524686],[152153.61887958,169149.14304453],[152154.52226472,169147.99067458]]]},"geometry_name":"GEOM","properties":{"INSPIRE_ID":"https://databrussels.be/id/streetsurface/159496","TYPE":"SW","STREET_ID":"https://databrussels.be/id/streetname/1155","STRNAMEFRE":"Rue Bruylants","STRNAMEDUT":"Bruylantsstraat","MUNNISCODE":"21005","HIERARCHY":"DC","LVL":0,"ADMIN":"MUN_RBC","AREA":61},"bbox":[152141.533145,169147.99067458,152156.16507652,169157.04320876]},{"type":"Feature","id":"StreetSurfaces.fid-77ff224d_1a03149e4eb_-23e9","geometry":{"type":"Polygon","coordinates":[[[152160.951,169313.15900034],[152158.30447423,169316.82118134],[152156.10999999,169315.41400036],[152157.274,169313.77400035],[152147.71400001,169306.96600036],[152146.75699999,169308.06600036],[152145.772,169308.09300035],[152144.66199999,169307.27300035],[152144.674,169306.12400035],[152145.31400001,169305.25600034],[152135.43599999,169298.22100035],[152134.69000001,169299.19000036],[152133.74200001,169299.33200034],[152132.58499999,169298.50800034],[152132.299,169297.57500035],[152133.05,169296.52200035],[152123.36800001,169289.62600035],[152122.68900001,169290.45500034],[152121.723,169290.70700034],[152120.499,169289.83100034],[152120.37000001,169288.83600034],[152121.023,169287.95600034],[152111.33299999,169281.05500034],[152110.13900001,169282.60000035],[152105.15699999,169279.05400034],[152106.35799999,169277.51200034],[152106.175,169277.38200034],[152096.673,169270.61400036],[152096.06800001,169271.41900035],[152094.85,169271.55700034],[152093.873,169270.82400035],[152093.696,169269.69300036],[152094.23699999,169268.88000034],[152084.553,169261.98200034],[152083.90799999,169262.77600035],[152082.84500001,169262.99700035],[152081.672,169262.09600035],[152081.49300001,169261.06700036],[152082.102,169260.23700034],[152077.38699999,169256.87900034],[152076.33800001,169258.43100034],[152070.56682458,169254.25495676],[152071.27000001,169249.46000034],[152084.34000001,169258.44000036],[152160.951,169313.15900034]]]},"geometry_name":"GEOM","properties":{"INSPIRE_ID":"https://databrussels.be/id/streetsurface/159497","TYPE":"SW","STREET_ID":"https://databrussels.be/id/streetname/3211","STRNAMEFRE":"Rue Fort de Boncelles","STRNAMEDUT":"Fort van Boncellesstraat","MUNNISCODE":"21005","HIERARCHY":"DR","LVL":0,"ADMIN":"MUN_RBC","AREA":349},"bbox":[152070.56682458,169249.46000034,152160.951,169316.82118134]},{"type":"Feature","id":"StreetSurfaces.fid-77ff224d_1a03149e4eb_-23e5","geometry":{"type":"Polygon","coordinates":[[[152152.77000001,169324.48000034],[152156.38073349,169327.02092899],[152154.572,169329.61800036],[152153.198,169331.50400035],[152151.58800001,169330.41300036],[152135.2,169353.84000036],[152131.05899999,169359.61500036],[152127.50899999,169364.56800035],[152117.85,169378.04000036],[152117.779,169378.16600036],[152119.38699999,169379.31200034],[152118.09400001,169381.19500035],[152117.7736084,169381.44033405],[152114.09000001,169378.82000035],[152152.77000001,169324.48000034]]]},"geometry_name":"GEOM","properties":{"INSPIRE_ID":"https://databrussels.be/id/streetsurface/159498","TYPE":"SW","STREET_ID":"https://databrussels.be/id/streetname/2459","STRNAMEFRE":"Rue de la Grande Haie","STRNAMEDUT":"Grote Haagstraat","MUNNISCODE":"21005","HIERARCHY":"DR","LVL":0,"ADMIN":"MUN_RBC","AREA":191},"bbox":[152114.09000001,169324.48000034,152156.38073349,169381.44033405]},{"type":"Feature","id":"StreetSurfaces.fid-77ff224d_1a03149e4eb_-23e1","geometry":{"type":"Polygon","coordinates":[[[152152.77000001,169324.48000034],[152155.49134586,169320.71403028],[152155.71900001,169320.88000034],[152156.81251931,169321.88038529],[152157.1865499,169322.64484173],[152157.44414303,169323.61267108],[152157.52743914,169324.60924837],[152157.38375528,169325.58073939],[152156.38073349,169327.02092899],[152152.77000001,169324.48000034]]]},"geometry_name":"GEOM","properties":{"INSPIRE_ID":"https://databrussels.be/id/streetsurface/159499","TYPE":"SW","STREET_ID":"https://databrussels.be/id/streetname/3211","STRNAMEFRE":"Rue Fort de Boncelles","STRNAMEDUT":"Fort van Boncellesstraat","MUNNISCODE":"21005","HIERARCHY":"DR","LVL":0,"ADMIN":"MUN_RBC","AREA":17},"bbox":[152152.77000001,169320.71403028,152157.52743914,169327.02092899]},{"type":"Feature","id":"StreetSurfaces.fid-77ff224d_1a03149e4eb_-23e4","geometry":{"type":"Polygon","coordinates":[[[152124.48275588,169386.21271257],[152127.129,169388.09500035],[152123.7,169392.91600036],[152120.272,169397.73600034],[152117.6590291,169395.87732238],[152124.48275588,169386.21271257]]]},"geometry_name":"GEOM","properties":{"INSPIRE_ID":"https://databrussels.be/id/streetsurface/159500","TYPE":"SW","STREET_ID":"https://databrussels.be/id/streetname/2697","STRNAMEFRE":"Rue Jean Massart","STRNAMEDUT":"Jean Massartstraat","MUNNISCODE":"21005","HIERARCHY":"DR","LVL":0,"ADMIN":"MUN_RBC","AREA":38},"bbox":[152117.6590291,169386.21271257,152127.129,169397.73600034]},{"type":"Feature","id":"StreetSurfaces.fid-77ff224d_1a03149e4eb_-2439","geometry":{"type":"Polygon","coordinates":[[[152312.89822335,169493.49306959],[152312.597,169494.34800035],[152312.101,169495.21800036],[152311.504,169495.70100035],[152310.675,169496.09300035],[152310.129,169496.16800036],[152309.91900001,169496.18600034],[152307.54400001,169506.55500034],[152308.077,169507.38600034],[152308.475,169508.45100035],[152308.51700001,169509.29700035],[152308.451,169510.22100035],[152308.33599999,169511.11200034],[152307.76500001,169513.82700035],[152305.9030551,169521.67561535],[152304.11516726,169521.26142877],[152300.83699999,169520.50200035],[152305.36228182,169500.96367132],[152307.021,169493.802],[152307.38800001,169492.21700036],[152312.89822335,169493.49306959]]]},"geometry_name":"GEOM","properties":{"INSPIRE_ID":"https://databrussels.be/id/streetsurface/159501","TYPE":"SW","STREET_ID":"https://databrussels.be/id/streetname/5326","STRNAMEFRE":"Rue Père de Deken","STRNAMEDUT":"Pater de Dekenstraat","MUNNISCODE":"21005","HIERARCHY":"DR","LVL":0,"ADMIN":"MUN_RBC","AREA":129},"bbox":[152300.83699999,169492.21700036,152312.89822335,169521.67561535]},{"type":"Feature","id":"StreetSurfaces.fid-77ff224d_1a03149e4eb_-2433","geometry":{"type":"Polygon","coordinates":[[[152320.63499999,169495.28500034],[152316.25390017,169494.27026276],[152316.55899999,169492.68400034],[152318.09000001,169493.05000035],[152321.50999999,169478.12000035],[152324.07000001,169467.09000036],[152331.70999999,169434.42000035],[152337.12000001,169410.56000034],[152343.44400001,169384.13500034],[152341.80999999,169383.69700035],[152343.35065939,169378.16623031],[152348.10999999,169379.26000034],[152320.63499999,169495.28500034]]]},"geometry_name":"GEOM","properties":{"INSPIRE_ID":"https://databrussels.be/id/streetsurface/159502","TYPE":"SW","STREET_ID":"https://databrussels.be/id/streetname/5326","STRNAMEFRE":"Rue Père de Deken","STRNAMEDUT":"Pater de Dekenstraat","MUNNISCODE":"21005","HIERARCHY":"DR","LVL":0,"ADMIN":"MUN_RBC","AREA":402},"bbox":[152316.25390017,169378.16623031,152348.10999999,169495.28500034]},{"type":"Feature","id":"StreetSurfaces.fid-77ff224d_1a03149e4eb_-2432","geometry":{"type":"Polygon","coordinates":[[[152332.60189681,169499.76259155],[152325.05,169502.36000034],[152325.59000001,169504.05000035],[152324.55,169504.31000034],[152323.54000001,169504.42000035],[152322.63,169504.30000035],[152321.80999999,169504.01000034],[152321.07000001,169503.59000036],[152319.14101172,169502.12844609],[152320.63499999,169495.28500034],[152323.13800001,169497.47200035],[152325.64000001,169499.65900034],[152331.877,169497.58400034],[152332.60189681,169499.76259155]]]},"geometry_name":"GEOM","properties":{"INSPIRE_ID":"https://databrussels.be/id/streetsurface/159503","TYPE":"SW","STREET_ID":"https://databrussels.be/id/streetname/5545","STRNAMEFRE":"Rue des Bollandistes","STRNAMEDUT":"Bollandistenstraat","MUNNISCODE":"21005","HIERARCHY":"DR","LVL":0,"ADMIN":"MUN_RBC","AREA":55},"bbox":[152319.14101172,169495.28500034,152332.60189681,169504.42000035]},{"type":"Feature","id":"StreetSurfaces.fid-77ff224d_1a03149e4eb_-23f9","geometry":{"type":"Polygon","coordinates":[[[152012.68699999,169304.88800036],[152030.7,169278.44000036],[152036.45,169269.21000034],[152038.03,169266.88000034],[152039.30999999,169264.64000036],[152042.25999999,169257.57000035],[152042.89100001,169256.22100035],[152045.55595555,169257.3329755],[152043.64000001,169261.69000036],[152041.74000001,169265.40000035],[152039.53,169269.70000035],[152035.64000001,169276.11000034],[152034.15,169278.49000036],[152033.25,169279.98000034],[152032.33,169281.34000036],[152029.2,169285.93000034],[152021.05,169298.15000035],[152015.2515795,169306.63466741],[152012.68699999,169304.88800036]]]},"geometry_name":"GEOM","properties":{"INSPIRE_ID":"https://databrussels.be/id/streetsurface/159511","TYPE":"SW","STREET_ID":"https://databrussels.be/id/streetname/3071","STRNAMEFRE":"Avenue Edouard de Thibault","STRNAMEDUT":"Edouard de Thibaultlaan","MUNNISCODE":"21005","HIERARCHY":"DR","LVL":0,"ADMIN":"MUN_RBC","AREA":170},"bbox":[152012.68699999,169256.22100035,152045.55595555,169306.63466741]},{"type":"Feature","id":"StreetSurfaces.fid-77ff224d_1a03149e4eb_-23ec","geometry":{"type":"Polygon","coordinates":[[[152060.8390657,169263.71021489],[152062.899,169259.08900036],[152063.04300001,169258.87400035],[152063.201,169258.66900036],[152063.374,169258.47600035],[152063.55899999,169258.29500035],[152063.75599999,169258.12800035],[152063.96500001,169257.97500035],[152064.18399999,169257.83700034],[152064.41199999,169257.71400036],[152064.648,169257.60800034],[152064.89000001,169257.51800036],[152065.13900001,169257.44500035],[152065.39200001,169257.39000036],[152065.648,169257.35300035],[152065.90599999,169257.33400034],[152066.16500001,169257.33200034],[152066.423,169257.34900035],[152066.679,169257.38400034],[152066.93299999,169257.43700034],[152067.18199999,169257.50700034],[152067.425,169257.59400035],[152067.66199999,169257.69800035],[152067.89200001,169257.81900035],[152069.8427618,169259.19234415],[152069.05999999,169264.53000035],[152067.13,169265.03000034],[152065.2,169265.53000034],[152060.8390657,169263.71021489]]]},"geometry_name":"GEOM","properties":{"INSPIRE_ID":"https://databrussels.be/id/streetsurface/159512","TYPE":"SW","STREET_ID":"https://databrussels.be/id/streetname/3071","STRNAMEFRE":"Avenue Edouard de Thibault","STRNAMEDUT":"Edouard de Thibaultlaan","MUNNISCODE":"21005","HIERARCHY":"DR","LVL":0,"ADMIN":"MUN_RBC","AREA":52},"bbox":[152060.8390657,169257.33200034,152069.8427618,169265.53000034]},{"type":"Feature","id":"StreetSurfaces.fid-77ff224d_1a03149e4eb_-23d8","geometry":{"type":"Polygon","coordinates":[[[151988.71046822,169147.63700751],[151996.34100001,169146.81400036],[152000,169146.41935107],[152001.33752792,169146.2582426],[152009.59284186,169145.37582015],[152011.12716398,169143.38401677],[152011.88374965,169143.33563611],[152012.56695268,169148.34805743],[152012.41942544,169148.29530648],[152009.20558167,169148.58293346],[152006.06495833,169148.87845952],[152001.64048455,169149.33967561],[151997.13170784,169149.78849153],[151993.00699999,169150.30600034],[151991.773,169150.45400035],[151989.89500001,169150.62100035],[151989.05799999,169150.75300035],[151988.71046822,169147.63700751]]]},"geometry_name":"GEOM","properties":{"INSPIRE_ID":"https://databrussels.be/id/streetsurface/159578","TYPE":"SW","STREET_ID":"https://databrussels.be/id/streetname/1122","STRNAMEFRE":"Avenue du Onze Novembre","STRNAMEDUT":"Elf Novemberlaan","MUNNISCODE":"21005","HIERARCHY":"DC","LVL":0,"ADMIN":"MUN_RBC","AREA":76},"bbox":[151988.71046822,169143.33563611,152012.56695268,169150.75300035]},{"type":"Feature","id":"StreetSurfaces.fid-77ff224d_1a03149e4eb_-243d","geometry":{"type":"Polygon","coordinates":[[[152445.49661319,169470.35339123],[152445.65999999,169470.03000034],[152446.44000001,169469.97000035],[152447.23,169469.90000035],[152448,169469.92000035],[152448.92,169470.10000035],[152449.82000001,169470.40000035],[152450.67,169470.82000035],[152451.40999999,169471.31000034],[152452.1,169471.90000035],[152452.67999999,169472.57000035],[152453.00999999,169473.14000036],[152453.28,169473.76000034],[152453.41561756,169474.06029636],[152449.59100001,169475.39600035],[152448.826,169474.62500035],[152448.36400001,169474.41300036],[152447.901,169474.20000035],[152446.772,169474.05600034],[152445.49661319,169470.35339123]]]},"geometry_name":"GEOM","properties":{"INSPIRE_ID":"https://databrussels.be/id/streetsurface/159587","TYPE":"SW","STREET_ID":"https://databrussels.be/id/streetname/5545","STRNAMEFRE":"Rue des Bollandistes","STRNAMEDUT":"Bollandistenstraat","MUNNISCODE":"21005","HIERARCHY":"DC","LVL":0,"ADMIN":"MUN_RBC","AREA":27},"bbox":[152445.49661319,169469.90000035,152453.41561756,169475.39600035]},{"type":"Feature","id":"StreetSurfaces.fid-77ff224d_1a03149e4eb_-244c","geometry":{"type":"Polygon","coordinates":[[[152445.49661319,169470.35339123],[152446.772,169474.05600034],[152444.55999999,169474.57000035],[152336.33599999,169510.98700034],[152335.488833,169508.44017841],[152444.69400001,169471.94200035],[152445.49661319,169470.35339123]]]},"geometry_name":"GEOM","properties":{"INSPIRE_ID":"https://databrussels.be/id/streetsurface/159588","TYPE":"SW","STREET_ID":"https://databrussels.be/id/streetname/5545","STRNAMEFRE":"Rue des Bollandistes","STRNAMEDUT":"Bollandistenstraat","MUNNISCODE":"21005","HIERARCHY":"DR","LVL":0,"ADMIN":"MUN_RBC","AREA":300},"bbox":[152335.488833,169470.35339123,152446.772,169510.98700034]},{"type":"Feature","id":"StreetSurfaces.fid-77ff224d_1a03149e4eb_-2474","geometry":{"type":"Polygon","coordinates":[[[152463.38,169470.58000034],[152495.58,169568.09000036],[152491.48436339,169569.41011545],[152491.25999999,169568.89000036],[152492.2,169567.43000034],[152489.02000001,169557.19000036],[152481.55,169534.50000035],[152474.7,169513.68000034],[152466.53,169489.29000036],[152461.17,169473.20000035],[152459.58,169472.41000034],[152459.30999999,169472.26000034],[152459.16418016,169472.05254084],[152463.38,169470.58000034]]]},"geometry_name":"GEOM","properties":{"INSPIRE_ID":"https://databrussels.be/id/streetsurface/159589","TYPE":"SW","STREET_ID":"https://databrussels.be/id/streetname/3353","STRNAMEFRE":"Avenue de l'Armée","STRNAMEDUT":"Legerlaan","MUNNISCODE":"21005","HIERARCHY":"DC","LVL":0,"ADMIN":"MUN_RBC","AREA":294},"bbox":[152459.16418016,169470.58000034,152495.58,169569.41011545]},{"type":"Feature","id":"StreetSurfaces.fid-77ff224d_1a03149e4eb_-2414","geometry":{"type":"Polygon","coordinates":[[[152318.19016902,169138.61298432],[152314.471,169135.29000036],[152313.11800001,169136.73500034],[152311.851,169135.58400034],[152309.477,169133.28300034],[152308.623,169131.84400036],[152308.24400001,169130.92700035],[152308.06700001,169130.13100034],[152307.98299999,169129.34400035],[152308.01099999,169128.73100034],[152308.096,169127.94600035],[152308.20799999,169127.02600035],[152308.224,169125.96500036],[152308.105,169124.86100034],[152307.90699999,169123.70900034],[152307.771,169123.00600034],[152307.53806307,169122.46173426],[152310.12000001,169121.69000036],[152310.70999999,169123.61000034],[152311.92999999,169125.80000035],[152321.74200001,169134.69400035],[152318.19016902,169138.61298432]]]},"geometry_name":"GEOM","properties":{"INSPIRE_ID":"https://databrussels.be/id/streetsurface/159639","TYPE":"SW","STREET_ID":"https://databrussels.be/id/streetname/1707","STRNAMEFRE":"Place du Quatre Août","STRNAMEDUT":"Vier Augustusplein","MUNNISCODE":"21005","HIERARCHY":"DC","LVL":0,"ADMIN":"MUN_RBC","AREA":104},"bbox":[152307.53806307,169121.69000036,152321.74200001,169138.61298432]},{"type":"Feature","id":"StreetSurfaces.fid-77ff224d_1a03149e4eb_-2460","geometry":{"type":"Polygon","coordinates":[[[152373.52000001,169186.29000036],[152377.57000001,169188.51000034],[152379.9,169188.83000034],[152382.23,169189.15000035],[152384.78395603,169192.43538813],[152384.43199999,169192.55100035],[152383.59100001,169192.76300036],[152382.73599999,169192.91700036],[152381.873,169193.01000034],[152381.00599999,169193.04300035],[152380.13800001,169193.01600036],[152379.275,169192.92800035],[152378.41900001,169192.78000035],[152377.576,169192.57300035],[152376.75,169192.30700034],[152375.94400001,169191.98400034],[152375.16300001,169191.60600034],[152374.40899999,169191.17500035],[152371.72538805,169188.94384951],[152373.52000001,169186.29000036]]]},"geometry_name":"GEOM","properties":{"INSPIRE_ID":"https://databrussels.be/id/streetsurface/159640","TYPE":"SW","STREET_ID":"https://databrussels.be/id/streetname/3335","STRNAMEFRE":"Pont Fernand Demany","STRNAMEDUT":"Fernand Demanybrug","MUNNISCODE":"21005","HIERARCHY":"DC","LVL":0,"ADMIN":"MUN_RBC","AREA":45},"bbox":[152371.72538805,169186.29000036,152384.78395603,169193.04300035]},{"type":"Feature","id":"StreetSurfaces.fid-77ff224d_1a03149e4eb_-2383","geometry":{"type":"Polygon","coordinates":[[[152389.82000001,169076.09900035],[152390.10418487,169075.60370993],[152393.70999999,169078.80000035],[152415.75999999,169097.95000035],[152440.71033793,169119.52382547],[152439.26800001,169121.51600036],[152390.06900001,169078.95500034],[152391.38,169077.45000035],[152389.82000001,169076.09900035]]]},"geometry_name":"GEOM","properties":{"INSPIRE_ID":"https://databrussels.be/id/streetsurface/159641","TYPE":"SW","STREET_ID":"https://databrussels.be/id/streetname/3007","STRNAMEFRE":"Rue des Sicambres","STRNAMEDUT":"Sikambrenstraat","MUNNISCODE":"21005","HIERARCHY":"DR","LVL":0,"ADMIN":"MUN_RBC","AREA":161},"bbox":[152389.82000001,169075.60370993,152440.71033793,169121.51600036]},{"type":"Feature","id":"StreetSurfaces.fid-77ff224d_1a03149e4eb_-247e","geometry":{"type":"Polygon","coordinates":[[[152449.01079149,169130.27608768],[152449.09000001,169130.12000035],[152449.42999999,169129.62000035],[152449.83,169129.16000034],[152450.23,169128.69000036],[152451.98,169126.64000036],[152453.94000001,169126.49000036],[152457.95,169121.55000035],[152459.3558171,169119.81095253],[152461.578,169121.60800034],[152453.19000001,169131.98000034],[152452.91500001,169133.27000035],[152449.01079149,169130.27608768]]]},"geometry_name":"GEOM","properties":{"INSPIRE_ID":"https://databrussels.be/id/streetsurface/159642","TYPE":"SW","STREET_ID":"https://databrussels.be/id/streetname/3029","STRNAMEFRE":"Rue de l'Escadron","STRNAMEDUT":"Eskadronstraat","MUNNISCODE":"21005","HIERARCHY":"DC","LVL":0,"ADMIN":"MUN_RBC","AREA":50},"bbox":[152449.01079149,169119.81095253,152461.578,169133.27000035]},{"type":"Feature","id":"StreetSurfaces.fid-77ff224d_1a03149e4eb_-2393","geometry":{"type":"Polygon","coordinates":[[[152270.56300001,169070.50700034],[152273.28895679,169069.27015311],[152274.72000001,169072.49000036],[152276.15999999,169075.84000036],[152277.55999999,169079.21000034],[152278.75999999,169082.23000034],[152279.92999999,169085.27000035],[152281.08,169088.31000034],[152282.05,169090.92000035],[152283.00999999,169093.54000036],[152283.97000001,169096.16000034],[152284.14000001,169096.68000034],[152284.3,169097.20000035],[152284.45,169097.72000035],[152284.548,169098.01700036],[152286.346,169097.44500035],[152286.39971564,169097.62218765],[152281.96500001,169099.03600034],[152273.94000001,169077.95000035],[152270.56300001,169070.50700034]]]},"geometry_name":"GEOM","properties":{"INSPIRE_ID":"https://databrussels.be/id/streetsurface/159655","TYPE":"SW","STREET_ID":"https://databrussels.be/id/streetname/280","STRNAMEFRE":"Rue de Pervyse","STRNAMEDUT":"Pervijzestraat","MUNNISCODE":"21005","HIERARCHY":"DR","LVL":0,"ADMIN":"MUN_RBC","AREA":91},"bbox":[152270.56300001,169069.27015311,152286.39971564,169099.03600034]},{"type":"Feature","id":"StreetSurfaces.fid-77ff224d_1a03149e4eb_-240c","geometry":{"type":"Polygon","coordinates":[[[152067.47571893,169088.34974264],[152067.08210676,169083.07679695],[152066.91775754,169080.05512897],[152066.84449058,169078.03229274],[152066.73910546,169073.99211365],[152066.72979691,169071.97654893],[152066.77239313,169068.94196741],[152066.84195836,169066.92960018],[152066.93795211,169064.90291194],[152067.09727953,169062.88460332],[152067.27953079,169060.88263811],[152067.60559301,169057.53017162],[152067.72413375,169056.53688704],[152067.83972478,169055.5278788],[152067.96554356,169054.52311651],[152068.07207556,169053.69203064],[152066.09620798,169053.43156575],[152066.24674318,169052.44270956],[152066.42186501,169051.35868286],[152066.68390973,169049.89690079],[152066.83617573,169049.10059189],[152071.38299999,169049.79700035],[152070.98,169052.02000035],[152070.07000001,169058.05000035],[152069.17,169070.98000035],[152069.86800001,169088.06600036],[152067.47571893,169088.34974264]]]},"geometry_name":"GEOM","properties":{"INSPIRE_ID":"https://databrussels.be/id/streetsurface/159669","TYPE":"SW","STREET_ID":"https://databrussels.be/id/streetname/4000","STRNAMEFRE":"Avenue Hansen-Soulie","STRNAMEDUT":"Hansen-Soulielaan","MUNNISCODE":"21005","HIERARCHY":"DC","LVL":0,"ADMIN":"MUN_RBC","AREA":108},"bbox":[152066.09620798,169049.10059189,152071.38299999,169088.34974264]},{"type":"Feature","id":"StreetSurfaces.fid-77ff224d_1a03149e4eb_-23a7","geometry":{"type":"Polygon","coordinates":[[[152047.76171548,169107.78049082],[152048.43510733,169107.4785849],[152049.38188279,169107.12069668],[152050.32967579,169106.79769205],[152051.31956065,169106.49393923],[152052.27308106,169106.19485325],[152054.24004767,169105.72041086],[152055.24203978,169105.54258699],[152057.23934646,169105.25149504],[152059.28450263,169105.06625075],[152064.50529599,169104.55133723],[152073.94612432,169103.61515867],[152074.61241891,169108.67207822],[152072.67786911,169108.86249649],[152066.74730415,169109.41240999],[152062.75486894,169109.81337637],[152060.88642299,169110.01148771],[152057.93871634,169110.31135501],[152055.84249172,169110.59838089],[152054.50471609,169110.88786003],[152052.50607486,169111.42889563],[152050.08206532,169112.32784375],[152048.26714854,169113.16976742],[152047.76171548,169107.78049082]]]},"geometry_name":"GEOM","properties":{"INSPIRE_ID":"https://databrussels.be/id/streetsurface/159670","TYPE":"SW","STREET_ID":"https://databrussels.be/id/streetname/4000","STRNAMEFRE":"Avenue Hansen-Soulie","STRNAMEDUT":"Hansen-Soulielaan","MUNNISCODE":"21005","HIERARCHY":"DC","LVL":0,"ADMIN":"MUN_RBC","AREA":136},"bbox":[152047.76171548,169103.61515867,152074.61241891,169113.16976742]},{"type":"Feature","id":"StreetSurfaces.fid-77ff224d_1a03149e4eb_-2403","geometry":{"type":"Polygon","coordinates":[[[152148.03668244,169102.61171855],[152150.70310555,169099.4071267],[152151.2071233,169099.87109407],[152151.55971937,169100.22015568],[152150.17990613,169101.65397736],[152150.79199042,169102.2401986],[152151.5124083,169102.94753584],[152152.20961635,169103.67870568],[152152.88275962,169104.4661893],[152153.48340855,169105.25880274],[152154.03668361,169106.12644657],[152154.52111218,169107.01441926],[152155.35274854,169108.85461873],[152155.73026364,169109.78773502],[152156.06896672,169110.73604678],[152156.38348911,169111.70419566],[152156.63721058,169112.68326782],[152156.84067814,169113.68293749],[152156.89462159,169114.0909943],[152155.01559587,169114.30421359],[152154.51978116,169112.13829478],[152153.7225194,169109.88058845],[152152.55457621,169107.35884909],[152150.95273986,169105.08786227],[152149.10562985,169103.36450686],[152148.03668244,169102.61171855]]]},"geometry_name":"GEOM","properties":{"INSPIRE_ID":"https://databrussels.be/id/streetsurface/159671","TYPE":"SW","STREET_ID":"https://databrussels.be/id/streetname/4579","STRNAMEFRE":"Place du Roi Vainqueur","STRNAMEDUT":"Koning Overwinnaarplein","MUNNISCODE":"21005","HIERARCHY":"DC","LVL":0,"ADMIN":"MUN_RBC","AREA":31},"bbox":[152148.03668244,169099.4071267,152156.89462159,169114.30421359]},{"type":"Feature","id":"StreetSurfaces.fid-77ff224d_1a03149e4eb_-23ff","geometry":{"type":"Polygon","coordinates":[[[152155.01559587,169114.30421359],[152156.89462159,169114.0909943],[152157.04525602,169115.23047313],[152159.02416191,169114.97581863],[152160.07088256,169117.76116258],[152160.75831647,169119.64774601],[152161.07977531,169120.60258872],[152161.39607511,169121.55660712],[152161.67473457,169122.52785651],[152161.9040627,169123.51337437],[152162.05649419,169124.50282609],[152162.12335031,169125.10005373],[152156.17127185,169125.66270236],[152155.72668276,169120.98229348],[152155.01559587,169114.30421359]]]},"geometry_name":"GEOM","properties":{"INSPIRE_ID":"https://databrussels.be/id/streetsurface/159672","TYPE":"SW","STREET_ID":"https://databrussels.be/id/streetname/4579","STRNAMEFRE":"Place du Roi Vainqueur","STRNAMEDUT":"Koning Overwinnaarplein","MUNNISCODE":"21005","HIERARCHY":"DC","LVL":0,"ADMIN":"MUN_RBC","AREA":55},"bbox":[152155.01559587,169114.0909943,152162.12335031,169125.66270236]},{"type":"Feature","id":"StreetSurfaces.fid-77ff224d_1a03149e4eb_-2423","geometry":{"type":"Polygon","coordinates":[[[152220.148,169229.21900035],[152223.83776421,169231.8415393],[152221.68959198,169234.74278537],[152220.98511219,169235.25924849],[152220.35780616,169235.52089528],[152219.83710675,169235.63754653],[152219.09701121,169235.63402676],[152218.36088574,169235.55390851],[152217.69402862,169235.33926338],[152217.06053734,169235.05122045],[152216.58216467,169234.77078606],[152215.98900001,169234.13000034],[152214.94000001,169232.73200034],[152214.52311013,169232.19268722],[152216.2,169229.52100035],[152218.174,169229.37000035],[152220.148,169229.21900035]]]},"geometry_name":"GEOM","properties":{"INSPIRE_ID":"https://databrussels.be/id/streetsurface/159673","TYPE":"SW","STREET_ID":"https://databrussels.be/id/streetname/1155","STRNAMEFRE":"Rue Bruylants","STRNAMEDUT":"Bruylantsstraat","MUNNISCODE":"21005","HIERARCHY":"DR","LVL":0,"ADMIN":"MUN_RBC","AREA":41},"bbox":[152214.52311013,169229.21900035,152223.83776421,169235.63754653]},{"type":"Feature","id":"StreetSurfaces.fid-77ff224d_1a03149e4eb_-2465","geometry":{"type":"Polygon","coordinates":[[[152367.77000001,169197.11500036],[152366.44200001,169195.96000034],[152366.31600001,169195.53600034],[152366.26600001,169195.07800035],[152366.38599999,169194.48600034],[152366.66162748,169194.086433],[152367.07000001,169193.79600035],[152367.56099999,169193.70400035],[152368.01500001,169193.69200036],[152368.39669013,169193.86628534],[152369.575,169194.86100034],[152369.95999999,169195.42500035],[152369.96700001,169195.94200036],[152369.83900001,169196.51800036],[152369.397,169197.06800036],[152368.854,169197.27000035],[152368.35,169197.29800035],[152367.77000001,169197.11500036]]]},"geometry_name":"GEOM","properties":{"INSPIRE_ID":"https://databrussels.be/id/streetsurface/159713","TYPE":"M","STREET_ID":"https://databrussels.be/id/streetname/3335","STRNAMEFRE":"Pont Fernand Demany","STRNAMEDUT":"Fernand Demanybrug","MUNNISCODE":"21005","HIERARCHY":"DC","LVL":0,"ADMIN":"MUN_RBC","AREA":10},"bbox":[152366.26600001,169193.69200036,152369.96700001,169197.29800035]},{"type":"Feature","id":"StreetSurfaces.fid-77ff224d_1a03149e4eb_-2398","geometry":{"type":"Polygon","coordinates":[[[152270.56300001,169070.50700034],[152268.15,169065.19000036],[152265.453,169059.89400036],[152259.3,169047.81000034],[152258.198,169045.83000035],[152260.76657193,169044.40020989],[152262.03,169046.78000034],[152263.65999999,169049.80000035],[152265.27000001,169052.82000035],[152266.85,169055.86000034],[152269.05,169060.26000034],[152271.17999999,169064.69000036],[152273.24000001,169069.16000034],[152273.28895679,169069.27015311],[152270.56300001,169070.50700034]]]},"geometry_name":"GEOM","properties":{"INSPIRE_ID":"https://databrussels.be/id/streetsurface/159747","TYPE":"SW","STREET_ID":"https://databrussels.be/id/streetname/4495","STRNAMEFRE":"Rue Aviateur Thieffry","STRNAMEDUT":"Vlieger Thieffrystraat","MUNNISCODE":"21005","HIERARCHY":"DR","LVL":0,"ADMIN":"MUN_RBC","AREA":83},"bbox":[152258.198,169044.40020989,152273.28895679,169070.50700034]},{"type":"Feature","id":"StreetSurfaces.fid-77ff224d_1a03149e4eb_-2450","geometry":{"type":"Polygon","coordinates":[[[152397.8253175,169196.4303424],[152399.003,169194.90800034],[152402.33199999,169189.16600036],[152402.94500001,169189.73100034],[152403.99000001,169188.40000035],[152423.09000001,169164.71000034],[152435.98,169148.77000035],[152436.77000001,169147.73000034],[152436.99101403,169147.43814851],[152439.33199999,169149.32100035],[152406.28,169190.26000034],[152400.423,169197.83600034],[152397.8253175,169196.4303424]]]},"geometry_name":"GEOM","properties":{"INSPIRE_ID":"https://databrussels.be/id/streetsurface/159748","TYPE":"SW","STREET_ID":"https://databrussels.be/id/streetname/3029","STRNAMEFRE":"Rue de l'Escadron","STRNAMEDUT":"Eskadronstraat","MUNNISCODE":"21005","HIERARCHY":"DC","LVL":0,"ADMIN":"MUN_RBC","AREA":187},"bbox":[152397.8253175,169147.43814851,152439.33199999,169197.83600034]},{"type":"Feature","id":"StreetSurfaces.fid-77ff224d_1a03149e4eb_-2470","geometry":{"type":"Polygon","coordinates":[[[152495.39000001,169315.88000034],[152496.075,169314.58000034],[152496.75999999,169313.28000034],[152500.61538279,169312.11531746],[152500.75,169312.53000035],[152500.88,169312.97000035],[152501.02000001,169313.42000035],[152501.10999999,169313.87000035],[152501.12000001,169314.63000034],[152501.02000001,169315.40000035],[152500.80999999,169316.13000034],[152500.35999999,169317.06000034],[152499.73,169317.93000034],[152498.99000001,169318.67000035],[152498.19000001,169319.25000035],[152497.29000001,169319.72000035],[152496.71495757,169319.95858177],[152495.39000001,169315.88000034]]]},"geometry_name":"GEOM","properties":{"INSPIRE_ID":"https://databrussels.be/id/streetsurface/159749","TYPE":"SW","STREET_ID":"https://databrussels.be/id/streetname/4504","STRNAMEFRE":"Rue Charles Legrelle","STRNAMEDUT":"Charles Legrellestraat","MUNNISCODE":"21005","HIERARCHY":"DR","LVL":0,"ADMIN":"MUN_RBC","AREA":29},"bbox":[152495.39000001,169312.11531746,152501.12000001,169319.95858177]},{"type":"Feature","id":"StreetSurfaces.fid-77ff224d_1a03149e4eb_-23db","geometry":{"type":"Polygon","coordinates":[[[152216.08122571,169254.10690395],[152219.83699999,169256.77600035],[152176.30999999,169318.02000035],[152173.51199999,169321.99700035],[152171.05624402,169320.26897716],[152177.08800001,169311.90000035],[152175.74300001,169310.92600035],[152177.045,169309.00900034],[152178.455,169310.00400034],[152180.44000001,169307.25000035],[152189.91400001,169293.92600035],[152188.43699999,169292.94500035],[152189.53599999,169291.36000034],[152191.003,169292.39300036],[152198.3,169282.13000034],[152201.522,169277.57500035],[152200.02000001,169276.57800035],[152201.124,169275.03000035],[152202.60899999,169276.03800036],[152216.149,169256.89800035],[152214.71700001,169255.94700035],[152216.08122571,169254.10690395]]]},"geometry_name":"GEOM","properties":{"INSPIRE_ID":"https://databrussels.be/id/streetsurface/159769","TYPE":"SW","STREET_ID":"https://databrussels.be/id/streetname/2459","STRNAMEFRE":"Rue de la Grande Haie","STRNAMEDUT":"Grote Haagstraat","MUNNISCODE":"21005","HIERARCHY":"DR","LVL":0,"ADMIN":"MUN_RBC","AREA":246},"bbox":[152171.05624402,169254.10690395,152219.83699999,169321.99700035]},{"type":"Feature","id":"StreetSurfaces.fid-77ff224d_1a03149e4eb_-246d","geometry":{"type":"Polygon","coordinates":[[[152364.00712509,169265.60542812],[152358.5,169288.90000035],[152346.39000001,169340.89000036],[152343.14300001,169354.73800036],[152345.053,169355.18600034],[152344.29042101,169358.11536483],[152338.66099999,169356.82200035],[152342.05999999,169342.03000034],[152351.58,169301.19000036],[152352.6,169298.73000034],[152360.60599999,169264.80300035],[152364.00712509,169265.60542812]]]},"geometry_name":"GEOM","properties":{"INSPIRE_ID":"https://databrussels.be/id/streetsurface/159770","TYPE":"SW","STREET_ID":"https://databrussels.be/id/streetname/5326","STRNAMEFRE":"Rue Père de Deken","STRNAMEDUT":"Pater de Dekenstraat","MUNNISCODE":"21005","HIERARCHY":"DR","LVL":0,"ADMIN":"MUN_RBC","AREA":363},"bbox":[152338.66099999,169264.80300035,152364.00712509,169358.11536483]},{"type":"Feature","id":"StreetSurfaces.fid-77ff224d_1a03149e4eb_-2461","geometry":{"type":"Polygon","coordinates":[[[152380.49000001,169267.71000034],[152377.3,169267.85000035],[152374.10999999,169267.99000036],[152370.92499547,169267.23809022],[152372.12000001,169262.21300036],[152370.46700001,169261.87300035],[152371.74100001,169256.41500036],[152372.03299999,169255.63600034],[152372.43699999,169255.04000036],[152372.96199999,169254.55200035],[152373.58199999,169254.28000034],[152374.477,169254.03200034],[152375.33499999,169253.97000035],[152376.28599999,169254.00200035],[152377.43699999,169254.21300036],[152378.33699999,169254.61200034],[152379.525,169255.72400035],[152381.30699999,169257.80200035],[152379.86600001,169259.08500034],[152380.10999999,169259.38000034],[152380.54000001,169259.99000036],[152380.92,169260.63000034],[152381.27000001,169261.29000036],[152381.55999999,169261.97000035],[152381.80999999,169262.67000035],[152382.04000001,169263.37000035],[152382.33,169264.21000034],[152382.60999999,169265.05000035],[152382.89000001,169265.90000035],[152383.19046192,169266.80817274],[152380.49000001,169267.71000034]]]},"geometry_name":"GEOM","properties":{"INSPIRE_ID":"https://databrussels.be/id/streetsurface/159771","TYPE":"SW","STREET_ID":"https://databrussels.be/id/streetname/3353","STRNAMEFRE":"Avenue de l'Armée","STRNAMEDUT":"Legerlaan","MUNNISCODE":"21005","HIERARCHY":"DC","LVL":0,"ADMIN":"MUN_RBC","AREA":131},"bbox":[152370.46700001,169253.97000035,152383.19046192,169267.99000036]},{"type":"Feature","id":"StreetSurfaces.fid-77ff224d_1a03149e4eb_-2449","geometry":{"type":"Polygon","coordinates":[[[152354.95,169361.89000036],[152375.45999999,169355.37000035],[152404.751,169345.68400034],[152405.9855144,169350.05724315],[152405.62000001,169350.24000036],[152403.82000001,169349.32000035],[152378,169357.59000036],[152358.56600001,169363.99600035],[152359.13099999,169365.60000035],[152356.554,169366.31500036],[152356.40743039,169366.34452266],[152354.95,169361.89000036]]]},"geometry_name":"GEOM","properties":{"INSPIRE_ID":"https://databrussels.be/id/streetsurface/159772","TYPE":"SW","STREET_ID":"https://databrussels.be/id/streetname/4504","STRNAMEFRE":"Rue Charles Legrelle","STRNAMEDUT":"Charles Legrellestraat","MUNNISCODE":"21005","HIERARCHY":"DR","LVL":0,"ADMIN":"MUN_RBC","AREA":165},"bbox":[152354.95,169345.68400034,152405.9855144,169366.34452266]},{"type":"Feature","id":"StreetSurfaces.fid-77ff224d_1a03149e4eb_-2443","geometry":{"type":"Polygon","coordinates":[[[152411.17999999,169360.39000036],[152415.3687099,169359.01240636],[152415.5,169359.32000035],[152414.54000001,169361.53000034],[152426.58,169397.55000035],[152437.58,169430.66000034],[152445.57000001,169454.97000035],[152446.1,169455.18000034],[152446.62000001,169455.39000036],[152447.10999999,169455.65000035],[152447.3,169455.77000035],[152447.48,169455.90000035],[152447.64000001,169456.05000035],[152447.79000001,169456.30000035],[152447.913007,169456.66052481],[152443.65999999,169458.07000035],[152411.17999999,169360.39000036]]]},"geometry_name":"GEOM","properties":{"INSPIRE_ID":"https://databrussels.be/id/streetsurface/159773","TYPE":"SW","STREET_ID":"https://databrussels.be/id/streetname/3353","STRNAMEFRE":"Avenue de l'Armée","STRNAMEDUT":"Legerlaan","MUNNISCODE":"21005","HIERARCHY":"DC","LVL":0,"ADMIN":"MUN_RBC","AREA":299},"bbox":[152411.17999999,169359.01240636,152447.913007,169458.07000035]},{"type":"Feature","id":"StreetSurfaces.fid-77ff224d_1a03149e4eb_-2444","geometry":{"type":"Polygon","coordinates":[[[152411.17999999,169360.39000036],[152409.85999999,169359.75000035],[152408.54000001,169359.11000034],[152407.3555341,169354.91183797],[152407.9,169354.82000035],[152408.74000001,169354.68000034],[152409.57000001,169354.63000034],[152410.53,169354.69000036],[152411.48,169354.87000035],[152412.35999999,169355.19000036],[152413.1,169355.66000034],[152413.77000001,169356.25000035],[152414.35,169356.92000035],[152414.8,169357.67000035],[152415.15,169358.50000035],[152415.3687099,169359.01240636],[152411.17999999,169360.39000036]]]},"geometry_name":"GEOM","properties":{"INSPIRE_ID":"https://databrussels.be/id/streetsurface/159774","TYPE":"SW","STREET_ID":"https://databrussels.be/id/streetname/4504","STRNAMEFRE":"Rue Charles Legrelle","STRNAMEDUT":"Charles Legrellestraat","MUNNISCODE":"21005","HIERARCHY":"DC","LVL":0,"ADMIN":"MUN_RBC","AREA":31},"bbox":[152407.3555341,169354.63000034,152415.3687099,169360.39000036]},{"type":"Feature","id":"StreetSurfaces.fid-77ff224d_1a03149e4eb_-2476","geometry":{"type":"Polygon","coordinates":[[[152453.41501014,169454.83724772],[152457.849,169453.36800035],[152459.02000001,169453.91600036],[152460.19000001,169454.46300036],[152461.48986073,169458.33542987],[152460.75,169458.48000034],[152459.89000001,169458.65000035],[152459.03,169458.70000035],[152458.08,169458.54000036],[152457.14000001,169458.24000036],[152456.25,169457.83000034],[152455.42999999,169457.35000035],[152454.65999999,169456.76000034],[152454.02000001,169456.08000034],[152453.67,169455.47000035],[152453.41501014,169454.83724772]]]},"geometry_name":"GEOM","properties":{"INSPIRE_ID":"https://databrussels.be/id/streetsurface/159775","TYPE":"SW","STREET_ID":"https://databrussels.be/id/streetname/5545","STRNAMEFRE":"Rue des Bollandistes","STRNAMEDUT":"Bollandistenstraat","MUNNISCODE":"21005","HIERARCHY":"DC","LVL":0,"ADMIN":"MUN_RBC","AREA":28},"bbox":[152453.41501014,169453.36800035,152461.48986073,169458.70000035]},{"type":"Feature","id":"StreetSurfaces.fid-77ff224d_1a03149e4eb_-2473","geometry":{"type":"Polygon","coordinates":[[[152533.19300001,169430.18300034],[152534.43285627,169434.13648204],[152532.95,169434.65000035],[152530.78,169433.62000035],[152462.755,169456.24500035],[152461.62000001,169458.31000034],[152461.48986073,169458.33542987],[152460.19000001,169454.46300036],[152533.19300001,169430.18300034]]]},"geometry_name":"GEOM","properties":{"INSPIRE_ID":"https://databrussels.be/id/streetsurface/159776","TYPE":"SW","STREET_ID":"https://databrussels.be/id/streetname/5545","STRNAMEFRE":"Rue des Bollandistes","STRNAMEDUT":"Bollandistenstraat","MUNNISCODE":"21005","HIERARCHY":"DR","LVL":0,"ADMIN":"MUN_RBC","AREA":198},"bbox":[152460.19000001,169430.18300034,152534.43285627,169458.33542987]},{"type":"Feature","id":"StreetSurfaces.fid-77ff224d_1a03149e4eb_-23eb","geometry":{"type":"Polygon","coordinates":[[[152152.77000001,169324.48000034],[152069.05999999,169264.53000035],[152069.8427618,169259.19234415],[152073.75,169261.95000035],[152072.55499999,169263.71100034],[152077.198,169267.01000034],[152077.99200001,169265.93300034],[152078.93099999,169265.85000035],[152080.16900001,169266.66300036],[152080.31600001,169267.53100034],[152079.54200001,169268.67500035],[152089.398,169275.67700035],[152090.10999999,169274.73800036],[152090.923,169274.57800035],[152092.15999999,169275.41600036],[152092.42999999,169276.24800035],[152091.70999999,169277.32000035],[152101.499,169284.27400035],[152102.56500001,169282.71400036],[152107.553,169286.39600035],[152106.56500001,169287.76300036],[152116.13800001,169294.63600034],[152116.752,169293.75900034],[152117.56500001,169293.61600036],[152118.88199999,169294.52700035],[152118.996,169295.25900034],[152118.36300001,169296.23300034],[152128.25799999,169303.33800036],[152128.78699999,169302.54500035],[152129.72000001,169302.26000034],[152131.025,169303.09800035],[152131.16300001,169304.00900034],[152130.48900001,169304.94000036],[152140.29300001,169311.97900034],[152140.847,169311.22000035],[152141.90599999,169311.00400034],[152143.026,169311.79800035],[152143.18099999,169312.63200034],[152142.55899999,169313.60600034],[152152.41600001,169320.68200034],[152153.451,169319.22800035],[152155.20599999,169320.50600034],[152155.49134586,169320.71403028],[152152.77000001,169324.48000034]]]},"geometry_name":"GEOM","properties":{"INSPIRE_ID":"https://databrussels.be/id/streetsurface/159799","TYPE":"SW","STREET_ID":"https://databrussels.be/id/streetname/3211","STRNAMEFRE":"Rue Fort de Boncelles","STRNAMEDUT":"Fort van Boncellesstraat","MUNNISCODE":"21005","HIERARCHY":"DR","LVL":0,"ADMIN":"MUN_RBC","AREA":343},"bbox":[152069.05999999,169259.19234415,152155.49134586,169324.48000034]},{"type":"Feature","id":"StreetSurfaces.fid-77ff224d_1a03149e4eb_-23e6","geometry":{"type":"Polygon","coordinates":[[[152114.09000001,169378.82000035],[152117.7736084,169381.44033405],[152117.30716727,169381.79750237],[152116.83403029,169381.94020888],[152116.19530005,169382.06462771],[152115.51712778,169382.07852832],[152114.89036229,169381.9645713],[152112.77644105,169380.706784],[152114.09000001,169378.82000035]]]},"geometry_name":"GEOM","properties":{"INSPIRE_ID":"https://databrussels.be/id/streetsurface/159800","TYPE":"SW","STREET_ID":"https://databrussels.be/id/streetname/2697","STRNAMEFRE":"Rue Jean Massart","STRNAMEDUT":"Jean Massartstraat","MUNNISCODE":"21005","HIERARCHY":"DR","LVL":0,"ADMIN":"MUN_RBC","AREA":8},"bbox":[152112.77644105,169378.82000035,152117.7736084,169382.07852832]},{"type":"Feature","id":"StreetSurfaces.fid-77ff224d_1a03149e4eb_-23ed","geometry":{"type":"Polygon","coordinates":[[[152056.04128153,169482.91937198],[152056.13,169482.75000035],[152056.27000001,169482.51000034],[152056.42999999,169482.28000035],[152056.58,169482.05000035],[152077.82000001,169452.09000036],[152096.25,169426.06000034],[152108.53,169408.81000034],[152114.53800001,169400.29800035],[152113.176,169399.33200034],[152114.528,169397.44100036],[152115.86800001,169398.41400036],[152117.6590291,169395.87732238],[152120.272,169397.73600034],[152090.8,169439.17000035],[152072.48,169464.68000034],[152058.80499999,169484.46300036],[152056.04128153,169482.91937198]]]},"geometry_name":"GEOM","properties":{"INSPIRE_ID":"https://databrussels.be/id/streetsurface/159801","TYPE":"SW","STREET_ID":"https://databrussels.be/id/streetname/2459","STRNAMEFRE":"Rue de la Grande Haie","STRNAMEDUT":"Grote Haagstraat","MUNNISCODE":"21005","HIERARCHY":"DR","LVL":0,"ADMIN":"MUN_RBC","AREA":334},"bbox":[152056.04128153,169395.87732238,152120.272,169484.46300036]},{"type":"Feature","id":"StreetSurfaces.fid-77ff224d_1a03149e4eb_-2435","geometry":{"type":"Polygon","coordinates":[[[152320.63499999,169495.28500034],[152319.14101172,169502.12844609],[152318.14000001,169501.37000035],[152316.951,169500.35900034],[152316.296,169499.58700034],[152315.903,169498.84300036],[152315.71700001,169497.75500034],[152315.846,169496.39100036],[152316.25390017,169494.27026276],[152320.63499999,169495.28500034]]]},"geometry_name":"GEOM","properties":{"INSPIRE_ID":"https://databrussels.be/id/streetsurface/159803","TYPE":"SW","STREET_ID":"https://databrussels.be/id/streetname/5326","STRNAMEFRE":"Rue Père de Deken","STRNAMEDUT":"Pater de Dekenstraat","MUNNISCODE":"21005","HIERARCHY":"DR","LVL":0,"ADMIN":"MUN_RBC","AREA":25},"bbox":[152315.71700001,169494.27026276,152320.63499999,169502.12844609]},{"type":"Feature","id":"StreetSurfaces.fid-77ff224d_1a03149e4eb_-2478","geometry":{"type":"Polygon","coordinates":[[[152449.59100001,169475.39600035],[152453.41561756,169474.06029636],[152453.55999999,169474.38000034],[152452.89000001,169476.08000034],[152461.52000001,169501.90000035],[152466.90999999,169518.86000034],[152475.50999999,169545.13000034],[152481.73,169563.69000036],[152483.28,169568.41000034],[152485.39000001,169569.37000035],[152485.69000001,169570.42000035],[152485.81434875,169571.23808423],[152481.59400001,169572.59900035],[152449.59100001,169475.39600035]]]},"geometry_name":"GEOM","properties":{"INSPIRE_ID":"https://databrussels.be/id/streetsurface/159805","TYPE":"SW","STREET_ID":"https://databrussels.be/id/streetname/3353","STRNAMEFRE":"Avenue de l'Armée","STRNAMEDUT":"Legerlaan","MUNNISCODE":"21005","HIERARCHY":"DC","LVL":0,"ADMIN":"MUN_RBC","AREA":303},"bbox":[152449.59100001,169474.06029636,152485.81434875,169572.59900035]},{"type":"Feature","id":"StreetSurfaces.fid-77ff224d_1a03149e4eb_-23a8","geometry":{"type":"Polygon","coordinates":[[[152051.68216479,169046.77932364],[152047.548,169046.14600035],[152048.10578239,169037.67108845],[152048.99462206,169038.20453412],[152049.91096668,169038.96111271],[152050.69044168,169039.85806159],[152051.31417298,169040.87560941],[152051.76130905,169041.98218683],[152052.02355673,169043.53940503],[152051.9547889,169045.14211709],[152051.68216479,169046.77932364]]]},"geometry_name":"GEOM","properties":{"INSPIRE_ID":"https://databrussels.be/id/streetsurface/159865","TYPE":"SW","STREET_ID":"https://databrussels.be/id/streetname/4000","STRNAMEFRE":"Avenue Hansen-Soulie","STRNAMEDUT":"Hansen-Soulielaan","MUNNISCODE":"21005","HIERARCHY":"DC","LVL":0,"ADMIN":"MUN_RBC","AREA":30},"bbox":[152047.548,169037.67108845,152052.02355673,169046.77932364]},{"type":"Feature","id":"StreetSurfaces.fid-77ff224d_1a03149e4eb_-241f","geometry":{"type":"Polygon","coordinates":[[[152283.18444459,169162.48007421],[152285.53699999,169164.25700034],[152284.80999999,169165.22000035],[152248.90999999,169215.87000035],[152232.954,169238.32000035],[152230.54298759,169236.60672433],[152232.00599999,169234.54500035],[152230.61800001,169233.55400034],[152231.971,169231.62900034],[152233.371,169232.62200035],[152236.14000001,169228.72000035],[152254.34000001,169203.15000035],[152270.55999999,169180.11000034],[152283.18444459,169162.48007421]]]},"geometry_name":"GEOM","properties":{"INSPIRE_ID":"https://databrussels.be/id/streetsurface/159866","TYPE":"SW","STREET_ID":"https://databrussels.be/id/streetname/2459","STRNAMEFRE":"Rue de la Grande Haie","STRNAMEDUT":"Grote Haagstraat","MUNNISCODE":"21005","HIERARCHY":"DR","LVL":0,"ADMIN":"MUN_RBC","AREA":273},"bbox":[152230.54298759,169162.48007421,152285.53699999,169238.32000035]},{"type":"Feature","id":"StreetSurfaces.fid-77ff224d_1a03149e4eb_-2466","geometry":{"type":"Polygon","coordinates":[[[152365.352,169244.68900036],[152370.099,169224.57400035],[152371.60999999,169218.17000035],[152375.15263355,169219.00569853],[152375.33,169219.46700036],[152375.524,169220.10100035],[152375.674,169220.74700035],[152375.778,169221.40200035],[152375.83699999,169222.06300036],[152375.85,169222.46200034],[152375.84400001,169222.98600034],[152375.696,169224.06600036],[152375.429,169225.29700035],[152372.446,169238.07800035],[152369.53299999,169237.47500035],[152369.346,169238.27600035],[152367.955,169243.05800034],[152367.872,169243.34800035],[152367.67467799,169244.52390064],[152365.352,169244.68900036]]]},"geometry_name":"GEOM","properties":{"INSPIRE_ID":"https://databrussels.be/id/streetsurface/159867","TYPE":"SW","STREET_ID":"https://databrussels.be/id/streetname/3353","STRNAMEFRE":"Avenue de l'Armée","STRNAMEDUT":"Legerlaan","MUNNISCODE":"21005","HIERARCHY":"DC","LVL":0,"ADMIN":"MUN_RBC","AREA":118},"bbox":[152365.352,169218.17000035,152375.85,169244.68900036]},{"type":"Feature","id":"StreetSurfaces.fid-77ff224d_1a03149e4eb_-2452","geometry":{"type":"Polygon","coordinates":[[[152391.83359697,169263.92135662],[152394.475,169263.03900036],[152419.73,169338.66000034],[152415.47497528,169340.1949485],[152415.32000001,169339.87000035],[152416.17,169338.25000035],[152408.55,169314.63000034],[152399.22000001,169286.21000034],[152391.83359697,169263.92135662]]]},"geometry_name":"GEOM","properties":{"INSPIRE_ID":"https://databrussels.be/id/streetsurface/159868","TYPE":"SW","STREET_ID":"https://databrussels.be/id/streetname/3353","STRNAMEFRE":"Avenue de l'Armée","STRNAMEDUT":"Legerlaan","MUNNISCODE":"21005","HIERARCHY":"DC","LVL":0,"ADMIN":"MUN_RBC","AREA":237},"bbox":[152391.83359697,169263.03900036,152419.73,169340.1949485]},{"type":"Feature","id":"StreetSurfaces.fid-77ff224d_1a03149e4eb_-2440","geometry":{"type":"Polygon","coordinates":[[[152421.14417386,169357.11295652],[152420.9,169355.77000035],[152420.83,169354.89000036],[152420.90999999,169353.96000034],[152421.09000001,169353.03000034],[152421.4,169352.16000034],[152421.95999999,169351.24000036],[152422.70999999,169350.40000035],[152423.55,169349.68000034],[152424.15,169349.29000036],[152424.78,169348.95000035],[152425.31639302,169348.66504156],[152426.67999999,169353.06000034],[152426.045,169354.38500034],[152425.40999999,169355.71000034],[152421.14417386,169357.11295652]]]},"geometry_name":"GEOM","properties":{"INSPIRE_ID":"https://databrussels.be/id/streetsurface/159869","TYPE":"SW","STREET_ID":"https://databrussels.be/id/streetname/4504","STRNAMEFRE":"Rue Charles Legrelle","STRNAMEDUT":"Charles Legrellestraat","MUNNISCODE":"21005","HIERARCHY":"DC","LVL":0,"ADMIN":"MUN_RBC","AREA":32},"bbox":[152420.83,169348.66504156,152426.67999999,169357.11295652]},{"type":"Feature","id":"StreetSurfaces.fid-77ff224d_1a03149e4eb_-238a","geometry":{"type":"Polygon","coordinates":[[[152307.53806307,169122.46173426],[152307.355,169122.03400034],[152307.21199999,169121.18700034],[152307.125,169120.26000034],[152307.153,169119.67300035],[152307.426,169118.65400034],[152308.03,169116.45000035],[152308.25,169115.52000035],[152311.70999999,169102.88000034],[152312.26600001,169100.82200035],[152309.027,169099.40800034],[152305.079,169098.03700034],[152302.99100001,169097.67900034],[152298.40599999,169097.56500036],[152300.63800001,169107.35200035],[152301.06900001,169107.36500036],[152301.63399999,169107.49800035],[152302.13399999,169107.76100034],[152302.503,169108.05300035],[152302.73900001,169108.41500036],[152302.89100001,169108.86900036],[152302.86700001,169109.30100035],[152302.80599999,169109.68800036],[152301.973,169111.94900035],[152301.398,169112.73700034],[152300.33699999,169113.10500034],[152299.746,169113.09900035],[152299.30699999,169113.05100035],[152298.697,169112.78700034],[152297.572,169112.42300035],[152296.798,169112.09400035],[152296.51700001,169111.95900034],[152296.13299999,169111.51600036],[152295.67999999,169110.78800036],[152294.45799999,169107.19700035],[152293.876,169105.48900036],[152295.63599999,169104.92100035],[152292.97313659,169095.52672123],[152296.1,169094.53000034],[152300.651,169094.89900035],[152305.16700001,169095.57400035],[152309.627,169096.55400035],[152314.01400001,169097.82000035],[152315.51099999,169098.25200035],[152310.48,169116.72000035],[152309.99000001,169119.70000035],[152310.12000001,169121.69000036],[152307.53806307,169122.46173426]]]},"geometry_name":"GEOM","properties":{"INSPIRE_ID":"https://databrussels.be/id/streetsurface/159947","TYPE":"SW","STREET_ID":"https://databrussels.be/id/streetname/1707","STRNAMEFRE":"Place du Quatre Août","STRNAMEDUT":"Vier Augustusplein","MUNNISCODE":"21005","HIERARCHY":"DC","LVL":0,"ADMIN":"MUN_RBC","AREA":203},"bbox":[152292.97313659,169094.53000034,152315.51099999,169122.46173426]},{"type":"Feature","id":"StreetSurfaces.fid-77ff224d_1a03149e4eb_-245a","geometry":{"type":"Polygon","coordinates":[[[152384.78395603,169192.43538813],[152382.23,169189.15000035],[152387.15,169188.49000036],[152387.79000001,169188.07000035],[152389.59977286,169189.99071297],[152389.43499999,169190.09500035],[152386.826,169191.57700035],[152386.06099999,169191.95200034],[152385.25699999,169192.28000034],[152384.78395603,169192.43538813]]]},"geometry_name":"GEOM","properties":{"INSPIRE_ID":"https://databrussels.be/id/streetsurface/159948","TYPE":"SW","STREET_ID":"https://databrussels.be/id/streetname/3029","STRNAMEFRE":"Rue de l'Escadron","STRNAMEDUT":"Eskadronstraat","MUNNISCODE":"21005","HIERARCHY":"DC","LVL":0,"ADMIN":"MUN_RBC","AREA":17},"bbox":[152382.23,169188.07000035,152389.59977286,169192.43538813]},{"type":"Feature","id":"StreetSurfaces.fid-77ff224d_1a03149e4eb_-2483","geometry":{"type":"Polygon","coordinates":[[[152439.25899999,169122.79800035],[152439.26800001,169121.51600036],[152440.71033793,169119.52382547],[152440.80999999,169119.61000034],[152441.23,169119.98000034],[152441.65,169120.36000034],[152442.03,169120.76000034],[152442.4,169121.24000036],[152442.74000001,169121.74000036],[152442.99000001,169122.27000035],[152443.2,169122.98000034],[152443.28,169123.74000036],[152443.20999999,169124.47000035],[152443.03,169125.00000035],[152442.76713162,169125.48818447],[152439.25899999,169122.79800035]]]},"geometry_name":"GEOM","properties":{"INSPIRE_ID":"https://databrussels.be/id/streetsurface/160032","TYPE":"SW","STREET_ID":"https://databrussels.be/id/streetname/3029","STRNAMEFRE":"Rue de l'Escadron","STRNAMEDUT":"Eskadronstraat","MUNNISCODE":"21005","HIERARCHY":"DC","LVL":0,"ADMIN":"MUN_RBC","AREA":14},"bbox":[152439.25899999,169119.52382547,152443.28,169125.48818447]},{"type":"Feature","id":"StreetSurfaces.fid-77ff224d_1a03149e4eb_-247f","geometry":{"type":"Polygon","coordinates":[[[152449.01079149,169130.27608768],[152452.91500001,169133.27000035],[152452.64000001,169134.56000034],[152456.30999999,169145.46700036],[152453.96486881,169146.25589558],[152452.39000001,169141.50000035],[152450.57000001,169140.63000034],[152448.92,169135.68000034],[152448.67,169134.94000036],[152448.42,169134.19000036],[152448.28,169133.44000036],[152448.27000001,169133.04000036],[152448.28,169132.64000036],[152448.33,169132.24000036],[152448.49000001,169131.51000034],[152448.75,169130.79000036],[152449.01079149,169130.27608768]]]},"geometry_name":"GEOM","properties":{"INSPIRE_ID":"https://databrussels.be/id/streetsurface/160033","TYPE":"SW","STREET_ID":"https://databrussels.be/id/streetname/3029","STRNAMEFRE":"Rue de l'Escadron","STRNAMEDUT":"Eskadronstraat","MUNNISCODE":"21005","HIERARCHY":"DC","LVL":0,"ADMIN":"MUN_RBC","AREA":52},"bbox":[152448.27000001,169130.27608768,152456.30999999,169146.25589558]},{"type":"Feature","id":"StreetSurfaces.fid-77ff224d_1a03149e4eb_-23d4","geometry":{"type":"Polygon","coordinates":[[[152028.73473103,169129.74809791],[152034.19853849,169129.21702889],[152033.40891588,169132.14383673],[152033.07862201,169134.79872223],[152033.07923934,169136.6544151],[152033.20651684,169138.39682776],[152033.57378981,169140.44354936],[152034.16552217,169142.49419822],[152034.92021549,169144.36802103],[152035.87074201,169146.18678633],[152030.38791754,169146.69528173],[152029.99142935,169145.78948299],[152029.61056798,169144.85183107],[152029.26146719,169143.90018758],[152028.96144464,169142.93334326],[152028.70717495,169141.95181734],[152028.49035204,169140.95962125],[152028.29942012,169139.970846],[152028.14486177,169138.97106425],[152028.03002031,169137.95547541],[152027.96518695,169136.9518099],[152027.94052944,169135.920808],[152027.97794943,169134.91316649],[152028.05079591,169133.9011933],[152028.1583101,169132.89789399],[152028.31175106,169131.89393348],[152028.49440072,169130.9013895],[152028.69605112,169129.90979735],[152028.73473103,169129.74809791]]]},"geometry_name":"GEOM","properties":{"INSPIRE_ID":"https://databrussels.be/id/streetsurface/160070","TYPE":"SW","STREET_ID":"https://databrussels.be/id/streetname/1122","STRNAMEFRE":"Avenue du Onze Novembre","STRNAMEDUT":"Elf Novemberlaan","MUNNISCODE":"21005","HIERARCHY":"DC","LVL":0,"ADMIN":"MUN_RBC","AREA":89},"bbox":[152027.94052944,169129.21702889,152035.87074201,169146.69528173]},{"type":"Feature","id":"StreetSurfaces.fid-77ff224d_1a03149e4eb_-242e","geometry":{"type":"Polygon","coordinates":[[[152154.52226472,169147.99067458],[152155.7800297,169145.61025699],[152156.61338675,169142.90766956],[152157.03262608,169140.28054117],[152157.18467069,169137.15977522],[152158.9381705,169137.05961665],[152158.94057972,169138.7051268],[152158.77694094,169140.7125697],[152158.63575327,169141.7139969],[152158.46255088,169142.71324028],[152158.24262598,169143.71169828],[152157.98921425,169144.69104749],[152157.67655721,169145.66238512],[152157.30290256,169146.60116152],[152156.8681864,169147.49792584],[152156.35680034,169148.38342127],[152155.78326414,169149.21752979],[152155.70155394,169149.32366091],[152154.52226472,169147.99067458]]]},"geometry_name":"GEOM","properties":{"INSPIRE_ID":"https://databrussels.be/id/streetsurface/160071","TYPE":"SW","STREET_ID":"https://databrussels.be/id/streetname/4579","STRNAMEFRE":"Place du Roi Vainqueur","STRNAMEDUT":"Koning Overwinnaarplein","MUNNISCODE":"21005","HIERARCHY":"DC","LVL":0,"ADMIN":"MUN_RBC","AREA":22},"bbox":[152154.52226472,169137.05961665,152158.94057972,169149.32366091]},{"type":"Feature","id":"StreetSurfaces.fid-77ff224d_1a03149e4eb_-242b","geometry":{"type":"Polygon","coordinates":[[[152207.26600001,169243.75500034],[152193.2149996,169226.30000068],[152190.30796256,169222.33181058],[152181.87036715,169211.72424308],[152178.59495094,169207.66285493],[152178.33800034,169207.82099995],[152169.83100016,169197.25300023],[152165.83400011,169192.2870007],[152161.78699999,169187.26000034],[152157.76500001,169182.26300036],[152156.71245012,169180.95546853],[152159.30702643,169178.86272215],[152170.86240411,169193.31449796],[152181.89180994,169207.11551656],[152183.35034745,169205.94170114],[152189.12835581,169213.12413944],[152187.66954799,169214.25901777],[152192.55741944,169220.39972805],[152195.65431559,169224.36527254],[152200.25,169230.25000035],[152208.97388165,169241.03393618],[152207.26600001,169243.75500034]]]},"geometry_name":"GEOM","properties":{"INSPIRE_ID":"https://databrussels.be/id/streetsurface/160072","TYPE":"SW","STREET_ID":"https://databrussels.be/id/streetname/1155","STRNAMEFRE":"Rue Bruylants","STRNAMEDUT":"Bruylantsstraat","MUNNISCODE":"21005","HIERARCHY":"DR","LVL":0,"ADMIN":"MUN_RBC","AREA":267},"bbox":[152156.71245012,169178.86272215,152208.97388165,169243.75500034]},{"type":"Feature","id":"StreetSurfaces.fid-77ff224d_1a03149e4eb_-23df","geometry":{"type":"Polygon","coordinates":[[[152160.951,169313.15900034],[152164.28890047,169315.50738152],[152163.20863357,169317.05859131],[152162.42392657,169317.6569015],[152161.56670487,169318.00492994],[152160.38349016,169317.99815582],[152159.92494545,169317.86028959],[152158.30447423,169316.82118134],[152160.951,169313.15900034]]]},"geometry_name":"GEOM","properties":{"INSPIRE_ID":"https://databrussels.be/id/streetsurface/160073","TYPE":"SW","STREET_ID":"https://databrussels.be/id/streetname/3211","STRNAMEFRE":"Rue Fort de Boncelles","STRNAMEDUT":"Fort van Boncellesstraat","MUNNISCODE":"21005","HIERARCHY":"DR","LVL":0,"ADMIN":"MUN_RBC","AREA":17},"bbox":[152158.30447423,169313.15900034,152164.28890047,169318.00492994]},{"type":"Feature","id":"StreetSurfaces.fid-77ff224d_1a03149e4eb_-23e2","geometry":{"type":"Polygon","coordinates":[[[152124.48275588,169386.21271257],[152124.873,169385.66000034],[152123.50899999,169384.69100036],[152124.84000001,169382.82900035],[152126.224,169383.75700034],[152140.42999999,169363.75000035],[152153.78,169344.74000036],[152159.79400001,169336.20900034],[152158.46500001,169335.27700035],[152159.81700001,169333.37800035],[152160.85516796,169331.90632528],[152161.74713476,169330.79664403],[152165.475,169333.41900035],[152142.95999999,169365.42000035],[152127.50999999,169387.56000034],[152127.129,169388.09500035],[152124.48275588,169386.21271257]]]},"geometry_name":"GEOM","properties":{"INSPIRE_ID":"https://databrussels.be/id/streetsurface/160074","TYPE":"SW","STREET_ID":"https://databrussels.be/id/streetname/2459","STRNAMEFRE":"Rue de la Grande Haie","STRNAMEDUT":"Grote Haagstraat","MUNNISCODE":"21005","HIERARCHY":"DR","LVL":0,"ADMIN":"MUN_RBC","AREA":219},"bbox":[152123.50899999,169330.79664403,152165.475,169388.09500035]},{"type":"Feature","id":"StreetSurfaces.fid-77ff224d_1a03149e4eb_-2437","geometry":{"type":"Polygon","coordinates":[[[152307.38800001,169492.21700036],[152327.89000001,169403.70000035],[152334.23800001,169376.07300035],[152339.86485572,169377.36532749],[152338.45699999,169382.97800035],[152336.577,169382.56000034],[152332.24000001,169400.76000034],[152325.22000001,169430.82000035],[152318.57000001,169458.75000035],[152313.89000001,169478.82000035],[152311.05699999,169491.21000034],[152313.328,169491.70200035],[152312.89822335,169493.49306959],[152307.38800001,169492.21700036]]]},"geometry_name":"GEOM","properties":{"INSPIRE_ID":"https://databrussels.be/id/streetsurface/160075","TYPE":"SW","STREET_ID":"https://databrussels.be/id/streetname/5326","STRNAMEFRE":"Rue Père de Deken","STRNAMEDUT":"Pater de Dekenstraat","MUNNISCODE":"21005","HIERARCHY":"DR","LVL":0,"ADMIN":"MUN_RBC","AREA":431},"bbox":[152307.38800001,169376.07300035,152339.86485572,169493.49306959]},{"type":"Feature","id":"StreetSurfaces.fid-77ff224d_1a03149e4eb_-244b","geometry":{"type":"Polygon","coordinates":[[[152357.94050643,169371.03025006],[152359.30999999,169375.21600036],[152348.65999999,169378.70000035],[152348.10999999,169379.26000034],[152343.35065939,169378.16623031],[152343.60699999,169377.24600035],[152344.15599999,169376.26500036],[152344.64200001,169375.64300035],[152345.22000001,169375.11900035],[152348.8,169373.97900035],[152357.94050643,169371.03025006]]]},"geometry_name":"GEOM","properties":{"INSPIRE_ID":"https://databrussels.be/id/streetsurface/160076","TYPE":"SW","STREET_ID":"https://databrussels.be/id/streetname/5326","STRNAMEFRE":"Rue Père de Deken","STRNAMEDUT":"Pater de Dekenstraat","MUNNISCODE":"21005","HIERARCHY":"DR","LVL":0,"ADMIN":"MUN_RBC","AREA":65},"bbox":[152343.35065939,169371.03025006,152359.30999999,169379.26000034]},{"type":"Feature","id":"StreetSurfaces.fid-77ff224d_1a03149e4eb_-244e","geometry":{"type":"Polygon","coordinates":[[[152442.23,169460.87000035],[152443.47000001,169464.42000035],[152441.58,169463.49000036],[152395.27000001,169478.87000035],[152393.9,169479.32000035],[152367.35,169488.17000035],[152348.47000001,169494.39000036],[152333.22000001,169499.55000035],[152332.60189681,169499.76259155],[152331.877,169497.58400034],[152442.23,169460.87000035]]]},"geometry_name":"GEOM","properties":{"INSPIRE_ID":"https://databrussels.be/id/streetsurface/160077","TYPE":"SW","STREET_ID":"https://databrussels.be/id/streetname/5545","STRNAMEFRE":"Rue des Bollandistes","STRNAMEDUT":"Bollandistenstraat","MUNNISCODE":"21005","HIERARCHY":"DR","LVL":0,"ADMIN":"MUN_RBC","AREA":264},"bbox":[152331.877,169460.87000035,152443.47000001,169499.76259155]},{"type":"Feature","id":"StreetSurfaces.fid-77ff224d_1a03149e4eb_-2475","geometry":{"type":"Polygon","coordinates":[[[152463.38,169470.58000034],[152459.16418016,169472.05254084],[152459,169471.56000034],[152458.85,169470.77000035],[152458.85999999,169470.21000034],[152459.15,169468.81000034],[152460.1,169465.96000034],[152460.52000001,169465.61000034],[152460.94000001,169465.26000034],[152461.38,169464.94000036],[152462.09000001,169464.57000035],[152462.85,169464.27000035],[152463.40785985,169464.04979252],[152464.69000001,169467.87000035],[152464.03499999,169469.22500035],[152463.38,169470.58000034]]]},"geometry_name":"GEOM","properties":{"INSPIRE_ID":"https://databrussels.be/id/streetsurface/160078","TYPE":"SW","STREET_ID":"https://databrussels.be/id/streetname/5545","STRNAMEFRE":"Rue des Bollandistes","STRNAMEDUT":"Bollandistenstraat","MUNNISCODE":"21005","HIERARCHY":"DC","LVL":0,"ADMIN":"MUN_RBC","AREA":30},"bbox":[152458.85,169464.04979252,152464.69000001,169472.05254084]},{"type":"Feature","id":"StreetSurfaces.fid-77ff224d_1a03149e4eb_-23a4","geometry":{"type":"Polygon","coordinates":[[[152052.65,169024.80500034],[152056.80704033,169025.84569372],[152056.28952832,169027.3813625],[152056.15792153,169027.7184013],[152055.9695225,169028.12435879],[152055.05071924,169029.39699644],[152053.80945249,169030.3759379],[152052.34651494,169030.9803003],[152050.77323921,169031.15949132],[152049.20472801,169030.9747332],[152048.56243541,169030.72455839],[152048.86700001,169026.09000036],[152050.75799999,169025.44800035],[152052.65,169024.80500034]]]},"geometry_name":"GEOM","properties":{"INSPIRE_ID":"https://databrussels.be/id/streetsurface/160241","TYPE":"SW","STREET_ID":"https://databrussels.be/id/streetname/4000","STRNAMEFRE":"Avenue Hansen-Soulie","STRNAMEDUT":"Hansen-Soulielaan","MUNNISCODE":"21005","HIERARCHY":"DC","LVL":0,"ADMIN":"MUN_RBC","AREA":38},"bbox":[152048.56243541,169024.80500034,152056.80704033,169031.15949132]},{"type":"Feature","id":"StreetSurfaces.fid-77ff224d_1a03149e4eb_-2416","geometry":{"type":"Polygon","coordinates":[[[152303.225,169155.12400035],[152305.79151652,169152.29248871],[152316.125,169161.48600034],[152323.64000001,169168.14500035],[152324.97000001,169166.70200035],[152339.77000001,169180.15200035],[152338.49500001,169181.56600036],[152348.36199999,169190.38300034],[152349.66800001,169188.88000034],[152355.071,169193.56800036],[152363.47772355,169201.14039012],[152359.37813754,169207.20280544],[152354.327,169202.67400035],[152345.10999999,169194.41000034],[152334.89000001,169184.00000035],[152331.90999999,169181.38000034],[152326.40999999,169175.90000035],[152303.225,169155.12400035]]]},"geometry_name":"GEOM","properties":{"INSPIRE_ID":"https://databrussels.be/id/streetsurface/160242","TYPE":"SW","STREET_ID":"https://databrussels.be/id/streetname/3335","STRNAMEFRE":"Pont Fernand Demany","STRNAMEDUT":"Fernand Demanybrug","MUNNISCODE":"21005","HIERARCHY":"DC","LVL":0,"ADMIN":"MUN_RBC","AREA":412},"bbox":[152303.225,169152.29248871,152363.47772355,169207.20280544]},{"type":"Feature","id":"StreetSurfaces.fid-77ff224d_1a03149e4eb_-2451","geometry":{"type":"Polygon","coordinates":[[[152397.8253175,169196.4303424],[152400.423,169197.83600034],[152398.92,169199.78000034],[152395.44000001,169204.74000036],[152393.1367214,169202.49109904],[152397.8253175,169196.4303424]]]},"geometry_name":"GEOM","properties":{"INSPIRE_ID":"https://databrussels.be/id/streetsurface/160243","TYPE":"SW","STREET_ID":"https://databrussels.be/id/streetname/3029","STRNAMEFRE":"Rue de l'Escadron","STRNAMEDUT":"Eskadronstraat","MUNNISCODE":"21005","HIERARCHY":"DC","LVL":0,"ADMIN":"MUN_RBC","AREA":24},"bbox":[152393.1367214,169196.4303424,152400.423,169204.74000036]},{"type":"Feature","id":"StreetSurfaces.fid-77ff224d_1a03149e4eb_-247c","geometry":{"type":"Polygon","coordinates":[[[152495.39000001,169315.88000034],[152496.71495757,169319.95858177],[152496.35,169320.11000034],[152495.79000001,169320.29000036],[152495.22000001,169320.43000034],[152494.65,169320.58000035],[152493.10999999,169319.67000035],[152425.072,169342.16400036],[152424.2,169343.99000036],[152423.89959819,169344.09865631],[152422.6,169339.91000034],[152495.39000001,169315.88000034]]]},"geometry_name":"GEOM","properties":{"INSPIRE_ID":"https://databrussels.be/id/streetsurface/160244","TYPE":"SW","STREET_ID":"https://databrussels.be/id/streetname/4504","STRNAMEFRE":"Rue Charles Legrelle","STRNAMEDUT":"Charles Legrellestraat","MUNNISCODE":"21005","HIERARCHY":"DR","LVL":0,"ADMIN":"MUN_RBC","AREA":228},"bbox":[152422.6,169315.88000034,152496.71495757,169344.09865631]},{"type":"Feature","id":"StreetSurfaces.fid-77ff224d_1a03149e4eb_-2390","geometry":{"type":"Polygon","coordinates":[[[152286.7835664,169040.53274833],[152289.73199999,169041.27800034],[152286.099,169055.62700035],[152284.23599999,169062.98600034],[152284.17,169063.63500034],[152284.295,169064.27600035],[152281.57889266,169065.50852951],[152281.02890861,169064.09372529],[152279.47498219,169064.8116105],[152277.96697855,169061.11386117],[152277.25762565,169059.04632737],[152277.14598768,169058.54395961],[152277.13702755,169057.91294614],[152277.22244158,169057.21263248],[152277.41017525,169056.51025931],[152277.53438823,169056.14346649],[152277.75304751,169055.63465523],[152278.35004001,169054.84324717],[152278.99390142,169054.22636735],[152279.82632628,169053.612733],[152281.62835402,169051.97453474],[152281.99056389,169051.48411504],[152282.10844932,169051.32450227],[152282.36623814,169050.70392627],[152282.67496042,169049.74611734],[152284.36982677,169050.24068336],[152286.7835664,169040.53274833]]]},"geometry_name":"GEOM","properties":{"INSPIRE_ID":"https://databrussels.be/id/streetsurface/160418","TYPE":"SW","STREET_ID":"https://databrussels.be/id/streetname/4495","STRNAMEFRE":"Rue Aviateur Thieffry","STRNAMEDUT":"Vlieger Thieffrystraat","MUNNISCODE":"21005","HIERARCHY":"DR","LVL":0,"ADMIN":"MUN_RBC","AREA":128},"bbox":[152277.13702755,169040.53274833,152289.73199999,169065.50852951]},{"type":"Feature","id":"StreetSurfaces.fid-77ff224d_1a03149e4eb_-238e","geometry":{"type":"Polygon","coordinates":[[[152296.1,169094.53000034],[152292.97313659,169095.52672123],[152292.05,169092.27000035],[152290.79000001,169088.62000035],[152289.49000001,169084.99000036],[152288.28,169081.75000035],[152287.04000001,169078.53000034],[152285.75999999,169075.32000035],[152284.40999999,169072.08000034],[152281.63,169065.64000036],[152281.57889266,169065.50852951],[152284.295,169064.27600035],[152285.77000001,169068.44000036],[152296.1,169094.53000034]]]},"geometry_name":"GEOM","properties":{"INSPIRE_ID":"https://databrussels.be/id/streetsurface/160419","TYPE":"SW","STREET_ID":"https://databrussels.be/id/streetname/280","STRNAMEFRE":"Rue de Pervyse","STRNAMEDUT":"Pervijzestraat","MUNNISCODE":"21005","HIERARCHY":"DR","LVL":0,"ADMIN":"MUN_RBC","AREA":88},"bbox":[152281.57889266,169064.27600035,152296.1,169095.52672123]},{"type":"Feature","id":"StreetSurfaces.fid-77ff224d_1a03149e4eb_-2455","geometry":{"type":"Polygon","coordinates":[[[152387.79000001,169188.07000035],[152426.95599999,169139.36800036],[152428.76033416,169140.81893229],[152423.42999999,169147.49000036],[152419.99000001,169151.83000035],[152417.10999999,169155.45000035],[152408.09000001,169166.80000035],[152407.79000001,169167.18000034],[152405.75,169169.70000035],[152395.74000001,169182.12000035],[152394.205,169184.02500035],[152395.795,169185.40100035],[152394.479,169186.55900034],[152392.23,169188.32600035],[152389.59977286,169189.99071297],[152387.79000001,169188.07000035]]]},"geometry_name":"GEOM","properties":{"INSPIRE_ID":"https://databrussels.be/id/streetsurface/160420","TYPE":"SW","STREET_ID":"https://databrussels.be/id/streetname/3029","STRNAMEFRE":"Rue de l'Escadron","STRNAMEDUT":"Eskadronstraat","MUNNISCODE":"21005","HIERARCHY":"DC","LVL":0,"ADMIN":"MUN_RBC","AREA":162},"bbox":[152387.79000001,169139.36800036,152428.76033416,169189.99071297]},{"type":"Feature","id":"StreetSurfaces.fid-77ff224d_1a03149e4eb_-244f","geometry":{"type":"Polygon","coordinates":[[[152426.95599999,169139.36800036],[152439.25,169124.08000035],[152439.25899999,169122.79800035],[152442.76713162,169125.48818447],[152442.44000001,169126.02000035],[152442.02000001,169126.60000035],[152441.54000001,169127.15000035],[152441.07000001,169127.70000035],[152439.04000001,169127.95000035],[152436.50999999,169131.12000035],[152428.76033416,169140.81893229],[152426.95599999,169139.36800036]]]},"geometry_name":"GEOM","properties":{"INSPIRE_ID":"https://databrussels.be/id/streetsurface/160421","TYPE":"SW","STREET_ID":"https://databrussels.be/id/streetname/3029","STRNAMEFRE":"Rue de l'Escadron","STRNAMEDUT":"Eskadronstraat","MUNNISCODE":"21005","HIERARCHY":"DC","LVL":0,"ADMIN":"MUN_RBC","AREA":53},"bbox":[152426.95599999,169122.79800035,152442.76713162,169140.81893229]},{"type":"Feature","id":"StreetSurfaces.fid-77ff224d_1a03149e4eb_-247d","geometry":{"type":"Polygon","coordinates":[[[152506.39435406,169310.36953255],[152505.48,169308.07000035],[152506.47000001,169306.31000034],[152497.78,169279.73000034],[152485.84000001,169242.59000036],[152469.34000001,169192.76000034],[152458.42999999,169159.74000036],[152453.96486881,169146.25589558],[152456.30999999,169145.46700036],[152458.42,169151.74000036],[152510.14000001,169309.23800036],[152506.39435406,169310.36953255]]]},"geometry_name":"GEOM","properties":{"INSPIRE_ID":"https://databrussels.be/id/streetsurface/160422","TYPE":"SW","STREET_ID":"https://databrussels.be/id/streetname/4100","STRNAMEFRE":"Rue des Atrébates","STRNAMEDUT":"Atrebatenstraat","MUNNISCODE":"21005","HIERARCHY":"DR","LVL":0,"ADMIN":"MUN_RBC","AREA":425},"bbox":[152453.96486881,169145.46700036,152510.14000001,169310.36953255]},{"type":"Feature","id":"StreetSurfaces.fid-77ff224d_1a03149e4eb_-23da","geometry":{"type":"Polygon","coordinates":[[[152011.22775583,169136.77949475],[152010.4909826,169136.84427618],[152010.29174945,169134.7680062],[152000.30055978,169135.71103036],[151995.77000001,169136.18400034],[151995.90799999,169138.03000035],[151992.26199999,169138.37600035],[151992.054,169136.52900035],[151987.57120376,169136.96286704],[151987.253,169133.84100036],[152000,169132.6539761],[152001.73575115,169132.46870777],[152002.12704401,169132.4608535],[152002.44678438,169132.45443546],[152004.99593043,169132.12413231],[152010.28461897,169131.58082859],[152010.60259833,169131.53811888],[152010.68109887,169131.52200758],[152010.82288566,169131.44873025],[152011.22775583,169136.77949475]]]},"geometry_name":"GEOM","properties":{"INSPIRE_ID":"https://databrussels.be/id/streetsurface/160438","TYPE":"SW","STREET_ID":"https://databrussels.be/id/streetname/1122","STRNAMEFRE":"Avenue du Onze Novembre","STRNAMEDUT":"Elf Novemberlaan","MUNNISCODE":"21005","HIERARCHY":"DC","LVL":0,"ADMIN":"MUN_RBC","AREA":82},"bbox":[151987.253,169131.44873025,152011.22775583,169138.37600035]},{"type":"Feature","id":"StreetSurfaces.fid-77ff224d_1a03149e4eb_-23aa","geometry":{"type":"Polygon","coordinates":[[[152051.68216479,169046.77932364],[152051.51230361,169047.79940168],[152051.20351281,169049.79695674],[152050.93563843,169051.78054311],[152050.69160652,169053.78054115],[152050.45575314,169055.78687786],[152048.55460322,169057.30447942],[152048.4142005,169058.7090094],[152048.33584065,169059.72556385],[152048.05789564,169063.74235076],[152047.85724683,169067.76010214],[152047.82965767,169068.76536378],[152047.80698349,169070.76667337],[152047.78537366,169072.77969808],[152047.81511879,169074.80170562],[152047.85557385,169076.81817371],[152047.94967201,169080.82001635],[152047.99211147,169081.85618126],[152048.13300979,169083.85187248],[152048.58684478,169090.14862754],[152046.13299999,169090.41400036],[152045.47000001,169080.40000035],[152045.33,169066.27200035],[152046.58,169052.54000036],[152047.548,169046.14600035],[152051.68216479,169046.77932364]]]},"geometry_name":"GEOM","properties":{"INSPIRE_ID":"https://databrussels.be/id/streetsurface/160439","TYPE":"SW","STREET_ID":"https://databrussels.be/id/streetname/4000","STRNAMEFRE":"Avenue Hansen-Soulie","STRNAMEDUT":"Hansen-Soulielaan","MUNNISCODE":"21005","HIERARCHY":"DC","LVL":0,"ADMIN":"MUN_RBC","AREA":125},"bbox":[152045.33,169046.14600035,152051.68216479,169090.41400036]},{"type":"Feature","id":"StreetSurfaces.fid-77ff224d_1a03149e4eb_-240b","geometry":{"type":"Polygon","coordinates":[[[152071.52496421,169029.84049989],[152075.626,169031.22500035],[152073.13900001,169040.12500035],[152071.38299999,169049.79700035],[152066.83617573,169049.10059189],[152067.25351481,169046.91802465],[152067.65477524,169044.93964338],[152068.29395053,169041.97495886],[152068.97128158,169039.0151931],[152069.46739438,169037.05524499],[152069.72965121,169036.08957593],[152070.78374248,169032.19660618],[152071.07587771,169031.22570001],[152071.52496421,169029.84049989]]]},"geometry_name":"GEOM","properties":{"INSPIRE_ID":"https://databrussels.be/id/streetsurface/160440","TYPE":"SW","STREET_ID":"https://databrussels.be/id/streetname/4000","STRNAMEFRE":"Avenue Hansen-Soulie","STRNAMEDUT":"Hansen-Soulielaan","MUNNISCODE":"21005","HIERARCHY":"DC","LVL":0,"ADMIN":"MUN_RBC","AREA":86},"bbox":[152066.83617573,169029.84049989,152075.626,169049.79700035]},{"type":"Feature","id":"StreetSurfaces.fid-77ff224d_1a03149e4eb_-2405","geometry":{"type":"Polygon","coordinates":[[[152148.03668244,169102.61171855],[152146.84770331,169102.06796545],[152145.57910788,169101.75173069],[152142.07000001,169101.99000036],[152139.5911545,169102.24412991],[152135.857883,169102.6103186],[152134.51363914,169102.74683282],[152134.02112834,169097.77444121],[152136.777473,169097.51043755],[152142.86759219,169096.93761951],[152143.88838692,169096.9055642],[152144.89093564,169096.93449094],[152145.90275033,169097.05204941],[152146.88498364,169097.28260328],[152147.86942365,169097.61805991],[152148.78629329,169098.04952256],[152149.63662088,169098.57855288],[152150.46874452,169099.19138853],[152150.70310555,169099.4071267],[152148.03668244,169102.61171855]]]},"geometry_name":"GEOM","properties":{"INSPIRE_ID":"https://databrussels.be/id/streetsurface/160441","TYPE":"SW","STREET_ID":"https://databrussels.be/id/streetname/4032","STRNAMEFRE":"Rue de Tervaete","STRNAMEDUT":"Tervaetestraat","MUNNISCODE":"21005","HIERARCHY":"DC","LVL":0,"ADMIN":"MUN_RBC","AREA":75},"bbox":[152134.02112834,169096.9055642,152150.70310555,169102.74683282]},{"type":"Feature","id":"StreetSurfaces.fid-77ff224d_1a03149e4eb_-2407","geometry":{"type":"Polygon","coordinates":[[[152073.94612432,169103.61515867],[152077.87423956,169103.22563595],[152078.0427412,169105.21579398],[152096.46333318,169103.41769547],[152110.51353567,169102.0477579],[152114.73390589,169101.65804884],[152131.57901039,169099.9979329],[152131.3785965,169098.02754385],[152134.02112834,169097.77444121],[152134.51363914,169102.74683282],[152122.5928839,169103.92955252],[152115.1274616,169104.6454477],[152110.63934097,169105.12593872],[152074.61241891,169108.67207822],[152073.94612432,169103.61515867]]]},"geometry_name":"GEOM","properties":{"INSPIRE_ID":"https://databrussels.be/id/streetsurface/160442","TYPE":"SW","STREET_ID":"https://databrussels.be/id/streetname/4579","STRNAMEFRE":"Place du Roi Vainqueur","STRNAMEDUT":"Koning Overwinnaarplein","MUNNISCODE":"21005","HIERARCHY":"DC","LVL":0,"ADMIN":"MUN_RBC","AREA":198},"bbox":[152073.94612432,169097.77444121,152134.51363914,169108.67207822]},{"type":"Feature","id":"StreetSurfaces.fid-77ff224d_1a03149e4eb_-2426","geometry":{"type":"Polygon","coordinates":[[[152177.53957069,169130.26362845],[152179.88889401,169130.06696281],[152180.04245477,169132.03662123],[152184.91432984,169131.72178415],[152188.90698798,169131.45074681],[152194.91673689,169131.06199483],[152196.58962143,169130.99508311],[152204.25999999,169130.81000034],[152208.84000001,169130.67000035],[152212.98,169130.55000035],[152217.12000001,169130.45000035],[152221.25999999,169130.43000034],[152225.6,169130.53000034],[152229.94000001,169130.70000035],[152234.28,169130.89000036],[152238.65,169131.05000035],[152243.02000001,169131.23000034],[152247.39000001,169131.46000034],[152252.88,169131.90000035],[152258.37000001,169132.43000034],[152263.85999999,169132.96000034],[152264.66692524,169133.04347538],[152264.17999999,169136.54000036],[152244.74000001,169134.75000035],[152218.42,169133.92000035],[152196.34000001,169134.47000035],[152178.08,169135.75000035],[152177.53957069,169130.26362845]]]},"geometry_name":"GEOM","properties":{"INSPIRE_ID":"https://databrussels.be/id/streetsurface/160443","TYPE":"SW","STREET_ID":"https://databrussels.be/id/streetname/3339","STRNAMEFRE":"Avenue du Front","STRNAMEDUT":"Frontlaan","MUNNISCODE":"21005","HIERARCHY":"DC","LVL":0,"ADMIN":"MUN_RBC","AREA":310},"bbox":[152177.53957069,169130.06696281,152264.66692524,169136.54000036]},{"type":"Feature","id":"StreetSurfaces.fid-77ff224d_1a03149e4eb_-2421","geometry":{"type":"Polygon","coordinates":[[[152220.148,169229.21900035],[152273.03,169154.81000034],[152275.14218595,169156.40545389],[152271.90999999,169161.02000035],[152250.78,169191.18000034],[152233.45999999,169214.95000035],[152225.18699999,169226.73600034],[152226.71900001,169227.86500036],[152225.379,169229.76000034],[152223.83776421,169231.8415393],[152220.148,169229.21900035]]]},"geometry_name":"GEOM","properties":{"INSPIRE_ID":"https://databrussels.be/id/streetsurface/160444","TYPE":"SW","STREET_ID":"https://databrussels.be/id/streetname/2459","STRNAMEFRE":"Rue de la Grande Haie","STRNAMEDUT":"Grote Haagstraat","MUNNISCODE":"21005","HIERARCHY":"DR","LVL":0,"ADMIN":"MUN_RBC","AREA":260},"bbox":[152220.148,169154.81000034,152275.14218595,169231.8415393]},{"type":"Feature","id":"StreetSurfaces.fid-77ff224d_1a03149e4eb_-2422","geometry":{"type":"Polygon","coordinates":[[[152216.08122571,169254.10690395],[152216.15899999,169254.00200035],[152217.51300001,169254.96900035],[152230.54298759,169236.60672433],[152232.954,169238.32000035],[152226.396,169247.54800035],[152219.83699999,169256.77600035],[152216.08122571,169254.10690395]]]},"geometry_name":"GEOM","properties":{"INSPIRE_ID":"https://databrussels.be/id/streetsurface/160527","TYPE":"SW","STREET_ID":"https://databrussels.be/id/streetname/1155","STRNAMEFRE":"Rue Bruylants","STRNAMEDUT":"Bruylantsstraat","MUNNISCODE":"21005","HIERARCHY":"DR","LVL":0,"ADMIN":"MUN_RBC","AREA":67},"bbox":[152216.08122571,169236.60672433,152232.954,169256.77600035]},{"type":"Feature","id":"StreetSurfaces.fid-77ff224d_1a03149e4eb_-2469","geometry":{"type":"Polygon","coordinates":[[[152364.00712509,169265.60542812],[152360.60599999,169264.80300035],[152365.352,169244.68900036],[152367.67467799,169244.52390064],[152366.96300001,169248.76500036],[152369.68900001,169249.44400036],[152367.05,169260.92700035],[152365.203,169260.54700035],[152364.00712509,169265.60542812]]]},"geometry_name":"GEOM","properties":{"INSPIRE_ID":"https://databrussels.be/id/streetsurface/160528","TYPE":"SW","STREET_ID":"https://databrussels.be/id/streetname/3353","STRNAMEFRE":"Avenue de l'Armée","STRNAMEDUT":"Legerlaan","MUNNISCODE":"21005","HIERARCHY":"DC","LVL":0,"ADMIN":"MUN_RBC","AREA":91},"bbox":[152360.60599999,169244.52390064,152369.68900001,169265.60542812]},{"type":"Feature","id":"StreetSurfaces.fid-77ff224d_1a03149e4eb_-245d","geometry":{"type":"Polygon","coordinates":[[[152382.92349443,169220.83914327],[152388.77000001,169222.21900035],[152388.35,169223.99000036],[152387.67,169228.72000035],[152387.70999999,169236.93000034],[152388.40999999,169243.05000035],[152381.909847,169243.51204175],[152381.923,169243.06600036],[152381.826,169234.04200036],[152381.38499999,169233.34400035],[152380.096,169233.36800036],[152380.26300001,169231.29900035],[152380.78900001,169228.45200035],[152382.002,169223.89700035],[152382.92349443,169220.83914327]]]},"geometry_name":"GEOM","properties":{"INSPIRE_ID":"https://databrussels.be/id/streetsurface/160529","TYPE":"SW","STREET_ID":"https://databrussels.be/id/streetname/3353","STRNAMEFRE":"Avenue de l'Armée","STRNAMEDUT":"Legerlaan","MUNNISCODE":"21005","HIERARCHY":"DC","LVL":0,"ADMIN":"MUN_RBC","AREA":141},"bbox":[152380.096,169220.83914327,152388.77000001,169243.51204175]},{"type":"Feature","id":"StreetSurfaces.fid-77ff224d_1a03149e4eb_-245e","geometry":{"type":"Polygon","coordinates":[[[152391.83359697,169263.92135662],[152390.65999999,169260.38000034],[152390.36300001,169259.47400035],[152389.68199999,169257.08700034],[152388.879,169255.26500036],[152387.83599999,169253.64300036],[152387.23900001,169252.94700035],[152385.99000001,169253.94300036],[152384.35599999,169252.29000036],[152382.9,169250.56200034],[152381.94100001,169249.08400034],[152381.071,169247.51100034],[152380.55499999,169246.02600035],[152380.078,169244.40200035],[152381.88900001,169244.21900035],[152381.909847,169243.51204175],[152388.40999999,169243.05000035],[152389.75,169248.89000036],[152394.475,169263.03900036],[152391.83359697,169263.92135662]]]},"geometry_name":"GEOM","properties":{"INSPIRE_ID":"https://databrussels.be/id/streetsurface/160530","TYPE":"SW","STREET_ID":"https://databrussels.be/id/streetname/3353","STRNAMEFRE":"Avenue de l'Armée","STRNAMEDUT":"Legerlaan","MUNNISCODE":"21005","HIERARCHY":"DC","LVL":0,"ADMIN":"MUN_RBC","AREA":107},"bbox":[152380.078,169243.05000035,152394.475,169263.92135662]},{"type":"Feature","id":"StreetSurfaces.fid-77ff224d_1a03149e4eb_-2446","geometry":{"type":"Polygon","coordinates":[[[152405.9855144,169350.05724315],[152404.751,169345.68400034],[152405.28199999,169345.38200034],[152405.65699999,169344.90000035],[152405.81900001,169344.31100034],[152405.74300001,169343.70500035],[152409.90012229,169342.20574934],[152410.02000001,169342.94000036],[152410.17,169343.93000034],[152410.17999999,169344.91000034],[152410.08,169345.57000035],[152409.90999999,169346.22000035],[152409.67,169346.84000036],[152409.17,169347.67000035],[152408.52000001,169348.42000035],[152407.78,169349.08000034],[152407.1,169349.51000034],[152406.35999999,169349.87000035],[152405.9855144,169350.05724315]]]},"geometry_name":"GEOM","properties":{"INSPIRE_ID":"https://databrussels.be/id/streetsurface/160531","TYPE":"SW","STREET_ID":"https://databrussels.be/id/streetname/4504","STRNAMEFRE":"Rue Charles Legrelle","STRNAMEDUT":"Charles Legrellestraat","MUNNISCODE":"21005","HIERARCHY":"DC","LVL":0,"ADMIN":"MUN_RBC","AREA":27},"bbox":[152404.751,169342.20574934,152410.17999999,169350.05724315]},{"type":"Feature","id":"StreetSurfaces.fid-77ff224d_1a03149e4eb_-245c","geometry":{"type":"Polygon","coordinates":[[[152380.49000001,169267.71000034],[152383.19046192,169266.80817274],[152392.63,169295.34000036],[152399.03,169314.64000036],[152400.90999999,169320.29000036],[152401.73,169322.78000035],[152407.82000001,169340.67000035],[152409.85999999,169341.96000034],[152409.90012229,169342.20574934],[152405.74300001,169343.70500035],[152380.49000001,169267.71000034]]]},"geometry_name":"GEOM","properties":{"INSPIRE_ID":"https://databrussels.be/id/streetsurface/160532","TYPE":"SW","STREET_ID":"https://databrussels.be/id/streetname/3353","STRNAMEFRE":"Avenue de l'Armée","STRNAMEDUT":"Legerlaan","MUNNISCODE":"21005","HIERARCHY":"DC","LVL":0,"ADMIN":"MUN_RBC","AREA":228},"bbox":[152380.49000001,169266.80817274,152409.90012229,169343.70500035]},{"type":"Feature","id":"StreetSurfaces.fid-77ff224d_1a03149e4eb_-243f","geometry":{"type":"Polygon","coordinates":[[[152421.14417386,169357.11295652],[152425.40999999,169355.71000034],[152457.849,169453.36800035],[152453.41501014,169454.83724772],[152453.13,169454.14000036],[152454.29000001,169452.43000034],[152448.63,169435.37000035],[152439.50999999,169407.69000036],[152430.50999999,169380.71000034],[152423.25,169358.60000035],[152421.22000001,169357.53000034],[152421.14417386,169357.11295652]]]},"geometry_name":"GEOM","properties":{"INSPIRE_ID":"https://databrussels.be/id/streetsurface/160533","TYPE":"SW","STREET_ID":"https://databrussels.be/id/streetname/3353","STRNAMEFRE":"Avenue de l'Armée","STRNAMEDUT":"Legerlaan","MUNNISCODE":"21005","HIERARCHY":"DC","LVL":0,"ADMIN":"MUN_RBC","AREA":316},"bbox":[152421.14417386,169355.71000034,152457.849,169454.83724772]},{"type":"Feature","id":"StreetSurfaces.fid-77ff224d_1a03149e4eb_-2459","geometry":{"type":"Polygon","coordinates":[[[152382.92349443,169220.83914327],[152383.227,169219.83200034],[152385.21300001,169214.95600034],[152386.49200001,169213.95600034],[152387.724,169212.66800036],[152388.705,169211.44900035],[152389.45165036,169210.33082911],[152389.96099999,169209.11800036],[152390.354,169207.97200035],[152390.53099999,169206.93100034],[152390.71500001,169206.03700034],[152391.06800001,169205.22900034],[152391.824,169204.18800036],[152393.1367214,169202.49109904],[152395.44000001,169204.74000036],[152393.76300001,169207.64000036],[152391.99100001,169211.44400035],[152390.24000001,169216.02000035],[152388.77000001,169222.21900035],[152382.92349443,169220.83914327]]]},"geometry_name":"GEOM","properties":{"INSPIRE_ID":"https://databrussels.be/id/streetsurface/161068","TYPE":"SW","STREET_ID":"https://databrussels.be/id/streetname/3353","STRNAMEFRE":"Avenue de l'Armée","STRNAMEDUT":"Legerlaan","MUNNISCODE":"21005","HIERARCHY":"DC","LVL":0,"ADMIN":"MUN_RBC","AREA":81},"bbox":[152382.92349443,169202.49109904,152395.44000001,169222.21900035]},{"type":"Feature","id":"StreetSurfaces.fid-77ff224d_1a03149e4eb_-246a","geometry":{"type":"Polygon","coordinates":[[[152375.15263355,169219.00569853],[152371.60999999,169218.17000035],[152364.829,169212.09000036],[152359.37813754,169207.20280544],[152363.47772355,169201.14039012],[152366.477,169203.84200036],[152366.55,169206.37000035],[152366.677,169207.18600034],[152366.85999999,169207.99200036],[152367.099,169208.78200034],[152367.39200001,169209.55500034],[152367.73900001,169210.30400034],[152368.13699999,169211.02800034],[152368.58499999,169211.72200035],[152369.08,169212.38400034],[152369.62000001,169213.00900034],[152370.202,169213.59500035],[152370.823,169214.13900036],[152371.48099999,169214.63800036],[152372.173,169215.09000036],[152372.322,169215.17900034],[152372.823,169215.61300036],[152373.29200001,169216.08200034],[152373.728,169216.58200034],[152374.127,169217.11200034],[152374.48900001,169217.66700036],[152374.81099999,169218.24700035],[152375.09200001,169218.84800035],[152375.15263355,169219.00569853]]]},"geometry_name":"GEOM","properties":{"INSPIRE_ID":"https://databrussels.be/id/streetsurface/161069","TYPE":"SW","STREET_ID":"https://databrussels.be/id/streetname/4488","STRNAMEFRE":"Cours Saint Michel","STRNAMEDUT":"Sint Michielswarande","MUNNISCODE":"21005","HIERARCHY":"DC","LVL":0,"ADMIN":"MUN_RBC","AREA":78},"bbox":[152359.37813754,169201.14039012,152375.15263355,169219.00569853]},{"type":"Feature","id":"StreetSurfaces.fid-77ff224d_1a03149e4eb_-23c7","geometry":{"type":"Polygon","coordinates":[[[152079.30633533,169167.74916896],[152082.47741198,169167.42601105],[152082.70358691,169169.42122924],[152092.42184396,169168.37483882],[152101.40360513,169167.44369225],[152115.38647962,169165.98059703],[152125.23045363,169164.97385747],[152125.02627575,169162.97585928],[152138.53841,169161.6333193],[152147.31329136,169160.75317716],[152148.09428821,169160.77220616],[152149.63413909,169161.14876064],[152151.00589562,169161.93959407],[152151.90584052,169162.78526789],[152152.5487416,169163.72980565],[152152.97512894,169164.66333841],[152153.29530947,169165.51314403],[152154.7532361,169169.3596229],[152155.17448874,169170.26755732],[152155.67750599,169171.13586969],[152156.83415945,169172.57603199],[152155.24920676,169173.78779494],[152159.30702643,169178.86272215],[152156.71245012,169180.95546853],[152150.21500001,169172.88400034],[152148.52292054,169173.0468815],[152148.37342627,169171.49971985],[152148.18904369,169170.50992137],[152147.8378077,169169.56634773],[152147.3671623,169168.75002657],[152146.77165976,169168.01977729],[152146.0585274,169167.40015241],[152145.25105908,169166.90975703],[152144.37241554,169166.56265725],[152143.24038014,169166.34733023],[152142.08825543,169166.3692033],[152136.94468327,169166.88015162],[152130.24569039,169167.51704866],[152124.04465966,169168.12038228],[152121.04500735,169168.41996926],[152115.64892271,169168.94741148],[152115.56536951,169169.04606136],[152109.59203041,169169.65437972],[152098.42702081,169170.64204434],[152096.03069966,169170.88915812],[152092.21759148,169171.27693955],[152089.76347344,169171.50192007],[152085.06864457,169171.98185815],[152082.51138127,169172.22136575],[152080.89169414,169172.37982883],[152080.24900792,169172.52171761],[152079.78069637,169172.73724283],[152079.36089311,169173.03646194],[152079.05181508,169173.38387221],[152078.80722437,169173.77934476],[152078.62562785,169174.24075014],[152078.53185959,169174.72765845],[152078.52910945,169175.22350587],[152078.85777457,169178.33337807],[152078.559746,169178.75320143],[152078.42,169179.66900036],[152078.43800001,169179.87800035],[152076.05784786,169180.08397702],[152076.04199677,169179.89356832],[152074.07460082,169180.08837604],[152073.94508398,169178.84213795],[152073.47320311,169174.29219748],[152073.44365883,169173.47548939],[152073.5664377,169172.67978636],[152073.85234797,169171.92952689],[152074.21972852,169171.21313232],[152075.15602741,169169.92845005],[152076.36380887,169168.86967291],[152077.75110393,169168.10870051],[152079.30633533,169167.74916896]]]},"geometry_name":"GEOM","properties":{"INSPIRE_ID":"https://databrussels.be/id/streetsurface/162608","TYPE":"SW","STREET_ID":"https://databrussels.be/id/streetname/4579","STRNAMEFRE":"Place du Roi Vainqueur","STRNAMEDUT":"Koning Overwinnaarplein","MUNNISCODE":"21005","HIERARCHY":"DC","LVL":0,"ADMIN":"MUN_RBC","AREA":419},"bbox":[152073.44365883,169160.75317716,152159.30702643,169180.95546853]},{"type":"Feature","id":"StreetSurfaces.fid-77ff224d_1a03149e4eb_-23ad","geometry":{"type":"Polygon","coordinates":[[[152023.72841952,169128.75270406],[152022.86889792,169130.57246789],[152022.40419834,169131.47275182],[152022.01862743,169132.17437831],[152021.56117866,169132.83497197],[152020.77962389,169133.71892752],[152019.88609333,169134.50510956],[152018.53675478,169135.35517437],[152017.07907355,169135.96113674],[152016.31102514,169136.17783937],[152015.53095031,169136.3147952],[152013.49775097,169136.57990343],[152011.22775583,169136.77949475],[152010.82288566,169131.44873025],[152010.93004005,169131.32789897],[152010.96547358,169131.25388512],[152010.98649316,169131.17456447],[152011.51203308,169127.93626498],[152011.576,169127.93000034],[152013.24500001,169122.16800036],[152015.99400001,169115.62500035],[152016.31600001,169115.02800035],[152018.91399999,169110.59500035],[152023.573,169104.51300036],[152023.66700001,169104.39000036],[152026.849,169101.42400035],[152028.92999999,169099.58500034],[152033.44200001,169096.32000035],[152039.88599999,169092.78800034],[152046.13299999,169090.41400036],[152048.58684478,169090.14862754],[152050.56344185,169089.97886926],[152050.79489186,169093.26239075],[152050.72432849,169094.7600361],[152050.61488066,169095.7652846],[152050.43711433,169096.7514765],[152050.22298775,169097.75031067],[152049.98638346,169098.72779151],[152049.38194194,169100.19687833],[152048.44000268,169101.50211364],[152047.27628069,169102.56449863],[152045.937201,169103.40141513],[152044.57535036,169104.07751195],[152043.70109866,169102.29355108],[152042.47074506,169102.89172892],[152041.58391023,169103.37596873],[152040.71151242,169103.8649316],[152039.83642192,169104.3817244],[152038.13493581,169105.45822512],[152037.30997448,169106.03535794],[152035.73634403,169107.28974246],[152034.22228735,169108.57889022],[152033.47702484,169109.27077207],[152032.96080043,169110.81812533],[152032.27437472,169111.52175121],[152030.75873289,169112.07397377],[152029.93589244,169113.0909202],[152029.2932436,169113.88464114],[152028.68051574,169114.68475062],[152028.07803378,169115.49299149],[152026.93777964,169117.15799622],[152026.41961851,169118.0083429],[152025.91168184,169118.86020779],[152025.4268899,169119.75936879],[152024.96940291,169120.6599882],[152024.54258602,169121.56713142],[152024.15430546,169122.4995273],[152022.94163911,169125.67451674],[152024.77482481,169126.4514147],[152024.57749894,169126.92618298],[152023.72841952,169128.75270406]]]},"geometry_name":"GEOM","properties":{"INSPIRE_ID":"https://databrussels.be/id/streetsurface/162609","TYPE":"SW","STREET_ID":"https://databrussels.be/id/streetname/4579","STRNAMEFRE":"Place du Roi Vainqueur","STRNAMEDUT":"Koning Overwinnaarplein","MUNNISCODE":"21005","HIERARCHY":"DC","LVL":0,"ADMIN":"MUN_RBC","AREA":610},"bbox":[152010.82288566,169089.97886926,152050.79489186,169136.77949475]},{"type":"Feature","id":"StreetSurfaces.fid-77ff224d_1a03149e4eb_-240d","geometry":{"type":"Polygon","coordinates":[[[152072.78081603,169094.77091731],[152074.17132614,169094.6323193],[152077.66087458,169094.31570362],[152080.95055134,169093.98447582],[152084.80593829,169093.62297403],[152088.09767566,169093.26968452],[152091.21361151,169092.97960953],[152094.12460811,169092.61947331],[152097.4328917,169092.36012231],[152101.25200169,169092.00271594],[152104.88482463,169091.636421],[152112.67935338,169090.87401136],[152119.88036566,169090.15305318],[152123.1698674,169089.85372943],[152129.22500634,169089.2430767],[152134.72527955,169088.71786257],[152135.71123869,169088.53005718],[152136.65335364,169088.18392758],[152137.52638423,169087.6887469],[152138.3069411,169087.05778155],[152138.97411234,169086.30793566],[152139.51002381,169085.45929839],[152139.95868323,169084.57289797],[152141.75999999,169081.01500036],[152144.94500001,169074.66900035],[152146.29658356,169071.97583906],[152148.96481268,169073.31575493],[152148.80048165,169073.643439],[152145.75579014,169079.7949614],[152147.5422049,169080.70279912],[152146.6646853,169082.42311277],[152146.26867735,169083.33444222],[152145.89718411,169084.25461017],[152145.56145127,169085.20892417],[152145.27231429,169086.16832315],[152145.01567726,169087.14341871],[152144.77816207,169088.11040196],[152144.49272549,169089.08836459],[152144.11696258,169090.03981144],[152143.53038626,169090.98236097],[152142.67128649,169091.90026035],[152141.30031352,169092.68814711],[152139.76364577,169093.07142955],[152139.26246247,169093.14443385],[152138.25687418,169093.24665419],[152136.25682018,169093.43254057],[152131.2518893,169093.90557934],[152126.28014605,169094.37761077],[152123.26500573,169094.65500309],[152103.85808525,169096.56245],[152097.05158141,169097.24387521],[152096.85970686,169095.24337489],[152085.89563029,169096.31843254],[152086.07711766,169098.31211883],[152085.10289023,169098.40394465],[152084.08952847,169098.48315441],[152083.08908708,169098.5500092],[152082.07269044,169098.59226784],[152081.07444587,169098.61328966],[152080.05788674,169098.61937896],[152079.04467089,169098.63413471],[152077.0381629,169098.6327613],[152076.01696062,169098.60865301],[152075.01279283,169098.58601631],[152073.99865048,169098.52801703],[152072.98989167,169098.45726198],[152071.96536095,169098.29699463],[152070.46069541,169097.8400134],[152069.09895949,169097.02625922],[152068.21351969,169096.27620966],[152067.39214883,169095.35630428],[152066.85192933,169094.49707867],[152066.37693913,169093.58454606],[152066.04521103,169092.62461185],[152065.9034919,169092.11645793],[152065.78640528,169091.62521919],[152065.71613057,169091.19959406],[152065.52773712,169088.68862327],[152067.48992367,169088.54003367],[152067.47571893,169088.34974264],[152069.86800001,169088.06600036],[152070.39065721,169092.22608584],[152070.41344316,169092.61880645],[152070.49768012,169093.00306264],[152070.6412735,169093.36929979],[152070.84065282,169093.70841123],[152071.09086044,169094.01196489],[152071.38567491,169094.27241282],[152071.81393428,169094.53155474],[152072.28530722,169094.69998325],[152072.78081603,169094.77091731]]]},"geometry_name":"GEOM","properties":{"INSPIRE_ID":"https://databrussels.be/id/streetsurface/162748","TYPE":"SW","STREET_ID":"https://databrussels.be/id/streetname/4579","STRNAMEFRE":"Place du Roi Vainqueur","STRNAMEDUT":"Koning Overwinnaarplein","MUNNISCODE":"21005","HIERARCHY":"DC","LVL":0,"ADMIN":"MUN_RBC","AREA":432},"bbox":[152065.52773712,169071.97583906,152148.96481268,169098.63413471]},{"type":"Feature","id":"StreetSurfaces.fid-77ff224d_1a03149e4eb_-2400","geometry":{"type":"Polygon","coordinates":[[[152175.73599999,169111.95300035],[152176.26049576,169117.27806429],[152173.9299999,169117.4911981],[152172.91479101,169117.56895877],[152171.91442742,169117.61849031],[152170.90870211,169117.61160103],[152169.34956427,169117.3633331],[152167.87917445,169116.77228271],[152166.89949615,169116.10851752],[152166.06881027,169115.26571576],[152165.41848402,169114.27497183],[152164.97464922,169113.17412666],[152164.57181823,169111.70837361],[152166.49933543,169111.21519589],[152166.02405806,169109.40259115],[152165.76378157,169108.44011771],[152165.47563963,169107.49220468],[152164.82601135,169105.59603478],[152164.43713257,169104.64216379],[152164.02574821,169103.73839253],[152163.56460471,169102.83098666],[152163.11344397,169101.94336738],[152162.6380806,169101.06661617],[152162.12859626,169100.19421457],[152161.57376852,169099.34073755],[152160.33939419,169097.75994577],[152159.70734475,169097.02406997],[152158.99590728,169096.28189601],[152158.28383043,169095.56768545],[152157.56577413,169094.88748626],[152156.80947709,169094.17743758],[152155.25863009,169092.74775428],[152153.81768773,169094.14519185],[152153.47019,169093.78809966],[152152.78210485,169093.05176622],[152152.33289857,169092.53884195],[152151.47479246,169091.19552178],[152150.99372759,169089.69591817],[152150.92018969,169088.11290471],[152151.3296634,169086.58582052],[152152.90375254,169083.44062549],[152154.68339009,169084.32876183],[152157.97135172,169077.83860664],[152160.53299999,169079.12500035],[152160.86300001,169082.61400036],[152161.19300001,169086.10400034],[152166.947,169091.67200035],[152171.18800001,169098.33000035],[152173.83499999,169103.85200035],[152175.73599999,169111.95300035]]]},"geometry_name":"GEOM","properties":{"INSPIRE_ID":"https://databrussels.be/id/streetsurface/162749","TYPE":"SW","STREET_ID":"https://databrussels.be/id/streetname/4579","STRNAMEFRE":"Place du Roi Vainqueur","STRNAMEDUT":"Koning Overwinnaarplein","MUNNISCODE":"21005","HIERARCHY":"DC","LVL":0,"ADMIN":"MUN_RBC","AREA":382},"bbox":[152150.92018969,169077.83860664,152176.26049576,169117.61849031]},{"type":"Feature","id":"StreetSurfaces.fid-77ff224d_1a03149e4eb_-242a","geometry":{"type":"Polygon","coordinates":[[[152162.07227109,169156.52399966],[152163.25861983,169154.8190472],[152164.3782279,169153.15626224],[152164.90194159,169152.2923],[152165.35938966,169151.41891307],[152165.76831553,169150.48826829],[152166.13546763,169149.54412896],[152166.46945069,169148.60653755],[152166.78134289,169147.67582213],[152167.0674473,169146.6967323],[152167.33694537,169145.73547632],[152167.59664817,169144.75847837],[152167.84112177,169143.79550881],[152168.019766,169142.81934475],[152168.17815323,169141.83303513],[152168.5445308,169138.98449055],[152166.53744319,169138.90842854],[152166.5429095,169138.76707674],[152166.73756478,169137.77250499],[152166.99308827,169136.77881662],[152167.3467509,169135.81387562],[152167.81465347,169134.91684713],[152168.37243195,169134.06275767],[152169.03260808,169133.2800358],[152169.76275175,169132.59092783],[152170.59930446,169131.99572725],[152171.46591942,169131.46642839],[152172.392641,169131.04404105],[152173.36370766,169130.74899496],[152174.36140711,169130.55525662],[152175.36169021,169130.44774822],[152176.37289059,169130.36129312],[152177.53957069,169130.26362845],[152178.08,169135.75000035],[152177.67,169143.19000036],[152176.15,169150.22000035],[152173.35999999,169156.63000034],[152168.48,169163.76000034],[152169.23,169170.86000034],[152167.09246233,169172.58376621],[152166.28916681,169171.57862407],[152163.13258917,169167.64026078],[152161.58184733,169168.8828072],[152161.24988318,169168.49834341],[152160.68542316,169167.65994872],[152160.18569148,169166.7685213],[152159.74864378,169165.86707241],[152159.37891262,169164.92292024],[152159.04951878,169163.96116795],[152158.74220221,169163.00529558],[152158.46529963,169162.02967409],[152158.31671455,169161.23213054],[152158.29924333,169160.45577845],[152158.43633459,169159.31059328],[152158.75983355,169158.14576186],[152159.10284481,169157.1888143],[152159.29753995,169156.87340097],[152160.92786739,169158.04425596],[152162.07227109,169156.52399966]]]},"geometry_name":"GEOM","properties":{"INSPIRE_ID":"https://databrussels.be/id/streetsurface/162750","TYPE":"SW","STREET_ID":"https://databrussels.be/id/streetname/4579","STRNAMEFRE":"Place du Roi Vainqueur","STRNAMEDUT":"Koning Overwinnaarplein","MUNNISCODE":"21005","HIERARCHY":"DC","LVL":0,"ADMIN":"MUN_RBC","AREA":397},"bbox":[152158.29924333,169130.26362845,152178.08,169172.58376621]},{"type":"Feature","id":"StreetSurfaces.fid-77ff224d_1a03149e4eb_-23d6","geometry":{"type":"Polygon","coordinates":[[[152055.096,169181.89900035],[152050.74300001,169181.13400034],[152046.46800001,169180.01500036],[152043.58381612,169179.00079705],[152038.26400001,169176.74700035],[152034.39100001,169174.62000036],[152030.71800001,169172.19200036],[152027.23,169169.45200035],[152023.99100001,169166.44500035],[152021.00999999,169163.18400034],[152018.46400001,169159.91000034],[152015.97000001,169156.10600034],[152014.01500001,169151.93800036],[152013.96257148,169151.93258003],[152012.71590869,169148.54640054],[152012.69274986,169148.48750903],[152012.56695268,169148.34805743],[152011.88374965,169143.33563611],[152012.11339133,169143.32095141],[152013.13598142,169143.31201688],[152014.13262332,169143.3114936],[152015.13633404,169143.33034812],[152016.35035186,169143.3633072],[152018.16626835,169143.4517924],[152019.16934588,169143.55285899],[152020.16776755,169143.66242131],[152021.71791639,169144.06377224],[152023.11629589,169144.7978222],[152023.72012336,169145.33991636],[152024.20338309,169145.9712531],[152024.73959146,169146.83577592],[152025.2397182,169147.71768609],[152025.68436654,169148.61912459],[152026.15595028,169149.52154082],[152026.9107008,169150.85327832],[152025.16433442,169151.81833297],[152025.84343736,169152.98960888],[152026.38343208,169153.85006305],[152026.94170785,169154.68025314],[152027.53740599,169155.49744693],[152028.12775886,169156.28842837],[152028.74447358,169157.101413],[152029.37200375,169157.88542696],[152030.03774509,169158.64415502],[152030.71473954,169159.3876928],[152031.40952005,169160.10571071],[152032.12909055,169160.83599776],[152032.84818978,169161.52797455],[152033.58007031,169162.21439888],[152034.33404276,169162.8710354],[152035.13053906,169163.52057339],[152035.9445076,169164.14792761],[152036.75684528,169164.73413242],[152037.57108827,169165.30325717],[152038.41528315,169165.85200721],[152039.25620375,169166.39542591],[152040.11540895,169166.92131208],[152040.99861591,169167.42088083],[152041.89588845,169167.87799929],[152042.78488209,169168.33394009],[152043.69360778,169168.75600473],[152044.62508791,169169.15083448],[152045.5490309,169169.5382718],[152046.49871717,169169.89763393],[152047.45771878,169170.20741026],[152050.34253046,169171.10689494],[152051.31264648,169171.38549806],[152052.28304858,169171.65272457],[152053.26254473,169171.90550047],[152054.60231192,169172.16319596],[152054.8797612,169170.19124676],[152055.01894171,169170.2153722],[152057.30671003,169171.32425191],[152057.70617058,169171.68389191],[152058.24682739,169172.28096415],[152058.67935708,169172.94507982],[152059.13908315,169174.00133392],[152059.4166029,169175.20881435],[152060.04596198,169181.47021004],[152058.04110551,169181.61082305],[152055.096,169181.89900035]]]},"geometry_name":"GEOM","properties":{"INSPIRE_ID":"https://databrussels.be/id/streetsurface/162751","TYPE":"SW","STREET_ID":"https://databrussels.be/id/streetname/4579","STRNAMEFRE":"Place du Roi Vainqueur","STRNAMEDUT":"Koning Overwinnaarplein","MUNNISCODE":"21005","HIERARCHY":"DC","LVL":0,"ADMIN":"MUN_RBC","AREA":585},"bbox":[152011.88374965,169143.3114936,152060.04596198,169181.89900035]},{"type":"Feature","id":"StreetSurfaces.fid-77ff224d_1a03149e4eb_-23f5","geometry":{"type":"Polygon","coordinates":[[[152056.28329773,169261.80912682],[152060.8390657,169263.71021489],[152060.52000001,169264.42600035],[152062.08099999,169265.00500035],[152060.55599999,169268.36400036],[152057.452,169274.50200035],[152054.09200001,169280.50500034],[152050.48199999,169286.36100034],[152046.63,169292.06000034],[152030.50205126,169316.11639446],[152028.96547155,169315.13762642],[152028.6036819,169315.57714538],[152028.53714685,169315.68292574],[152024.617857,169313.01372706],[152027.1,169309.29000036],[152029.37000001,169305.86000034],[152031.65999999,169302.45000035],[152033.58,169299.67000035],[152035.52000001,169296.90000035],[152037.07000001,169294.65000035],[152037.44000001,169294.11000034],[152037.60999999,169293.86000034],[152038.80999999,169292.10000035],[152040.17,169290.08000034],[152041.53,169288.07000035],[152042.88,169286.10000035],[152044.22000001,169284.13000034],[152045.53,169282.14000036],[152046.64000001,169280.34000036],[152047.72000001,169278.53000034],[152048.78,169276.70000035],[152050.07000001,169274.38000034],[152051.33,169272.05000035],[152052.54000001,169269.69000036],[152053.54000001,169267.68000034],[152054.50999999,169265.65000035],[152055.45999999,169263.61000034],[152056.17,169262.06000034],[152056.28329773,169261.80912682]]]},"geometry_name":"GEOM","properties":{"INSPIRE_ID":"https://databrussels.be/id/streetsurface/163","TYPE":"S","STREET_ID":"https://databrussels.be/id/streetname/3071","STRNAMEFRE":"Avenue Edouard de Thibault","STRNAMEDUT":"Edouard de Thibaultlaan","MUNNISCODE":"21005","HIERARCHY":"DR","LVL":0,"ADMIN":"MUN_RBC","AREA":396},"bbox":[152024.617857,169261.80912682,152062.08099999,169316.11639446]},{"type":"Feature","id":"StreetSurfaces.fid-77ff224d_1a03149e4eb_-2395","geometry":{"type":"Polygon","coordinates":[[[152275.93199999,169102.90900034],[152281.96500001,169099.03600034],[152286.39971564,169097.62218765],[152287.43099999,169101.02400035],[152287.46900001,169101.39700035],[152289.097,169107.72100035],[152289.5,169109.44100036],[152289.59500001,169110.40100035],[152289.53399999,169110.97100035],[152289.33900001,169111.40400035],[152288.748,169112.12500035],[152288.03199999,169112.64900035],[152286.71300001,169113.38700034],[152284.99100001,169114.37800034],[152283.498,169115.57000035],[152281.998,169117.04500035],[152280.88,169118.38900036],[152280.21400001,169118.99800035],[152279.577,169119.32100035],[152275.597,169118.97400035],[152268.701,169118.41100034],[152267.01199999,169118.26600036],[152267.10599999,169116.34400035],[152266.9940367,169116.333876],[152267.476,169112.87300035],[152270.103,169108.92600035],[152272.775,169105.76500036],[152275.93199999,169102.90900034]]]},"geometry_name":"GEOM","properties":{"INSPIRE_ID":"https://databrussels.be/id/streetsurface/163024","TYPE":"SW","STREET_ID":"https://databrussels.be/id/streetname/1707","STRNAMEFRE":"Place du Quatre Août","STRNAMEDUT":"Vier Augustusplein","MUNNISCODE":"21005","HIERARCHY":"DC","LVL":0,"ADMIN":"MUN_RBC","AREA":309},"bbox":[152266.9940367,169097.62218765,152289.59500001,169119.32100035]},{"type":"Feature","id":"StreetSurfaces.fid-77ff224d_1a03149e4eb_-241e","geometry":{"type":"Polygon","coordinates":[[[152264.17999999,169136.54000036],[152264.66692524,169133.04347538],[152265.6,169133.15000035],[152265.829,169131.17900035],[152268.66800001,169131.42700035],[152274.56700001,169131.94400035],[152278.00599999,169132.24500035],[152278.747,169132.54200036],[152279.255,169132.80400034],[152279.98599999,169133.90300034],[152280.81700001,169135.18000034],[152281.725,169136.35600034],[152282.68099999,169137.44500035],[152284.101,169138.58900036],[152285.11500001,169139.34400035],[152285.94500001,169139.94500035],[152286.28800001,169140.28700034],[152286.50799999,169140.66600036],[152286.66600001,169141.25500034],[152286.724,169141.71600036],[152285.51800001,169144.55100035],[152285.06400001,169145.79700035],[152282.39000001,169149.93600034],[152281.68900001,169150.97200035],[152280.03800001,169149.75300034],[152276.75,169154.11000034],[152275.14218595,169156.40545389],[152273.03,169154.81000034],[152272.98,169153.63000034],[152270.34000001,169150.52000035],[152268.15999999,169147.04000036],[152266.15,169143.31000034],[152264.17999999,169136.54000036]]]},"geometry_name":"GEOM","properties":{"INSPIRE_ID":"https://databrussels.be/id/streetsurface/163025","TYPE":"SW","STREET_ID":"https://databrussels.be/id/streetname/1707","STRNAMEFRE":"Place du Quatre Août","STRNAMEDUT":"Vier Augustusplein","MUNNISCODE":"21005","HIERARCHY":"DC","LVL":0,"ADMIN":"MUN_RBC","AREA":351},"bbox":[152264.17999999,169131.17900035,152286.724,169156.40545389]},{"type":"Feature","id":"StreetSurfaces.fid-77ff224d_1a03149e4eb_-241b","geometry":{"type":"Polygon","coordinates":[[[152283.18444459,169162.48007421],[152284.80999999,169160.21000034],[152293.075,169148.78800036],[152291.401,169147.56300036],[152292.46500001,169146.07000035],[152294.771,169142.83700034],[152295.623,169142.25500034],[152296.33099999,169142.06400036],[152296.872,169142.02800034],[152297.34400001,169142.16900036],[152299.78099999,169144.23300034],[152302.16600001,169146.33800036],[152303.497,169147.51200034],[152302.11099999,169149.01800036],[152305.79151652,169152.29248871],[152303.225,169155.12400035],[152298.74000001,169153.55000035],[152297.20999999,169153.36000034],[152295.33,169153.73000034],[152293.49000001,169154.83000034],[152289.40999999,169159.13000034],[152285.53699999,169164.25700034],[152283.18444459,169162.48007421]]]},"geometry_name":"GEOM","properties":{"INSPIRE_ID":"https://databrussels.be/id/streetsurface/163026","TYPE":"SW","STREET_ID":"https://databrussels.be/id/streetname/1707","STRNAMEFRE":"Place du Quatre Août","STRNAMEDUT":"Vier Augustusplein","MUNNISCODE":"21005","HIERARCHY":"DC","LVL":0,"ADMIN":"MUN_RBC","AREA":159},"bbox":[152283.18444459,169142.02800034,152305.79151652,169164.25700034]},{"type":"Feature","id":"StreetSurfaces.fid-77ff224d_1a03149e4eb_-240a","geometry":{"type":"Polygon","coordinates":[[[152068.21761951,169028.72394777],[152068.87241003,169026.83204547],[152069.53149638,169024.92773115],[152070.51758529,169022.07860031],[152071.22471997,169020.19562114],[152071.9332895,169018.30882121],[152072.69524762,169016.44806127],[152073.45620035,169014.58975656],[152071.59232729,169013.83273722],[152072.93715481,169010.71725867],[152073.73198915,169008.87591522],[152074.52974775,169007.02779732],[152075.73102428,169004.24487446],[152077.57845189,169005.06113344],[152078.45304474,169003.08825127],[152076.61393283,169002.26861046],[152078.16355304,168999.02799941],[152079.06025861,168997.20896744],[152079.50174582,168996.31337877],[152080.45282054,168994.53751568],[152081.33282263,168992.89436065],[152083.11163175,168993.81200873],[152083.52448652,168993.08971598],[152083.68594044,168992.80725106],[152085.18431978,168990.18582432],[152086.72335435,168987.57115854],[152088.31243394,168984.99478283],[152089.39517461,168983.31644228],[152089.95074436,168982.45526171],[152092.92293886,168984.31751411],[152092.065907,168985.62342867],[152094.17336965,168986.98444048],[152093.63408265,168987.84350152],[152090.97921353,168992.14619025],[152089.43147749,168994.75887185],[152087.46348376,168998.29581124],[152086.52755235,169000.0870805],[152085.50192147,169002.20709663],[152085.07982617,169002.01391694],[152085.00097179,169002.14851383],[152084.13943031,169003.99121726],[152082.86789334,169006.71705499],[152081.21419545,169010.40080204],[152080.38072171,169012.24424734],[152079.2076722,169015.04584897],[152078.42411354,169016.91892716],[152077.67110114,169018.76656212],[152076.90889813,169020.64819108],[152076.18535101,169022.52715075],[152075.15995059,169025.39226518],[152074.31574431,169027.90623284],[152072.43200831,169027.28009346],[152071.69488043,169029.31639603],[152071.52496421,169029.8404999],[152068.21761951,169028.72394777]]]},"geometry_name":"GEOM","properties":{"INSPIRE_ID":"https://databrussels.be/id/streetsurface/164","TYPE":"S","STREET_ID":"https://databrussels.be/id/streetname/4000","STRNAMEFRE":"Avenue Hansen-Soulie","STRNAMEDUT":"Hansen-Soulielaan","MUNNISCODE":"21005","HIERARCHY":"DC","LVL":0,"ADMIN":"MUN_RBC","AREA":320},"bbox":[152068.21761951,168982.45526171,152094.17336965,169029.8404999]},{"type":"Feature","id":"StreetSurfaces.fid-77ff224d_1a03149e4eb_-238d","geometry":{"type":"Polygon","coordinates":[[[152288.74415486,169120.16636306],[152284.64931052,169114.65080268],[152284.99100001,169114.37800034],[152286.71300001,169113.38700034],[152288.03199999,169112.64900035],[152288.748,169112.12500035],[152289.33900001,169111.40400035],[152289.53399999,169110.97100035],[152289.59500001,169110.40100035],[152289.5,169109.44100036],[152289.097,169107.72100035],[152287.46900001,169101.39700035],[152287.43099999,169101.02400035],[152286.39971564,169097.62218765],[152289.03199999,169096.78300034],[152292.97313659,169095.52672123],[152295.63599999,169104.92100035],[152293.876,169105.48900036],[152294.45799999,169107.19700035],[152295.67999999,169110.78800036],[152296.13299999,169111.51600036],[152296.51700001,169111.95900034],[152296.798,169112.09400035],[152297.572,169112.42300035],[152298.697,169112.78700034],[152299.30699999,169113.05100035],[152299.746,169113.09900035],[152300.33699999,169113.10500034],[152301.398,169112.73700034],[152301.973,169111.94900035],[152302.80599999,169109.68800036],[152302.86700001,169109.30100035],[152302.89100001,169108.86900036],[152302.73900001,169108.41500036],[152302.503,169108.05300035],[152302.13399999,169107.76100034],[152301.63399999,169107.49800035],[152301.06900001,169107.36500036],[152300.63800001,169107.35200035],[152298.40599999,169097.56500036],[152302.99100001,169097.67900034],[152305.079,169098.03700034],[152309.027,169099.40800034],[152312.26600001,169100.82200035],[152311.70999999,169102.88000034],[152308.25,169115.52000035],[152308.03,169116.45000035],[152307.426,169118.65400034],[152307.153,169119.67300035],[152307.125,169120.26000034],[152307.21199999,169121.18700034],[152307.355,169122.03400034],[152307.53806307,169122.46173426],[152300.85201347,169124.46017629],[152300.825,169124.36300036],[152300.63900001,169123.83800036],[152300.41600001,169123.32700035],[152300.15899999,169122.83400034],[152299.86800001,169122.35900034],[152299.54400001,169121.90600034],[152299.19000001,169121.47600035],[152298.80599999,169121.07300035],[152298.39500001,169120.69700035],[152297.95999999,169120.35000035],[152297.5,169120.03500034],[152297.021,169119.75300035],[152296.522,169119.50500034],[152296.00699999,169119.29200036],[152295.479,169119.11500036],[152294.94000001,169118.97600035],[152294.39300001,169118.87500035],[152293.83900001,169118.81200034],[152293.28299999,169118.78800036],[152292.726,169118.80300035],[152292.172,169118.85700034],[152291.623,169118.94900035],[152291.08199999,169119.08000034],[152290.551,169119.24700035],[152290.03299999,169119.45200035],[152289.53,169119.69200035],[152289.046,169119.96600036],[152288.74415486,169120.16636306]]]},"geometry_name":"GEOM","properties":{"INSPIRE_ID":"https://databrussels.be/id/streetsurface/21816","TYPE":"I","STREET_ID":"https://databrussels.be/id/streetname/1707","STRNAMEFRE":"Place du Quatre Août","STRNAMEDUT":"Vier Augustusplein","MUNNISCODE":"21005","HIERARCHY":"DC","LVL":0,"ADMIN":"MUN_RBC","AREA":430},"bbox":[152284.64931052,169095.52672123,152312.26600001,169124.46017629]},{"type":"Feature","id":"StreetSurfaces.fid-77ff224d_1a03149e4eb_-2468","geometry":{"type":"Polygon","coordinates":[[[152369.61486783,169196.79689786],[152375.48393352,169202.32027964],[152374.85,169203.22000035],[152374.49000001,169204.13000034],[152374.40999999,169205.14000036],[152374.58,169206.21000034],[152374.92652872,169207.04522339],[152367.88224795,169210.56458205],[152367.73900001,169210.30400034],[152367.39200001,169209.55500034],[152367.099,169208.78200034],[152366.85999999,169207.99200036],[152366.677,169207.18600034],[152366.55,169206.37000035],[152366.477,169203.84200036],[152363.47772355,169201.14039012],[152366.78130181,169196.25510093],[152367.77000001,169197.11500036],[152368.35,169197.29800035],[152368.854,169197.27000035],[152369.397,169197.06800036],[152369.61486783,169196.79689786]]]},"geometry_name":"GEOM","properties":{"INSPIRE_ID":"https://databrussels.be/id/streetsurface/21817","TYPE":"I","STREET_ID":"https://databrussels.be/id/streetname/4488","STRNAMEFRE":"Cours Saint Michel","STRNAMEDUT":"Sint Michielswarande","MUNNISCODE":"21005","HIERARCHY":"DC","LVL":0,"ADMIN":"MUN_RBC","AREA":97},"bbox":[152363.47772355,169196.25510093,152375.48393352,169210.56458205]},{"type":"Feature","id":"StreetSurfaces.fid-77ff224d_1a03149e4eb_-2429","geometry":{"type":"Polygon","coordinates":[[[152167.06020558,169136.59569227],[152158.9381705,169137.05961665],[152158.93785369,169136.84323012],[152160.89210997,169136.59812669],[152161.06072042,169135.81291007],[152161.3046623,169134.52348262],[152161.68338888,169132.55271954],[152161.87342207,169131.55049097],[152162.01723769,169130.56224622],[152162.1430474,169129.55494],[152162.20909309,169128.54349371],[152162.23878691,169127.53633443],[152162.23699696,169126.51878199],[152162.16930721,169125.51058804],[152162.12335031,169125.10005373],[152166.3113162,169124.70416628],[152166.38156388,169124.99603421],[152166.50685966,169125.26883926],[152166.68248532,169125.51230847],[152166.90182734,169125.71727359],[152167.14873652,169125.87207953],[152167.42029736,169125.97783269],[152167.70687296,169126.03078024],[152167.99829364,169126.02904316],[152171.63591006,169125.7259103],[152174.6494451,169125.50085379],[152177.04706667,169125.26378807],[152177.53957069,169130.26362845],[152176.37289059,169130.36129312],[152175.36169021,169130.44774822],[152174.36140711,169130.55525662],[152173.36370766,169130.74899496],[152172.392641,169131.04404105],[152171.46591942,169131.46642839],[152170.59930446,169131.99572725],[152169.76275175,169132.59092783],[152169.03260808,169133.2800358],[152168.37243195,169134.06275767],[152167.81465347,169134.91684713],[152167.3467509,169135.81387562],[152167.06020558,169136.59569227]]]},"geometry_name":"GEOM","properties":{"INSPIRE_ID":"https://databrussels.be/id/streetsurface/21876","TYPE":"I","STREET_ID":"https://databrussels.be/id/streetname/4579","STRNAMEFRE":"Place du Roi Vainqueur","STRNAMEDUT":"Koning Overwinnaarplein","MUNNISCODE":"21005","HIERARCHY":"DC","LVL":0,"ADMIN":"MUN_RBC","AREA":125},"bbox":[152158.93785369,169124.70416628,152177.53957069,169137.05961665]},{"type":"Feature","id":"StreetSurfaces.fid-77ff224d_1a03149e4eb_-2467","geometry":{"type":"Polygon","coordinates":[[[152364.00712509,169265.60542812],[152365.203,169260.54700035],[152367.05,169260.92700035],[152369.68900001,169249.44400036],[152366.96300001,169248.76500036],[152367.67467799,169244.52390064],[152381.909847,169243.51204175],[152381.88900001,169244.21900035],[152380.078,169244.40200035],[152380.55499999,169246.02600035],[152381.071,169247.51100034],[152381.94100001,169249.08400034],[152382.9,169250.56200034],[152384.35599999,169252.29000036],[152385.99000001,169253.94300036],[152387.23900001,169252.94700035],[152387.83599999,169253.64300036],[152388.879,169255.26500036],[152389.68199999,169257.08700034],[152390.36300001,169259.47400035],[152390.65999999,169260.38000034],[152391.83359697,169263.92135662],[152387.48199999,169265.37500035],[152383.19046192,169266.80817274],[152382.89000001,169265.90000035],[152382.60999999,169265.05000035],[152382.33,169264.21000034],[152382.04000001,169263.37000035],[152381.80999999,169262.67000035],[152381.55999999,169261.97000035],[152381.27000001,169261.29000036],[152380.92,169260.63000034],[152380.54000001,169259.99000036],[152380.10999999,169259.38000034],[152379.86600001,169259.08500034],[152381.30699999,169257.80200035],[152379.525,169255.72400035],[152378.33699999,169254.61200034],[152377.43699999,169254.21300036],[152376.28599999,169254.00200035],[152375.33499999,169253.97000035],[152374.477,169254.03200034],[152373.58199999,169254.28000034],[152372.96199999,169254.55200035],[152372.43699999,169255.04000036],[152372.03299999,169255.63600034],[152371.74100001,169256.41500036],[152370.46700001,169261.87300035],[152372.12000001,169262.21300036],[152370.92499547,169267.23809022],[152367.35799999,169266.39600035],[152364.00712509,169265.60542812]]]},"geometry_name":"GEOM","properties":{"INSPIRE_ID":"https://databrussels.be/id/streetsurface/21877","TYPE":"I","STREET_ID":"https://databrussels.be/id/streetname/3353","STRNAMEFRE":"Avenue de l'Armée","STRNAMEDUT":"Legerlaan","MUNNISCODE":"21005","HIERARCHY":"DC","LVL":0,"ADMIN":"MUN_RBC","AREA":317},"bbox":[152364.00712509,169243.51204175,152391.83359697,169267.23809022]},{"type":"Feature","id":"StreetSurfaces.fid-77ff224d_1a03149e4eb_-2454","geometry":{"type":"Polygon","coordinates":[[[152397.8253175,169196.4303424],[152394.02048271,169194.37147023],[152393.952,169193.83000034],[152393.70699999,169193.54100036],[152393.38900001,169193.39200036],[152392.82176106,169193.41021027],[152389.59977286,169189.99071297],[152392.23,169188.32600035],[152394.479,169186.55900034],[152395.795,169185.40100035],[152394.205,169184.02500035],[152395.74000001,169182.12000035],[152405.75,169169.70000035],[152407.79000001,169167.18000034],[152408.09000001,169166.80000035],[152417.10999999,169155.45000035],[152419.99000001,169151.83000035],[152423.42999999,169147.49000036],[152428.76033416,169140.81893229],[152433.14400001,169144.34400036],[152436.99101403,169147.43814851],[152436.77000001,169147.73000034],[152435.98,169148.77000035],[152423.09000001,169164.71000034],[152403.99000001,169188.40000035],[152402.94500001,169189.73100034],[152402.33199999,169189.16600036],[152399.003,169194.90800034],[152397.8253175,169196.4303424]]]},"geometry_name":"GEOM","properties":{"INSPIRE_ID":"https://databrussels.be/id/streetsurface/21878","TYPE":"S","STREET_ID":"https://databrussels.be/id/streetname/3029","STRNAMEFRE":"Rue de l'Escadron","STRNAMEDUT":"Eskadronstraat","MUNNISCODE":"21005","HIERARCHY":"DC","LVL":0,"ADMIN":"MUN_RBC","AREA":648},"bbox":[152389.59977286,169140.81893229,152436.99101403,169196.4303424]},{"type":"Feature","id":"StreetSurfaces.fid-77ff224d_1a03149e4eb_-2485","geometry":{"type":"Polygon","coordinates":[[[152449.01079149,169130.27608768],[152448.75,169130.79000036],[152448.49000001,169131.51000034],[152448.33,169132.24000036],[152448.28,169132.64000036],[152448.27000001,169133.04000036],[152448.28,169133.44000036],[152448.42,169134.19000036],[152448.67,169134.94000036],[152448.92,169135.68000034],[152450.57000001,169140.63000034],[152452.39000001,169141.50000035],[152453.96486881,169146.25589558],[152449.78199999,169147.66300036],[152446.88011742,169148.63933467],[152446.5,169147.51000034],[152446.10999999,169146.79000036],[152445.72000001,169146.08000034],[152445.24000001,169145.47000035],[152444.49000001,169144.91000034],[152443.62000001,169144.48000034],[152442.73,169144.25000035],[152441.90999999,169144.21000034],[152441.05999999,169144.33000034],[152440.27000001,169144.57000035],[152439.63,169144.90000035],[152439.02000001,169145.32000035],[152438.45,169145.79000036],[152437.55,169146.70000035],[152436.99101403,169147.43814851],[152433.14400001,169144.34400036],[152428.76033416,169140.81893229],[152436.50999999,169131.12000035],[152439.04000001,169127.95000035],[152441.07000001,169127.70000035],[152441.54000001,169127.15000035],[152442.02000001,169126.60000035],[152442.44000001,169126.02000035],[152442.76713162,169125.48818447],[152449.01079149,169130.27608768]]]},"geometry_name":"GEOM","properties":{"INSPIRE_ID":"https://databrussels.be/id/streetsurface/21879","TYPE":"I","STREET_ID":"https://databrussels.be/id/streetname/3029","STRNAMEFRE":"Rue de l'Escadron","STRNAMEDUT":"Eskadronstraat","MUNNISCODE":"21005","HIERARCHY":"DC","LVL":0,"ADMIN":"MUN_RBC","AREA":312},"bbox":[152428.76033416,169125.48818447,152453.96486881,169148.63933467]},{"type":"Feature","id":"StreetSurfaces.fid-77ff224d_1a03149e4eb_-241a","geometry":{"type":"Polygon","coordinates":[[[152293.32262371,169134.73842417],[152293.70899999,169134.72800035],[152294.26400001,169134.67500035],[152294.81300001,169134.58200034],[152295.354,169134.45200035],[152295.88499999,169134.28400034],[152296.403,169134.08000034],[152296.90599999,169133.84000036],[152297.39000001,169133.56500036],[152297.854,169133.25800034],[152298.296,169132.91900035],[152303.40315602,169137.77635309],[152303.277,169137.93100034],[152303.22000001,169138.01700036],[152303.17,169138.10600034],[152303.126,169138.19900035],[152303.08800001,169138.29500035],[152303.05799999,169138.39300036],[152303.03399999,169138.49300036],[152303.01700001,169138.59400035],[152303.00699999,169138.69600035],[152303.005,169138.79900035],[152303.00999999,169138.90200035],[152303.022,169139.00400034],[152303.04000001,169139.10500034],[152303.06600001,169139.20400034],[152303.099,169139.30100035],[152303.13900001,169139.39600035],[152303.18499999,169139.48800036],[152303.23699999,169139.57600035],[152303.295,169139.66100034],[152303.35999999,169139.74100036],[152303.429,169139.81700036],[152303.504,169139.88700034],[152303.58299999,169139.95300035],[152306.67,169142.70000035],[152310.99656365,169146.55001582],[152305.79151652,169152.29248871],[152302.11099999,169149.01800036],[152303.497,169147.51200034],[152302.16600001,169146.33800036],[152299.78099999,169144.23300034],[152297.34400001,169142.16900036],[152296.872,169142.02800034],[152296.33099999,169142.06400036],[152295.623,169142.25500034],[152294.98302028,169142.69216959],[152293.32262371,169134.73842417]]]},"geometry_name":"GEOM","properties":{"INSPIRE_ID":"https://databrussels.be/id/streetsurface/22035","TYPE":"I","STREET_ID":"https://databrussels.be/id/streetname/1707","STRNAMEFRE":"Place du Quatre Août","STRNAMEDUT":"Vier Augustusplein","MUNNISCODE":"21005","HIERARCHY":"DC","LVL":0,"ADMIN":"MUN_RBC","AREA":138},"bbox":[152293.32262371,169132.91900035,152310.99656365,169152.29248871]},{"type":"Feature","id":"StreetSurfaces.fid-77ff224d_1a03149e4eb_-2434","geometry":{"type":"Polygon","coordinates":[[[152331.66675777,169519.85956382],[152329.851,169521.70000035],[152327.05990875,169524.52902652],[152322.32000001,169519.84000036],[152323.62000001,169518.57000035],[152321.95,169516.93000034],[152321.20999999,169516.42000035],[152320.50999999,169516.12000035],[152319.8,169515.94000036],[152319.17,169515.93000034],[152318.45999999,169516.04000036],[152315.99211502,169516.55245735],[152319.14101172,169502.12844609],[152321.07000001,169503.59000036],[152321.80999999,169504.01000034],[152322.63,169504.30000035],[152323.54000001,169504.42000035],[152324.55,169504.31000034],[152325.59000001,169504.05000035],[152325.05,169502.36000034],[152332.60189681,169499.76259155],[152334.10699999,169504.28600034],[152335.488833,169508.44017841],[152335.25,169508.52000035],[152334.67999999,169506.81000034],[152332.54000001,169507.52000035],[152331.67999999,169507.91000034],[152330.83,169508.59000036],[152330.64000001,169508.94000036],[152330.57000001,169509.07000035],[152330.1,169510.68000034],[152329.42,169513.54000036],[152329.05999999,169515.25000035],[152329.04000001,169515.42000035],[152328.97000001,169515.85000035],[152329.08,169516.59000036],[152329.29000001,169517.20000035],[152329.6,169517.76000034],[152331.66675777,169519.85956382]]]},"geometry_name":"GEOM","properties":{"INSPIRE_ID":"https://databrussels.be/id/streetsurface/22036","TYPE":"I","STREET_ID":"https://databrussels.be/id/streetname/5545","STRNAMEFRE":"Rue des Bollandistes","STRNAMEDUT":"Bollandistenstraat","MUNNISCODE":"21005","HIERARCHY":"DR","LVL":0,"ADMIN":"MUN_RBC","AREA":244},"bbox":[152315.99211502,169499.76259155,152335.488833,169524.52902652]},{"type":"Feature","id":"StreetSurfaces.fid-77ff224d_1a03149e4eb_-239f","geometry":{"type":"Polygon","coordinates":[[[152266.9940367,169116.333876],[152266.03750718,169123.20251051],[152262.36764486,169122.8749797],[152257.83,169122.47000035],[152251.64000001,169121.97000035],[152245.45,169121.53000035],[152238.58,169121.14000036],[152233.87000001,169120.93000034],[152232.29936967,169120.87967075],[152231.69934492,169120.86044344],[152224.82000001,169120.64000036],[152217.38,169120.56000034],[152209.94000001,169120.61000034],[152202.5,169120.78000035],[152196.58029671,169120.88147711],[152194.55850885,169121.00001275],[152192.53740156,169121.11850847],[152189.49167106,169121.29707696],[152187.4573817,169121.44176487],[152185.2370599,169121.59968423],[152184.43004167,169121.65708302],[152182.41119401,169121.80067264],[152179.77751563,169122.04816014],[152176.75681791,169122.31708929],[152176.26049576,169117.27806429],[152179.42694154,169116.9884793],[152179.24028397,169115.01107439],[152183.81526589,169114.61717986],[152186.80134316,169114.39791967],[152190.80676298,169114.10071928],[152193.80224934,169113.93216788],[152197.17260127,169113.74972812],[152204.95,169113.59000036],[152212.37000001,169113.44000036],[152219.78,169113.41000034],[152226.49000001,169113.49000036],[152233.20999999,169113.66000034],[152239.90999999,169113.95000035],[152248.10999999,169114.53000034],[152256.29000001,169115.28000035],[152264.48,169116.03000035],[152265.60999999,169116.17000035],[152266.73,169116.31000034],[152266.9940367,169116.333876]]]},"geometry_name":"GEOM","properties":{"INSPIRE_ID":"https://databrussels.be/id/streetsurface/22037","TYPE":"S","STREET_ID":"https://databrussels.be/id/streetname/3339","STRNAMEFRE":"Avenue du Front","STRNAMEDUT":"Frontlaan","MUNNISCODE":"21005","HIERARCHY":"DC","LVL":0,"ADMIN":"MUN_RBC","AREA":637},"bbox":[152176.26049576,169113.41000034,152266.9940367,169123.20251051]},{"type":"Feature","id":"StreetSurfaces.fid-77ff224d_1a03149e4eb_-245b","geometry":{"type":"Polygon","coordinates":[[[152388.35950711,169197.70299651],[152388.652,169198.08500034],[152389.272,169199.13200034],[152389.75699999,169200.14600035],[152390.18454609,169199.60862061],[152393.1367214,169202.49109904],[152391.824,169204.18800036],[152391.06800001,169205.22900034],[152390.71500001,169206.03700034],[152390.53099999,169206.93100034],[152390.354,169207.97200035],[152389.96099999,169209.11800036],[152389.45165036,169210.33082911],[152381.82335882,169206.98682531],[152382.1,169206.49000036],[152382.30999999,169205.69000036],[152382.35999999,169204.82000035],[152382.24000001,169204.00000035],[152381.94000001,169203.24000036],[152381.47000001,169202.53000035],[152381.35456314,169202.41051306],[152388.35950711,169197.70299651]]]},"geometry_name":"GEOM","properties":{"INSPIRE_ID":"https://databrussels.be/id/streetsurface/22038","TYPE":"I","STREET_ID":"https://databrussels.be/id/streetname/3353","STRNAMEFRE":"Avenue de l'Armée","STRNAMEDUT":"Legerlaan","MUNNISCODE":"21005","HIERARCHY":"DC","LVL":0,"ADMIN":"MUN_RBC","AREA":85},"bbox":[152381.35456314,169197.70299651,152393.1367214,169210.33082911]},{"type":"Feature","id":"StreetSurfaces.fid-77ff224d_1a03149e4eb_-23fb","geometry":{"type":"Polygon","coordinates":[[[152203.48919187,168987.80027991],[152203.57,168988.08000035],[152203.79,168988.46000035],[152203.99984735,168988.69015551],[152199.3332747,169000.66739511],[152195.4,169003.50000035],[152195.06,169003.78000035],[152194.9,169003.94000035],[152194.77,169004.13000035],[152194.55,169004.55000035],[152194.49419455,169004.66132265],[152190.108,169002.45900035],[152185.50515471,169000.14757573],[152185.58,169000.00000035],[152187.2,168996.81000035],[152188.96,168993.34000035],[152194.04385933,168983.05760817],[152203.48919187,168987.80027991]]]},"geometry_name":"GEOM","properties":{"INSPIRE_ID":"https://databrussels.be/id/streetsurface/22039","TYPE":"I","STREET_ID":"https://databrussels.be/id/streetname/4032","STRNAMEFRE":"Rue de Tervaete","STRNAMEDUT":"Tervaetestraat","MUNNISCODE":"21005","HIERARCHY":"DR","LVL":0,"ADMIN":"MUN_RBC","AREA":223},"bbox":[152185.50515471,168983.05760817,152203.99984735,169004.66132265]},{"type":"Feature","id":"StreetSurfaces.fid-77ff224d_1a03149e4eb_-2396","geometry":{"type":"Polygon","coordinates":[[[152266.9940367,169116.333876],[152267.10599999,169116.34400035],[152267.01199999,169118.26600036],[152268.701,169118.41100034],[152275.597,169118.97400035],[152279.577,169119.32100035],[152280.21400001,169118.99800035],[152280.88,169118.38900036],[152281.998,169117.04500035],[152283.498,169115.57000035],[152284.64931052,169114.65080268],[152288.74415486,169120.16636306],[152288.58199999,169120.27400035],[152288.14000001,169120.61300036],[152287.723,169120.98200034],[152287.33299999,169121.38000034],[152286.972,169121.80300035],[152286.64100001,169122.25100035],[152286.34200001,169122.72100035],[152286.076,169123.21000034],[152285.846,169123.71700036],[152285.651,169124.23900036],[152285.49300001,169124.77300035],[152285.373,169125.31600036],[152285.29100001,169125.86700036],[152285.248,169126.42200035],[152285.24305465,169126.97291328],[152278.40999999,169125.85000035],[152278.421,169125.74900035],[152278.424,169125.64800035],[152278.421,169125.54600035],[152278.40999999,169125.44500035],[152278.39300001,169125.34500035],[152278.36800001,169125.24600035],[152278.33699999,169125.14900035],[152278.299,169125.05500034],[152278.254,169124.96300036],[152278.203,169124.87500035],[152278.146,169124.79100036],[152278.08399999,169124.71100034],[152278.01600001,169124.63500034],[152277.94300001,169124.56400036],[152277.86500001,169124.49900035],[152277.78199999,169124.43900036],[152277.696,169124.38500034],[152277.60599999,169124.33700034],[152277.51300001,169124.29600035],[152277.41800001,169124.26100034],[152277.32000001,169124.23300034],[152277.21500001,169124.21100034],[152274.06800001,169123.92800035],[152266.03750718,169123.20251051],[152266.9940367,169116.333876]]]},"geometry_name":"GEOM","properties":{"INSPIRE_ID":"https://databrussels.be/id/streetsurface/22045","TYPE":"I","STREET_ID":"https://databrussels.be/id/streetname/1707","STRNAMEFRE":"Place du Quatre Août","STRNAMEDUT":"Vier Augustusplein","MUNNISCODE":"21005","HIERARCHY":"DC","LVL":0,"ADMIN":"MUN_RBC","AREA":139},"bbox":[152266.03750718,169114.65080268,152288.74415486,169126.97291328]},{"type":"Feature","id":"StreetSurfaces.fid-77ff224d_1a03149e4eb_-2457","geometry":{"type":"Polygon","coordinates":[[[152384.78395603,169192.43538813],[152385.25699999,169192.28000034],[152386.06099999,169191.95200034],[152386.826,169191.57700035],[152389.43499999,169190.09500035],[152389.59977286,169189.99071297],[152392.82176106,169193.41021027],[152392.18099999,169193.65700034],[152391.10799999,169194.27700035],[152388.05899999,169195.77500035],[152387.57523267,169196.0260632],[152384.78395603,169192.43538813]]]},"geometry_name":"GEOM","properties":{"INSPIRE_ID":"https://databrussels.be/id/streetsurface/22046","TYPE":"S","STREET_ID":"https://databrussels.be/id/streetname/3029","STRNAMEFRE":"Rue de l'Escadron","STRNAMEDUT":"Eskadronstraat","MUNNISCODE":"21005","HIERARCHY":"DC","LVL":0,"ADMIN":"MUN_RBC","AREA":25},"bbox":[152384.78395603,169189.99071297,152392.82176106,169196.0260632]},{"type":"Feature","id":"StreetSurfaces.fid-77ff224d_1a03149e4eb_-2401","geometry":{"type":"Polygon","coordinates":[[[152155.76561697,169093.21513156],[152156.80947709,169094.17743758],[152157.56577413,169094.88748626],[152158.28383043,169095.56768545],[152158.99590728,169096.28189601],[152159.70734475,169097.02406997],[152160.33939419,169097.75994577],[152161.57376852,169099.34073755],[152162.12859626,169100.19421457],[152162.6380806,169101.06661617],[152163.11344397,169101.94336738],[152163.56460471,169102.83098666],[152164.02574821,169103.73839253],[152164.43713257,169104.64216379],[152164.82601135,169105.59603478],[152165.47563963,169107.49220468],[152165.76378157,169108.44011771],[152166.02405806,169109.40259115],[152166.49933543,169111.21519589],[152164.57181823,169111.70837361],[152164.97464922,169113.17412666],[152156.89462159,169114.0909943],[152156.84067814,169113.68293749],[152156.63721058,169112.68326782],[152156.38348911,169111.70419566],[152156.06896672,169110.73604678],[152155.73026364,169109.78773502],[152155.35274854,169108.85461873],[152154.52111218,169107.01441926],[152154.03668361,169106.12644657],[152153.48340855,169105.25880274],[152152.88275962,169104.4661893],[152152.20961635,169103.67870568],[152151.5124083,169102.94753584],[152150.79199042,169102.2401986],[152150.17990613,169101.65397736],[152151.55971937,169100.22015568],[152151.2071233,169099.87109407],[152150.70310555,169099.4071267],[152154.772,169094.51700036],[152155.76561697,169093.21513156]]]},"geometry_name":"GEOM","properties":{"INSPIRE_ID":"https://databrussels.be/id/streetsurface/22074","TYPE":"S","STREET_ID":"https://databrussels.be/id/streetname/4579","STRNAMEFRE":"Place du Roi Vainqueur","STRNAMEDUT":"Koning Overwinnaarplein","MUNNISCODE":"21005","HIERARCHY":"DC","LVL":0,"ADMIN":"MUN_RBC","AREA":187},"bbox":[152150.17990613,169093.21513156,152166.49933543,169114.0909943]},{"type":"Feature","id":"StreetSurfaces.fid-77ff224d_1a03149e4eb_-239c","geometry":{"type":"Polygon","coordinates":[[[152215.74060989,168981.80447677],[152219.8796844,168987.62164164],[152219.48,168987.61000035],[152218.66,168987.68000035],[152217.83,168987.84000035],[152217.05,168988.10000035],[152216.42,168988.43000035],[152215.22,168989.25000035],[152200.26,169000.00000035],[152199.3332747,169000.66739511],[152203.99984735,168988.69015551],[152204.1,168988.80000035],[152204.46,168989.05000035],[152204.77,168989.17000035],[152205.13,168989.23000035],[152205.47,168989.23000035],[152205.76,168989.19000035],[152206.05,168989.11000035],[152206.31,168989.00000035],[152206.59,168988.83000035],[152206.84,168988.60000035],[152207.1,168988.38000035],[152210.43,168985.94000035],[152210.57,168985.85000035],[152210.72,168985.76000035],[152210.83,168985.65000035],[152210.89,168985.50000035],[152210.93,168985.33000035],[152210.93,168985.16000035],[152210.87572303,168985.03335407],[152212.96104012,168983.53934219],[152213.09,168983.61000035],[152213.2,168983.68000035],[152213.31,168983.71000035],[152213.46,168983.69000035],[152213.61,168983.63000035],[152213.77,168983.57000035],[152214.84,168982.81000035],[152215.17,168982.49000035],[152215.51,168982.16000035],[152215.74060989,168981.80447677]]]},"geometry_name":"GEOM","properties":{"INSPIRE_ID":"https://databrussels.be/id/streetsurface/22293","TYPE":"S","STREET_ID":"https://databrussels.be/id/streetname/280","STRNAMEFRE":"Rue de Pervyse","STRNAMEDUT":"Pervijzestraat","MUNNISCODE":"21005","HIERARCHY":"DR","LVL":0,"ADMIN":"MUN_RBC","AREA":116},"bbox":[152199.3332747,168981.80447677,152219.8796844,169000.66739511]},{"type":"Feature","id":"StreetSurfaces.fid-77ff224d_1a03149e4eb_-2462","geometry":{"type":"Polygon","coordinates":[[[152384.78395603,169192.43538813],[152387.57523267,169196.0260632],[152387.08399999,169196.28100034],[152388.005,169197.24000036],[152388.35950711,169197.70299651],[152381.35456314,169202.41051306],[152380.9,169201.94000036],[152380.22000001,169201.49000036],[152379.42999999,169201.17000035],[152378.64000001,169201.01000034],[152377.79000001,169201.07000035],[152376.92999999,169201.31000034],[152376.17,169201.70000035],[152375.48393352,169202.32027964],[152369.61486783,169196.79689786],[152369.83900001,169196.51800036],[152369.96700001,169195.94200036],[152369.95999999,169195.42500035],[152369.575,169194.86100034],[152368.39669013,169193.86628534],[152371.72538805,169188.94384951],[152374.40899999,169191.17500035],[152375.16300001,169191.60600034],[152375.94400001,169191.98400034],[152376.75,169192.30700034],[152377.576,169192.57300035],[152378.41900001,169192.78000035],[152379.275,169192.92800035],[152380.13800001,169193.01600036],[152381.00599999,169193.04300035],[152381.873,169193.01000034],[152382.73599999,169192.91700036],[152383.59100001,169192.76300036],[152384.43199999,169192.55100035],[152384.78395603,169192.43538813]]]},"geometry_name":"GEOM","properties":{"INSPIRE_ID":"https://databrussels.be/id/streetsurface/22294","TYPE":"I","STREET_ID":"https://databrussels.be/id/streetname/3335","STRNAMEFRE":"Pont Fernand Demany","STRNAMEDUT":"Fernand Demanybrug","MUNNISCODE":"21005","HIERARCHY":"DC","LVL":0,"ADMIN":"MUN_RBC","AREA":149},"bbox":[152368.39669013,169188.94384951,152388.35950711,169202.41051306]},{"type":"Feature","id":"StreetSurfaces.fid-77ff224d_1a03149e4eb_-2418","geometry":{"type":"Polygon","coordinates":[[[152318.19016902,169138.61298432],[152312.98534477,169144.35583154],[152308.56800001,169140.44500035],[152305.527,169137.75100035],[152305.45,169137.67800035],[152305.37000001,169137.61300036],[152305.28699999,169137.55400034],[152305.199,169137.50000035],[152305.10799999,169137.45300035],[152305.01300001,169137.41200034],[152304.91600001,169137.37800035],[152304.81700001,169137.35100035],[152304.71700001,169137.33100034],[152304.61500001,169137.31800036],[152304.51199999,169137.31200034],[152304.40899999,169137.31300036],[152304.30699999,169137.32100035],[152304.205,169137.33600034],[152304.105,169137.35900034],[152304.00699999,169137.38800036],[152303.91099999,169137.42400035],[152303.81700001,169137.46700036],[152303.727,169137.51600036],[152303.64000001,169137.57200035],[152303.55799999,169137.63300034],[152303.48,169137.70000035],[152303.40315602,169137.77635309],[152298.296,169132.91900035],[152298.71300001,169132.54900035],[152299.103,169132.15200035],[152299.46400001,169131.72800035],[152299.795,169131.28100034],[152300.09400001,169130.81100034],[152300.35899999,169130.32100035],[152300.59000001,169129.81500036],[152300.78499999,169129.29300036],[152300.94200001,169128.75900034],[152301.06300001,169128.21500036],[152301.14500001,169127.66400036],[152301.18800001,169127.10900034],[152301.19300001,169126.55200035],[152301.15799999,169125.99700035],[152301.08499999,169125.44500035],[152300.974,169124.89900035],[152300.85201347,169124.46017629],[152307.53806307,169122.46173426],[152307.771,169123.00600034],[152307.90699999,169123.70900034],[152308.105,169124.86100034],[152308.224,169125.96500036],[152308.20799999,169127.02600035],[152308.096,169127.94600035],[152308.01099999,169128.73100034],[152307.98299999,169129.34400035],[152308.06700001,169130.13100034],[152308.24400001,169130.92700035],[152308.623,169131.84400036],[152309.477,169133.28300034],[152311.851,169135.58400034],[152313.11800001,169136.73500034],[152314.471,169135.29000036],[152318.19016902,169138.61298432]]]},"geometry_name":"GEOM","properties":{"INSPIRE_ID":"https://databrussels.be/id/streetsurface/22295","TYPE":"I","STREET_ID":"https://databrussels.be/id/streetname/1707","STRNAMEFRE":"Place du Quatre Août","STRNAMEDUT":"Vier Augustusplein","MUNNISCODE":"21005","HIERARCHY":"DC","LVL":0,"ADMIN":"MUN_RBC","AREA":173},"bbox":[152298.296,169122.46173426,152318.19016902,169144.35583154]},{"type":"Feature","id":"StreetSurfaces.fid-77ff224d_1a03149e4eb_-23fe","geometry":{"type":"Polygon","coordinates":[[[152171.2620188,169122.79935855],[152167.71008358,169123.12700593],[152167.47995057,169123.1482345],[152167.25763392,169123.21170754],[152167.04809341,169123.30941264],[152166.85656257,169123.43890952],[152166.68782506,169123.59696385],[152166.54108508,169123.78731488],[152166.42749255,169123.99912347],[152166.35011349,169124.22667264],[152166.31103647,169124.46382055],[152166.3113162,169124.70416628],[152162.12335031,169125.10005373],[152162.05649419,169124.50282609],[152161.9040627,169123.51337437],[152161.67473457,169122.52785651],[152161.39607511,169121.55660712],[152161.07977531,169120.60258872],[152160.75831647,169119.64774601],[152160.07088256,169117.76116258],[152159.02416191,169114.97581863],[152157.04525602,169115.23047313],[152156.89462159,169114.0909943],[152164.97464922,169113.17412666],[152165.41848402,169114.27497183],[152166.06881027,169115.26571576],[152166.89949615,169116.10851752],[152167.87917445,169116.77228271],[152169.34956427,169117.3633331],[152170.90870211,169117.61160103],[152171.91442742,169117.61849031],[152172.91479101,169117.56895877],[152173.9299999,169117.4911981],[152176.26049576,169117.27806429],[152176.75681791,169122.31708929],[152174.2760509,169122.53794901],[152171.2620188,169122.79935855]]]},"geometry_name":"GEOM","properties":{"INSPIRE_ID":"https://databrussels.be/id/streetsurface/22296","TYPE":"I","STREET_ID":"https://databrussels.be/id/streetname/4579","STRNAMEFRE":"Place du Roi Vainqueur","STRNAMEDUT":"Koning Overwinnaarplein","MUNNISCODE":"21005","HIERARCHY":"DC","LVL":0,"ADMIN":"MUN_RBC","AREA":124},"bbox":[152156.89462159,169113.17412666,152176.75681791,169125.10005373]},{"type":"Feature","id":"StreetSurfaces.fid-77ff224d_1a03149e4eb_-2463","geometry":{"type":"Polygon","coordinates":[[[152382.92349443,169220.83914327],[152380.19000001,169220.19400036],[152375.15263355,169219.00569853],[152375.09200001,169218.84800035],[152374.81099999,169218.24700035],[152374.48900001,169217.66700036],[152374.127,169217.11200034],[152373.728,169216.58200034],[152373.29200001,169216.08200034],[152372.823,169215.61300036],[152372.322,169215.17900034],[152372.173,169215.09000036],[152371.48099999,169214.63800036],[152370.823,169214.13900036],[152370.202,169213.59500035],[152369.62000001,169213.00900034],[152369.08,169212.38400034],[152368.58499999,169211.72200035],[152368.13699999,169211.02800034],[152367.88224795,169210.56458205],[152374.92652872,169207.04522339],[152374.97000001,169207.15000035],[152375.53,169207.82000035],[152376.25999999,169208.39000036],[152377.04000001,169208.79000036],[152378.04000001,169209.00000035],[152379.13,169208.97000035],[152380.09000001,169208.70000035],[152380.90999999,169208.15000035],[152381.60999999,169207.37000035],[152381.82335882,169206.98682531],[152389.45165036,169210.33082911],[152388.705,169211.44900035],[152387.724,169212.66800036],[152386.49200001,169213.95600034],[152385.21300001,169214.95600034],[152383.227,169219.83200034],[152382.92349443,169220.83914327]]]},"geometry_name":"GEOM","properties":{"INSPIRE_ID":"https://databrussels.be/id/streetsurface/22297","TYPE":"I","STREET_ID":"https://databrussels.be/id/streetname/3353","STRNAMEFRE":"Avenue de l'Armée","STRNAMEDUT":"Legerlaan","MUNNISCODE":"21005","HIERARCHY":"DC","LVL":0,"ADMIN":"MUN_RBC","AREA":171},"bbox":[152367.88224795,169206.98682531,152389.45165036,169220.83914327]},{"type":"Feature","id":"StreetSurfaces.fid-77ff224d_1a03149e4eb_-241c","geometry":{"type":"Polygon","coordinates":[[[152293.32262371,169134.73842417],[152294.98302028,169142.69216959],[152294.771,169142.83700034],[152292.46500001,169146.07000035],[152291.401,169147.56300036],[152293.075,169148.78800036],[152284.80999999,169160.21000034],[152283.18444459,169162.48007421],[152279.28399999,169159.53400034],[152275.14218595,169156.40545389],[152276.75,169154.11000034],[152280.03800001,169149.75300034],[152281.68900001,169150.97200035],[152282.39000001,169149.93600034],[152285.06400001,169145.79700035],[152285.51800001,169144.55100035],[152286.724,169141.71600036],[152286.66600001,169141.25500034],[152286.50799999,169140.66600036],[152286.28800001,169140.28700034],[152285.94500001,169139.94500035],[152285.11500001,169139.34400035],[152284.101,169138.58900036],[152282.68099999,169137.44500035],[152281.725,169136.35600034],[152281.36913159,169135.89509589],[152286.71772666,169131.3823404],[152286.89200001,169131.62600035],[152287.246,169132.05500034],[152287.63,169132.45900034],[152288.04000001,169132.83500034],[152288.476,169133.18100034],[152288.93499999,169133.49600035],[152289.41500001,169133.77900035],[152289.91400001,169134.02700035],[152290.428,169134.24000036],[152290.95599999,169134.41600036],[152291.496,169134.55500034],[152292.04300001,169134.65600034],[152292.41500001,169134.70300035],[152292.596,169134.71900035],[152293.153,169134.74300036],[152293.32262371,169134.73842417]]]},"geometry_name":"GEOM","properties":{"INSPIRE_ID":"https://databrussels.be/id/streetsurface/22298","TYPE":"I","STREET_ID":"https://databrussels.be/id/streetname/1707","STRNAMEFRE":"Place du Quatre Août","STRNAMEDUT":"Vier Augustusplein","MUNNISCODE":"21005","HIERARCHY":"DC","LVL":0,"ADMIN":"MUN_RBC","AREA":269},"bbox":[152275.14218595,169131.3823404,152294.98302028,169162.48007421]},{"type":"Feature","id":"StreetSurfaces.fid-77ff224d_1a03149e4eb_-241d","geometry":{"type":"Polygon","coordinates":[[[152285.24305465,169126.97291328],[152285.277,169127.53500034],[152285.35,169128.08700034],[152285.46199999,169128.63200034],[152285.61099999,169129.16900036],[152285.797,169129.69400035],[152286.01900001,169130.20400034],[152286.277,169130.69800035],[152286.56800001,169131.17300035],[152286.71772666,169131.3823404],[152281.36913159,169135.89509589],[152280.81700001,169135.18000034],[152279.98599999,169133.90300034],[152279.255,169132.80400034],[152278.747,169132.54200036],[152278.00599999,169132.24500035],[152274.56700001,169131.94400035],[152268.66800001,169131.42700035],[152265.829,169131.17900035],[152265.6,169133.15000035],[152264.66692524,169133.04347538],[152265.63737004,169126.06737677],[152273.78099999,169126.84800035],[152277.01700001,169127.10400034],[152277.11900001,169127.09700035],[152277.22000001,169127.08200034],[152277.31900001,169127.06100034],[152277.41700001,169127.03300034],[152277.51199999,169126.99900035],[152277.605,169126.95700034],[152277.69500001,169126.91000034],[152277.78199999,169126.85600034],[152277.86400001,169126.79600035],[152277.94200001,169126.73100034],[152278.01500001,169126.66000034],[152278.08299999,169126.58400034],[152278.146,169126.50400035],[152278.203,169126.42000036],[152278.254,169126.33200034],[152278.298,169126.24000036],[152278.33599999,169126.14600035],[152278.36800001,169126.04900035],[152278.39200001,169125.95100035],[152278.40999999,169125.85000035],[152285.24305465,169126.97291328]]]},"geometry_name":"GEOM","properties":{"INSPIRE_ID":"https://databrussels.be/id/streetsurface/22301","TYPE":"I","STREET_ID":"https://databrussels.be/id/streetname/1707","STRNAMEFRE":"Place du Quatre Août","STRNAMEDUT":"Vier Augustusplein","MUNNISCODE":"21005","HIERARCHY":"DC","LVL":0,"ADMIN":"MUN_RBC","AREA":124},"bbox":[152264.66692524,169125.85000035,152286.71772666,169135.89509589]},{"type":"Feature","id":"StreetSurfaces.fid-77ff224d_1a03149e4eb_-2482","geometry":{"type":"Polygon","coordinates":[[[152449.01079149,169130.27608768],[152442.76713162,169125.48818447],[152443.03,169125.00000035],[152443.20999999,169124.47000035],[152443.28,169123.74000036],[152443.2,169122.98000034],[152442.99000001,169122.27000035],[152442.74000001,169121.74000036],[152442.4,169121.24000036],[152442.03,169120.76000034],[152441.65,169120.36000034],[152441.23,169119.98000034],[152440.80999999,169119.61000034],[152440.71033793,169119.52382547],[152442.749,169116.70800034],[152444.75162292,169113.94195296],[152444.95999999,169114.05000035],[152445.25,169114.17000035],[152445.54000001,169114.26000034],[152445.89000001,169114.28000034],[152446.60999999,169114.24000036],[152449.17999999,169114.17000035],[152449.54000001,169114.06000034],[152449.9,169113.96000034],[152450.24000001,169113.82000035],[152450.6,169113.58000034],[152451.12061331,169113.15125996],[152455.38399999,169116.59900035],[152459.3558171,169119.81095253],[152457.95,169121.55000035],[152453.94000001,169126.49000036],[152451.98,169126.64000036],[152450.23,169128.69000036],[152449.83,169129.16000034],[152449.42999999,169129.62000035],[152449.09000001,169130.12000035],[152449.01079149,169130.27608768]]]},"geometry_name":"GEOM","properties":{"INSPIRE_ID":"https://databrussels.be/id/streetsurface/22351","TYPE":"I","STREET_ID":"https://databrussels.be/id/streetname/3029","STRNAMEFRE":"Rue de l'Escadron","STRNAMEDUT":"Eskadronstraat","MUNNISCODE":"21005","HIERARCHY":"DC","LVL":0,"ADMIN":"MUN_RBC","AREA":184},"bbox":[152440.71033793,169113.15125996,152459.3558171,169130.27608768]},{"type":"Feature","id":"StreetSurfaces.fid-77ff224d_1a03149e4eb_-23bf","geometry":{"type":"Polygon","coordinates":[[[152019.84021513,169328.22676748],[152019.26622884,169329.04305393],[152020.69620628,169330.16547426],[152013.60999999,169340.44000036],[152002.95999999,169355.99000036],[152000,169360.32000035],[151987.12000001,169379.12000035],[151972.29640341,169400.85677654],[151970.95256619,169399.87744671],[151969.91045077,169401.33320483],[151967.95827546,169404.06024922],[151966.08413005,169398.19814836],[151968.08,169395.21000034],[151970.05,169392.27000035],[151972.04000001,169389.33000034],[151974.97000001,169385.12000035],[151977.94000001,169380.92000035],[151980.89000001,169376.72000035],[151983.69000001,169372.67000035],[151986.13,169369.09000036],[151986.47000001,169368.60000035],[151986.77000001,169368.15000035],[151989.24000001,169364.54000036],[151994.88,169356.32000035],[151997.69000001,169352.21000034],[152000,169348.84000036],[152000.23,169348.51000034],[152002.75999999,169344.80000035],[152005.3,169341.09000036],[152008.6,169336.23000034],[152011.89000001,169331.37000035],[152013.99228425,169328.27390899],[152015.86225274,169325.51753339],[152019.84021513,169328.22676748]]]},"geometry_name":"GEOM","properties":{"INSPIRE_ID":"https://databrussels.be/id/streetsurface/225","TYPE":"S","STREET_ID":"https://databrussels.be/id/streetname/3071","STRNAMEFRE":"Avenue Edouard de Thibault","STRNAMEDUT":"Edouard de Thibaultlaan","MUNNISCODE":"21005","HIERARCHY":"DR","LVL":0,"ADMIN":"MUN_RBC","AREA":582},"bbox":[151966.08413005,169325.51753339,152020.69620628,169404.06024922]},{"type":"Feature","id":"StreetSurfaces.fid-77ff224d_1a03149e4eb_-2464","geometry":{"type":"Polygon","coordinates":[[[152382.92349443,169220.83914327],[152382.002,169223.89700035],[152380.78900001,169228.45200035],[152380.26300001,169231.29900035],[152380.096,169233.36800036],[152381.38499999,169233.34400035],[152381.826,169234.04200036],[152381.923,169243.06600036],[152381.909847,169243.51204175],[152367.67467799,169244.52390064],[152367.872,169243.34800035],[152367.955,169243.05800034],[152369.346,169238.27600035],[152369.53299999,169237.47500035],[152372.446,169238.07800035],[152375.429,169225.29700035],[152375.696,169224.06600036],[152375.84400001,169222.98600034],[152375.85,169222.46200034],[152375.83699999,169222.06300036],[152375.778,169221.40200035],[152375.674,169220.74700035],[152375.524,169220.10100035],[152375.33,169219.46700036],[152375.15263355,169219.00569853],[152380.19000001,169220.19400036],[152382.92349443,169220.83914327]]]},"geometry_name":"GEOM","properties":{"INSPIRE_ID":"https://databrussels.be/id/streetsurface/22527","TYPE":"S","STREET_ID":"https://databrussels.be/id/streetname/3353","STRNAMEFRE":"Avenue de l'Armée","STRNAMEDUT":"Legerlaan","MUNNISCODE":"21005","HIERARCHY":"DC","LVL":0,"ADMIN":"MUN_RBC","AREA":208},"bbox":[152367.67467799,169219.00569853,152382.92349443,169244.52390064]},{"type":"Feature","id":"StreetSurfaces.fid-77ff224d_1a03149e4eb_-239e","geometry":{"type":"Polygon","coordinates":[[[152177.53957069,169130.26362845],[152177.04706667,169125.26378807],[152179.54446607,169125.01685678],[152181.60128503,169124.86764833],[152183.63124042,169124.72038864],[152185.64599025,169124.56297826],[152189.6994837,169124.29407174],[152191.71603305,169124.16029495],[152192.72956553,169124.10549087],[152193.30442014,169124.07440712],[152195.7815901,169123.94046067],[152196.83001962,169123.88376962],[152199.54000001,169123.82000035],[152200.2205246,169123.79344329],[152201.22017298,169123.75443262],[152205.69000001,169123.58000034],[152211.15999999,169123.45000035],[152217.32000001,169123.42000035],[152223.47000001,169123.49000036],[152229.62946851,169123.65933282],[152232.2,169123.73000034],[152233.78964698,169123.79822554],[152235.56894465,169123.87459025],[152241.52000001,169124.13000034],[152247.45999999,169124.49000036],[152252.83,169124.91000034],[152258.19000001,169125.40000035],[152262.3141562,169125.76957573],[152265.63737004,169126.06737677],[152264.66692524,169133.04347538],[152263.85999999,169132.96000034],[152258.37000001,169132.43000034],[152252.88,169131.90000035],[152247.39000001,169131.46000034],[152243.02000001,169131.23000034],[152238.65,169131.05000035],[152234.28,169130.89000036],[152229.94000001,169130.70000035],[152225.6,169130.53000034],[152221.25999999,169130.43000034],[152217.12000001,169130.45000035],[152212.98,169130.55000035],[152208.84000001,169130.67000035],[152204.25999999,169130.81000034],[152196.58962143,169130.99508311],[152194.91673689,169131.06199483],[152188.90698798,169131.45074681],[152184.91432984,169131.72178415],[152180.04245477,169132.03662123],[152179.88889401,169130.06696281],[152177.53957069,169130.26362845]]]},"geometry_name":"GEOM","properties":{"INSPIRE_ID":"https://databrussels.be/id/streetsurface/22893","TYPE":"S","STREET_ID":"https://databrussels.be/id/streetname/3339","STRNAMEFRE":"Avenue du Front","STRNAMEDUT":"Frontlaan","MUNNISCODE":"21005","HIERARCHY":"DC","LVL":0,"ADMIN":"MUN_RBC","AREA":615},"bbox":[152177.04706667,169123.42000035,152265.63737004,169133.04347538]},{"type":"Feature","id":"StreetSurfaces.fid-77ff224d_1a03149e4eb_-2453","geometry":{"type":"Polygon","coordinates":[[[152397.8253175,169196.4303424],[152393.1367214,169202.49109904],[152390.18454609,169199.60862061],[152391.24400001,169198.27700035],[152393.121,169195.90800034],[152393.89400001,169194.96900036],[152394.02048271,169194.37147023],[152397.8253175,169196.4303424]]]},"geometry_name":"GEOM","properties":{"INSPIRE_ID":"https://databrussels.be/id/streetsurface/22894","TYPE":"S","STREET_ID":"https://databrussels.be/id/streetname/3029","STRNAMEFRE":"Rue de l'Escadron","STRNAMEDUT":"Eskadronstraat","MUNNISCODE":"21005","HIERARCHY":"DC","LVL":0,"ADMIN":"MUN_RBC","AREA":29},"bbox":[152390.18454609,169194.37147023,152397.8253175,169202.49109904]},{"type":"Feature","id":"StreetSurfaces.fid-77ff224d_1a03149e4eb_-2438","geometry":{"type":"Polygon","coordinates":[[[152312.89822335,169493.49306959],[152314.01199999,169493.75100035],[152316.25390017,169494.27026276],[152315.846,169496.39100036],[152315.71700001,169497.75500034],[152315.903,169498.84300036],[152316.296,169499.58700034],[152316.951,169500.35900034],[152318.14000001,169501.37000035],[152319.14101172,169502.12844609],[152315.99211502,169516.55245735],[152314.8,169516.80000035],[152313.98299999,169517.03000034],[152313.19200001,169517.29700035],[152312.46900001,169517.65200035],[152311.99300001,169517.93500034],[152311.46900001,169518.34000036],[152311.03299999,169518.76500036],[152310.705,169519.16900035],[152310.36800001,169519.69200035],[152310.09200001,169520.22300035],[152309.80799999,169520.94900035],[152309.39596512,169522.48459326],[152307.64000001,169522.07800035],[152305.9030551,169521.67561535],[152307.76500001,169513.82700035],[152308.33599999,169511.11200034],[152308.451,169510.22100035],[152308.51700001,169509.29700035],[152308.475,169508.45100035],[152308.077,169507.38600034],[152307.54400001,169506.55500034],[152309.91900001,169496.18600034],[152310.129,169496.16800036],[152310.675,169496.09300035],[152311.504,169495.70100035],[152312.101,169495.21800036],[152312.597,169494.34800035],[152312.89822335,169493.49306959]]]},"geometry_name":"GEOM","properties":{"INSPIRE_ID":"https://databrussels.be/id/streetsurface/23070","TYPE":"I","STREET_ID":"https://databrussels.be/id/streetname/5326","STRNAMEFRE":"Rue Père de Deken","STRNAMEDUT":"Pater de Dekenstraat","MUNNISCODE":"21005","HIERARCHY":"DR","LVL":0,"ADMIN":"MUN_RBC","AREA":217},"bbox":[152305.9030551,169493.49306959,152319.14101172,169522.48459326]},{"type":"Feature","id":"StreetSurfaces.fid-77ff224d_1a03149e4eb_-2384","geometry":{"type":"Polygon","coordinates":[[[152393.60368953,169069.50323047],[152406.45,169080.75000035],[152427.02000001,169098.55000035],[152443.45999999,169112.91000034],[152443.85999999,169113.26000034],[152444.25999999,169113.62000035],[152444.75162292,169113.94195296],[152442.749,169116.70800034],[152440.71033793,169119.52382547],[152415.75999999,169097.95000035],[152393.70999999,169078.80000035],[152390.10418487,169075.60370993],[152392.33561945,169071.71378204],[152393.60368953,169069.50323047]]]},"geometry_name":"GEOM","properties":{"INSPIRE_ID":"https://databrussels.be/id/streetsurface/2312","TYPE":"S","STREET_ID":"https://databrussels.be/id/streetname/3007","STRNAMEFRE":"Rue des Sicambres","STRNAMEDUT":"Sikambrenstraat","MUNNISCODE":"21005","HIERARCHY":"DR","LVL":0,"ADMIN":"MUN_RBC","AREA":464},"bbox":[152390.10418487,169069.50323047,152444.75162292,169119.52382547]},{"type":"Feature","id":"StreetSurfaces.fid-77ff224d_1a03149e4eb_-23a9","geometry":{"type":"Polygon","coordinates":[[[152047.76171548,169107.78049082],[152047.27628069,169102.56449863],[152048.44000268,169101.50211364],[152049.38194194,169100.19687833],[152049.98638346,169098.72779151],[152050.22298775,169097.75031067],[152050.43711433,169096.7514765],[152050.61488066,169095.7652846],[152050.72432849,169094.7600361],[152050.79489186,169093.26239075],[152050.56344185,169089.97886926],[152054.08978927,169089.69315883],[152054.27011907,169092.21486646],[152055.39334774,169097.06958467],[152055.66735911,169098.04697446],[152055.92505882,169098.66089789],[152056.28965967,169099.21801309],[152056.74910862,169099.69990286],[152057.28162317,169100.08670951],[152057.87477679,169100.37194611],[152058.50940857,169100.54639854],[152059.31003706,169100.57380768],[152060.09736397,169100.42591058],[152060.82598956,169100.1140571],[152061.47013056,169099.6522886],[152062.00042183,169099.05050291],[152062.37877724,169098.34325327],[152062.58367834,169097.57767622],[152062.60997191,169096.78558952],[152062.17168584,169091.5336326],[152061.98345239,169088.99729315],[152067.47571893,169088.34974264],[152067.48992367,169088.54003367],[152065.52773712,169088.68862327],[152065.71613057,169091.19959406],[152065.78640528,169091.62521919],[152065.9034919,169092.11645793],[152066.04521103,169092.62461185],[152066.37693913,169093.58454606],[152066.85192933,169094.49707867],[152067.39214883,169095.35630428],[152068.21351969,169096.27620966],[152069.09895949,169097.02625922],[152070.46069541,169097.8400134],[152071.96536095,169098.29699463],[152072.98989167,169098.45726198],[152073.26910546,169098.47684623],[152073.94612432,169103.61515867],[152064.50529599,169104.55133723],[152059.28450263,169105.06625075],[152057.23934646,169105.25149504],[152055.24203978,169105.54258699],[152054.24004767,169105.72041086],[152052.27308106,169106.19485325],[152051.31956065,169106.49393923],[152050.32967579,169106.79769205],[152049.38188279,169107.12069668],[152048.43510733,169107.4785849],[152047.76171548,169107.78049082]]]},"geometry_name":"GEOM","properties":{"INSPIRE_ID":"https://databrussels.be/id/streetsurface/24843","TYPE":"I","STREET_ID":"https://databrussels.be/id/streetname/4000","STRNAMEFRE":"Avenue Hansen-Soulie","STRNAMEDUT":"Hansen-Soulielaan","MUNNISCODE":"21005","HIERARCHY":"DC","LVL":0,"ADMIN":"MUN_RBC","AREA":241},"bbox":[152047.27628069,169088.34974264,152073.94612432,169107.78049082]},{"type":"Feature","id":"StreetSurfaces.fid-77ff224d_1a03149e4eb_-23cd","geometry":{"type":"Polygon","coordinates":[[[152080.33817956,169167.64401583],[152079.30633533,169167.74916896],[152077.75110393,169168.10870051],[152076.36380887,169168.86967291],[152075.15602741,169169.92845005],[152074.21972852,169171.21313232],[152073.85234797,169171.92952689],[152073.5664377,169172.67978636],[152073.44365883,169173.47548939],[152073.47320311,169174.29219748],[152073.94508398,169178.84213795],[152074.07460082,169180.08837604],[152076.04199677,169179.89356832],[152076.05784786,169180.08397702],[152069.49425595,169180.65198556],[152069.48448329,169180.54625455],[152068.8678957,169174.2979896],[152068.4258534,169169.82469715],[152068.06373816,169169.86132294],[152064.17109125,169170.25504088],[152063.62595742,169170.31017789],[152063.75776036,169171.74403578],[152064.02282083,169174.75952562],[152064.23918769,169176.90524415],[152064.59060121,169181.01110334],[152060.04596198,169181.47021004],[152059.4166029,169175.20881435],[152059.13908315,169174.00133392],[152058.67935708,169172.94507982],[152058.24682739,169172.28096415],[152057.70617058,169171.68389191],[152057.30671003,169171.32425191],[152055.62588751,169170.50955841],[152055.88098786,169165.02689432],[152058.08963866,169165.30946445],[152059.09817255,169165.39127163],[152060.11097262,169165.44910759],[152061.12519732,169165.46193563],[152062.12587893,169165.43013071],[152068.15029919,169164.79970824],[152073.18283382,169164.27302722],[152079.86268969,169163.57577402],[152080.33817956,169167.64401583]]]},"geometry_name":"GEOM","properties":{"INSPIRE_ID":"https://databrussels.be/id/streetsurface/24844","TYPE":"I","STREET_ID":"https://databrussels.be/id/streetname/3071","STRNAMEFRE":"Avenue Edouard de Thibault","STRNAMEDUT":"Edouard de Thibaultlaan","MUNNISCODE":"21005","HIERARCHY":"DC","LVL":0,"ADMIN":"MUN_RBC","AREA":231},"bbox":[152055.62588751,169163.57577402,152080.33817956,169181.47021004]},{"type":"Feature","id":"StreetSurfaces.fid-77ff224d_1a03149e4eb_-2415","geometry":{"type":"Polygon","coordinates":[[[152325.83943138,169159.12070028],[152325.87000001,169159.82000035],[152352.48,169183.55200035],[152352.56500001,169183.61000034],[152352.655,169183.66100034],[152352.747,169183.70600034],[152352.84300001,169183.74500035],[152352.94100001,169183.77600035],[152353.04100001,169183.80100035],[152353.14300001,169183.81900036],[152353.24500001,169183.82900034],[152353.348,169183.83300034],[152353.451,169183.82900035],[152353.554,169183.81800035],[152353.655,169183.80000035],[152353.755,169183.77500035],[152353.853,169183.74300036],[152353.949,169183.70400035],[152354.04100001,169183.65900034],[152354.13,169183.60700034],[152354.21600001,169183.54900035],[152354.297,169183.48600034],[152354.373,169183.41600036],[152366.66162748,169194.086433],[152366.38599999,169194.48600034],[152366.26600001,169195.07800035],[152366.31600001,169195.53600034],[152366.44200001,169195.96000034],[152366.78130181,169196.25510093],[152363.47772355,169201.14039012],[152355.071,169193.56800036],[152349.66800001,169188.88000034],[152348.36199999,169190.38300034],[152338.49500001,169181.56600036],[152339.77000001,169180.15200035],[152324.97000001,169166.70200035],[152323.64000001,169168.14500035],[152316.125,169161.48600034],[152305.79151652,169152.29248871],[152310.99656365,169146.55001582],[152321.04200001,169155.48900036],[152321.01101852,169154.79524843],[152325.83943138,169159.12070028]]]},"geometry_name":"GEOM","properties":{"INSPIRE_ID":"https://databrussels.be/id/streetsurface/29671","TYPE":"S","STREET_ID":"https://databrussels.be/id/streetname/3335","STRNAMEFRE":"Pont Fernand Demany","STRNAMEDUT":"Fernand Demanybrug","MUNNISCODE":"21005","HIERARCHY":"DC","LVL":0,"ADMIN":"MUN_RBC","AREA":537},"bbox":[152305.79151652,169146.55001582,152366.78130181,169201.14039012]},{"type":"Feature","id":"StreetSurfaces.fid-77ff224d_1a03149e4eb_-2413","geometry":{"type":"Polygon","coordinates":[[[152325.83943138,169159.12070028],[152321.01101852,169154.79524843],[152320.85599999,169151.32400035],[152312.98534477,169144.35583154],[152318.19016902,169138.61298432],[152327.19100001,169146.65500035],[152325.873,169148.11200034],[152328.39000001,169150.36000034],[152337.89000001,169158.84000036],[152340.795,169161.43200034],[152342.051,169160.05400035],[152347.50685418,169164.90355097],[152356.39885731,169172.80739478],[152360.696,169176.62700035],[152359.41099999,169178.08800036],[152360.84000001,169179.37000035],[152364.82000001,169182.95000035],[152368.80999999,169186.52000035],[152371.72538805,169188.94384951],[152368.39669013,169193.86628534],[152368.01500001,169193.69200036],[152367.56099999,169193.70400035],[152367.07000001,169193.79600035],[152366.66162748,169194.086433],[152354.373,169183.41600036],[152354.44500001,169183.34200036],[152354.51099999,169183.26300036],[152354.571,169183.18000034],[152354.626,169183.09200036],[152354.674,169183.00100035],[152354.71600001,169182.90700034],[152354.751,169182.81000034],[152354.779,169182.71100034],[152354.8,169182.61000034],[152354.81500001,169182.50800034],[152354.822,169182.40500034],[152354.821,169182.30200035],[152354.81400001,169182.19900035],[152354.799,169182.09700035],[152354.778,169181.99600035],[152354.749,169181.89700035],[152354.71400001,169181.80000035],[152354.672,169181.70600034],[152354.623,169181.61500036],[152354.54000001,169181.48800036],[152325.69200001,169155.74800035],[152325.83943138,169159.12070028]]]},"geometry_name":"GEOM","properties":{"INSPIRE_ID":"https://databrussels.be/id/streetsurface/30047","TYPE":"S","STREET_ID":"https://databrussels.be/id/streetname/3335","STRNAMEFRE":"Pont Fernand Demany","STRNAMEDUT":"Fernand Demanybrug","MUNNISCODE":"21005","HIERARCHY":"DC","LVL":0,"ADMIN":"MUN_RBC","AREA":539},"bbox":[152312.98534477,169138.61298432,152371.72538805,169194.086433]},{"type":"Feature","id":"StreetSurfaces.fid-77ff224d_1a03149e4eb_-239a","geometry":{"type":"Polygon","coordinates":[[[152232.87448329,168985.60901],[152234.06,168987.11000035],[152237.62,168991.64000035],[152241.1,168996.23000035],[152243.84,169000.00000035],[152244.67,169001.14000035],[152248.17,169006.11000035],[152251.56,169011.15000035],[152254.82,169016.21000035],[152257.98,169021.34000035],[152261.07,169026.51000035],[152262.39,169028.77000035],[152265.01,169033.31000035],[152264.28,169034.92000035],[152267.46132612,169040.67358829],[152264.809,169042.15000035],[152260.76657192,169044.40020989],[152260.14,169043.22000035],[152258.23,169039.67000035],[152256.27,169036.15000035],[152254.63,169033.37000035],[152252.95,169030.60000035],[152251.26,169027.84000035],[152249.45,169024.84000035],[152247.62,169021.85000035],[152245.76,169018.87000035],[152242.63,169014.07000035],[152239.4,169009.33000035],[152236.1,169004.64000035],[152232.99,169000.44000035],[152232.65,169000.00000035],[152229.8,168996.29000035],[152226.62,168992.13000035],[152225.80381716,168991.04670312],[152229.495,168988.20800035],[152232.87448329,168985.60901]]]},"geometry_name":"GEOM","properties":{"INSPIRE_ID":"https://databrussels.be/id/streetsurface/3566","TYPE":"S","STREET_ID":"https://databrussels.be/id/streetname/280","STRNAMEFRE":"Rue de Pervyse","STRNAMEDUT":"Pervijzestraat","MUNNISCODE":"21005","HIERARCHY":"DR","LVL":0,"ADMIN":"MUN_RBC","AREA":573},"bbox":[152225.80381716,168985.60901,152267.46132612,169044.40020989]},{"type":"Feature","id":"StreetSurfaces.fid-77ff224d_1a03149e4eb_-23f2","geometry":{"type":"Polygon","coordinates":[[[152030.54970698,169324.5879892],[152031.00475555,169324.92724842],[152032.03635991,169323.53083612],[152053.65999999,169338.94000036],[152068.67999999,169349.62000035],[152101.15,169372.60000035],[152112.15999999,169380.34000036],[152112.77644105,169380.706784],[152110.70999999,169383.67500035],[152108.70877183,169386.54954554],[152107.88,169385.95000035],[152107.42,169385.59000036],[152106.45999999,169384.91000034],[152083.22000001,169368.52000035],[152061.60999999,169353.14000036],[152043.23,169340.12000035],[152027.96003668,169329.46836571],[152029.05009007,169327.88252126],[152028.30109229,169327.36026141],[152029.351,169326.06600036],[152030.54970698,169324.5879892]]]},"geometry_name":"GEOM","properties":{"INSPIRE_ID":"https://databrussels.be/id/streetsurface/3634","TYPE":"S","STREET_ID":"https://databrussels.be/id/streetname/2697","STRNAMEFRE":"Rue Jean Massart","STRNAMEDUT":"Jean Massartstraat","MUNNISCODE":"21005","HIERARCHY":"DR","LVL":0,"ADMIN":"MUN_RBC","AREA":697},"bbox":[152027.96003668,169323.53083612,152112.77644105,169386.54954554]},{"type":"Feature","id":"StreetSurfaces.fid-77ff224d_1a03149e4eb_-2458","geometry":{"type":"Polygon","coordinates":[[[152391.83359697,169263.92135662],[152399.22000001,169286.21000034],[152408.55,169314.63000034],[152416.17,169338.25000035],[152415.32000001,169339.87000035],[152415.47497528,169340.1949485],[152412.73599999,169341.18300034],[152409.90012229,169342.20574934],[152409.85999999,169341.96000034],[152407.82000001,169340.67000035],[152401.73,169322.78000035],[152400.90999999,169320.29000036],[152399.03,169314.64000036],[152392.63,169295.34000036],[152383.19046192,169266.80817274],[152387.48199999,169265.37500035],[152391.83359697,169263.92135662]]]},"geometry_name":"GEOM","properties":{"INSPIRE_ID":"https://databrussels.be/id/streetsurface/3635","TYPE":"S","STREET_ID":"https://databrussels.be/id/streetname/3353","STRNAMEFRE":"Avenue de l'Armée","STRNAMEDUT":"Legerlaan","MUNNISCODE":"21005","HIERARCHY":"DC","LVL":0,"ADMIN":"MUN_RBC","AREA":718},"bbox":[152383.19046192,169263.92135662,152416.17,169342.20574934]},{"type":"Feature","id":"StreetSurfaces.fid-77ff224d_1a03149e4eb_-242d","geometry":{"type":"Polygon","coordinates":[[[152167.06020558,169136.59569227],[152166.99308827,169136.77881662],[152166.73756478,169137.77250499],[152166.5429095,169138.76707674],[152166.53744319,169138.90842854],[152168.5445308,169138.98449055],[152168.17815323,169141.83303513],[152168.019766,169142.81934475],[152167.84112177,169143.79550881],[152167.59664817,169144.75847837],[152167.33694537,169145.73547632],[152167.0674473,169146.6967323],[152166.78134289,169147.67582213],[152166.46945069,169148.60653755],[152166.13546763,169149.54412896],[152165.76831553,169150.48826829],[152165.35938966,169151.41891307],[152164.90194159,169152.2923],[152164.3782279,169153.15626224],[152163.25861983,169154.8190472],[152162.07227109,169156.52399966],[152161.44000001,169155.81000034],[152155.70155394,169149.32366091],[152155.78326414,169149.21752979],[152156.35680034,169148.38342127],[152156.8681864,169147.49792584],[152157.30290256,169146.60116152],[152157.67655721,169145.66238512],[152157.98921425,169144.69104749],[152158.24262598,169143.71169828],[152158.46255088,169142.71324028],[152158.63575327,169141.7139969],[152158.77694094,169140.7125697],[152158.94057972,169138.7051268],[152158.9381705,169137.05961665],[152167.06020558,169136.59569227]]]},"geometry_name":"GEOM","properties":{"INSPIRE_ID":"https://databrussels.be/id/streetsurface/3764","TYPE":"S","STREET_ID":"https://databrussels.be/id/streetname/4579","STRNAMEFRE":"Place du Roi Vainqueur","STRNAMEDUT":"Koning Overwinnaarplein","MUNNISCODE":"21005","HIERARCHY":"DC","LVL":0,"ADMIN":"MUN_RBC","AREA":157},"bbox":[152155.70155394,169136.59569227,152168.5445308,169156.52399966]},{"type":"Feature","id":"StreetSurfaces.fid-77ff224d_1a03149e4eb_-23d2","geometry":{"type":"Polygon","coordinates":[[[152155.01559587,169114.30421359],[152155.72668276,169120.98229348],[152156.17127185,169125.66270236],[152156.64323721,169130.63131515],[152157.18467069,169137.15977522],[152157.03262608,169140.28054117],[152156.61338675,169142.90766956],[152155.7800297,169145.61025699],[152154.52226472,169147.99067458],[152153.61887958,169149.14304453],[152152.54203429,169150.13524686],[152151.31972508,169150.94148592],[152149.44021189,169151.55962087],[152141.533145,169152.33707978],[152130.49584894,169153.43525149],[152127.46262791,169153.72833325],[152115.84069395,169154.83979513],[152084.9,169157.86000034],[152079.26190918,169158.43555869],[152071.5142987,169159.22288708],[152067.53988304,169159.61571132],[152064.18710849,169159.9314526],[152062.92669737,169160.05390095],[152061.91504061,169160.14007923],[152060.91203125,169160.17483317],[152059.89056199,169160.18951315],[152058.90849772,169160.16995529],[152056.90650103,169160.01370668],[152056.12000001,169159.89000036],[152054.91891985,169159.72060398],[152052.95996411,169159.28751098],[152051.02411706,169158.68336977],[152049.17183688,169157.94631919],[152047.37518957,169157.08088688],[152045.61973476,169156.10384478],[152043.95120347,169155.00180232],[152042.37344184,169153.77176031],[152040.8549149,169152.44550249],[152039.43207665,169151.01010281],[152038.13675611,169149.47926704],[152036.95492485,169147.86756615],[152035.87074201,169146.18678633],[152034.92021549,169144.36802103],[152034.16552217,169142.49419822],[152033.57378981,169140.44354936],[152033.20651684,169138.39682776],[152033.07923934,169136.6544151],[152033.07862201,169134.79872223],[152033.40891588,169132.14383673],[152034.19853849,169129.21702889],[152034.97108884,169127.14492096],[152035.972802,169124.97973227],[152037.51478162,169122.52195069],[152039.26937687,169120.2678987],[152041.01176937,169118.36391286],[152042.51138413,169116.97415175],[152044.80972352,169115.18754005],[152046.5183207,169114.08926546],[152048.26714854,169113.16976742],[152050.08206532,169112.32784375],[152052.50607486,169111.42889563],[152054.50471609,169110.88786003],[152055.84249172,169110.59838089],[152057.93871634,169110.31135501],[152060.88642299,169110.01148771],[152062.75486894,169109.81337637],[152066.74730415,169109.41240999],[152072.67786911,169108.86249649],[152074.61241891,169108.67207822],[152110.63934097,169105.12593872],[152115.1274616,169104.6454477],[152122.5928839,169103.92955252],[152134.51363914,169102.74683282],[152135.857883,169102.6103186],[152139.5911545,169102.24412991],[152142.07000001,169101.99000036],[152145.57910788,169101.75173069],[152146.84770331,169102.06796545],[152148.03668244,169102.61171855],[152149.10562985,169103.36450686],[152150.95273986,169105.08786227],[152152.55457621,169107.35884909],[152153.7225194,169109.88058845],[152154.51978116,169112.13829478],[152155.01559587,169114.30421359]]]},"geometry_name":"GEOM","properties":{"INSPIRE_ID":"https://databrussels.be/id/streetsurface/38243","TYPE":"P","STREET_ID":"https://databrussels.be/id/streetname/4579","STRNAMEFRE":"Place du Roi Vainqueur","STRNAMEDUT":"Koning Overwinnaarplein","MUNNISCODE":"21005","HIERARCHY":"DC","LVL":0,"ADMIN":"MUN_RBC","AREA":5805},"bbox":[152033.07862201,169101.75173069,152157.18467069,169160.18951315]},{"type":"Feature","id":"StreetSurfaces.fid-77ff224d_1a03149e4eb_-240e","geometry":{"type":"Polygon","coordinates":[[[152068.21761951,169028.72394777],[152067.91528195,169029.68709602],[152067.61365376,169030.64798442],[152067.05978987,169032.57509579],[152066.57827096,169034.36265488],[152065.8751802,169035.38888929],[152064.93171346,169036.14253734],[152064.24512387,169036.4678624],[152063.50891368,169036.65557548],[152062.71430952,169036.69712336],[152061.9275246,169036.57841578],[152061.16982452,169036.3067901],[152060.48139344,169035.8897139],[152059.89947331,169035.3547551],[152059.43343154,169034.71630619],[152059.10522835,169033.991077],[152058.92072842,169033.21671631],[152058.88695607,169032.41563084],[152059.00703428,169031.62287631],[152059.24665956,169030.65512433],[152059.49149907,169029.66631416],[152060.06706832,169027.74214343],[152060.41639094,169026.74927585],[152060.74918576,169025.83244144],[152061.43816487,169023.93433574],[152062.51314976,169021.08484616],[152063.21922923,169019.21322346],[152063.57920251,169018.2590332],[152064.65724621,169015.43832549],[152065.75513817,169012.62361744],[152066.20370625,169011.5382573],[152068.06589408,169012.28301352],[152068.76054163,169010.68178523],[152069.56761252,169008.82141049],[152070.36984049,169006.97219915],[152071.17376745,169005.11907147],[152072.31196758,169002.49541251],[152070.4623936,169001.68878243],[152071.34140552,168999.70705963],[152073.18644873,169000.49938235],[152073.61558244,168999.59043469],[152074.04994168,168998.67041885],[152074.31110675,168998.11724537],[152074.47796398,168997.76382524],[152074.90746751,168996.85409427],[152075.83033247,168995.0460465],[152077.93532505,168990.92201173],[152076.13668052,168990.01478631],[152077.10408073,168988.24282885],[152077.33772343,168987.81487264],[152077.59986862,168987.3621268],[152078.60910808,168985.61908895],[152080.18489792,168983.03289427],[152081.26004891,168981.32128128],[152083.22687694,168978.1901411],[152084.13406338,168976.76148939],[152084.61235164,168976.12843049],[152085.21864576,168975.60504202],[152085.91385596,168975.22182467],[152086.67241095,168974.98780095],[152087.46052302,168974.91271135],[152088.24750693,168974.99882404],[152089.01153207,168975.23224328],[152089.72178112,168975.59798258],[152090.35413283,168976.08304601],[152090.89025682,168976.67272922],[152091.27165692,168977.3692603],[152091.49348442,168978.13176547],[152091.5451126,168978.92733242],[152091.42287942,168979.71514666],[152091.17320094,168980.4621181],[152090.78862901,168981.16253152],[152089.95074436,168982.45526171],[152089.39517461,168983.31644228],[152088.31243394,168984.99478283],[152086.72335435,168987.57115854],[152085.18431978,168990.18582432],[152083.68594044,168992.80725106],[152083.52448652,168993.08971598],[152083.11163175,168993.81200873],[152081.33282263,168992.89436065],[152080.45282054,168994.53751568],[152079.50174582,168996.31337877],[152079.06025861,168997.20896744],[152078.16355304,168999.02799941],[152076.61393283,169002.26861046],[152078.45304474,169003.08825127],[152077.57845189,169005.06113344],[152075.73102428,169004.24487446],[152074.52974775,169007.02779732],[152073.73198915,169008.87591522],[152072.93715481,169010.71725867],[152071.59232729,169013.83273722],[152073.45620035,169014.58975656],[152072.69524762,169016.44806127],[152071.9332895,169018.30882121],[152071.22471997,169020.19562114],[152070.51758529,169022.07860031],[152069.53149638,169024.92773115],[152068.87241003,169026.83204547],[152068.21761951,169028.72394777]]]},"geometry_name":"GEOM","properties":{"INSPIRE_ID":"https://databrussels.be/id/streetsurface/38253","TYPE":"M","STREET_ID":"https://databrussels.be/id/streetname/4000","STRNAMEFRE":"Avenue Hansen-Soulie","STRNAMEDUT":"Hansen-Soulielaan","MUNNISCODE":"21005","HIERARCHY":"DC","LVL":0,"ADMIN":"MUN_RBC","AREA":435},"bbox":[152058.88695607,168974.91271135,152091.5451126,169036.69712336]},{"type":"Feature","id":"StreetSurfaces.fid-77ff224d_1a03149e4eb_-23cb","geometry":{"type":"Polygon","coordinates":[[[152061.83799531,169246.5363068],[152061.28297689,169246.83698982],[152060.76386151,169246.97366528],[152060.12111979,169246.94893214],[152059.50958893,169246.71326252],[152059.10955629,169246.48261436],[152058.78921175,169246.18579485],[152058.38799713,169245.61050621],[152058.18850758,169245.06099495],[152058.10195096,169244.43701274],[152058.09389699,169243.84855081],[152058.275,169242.61300036],[152059.42,169238.95000035],[152059.67,169238.15000035],[152059.90999999,169237.35000035],[152060.42999999,169235.49000036],[152060.89000001,169233.61000034],[152061.32000001,169231.72000035],[152061.73,169229.78000034],[152062.12000001,169227.83000034],[152062.47000001,169225.87000035],[152062.83,169223.77000035],[152063.15,169221.66000034],[152063.45999999,169219.55000035],[152063.88,169216.41000034],[152064.25999999,169213.27000035],[152064.58,169210.12000035],[152064.75999999,169207.93000034],[152064.80999999,169207.29000036],[152064.92,169205.74000036],[152065.04000001,169203.54000036],[152065.14000001,169201.11000034],[152065.2,169198.67000036],[152065.22000001,169196.23000034],[152065.2,169194.21000034],[152065.14000001,169192.20000035],[152065.07000001,169190.18000034],[152064.83794813,169183.59478759],[152064.59060121,169181.01110334],[152064.23918769,169176.90524415],[152064.02282083,169174.75952562],[152063.75776036,169171.74403578],[152063.62595742,169170.31017789],[152064.17109125,169170.25504088],[152068.06373816,169169.86132294],[152068.4258534,169169.82469715],[152068.8678957,169174.2979896],[152069.48448329,169180.54625455],[152069.71328383,169183.02166344],[152069.9,169185.31000034],[152070.12000001,169188.37000035],[152070.27000001,169191.43000034],[152070.33,169194.56000034],[152070.33,169197.69000036],[152070.27000001,169200.82000035],[152070.15999999,169203.86000034],[152070,169206.90000035],[152069.78,169209.93000034],[152069.67,169211.14000036],[152069.54000001,169212.67000035],[152069.52000001,169212.79000036],[152069.20999999,169215.64000036],[152068.84000001,169218.48000034],[152068.40999999,169221.36000034],[152067.92,169224.22000035],[152067.37000001,169227.07000035],[152066.85,169229.68000034],[152066.27000001,169232.28000035],[152065.8415724,169234.00709914],[152064.20463176,169240.10006262],[152063.46372182,169242.57916202],[152062.53740232,169245.64789194],[152062.30511756,169246.0749304],[152061.83799531,169246.5363068]]]},"geometry_name":"GEOM","properties":{"INSPIRE_ID":"https://databrussels.be/id/streetsurface/38279","TYPE":"M","STREET_ID":"https://databrussels.be/id/streetname/3071","STRNAMEFRE":"Avenue Edouard de Thibault","STRNAMEDUT":"Edouard de Thibaultlaan","MUNNISCODE":"21005","HIERARCHY":"DR","LVL":0,"ADMIN":"MUN_RBC","AREA":388},"bbox":[152058.09389699,169169.82469715,152070.33,169246.97366528]},{"type":"Feature","id":"StreetSurfaces.fid-77ff224d_1a03149e4eb_-23f7","geometry":{"type":"Polygon","coordinates":[[[152057.09888005,169252.99542867],[152057.97389963,169253.32675647],[152058.43505859,169253.98941204],[152058.68337495,169255.08144137],[152058.58877823,169256.0957101],[152057.55999999,169258.96000034],[152056.87000001,169260.51000034],[152056.17,169262.06000034],[152055.45999999,169263.61000034],[152054.50999999,169265.65000035],[152053.54000001,169267.68000034],[152052.54000001,169269.69000036],[152051.33,169272.05000035],[152050.07000001,169274.38000034],[152048.78,169276.70000035],[152047.72000001,169278.53000034],[152046.64000001,169280.34000036],[152045.53,169282.14000036],[152044.22000001,169284.13000034],[152042.88,169286.10000035],[152041.53,169288.07000035],[152040.17,169290.08000034],[152038.80999999,169292.10000035],[152037.60999999,169293.86000034],[152037.44000001,169294.11000034],[152037.07000001,169294.65000035],[152035.52000001,169296.90000035],[152033.58,169299.67000035],[152031.65999999,169302.45000035],[152029.37000001,169305.86000034],[152027.1,169309.29000036],[152022.93942597,169315.53171996],[152022.16658182,169316.29947237],[152021.42035806,169316.70711869],[152020.67794514,169316.79223105],[152019.79302993,169316.64495963],[152019.19780932,169316.30876676],[152018.76887538,169315.8520676],[152018.44041805,169315.34436916],[152018.28318408,169314.81835906],[152018.20507429,169314.28179254],[152018.28048019,169313.8940359],[152018.6388556,169313.00811502],[152025.05999999,169303.59000036],[152029.27000001,169297.39000036],[152032.97000001,169291.94000036],[152033.48,169291.20000035],[152036.02000001,169287.51000034],[152038.55999999,169283.81000034],[152041.00999999,169280.06000034],[152042.88,169277.02000035],[152044.69000001,169273.94000036],[152046.42999999,169270.82000035],[152047.85,169268.15000035],[152049.22000001,169265.46000034],[152050.54000001,169262.73000034],[152051.42,169260.79000036],[152053.12000001,169256.87000035],[152054.04813614,169254.68756701],[152054.53294427,169253.90658008],[152055.19512126,169253.27942392],[152056.11743918,169252.99542867],[152057.09888005,169252.99542867]]]},"geometry_name":"GEOM","properties":{"INSPIRE_ID":"https://databrussels.be/id/streetsurface/38344","TYPE":"M","STREET_ID":"https://databrussels.be/id/streetname/3071","STRNAMEFRE":"Avenue Edouard de Thibault","STRNAMEDUT":"Edouard de Thibaultlaan","MUNNISCODE":"21005","HIERARCHY":"DR","LVL":0,"ADMIN":"MUN_RBC","AREA":356},"bbox":[152018.20507429,169252.99542867,152058.68337495,169316.79223105]},{"type":"Feature","id":"StreetSurfaces.fid-77ff224d_1a03149e4eb_-23c1","geometry":{"type":"Polygon","coordinates":[[[151965.43950908,169398.26995574],[151963.73153317,169394.06811985],[151963.52079322,169393.54967302],[151965.23,169391.13000034],[151967.5,169387.79000036],[151969.78,169384.45000035],[151973.53,169378.96000034],[151977.28,169373.46000034],[151981.03,169367.97000035],[151982.10999999,169366.38000034],[151982.72000001,169365.48000034],[151984.80999999,169362.42000035],[151988.59000001,169356.88000034],[151992.38,169351.34000036],[151996.15999999,169345.83000034],[151999.95,169340.32000035],[152003.74000001,169334.82000035],[152008.75999999,169327.52000035],[152010.42709801,169325.08909251],[152012.42409413,169322.1663818],[152012.72765417,169321.87443224],[152013.29916437,169321.59256231],[152013.65440986,169321.52958569],[152014.09095666,169321.56321317],[152014.77677565,169321.80707272],[152015.36623077,169322.17200605],[152015.84245367,169322.77041799],[152016.13161397,169323.58052785],[152016.21564918,169324.51704775],[152016.18373554,169325.04366049],[152013.99228425,169328.27390899],[152011.89000001,169331.37000035],[152008.6,169336.23000034],[152005.3,169341.09000036],[152002.75999999,169344.80000035],[152000.23,169348.51000034],[152000,169348.84000036],[151997.69000001,169352.21000034],[151994.88,169356.32000035],[151989.24000001,169364.54000036],[151986.77000001,169368.15000035],[151986.47000001,169368.60000035],[151986.13,169369.09000036],[151983.69000001,169372.67000035],[151980.89000001,169376.72000035],[151977.94000001,169380.92000035],[151974.97000001,169385.12000035],[151972.04000001,169389.33000034],[151970.05,169392.27000035],[151968.08,169395.21000034],[151965.66524353,169398.82529091],[151965.43950908,169398.26995574]]]},"geometry_name":"GEOM","properties":{"INSPIRE_ID":"https://databrussels.be/id/streetsurface/38347","TYPE":"M","STREET_ID":"https://databrussels.be/id/streetname/3071","STRNAMEFRE":"Avenue Edouard de Thibault","STRNAMEDUT":"Edouard de Thibaultlaan","MUNNISCODE":"21005","HIERARCHY":"DR","LVL":0,"ADMIN":"MUN_RBC","AREA":428},"bbox":[151963.52079322,169321.52958569,152016.21564918,169398.82529091]},{"type":"Feature","id":"StreetSurfaces.fid-77ff224d_1a03149e4eb_-23a3","geometry":{"type":"Polygon","coordinates":[[[152061.29865646,169078.108821],[152059.3078975,169078.16830332],[152059.33799734,169079.04717983],[152059.46647243,169081.76306466],[152059.51152172,169082.71537899],[152059.51730788,169082.81535067],[152059.58530059,169083.79343843],[152059.7227021,169085.76998414],[152060.00058034,169089.16311058],[152061.98345239,169088.99729315],[152062.17168584,169091.5336326],[152062.60997191,169096.78558952],[152062.58367834,169097.57767622],[152062.37877724,169098.34325327],[152062.00042183,169099.05050291],[152061.47013056,169099.6522886],[152060.82598956,169100.1140571],[152060.09736397,169100.42591058],[152059.31003706,169100.57380768],[152058.50940857,169100.54639854],[152057.87477679,169100.37194611],[152057.28162317,169100.08670951],[152056.74910862,169099.69990286],[152056.28965967,169099.21801309],[152055.92505882,169098.66089789],[152055.66735911,169098.04697446],[152055.39334774,169097.06958467],[152054.27011907,169092.21486646],[152054.08978927,169089.69315883],[152056.08115385,169089.5361412],[152055.7035568,169084.15918795],[152055.51357889,169081.14896325],[152055.47649965,169080.1404025],[152055.42003708,169078.28533889],[152053.41927955,169078.35604393],[152053.38509495,169076.09457881],[152053.35492468,169073.95023808],[152053.35293784,169073.80902349],[152053.35490911,169071.79001547],[152053.35820842,169070.78638491],[152053.3615196,169069.77914359],[152053.38208573,169068.76978749],[152053.40855532,169067.7675522],[152053.4443562,169066.76294555],[152053.49482908,169065.74813916],[152053.54497185,169064.73997036],[152053.66272168,169062.97996995],[152055.65174863,169063.10708016],[152056.07734935,169056.75544144],[152054.09998775,169056.62909443],[152054.14275959,169056.13214661],[152054.22976115,169055.12131261],[152054.69307258,169051.61988248],[152054.84485552,169050.61225795],[152055.12425046,169048.75746967],[152055.33786807,169047.33935022],[152055.56482134,169045.88846997],[152055.73923032,169045.24483453],[152056.01566839,169044.63798443],[152056.38682306,169044.08397245],[152056.84129605,169043.59888663],[152057.36818163,169043.19361445],[152057.95363097,169042.87880813],[152058.59628954,169042.67225477],[152059.26428442,169042.57500664],[152059.93915992,169042.58975059],[152060.59117816,169042.71300894],[152061.21442046,169042.94080149],[152061.7922478,169043.26704673],[152062.40439372,169043.77330908],[152062.90909061,169044.38674635],[152063.2879175,169045.08496868],[152063.52520154,169045.83387968],[152063.61738503,169046.61405508],[152063.56117723,169047.39764432],[152063.34026961,169048.56514594],[152063.25763457,169049.00187401],[152063.10363617,169049.99075209],[152062.6358238,169052.99474014],[152062.32655029,169054.98069438],[152062.04248187,169057.49947666],[152060.06111727,169057.27871727],[152059.49604151,169063.33110265],[152061.48548288,169063.46600627],[152061.37596569,169065.4875452],[152061.26679411,169067.50270497],[152061.24645112,169068.51029872],[152061.20567195,169070.53009998],[152061.18514574,169071.54676911],[152061.1983397,169073.55739202],[152061.2050262,169074.57634603],[152061.22364655,169075.58656332],[152061.22573383,169075.69980513],[152061.25284503,169076.59543022],[152061.29865646,169078.108821]]]},"geometry_name":"GEOM","properties":{"INSPIRE_ID":"https://databrussels.be/id/streetsurface/38443","TYPE":"M","STREET_ID":"https://databrussels.be/id/streetname/4000","STRNAMEFRE":"Avenue Hansen-Soulie","STRNAMEDUT":"Hansen-Soulielaan","MUNNISCODE":"21005","HIERARCHY":"DC","LVL":0,"ADMIN":"MUN_RBC","AREA":375},"bbox":[152053.35293784,169042.57500664,152063.61738503,169100.57380768]},{"type":"Feature","id":"StreetSurfaces.fid-77ff224d_1a03149e4eb_-243b","geometry":{"type":"Polygon","coordinates":[[[152190.05871102,169820.27019174],[152348.36400385,169158.61299833],[152348.85088241,169159.04615437],[152358.16,169167.328],[152368.09999545,169176.16999963],[152371.09299609,169183.97399633],[152224.86927627,169808.44236982],[152190.05871102,169820.27019174]]]},"geometry_name":"GEOM","properties":{"INSPIRE_ID":"https://databrussels.be/id/streetsurface/38611","TYPE":"RT","STREET_ID":"https://databrussels.be/id/streetname/5270","STRNAMEFRE":"Tunnel SNCB Merode","STRNAMEDUT":"Tunnel NMBS Merode","MUNNISCODE":"21005","HIERARCHY":"DR","LVL":-1,"ADMIN":"REGION_RBC","AREA":19582},"bbox":[152190.05871102,169158.61299833,152371.09299609,169820.27019174]},{"type":"Feature","id":"StreetSurfaces.fid-77ff224d_1a03149e4eb_-2419","geometry":{"type":"Polygon","coordinates":[[[152314.90890168,169312.24510189],[152301.60100229,169309.25800008],[152297.56269557,169308.40730429],[152307.78899545,169263.8810017],[152310.88300457,169250.60299508],[152314.87900066,169233.1999983],[152317.84399497,169220.18000378],[152327.17499578,169179.78159569],[152330.99300361,169182.79599576],[152340.40399561,169142.44600155],[152342.85300596,169142.96200083],[152353.9389947,169145.411003],[152314.90890168,169312.24510189]]]},"geometry_name":"GEOM","properties":{"INSPIRE_ID":"https://databrussels.be/id/streetsurface/38711","TYPE":"MS","STREET_ID":"https://databrussels.be/id/streetname/4651","STRNAMEFRE":"Station Thieffry","STRNAMEDUT":"Station Thieffry","MUNNISCODE":"21005","HIERARCHY":"DR","LVL":-1,"ADMIN":"MUN_RBC","AREA":2916},"bbox":[152297.56269557,169142.44600155,152353.9389947,169312.24510189]},{"type":"Feature","id":"StreetSurfaces.fid-77ff224d_1a03149e4eb_-243c","geometry":{"type":"Polygon","coordinates":[[[152178.47010207,169831.20319791],[152169.43520042,169824.11540012],[152174.49399399,169817.94300371],[152179.13500141,169810.20899773],[152182.35800025,169804.02099519],[152185.06500258,169798.22000457],[152188.02999689,169791.25900031],[152191.12400602,169782.10599632],[152193.8309958,169771.92200343],[152196.92500492,169759.03099627],[152200.40599575,169744.9790032],[152208.656005,169709.01299599],[152215.61699539,169679.23399413],[152223.35199939,169646.10400102],[152229.92599553,169618.00099961],[152236.75900002,169589.12499648],[152245.26700125,169551.48300128],[152248.10300584,169539.36499584],[152250.42300137,169533.56400522],[152256.61099453,169506.751002],[152277.10800037,169416.25500489],[152286.39000265,169376.54999732],[152291.82806112,169352.93897928],[152296.53659993,169332.27269467],[152301.60100229,169309.25800008],[152314.90890168,169312.24510189],[152304.73089766,169355.77700023],[152301.98799654,169355.27900035],[152287.03399762,169419.60599614],[152266.92399858,169507.65300354],[152258.67400188,169542.58799693],[152244.36500174,169602.79000256],[152248.14999675,169603.67530105],[152244.73330001,169618.83889388],[152240.88399837,169618.00099961],[152231.21600564,169660.54199635],[152220.51599479,169706.04799454],[152211.36299478,169745.23700284],[152207.62500323,169761.47999845],[152204.65999637,169774.50000543],[152198.98799973,169794.22400176],[152196.28000614,169802.86099401],[152193.95999806,169808.016998],[152189.3190032,169816.78300253],[152183.90499854,169825.16199514],[152178.47010207,169831.20319791]]]},"geometry_name":"GEOM","properties":{"INSPIRE_ID":"https://databrussels.be/id/streetsurface/38954","TYPE":"MT","STREET_ID":"https://databrussels.be/id/streetname/5377","STRNAMEFRE":"Tunnel STIB Merode - Thieffry","STRNAMEDUT":"Tunnel MIVB Merode - Thieffry","MUNNISCODE":"21005","HIERARCHY":"DR","LVL":-1,"ADMIN":"MUN_RBC","AREA":5932},"bbox":[152169.43520042,169309.25800008,152314.90890168,169831.20319791]},{"type":"Feature","id":"StreetSurfaces.fid-77ff224d_1a03149e4eb_-2381","geometry":{"type":"Polygon","coordinates":[[[152342.85300596,169142.96200083],[152350.5879974,169114.0859977],[152361.41599416,169072.4470025],[152370.56899418,169036.86799475],[152376.75699988,169011.72999479],[152382.29999425,168988.52599492],[152387.45599437,168966.2239966],[152393.64400008,168940.1839951],[152399.57400125,168914.27300589],[152405.24599789,168890.6819941],[152412.07900237,168859.48500388],[152429.48199909,168781.88000147],[152442.3730032,168723.22499648],[152449.20500388,168691.38400436],[152454.36199526,168669.08300323],[152455.53950326,168664.07680307],[152465.70600109,168666.8910035],[152464.55538268,168671.58282503],[152452.42800272,168721.03399394],[152439.92400541,168771.43799648],[152420.19999681,168861.93400606],[152414.14100592,168890.16599482],[152403.82800186,168934.64100412],[152395.70699488,168969.31799787],[152385.65199536,169012.24499687],[152377.65899938,169046.02000154],[152368.7640039,169083.4049943],[152360.51399465,169117.43700141],[152353.9389947,169145.411003],[152342.85300596,169142.96200083]]]},"geometry_name":"GEOM","properties":{"INSPIRE_ID":"https://databrussels.be/id/streetsurface/38984","TYPE":"MT","STREET_ID":"https://databrussels.be/id/streetname/5623","STRNAMEFRE":"Tunnel STIB Thieffry - Pétillon","STRNAMEDUT":"Tunnel MIVB Thieffry - Pétillon","MUNNISCODE":"21005","HIERARCHY":"DR","LVL":-1,"ADMIN":"MUN_RBC","AREA":4452},"bbox":[152342.85300596,168664.07680307,152465.70600109,169145.411003]},{"type":"Feature","id":"StreetSurfaces.fid-77ff224d_1a03149e4eb_-237f","geometry":{"type":"Polygon","coordinates":[[[152471.06267271,168908.42234163],[152473.64,168913.43000035],[152476.4,168918.82000035],[152479.15,168924.21000035],[152483.16,168932.18000035],[152487.12,168940.18000035],[152491.01,168948.20000035],[152494.68,168955.93000035],[152498.28,168963.68000035],[152501.81,168971.46000035],[152504.96,168978.56000035],[152508.04,168985.69000035],[152511.08,168992.84000035],[152512.94,168997.29000035],[152514.06,169000.00000035],[152514.78,169001.75000035],[152516.61968512,169006.2192354],[152509.35999762,169009.15000131],[152508.62085648,169009.44830483],[152508.5,169009.15000035],[152504.87,169000.00000035],[152504.16,168998.22000035],[152498.4,168984.84000035],[152488.14,168962.17000035],[152476.63,168938.02000035],[152465.05,168915.70000035],[152454.09,168895.20000035],[152451.47,168890.37000035],[152448.84,168885.55000035],[152446.19,168880.74000035],[152443.65,168876.19000035],[152441.09,168871.65000035],[152439.63828267,168869.17159319],[152441.3744158,168858.06160352],[152444.364,168863.17100035],[152451.475,168875.72500035],[152454.871,168881.65200035],[152465.651,168901.38100035],[152466.52608008,168900.9560371],[152466.8267299,168901.53132632],[152470.55972662,168908.69475485],[152471.06267271,168908.42234163]]]},"geometry_name":"GEOM","properties":{"INSPIRE_ID":"https://databrussels.be/id/streetsurface/39677","TYPE":"AC","STREET_ID":"https://databrussels.be/id/streetname/1596","STRNAMEFRE":"Boulevard Louis Schmidt","STRNAMEDUT":"Louis Schmidtlaan","MUNNISCODE":"21005","HIERARCHY":"MER","LVL":0,"ADMIN":"REGION_RBC","AREA":1315},"bbox":[152439.63828267,168858.06160352,152516.61968512,169009.44830483]},{"type":"Feature","id":"StreetSurfaces.fid-77ff224d_1a03149e4eb_-237d","geometry":{"type":"Polygon","coordinates":[[[152516.55288751,169024.69082991],[152515.99,169024.74000035],[152515.58,169024.67000035],[152515.19,169024.49000035],[152514.83,169024.21000035],[152514.53,169023.88000035],[152514.37,169023.60000035],[152514.24,169023.30000035],[152514.11,169022.99000035],[152512.36,169018.68000035],[152512.3,169018.52000035],[152508.62087596,169009.44835313],[152509.07799005,169009.26381428],[152509.35999762,169009.15000131],[152516.61968512,169006.2192354],[152517.13740949,169006.01019711],[152519.90162368,169004.89401789],[152523.20034266,169003.56084821],[152521.77,169000.00000035],[152521.3,168998.84000035],[152519.4,168994.11000035],[152517.47,168989.40000035],[152515.53,168984.78000035],[152513.56,168980.16000035],[152511.55,168975.56000035],[152509.47,168970.99000035],[152507.35,168966.44000035],[152505.24,168961.88000035],[152501.75,168954.17000035],[152498.28,168946.45000035],[152494.71,168938.78000035],[152491.66,168932.54000035],[152488.54,168926.34000035],[152485.36,168920.17000035],[152482.97,168915.64000035],[152478.13,168906.62000035],[152469.24,168889.98000035],[152469.27,168889.71000035],[152467.67,168886.55000035],[152466.08,168883.39000035],[152464.54,168880.20000035],[152463.21,168877.27000035],[152461.93,168874.32000035],[152460.7,168871.34000035],[152459.51,168868.17000035],[152458.39,168864.96000035],[152457.23,168861.77000035],[152456.26,168859.27000035],[152456.1,168858.86000035],[152455.26,168856.77000035],[152454.2413445,168854.21627128],[152454.11,168853.97000035],[152453.94,168853.66000035],[152453.83,168853.35000035],[152453.79,168853.18000035],[152453.77,168853.01000035],[152453.8,168852.88000035],[152453.9,168852.78000035],[152454.06,168852.72000035],[152454.21,168852.70000035],[152454.35,168852.76000035],[152454.48,168852.88000035],[152454.62,168852.99000035],[152456.44,168855.77000035],[152457.33,168857.17000035],[152457.9,168858.10000035],[152458.26,168858.70000035],[152459.17,168860.24000035],[152460.05,168861.79000035],[152462,168865.54000035],[152463.83,168869.35000035],[152465.67,168873.16000035],[152468.65,168879.06000035],[152471.66,168884.94000035],[152474.69,168890.81000035],[152477.78,168896.73000035],[152480.9,168902.64000035],[152484,168908.56000035],[152487.08,168914.54000035],[152490.14,168920.54000035],[152493.17,168926.55000035],[152496.33,168932.90000035],[152499.45,168939.27000035],[152502.52,168945.66000035],[152505.28,168951.56000035],[152508,168957.47000035],[152510.69,168963.40000035],[152513.1,168968.77000035],[152515.49,168974.14000035],[152517.85,168979.54000035],[152520.01,168984.58000035],[152522.14,168989.63000035],[152524.26,168994.69000035],[152525.95,168998.75000035],[152526.47,169000.00000035],[152526.82,169000.86000035],[152526.99,169001.25000035],[152527.64,169002.82000035],[152528.61,169005.16000035],[152529.32,169006.89000035],[152529.5,169007.37000035],[152529.68,169007.86000035],[152529.74087076,169008.27739982],[152529.70999999,169008.74000036],[152529.59000001,169009.14000036],[152529.42999999,169009.51000034],[152529.20999999,169009.82000035],[152528.95,169010.10000035],[152528.69000001,169010.39000036],[152518.05,169023.64000036],[152517.65,169024.01000034],[152517.25999999,169024.37000035],[152516.83,169024.63000034],[152516.55288751,169024.69082991]]]},"geometry_name":"GEOM","properties":{"INSPIRE_ID":"https://databrussels.be/id/streetsurface/39687","TYPE":"M","STREET_ID":"https://databrussels.be/id/streetname/1596","STRNAMEFRE":"Boulevard Louis Schmidt","STRNAMEDUT":"Louis Schmidtlaan","MUNNISCODE":"21005","HIERARCHY":"MAR","LVL":0,"ADMIN":"REGION_RBC","AREA":921},"bbox":[152453.77,168852.70000035,152529.74087076,169024.74000035]},{"type":"Feature","id":"StreetSurfaces.fid-77ff224d_1a03149e4eb_-23dc","geometry":{"type":"Polygon","coordinates":[[[152216.08122571,169254.10690395],[152214.71700001,169255.94700035],[152216.149,169256.89800035],[152202.60899999,169276.03800036],[152201.124,169275.03000035],[152200.02000001,169276.57800035],[152201.522,169277.57500035],[152198.3,169282.13000034],[152191.003,169292.39300036],[152189.53599999,169291.36000034],[152188.43699999,169292.94500035],[152189.91400001,169293.92600035],[152180.44000001,169307.25000035],[152178.455,169310.00400034],[152177.045,169309.00900034],[152175.74300001,169310.92600035],[152177.08800001,169311.90000035],[152171.05624402,169320.26897716],[152167.23199999,169317.57800034],[152164.28890047,169315.50738152],[152166.40820773,169312.46416127],[152165.08192344,169311.60043163],[152168.83299999,169306.20200034],[152170.355,169307.28800036],[152171.73800001,169305.29200036],[152170.24200001,169304.17400035],[152171.94000001,169301.73000034],[152188.84000001,169278.14000036],[152207.80699999,169251.29300036],[152209.346,169252.32900035],[152210.76490891,169250.32846781],[152213.56400001,169252.31800036],[152216.08122571,169254.10690395]]]},"geometry_name":"GEOM","properties":{"INSPIRE_ID":"https://databrussels.be/id/streetsurface/4044","TYPE":"S","STREET_ID":"https://databrussels.be/id/streetname/2459","STRNAMEFRE":"Rue de la Grande Haie","STRNAMEDUT":"Grote Haagstraat","MUNNISCODE":"21005","HIERARCHY":"DR","LVL":0,"ADMIN":"MUN_RBC","AREA":774},"bbox":[152164.28890047,169250.32846781,152216.149,169320.26897716]},{"type":"Feature","id":"StreetSurfaces.fid-77ff224d_1a03149e4eb_-238c","geometry":{"type":"Polygon","coordinates":[[[152286.89200001,169131.62600035],[152286.56800001,169131.17300035],[152286.277,169130.69800035],[152286.01900001,169130.20400034],[152285.797,169129.69400035],[152285.61099999,169129.16900036],[152285.46199999,169128.63200034],[152285.35,169128.08700034],[152285.277,169127.53500034],[152285.24305465,169126.97291328],[152285.248,169126.42200035],[152285.29100001,169125.86700036],[152285.373,169125.31600036],[152285.49300001,169124.77300035],[152285.651,169124.23900036],[152285.846,169123.71700036],[152286.076,169123.21000034],[152286.34200001,169122.72100035],[152286.64100001,169122.25100035],[152286.972,169121.80300035],[152287.33299999,169121.38000034],[152287.723,169120.98200034],[152288.14000001,169120.61300036],[152288.58199999,169120.27400035],[152289.046,169119.96600036],[152289.53,169119.69200035],[152290.03299999,169119.45200035],[152290.551,169119.24700035],[152291.08199999,169119.08000034],[152291.623,169118.94900035],[152292.172,169118.85700034],[152292.726,169118.80300035],[152293.28299999,169118.78800036],[152293.83900001,169118.81200034],[152294.39300001,169118.87500035],[152294.94000001,169118.97600035],[152295.479,169119.11500036],[152296.00699999,169119.29200036],[152296.522,169119.50500034],[152297.021,169119.75300035],[152297.5,169120.03500034],[152297.95999999,169120.35000035],[152298.39500001,169120.69700035],[152298.80599999,169121.07300035],[152299.19000001,169121.47600035],[152299.54400001,169121.90600034],[152299.86800001,169122.35900034],[152300.15899999,169122.83400034],[152300.41600001,169123.32700035],[152300.63900001,169123.83800036],[152300.825,169124.36300036],[152300.974,169124.89900035],[152301.08499999,169125.44500035],[152301.15799999,169125.99700035],[152301.19300001,169126.55200035],[152301.18800001,169127.10900034],[152301.14500001,169127.66400036],[152301.06300001,169128.21500036],[152300.94200001,169128.75900034],[152300.78499999,169129.29300036],[152300.59000001,169129.81500036],[152300.35899999,169130.32100035],[152300.09400001,169130.81100034],[152299.795,169131.28100034],[152299.46400001,169131.72800035],[152299.103,169132.15200035],[152298.71300001,169132.54900035],[152298.296,169132.91900035],[152297.854,169133.25800034],[152297.39000001,169133.56500036],[152296.90599999,169133.84000036],[152296.403,169134.08000034],[152295.88499999,169134.28400034],[152295.354,169134.45200035],[152294.81300001,169134.58200034],[152294.26400001,169134.67500035],[152293.70899999,169134.72800035],[152293.153,169134.74300036],[152292.596,169134.71900035],[152292.41500001,169134.70300035],[152292.04300001,169134.65600034],[152291.496,169134.55500034],[152290.95599999,169134.41600036],[152290.428,169134.24000036],[152289.91400001,169134.02700035],[152289.41500001,169133.77900035],[152288.93499999,169133.49600035],[152288.476,169133.18100034],[152288.04000001,169132.83500034],[152287.63,169132.45900034],[152287.246,169132.05500034],[152286.89200001,169131.62600035]]]},"geometry_name":"GEOM","properties":{"INSPIRE_ID":"https://databrussels.be/id/streetsurface/41092","TYPE":"P","STREET_ID":"https://databrussels.be/id/streetname/1707","STRNAMEFRE":"Place du Quatre Août","STRNAMEDUT":"Vier Augustusplein","MUNNISCODE":"21005","HIERARCHY":"DC","LVL":0,"ADMIN":"MUN_RBC","AREA":200},"bbox":[152285.24305465,169118.78800036,152301.19300001,169134.74300036]},{"type":"Feature","id":"StreetSurfaces.fid-77ff224d_1a03149e4eb_-23a1","geometry":{"type":"Polygon","coordinates":[[[152233.87000001,169120.93000034],[152238.58,169121.14000036],[152245.45,169121.53000035],[152251.64000001,169121.97000035],[152257.83,169122.47000035],[152262.36764486,169122.8749797],[152266.03750718,169123.20251051],[152274.06800001,169123.92800035],[152277.21500001,169124.21100034],[152277.32000001,169124.23300034],[152277.41800001,169124.26100034],[152277.51300001,169124.29600035],[152277.60599999,169124.33700034],[152277.696,169124.38500034],[152277.78199999,169124.43900036],[152277.86500001,169124.49900035],[152277.94300001,169124.56400036],[152278.01600001,169124.63500034],[152278.08399999,169124.71100034],[152278.146,169124.79100036],[152278.203,169124.87500035],[152278.254,169124.96300036],[152278.299,169125.05500034],[152278.33699999,169125.14900035],[152278.36800001,169125.24600035],[152278.39300001,169125.34500035],[152278.40999999,169125.44500035],[152278.421,169125.54600035],[152278.424,169125.64800035],[152278.421,169125.74900035],[152278.40999999,169125.85000035],[152278.39200001,169125.95100035],[152278.36800001,169126.04900035],[152278.33599999,169126.14600035],[152278.298,169126.24000036],[152278.254,169126.33200034],[152278.203,169126.42000036],[152278.146,169126.50400035],[152278.08299999,169126.58400034],[152278.01500001,169126.66000034],[152277.94200001,169126.73100034],[152277.86400001,169126.79600035],[152277.78199999,169126.85600034],[152277.69500001,169126.91000034],[152277.605,169126.95700034],[152277.51199999,169126.99900035],[152277.41700001,169127.03300034],[152277.31900001,169127.06100034],[152277.22000001,169127.08200034],[152277.11900001,169127.09700035],[152277.01700001,169127.10400034],[152273.78099999,169126.84800035],[152265.63737004,169126.06737677],[152262.3141562,169125.76957573],[152258.19000001,169125.40000035],[152252.83,169124.91000034],[152247.45999999,169124.49000036],[152241.52000001,169124.13000034],[152235.56894465,169123.87459025],[152233.78964698,169123.79822554],[152232.2,169123.73000034],[152229.62946851,169123.65933282],[152223.47000001,169123.49000036],[152217.32000001,169123.42000035],[152211.15999999,169123.45000035],[152205.69000001,169123.58000034],[152201.22017298,169123.75443262],[152200.2205246,169123.79344329],[152199.54000001,169123.82000035],[152196.83001962,169123.88376962],[152195.7815901,169123.94046067],[152193.30442014,169124.07440712],[152192.72956553,169124.10549087],[152191.71603305,169124.16029495],[152189.6994837,169124.29407174],[152185.64599025,169124.56297826],[152183.63124042,169124.72038864],[152181.60128503,169124.86764833],[152179.54446607,169125.01685678],[152177.04706667,169125.26378807],[152174.6494451,169125.50085379],[152171.63591006,169125.7259103],[152167.99829364,169126.02904316],[152167.70687296,169126.03078024],[152167.42029736,169125.97783269],[152167.14873652,169125.87207953],[152166.90182734,169125.71727359],[152166.68248532,169125.51230847],[152166.50685966,169125.26883926],[152166.38156388,169124.99603421],[152166.3113162,169124.70416628],[152166.31103647,169124.46382055],[152166.35011349,169124.22667264],[152166.42749255,169123.99912347],[152166.54108508,169123.78731488],[152166.68782506,169123.59696385],[152166.85656257,169123.43890952],[152167.04809341,169123.30941264],[152167.25763392,169123.21170754],[152167.47995057,169123.1482345],[152167.71008358,169123.12700593],[152171.2620188,169122.79935855],[152174.2760509,169122.53794901],[152176.75681791,169122.31708929],[152179.77751563,169122.04816014],[152182.41119401,169121.80067264],[152184.43004167,169121.65708302],[152185.2370599,169121.59968423],[152187.4573817,169121.44176487],[152189.49167106,169121.29707696],[152192.53740156,169121.11850847],[152194.55850885,169121.00001275],[152196.58029671,169120.88147711],[152202.5,169120.78000035],[152209.94000001,169120.61000034],[152217.38,169120.56000034],[152224.82000001,169120.64000036],[152231.69934492,169120.86044344],[152232.29936967,169120.87967075],[152233.87000001,169120.93000034]]]},"geometry_name":"GEOM","properties":{"INSPIRE_ID":"https://databrussels.be/id/streetsurface/41093","TYPE":"M","STREET_ID":"https://databrussels.be/id/streetname/3339","STRNAMEFRE":"Avenue du Front","STRNAMEDUT":"Frontlaan","MUNNISCODE":"21005","HIERARCHY":"DC","LVL":0,"ADMIN":"MUN_RBC","AREA":324},"bbox":[152166.31103647,169120.56000034,152278.424,169127.10400034]},{"type":"Feature","id":"StreetSurfaces.fid-77ff224d_1a03149e4eb_-2456","geometry":{"type":"Polygon","coordinates":[[[152391.24400001,169198.27700035],[152389.75699999,169200.14600035],[152389.272,169199.13200034],[152388.652,169198.08500034],[152388.005,169197.24000036],[152387.08399999,169196.28100034],[152388.05899999,169195.77500035],[152391.10799999,169194.27700035],[152392.18099999,169193.65700034],[152392.82176106,169193.41021027],[152393.38900001,169193.39200036],[152393.70699999,169193.54100036],[152393.952,169193.83000034],[152394.02048271,169194.37147023],[152393.89400001,169194.96900036],[152393.121,169195.90800034],[152391.24400001,169198.27700035]]]},"geometry_name":"GEOM","properties":{"INSPIRE_ID":"https://databrussels.be/id/streetsurface/41094","TYPE":"M","STREET_ID":"https://databrussels.be/id/streetname/3029","STRNAMEFRE":"Rue de l'Escadron","STRNAMEDUT":"Eskadronstraat","MUNNISCODE":"21005","HIERARCHY":"DC","LVL":0,"ADMIN":"MUN_RBC","AREA":21},"bbox":[152387.08399999,169193.39200036,152394.02048271,169200.14600035]},{"type":"Feature","id":"StreetSurfaces.fid-77ff224d_1a03149e4eb_-2417","geometry":{"type":"Polygon","coordinates":[[[152321.04200001,169155.48900036],[152306.67,169142.70000035],[152303.58299999,169139.95300035],[152303.504,169139.88700034],[152303.429,169139.81700036],[152303.35999999,169139.74100036],[152303.295,169139.66100034],[152303.23699999,169139.57600035],[152303.18499999,169139.48800036],[152303.13900001,169139.39600035],[152303.099,169139.30100035],[152303.06600001,169139.20400034],[152303.04000001,169139.10500034],[152303.022,169139.00400034],[152303.00999999,169138.90200035],[152303.005,169138.79900035],[152303.00699999,169138.69600035],[152303.01700001,169138.59400035],[152303.03399999,169138.49300036],[152303.05799999,169138.39300036],[152303.08800001,169138.29500035],[152303.126,169138.19900035],[152303.17,169138.10600034],[152303.22000001,169138.01700036],[152303.277,169137.93100034],[152303.40315602,169137.77635309],[152303.48,169137.70000035],[152303.55799999,169137.63300034],[152303.64000001,169137.57200035],[152303.727,169137.51600036],[152303.81700001,169137.46700036],[152303.91099999,169137.42400035],[152304.00699999,169137.38800036],[152304.105,169137.35900034],[152304.205,169137.33600034],[152304.30699999,169137.32100035],[152304.40899999,169137.31300036],[152304.51199999,169137.31200034],[152304.61500001,169137.31800036],[152304.71700001,169137.33100034],[152304.81700001,169137.35100035],[152304.91600001,169137.37800035],[152305.01300001,169137.41200034],[152305.10799999,169137.45300035],[152305.199,169137.50000035],[152305.28699999,169137.55400034],[152305.37000001,169137.61300036],[152305.45,169137.67800035],[152305.527,169137.75100035],[152308.56800001,169140.44500035],[152320.85599999,169151.32400035],[152321.04200001,169155.48900036]]]},"geometry_name":"GEOM","properties":{"INSPIRE_ID":"https://databrussels.be/id/streetsurface/41095","TYPE":"M","STREET_ID":"https://databrussels.be/id/streetname/3335","STRNAMEFRE":"Pont Fernand Demany","STRNAMEDUT":"Fernand Demanybrug","MUNNISCODE":"21005","HIERARCHY":"DC","LVL":0,"ADMIN":"MUN_RBC","AREA":69},"bbox":[152303.005,169137.31200034,152321.04200001,169155.48900036]},{"type":"Feature","id":"StreetSurfaces.fid-77ff224d_1a03149e4eb_-245f","geometry":{"type":"Polygon","coordinates":[[[152382.1,169206.49000036],[152381.60999999,169207.37000035],[152380.90999999,169208.15000035],[152380.09000001,169208.70000035],[152379.13,169208.97000035],[152378.04000001,169209.00000035],[152377.04000001,169208.79000036],[152376.25999999,169208.39000036],[152375.53,169207.82000035],[152374.97000001,169207.15000035],[152374.58,169206.21000034],[152374.40999999,169205.14000036],[152374.49000001,169204.13000034],[152374.85,169203.22000035],[152375.48393352,169202.32027964],[152376.17,169201.70000035],[152376.92999999,169201.31000034],[152377.79000001,169201.07000035],[152378.64000001,169201.01000034],[152379.42999999,169201.17000035],[152380.22000001,169201.49000036],[152380.9,169201.94000036],[152381.47000001,169202.53000035],[152381.94000001,169203.24000036],[152382.24000001,169204.00000035],[152382.35999999,169204.82000035],[152382.30999999,169205.69000036],[152382.1,169206.49000036]]]},"geometry_name":"GEOM","properties":{"INSPIRE_ID":"https://databrussels.be/id/streetsurface/41106","TYPE":"M","STREET_ID":"https://databrussels.be/id/streetname/3353","STRNAMEFRE":"Avenue de l'Armée","STRNAMEDUT":"Legerlaan","MUNNISCODE":"21005","HIERARCHY":"DC","LVL":0,"ADMIN":"MUN_RBC","AREA":50},"bbox":[152374.40999999,169201.01000034,152382.35999999,169209.00000035]},{"type":"Feature","id":"StreetSurfaces.fid-77ff224d_1a03149e4eb_-2411","geometry":{"type":"Polygon","coordinates":[[[152325.87000001,169159.82000035],[152325.69200001,169155.74800035],[152354.54000001,169181.48800036],[152354.623,169181.61500036],[152354.672,169181.70600034],[152354.71400001,169181.80000035],[152354.749,169181.89700035],[152354.778,169181.99600035],[152354.799,169182.09700035],[152354.81400001,169182.19900035],[152354.821,169182.30200035],[152354.822,169182.40500034],[152354.81500001,169182.50800034],[152354.8,169182.61000034],[152354.779,169182.71100034],[152354.751,169182.81000034],[152354.71600001,169182.90700034],[152354.674,169183.00100035],[152354.626,169183.09200036],[152354.571,169183.18000034],[152354.51099999,169183.26300036],[152354.44500001,169183.34200036],[152354.373,169183.41600036],[152354.297,169183.48600034],[152354.21600001,169183.54900035],[152354.13,169183.60700034],[152354.04100001,169183.65900034],[152353.949,169183.70400035],[152353.853,169183.74300036],[152353.755,169183.77500035],[152353.655,169183.80000035],[152353.554,169183.81800035],[152353.451,169183.82900035],[152353.348,169183.83300034],[152353.24500001,169183.82900034],[152353.14300001,169183.81900036],[152353.04100001,169183.80100035],[152352.94100001,169183.77600035],[152352.84300001,169183.74500035],[152352.747,169183.70600034],[152352.655,169183.66100034],[152352.56500001,169183.61000034],[152352.48,169183.55200035],[152325.87000001,169159.82000035]]]},"geometry_name":"GEOM","properties":{"INSPIRE_ID":"https://databrussels.be/id/streetsurface/41107","TYPE":"M","STREET_ID":"https://databrussels.be/id/streetname/3335","STRNAMEFRE":"Pont Fernand Demany","STRNAMEDUT":"Fernand Demanybrug","MUNNISCODE":"21005","HIERARCHY":"DC","LVL":0,"ADMIN":"MUN_RBC","AREA":111},"bbox":[152325.69200001,169155.74800035,152354.822,169183.83300034]},{"type":"Feature","id":"StreetSurfaces.fid-77ff224d_1a03149e4eb_-23e3","geometry":{"type":"Polygon","coordinates":[[[152124.48275588,169386.21271257],[152120.60999999,169383.45800034],[152117.7736084,169381.44033405],[152118.09400001,169381.19500035],[152119.38699999,169379.31200034],[152117.779,169378.16600036],[152117.85,169378.04000036],[152127.50899999,169364.56800035],[152131.05899999,169359.61500036],[152135.2,169353.84000036],[152151.58800001,169330.41300036],[152153.198,169331.50400035],[152154.572,169329.61800036],[152156.38073349,169327.02092899],[152159.122,169328.95000035],[152161.74713476,169330.79664403],[152160.85516796,169331.90632528],[152159.81700001,169333.37800035],[152158.46500001,169335.27700035],[152159.79400001,169336.20900034],[152153.78,169344.74000036],[152140.42999999,169363.75000035],[152126.224,169383.75700034],[152124.84000001,169382.82900035],[152123.50899999,169384.69100036],[152124.873,169385.66000034],[152124.48275588,169386.21271257]]]},"geometry_name":"GEOM","properties":{"INSPIRE_ID":"https://databrussels.be/id/streetsurface/4226","TYPE":"S","STREET_ID":"https://databrussels.be/id/streetname/2459","STRNAMEFRE":"Rue de la Grande Haie","STRNAMEDUT":"Grote Haagstraat","MUNNISCODE":"21005","HIERARCHY":"DR","LVL":0,"ADMIN":"MUN_RBC","AREA":641},"bbox":[152117.7736084,169327.02092899,152161.74713476,169386.21271257]},{"type":"Feature","id":"StreetSurfaces.fid-77ff224d_1a03149e4eb_-246c","geometry":{"type":"Polygon","coordinates":[[[152364.00712509,169265.60542812],[152367.35799999,169266.39600035],[152370.92499547,169267.23809022],[152368.38,169277.94000036],[152363.37000001,169299.13000034],[152358.60999999,169320.14000036],[152353.02000001,169343.68000034],[152350.076,169356.13600034],[152348.571,169355.81000034],[152347.80210035,169358.92224549],[152345.68599999,169358.43600034],[152344.29042101,169358.11536483],[152345.053,169355.18600034],[152343.14300001,169354.73800036],[152346.39000001,169340.89000036],[152358.5,169288.90000035],[152364.00712509,169265.60542812]]]},"geometry_name":"GEOM","properties":{"INSPIRE_ID":"https://databrussels.be/id/streetsurface/4696","TYPE":"S","STREET_ID":"https://databrussels.be/id/streetname/5326","STRNAMEFRE":"Rue Père de Deken","STRNAMEDUT":"Pater de Dekenstraat","MUNNISCODE":"21005","HIERARCHY":"DR","LVL":0,"ADMIN":"MUN_RBC","AREA":662},"bbox":[152343.14300001,169265.60542812,152370.92499547,169358.92224549]},{"type":"Feature","id":"StreetSurfaces.fid-77ff224d_1a03149e4eb_-243a","geometry":{"type":"Polygon","coordinates":[[[152293.10532411,169478.92278721],[152308.0065639,169482.22589537],[152308.7885639,169483.28089537],[152309.42348455,169483.42883368],[152307.388,169492.217],[152307.021,169493.802],[152305.36228182,169500.96367132],[152297.39954083,169499.12910095],[152297.92026515,169496.86895712],[152289.44104748,169494.65630774],[152293.10532411,169478.92278721]]]},"geometry_name":"GEOM","properties":{"INSPIRE_ID":"https://databrussels.be/id/streetsurface/47805","TYPE":"P","STREET_ID":"https://databrussels.be/id/streetname/4488","STRNAMEFRE":"Cours Saint Michel","STRNAMEDUT":"Sint Michielswarande","MUNNISCODE":"21005","HIERARCHY":"DR","LVL":0,"ADMIN":"MUN_RBC","AREA":296},"bbox":[152289.44104748,169478.92278721,152309.42348455,169500.96367132]},{"type":"Feature","id":"StreetSurfaces.fid-77ff224d_1a03149e4eb_-2436","geometry":{"type":"Polygon","coordinates":[[[152312.89822335,169493.49306959],[152313.328,169491.70200035],[152311.05699999,169491.21000034],[152313.89000001,169478.82000035],[152318.57000001,169458.75000035],[152325.22000001,169430.82000035],[152332.24000001,169400.76000034],[152336.577,169382.56000034],[152338.45699999,169382.97800035],[152339.86485572,169377.36532749],[152341.174,169377.66600036],[152343.35065939,169378.16623031],[152341.80999999,169383.69700035],[152343.44400001,169384.13500034],[152337.12000001,169410.56000034],[152331.70999999,169434.42000035],[152324.07000001,169467.09000036],[152321.50999999,169478.12000035],[152318.09000001,169493.05000035],[152316.55899999,169492.68400034],[152316.25390017,169494.27026276],[152314.01199999,169493.75100035],[152312.89822335,169493.49306959]]]},"geometry_name":"GEOM","properties":{"INSPIRE_ID":"https://databrussels.be/id/streetsurface/4823","TYPE":"S","STREET_ID":"https://databrussels.be/id/streetname/5326","STRNAMEFRE":"Rue Père de Deken","STRNAMEDUT":"Pater de Dekenstraat","MUNNISCODE":"21005","HIERARCHY":"DR","LVL":0,"ADMIN":"MUN_RBC","AREA":824},"bbox":[152311.05699999,169377.36532749,152343.44400001,169494.27026276]},{"type":"Feature","id":"StreetSurfaces.fid-77ff224d_1a03149e4eb_-2430","geometry":{"type":"Polygon","coordinates":[[[152357.94050643,169371.03025006],[152348.8,169373.97900035],[152345.22000001,169375.11900035],[152344.64200001,169375.64300035],[152344.15599999,169376.26500036],[152343.60699999,169377.24600035],[152343.35065939,169378.16623031],[152341.174,169377.66600036],[152339.86485572,169377.36532749],[152341.08499999,169372.50100035],[152339.08299999,169372.04500035],[152341.602,169361.31000034],[152343.35699999,169361.70100035],[152344.29042101,169358.11536483],[152345.68599999,169358.43600034],[152347.80210035,169358.92224549],[152347.43800001,169360.39600035],[152347.35699999,169360.73200034],[152347.299,169361.07300035],[152347.26600001,169361.41700036],[152347.25599999,169361.76200034],[152347.271,169362.10700034],[152347.30899999,169362.45100035],[152347.372,169362.79100036],[152347.45799999,169363.12500035],[152347.56700001,169363.45300035],[152347.699,169363.77300035],[152347.853,169364.08200034],[152348.028,169364.38000034],[152348.223,169364.66500036],[152348.43800001,169364.93600034],[152348.671,169365.19100036],[152348.921,169365.42900034],[152349.18800001,169365.65000035],[152349.46900001,169365.85100035],[152349.76300001,169366.03200034],[152350.06900001,169366.19200035],[152350.38599999,169366.33000034],[152350.71199999,169366.44600035],[152351.045,169366.53900036],[152351.38299999,169366.60800034],[152351.60599999,169366.64000036],[152352.76600001,169366.77600035],[152354.44400001,169366.74000036],[152356.40743039,169366.34452266],[152357.13,169368.55300035],[152357.94050643,169371.03025006]]]},"geometry_name":"GEOM","properties":{"INSPIRE_ID":"https://databrussels.be/id/streetsurface/5158","TYPE":"I","STREET_ID":"https://databrussels.be/id/streetname/5326","STRNAMEFRE":"Rue Père de Deken","STRNAMEDUT":"Pater de Dekenstraat","MUNNISCODE":"21005","HIERARCHY":"DR","LVL":0,"ADMIN":"MUN_RBC","AREA":182},"bbox":[152339.08299999,169358.11536483,152357.94050643,169378.16623031]},{"type":"Feature","id":"StreetSurfaces.fid-77ff224d_1a03149e4eb_-2406","geometry":{"type":"Polygon","coordinates":[[[152148.96481268,169073.31575493],[152153.404,169075.54500035],[152157.97135172,169077.83860664],[152154.68339009,169084.32876183],[152152.90375254,169083.44062549],[152151.3296634,169086.58582052],[152150.92018969,169088.11290471],[152150.99372759,169089.69591817],[152151.47479246,169091.19552178],[152152.33289857,169092.53884195],[152152.78210485,169093.05176622],[152153.47019,169093.78809966],[152153.81768773,169094.14519185],[152155.25863009,169092.74775428],[152155.76561697,169093.21513156],[152154.772,169094.51700036],[152150.70310555,169099.4071267],[152150.46874452,169099.19138853],[152149.63662088,169098.57855288],[152148.78629329,169098.04952256],[152147.86942365,169097.61805991],[152146.88498364,169097.28260328],[152145.90275033,169097.05204941],[152144.89093564,169096.93449094],[152143.88838692,169096.9055642],[152142.86759219,169096.93761951],[152136.777473,169097.51043755],[152134.02112834,169097.77444121],[152133.83199999,169095.86500036],[152133.6200964,169093.68174934],[152136.25682018,169093.43254057],[152138.25687418,169093.24665419],[152139.26246247,169093.14443385],[152139.76364577,169093.07142955],[152141.30031352,169092.68814711],[152142.67128649,169091.90026035],[152143.53038626,169090.98236097],[152144.11696258,169090.03981144],[152144.49272549,169089.08836459],[152144.77816207,169088.11040196],[152145.01567726,169087.14341871],[152145.27231429,169086.16832315],[152145.56145127,169085.20892417],[152145.89718411,169084.25461017],[152146.26867735,169083.33444222],[152146.6646853,169082.42311277],[152147.5422049,169080.70279912],[152145.75579014,169079.7949614],[152148.80048165,169073.643439],[152148.96481268,169073.31575493]]]},"geometry_name":"GEOM","properties":{"INSPIRE_ID":"https://databrussels.be/id/streetsurface/5172","TYPE":"I","STREET_ID":"https://databrussels.be/id/streetname/4032","STRNAMEFRE":"Rue de Tervaete","STRNAMEDUT":"Tervaetestraat","MUNNISCODE":"21005","HIERARCHY":"DC","LVL":0,"ADMIN":"MUN_RBC","AREA":240},"bbox":[152133.6200964,169073.31575493,152157.97135172,169099.4071267]},{"type":"Feature","id":"StreetSurfaces.fid-77ff224d_1a03149e4eb_-2424","geometry":{"type":"Polygon","coordinates":[[[152214.52311013,169232.19268722],[152214.94000001,169232.73200034],[152215.98900001,169234.13000034],[152216.58216467,169234.77078606],[152217.06053734,169235.05122045],[152217.69402862,169235.33926338],[152218.36088574,169235.55390851],[152219.09701121,169235.63402676],[152219.83710675,169235.63754653],[152220.35780616,169235.52089528],[152220.98511219,169235.25924849],[152221.68959198,169234.74278537],[152223.83776421,169231.8415393],[152226.551,169233.77000035],[152230.54298759,169236.60672433],[152217.51300001,169254.96900035],[152216.15899999,169254.00200035],[152216.08122571,169254.10690395],[152213.56400001,169252.31800036],[152210.76490891,169250.32846781],[152211.63410084,169248.96835853],[152212.08826187,169247.80591113],[152212.28140714,169247.1121066],[152212.2636996,169246.57492804],[152212.21666627,169246.23129334],[152211.93653381,169245.48230323],[152211.56315446,169244.69132198],[152210.69000001,169243.29000036],[152209.99000001,169242.29000036],[152208.97388165,169241.03393618],[152211.73299999,169236.63800036],[152214.52311013,169232.19268722]]]},"geometry_name":"GEOM","properties":{"INSPIRE_ID":"https://databrussels.be/id/streetsurface/5368","TYPE":"I","STREET_ID":"https://databrussels.be/id/streetname/1155","STRNAMEFRE":"Rue Bruylants","STRNAMEDUT":"Bruylantsstraat","MUNNISCODE":"21005","HIERARCHY":"DR","LVL":0,"ADMIN":"MUN_RBC","AREA":267},"bbox":[152208.97388165,169231.8415393,152230.54298759,169254.96900035]},{"type":"Feature","id":"StreetSurfaces.fid-77ff224d_1a03149e4eb_-23ca","geometry":{"type":"Polygon","coordinates":[[[152066.879,169248.18500034],[152061.83799531,169246.5363068],[152062.30511756,169246.0749304],[152062.53740232,169245.64789194],[152063.46372182,169242.57916202],[152064.20463176,169240.10006262],[152065.8415724,169234.00709914],[152066.27000001,169232.28000035],[152066.85,169229.68000034],[152067.37000001,169227.07000035],[152067.92,169224.22000035],[152068.40999999,169221.36000034],[152068.84000001,169218.48000034],[152069.20999999,169215.64000036],[152069.52000001,169212.79000036],[152069.54000001,169212.67000035],[152069.67,169211.14000036],[152069.78,169209.93000034],[152070,169206.90000035],[152070.15999999,169203.86000034],[152070.27000001,169200.82000035],[152070.33,169197.69000036],[152070.33,169194.56000034],[152070.27000001,169191.43000034],[152070.12000001,169188.37000035],[152069.9,169185.31000034],[152069.71328383,169183.02166344],[152069.49425595,169180.65198556],[152076.05784786,169180.08397702],[152076.23854568,169182.25458087],[152076.74842665,169191.89504594],[152076.62193494,169201.33871605],[152076.23,169206.81000034],[152076.14000001,169208.65000035],[152076.00999999,169210.50000035],[152075.84000001,169212.28000034],[152075.65,169214.06000034],[152075.45,169215.84000036],[152075.28,169217.43000034],[152075.10999999,169219.01000034],[152074.90999999,169220.59000036],[152074.62000001,169222.46000034],[152074.3,169224.33000034],[152073.95999999,169226.20000035],[152073.37000001,169229.64000036],[152072.74000001,169233.07000035],[152071.98,169236.48000034],[152071.47000001,169238.38000034],[152070.90999999,169240.27000036],[152070.35,169242.17000035],[152069.85,169243.90000035],[152069.58900001,169244.80200035],[152068.074,169244.27800034],[152067.073,169247.61400036],[152066.96600001,169247.89600035],[152066.879,169248.18500034]]]},"geometry_name":"GEOM","properties":{"INSPIRE_ID":"https://databrussels.be/id/streetsurface/545","TYPE":"S","STREET_ID":"https://databrussels.be/id/streetname/3071","STRNAMEFRE":"Avenue Edouard de Thibault","STRNAMEDUT":"Edouard de Thibaultlaan","MUNNISCODE":"21005","HIERARCHY":"DR","LVL":0,"ADMIN":"MUN_RBC","AREA":429},"bbox":[152061.83799531,169180.08397702,152076.74842665,169248.18500034]},{"type":"Feature","id":"StreetSurfaces.fid-77ff224d_1a03149e4eb_-23ea","geometry":{"type":"Polygon","coordinates":[[[152070.56682458,169254.25495676],[152076.33800001,169258.43100034],[152077.38699999,169256.87900034],[152082.102,169260.23700034],[152081.49300001,169261.06700036],[152081.672,169262.09600035],[152082.84500001,169262.99700035],[152083.90799999,169262.77600035],[152084.553,169261.98200034],[152094.23699999,169268.88000034],[152093.696,169269.69300036],[152093.873,169270.82400035],[152094.85,169271.55700034],[152096.06800001,169271.41900035],[152096.673,169270.61400036],[152106.175,169277.38200034],[152106.35799999,169277.51200034],[152105.15699999,169279.05400034],[152110.13900001,169282.60000035],[152111.33299999,169281.05500034],[152121.023,169287.95600034],[152120.37000001,169288.83600034],[152120.499,169289.83100034],[152121.723,169290.70700034],[152122.68900001,169290.45500034],[152123.36800001,169289.62600035],[152133.05,169296.52200035],[152132.299,169297.57500035],[152132.58499999,169298.50800034],[152133.74200001,169299.33200034],[152134.69000001,169299.19000036],[152135.43599999,169298.22100035],[152145.31400001,169305.25600034],[152144.674,169306.12400035],[152144.66199999,169307.27300035],[152145.772,169308.09300035],[152146.75699999,169308.06600036],[152147.71400001,169306.96600036],[152157.274,169313.77400035],[152156.10999999,169315.41400036],[152158.30447423,169316.82118134],[152156.85999999,169318.82000035],[152155.49134586,169320.71403028],[152155.20599999,169320.50600034],[152153.451,169319.22800035],[152152.41600001,169320.68200034],[152142.55899999,169313.60600034],[152143.18099999,169312.63200034],[152143.026,169311.79800035],[152141.90599999,169311.00400034],[152140.847,169311.22000035],[152140.29300001,169311.97900034],[152130.48900001,169304.94000036],[152131.16300001,169304.00900034],[152131.025,169303.09800035],[152129.72000001,169302.26000034],[152128.78699999,169302.54500035],[152128.25799999,169303.33800036],[152118.36300001,169296.23300034],[152118.996,169295.25900034],[152118.88199999,169294.52700035],[152117.56500001,169293.61600036],[152116.752,169293.75900034],[152116.13800001,169294.63600034],[152106.56500001,169287.76300036],[152107.553,169286.39600035],[152102.56500001,169282.71400036],[152101.499,169284.27400035],[152091.70999999,169277.32000035],[152092.42999999,169276.24800035],[152092.15999999,169275.41600036],[152090.923,169274.57800035],[152090.10999999,169274.73800036],[152089.398,169275.67700035],[152079.54200001,169268.67500035],[152080.31600001,169267.53100034],[152080.16900001,169266.66300036],[152078.93099999,169265.85000035],[152077.99200001,169265.93300034],[152077.198,169267.01000034],[152072.55499999,169263.71100034],[152073.75,169261.95000035],[152069.8427618,169259.19234415],[152070.16500001,169256.99500035],[152070.56682458,169254.25495676]]]},"geometry_name":"GEOM","properties":{"INSPIRE_ID":"https://databrussels.be/id/streetsurface/5461","TYPE":"S","STREET_ID":"https://databrussels.be/id/streetname/3211","STRNAMEFRE":"Rue Fort de Boncelles","STRNAMEDUT":"Fort van Boncellesstraat","MUNNISCODE":"21005","HIERARCHY":"DR","LVL":0,"ADMIN":"MUN_RBC","AREA":786},"bbox":[152069.8427618,169254.25495676,152158.30447423,169320.71403028]},{"type":"Feature","id":"StreetSurfaces.fid-77ff224d_1a03149e4eb_-2477","geometry":{"type":"Polygon","coordinates":[[[152459.16418016,169472.05254084],[152459.30999999,169472.26000034],[152459.58,169472.41000034],[152461.17,169473.20000035],[152466.53,169489.29000036],[152474.7,169513.68000034],[152481.55,169534.50000035],[152489.02000001,169557.19000036],[152492.2,169567.43000034],[152491.25999999,169568.89000036],[152491.48436339,169569.41011545],[152488.58699999,169570.34400035],[152485.81434875,169571.23808423],[152485.69000001,169570.42000035],[152485.39000001,169569.37000035],[152483.28,169568.41000034],[152481.73,169563.69000036],[152475.50999999,169545.13000034],[152466.90999999,169518.86000034],[152461.52000001,169501.90000035],[152452.89000001,169476.08000034],[152453.55999999,169474.38000034],[152453.41561756,169474.06029636],[152456.48599999,169472.98800036],[152459.16418016,169472.05254084]]]},"geometry_name":"GEOM","properties":{"INSPIRE_ID":"https://databrussels.be/id/streetsurface/5462","TYPE":"S","STREET_ID":"https://databrussels.be/id/streetname/3353","STRNAMEFRE":"Avenue de l'Armée","STRNAMEDUT":"Legerlaan","MUNNISCODE":"21005","HIERARCHY":"DC","LVL":0,"ADMIN":"MUN_RBC","AREA":905},"bbox":[152452.89000001,169472.05254084,152492.2,169571.23808423]},{"type":"Feature","id":"StreetSurfaces.fid-77ff224d_1a03149e4eb_-23c0","geometry":{"type":"Polygon","coordinates":[[[152033.43479967,169480.71828817],[152030.94400001,169484.05400034],[152029.51093752,169485.97351836],[152026.33299999,169483.97600035],[152025.48,169485.34000036],[152024.47000001,169484.72000035],[152023.45999999,169484.09000036],[152021.47000001,169482.73000034],[152019.50999999,169481.31000034],[152017.57000001,169479.87000035],[152015.72000001,169478.48000034],[152013.88,169477.08000034],[152012.05999999,169475.66000034],[152010.15999999,169474.13000034],[152008.29000001,169472.57000035],[152006.42999999,169470.99000036],[152004.45999999,169469.27000035],[152002.5,169467.52000035],[152000.55999999,169465.76000034],[152000,169465.24000036],[151998.62000001,169463.97000035],[151996.67999999,169462.17000035],[151994.77000001,169460.34000036],[151992.05,169457.72000035],[151989.35999999,169455.05000035],[151986.78,169452.30000035],[151984.72000001,169449.83000034],[151983.725,169448.56500036],[151976.00999999,169439.49500035],[151975.22000001,169438.40000035],[151973.65999999,169436.21000034],[151972.28,169434.36000034],[151970.90999999,169432.51000034],[151969.59000001,169430.63000034],[151968.75999999,169429.35000035],[151967.14000001,169426.77000035],[151966.60999999,169426.05000035],[151965.63673623,169424.44303762],[151967.17305319,169423.47812838],[151966.15369649,169421.99125665],[151965.729372,169421.37232112],[151965.31908667,169420.94718966],[151966.502,169417.97600035],[151967.76337058,169414.80736042],[151970.42229843,169419.04469589],[151971.37836671,169420.56831078],[151972.7524328,169419.82552101],[151976.28,169425.38000034],[151981.45999999,169432.82000035],[151986.15,169439.13000034],[151991.77000001,169445.46000034],[152000,169453.86000034],[152005.85999999,169459.83000034],[152016.23,169468.74000036],[152025.19000001,169475.40000035],[152033.17999999,169480.56000034],[152033.43479967,169480.71828817]]]},"geometry_name":"GEOM","properties":{"INSPIRE_ID":"https://databrussels.be/id/streetsurface/5557","TYPE":"S","STREET_ID":"https://databrussels.be/id/streetname/494","STRNAMEFRE":"Rue de la Gare","STRNAMEDUT":"Stationstraat","MUNNISCODE":"21005","HIERARCHY":"DR","LVL":0,"ADMIN":"MUN_RBC","AREA":745},"bbox":[151965.31908667,169414.80736042,152033.43479967,169485.97351836]},{"type":"Feature","id":"StreetSurfaces.fid-77ff224d_1a03149e4eb_-23f8","geometry":{"type":"Polygon","coordinates":[[[152051.79096975,169259.93458773],[152051.42,169260.79000036],[152050.54000001,169262.73000034],[152049.22000001,169265.46000034],[152047.85,169268.15000035],[152046.42999999,169270.82000035],[152044.69000001,169273.94000036],[152042.88,169277.02000035],[152041.00999999,169280.06000034],[152038.55999999,169283.81000034],[152036.02000001,169287.51000034],[152033.48,169291.20000035],[152032.97000001,169291.94000036],[152029.27000001,169297.39000036],[152025.05999999,169303.59000036],[152020.53216429,169310.23113366],[152015.2515795,169306.63466741],[152021.05,169298.15000035],[152029.2,169285.93000034],[152032.33,169281.34000036],[152033.25,169279.98000034],[152034.15,169278.49000036],[152035.64000001,169276.11000034],[152039.53,169269.70000035],[152041.74000001,169265.40000035],[152043.64000001,169261.69000036],[152045.55595555,169257.3329755],[152051.79096975,169259.93458773]]]},"geometry_name":"GEOM","properties":{"INSPIRE_ID":"https://databrussels.be/id/streetsurface/582","TYPE":"S","STREET_ID":"https://databrussels.be/id/streetname/3071","STRNAMEFRE":"Avenue Edouard de Thibault","STRNAMEDUT":"Edouard de Thibaultlaan","MUNNISCODE":"21005","HIERARCHY":"DR","LVL":0,"ADMIN":"MUN_RBC","AREA":383},"bbox":[152015.2515795,169257.3329755,152051.79096975,169310.23113366]},{"type":"Feature","id":"StreetSurfaces.fid-77ff224d_1a03149e4eb_-23d9","geometry":{"type":"Polygon","coordinates":[[[152011.22775583,169136.77949475],[152011.44000001,169140.08000034],[152011.88374965,169143.33563611],[152011.12716398,169143.38401677],[152009.59284186,169145.37582015],[152001.33752792,169146.2582426],[152000,169146.41935107],[151996.34100001,169146.81400036],[151988.71046822,169147.63700751],[151988.11500001,169142.29800035],[151987.57120376,169136.96286704],[151992.054,169136.52900035],[151992.26199999,169138.37600035],[151995.90799999,169138.03000035],[151995.77000001,169136.18400034],[152000.30055978,169135.71103036],[152010.29174945,169134.7680062],[152010.4909826,169136.84427618],[152011.22775583,169136.77949475]]]},"geometry_name":"GEOM","properties":{"INSPIRE_ID":"https://databrussels.be/id/streetsurface/5829","TYPE":"S","STREET_ID":"https://databrussels.be/id/streetname/1122","STRNAMEFRE":"Avenue du Onze Novembre","STRNAMEDUT":"Elf Novemberlaan","MUNNISCODE":"21005","HIERARCHY":"DC","LVL":0,"ADMIN":"MUN_RBC","AREA":238},"bbox":[151987.57120376,169134.7680062,152011.88374965,169147.63700751]},{"type":"Feature","id":"StreetSurfaces.fid-77ff224d_1a03149e4eb_-23c2","geometry":{"type":"Polygon","coordinates":[[[151964.26235735,169392.49986297],[151961.87788687,169385.04152676],[151962.72626736,169384.64349097],[151963.50850232,169384.2722042],[151964.35664191,169383.66069743],[151966.56217446,169380.66985833],[151964.92192292,169379.45288428],[152000,169328.64000036],[152006.59974673,169319.20971176],[152011.95328965,169322.85542933],[152010.42709801,169325.08909251],[152008.75999999,169327.52000035],[152003.74000001,169334.82000035],[151999.95,169340.32000035],[151996.15999999,169345.83000034],[151992.38,169351.34000036],[151988.59000001,169356.88000034],[151984.80999999,169362.42000035],[151982.72000001,169365.48000034],[151982.10999999,169366.38000034],[151981.03,169367.97000035],[151977.28,169373.46000034],[151973.53,169378.96000034],[151969.78,169384.45000035],[151967.5,169387.79000036],[151965.23,169391.13000034],[151964.26235735,169392.49986297]]]},"geometry_name":"GEOM","properties":{"INSPIRE_ID":"https://databrussels.be/id/streetsurface/587","TYPE":"S","STREET_ID":"https://databrussels.be/id/streetname/3071","STRNAMEFRE":"Avenue Edouard de Thibault","STRNAMEDUT":"Edouard de Thibaultlaan","MUNNISCODE":"21005","HIERARCHY":"DR","LVL":0,"ADMIN":"MUN_RBC","AREA":535},"bbox":[151961.87788687,169319.20971176,152011.95328965,169392.49986297]},{"type":"Feature","id":"StreetSurfaces.fid-77ff224d_1a03149e4eb_-240f","geometry":{"type":"Polygon","coordinates":[[[152077.93532505,168990.92201173],[152075.83033247,168995.0460465],[152074.90746751,168996.85409427],[152074.47796398,168997.76382524],[152074.31110675,168998.11724537],[152074.04994168,168998.67041885],[152073.61558244,168999.59043469],[152073.18644873,169000.49938235],[152071.34140552,168999.70705963],[152070.4623936,169001.68878243],[152072.31196758,169002.49541251],[152071.17376745,169005.11907147],[152070.36984049,169006.97219915],[152069.56761252,169008.82141049],[152068.76054163,169010.68178523],[152068.06589408,169012.28301352],[152066.20370625,169011.5382573],[152065.75513817,169012.62361744],[152064.65724621,169015.43832549],[152063.57920251,169018.2590332],[152063.21922923,169019.21322346],[152062.51314976,169021.08484616],[152061.43816487,169023.93433574],[152060.74918576,169025.83244144],[152060.41639094,169026.74927585],[152056.80704033,169025.84569373],[152056.85613228,169025.70001794],[152058.01513954,169022.37290267],[152056.20566701,169021.7334984],[152058.03258017,169016.84029887],[152059.1024495,169014.01116491],[152059.81849316,169012.12535112],[152060.56333334,169010.25142444],[152062.91840435,169004.67066373],[152065.36402054,168999.12673868],[152067.45783949,168994.56342982],[152069.83332322,168989.87738234],[152071.58571194,168986.46556669],[152073.56739989,168982.96290085],[152074.08653208,168982.11135312],[152075.16593012,168980.40594246],[152075.71296603,168979.55067532],[152076.81495516,168977.87385429],[152077.08108421,168977.47946873],[152078.59346019,168978.46924062],[152080.31810194,168975.82582983],[152083.22687694,168978.1901411],[152081.26004891,168981.32128128],[152080.18489792,168983.03289427],[152078.60910808,168985.61908895],[152077.59986862,168987.3621268],[152077.33772343,168987.81487264],[152077.10408073,168988.24282885],[152076.13668052,168990.01478631],[152077.93532505,168990.92201173]]]},"geometry_name":"GEOM","properties":{"INSPIRE_ID":"https://databrussels.be/id/streetsurface/588","TYPE":"S","STREET_ID":"https://databrussels.be/id/streetname/4000","STRNAMEFRE":"Avenue Hansen-Soulie","STRNAMEDUT":"Hansen-Soulielaan","MUNNISCODE":"21005","HIERARCHY":"DC","LVL":0,"ADMIN":"MUN_RBC","AREA":342},"bbox":[152056.20566701,168975.82582983,152083.22687694,169026.74927585]},{"type":"Feature","id":"StreetSurfaces.fid-77ff224d_1a03149e4eb_-23a6","geometry":{"type":"Polygon","coordinates":[[[152051.68216479,169046.77932364],[152055.33786807,169047.33935022],[152055.12425046,169048.75746967],[152054.84485552,169050.61225795],[152054.69307258,169051.61988248],[152054.22976115,169055.12131261],[152054.14275959,169056.13214661],[152054.09998775,169056.62909443],[152056.07734935,169056.75544144],[152055.65174863,169063.10708016],[152053.66272168,169062.97996995],[152053.54497185,169064.73997036],[152053.49482908,169065.74813916],[152053.4443562,169066.76294555],[152053.40855532,169067.7675522],[152053.38208573,169068.76978749],[152053.3615196,169069.77914359],[152053.35820842,169070.78638491],[152053.35490911,169071.79001547],[152053.35293784,169073.80902349],[152053.35492468,169073.95023808],[152053.38509495,169076.09457881],[152053.41927955,169078.35604393],[152055.42003708,169078.28533889],[152055.47649965,169080.1404025],[152055.51357889,169081.14896325],[152055.7035568,169084.15918795],[152056.08115385,169089.5361412],[152054.08978927,169089.69315883],[152050.56344185,169089.97886926],[152048.58684478,169090.14862754],[152048.13300979,169083.85187248],[152047.99211147,169081.85618126],[152047.94967201,169080.82001635],[152047.85557385,169076.81817371],[152047.81511879,169074.80170562],[152047.78537366,169072.77969808],[152047.80698349,169070.76667337],[152047.82965767,169068.76536378],[152047.85724683,169067.76010214],[152048.05789564,169063.74235076],[152048.33584065,169059.72556385],[152048.4142005,169058.7090094],[152048.55460322,169057.30447942],[152050.45575314,169055.78687786],[152050.69160652,169053.78054115],[152050.93563843,169051.78054311],[152051.20351281,169049.79695674],[152051.51230361,169047.79940168],[152051.68216479,169046.77932364]]]},"geometry_name":"GEOM","properties":{"INSPIRE_ID":"https://databrussels.be/id/streetsurface/620","TYPE":"S","STREET_ID":"https://databrussels.be/id/streetname/4000","STRNAMEFRE":"Avenue Hansen-Soulie","STRNAMEDUT":"Hansen-Soulielaan","MUNNISCODE":"21005","HIERARCHY":"DC","LVL":0,"ADMIN":"MUN_RBC","AREA":256},"bbox":[152047.78537366,169046.77932364,152056.08115385,169090.14862754]},{"type":"Feature","id":"StreetSurfaces.fid-77ff224d_1a03149e4eb_-2479","geometry":{"type":"Polygon","coordinates":[[[152453.41501014,169454.83724772],[152453.67,169455.47000035],[152454.02000001,169456.08000034],[152454.65999999,169456.76000034],[152455.42999999,169457.35000035],[152456.25,169457.83000034],[152457.14000001,169458.24000036],[152458.08,169458.54000036],[152459.03,169458.70000035],[152459.89000001,169458.65000035],[152460.75,169458.48000034],[152461.48986073,169458.33542987],[152462.44000001,169461.16600036],[152463.40785985,169464.04979252],[152462.85,169464.27000035],[152462.09000001,169464.57000035],[152461.38,169464.94000036],[152460.94000001,169465.26000034],[152460.52000001,169465.61000034],[152460.1,169465.96000034],[152459.15,169468.81000034],[152458.85999999,169470.21000034],[152458.85,169470.77000035],[152459,169471.56000034],[152459.16418016,169472.05254084],[152456.48599999,169472.98800036],[152453.41561756,169474.06029636],[152453.28,169473.76000034],[152453.00999999,169473.14000036],[152452.67999999,169472.57000035],[152452.1,169471.90000035],[152451.40999999,169471.31000034],[152450.67,169470.82000035],[152449.82000001,169470.40000035],[152448.92,169470.10000035],[152448,169469.92000035],[152447.23,169469.90000035],[152446.44000001,169469.97000035],[152445.65999999,169470.03000034],[152445.49661319,169470.35339123],[152444.501,169467.46300036],[152443.47000001,169464.42000035],[152444.59000001,169463.84000036],[152445.24000001,169463.50000035],[152445.88,169463.15000035],[152446.42999999,169462.73000034],[152446.95,169462.00000035],[152447.32000001,169461.15000035],[152447.60999999,169460.27000035],[152447.78,169459.63000034],[152447.90999999,169458.98000034],[152447.99000001,169458.32000035],[152448.03,169457.83000034],[152448.03,169457.34000036],[152447.97000001,169456.86000034],[152447.913007,169456.66052481],[152450.754,169455.71900035],[152453.41501014,169454.83724772]]]},"geometry_name":"GEOM","properties":{"INSPIRE_ID":"https://databrussels.be/id/streetsurface/6228","TYPE":"I","STREET_ID":"https://databrussels.be/id/streetname/5545","STRNAMEFRE":"Rue des Bollandistes","STRNAMEDUT":"Bollandistenstraat","MUNNISCODE":"21005","HIERARCHY":"DC","LVL":0,"ADMIN":"MUN_RBC","AREA":223},"bbox":[152443.47000001,169454.83724772,152463.40785985,169474.06029636]},{"type":"Feature","id":"StreetSurfaces.fid-77ff224d_1a03149e4eb_-23e0","geometry":{"type":"Polygon","coordinates":[[[152161.74713476,169330.79664403],[152159.122,169328.95000035],[152156.38073349,169327.02092899],[152157.38375528,169325.58073939],[152157.52743914,169324.60924837],[152157.44414303,169323.61267108],[152157.1865499,169322.64484173],[152156.81251931,169321.88038529],[152155.71900001,169320.88000034],[152155.49134586,169320.71403028],[152156.85999999,169318.82000035],[152158.30447423,169316.82118134],[152159.92494545,169317.86028959],[152160.38349016,169317.99815582],[152161.56670487,169318.00492994],[152162.42392657,169317.6569015],[152163.20863357,169317.05859131],[152164.28890047,169315.50738152],[152167.23199999,169317.57800034],[152171.05624402,169320.26897716],[152169.95999999,169321.79000036],[152165.15951965,169328.59909989],[152163.95628285,169329.02332718],[152162.86870379,169329.80425426],[152161.74713476,169330.79664403]]]},"geometry_name":"GEOM","properties":{"INSPIRE_ID":"https://databrussels.be/id/streetsurface/6519","TYPE":"I","STREET_ID":"https://databrussels.be/id/streetname/3211","STRNAMEFRE":"Rue Fort de Boncelles","STRNAMEDUT":"Fort van Boncellesstraat","MUNNISCODE":"21005","HIERARCHY":"DR","LVL":0,"ADMIN":"MUN_RBC","AREA":136},"bbox":[152155.49134586,169315.50738152,152171.05624402,169330.79664403]},{"type":"Feature","id":"StreetSurfaces.fid-77ff224d_1a03149e4eb_-2428","geometry":{"type":"Polygon","coordinates":[[[152214.52311013,169232.19268722],[152211.73299999,169236.63800036],[152208.97388165,169241.03393618],[152200.25,169230.25000035],[152195.65431559,169224.36527254],[152192.55741944,169220.39972805],[152187.66954799,169214.25901777],[152189.12835581,169213.12413944],[152183.35034745,169205.94170114],[152181.89180994,169207.11551656],[152170.86240411,169193.31449796],[152159.30702643,169178.86272215],[152162.94300001,169175.93000034],[152167.09246233,169172.58376621],[152168.74865217,169174.65611211],[152172.70131607,169179.59093088],[152177.24125392,169185.2659537],[152181.46865876,169190.57787553],[152183.9585798,169193.72852692],[152187.70873039,169198.44844321],[152186.26410067,169199.61323706],[152191.70707097,169206.41932198],[152193.13892167,169205.25509547],[152200.11350145,169213.90972859],[152212.89000001,169230.08000034],[152214.52311013,169232.19268722]]]},"geometry_name":"GEOM","properties":{"INSPIRE_ID":"https://databrussels.be/id/streetsurface/6564","TYPE":"S","STREET_ID":"https://databrussels.be/id/streetname/1155","STRNAMEFRE":"Rue Bruylants","STRNAMEDUT":"Bruylantsstraat","MUNNISCODE":"21005","HIERARCHY":"DR","LVL":0,"ADMIN":"MUN_RBC","AREA":743},"bbox":[152159.30702643,169172.58376621,152214.52311013,169241.03393618]},{"type":"Feature","id":"StreetSurfaces.fid-77ff224d_1a03149e4eb_-23d7","geometry":{"type":"Polygon","coordinates":[[[152023.00894418,169130.27596444],[152028.73473103,169129.74809791],[152028.69605112,169129.90979735],[152028.49440072,169130.9013895],[152028.31175106,169131.89393348],[152028.1583101,169132.89789399],[152028.05079591,169133.9011933],[152027.97794943,169134.91316649],[152027.94052944,169135.920808],[152027.96518695,169136.9518099],[152028.03002031,169137.95547541],[152028.14486177,169138.97106425],[152028.29942012,169139.970846],[152028.49035204,169140.95962125],[152028.70717495,169141.95181734],[152028.96144464,169142.93334326],[152029.26146719,169143.90018758],[152029.61056798,169144.85183107],[152029.99142935,169145.78948299],[152030.38791754,169146.69528173],[152024.94612501,169147.19997172],[152024.73959146,169146.83577592],[152024.20338309,169145.9712531],[152023.72012336,169145.33991636],[152023.11629589,169144.7978222],[152021.71791639,169144.06377224],[152020.16776755,169143.66242131],[152019.16934588,169143.55285899],[152018.16626835,169143.4517924],[152016.35035186,169143.3633072],[152015.13633404,169143.33034812],[152014.13262332,169143.3114936],[152013.13598142,169143.31201688],[152012.11339133,169143.32095141],[152011.88374965,169143.33563611],[152011.44000001,169140.08000034],[152011.22775583,169136.77949475],[152013.49775097,169136.57990343],[152015.53095031,169136.3147952],[152016.31102514,169136.17783937],[152017.07907355,169135.96113674],[152018.53675478,169135.35517437],[152019.88609333,169134.50510956],[152020.77962389,169133.71892752],[152021.56117866,169132.83497197],[152022.01862743,169132.17437831],[152022.40419834,169131.47275182],[152022.86889792,169130.57246789],[152023.00894418,169130.27596444]]]},"geometry_name":"GEOM","properties":{"INSPIRE_ID":"https://databrussels.be/id/streetsurface/6661","TYPE":"I","STREET_ID":"https://databrussels.be/id/streetname/1122","STRNAMEFRE":"Avenue du Onze Novembre","STRNAMEDUT":"Elf Novemberlaan","MUNNISCODE":"21005","HIERARCHY":"DC","LVL":0,"ADMIN":"MUN_RBC","AREA":189},"bbox":[152011.22775583,169129.74809791,152030.38791754,169147.19997172]},{"type":"Feature","id":"StreetSurfaces.fid-77ff224d_1a03149e4eb_-2472","geometry":{"type":"Polygon","coordinates":[[[152536.26049652,169439.96614133],[152534.29000001,169440.58000034],[152533.45999999,169442.37000035],[152487.47000001,169457.53000034],[152465.50999999,169464.97000035],[152463.60999999,169463.97000035],[152463.40785985,169464.04979252],[152462.44000001,169461.16600036],[152461.48986073,169458.33542987],[152461.62000001,169458.31000034],[152462.755,169456.24500035],[152530.78,169433.62000035],[152532.95,169434.65000035],[152534.43285627,169434.13648204],[152535.29200001,169436.87600035],[152536.26049652,169439.96614133]]]},"geometry_name":"GEOM","properties":{"INSPIRE_ID":"https://databrussels.be/id/streetsurface/6719","TYPE":"S","STREET_ID":"https://databrussels.be/id/streetname/5545","STRNAMEFRE":"Rue des Bollandistes","STRNAMEDUT":"Bollandistenstraat","MUNNISCODE":"21005","HIERARCHY":"DR","LVL":0,"ADMIN":"MUN_RBC","AREA":687},"bbox":[152461.48986073,169433.62000035,152536.26049652,169464.97000035]},{"type":"Feature","id":"StreetSurfaces.fid-77ff224d_1a03149e4eb_-2480","geometry":{"type":"Polygon","coordinates":[[[152506.39435406,169310.36953255],[152503.45,169311.25900034],[152500.61538279,169312.11531746],[152499.88,169309.85000035],[152497.929,169308.67800035],[152494.64300001,169298.53900036],[152489.19000001,169282.62000035],[152479.47000001,169252.73000034],[152467.82000001,169217.25000035],[152458.14000001,169187.87000035],[152446.23,169151.50000035],[152447.19000001,169149.56000034],[152446.88011742,169148.63933467],[152449.78199999,169147.66300036],[152453.96486881,169146.25589558],[152458.42999999,169159.74000036],[152469.34000001,169192.76000034],[152485.84000001,169242.59000036],[152497.78,169279.73000034],[152506.47000001,169306.31000034],[152505.48,169308.07000035],[152506.39435406,169310.36953255]]]},"geometry_name":"GEOM","properties":{"INSPIRE_ID":"https://databrussels.be/id/streetsurface/693","TYPE":"S","STREET_ID":"https://databrussels.be/id/streetname/4100","STRNAMEFRE":"Rue des Atrébates","STRNAMEDUT":"Atrebatenstraat","MUNNISCODE":"21005","HIERARCHY":"DR","LVL":0,"ADMIN":"MUN_RBC","AREA":1550},"bbox":[152446.23,169146.25589558,152506.47000001,169312.11531746]},{"type":"Feature","id":"StreetSurfaces.fid-77ff224d_1a03149e4eb_-23e7","geometry":{"type":"Polygon","coordinates":[[[152124.48275588,169386.21271257],[152117.6590291,169395.87732238],[152113.801,169393.13300034],[152110.85338709,169391.03628234],[152110.95867095,169390.59528982],[152110.95884922,169389.72440151],[152110.88205841,169389.05414087],[152110.7240217,169388.48955428],[152110.24854717,169387.76397633],[152109.63800015,169387.22176238],[152108.70877183,169386.54954554],[152110.70999999,169383.67500035],[152112.77644105,169380.706784],[152114.89036229,169381.9645713],[152115.51712778,169382.07852832],[152116.19530005,169382.06462771],[152116.83403029,169381.94020888],[152117.30716727,169381.79750237],[152117.7736084,169381.44033405],[152120.60999999,169383.45800034],[152124.48275588,169386.21271257]]]},"geometry_name":"GEOM","properties":{"INSPIRE_ID":"https://databrussels.be/id/streetsurface/6979","TYPE":"I","STREET_ID":"https://databrussels.be/id/streetname/2697","STRNAMEFRE":"Rue Jean Massart","STRNAMEDUT":"Jean Massartstraat","MUNNISCODE":"21005","HIERARCHY":"DR","LVL":0,"ADMIN":"MUN_RBC","AREA":134},"bbox":[152108.70877183,169380.706784,152124.48275588,169395.87732238]},{"type":"Feature","id":"StreetSurfaces.fid-77ff224d_1a03149e4eb_-2445","geometry":{"type":"Polygon","coordinates":[[[152421.14417386,169357.11295652],[152418.295,169358.05000035],[152415.3687099,169359.01240636],[152415.15,169358.50000035],[152414.8,169357.67000035],[152414.35,169356.92000035],[152413.77000001,169356.25000035],[152413.1,169355.66000034],[152412.35999999,169355.19000036],[152411.48,169354.87000035],[152410.53,169354.69000036],[152409.57000001,169354.63000034],[152408.74000001,169354.68000034],[152407.9,169354.82000035],[152407.3555341,169354.91183797],[152406.646,169352.39700035],[152405.9855144,169350.05724315],[152406.35999999,169349.87000035],[152407.1,169349.51000034],[152407.78,169349.08000034],[152408.52000001,169348.42000035],[152409.17,169347.67000035],[152409.67,169346.84000036],[152409.90999999,169346.22000035],[152410.08,169345.57000035],[152410.17999999,169344.91000034],[152410.17,169343.93000034],[152410.02000001,169342.94000036],[152409.90012229,169342.20574934],[152412.73599999,169341.18300034],[152415.47497528,169340.1949485],[152415.94000001,169341.17000035],[152416.30999999,169341.77000035],[152416.88,169342.40000035],[152417.54000001,169342.96000034],[152418.25,169343.43000034],[152419.12000001,169343.87000035],[152420.05,169344.21000034],[152421.00999999,169344.41000034],[152421.6,169344.48000034],[152422.19000001,169344.50000035],[152422.78,169344.45000035],[152423.25999999,169344.33000034],[152423.73,169344.16000034],[152423.89959819,169344.09865631],[152424.64000001,169346.48500034],[152425.31639302,169348.66504156],[152424.78,169348.95000035],[152424.15,169349.29000036],[152423.55,169349.68000034],[152422.70999999,169350.40000035],[152421.95999999,169351.24000036],[152421.4,169352.16000034],[152421.09000001,169353.03000034],[152420.90999999,169353.96000034],[152420.83,169354.89000036],[152420.9,169355.77000035],[152421.14417386,169357.11295652]]]},"geometry_name":"GEOM","properties":{"INSPIRE_ID":"https://databrussels.be/id/streetsurface/7016","TYPE":"I","STREET_ID":"https://databrussels.be/id/streetname/4504","STRNAMEFRE":"Rue Charles Legrelle","STRNAMEDUT":"Charles Legrellestraat","MUNNISCODE":"21005","HIERARCHY":"DC","LVL":0,"ADMIN":"MUN_RBC","AREA":207},"bbox":[152405.9855144,169340.1949485,152425.31639302,169359.01240636]},{"type":"Feature","id":"StreetSurfaces.fid-77ff224d_1a03149e4eb_-2392","geometry":{"type":"Polygon","coordinates":[[[152281.57889266,169065.50852951],[152281.63,169065.64000036],[152284.40999999,169072.08000034],[152285.75999999,169075.32000035],[152287.04000001,169078.53000034],[152288.28,169081.75000035],[152289.49000001,169084.99000036],[152290.79000001,169088.62000035],[152292.05,169092.27000035],[152292.97313659,169095.52672123],[152289.03199999,169096.78300034],[152286.39971564,169097.62218765],[152286.346,169097.44500035],[152284.548,169098.01700036],[152284.45,169097.72000035],[152284.3,169097.20000035],[152284.14000001,169096.68000034],[152283.97000001,169096.16000034],[152283.00999999,169093.54000036],[152282.05,169090.92000035],[152281.08,169088.31000034],[152279.92999999,169085.27000035],[152278.75999999,169082.23000034],[152277.55999999,169079.21000034],[152276.15999999,169075.84000036],[152274.72000001,169072.49000036],[152273.28895679,169069.27015311],[152277.35999999,169067.42300035],[152281.57889266,169065.50852951]]]},"geometry_name":"GEOM","properties":{"INSPIRE_ID":"https://databrussels.be/id/streetsurface/7046","TYPE":"S","STREET_ID":"https://databrussels.be/id/streetname/280","STRNAMEFRE":"Rue de Pervyse","STRNAMEDUT":"Pervijzestraat","MUNNISCODE":"21005","HIERARCHY":"DR","LVL":0,"ADMIN":"MUN_RBC","AREA":285},"bbox":[152273.28895679,169065.50852951,152292.97313659,169098.01700036]},{"type":"Feature","id":"StreetSurfaces.fid-77ff224d_1a03149e4eb_-238f","geometry":{"type":"Polygon","coordinates":[[[152286.78356641,169040.53274833],[152283.034,169039.58500035],[152280.17776146,169038.86294122],[152280.43,169037.96000035],[152279.56,169036.57000035],[152282.2,169027.24000035],[152286.79,169008.69000035],[152289.05,169000.00000035],[152291.98,168988.73000035],[152293.32,168983.47000035],[152294.02,168980.85000035],[152294.89,168977.72000035],[152295.8,168974.60000035],[152296.72,168971.48000035],[152297.59,168968.47000035],[152298.47,168965.46000035],[152299.4,168962.47000035],[152300.39,168959.61000035],[152301.43,168956.78000035],[152302.5,168953.95000035],[152303.79,168950.68000035],[152305.13,168947.42000035],[152306.49,168944.18000035],[152308.11,168940.34000035],[152308.35837937,168939.75842914],[152310.04884941,168940.60035204],[152310.4660461,168939.76013006],[152312.311,168940.50600035],[152315.95841109,168941.97997422],[152315.5,168943.06000035],[152313.35,168948.11000035],[152311.27,168953.20000035],[152309.3,168958.33000035],[152307.23,168964.15000035],[152305.31,168970.03000035],[152303.5,168975.95000035],[152301.48,168983.20000035],[152299.63,168990.50000035],[152297.79,168997.80000035],[152297.22,169000.00000035],[152296.1,169004.35000035],[152294.42,169010.89000035],[152292.73,169017.44000035],[152291.31,169022.88000035],[152289.89,169028.31000035],[152288.47,169033.75000035],[152286.78356641,169040.53274833]]]},"geometry_name":"GEOM","properties":{"INSPIRE_ID":"https://databrussels.be/id/streetsurface/7057","TYPE":"S","STREET_ID":"https://databrussels.be/id/streetname/4495","STRNAMEFRE":"Rue Aviateur Thieffry","STRNAMEDUT":"Vlieger Thieffrystraat","MUNNISCODE":"21005","HIERARCHY":"DR","LVL":0,"ADMIN":"MUN_RBC","AREA":810},"bbox":[152279.56,168939.75842914,152315.95841109,169040.53274833]},{"type":"Feature","id":"StreetSurfaces.fid-77ff224d_1a03149e4eb_-23c5","geometry":{"type":"Polygon","coordinates":[[[152080.33817956,169167.64401583],[152079.86268969,169163.57577402],[152082.05282736,169163.34716424],[152081.81576037,169161.36010579],[152101.0277118,169159.34431521],[152116.87540817,169157.69947275],[152117.07848883,169159.68046836],[152129.07278132,169158.45488624],[152128.86261642,169156.47102436],[152134.55874798,169155.88827049],[152134.75139167,169157.89129766],[152137.29976878,169157.62169448],[152137.09680646,169155.64545383],[152141.87588854,169155.14976951],[152142.61610937,169161.22431604],[152138.53841,169161.6333193],[152125.02627575,169162.97585928],[152125.23045363,169164.97385747],[152115.38647962,169165.98059703],[152101.40360513,169167.44369225],[152092.42184396,169168.37483882],[152082.70358691,169169.42122924],[152082.47741198,169167.42601105],[152080.33817956,169167.64401583]]]},"geometry_name":"GEOM","properties":{"INSPIRE_ID":"https://databrussels.be/id/streetsurface/7625","TYPE":"S","STREET_ID":"https://databrussels.be/id/streetname/4579","STRNAMEFRE":"Place du Roi Vainqueur","STRNAMEDUT":"Koning Overwinnaarplein","MUNNISCODE":"21005","HIERARCHY":"DC","LVL":0,"ADMIN":"MUN_RBC","AREA":433},"bbox":[152079.86268969,169155.14976951,152142.61610937,169169.42122924]},{"type":"Feature","id":"StreetSurfaces.fid-77ff224d_1a03149e4eb_-23d5","geometry":{"type":"Polygon","coordinates":[[[152024.94612501,169147.19997172],[152030.38791754,169146.69528173],[152030.85045955,169147.61662048],[152031.34507349,169148.51360084],[152031.60436556,169148.95010916],[152033.31697733,169147.93157727],[152033.51081982,169148.24115392],[152034.03630383,169149.11043898],[152034.62039235,169149.93152543],[152035.21707404,169150.74487943],[152035.83053517,169151.55579793],[152036.47530284,169152.34028389],[152037.14322536,169153.09696948],[152037.84214096,169153.83445534],[152038.57290864,169154.55215186],[152039.31296215,169155.22472247],[152040.07762451,169155.89676351],[152040.85839245,169156.53398167],[152041.66034021,169157.15308532],[152042.47977202,169157.75524222],[152043.31994622,169158.31647717],[152044.18255265,169158.84351906],[152045.05289717,169159.35572824],[152045.94436615,169159.83556186],[152046.85631533,169160.27357592],[152047.77391348,169160.69132609],[152048.70658586,169161.10707618],[152049.65110962,169161.47438559],[152050.60060437,169161.80587429],[152051.57400312,169162.11184513],[152052.53637939,169162.3669634],[152053.52422478,169162.59462189],[152054.51228864,169162.7926659],[152055.86678078,169163.0003708],[152055.59807735,169164.99069933],[152055.88098786,169165.02689432],[152055.62588751,169170.50955841],[152055.01894171,169170.2153722],[152054.8797612,169170.19124676],[152054.60231192,169172.16319596],[152053.26254473,169171.90550047],[152052.28304858,169171.65272457],[152051.31264648,169171.38549806],[152050.34253046,169171.10689494],[152047.45771878,169170.20741026],[152046.49871717,169169.89763393],[152045.5490309,169169.5382718],[152044.62508791,169169.15083448],[152043.69360778,169168.75600473],[152042.78488209,169168.33394009],[152041.89588845,169167.87799929],[152040.99861591,169167.42088083],[152040.11540895,169166.92131208],[152039.25620375,169166.39542591],[152038.41528315,169165.85200721],[152037.57108827,169165.30325717],[152036.75684528,169164.73413242],[152035.9445076,169164.14792761],[152035.13053906,169163.52057339],[152034.33404276,169162.8710354],[152033.58007031,169162.21439888],[152032.84818978,169161.52797455],[152032.12909055,169160.83599776],[152031.40952005,169160.10571071],[152030.71473954,169159.3876928],[152030.03774509,169158.64415502],[152029.37200375,169157.88542696],[152028.74447358,169157.101413],[152028.12775886,169156.28842837],[152027.53740599,169155.49744693],[152026.94170785,169154.68025314],[152026.38343208,169153.85006305],[152025.84343736,169152.98960888],[152025.16433442,169151.81833297],[152026.9107008,169150.85327832],[152026.15595028,169149.52154082],[152025.68436654,169148.61912459],[152025.2397182,169147.71768609],[152024.94612501,169147.19997172]]]},"geometry_name":"GEOM","properties":{"INSPIRE_ID":"https://databrussels.be/id/streetsurface/7632","TYPE":"S","STREET_ID":"https://databrussels.be/id/streetname/4579","STRNAMEFRE":"Place du Roi Vainqueur","STRNAMEDUT":"Koning Overwinnaarplein","MUNNISCODE":"21005","HIERARCHY":"DC","LVL":0,"ADMIN":"MUN_RBC","AREA":313},"bbox":[152024.94612501,169146.69528173,152055.88098786,169172.16319596]},{"type":"Feature","id":"StreetSurfaces.fid-77ff224d_1a03149e4eb_-246f","geometry":{"type":"Polygon","coordinates":[[[152506.39435406,169310.36953255],[152506.82000001,169311.44000036],[152507.14000001,169312.24000036],[152507.45,169313.05000035],[152507.9,169313.74000036],[152508.38,169314.20000035],[152508.92999999,169314.59000036],[152509.52000001,169314.85000035],[152510.29000001,169314.93000034],[152511.1,169314.83000034],[152511.90999999,169314.65000035],[152512.27000001,169314.55000035],[152512.99000001,169314.33000034],[152513.66520658,169314.12605232],[152514.66900001,169316.91100034],[152515.38852558,169318.90726899],[152514.8,169319.18000034],[152514.05,169319.71000034],[152513.35999999,169320.34000036],[152512.75,169321.02000035],[152512.17999999,169321.78000035],[152511.69000001,169322.59000036],[152511.37000001,169323.45000035],[152511.27000001,169324.18000034],[152511.28,169324.94000036],[152511.35999999,169325.69000036],[152511.5,169326.29000036],[152511.82213554,169327.30727052],[152508.999,169328.15400034],[152505.98245387,169329.05828835],[152505.75,169328.41000034],[152505.29000001,169327.48000034],[152504.84000001,169326.55000035],[152504.23,169325.77000035],[152503.63,169325.35000035],[152502.94000001,169325.01000034],[152502.24000001,169324.75000035],[152501.32000001,169324.54000036],[152500.37000001,169324.44000036],[152499.42,169324.45000035],[152498.26105766,169324.71678659],[152497.498,169322.36900035],[152496.71495757,169319.95858177],[152497.29000001,169319.72000035],[152498.19000001,169319.25000035],[152498.99000001,169318.67000035],[152499.73,169317.93000034],[152500.35999999,169317.06000034],[152500.80999999,169316.13000034],[152501.02000001,169315.40000035],[152501.12000001,169314.63000034],[152501.10999999,169313.87000035],[152501.02000001,169313.42000035],[152500.88,169312.97000035],[152500.75,169312.53000035],[152500.61538279,169312.11531746],[152503.45,169311.25900034],[152506.39435406,169310.36953255]]]},"geometry_name":"GEOM","properties":{"INSPIRE_ID":"https://databrussels.be/id/streetsurface/7702","TYPE":"I","STREET_ID":"https://databrussels.be/id/streetname/4504","STRNAMEFRE":"Rue Charles Legrelle","STRNAMEDUT":"Charles Legrellestraat","MUNNISCODE":"21005","HIERARCHY":"DR","LVL":0,"ADMIN":"MUN_RBC","AREA":195},"bbox":[152496.71495757,169310.36953255,152515.38852558,169329.05828835]},{"type":"Feature","id":"StreetSurfaces.fid-77ff224d_1a03149e4eb_-2420","geometry":{"type":"Polygon","coordinates":[[[152283.18444459,169162.48007421],[152270.55999999,169180.11000034],[152254.34000001,169203.15000035],[152236.14000001,169228.72000035],[152233.371,169232.62200035],[152231.971,169231.62900034],[152230.61800001,169233.55400034],[152232.00599999,169234.54500035],[152230.54298759,169236.60672433],[152226.551,169233.77000035],[152223.83776421,169231.8415393],[152225.379,169229.76000034],[152226.71900001,169227.86500036],[152225.18699999,169226.73600034],[152233.45999999,169214.95000035],[152250.78,169191.18000034],[152271.90999999,169161.02000035],[152275.14218595,169156.40545389],[152279.28399999,169159.53400034],[152283.18444459,169162.48007421]]]},"geometry_name":"GEOM","properties":{"INSPIRE_ID":"https://databrussels.be/id/streetsurface/7726","TYPE":"S","STREET_ID":"https://databrussels.be/id/streetname/2459","STRNAMEFRE":"Rue de la Grande Haie","STRNAMEDUT":"Grote Haagstraat","MUNNISCODE":"21005","HIERARCHY":"DR","LVL":0,"ADMIN":"MUN_RBC","AREA":895},"bbox":[152223.83776421,169156.40545389,152283.18444459,169236.60672433]},{"type":"Feature","id":"StreetSurfaces.fid-77ff224d_1a03149e4eb_-2408","geometry":{"type":"Polygon","coordinates":[[[152073.94612432,169103.61515867],[152073.26910546,169098.47684623],[152073.99865048,169098.52801703],[152075.01279283,169098.58601631],[152076.01696062,169098.60865301],[152077.0381629,169098.6327613],[152079.04467089,169098.63413471],[152080.05788674,169098.61937896],[152081.07444587,169098.61328966],[152082.07269044,169098.59226784],[152083.08908708,169098.5500092],[152084.08952847,169098.48315441],[152085.10289023,169098.40394465],[152086.07711766,169098.31211883],[152085.89563029,169096.31843254],[152096.85970686,169095.24337489],[152097.05158141,169097.24387521],[152103.85808525,169096.56245],[152123.26500573,169094.65500309],[152126.28014605,169094.37761077],[152131.2518893,169093.90557934],[152133.6200964,169093.68174934],[152133.83199999,169095.86500036],[152134.02112834,169097.77444121],[152131.3785965,169098.02754385],[152131.57901039,169099.9979329],[152114.73390589,169101.65804884],[152110.51353567,169102.0477579],[152096.46333318,169103.41769547],[152078.0427412,169105.21579398],[152077.87423956,169103.22563595],[152073.94612432,169103.61515867]]]},"geometry_name":"GEOM","properties":{"INSPIRE_ID":"https://databrussels.be/id/streetsurface/8182","TYPE":"S","STREET_ID":"https://databrussels.be/id/streetname/4579","STRNAMEFRE":"Place du Roi Vainqueur","STRNAMEDUT":"Koning Overwinnaarplein","MUNNISCODE":"21005","HIERARCHY":"DC","LVL":0,"ADMIN":"MUN_RBC","AREA":382},"bbox":[152073.26910546,169093.68174934,152134.02112834,169105.21579398]},{"type":"Feature","id":"StreetSurfaces.fid-77ff224d_1a03149e4eb_-23ac","geometry":{"type":"Polygon","coordinates":[[[152047.76171548,169107.78049082],[152047.50337689,169107.89631335],[152046.67461376,169108.28267926],[152047.55755425,169110.0784192],[152045.42108893,169111.17005376],[152044.543557,169111.67498085],[152043.71610231,169112.2005283],[152042.05097284,169113.36266479],[152040.47448602,169114.65033428],[152039.69643414,169115.34010698],[152038.9800108,169116.03836261],[152037.5856246,169117.48901702],[152036.91766973,169118.26405965],[152036.27784247,169119.07495374],[152035.65651572,169119.87500726],[152035.0655551,169120.66500525],[152034.48669798,169121.51394583],[152033.95730274,169122.35917746],[152033.43465555,169123.25706588],[152032.96771698,169124.13792981],[152032.09542344,169125.99574808],[152031.58943863,169127.25022287],[152029.71149988,169126.5095036],[152029.53442173,169126.97337548],[152029.21406655,169127.94427115],[152028.93143117,169128.9258027],[152028.73473103,169129.74809791],[152023.00894418,169130.27596444],[152023.72841952,169128.75270406],[152024.57749894,169126.92618298],[152024.77482481,169126.4514147],[152022.94163911,169125.67451674],[152024.15430546,169122.4995273],[152024.54258602,169121.56713142],[152024.96940291,169120.6599882],[152025.4268899,169119.75936879],[152025.91168184,169118.86020779],[152026.41961851,169118.0083429],[152026.93777964,169117.15799622],[152028.07803378,169115.49299149],[152028.68051574,169114.68475062],[152029.2932436,169113.88464114],[152029.93589244,169113.0909202],[152030.75873289,169112.07397377],[152032.27437472,169111.52175121],[152032.96080043,169110.81812533],[152033.47702484,169109.27077207],[152034.22228735,169108.57889022],[152035.73634403,169107.28974246],[152037.30997448,169106.03535794],[152038.13493581,169105.45822512],[152039.83642192,169104.3817244],[152040.71151242,169103.8649316],[152041.58391023,169103.37596873],[152042.47074506,169102.89172892],[152043.70109866,169102.29355108],[152044.57535036,169104.07751195],[152045.937201,169103.40141513],[152047.27628069,169102.56449863],[152047.76171548,169107.78049082]]]},"geometry_name":"GEOM","properties":{"INSPIRE_ID":"https://databrussels.be/id/streetsurface/8475","TYPE":"S","STREET_ID":"https://databrussels.be/id/streetname/4579","STRNAMEFRE":"Place du Roi Vainqueur","STRNAMEDUT":"Koning Overwinnaarplein","MUNNISCODE":"21005","HIERARCHY":"DC","LVL":0,"ADMIN":"MUN_RBC","AREA":271},"bbox":[152022.94163911,169102.29355108,152047.76171548,169130.27596444]},{"type":"Feature","id":"StreetSurfaces.fid-77ff224d_1a03149e4eb_-2448","geometry":{"type":"Polygon","coordinates":[[[152357.94050643,169371.03025006],[152357.13,169368.55300035],[152356.40743039,169366.34452266],[152356.554,169366.31500036],[152359.13099999,169365.60000035],[152358.56600001,169363.99600035],[152378,169357.59000036],[152403.82000001,169349.32000035],[152405.62000001,169350.24000036],[152405.9855144,169350.05724315],[152406.646,169352.39700035],[152407.3555341,169354.91183797],[152407.07000001,169354.96000034],[152406.09000001,169356.67000035],[152378.89000001,169365.60000035],[152360.99200001,169371.52200035],[152360.604,169370.17100035],[152357.94050643,169371.03025006]]]},"geometry_name":"GEOM","properties":{"INSPIRE_ID":"https://databrussels.be/id/streetsurface/8525","TYPE":"S","STREET_ID":"https://databrussels.be/id/streetname/4504","STRNAMEFRE":"Rue Charles Legrelle","STRNAMEDUT":"Charles Legrellestraat","MUNNISCODE":"21005","HIERARCHY":"DR","LVL":0,"ADMIN":"MUN_RBC","AREA":397},"bbox":[152356.40743039,169349.32000035,152407.3555341,169371.52200035]},{"type":"Feature","id":"StreetSurfaces.fid-77ff224d_1a03149e4eb_-2442","geometry":{"type":"Polygon","coordinates":[[[152421.14417386,169357.11295652],[152421.22000001,169357.53000034],[152423.25,169358.60000035],[152430.50999999,169380.71000034],[152439.50999999,169407.69000036],[152448.63,169435.37000035],[152454.29000001,169452.43000034],[152453.13,169454.14000036],[152453.41501014,169454.83724772],[152450.754,169455.71900035],[152447.913007,169456.66052481],[152447.79000001,169456.30000035],[152447.64000001,169456.05000035],[152447.48,169455.90000035],[152447.3,169455.77000035],[152447.10999999,169455.65000035],[152446.62000001,169455.39000036],[152446.1,169455.18000034],[152445.57000001,169454.97000035],[152437.58,169430.66000034],[152426.58,169397.55000035],[152414.54000001,169361.53000034],[152415.5,169359.32000035],[152415.3687099,169359.01240636],[152418.295,169358.05000035],[152421.14417386,169357.11295652]]]},"geometry_name":"GEOM","properties":{"INSPIRE_ID":"https://databrussels.be/id/streetsurface/8924","TYPE":"S","STREET_ID":"https://databrussels.be/id/streetname/3353","STRNAMEFRE":"Avenue de l'Armée","STRNAMEDUT":"Legerlaan","MUNNISCODE":"21005","HIERARCHY":"DC","LVL":0,"ADMIN":"MUN_RBC","AREA":925},"bbox":[152414.54000001,169357.11295652,152454.29000001,169456.66052481]},{"type":"Feature","id":"StreetSurfaces.fid-77ff224d_1a03149e4eb_-244d","geometry":{"type":"Polygon","coordinates":[[[152332.60189681,169499.76259155],[152333.22000001,169499.55000035],[152348.47000001,169494.39000036],[152367.35,169488.17000035],[152393.9,169479.32000035],[152395.27000001,169478.87000035],[152441.58,169463.49000036],[152443.47000001,169464.42000035],[152444.501,169467.46300036],[152445.49661319,169470.35339123],[152444.69400001,169471.94200035],[152335.488833,169508.44017841],[152334.10699999,169504.28600034],[152332.60189681,169499.76259155]]]},"geometry_name":"GEOM","properties":{"INSPIRE_ID":"https://databrussels.be/id/streetsurface/9023","TYPE":"S","STREET_ID":"https://databrussels.be/id/streetname/5545","STRNAMEFRE":"Rue des Bollandistes","STRNAMEDUT":"Bollandistenstraat","MUNNISCODE":"21005","HIERARCHY":"DR","LVL":0,"ADMIN":"MUN_RBC","AREA":1058},"bbox":[152332.60189681,169463.49000036,152445.49661319,169508.44017841]},{"type":"Feature","id":"StreetSurfaces.fid-77ff224d_1a03149e4eb_-2397","geometry":{"type":"Polygon","coordinates":[[[152286.7835664,169040.53274833],[152284.36982677,169050.24068336],[152282.67496042,169049.74611734],[152282.36623814,169050.70392627],[152282.10844932,169051.32450227],[152281.99056389,169051.48411504],[152281.62835402,169051.97453474],[152279.82632628,169053.612733],[152278.99390142,169054.22636735],[152278.35004001,169054.84324717],[152277.75304751,169055.63465523],[152277.53438823,169056.14346649],[152277.41017525,169056.51025931],[152277.22244158,169057.21263248],[152277.13702755,169057.91294614],[152277.14598768,169058.54395961],[152277.25762565,169059.04632737],[152277.96697855,169061.11386117],[152279.47498219,169064.8116105],[152281.02890861,169064.09372529],[152281.57889266,169065.50852951],[152277.35999999,169067.42300035],[152273.28895679,169069.27015311],[152273.24000001,169069.16000034],[152271.17999999,169064.69000036],[152269.05,169060.26000034],[152266.85,169055.86000034],[152265.27000001,169052.82000035],[152263.65999999,169049.80000035],[152262.03,169046.78000034],[152260.76657193,169044.40020989],[152264.80899999,169042.15000035],[152267.46132612,169040.67358829],[152269.65999999,169044.65000035],[152270.07000001,169045.28000034],[152270.49000001,169045.90000035],[152270.98,169046.44000036],[152271.54000001,169046.85000035],[152272.17,169047.19000036],[152272.82000001,169047.41000034],[152273.55999999,169047.52000035],[152274.34000001,169047.51000034],[152275.09000001,169047.38000034],[152275.72000001,169047.20000035],[152276.33,169046.94000036],[152276.9,169046.61000034],[152277.44000001,169046.20000035],[152277.94000001,169045.72000035],[152278.35,169045.19000036],[152278.65999999,169044.48000034],[152278.85999999,169043.69000036],[152279.05,169042.90000035],[152280.17776146,169038.86294123],[152283.03399999,169039.58500034],[152286.7835664,169040.53274833]]]},"geometry_name":"GEOM","properties":{"INSPIRE_ID":"https://databrussels.be/id/streetsurface/9331","TYPE":"I","STREET_ID":"https://databrussels.be/id/streetname/4495","STRNAMEFRE":"Rue Aviateur Thieffry","STRNAMEDUT":"Vlieger Thieffrystraat","MUNNISCODE":"21005","HIERARCHY":"DR","LVL":0,"ADMIN":"MUN_RBC","AREA":352},"bbox":[152260.76657193,169038.86294123,152286.7835664,169069.27015311]},{"type":"Feature","id":"StreetSurfaces.fid-77ff224d_1a03149e4eb_-247b","geometry":{"type":"Polygon","coordinates":[[[152423.89959819,169344.09865631],[152424.2,169343.99000036],[152425.072,169342.16400036],[152493.10999999,169319.67000035],[152494.65,169320.58000035],[152495.22000001,169320.43000034],[152495.79000001,169320.29000036],[152496.35,169320.11000034],[152496.71495757,169319.95858177],[152497.498,169322.36900035],[152498.26105766,169324.71678659],[152497.804,169324.82200035],[152496.254,169325.41200034],[152495.599,169327.16800036],[152452.49000001,169341.41000034],[152427.63,169349.59000036],[152425.42,169348.61000034],[152425.31639302,169348.66504156],[152424.64000001,169346.48500034],[152423.89959819,169344.09865631]]]},"geometry_name":"GEOM","properties":{"INSPIRE_ID":"https://databrussels.be/id/streetsurface/9350","TYPE":"S","STREET_ID":"https://databrussels.be/id/streetname/4504","STRNAMEFRE":"Rue Charles Legrelle","STRNAMEDUT":"Charles Legrellestraat","MUNNISCODE":"21005","HIERARCHY":"DR","LVL":0,"ADMIN":"MUN_RBC","AREA":594},"bbox":[152423.89959819,169319.67000035,152498.26105766,169349.59000036]},{"type":"Feature","id":"StreetSurfaces.fid-77ff224d_1a03149e4eb_-242f","geometry":{"type":"Polygon","coordinates":[[[152162.07227109,169156.52399966],[152160.92786739,169158.04425596],[152159.29753995,169156.87340097],[152159.10284481,169157.1888143],[152158.75983355,169158.14576186],[152158.43633459,169159.31059328],[152158.29924333,169160.45577845],[152158.31671455,169161.23213054],[152158.46529963,169162.02967409],[152158.74220221,169163.00529558],[152159.04951878,169163.96116795],[152159.37891262,169164.92292024],[152159.74864378,169165.86707241],[152160.18569148,169166.7685213],[152160.68542316,169167.65994872],[152161.24988318,169168.49834341],[152161.58184733,169168.8828072],[152163.13258917,169167.64026078],[152166.28916681,169171.57862407],[152167.09246233,169172.58376621],[152162.94300001,169175.93000034],[152159.30702643,169178.86272215],[152155.24920676,169173.78779494],[152156.83415945,169172.57603199],[152155.67750599,169171.13586969],[152155.17448874,169170.26755732],[152154.7532361,169169.3596229],[152153.29530947,169165.51314403],[152152.97512894,169164.66333841],[152152.5487416,169163.72980565],[152151.90584052,169162.78526789],[152151.00589562,169161.93959407],[152149.63413909,169161.14876064],[152148.09428821,169160.77220616],[152147.31329136,169160.75317716],[152142.61610937,169161.22431604],[152141.87588854,169155.14976951],[152142.84699707,169155.04904656],[152143.07259121,169157.04320876],[152144.07595818,169156.92307419],[152145.07425263,169156.79865488],[152146.0773483,169156.63122586],[152147.07544823,169156.44931835],[152148.05003195,169156.23699054],[152149.05012069,169155.98002113],[152149.98669369,169155.69552273],[152150.96054146,169155.33005697],[152151.89566543,169154.91281702],[152152.78176723,169154.45441302],[152153.64190059,169153.9232051],[152154.47890282,169153.35203339],[152155.27907491,169152.74239494],[152156.06023052,169152.07547528],[152156.16507652,169151.93729269],[152154.61803498,169150.66704518],[152155.17754817,169150.00427772],[152155.70155394,169149.32366091],[152161.44000001,169155.81000034],[152162.07227109,169156.52399966]]]},"geometry_name":"GEOM","properties":{"INSPIRE_ID":"https://databrussels.be/id/streetsurface/9375","TYPE":"I","STREET_ID":"https://databrussels.be/id/streetname/1155","STRNAMEFRE":"Rue Bruylants","STRNAMEDUT":"Bruylantsstraat","MUNNISCODE":"21005","HIERARCHY":"DC","LVL":0,"ADMIN":"MUN_RBC","AREA":244},"bbox":[152141.87588854,169149.32366091,152167.09246233,169178.86272215]},{"type":"Feature","id":"StreetSurfaces.fid-77ff224d_1a03149e4eb_-23af","geometry":{"type":"Polygon","coordinates":[[[152048.56243541,169030.72455839],[152048.208,169036.11800035],[152048.10578239,169037.67108845],[152044.8925116,169035.74261315],[152042.29487652,169040.00853442],[152036.89869893,169036.77072723],[152033.61551203,169034.81168104],[152000,169014.46263627],[151998.48647263,169013.55805195],[152000.86266158,169009.37318645],[152000,169008.90068063],[151998.91591373,169008.84700172],[151992.86,169008.84000035],[151986.35,169004.90000035],[151985.05479968,169004.11930445],[151983.16131508,169004.4302774],[151975.69324539,169000.00000035],[151972.43091767,168998.05175152],[151972.20703677,168995.87661348],[151961.01099274,168989.43856584],[151960.90290734,168989.38536127],[151963.486,168985.23600035],[151964.36683187,168983.821185],[151964.5333553,168984.02091333],[151964.89112335,168984.37519192],[151965.28098437,168984.69381346],[151968.37659483,168986.55440064],[151970.89712292,168982.13124392],[151974.65246604,168984.41491786],[151978.91968775,168987.13587563],[151990.95356186,168994.30233519],[151988.41927563,168998.63527603],[151990.85059736,169000.00000035],[151994.58969111,169001.94054632],[152000,169002.27609655],[152001.84167456,169002.37401494],[152002.31455253,169002.65748749],[152002.98015186,169001.41615497],[152008.82124116,169004.85524331],[152017.07145903,169009.7417869],[152040.22558302,169023.80012472],[152045.4521527,169026.94431411],[152045.92974126,169029.33373482],[152046.78065257,169029.85170687],[152047.73522605,169030.40235796],[152048.04125822,169030.52155837],[152048.56243541,169030.72455839]]]},"geometry_name":"GEOM","properties":{"INSPIRE_ID":"https://databrussels.be/id/streetsurface/9430","TYPE":"S","STREET_ID":"https://databrussels.be/id/streetname/4235","STRNAMEFRE":"Avenue Camille Joset","STRNAMEDUT":"Camille Josetlaan","MUNNISCODE":"21005","HIERARCHY":"DR","LVL":0,"ADMIN":"MUN_RBC","AREA":1096},"bbox":[151960.90290734,168982.13124392,152048.56243541,169040.00853442]},{"type":"Feature","id":"StreetSurfaces.fid-77ff224d_1a03149e4eb_-23b4","geometry":{"type":"Polygon","coordinates":[[[152210.7277452,169585.00234591],[152206.89000001,169587.92100035],[152204.33522103,169589.8639425],[152203.96600001,169589.28900036],[152202.54710212,169587.75430707],[152200.86700001,169586.51100034],[152195.80499999,169583.51600036],[152194.901,169585.06000034],[152194.59200001,169584.87900034],[152183.48,169578.34000036],[152164.08,169566.83000034],[152153.95999999,169560.81000034],[152129.77000001,169546.59000036],[152112.17,169536.28000034],[152088.32000001,169522.08000034],[152060.59000001,169505.63000034],[152053.024,169501.44500035],[152053.88900001,169499.98200034],[152052.11792338,169498.93420443],[152054.73,169495.96400036],[152057.94658878,169492.30570127],[152058.09000001,169492.42000035],[152069.12000001,169499.04000036],[152084.44000001,169508.19000036],[152105.89000001,169520.81000034],[152123.05,169530.99000036],[152133.00999999,169536.84000036],[152140.92,169541.28000035],[152168.75,169557.90000035],[152192.30599999,169571.84000036],[152204.03399999,169578.83000034],[152206.56959887,169580.56891428],[152208.45459816,169582.24926459],[152210.12881646,169584.1397123],[152210.7277452,169585.00234591]]]},"geometry_name":"GEOM","properties":{"INSPIRE_ID":"https://databrussels.be/id/streetsurface/9866","TYPE":"S","STREET_ID":"https://databrussels.be/id/streetname/494","STRNAMEFRE":"Rue de la Gare","STRNAMEDUT":"Stationstraat","MUNNISCODE":"21005","HIERARCHY":"DR","LVL":0,"ADMIN":"MUN_RBC","AREA":1770},"bbox":[152052.11792338,169492.30570127,152210.7277452,169589.8639425]}],"numberReturned":267,"grand_bruxelles_source":{"authority":"Paradigm / Brussels-Capital Region","service":"https://geoservices-urbis.irisnet.be/geoserver/urbisvector/wfs","layer":"urbisvector:StreetSurfaces","crs":"EPSG:31370","bbox":[152000.0,169000.0,152500.0,169500.0],"cell_id":"bxl-e152000-n169000-s500","ownership":"bbox_intersection_source_unclipped"}}
