{"type":"FeatureCollection","totalFeatures":174,"numberMatched":174,"timeStamp":"2026-08-24T01:59:14.082Z","crs":{"type":"name","properties":{"name":"urn:ogc:def:crs:EPSG::31370"}},"bbox":[153937.26,170988.88079981,154545.29,171576.26614006],"features":[{"type":"Feature","id":"Buildings.fid--6f55e203_1a031389953_1662","geometry":{"type":"Polygon","coordinates":[[[154175.67177757,171101.07067403],[154174.17146909,171104.14416802],[154172.85173791,171103.51629315],[154174.37320696,171100.45510759],[154175.67177757,171101.07067403]]]},"geometry_name":"GEOM","properties":{"INSPIRE_ID":"https://databrussels.be/id/building/1313412","BLOCK_ID":null,"AREA":5},"bbox":[154172.85173791,171100.45510759,154175.67177757,171104.14416802]},{"type":"Feature","id":"Buildings.fid--6f55e203_1a031389953_1644","geometry":{"type":"Polygon","coordinates":[[[154272.00125947,171082.34205995],[154279.05534645,171089.91034271],[154280.21405804,171091.15351664],[154286.95,171084.52],[154293.96953782,171077.63045362],[154293.81779896,171077.47426005],[154285.14000015,171069.06999981],[154272.00125947,171082.34205995]]]},"geometry_name":"GEOM","properties":{"INSPIRE_ID":"https://databrussels.be/id/building/1580694","BLOCK_ID":"https://databrussels.be/id/block/23613","AREA":231},"bbox":[154272.00125947,171069.06999981,154293.96953782,171091.15351664]},{"type":"Feature","id":"Buildings.fid--6f55e203_1a031389953_1671","geometry":{"type":"Polygon","coordinates":[[[154248.05,171000],[154249.14,170997.75],[154253.5,171000],[154262.04,171004.42],[154247.91,171025.93],[154237.86,171021.06],[154248.05,171000]]]},"geometry_name":"GEOM","properties":{"INSPIRE_ID":"https://databrussels.be/id/building/1580787","BLOCK_ID":"https://databrussels.be/id/block/27408","AREA":331},"bbox":[154237.86,170997.75,154262.04,171025.93]},{"type":"Feature","id":"Buildings.fid--6f55e203_1a031389953_16b3","geometry":{"type":"Polygon","coordinates":[[[154027.13,171465.14],[154026.79,171462.71],[154025.34,171462.91],[154020.77,171429.78],[154037.38,171427.5],[154041.92,171460.53],[154040.01,171460.79],[154040.76,171466.3],[154036.95,171466.83],[154026.52,171468.33],[154026.07,171465.33],[154027.13,171465.14]]]},"geometry_name":"GEOM","properties":{"INSPIRE_ID":"https://databrussels.be/id/building/1581790","BLOCK_ID":"https://databrussels.be/id/block/24689","AREA":637},"bbox":[154020.77,171427.5,154041.92,171468.33]},{"type":"Feature","id":"Buildings.fid--6f55e203_1a031389953_162d","geometry":{"type":"Polygon","coordinates":[[[154455.4,171079.04],[154460.64,171082.39],[154450.29,171098.59],[154451.1,171099.13],[154432.41,171128.37],[154434.38,171129.63],[154416.18,171156.62],[154408.53,171151.73],[154416.58,171139.79],[154416.75,171139.89],[154423.81,171129.42],[154424.02,171129.1],[154423.57,171128.8],[154426.4,171124.36],[154426.75,171124.58],[154444.57,171096.7],[154444.24,171096.49],[154455.4,171079.04]]]},"geometry_name":"GEOM","properties":{"INSPIRE_ID":"https://databrussels.be/id/building/1581791","BLOCK_ID":"https://databrussels.be/id/block/23613","AREA":652},"bbox":[154408.53,171079.04,154460.64,171156.62]},{"type":"Feature","id":"Buildings.fid--6f55e203_1a031389953_1654","geometry":{"type":"Polygon","coordinates":[[[154339.01,171023.74],[154344.17,171018.65],[154345.07,171019.42],[154346.04,171018.43],[154347.22,171019.62],[154349.74,171017.14],[154354.98,171022.49],[154346.19,171031.08],[154339.01,171023.74]]]},"geometry_name":"GEOM","properties":{"INSPIRE_ID":"https://databrussels.be/id/building/1583821","BLOCK_ID":"https://databrussels.be/id/block/27408","AREA":115},"bbox":[154339.01,171017.14,154354.98,171031.08]},{"type":"Feature","id":"Buildings.fid--6f55e203_1a031389953_1676","geometry":{"type":"Polygon","coordinates":[[[154257.43,171096.66],[154262.45,171101.67],[154262.8,171101.99],[154261.54,171103.09],[154261.26,171103.13],[154259.35,171105.22],[154263.74,171106.73],[154261.24,171113.72],[154252.017,171110.558],[154252.112,171110.282],[154251.733,171107.721],[154250.546,171107.897],[154249.956,171103.915],[154257.43,171096.66]]]},"geometry_name":"GEOM","properties":{"INSPIRE_ID":"https://databrussels.be/id/building/1584820","BLOCK_ID":"https://databrussels.be/id/block/23613","AREA":140},"bbox":[154249.956,171096.66,154263.74,171113.72]},{"type":"Feature","id":"Buildings.fid--6f55e203_1a031389953_1678","geometry":{"type":"Polygon","coordinates":[[[154257.41,171048.62],[154267,171039.18],[154267.2,171038.98],[154268.64,171040.45],[154275.69,171047.55],[154266.03,171057.18],[154257.41,171048.62]]]},"geometry_name":"GEOM","properties":{"INSPIRE_ID":"https://databrussels.be/id/building/1584829","BLOCK_ID":"https://databrussels.be/id/block/27408","AREA":166},"bbox":[154257.41,171038.98,154275.69,171057.18]},{"type":"Feature","id":"Buildings.fid--6f55e203_1a031389953_168a","geometry":{"type":"Polygon","coordinates":[[[154104.3540969,171084.18371067],[154104.64,171083.33],[154108.743,171071.152],[154109.19,171070.08],[154109.75,171070.29],[154110.34,171068.29],[154110.22,171067.12],[154110.75,171065.47],[154112.4,171064.74],[154114.1,171065.32],[154114.29,171065.73],[154115.45,171066.09],[154115.546,171065.615],[154153.571,171078.647],[154150.86,171087.127],[154151.241,171087.249],[154148.296,171096.46],[154147.915,171096.338],[154147.731,171096.913],[154145.053,171104.554],[154140.935,171103.159],[154142.475,171098.528],[154108.217,171086.959],[154107.649,171088.826],[154107.148,171090.471],[154106.845,171091.466],[154102.396,171090.051],[154103.98,171085.3],[154104.3540969,171084.18371067]]]},"geometry_name":"GEOM","properties":{"INSPIRE_ID":"https://databrussels.be/id/building/1584835","BLOCK_ID":"https://databrussels.be/id/block/26242","AREA":1056},"bbox":[154102.396,171064.74,154153.571,171104.554]},{"type":"Feature","id":"Buildings.fid--6f55e203_1a031389953_1624","geometry":{"type":"Polygon","coordinates":[[[154387.29,171021.06],[154391.41,171016.69],[154396.52,171022.18],[154395.17,171023.5],[154397.36,171025.59],[154396.99,171025.96],[154398.01,171026.94],[154395.69,171029.37],[154387.29,171021.06]]]},"geometry_name":"GEOM","properties":{"INSPIRE_ID":"https://databrussels.be/id/building/1584849","BLOCK_ID":"https://databrussels.be/id/block/23613","AREA":60},"bbox":[154387.29,171016.69,154398.01,171029.37]},{"type":"Feature","id":"Buildings.fid--6f55e203_1a031389953_161c","geometry":{"type":"Polygon","coordinates":[[[154488.05999995,171033.11000035],[154490.87,171035.35],[154489.187,171037.464],[154486.39299974,171035.20499992],[154488.05999995,171033.11000035]]]},"geometry_name":"GEOM","properties":{"INSPIRE_ID":"https://databrussels.be/id/building/1584891","BLOCK_ID":"https://databrussels.be/id/block/26238","AREA":10},"bbox":[154486.39299974,171033.11000035,154490.87,171037.464]},{"type":"Feature","id":"Buildings.fid--6f55e203_1a031389953_1630","geometry":{"type":"Polygon","coordinates":[[[154425.132,171111.591],[154428.82,171113.59],[154427.758,171115.563],[154424.091,171113.705],[154425.132,171111.591]]]},"geometry_name":"GEOM","properties":{"INSPIRE_ID":"https://databrussels.be/id/building/1584893","BLOCK_ID":"https://databrussels.be/id/block/23613","AREA":10},"bbox":[154424.091,171111.591,154428.82,171115.563]},{"type":"Feature","id":"Buildings.fid--6f55e203_1a031389953_1674","geometry":{"type":"Polygon","coordinates":[[[154246.37,171033.96],[154251.27,171026.77],[154255.73,171031.08],[154250.11,171036.89],[154246.37,171033.96]]]},"geometry_name":"GEOM","properties":{"INSPIRE_ID":"https://databrussels.be/id/building/1584901","BLOCK_ID":"https://databrussels.be/id/block/27408","AREA":46},"bbox":[154246.37,171026.77,154255.73,171036.89]},{"type":"Feature","id":"Buildings.fid--6f55e203_1a031389953_1679","geometry":{"type":"Polygon","coordinates":[[[154257.43,171096.66],[154262.56,171091.68],[154268.92,171098.01],[154266.23,171100.64],[154264.89,171099.28],[154262.45,171101.67],[154257.43,171096.66]]]},"geometry_name":"GEOM","properties":{"INSPIRE_ID":"https://databrussels.be/id/building/1593052","BLOCK_ID":"https://databrussels.be/id/block/23613","AREA":58},"bbox":[154257.43,171091.68,154268.92,171101.67]},{"type":"Feature","id":"Buildings.fid--6f55e203_1a031389953_167b","geometry":{"type":"Polygon","coordinates":[[[154261.24,171113.72],[154263.74,171106.73],[154267.02,171107.85],[154267.67,171105.97],[154271.04,171107.13],[154268.38,171116.17],[154261.59,171113.84],[154261.24,171113.72]]]},"geometry_name":"GEOM","properties":{"INSPIRE_ID":"https://databrussels.be/id/building/1593974","BLOCK_ID":"https://databrussels.be/id/block/23613","AREA":62},"bbox":[154261.24,171105.97,154271.04,171116.17]},{"type":"Feature","id":"Buildings.fid--6f55e203_1a031389953_16b1","geometry":{"type":"Polygon","coordinates":[[[154036.38,171399.79],[154037.11,171404.9],[154037.89,171410.41],[154037.92,171410.59],[154038.78,171416.64],[154026.2,171418.43],[154023.8,171401.59],[154036.38,171399.79]]]},"geometry_name":"GEOM","properties":{"INSPIRE_ID":"https://databrussels.be/id/building/1595076","BLOCK_ID":"https://databrussels.be/id/block/24689","AREA":216},"bbox":[154023.8,171399.79,154038.78,171418.43]},{"type":"Feature","id":"Buildings.fid--6f55e203_1a031389953_1650","geometry":{"type":"Polygon","coordinates":[[[154309.55,171078.16],[154309.05,171079.12],[154327.08,171088.49],[154356.48999989,171084.45002126],[154359.01000066,171081.97002079],[154358.3000002,171081.16997916],[154358.9799999,171080.49997909],[154350.24999986,171071.62000049],[154329.50993569,171074.6608761],[154327.05997145,171073.37096156],[154314.37000026,171066.63000082],[154309.55,171078.16]]]},"geometry_name":"GEOM","properties":{"INSPIRE_ID":"https://databrussels.be/id/building/1595081","BLOCK_ID":"https://databrussels.be/id/block/23613","AREA":622},"bbox":[154309.05,171066.63000082,154359.01000066,171088.49]},{"type":"Feature","id":"Buildings.fid--6f55e203_1a031389953_1667","geometry":{"type":"Polygon","coordinates":[[[154221.88077036,171062.2968936],[154210.61840766,171058.47868375],[154217.11813659,171045.03313964],[154205.48008175,171039.9709673],[154194.63994871,171062.54085524],[154194.99197368,171062.73781434],[154204.81906502,171068.18677191],[154218.2,171072.75],[154220.87997114,171065.00008452],[154221.88077036,171062.2968936]]]},"geometry_name":"GEOM","properties":{"INSPIRE_ID":"https://databrussels.be/id/building/1595097","BLOCK_ID":"https://databrussels.be/id/block/27408","AREA":463},"bbox":[154194.63994871,171039.9709673,154221.88077036,171072.75]},{"type":"Feature","id":"Buildings.fid--6f55e203_1a031389953_1622","geometry":{"type":"Polygon","coordinates":[[[154378.85,171029.4],[154383.11,171025.19],[154391.54,171033.71],[154393.23,171035.44],[154388.88,171039.7],[154387.19000026,171037.98000009],[154378.85,171029.4]]]},"geometry_name":"GEOM","properties":{"INSPIRE_ID":"https://databrussels.be/id/building/1595111","BLOCK_ID":"https://databrussels.be/id/block/23613","AREA":87},"bbox":[154378.85,171025.19,154393.23,171039.7]},{"type":"Feature","id":"Buildings.fid--6f55e203_1a031389953_168b","geometry":{"type":"Polygon","coordinates":[[[154107.148,171090.471],[154107.649,171088.826],[154108.479,171089.079],[154107.973,171090.722],[154107.148,171090.471]]]},"geometry_name":"GEOM","properties":{"INSPIRE_ID":"https://databrussels.be/id/building/1595777","BLOCK_ID":"https://databrussels.be/id/block/26242","AREA":1},"bbox":[154107.148,171088.826,154108.479,171090.722]},{"type":"Feature","id":"Buildings.fid--6f55e203_1a031389953_1631","geometry":{"type":"Polygon","coordinates":[[[154427.54,171148.34],[154434.86,171137.77],[154438.62,171140.37],[154431.3,171150.95],[154427.54,171148.34]]]},"geometry_name":"GEOM","properties":{"INSPIRE_ID":"https://databrussels.be/id/building/1595891","BLOCK_ID":"https://databrussels.be/id/block/23613","AREA":59},"bbox":[154427.54,171137.77,154438.62,171150.95]},{"type":"Feature","id":"Buildings.fid--6f55e203_1a031389953_166d","geometry":{"type":"Polygon","coordinates":[[[154224.69,171074.9],[154227.35,171067.15],[154227.61,171066.17],[154231.16,171067.36],[154230.55,171069.18],[154233.48,171070.15],[154230.641,171077.968],[154224.8,171074.96],[154224.69,171074.9]]]},"geometry_name":"GEOM","properties":{"INSPIRE_ID":"https://databrussels.be/id/building/1595901","BLOCK_ID":"https://databrussels.be/id/block/27408","AREA":59},"bbox":[154224.69,171066.17,154233.48,171077.968]},{"type":"Feature","id":"Buildings.fid--6f55e203_1a031389953_1694","geometry":{"type":"Polygon","coordinates":[[[154155.14,171009.48],[154154.15,171012.57],[154150.29,171011.33],[154151.28,171008.25],[154155.14,171009.48]]]},"geometry_name":"GEOM","properties":{"INSPIRE_ID":"https://databrussels.be/id/building/1596014","BLOCK_ID":"https://databrussels.be/id/block/25019","AREA":13},"bbox":[154150.29,171008.25,154155.14,171012.57]},{"type":"Feature","id":"Buildings.fid--6f55e203_1a031389953_1625","geometry":{"type":"Polygon","coordinates":[[[154391.41,171016.69],[154395.55999995,171012.3899997],[154400.07,171016.74],[154398.93,171017.86],[154401.76,171020.57],[154398.46,171024.03],[154396.52,171022.18],[154391.41,171016.69]]]},"geometry_name":"GEOM","properties":{"INSPIRE_ID":"https://databrussels.be/id/building/1596035","BLOCK_ID":"https://databrussels.be/id/block/23613","AREA":57},"bbox":[154391.41,171012.3899997,154401.76,171024.03]},{"type":"Feature","id":"Buildings.fid--6f55e203_1a031389953_162e","geometry":{"type":"Polygon","coordinates":[[[154422.22,171083.329],[154423.738,171080.5],[154426.363,171081.88],[154424.732,171084.819],[154422.22,171083.329]]]},"geometry_name":"GEOM","properties":{"INSPIRE_ID":"https://databrussels.be/id/building/1655132","BLOCK_ID":"https://databrussels.be/id/block/23613","AREA":10},"bbox":[154422.22,171080.5,154426.363,171084.819]},{"type":"Feature","id":"Buildings.fid--6f55e203_1a031389953_1699","geometry":{"type":"Polygon","coordinates":[[[154162.512,171006.651],[154159.681,171005.45],[154160.778,171002.9],[154163.624,171004.125],[154162.512,171006.651]]]},"geometry_name":"GEOM","properties":{"INSPIRE_ID":"https://databrussels.be/id/building/1657825","BLOCK_ID":"https://databrussels.be/id/block/25019","AREA":9},"bbox":[154159.681,171002.9,154163.624,171006.651]},{"type":"Feature","id":"Buildings.fid--6f55e203_1a031389953_1696","geometry":{"type":"Polygon","coordinates":[[[154155.05628705,171008.3267225],[154155.843,171006.076],[154157.707,171006.695],[154156.86928705,171008.9617225],[154155.05628705,171008.3267225]]]},"geometry_name":"GEOM","properties":{"INSPIRE_ID":"https://databrussels.be/id/building/1657826","BLOCK_ID":"https://databrussels.be/id/block/25019","AREA":5},"bbox":[154155.05628705,171006.076,154157.707,171008.9617225]},{"type":"Feature","id":"Buildings.fid--6f55e203_1a031389953_1693","geometry":{"type":"Polygon","coordinates":[[[154148.899,171006.026],[154149.63,171004.192],[154152.766,171005.37],[154152.065,171007.157],[154148.899,171006.026]]]},"geometry_name":"GEOM","properties":{"INSPIRE_ID":"https://databrussels.be/id/building/1657827","BLOCK_ID":"https://databrussels.be/id/block/25019","AREA":7},"bbox":[154148.899,171004.192,154152.766,171007.157]},{"type":"Feature","id":"Buildings.fid--6f55e203_1a031389953_1619","geometry":{"type":"Polygon","coordinates":[[[154492.547,171004.893],[154494.716,171006.637],[154493.166,171008.566],[154490.996,171006.821],[154492.547,171004.893]]]},"geometry_name":"GEOM","properties":{"INSPIRE_ID":"https://databrussels.be/id/building/1667330","BLOCK_ID":"https://databrussels.be/id/block/26238","AREA":7},"bbox":[154490.996,171004.893,154494.716,171008.566]},{"type":"Feature","id":"Buildings.fid--6f55e203_1a031389953_1616","geometry":{"type":"Polygon","coordinates":[[[154469.38346673,171001.80929873],[154469.55300633,171001.95794647],[154471.47811958,171003.64583383],[154471.71407218,171003.85271071],[154470.1998426,171005.62027641],[154467.81996252,171003.49754855],[154469.38346673,171001.80929873]]]},"geometry_name":"GEOM","properties":{"INSPIRE_ID":"https://databrussels.be/id/building/1667331","BLOCK_ID":"https://databrussels.be/id/block/26238","AREA":7},"bbox":[154467.81996252,171001.80929873,154471.71407218,171005.62027641]},{"type":"Feature","id":"Buildings.fid--6f55e203_1a031389953_1680","geometry":{"type":"Polygon","coordinates":[[[154043.90656925,171050.81416752],[154040.84680525,171059.50283913],[154032.43274891,171056.69007462],[154033.48728136,171053.66966625],[154024.97749328,171050.65669243],[154027.09203616,171044.87675551],[154043.90656925,171050.81416752]]]},"geometry_name":"GEOM","properties":{"INSPIRE_ID":"https://databrussels.be/id/building/173031","BLOCK_ID":"https://databrussels.be/id/block/24689","AREA":138},"bbox":[154024.97749328,171044.87675551,154043.90656925,171059.50283913]},{"type":"Feature","id":"Buildings.fid--6f55e203_1a031389953_1643","geometry":{"type":"Polygon","coordinates":[[[154273.2979,171035.8268],[154280.43,171042.82],[154275.69,171047.55],[154268.6524,171040.4625],[154273.2979,171035.8268]]]},"geometry_name":"GEOM","properties":{"INSPIRE_ID":"https://databrussels.be/id/building/1752271","BLOCK_ID":"https://databrussels.be/id/block/27408","AREA":66},"bbox":[154268.6524,171035.8268,154280.43,171047.55]},{"type":"Feature","id":"Buildings.fid--6f55e203_1a031389953_169a","geometry":{"type":"Polygon","coordinates":[[[154166.59627154,171090.96087551],[154165.88333783,171094.29591127],[154164.45821265,171093.99073313],[154165.1830811,171090.62634512],[154166.59627154,171090.96087551]]]},"geometry_name":"GEOM","properties":{"INSPIRE_ID":"https://databrussels.be/id/building/175878","BLOCK_ID":null,"AREA":5},"bbox":[154164.45821265,171090.62634512,154166.59627154,171094.29591127]},{"type":"Feature","id":"Buildings.fid--6f55e203_1a031389953_16af","geometry":{"type":"Polygon","coordinates":[[[154129.9279,171369.37494243],[154134.2026,171370.70614243],[154133.1256,171375.48074242],[154141.13459999,171377.97934243],[154181.82649999,171390.67404243],[154184.6748,171391.56254243],[154179.6062,171407.87484243],[154176.7511,171406.98414243],[154137.48489999,171394.73424243],[154129.3548,171392.19784243],[154128.74,171392.00604243],[154114.199,171387.46964243],[154113.46549999,171387.24084243],[154113.55569999,171386.81874243],[154113.83259999,171386.89554243],[154115.9671,171380.09124243],[154117.7814,171377.22744243],[154118.87579999,171373.66034243],[154119.07199999,171373.70964243],[154120.63199999,171368.56394243],[154125.14729999,171369.99444243],[154125.2135,171369.80574243],[154129.20809999,171371.05214243],[154129.58649999,171369.83934243],[154129.89459999,171369.48174243],[154129.9279,171369.37494243]]]},"geometry_name":"GEOM","properties":{"INSPIRE_ID":"https://databrussels.be/id/building/1771753","BLOCK_ID":"https://databrussels.be/id/block/23616","AREA":1222},"bbox":[154113.46549999,171368.56394243,154184.6748,171407.87484243]},{"type":"Feature","id":"Buildings.fid--6f55e203_1a031389953_169c","geometry":{"type":"Polygon","coordinates":[[[154015.4764,171119.5012],[154023.7151,171128.0399],[154015.1837,171136.2716],[154006.945,171127.7329],[154015.4764,171119.5012]]]},"geometry_name":"GEOM","properties":{"INSPIRE_ID":"https://databrussels.be/id/building/1773823","BLOCK_ID":"https://databrussels.be/id/block/24689","AREA":141},"bbox":[154006.945,171119.5012,154023.7151,171136.2716]},{"type":"Feature","id":"Buildings.fid--6f55e203_1a031389953_167f","geometry":{"type":"Polygon","coordinates":[[[154025.0932,171111.2332],[154029.2946,171115.5074],[154022.9641,171121.73],[154018.7627,171117.4557],[154025.0932,171111.2332]]]},"geometry_name":"GEOM","properties":{"INSPIRE_ID":"https://databrussels.be/id/building/1774977","BLOCK_ID":"https://databrussels.be/id/block/24689","AREA":53},"bbox":[154018.7627,171111.2332,154029.2946,171121.73]},{"type":"Feature","id":"Buildings.fid--6f55e203_1a031389953_1683","geometry":{"type":"Polygon","coordinates":[[[154049.3548,171103.8533],[154051.6357,171105.7529],[154041.4287,171118.0087],[154039.1478,171116.1091],[154049.3548,171103.8533]]]},"geometry_name":"GEOM","properties":{"INSPIRE_ID":"https://databrussels.be/id/building/1774978","BLOCK_ID":"https://databrussels.be/id/block/24689","AREA":47},"bbox":[154039.1478,171103.8533,154051.6357,171118.0087]},{"type":"Feature","id":"Buildings.fid--6f55e203_1a031389953_1681","geometry":{"type":"Polygon","coordinates":[[[154032.6066,171103.8478],[154036.808,171108.1221],[154030.4776,171114.3446],[154026.2762,171110.0704],[154032.6066,171103.8478]]]},"geometry_name":"GEOM","properties":{"INSPIRE_ID":"https://databrussels.be/id/building/1774979","BLOCK_ID":"https://databrussels.be/id/block/24689","AREA":53},"bbox":[154026.2762,171103.8478,154036.808,171114.3446]},{"type":"Feature","id":"Buildings.fid--6f55e203_1a031389953_16ad","geometry":{"type":"Polygon","coordinates":[[[154266.95877917,171388.76493998],[154215.02479332,171372.55919046],[154216.17928109,171368.85944478],[154215.12622964,171368.53084517],[154219.08454969,171355.84575853],[154231.17226281,171359.61767106],[154230.7272635,171361.04374449],[154237.55027289,171363.17283163],[154237.95450325,171361.8774091],[154255.52345979,171367.35971713],[154255.35815952,171367.88944902],[154262.6037652,171370.15040531],[154262.7997112,171369.52246416],[154267.52440405,171370.99678176],[154267.34524906,171371.57091336],[154270.60528073,171372.58819051],[154269.59709394,171375.81909065],[154270.87412193,171376.21758108],[154266.95877917,171388.76493998]]]},"geometry_name":"GEOM","properties":{"INSPIRE_ID":"https://databrussels.be/id/building/1776704","BLOCK_ID":"https://databrussels.be/id/block/23616","AREA":922},"bbox":[154215.02479332,171355.84575853,154270.87412193,171388.76493998]},{"type":"Feature","id":"Buildings.fid--6f55e203_1a031389953_1614","geometry":{"type":"Polygon","coordinates":[[[154480.1084,170999.61454243],[154477.00379999,171003.44424243],[154474.56329999,171001.46574243],[154476.92859999,170998.54814243],[154480.1084,170999.61454243]]]},"geometry_name":"GEOM","properties":{"INSPIRE_ID":"https://databrussels.be/id/building/1778264","BLOCK_ID":"https://databrussels.be/id/block/26238","AREA":14},"bbox":[154474.56329999,170998.54814243,154480.1084,171003.44424243]},{"type":"Feature","id":"Buildings.fid--6f55e203_1a031389953_160f","geometry":{"type":"Polygon","coordinates":[[[154474.6836,171092.05434243],[154472.55709999,171095.35044243],[154471.96649999,171094.96944243],[154470.64069999,171097.02434243],[154469.4644,171096.26544243],[154470.7901,171094.21044243],[154472.91659999,171090.91444243],[154474.6836,171092.05434243]]]},"geometry_name":"GEOM","properties":{"INSPIRE_ID":"https://databrussels.be/id/building/1778265","BLOCK_ID":"https://databrussels.be/id/block/23613","AREA":12},"bbox":[154469.4644,171090.91444243,154474.6836,171097.02434243]},{"type":"Feature","id":"Buildings.fid--6f55e203_1a031389953_1611","geometry":{"type":"Polygon","coordinates":[[[154499.9064,171111.40904243],[154502.95989999,171113.27074243],[154499.57479999,171118.82314243],[154498.01979999,171121.37354242],[154495.6726,171119.94254243],[154495.8033,171119.72824243],[154496.7836,171118.12034243],[154497.2276,171117.39204243],[154496.5212,171116.96144243],[154499.9064,171111.40904243]]]},"geometry_name":"GEOM","properties":{"INSPIRE_ID":"https://databrussels.be/id/building/1778266","BLOCK_ID":"https://databrussels.be/id/block/23613","AREA":31},"bbox":[154495.6726,171111.40904243,154502.95989999,171121.37354242]},{"type":"Feature","id":"Buildings.fid--6f55e203_1a031389953_162f","geometry":{"type":"Polygon","coordinates":[[[154427.9591,171161.37414243],[154431.13199999,171163.56874243],[154429.65649999,171165.70194243],[154426.48359999,171163.50724243],[154423.80659999,171161.65564243],[154427.45,171156.38824243],[154430.12699999,171158.23984243],[154427.9591,171161.37414243]]]},"geometry_name":"GEOM","properties":{"INSPIRE_ID":"https://databrussels.be/id/building/1778267","BLOCK_ID":"https://databrussels.be/id/block/23613","AREA":31},"bbox":[154423.80659999,171156.38824243,154431.13199999,171165.70194243]},{"type":"Feature","id":"Buildings.fid--6f55e203_1a031389953_1668","geometry":{"type":"Polygon","coordinates":[[[154225.5296763,171033.11267234],[154211.96004764,171026.48087799],[154205.48008175,171039.9709673],[154217.11813659,171045.03313964],[154219.32000024,171045.99000012],[154225.5296763,171033.11267234]]]},"geometry_name":"GEOM","properties":{"INSPIRE_ID":"https://databrussels.be/id/building/1778623","BLOCK_ID":"https://databrussels.be/id/block/27408","AREA":221},"bbox":[154205.48008175,171026.48087799,154225.5296763,171045.99000012]},{"type":"Feature","id":"Buildings.fid--6f55e203_1a031389953_1689","geometry":{"type":"Polygon","coordinates":[[[154102.9059,171009.9547],[154102.2573,171008.4123],[154105.5467,171007.029],[154106.1953,171008.5715],[154102.9059,171009.9547]]]},"geometry_name":"GEOM","properties":{"INSPIRE_ID":"https://databrussels.be/id/building/1779629","BLOCK_ID":"https://databrussels.be/id/block/25019","AREA":6},"bbox":[154102.2573,171007.029,154106.1953,171009.9547]},{"type":"Feature","id":"Buildings.fid--6f55e203_1a031389953_164e","geometry":{"type":"MultiPolygon","coordinates":[[[[154300.9895,171084.49260035],[154304.6986,171080.46560034],[154306.3815,171082.01580034],[154302.6724,171086.04260034],[154300.9895,171084.49260035]]]]},"geometry_name":"GEOM","properties":{"INSPIRE_ID":"https://databrussels.be/id/building/1779630","BLOCK_ID":"https://databrussels.be/id/block/23613","AREA":13},"bbox":[154300.9895,171080.46560034,154306.3815,171086.04260034]},{"type":"Feature","id":"Buildings.fid--6f55e203_1a031389953_16b0","geometry":{"type":"Polygon","coordinates":[[[154201.0427,171414.1515],[154205.869,171398.6269],[154208.7049,171399.5085],[154250.4755,171412.4943],[154258.6957,171415.0498],[154253.8693,171430.5744],[154220.7848,171420.289],[154203.8785,171415.0331],[154201.0427,171414.1515]]]},"geometry_name":"GEOM","properties":{"INSPIRE_ID":"https://databrussels.be/id/building/1779632","BLOCK_ID":"https://databrussels.be/id/block/23616","AREA":899},"bbox":[154201.0427,171398.6269,154258.6957,171430.5744]},{"type":"Feature","id":"Buildings.fid--6f55e203_1a031389953_162c","geometry":{"type":"Polygon","coordinates":[[[154406.34,171013.91],[154408.16,171012.092],[154410.4897,171009.765],[154415.13600039,171004.92599995],[154423.86932535,171014.54870896],[154413.48303528,171029.24776604],[154407.84193922,171023.62828698],[154411.21165617,171018.63919734],[154406.34,171013.91]]]},"geometry_name":"GEOM","properties":{"INSPIRE_ID":"https://databrussels.be/id/building/1781468","BLOCK_ID":"https://databrussels.be/id/block/23613","AREA":216},"bbox":[154406.34,171004.92599995,154423.86932535,171029.24776604]},{"type":"Feature","id":"Buildings.fid--6f55e203_1a031389953_1673","geometry":{"type":"Polygon","coordinates":[[[154243.15680214,171033.93279645],[154244.75972719,171034.8398801],[154243.74377986,171036.63518026],[154242.14085481,171035.72809662],[154243.15680214,171033.93279645]]]},"geometry_name":"GEOM","properties":{"INSPIRE_ID":"https://databrussels.be/id/building/1782807","BLOCK_ID":"https://databrussels.be/id/block/27408","AREA":4},"bbox":[154242.14085481,171033.93279645,154244.75972719,171036.63518026]},{"type":"Feature","id":"Buildings.fid--6f55e203_1a031389953_167a","geometry":{"type":"Polygon","coordinates":[[[154258.9386594,171017.575728],[154260.77837734,171015.79166701],[154262.00268793,171017.05417214],[154260.16296999,171018.83823313],[154258.9386594,171017.575728]]]},"geometry_name":"GEOM","properties":{"INSPIRE_ID":"https://databrussels.be/id/building/1782808","BLOCK_ID":"https://databrussels.be/id/block/27408","AREA":5},"bbox":[154258.9386594,171015.79166701,154262.00268793,171018.83823313]},{"type":"Feature","id":"Buildings.fid--6f55e203_1a031389953_1634","geometry":{"type":"Polygon","coordinates":[[[154435.79990666,171123.05739863],[154436.64513674,171123.61750482],[154435.19793996,171125.93562666],[154434.33892884,171125.36296592],[154435.79990666,171123.05739863]]]},"geometry_name":"GEOM","properties":{"INSPIRE_ID":"https://databrussels.be/id/building/1782813","BLOCK_ID":"https://databrussels.be/id/block/23613","AREA":3},"bbox":[154434.33892884,171123.05739863,154436.64513674,171125.93562666]},{"type":"Feature","id":"Buildings.fid--6f55e203_1a031389953_16ab","geometry":{"type":"Polygon","coordinates":[[[154152.39866452,171335.67322411],[154152.69596949,171334.76103821],[154155.80398183,171335.77401977],[154155.51922376,171336.64770954],[154161.81558564,171338.69985659],[154162.10508971,171337.81160517],[154172.37795973,171341.15979898],[154171.73333309,171343.1376312],[154175.49878912,171344.36489065],[154176.20913744,171342.18541231],[154181.09539971,171343.77797146],[154180.91054914,171344.34512672],[154193.80477049,171348.5476867],[154193.5647913,171349.28398676],[154197.5655576,171350.58793988],[154192.85474136,171365.04158423],[154188.94718478,171363.76801055],[154188.72869427,171364.43837931],[154176.51132753,171360.45642376],[154176.84469922,171359.43357851],[154170.46152563,171357.35313728],[154170.08866322,171358.4971473],[154159.81613669,171355.14906542],[154160.14267609,171354.14718294],[154148.40230176,171350.32069154],[154147.9731746,171351.63733211],[154123.65143368,171343.71024818],[154125.67894497,171337.48947334],[154124.14972153,171336.9910599],[154126.49386561,171329.79879785],[154128.78440518,171330.5453439],[154129.5411922,171328.22338316],[154152.39866452,171335.67322411]]]},"geometry_name":"GEOM","properties":{"INSPIRE_ID":"https://databrussels.be/id/building/1783966","BLOCK_ID":"https://databrussels.be/id/block/23616","AREA":1190},"bbox":[154123.65143368,171328.22338316,154197.5655576,171365.04158423]},{"type":"Feature","id":"Buildings.fid--6f55e203_1a031389953_169b","geometry":{"type":"Polygon","coordinates":[[[154035.0458,171116.2859],[154039.6393,171120.1387],[154033.8101,171127.0885],[154029.2167,171123.2357],[154035.0458,171116.2859]]]},"geometry_name":"GEOM","properties":{"INSPIRE_ID":"https://databrussels.be/id/building/1788811","BLOCK_ID":"https://databrussels.be/id/block/24689","AREA":54},"bbox":[154029.2167,171116.2859,154039.6393,171127.0885]},{"type":"Feature","id":"Buildings.fid--6f55e203_1a031389953_1684","geometry":{"type":"Polygon","coordinates":[[[154047.5967,171089.1133],[154051.7981,171093.3875],[154045.4676,171099.6101],[154041.2662,171095.3358],[154047.5967,171089.1133]]]},"geometry_name":"GEOM","properties":{"INSPIRE_ID":"https://databrussels.be/id/building/1788915","BLOCK_ID":"https://databrussels.be/id/block/24689","AREA":53},"bbox":[154041.2662,171089.1133,154051.7981,171099.6101]},{"type":"Feature","id":"Buildings.fid--6f55e203_1a031389953_1610","geometry":{"type":"Polygon","coordinates":[[[154473.5844,171094.415],[154475.7349,171091.2775],[154479.3571,171093.7601],[154477.2066,171096.8977],[154473.5844,171094.415]]]},"geometry_name":"GEOM","properties":{"INSPIRE_ID":"https://databrussels.be/id/building/1789261","BLOCK_ID":"https://databrussels.be/id/block/23613","AREA":17},"bbox":[154473.5844,171091.2775,154479.3571,171096.8977]},{"type":"Feature","id":"Buildings.fid--6f55e203_1a031389953_1682","geometry":{"type":"Polygon","coordinates":[[[154040.052,171096.5294],[154044.2534,171100.8036],[154037.9229,171107.0262],[154033.7215,171102.7519],[154040.052,171096.5294]]]},"geometry_name":"GEOM","properties":{"INSPIRE_ID":"https://databrussels.be/id/building/1789979","BLOCK_ID":"https://databrussels.be/id/block/24689","AREA":53},"bbox":[154033.7215,171096.5294,154044.2534,171107.0262]},{"type":"Feature","id":"Buildings.fid--6f55e203_1a031389953_1635","geometry":{"type":"Polygon","coordinates":[[[154435.67999998,171005.01999992],[154443.70000005,171000],[154444.21,170999.68],[154444.36367176,170999.93711934],[154445.75461046,170999.1319623],[154446.22458613,171000],[154448.6764788,171004.56659164],[154447.28,171005.44],[154438.7000004,171010.42999992],[154438.61000035,171010.26000012],[154435.67999998,171005.01999992]]]},"geometry_name":"GEOM","properties":{"INSPIRE_ID":"https://databrussels.be/id/building/1790491","BLOCK_ID":"https://databrussels.be/id/block/26238","AREA":74},"bbox":[154435.67999998,170999.1319623,154448.6764788,171010.42999992]},{"type":"Feature","id":"Buildings.fid--6f55e203_1a031389953_166a","geometry":{"type":"Polygon","coordinates":[[[154218.05010576,171013.80084225],[154231.75,171020.95],[154244.0100875,170995.67026555],[154230.01997252,170988.88079981],[154224.66993666,171000.00083374],[154224.01989131,171001.36082299],[154218.33003981,171013.22080385],[154218.05010576,171013.80084225]]]},"geometry_name":"GEOM","properties":{"INSPIRE_ID":"https://databrussels.be/id/building/1793459","BLOCK_ID":"https://databrussels.be/id/block/27408","AREA":432},"bbox":[154218.05010576,170988.88079981,154244.0100875,171020.95]},{"type":"Feature","id":"Buildings.fid--6f55e203_1a031389953_162a","geometry":{"type":"Polygon","coordinates":[[[154406.732,171228.387],[154404.265,171227.524],[154405.276,171224.635],[154407.743,171225.498],[154406.732,171228.387]]]},"geometry_name":"GEOM","properties":{"INSPIRE_ID":"https://databrussels.be/id/building/1797899","BLOCK_ID":"https://databrussels.be/id/block/23613","AREA":8},"bbox":[154404.265,171224.635,154407.743,171228.387]},{"type":"Feature","id":"Buildings.fid--6f55e203_1a031389953_1659","geometry":{"type":"Polygon","coordinates":[[[154358.81,171001.01],[154359.79999979,170999.9999995],[154363.09000006,170996.65999958],[154363.48861601,170997.05140083],[154366.46999979,170999.99999967],[154371.86999999,171005.41999964],[154371.553,171005.74],[154371.491,171007.508],[154369.731,171009.284],[154367.964,171009.362],[154367.55,171009.78],[154358.81,171001.01]]]},"geometry_name":"GEOM","properties":{"INSPIRE_ID":"https://databrussels.be/id/building/1798674","BLOCK_ID":"https://databrussels.be/id/block/27408","AREA":81},"bbox":[154358.81,170996.65999958,154371.86999999,171009.78]},{"type":"Feature","id":"Buildings.fid--6f55e203_1a031389953_1697","geometry":{"type":"Polygon","coordinates":[[[154159.502,171013.508],[154156.784,171012.23],[154158.534,171008.507],[154161.252,171009.784],[154159.502,171013.508]]]},"geometry_name":"GEOM","properties":{"INSPIRE_ID":"https://databrussels.be/id/building/1802132","BLOCK_ID":"https://databrussels.be/id/block/25019","AREA":12},"bbox":[154156.784,171008.507,154161.252,171013.508]},{"type":"Feature","id":"Buildings.fid--6f55e203_1a031389953_169e","geometry":{"type":"Polygon","coordinates":[[[154167.756,171159.358],[154171.723,171141.145],[154189.567,171146.863],[154189.134,171147.829],[154192.726,171149.119],[154193.222,171147.995],[154196.522,171149.203],[154196.153,171150.244],[154199.679,171151.575],[154200.162,171150.262],[154207.653,171152.93],[154208.03,171152.025],[154212.728,171152.338],[154219.885,171150.954],[154223.998,171150.392],[154228.109,171149.099],[154232.927,171146.527],[154236.349,171144.379],[154238.92,171142.209],[154242.808,171143.578],[154244.279,171139.697],[154263.808,171146.116],[154258.383,171162.187],[154252.245,171160.056],[154252.552,171159.149],[154243.439,171155.84],[154239.528,171157.788],[154236.717,171166.016],[154229.665,171163.629],[154228.728,171166.161],[154224.702,171164.741],[154220.09,171166.704],[154218.568,171170.948],[154214.749,171169.786],[154214.288,171171.248],[154202.843,171167.421],[154202.349,171168.835],[154194.923,171166.393],[154195.067,171165.707],[154183.921,171162.094],[154182.992,171164.096],[154167.756,171159.358]]]},"geometry_name":"GEOM","properties":{"INSPIRE_ID":"https://databrussels.be/id/building/1805887","BLOCK_ID":"https://databrussels.be/id/block/23613","AREA":1587},"bbox":[154167.756,171139.697,154263.808,171171.248]},{"type":"Feature","id":"Buildings.fid--6f55e203_1a031389953_1617","geometry":{"type":"Polygon","coordinates":[[[154487.753,171008.141],[154485.89,171006.632],[154488.805,171003.033],[154490.667,171004.541],[154487.753,171008.141]]]},"geometry_name":"GEOM","properties":{"INSPIRE_ID":"https://databrussels.be/id/building/1805891","BLOCK_ID":"https://databrussels.be/id/block/26238","AREA":11},"bbox":[154485.89,171003.033,154490.667,171008.141]},{"type":"Feature","id":"Buildings.fid--6f55e203_1a031389953_1627","geometry":{"type":"Polygon","coordinates":[[[154395.55999995,171012.3899997],[154407.68599989,170999.99999963],[154408.96000012,170998.69899965],[154410.25000031,171000.00000021],[154415.13600039,171004.92599995],[154410.48970739,171009.76504703],[154408.16000095,171012.09199664],[154406.33999988,171013.91000016],[154405.1,171012.31],[154400.33,171016.99],[154400.07,171016.74],[154395.55999995,171012.3899997]]]},"geometry_name":"GEOM","properties":{"INSPIRE_ID":"https://databrussels.be/id/building/1807438","BLOCK_ID":"https://databrussels.be/id/block/23613","AREA":154},"bbox":[154395.55999995,170998.69899965,154415.13600039,171016.99]},{"type":"Feature","id":"Buildings.fid--6f55e203_1a031389953_1665","geometry":{"type":"Polygon","coordinates":[[[154183.60537632,171004.45904295],[154185.84,171000],[154186.27,170999.15],[154188.10082525,171000.004],[154195.65537028,171003.57130338],[154196.05,171003.76],[154193.42,171009.15],[154183.60537632,171004.45904295]]]},"geometry_name":"GEOM","properties":{"INSPIRE_ID":"https://databrussels.be/id/building/1807441","BLOCK_ID":"https://databrussels.be/id/block/25019","AREA":65},"bbox":[154183.60537632,170999.15,154196.05,171009.15]},{"type":"Feature","id":"Buildings.fid--6f55e203_1a031389953_1670","geometry":{"type":"Polygon","coordinates":[[[154239.16649207,171050.6127419],[154237.54246688,171051.99908541],[154235.22220201,171049.57708218],[154236.86858438,171048.13181105],[154239.16649207,171050.6127419]]]},"geometry_name":"GEOM","properties":{"INSPIRE_ID":"https://databrussels.be/id/building/1809841","BLOCK_ID":"https://databrussels.be/id/block/27408","AREA":7},"bbox":[154235.22220201,171048.13181105,154239.16649207,171051.99908541]},{"type":"Feature","id":"Buildings.fid--6f55e203_1a031389953_1642","geometry":{"type":"Polygon","coordinates":[[[154268.38,171116.17],[154271.04,171107.13],[154271.64,171107.34],[154271.9,171106.57],[154279.86,171108.97],[154279.63,171109.41],[154281.74,171110.13],[154282.44,171108.1],[154289.96699998,171110.68400018],[154286.47399982,171121.00300017],[154283.96750026,171123.30826894],[154269.79903603,171118.39226437],[154268.76464522,171116.29829907],[154268.38,171116.17]]]},"geometry_name":"GEOM","properties":{"INSPIRE_ID":"https://databrussels.be/id/building/1809862","BLOCK_ID":"https://databrussels.be/id/block/23613","AREA":236},"bbox":[154268.38,171106.57,154289.96699998,171123.30826894]},{"type":"Feature","id":"Buildings.fid--6f55e203_1a031389953_1698","geometry":{"type":"Polygon","coordinates":[[[154158.182,171052.174],[154161.24155169,171043.31695397],[154162.06833009,171040.92352648],[154163.24999764,171037.49000198],[154165.76000447,171038.7299948],[154167.59,171035.02],[154178.45,171040.71],[154171.611,171054.572],[154158.182,171052.174]]]},"geometry_name":"GEOM","properties":{"INSPIRE_ID":"https://databrussels.be/id/building/1809863","BLOCK_ID":"https://databrussels.be/id/block/25019","AREA":241},"bbox":[154158.182,171035.02,154178.45,171054.572]},{"type":"Feature","id":"Buildings.fid--6f55e203_1a031389953_164a","geometry":{"type":"Polygon","coordinates":[[[154289.37000022,171064.86000064],[154296.86899975,171057.33399992],[154314.37000026,171066.63000082],[154309.55,171078.16],[154308.67,171077.71],[154308.97,171077.13],[154304.84,171074.98],[154305.42,171073.87],[154300.68,171071.41],[154298.17,171073.55],[154297.98,171073.54],[154297.75665694,171073.52324927],[154295.82699406,171071.52994614],[154289.37000022,171064.86000064]]]},"geometry_name":"GEOM","properties":{"INSPIRE_ID":"https://databrussels.be/id/building/1809864","BLOCK_ID":"https://databrussels.be/id/block/23613","AREA":259},"bbox":[154289.37000022,171057.33399992,154314.37000026,171078.16]},{"type":"Feature","id":"Buildings.fid--6f55e203_1a031389953_16ae","geometry":{"type":"Polygon","coordinates":[[[154366.85764868,171395.27219344],[154372.23,171371.76],[154373.63,171372.08],[154374.6,171367.84],[154375.28,171367.99],[154375.49,171367.06],[154389.78,171370.32],[154389.5,171371.53],[154390.57,171371.77],[154389.64,171375.87],[154390.98,171376.17],[154385.63,171399.59],[154383.33,171399.06],[154375.95,171431.34],[154374.92,171431.11],[154374.77,171431.75],[154358.12,171427.94],[154358.29,171427.2],[154357.16,171426.94],[154362.48,171403.66],[154364.82,171404.19],[154366.85764868,171395.27219344]]]},"geometry_name":"GEOM","properties":{"INSPIRE_ID":"https://databrussels.be/id/building/1809960","BLOCK_ID":"https://databrussels.be/id/block/23613","AREA":1178},"bbox":[154357.16,171367.06,154390.98,171431.75]},{"type":"Feature","id":"Buildings.fid--6f55e203_1a031389953_1620","geometry":{"type":"Polygon","coordinates":[[[154416.03,171361.58],[154416.17,171360.99],[154415.23,171360.78],[154420.52,171337.41],[154422.86,171337.94],[154423.89,171333.41],[154430.28,171305.21],[154431.68,171305.53],[154432.66,171301.23],[154433.16,171301.34],[154433.37,171300.39],[154447.93,171303.69],[154447.64,171304.96],[154448.64,171305.18],[154447.69,171309.33],[154449.06,171309.64],[154443.77,171332.99],[154441.41,171332.45],[154440.32,171337.2],[154433.92,171365.22],[154432.84,171364.98],[154432.55,171366.25],[154429.76,171365.62],[154429.96,171364.74],[154416.03,171361.58]]]},"geometry_name":"GEOM","properties":{"INSPIRE_ID":"https://databrussels.be/id/building/1809961","BLOCK_ID":"https://databrussels.be/id/block/23613","AREA":1185},"bbox":[154415.23,171300.39,154449.06,171366.25]},{"type":"Feature","id":"Buildings.fid--6f55e203_1a031389953_16a6","geometry":{"type":"Polygon","coordinates":[[[154088.3,171280.86],[154087.32,171279.99],[154089.2,171277.29],[154087.42277344,171276.03246362],[154089.50223551,171273.026456],[154084.4,171269.37],[154086.75,171266.13],[154083.67,171263.94],[154085.6,171261.3],[154080.87,171257.85],[154083.13,171254.65],[154083.46,171254.85],[154085.32,171252.17],[154086.39,171252.87],[154088.68,171249.74],[154088.34,171249.52],[154090.51,171246.37],[154095.26,171249.69],[154097.62,171246.33],[154100.02909729,171242.98877887],[154103.84,171245.75],[154101.5,171249.05],[154104.86,171251.47],[154100.45,171257.87],[154108.59,171263.6],[154104.5,171269.47],[154109.15,171272.8],[154106.97,171276.24],[154106.58,171275.97],[154104.64,171278.68],[154102.22,171276.97],[154099.95,171280.1],[154098.43,171279.06],[154096.19,171282.27],[154095.55,171281.93],[154093.71,171284.45],[154088.3,171280.86]]]},"geometry_name":"GEOM","properties":{"INSPIRE_ID":"https://databrussels.be/id/building/1810143","BLOCK_ID":"https://databrussels.be/id/block/24689","AREA":647},"bbox":[154080.87,171242.98877887,154109.15,171284.45]},{"type":"Feature","id":"Buildings.fid--6f55e203_1a031389953_1621","geometry":{"type":"Polygon","coordinates":[[[154458.02,171429.51],[154462.86,171407.96],[154464.03,171408.22],[154465.05,171403.67],[154479.841,171407.057],[154478.61,171412.5],[154477.54,171412.26],[154472.92,171432.82],[154468.31,171453.33],[154469.26,171453.54],[154468.01,171459.1],[154453.35,171455.81],[154454.36,171451.32],[154453.18,171451.06],[154458.02,171429.51]]]},"geometry_name":"GEOM","properties":{"INSPIRE_ID":"https://databrussels.be/id/building/1810144","BLOCK_ID":"https://databrussels.be/id/block/23613","AREA":816},"bbox":[154453.18,171403.67,154479.841,171459.1]},{"type":"Feature","id":"Buildings.fid--6f55e203_1a031389953_169f","geometry":{"type":"Polygon","coordinates":[[[154274.24719557,171148.91960554],[154282.84188029,171151.83099591],[154314.01827852,171162.46632486],[154322.56977015,171165.42277786],[154320.37744377,171171.66387689],[154317.33187309,171181.22884726],[154277.45495969,171167.4146352],[154277.28834133,171168.1197431],[154268.60835171,171165.17921286],[154270.79285381,171158.87645017],[154272.08464648,171155.16525247],[154274.24719557,171148.91960554]]]},"geometry_name":"GEOM","properties":{"INSPIRE_ID":"https://databrussels.be/id/building/1810148","BLOCK_ID":"https://databrussels.be/id/block/23613","AREA":853},"bbox":[154268.60835171,171148.91960554,154322.56977015,171181.22884726]},{"type":"Feature","id":"Buildings.fid--6f55e203_1a031389953_1629","geometry":{"type":"Polygon","coordinates":[[[154403.44237845,171192.91191845],[154412.29800331,171196.04672252],[154442.87132876,171206.46660339],[154451.80044767,171209.47929847],[154449.73435515,171215.917916],[154446.55130033,171225.3980597],[154406.75291193,171211.70589984],[154406.58577341,171212.28274562],[154397.95226732,171209.23436429],[154400.06816987,171202.95690663],[154401.36971792,171199.31466173],[154403.44237845,171192.91191845]]]},"geometry_name":"GEOM","properties":{"INSPIRE_ID":"https://databrussels.be/id/building/1810150","BLOCK_ID":"https://databrussels.be/id/block/23613","AREA":858},"bbox":[154397.95226732,171192.91191845,154451.80044767,171225.3980597]},{"type":"Feature","id":"Buildings.fid--6f55e203_1a031389953_168f","geometry":{"type":"Polygon","coordinates":[[[154128.70148089,171004.78670508],[154130.80379932,171005.55575498],[154129.91618404,171007.95128476],[154127.80974556,171007.26909731],[154128.70148089,171004.78670508]]]},"geometry_name":"GEOM","properties":{"INSPIRE_ID":"https://databrussels.be/id/building/1810984","BLOCK_ID":"https://databrussels.be/id/block/25019","AREA":6},"bbox":[154127.80974556,171004.78670508,154130.80379932,171007.95128476]},{"type":"Feature","id":"Buildings.fid--6f55e203_1a031389953_1664","geometry":{"type":"Polygon","coordinates":[[[154180.6913101,171009.69715306],[154178.96253819,171008.77142201],[154181.49692686,171003.45129723],[154183.60537632,171004.45904295],[154193.42,171009.15],[154190.78,171014.58],[154180.6913101,171009.69715306]]]},"geometry_name":"GEOM","properties":{"INSPIRE_ID":"https://databrussels.be/id/building/1810995","BLOCK_ID":"https://databrussels.be/id/block/25019","AREA":79},"bbox":[154178.96253819,171003.45129723,154193.42,171014.58]},{"type":"Feature","id":"Buildings.fid--6f55e203_1a031389953_1637","geometry":{"type":"Polygon","coordinates":[[[154441.28000015,171015.45999972],[154448.33276333,171011.15547271],[154449.08003822,171010.75965696],[154449.82913435,171011.77113946],[154449.14530802,171012.27114245],[154449.94434982,171013.55324365],[154443.51999956,171019.81000008],[154441.28000015,171015.45999972]]]},"geometry_name":"GEOM","properties":{"INSPIRE_ID":"https://databrussels.be/id/building/1811009","BLOCK_ID":"https://databrussels.be/id/block/26238","AREA":34},"bbox":[154441.28000015,171010.75965696,154449.94434982,171019.81000008]},{"type":"Feature","id":"Buildings.fid--6f55e203_1a031389953_1638","geometry":{"type":"Polygon","coordinates":[[[154443.51999956,171019.81000008],[154449.94434982,171013.55324365],[154450.42150516,171013.10887988],[154451.58,171012.03],[154453.2299998,171014.1299997],[154452.96519541,171014.44428787],[154445.62999991,171023.71999948],[154445.31999998,171023.31000005],[154443.51999956,171019.81000008]]]},"geometry_name":"GEOM","properties":{"INSPIRE_ID":"https://databrussels.be/id/building/1811013","BLOCK_ID":"https://databrussels.be/id/block/26238","AREA":40},"bbox":[154443.51999956,171012.03,154453.2299998,171023.71999948]},{"type":"Feature","id":"Buildings.fid--6f55e203_1a031389953_1658","geometry":{"type":"Polygon","coordinates":[[[154355.37999993,171066.77000044],[154365.353,171056.931],[154373.98582085,171065.53662635],[154364.0400002,171075.54000008],[154355.37999993,171066.77000044]]]},"geometry_name":"GEOM","properties":{"INSPIRE_ID":"https://databrussels.be/id/building/1811015","BLOCK_ID":"https://databrussels.be/id/block/23613","AREA":172},"bbox":[154355.37999993,171056.931,154373.98582085,171075.54000008]},{"type":"Feature","id":"Buildings.fid--6f55e203_1a031389953_168d","geometry":{"type":"Polygon","coordinates":[[[154116.68887233,171038.29940238],[154120.97,171025.58],[154124.06,171026.64],[154124.14,171026.49],[154125.29,171026.89],[154124.99,171027.77],[154128.57,171029.01],[154128.67,171029.04],[154128.37,171029.79],[154124.46000049,171040.82999957],[154116.68887233,171038.29940238]]]},"geometry_name":"GEOM","properties":{"INSPIRE_ID":"https://databrussels.be/id/building/1811118","BLOCK_ID":"https://databrussels.be/id/block/25019","AREA":108},"bbox":[154116.68887233,171025.58,154128.67,171040.82999957]},{"type":"Feature","id":"Buildings.fid--6f55e203_1a031389953_16aa","geometry":{"type":"Polygon","coordinates":[[[154033.08003549,171311.77875007],[154035.61862518,171308.20548512],[154035.04172379,171307.7957371],[154039.44,171301.74],[154044.11,171304.98],[154048.5,171298.66],[154056.61,171304.29],[154058.55,171301.49],[154061.55,171303.57],[154063.65,171300.54],[154069.75,171304.8],[154066.94,171308.59],[154085.3,171321.3],[154075.72,171335.14],[154056.95,171322.13],[154056.1,171323.36],[154049.77,171318.97],[154047.57,171322.15],[154044.84,171320.26],[154042.67,171323.39],[154035.36,171318.33],[154037.58,171315.13],[154033.08003549,171311.77875007]]]},"geometry_name":"GEOM","properties":{"INSPIRE_ID":"https://databrussels.be/id/building/1811130","BLOCK_ID":"https://databrussels.be/id/block/24689","AREA":921},"bbox":[154033.08003549,171298.66,154085.3,171335.14]},{"type":"Feature","id":"Buildings.fid--6f55e203_1a031389953_1641","geometry":{"type":"Polygon","coordinates":[[[154267.56164625,171086.8316692],[154274.76000021,171094.13000413],[154279.05534645,171089.91034271],[154272.00125947,171082.34205995],[154267.56164625,171086.8316692]]]},"geometry_name":"GEOM","properties":{"INSPIRE_ID":"https://databrussels.be/id/building/1811134","BLOCK_ID":"https://databrussels.be/id/block/23613","AREA":63},"bbox":[154267.56164625,171082.34205995,154279.05534645,171094.13000413]},{"type":"Feature","id":"Buildings.fid--6f55e203_1a031389953_1609","geometry":{"type":"Polygon","coordinates":[[[154480.59000022,171057.83999982],[154483.84991271,171060.8208415],[154489.72691492,171054.52978303],[154491.56689654,171052.56084557],[154490.66999992,171051.71000006],[154491.56000025,171050.77999972],[154491.78999989,171051.00000027],[154493.84000043,171048.82999983],[154491.29000025,171046.41999985],[154486.48999969,171051.49999981],[154480.59000022,171057.83999982]]]},"geometry_name":"GEOM","properties":{"INSPIRE_ID":"https://databrussels.be/id/building/1811135","BLOCK_ID":"https://databrussels.be/id/block/26238","AREA":65},"bbox":[154480.59000022,171046.41999985,154493.84000043,171060.8208415]},{"type":"Feature","id":"Buildings.fid--6f55e203_1a031389953_1656","geometry":{"type":"Polygon","coordinates":[[[154350.24999986,171071.62000049],[154355.37999993,171066.77000044],[154364.0400002,171075.54000008],[154358.9799999,171080.49997909],[154350.24999986,171071.62000049]]]},"geometry_name":"GEOM","properties":{"INSPIRE_ID":"https://databrussels.be/id/building/1811252","BLOCK_ID":"https://databrussels.be/id/block/23613","AREA":88},"bbox":[154350.24999986,171066.77000044,154364.0400002,171080.49997909]},{"type":"Feature","id":"Buildings.fid--6f55e203_1a031389953_160c","geometry":{"type":"MultiPolygon","coordinates":[[[[154505.26,171059.21900034],[154503.553,171061.14800034],[154500.419,171064.68900034],[154498.987,171066.30900034],[154494.82,171070.99900035],[154492.129,171068.47000034],[154497.414,171061.69000035],[154500.88,171057.60000035],[154500.97,171057.50000034],[154501.92,171058.56000034],[154504.8058,171054.64850034],[154507.1441,171056.31090034],[154505.26,171059.21900034]]]]},"geometry_name":"GEOM","properties":{"INSPIRE_ID":"https://databrussels.be/id/building/1811255","BLOCK_ID":"https://databrussels.be/id/block/26238","AREA":72},"bbox":[154492.129,171054.64850034,154507.1441,171070.99900035]},{"type":"Feature","id":"Buildings.fid--6f55e203_1a031389953_1608","geometry":{"type":"Polygon","coordinates":[[[154473.34000037,171051.20999996],[154479.03000021,171044.45999972],[154486.48999969,171051.49999981],[154480.59000022,171057.83999982],[154473.34000037,171051.20999996]]]},"geometry_name":"GEOM","properties":{"INSPIRE_ID":"https://databrussels.be/id/building/1811257","BLOCK_ID":"https://databrussels.be/id/block/26238","AREA":88},"bbox":[154473.34000037,171044.45999972,154486.48999969,171057.83999982]},{"type":"Feature","id":"Buildings.fid--6f55e203_1a031389953_166e","geometry":{"type":"Polygon","coordinates":[[[154230.641,171077.968],[154233.48,171070.15],[154233.67,171070.22],[154238.14,171071.71],[154239.80447221,171070.05033841],[154239.63442071,171069.74450679],[154239.47379791,171069.32390083],[154239.36860132,171068.33423807],[154239.39597006,171067.73715666],[154239.55152877,171067.19606414],[154239.93489726,171066.58677481],[154239.55,171066.2],[154242.52999998,171063.2299996],[154251.24,171071.93],[154248.869,171074.296],[154249.65,171075.071],[154247.056,171077.689],[154246.321,171076.953],[154244.161,171079.1],[154244.984,171079.862],[154239.511,171085.389],[154235.091,171080.997],[154230.641,171077.968]]]},"geometry_name":"GEOM","properties":{"INSPIRE_ID":"https://databrussels.be/id/building/1812152","BLOCK_ID":"https://databrussels.be/id/block/27408","AREA":224},"bbox":[154230.641,171063.2299996,154251.24,171085.389]},{"type":"Feature","id":"Buildings.fid--6f55e203_1a031389953_165a","geometry":{"type":"Polygon","coordinates":[[[154365.353,171056.931],[154366.681,171055.503],[154366.671,171051.314],[154362.519,171047.259],[154362.623,171045.86],[154370.25574462,171038.04313899],[154378.80200002,171046.70999974],[154373.86046017,171051.92577673],[154373.90901057,171055.57672491],[154378.9366183,171060.60354815],[154373.98582085,171065.53662635],[154365.353,171056.931]]]},"geometry_name":"GEOM","properties":{"INSPIRE_ID":"https://databrussels.be/id/building/1812153","BLOCK_ID":"https://databrussels.be/id/block/23613","AREA":233},"bbox":[154362.519,171038.04313899,154378.9366183,171065.53662635]},{"type":"Feature","id":"Buildings.fid--6f55e203_1a031389953_1639","geometry":{"type":"Polygon","coordinates":[[[154445.62999991,171023.71999948],[154452.96519541,171014.44428787],[154453.2299998,171014.1299997],[154454.5,171012.72],[154454.74,171012.79],[154454.99,171012.85],[154455.23,171012.94],[154455.54,171013.09],[154455.83,171013.27],[154456.1,171013.48],[154456.32,171013.7],[154456.52,171013.94],[154456.7,171014.2],[154456.84,171014.45],[154456.96,171014.72],[154457.07000019,171014.99000022],[154447.4799995,171026.1500002],[154445.62999991,171023.71999948]]]},"geometry_name":"GEOM","properties":{"INSPIRE_ID":"https://databrussels.be/id/building/1812156","BLOCK_ID":"https://databrussels.be/id/block/26238","AREA":48},"bbox":[154445.62999991,171012.72,154457.07000019,171026.1500002]},{"type":"Feature","id":"Buildings.fid--6f55e203_1a031389953_161a","geometry":{"type":"Polygon","coordinates":[[[154461.58000043,171040.16000013],[154471.29000012,171028.99999947],[154474.98999902,171032.49000967],[154465.52000042,171043.85999998],[154461.58000043,171040.16000013]]]},"geometry_name":"GEOM","properties":{"INSPIRE_ID":"https://databrussels.be/id/building/1812159","BLOCK_ID":"https://databrussels.be/id/block/26238","AREA":78},"bbox":[154461.58000043,171028.99999947,154474.98999902,171043.85999998]},{"type":"Feature","id":"Buildings.fid--6f55e203_1a031389953_164d","geometry":{"type":"Polygon","coordinates":[[[154299.41799943,171007.27300006],[154299.08999957,171006.95000005],[154303.73,171002.38],[154312.31000144,171011.10999775],[154307.80999981,171015.66000044],[154299.41799943,171007.27300006]]]},"geometry_name":"GEOM","properties":{"INSPIRE_ID":"https://databrussels.be/id/building/1812163","BLOCK_ID":"https://databrussels.be/id/block/27408","AREA":79},"bbox":[154299.08999957,171002.38,154312.31000144,171015.66000044]},{"type":"Feature","id":"Buildings.fid--6f55e203_1a031389953_1672","geometry":{"type":"Polygon","coordinates":[[[154242.52999998,171063.2299996],[154240.57999982,171061.30999984],[154245.25000023,171056.56000009],[154248.87999961,171059.69000031],[154256.25,171066.93],[154255.861,171067.319],[154256.107,171068.698],[154252.922,171071.876],[154251.543,171071.628],[154251.24,171071.93],[154242.52999998,171063.2299996]]]},"geometry_name":"GEOM","properties":{"INSPIRE_ID":"https://databrussels.be/id/building/1812185","BLOCK_ID":"https://databrussels.be/id/block/27408","AREA":111},"bbox":[154240.57999982,171056.56000009,154256.25,171071.93]},{"type":"Feature","id":"Buildings.fid--6f55e203_1a031389953_168c","geometry":{"type":"Polygon","coordinates":[[[154108.73000002,171035.71000016],[154113.36,171022.51],[154117.23,171023.85],[154117.01,171024.49],[154120.49,171025.69],[154120.57,171025.44],[154120.97,171025.58],[154116.68887233,171038.29940238],[154108.73000002,171035.71000016]]]},"geometry_name":"GEOM","properties":{"INSPIRE_ID":"https://databrussels.be/id/building/1812186","BLOCK_ID":"https://databrussels.be/id/block/25019","AREA":113},"bbox":[154108.73000002,171022.51,154120.97,171038.29940238]},{"type":"Feature","id":"Buildings.fid--6f55e203_1a031389953_165f","geometry":{"type":"Polygon","coordinates":[[[154167.59,171035.02],[154165.1,171033.8],[154168.37,171027.14],[154171.5,171028.68],[154171.84999986,171028.81999992],[154181.8,171033.5],[154178.45,171040.71],[154167.59,171035.02]]]},"geometry_name":"GEOM","properties":{"INSPIRE_ID":"https://databrussels.be/id/building/1812188","BLOCK_ID":"https://databrussels.be/id/block/25019","AREA":114},"bbox":[154165.1,171027.14,154181.8,171040.71]},{"type":"Feature","id":"Buildings.fid--6f55e203_1a031389953_1677","geometry":{"type":"Polygon","coordinates":[[[154266.03,171057.18],[154261.04,171062.15],[154254.343,171055.32],[154252.587,171053.537],[154257.41,171048.62],[154266.03,171057.18]]]},"geometry_name":"GEOM","properties":{"INSPIRE_ID":"https://databrussels.be/id/building/1812189","BLOCK_ID":"https://databrussels.be/id/block/27408","AREA":84},"bbox":[154252.587,171048.62,154266.03,171062.15]},{"type":"Feature","id":"Buildings.fid--6f55e203_1a031389953_1652","geometry":{"type":"MultiPolygon","coordinates":[[[[154329.34,171014.24900034],[154337.57,171005.53000035],[154341.09,171009.12000035],[154339.44,171010.80000034],[154340.89,171012.27000034],[154334.33,171018.95000034],[154334.17,171018.80000034],[154329.34,171014.24900034]]]]},"geometry_name":"GEOM","properties":{"INSPIRE_ID":"https://databrussels.be/id/building/1813304","BLOCK_ID":"https://databrussels.be/id/block/27408","AREA":78},"bbox":[154329.34,171005.53000035,154341.09,171018.95000034]},{"type":"Feature","id":"Buildings.fid--6f55e203_1a031389953_1647","geometry":{"type":"Polygon","coordinates":[[[154281.06000017,171025.04000025],[154285.58999976,171020.43000091],[154293.12000036,171028.12999957],[154294.01999963,171029.02999992],[154289.51000025,171033.75999967],[154281.06000017,171025.04000025]]]},"geometry_name":"GEOM","properties":{"INSPIRE_ID":"https://databrussels.be/id/building/1813312","BLOCK_ID":"https://databrussels.be/id/block/27408","AREA":78},"bbox":[154281.06000017,171020.43000091,154294.01999963,171033.75999967]},{"type":"Feature","id":"Buildings.fid--6f55e203_1a031389953_1657","geometry":{"type":"Polygon","coordinates":[[[154352.14154447,171011.28710588],[154353.47518127,171009.92304468],[154352.25260966,171008.6371235],[154353.12483235,171007.7672961],[154352.64,171007.29],[154355.86,171004.01],[154358.81,171001.01],[154367.55,171009.78],[154367.233,171010.1],[154367.172,171011.868],[154361.193,171017.91],[154359.426,171017.99],[154359,171018.42],[154352.92231882,171012.09912263],[154352.14154447,171011.28710588]]]},"geometry_name":"GEOM","properties":{"INSPIRE_ID":"https://databrussels.be/id/building/1813323","BLOCK_ID":"https://databrussels.be/id/block/27408","AREA":155},"bbox":[154352.14154447,171001.01,154367.55,171018.42]},{"type":"Feature","id":"Buildings.fid--6f55e203_1a031389953_1626","geometry":{"type":"Polygon","coordinates":[[[154398.513798,171112.06711838],[154396.00612519,171115.75409041],[154392.99472401,171113.92275565],[154395.44366214,171110.1002142],[154398.513798,171112.06711838]]]},"geometry_name":"GEOM","properties":{"INSPIRE_ID":"https://databrussels.be/id/building/1813327","BLOCK_ID":"https://databrussels.be/id/block/23613","AREA":16},"bbox":[154392.99472401,171110.1002142,154398.513798,171115.75409041]},{"type":"Feature","id":"Buildings.fid--6f55e203_1a031389953_166c","geometry":{"type":"Polygon","coordinates":[[[154220.9304498,171058.51754848],[154222.66148595,171059.16327696],[154221.79197005,171061.86179674],[154220.15077306,171061.25306666],[154220.9304498,171058.51754848]]]},"geometry_name":"GEOM","properties":{"INSPIRE_ID":"https://databrussels.be/id/building/1813330","BLOCK_ID":"https://databrussels.be/id/block/27408","AREA":5},"bbox":[154220.15077306,171058.51754848,154222.66148595,171061.86179674]},{"type":"Feature","id":"Buildings.fid--6f55e203_1a031389953_164c","geometry":{"type":"Polygon","coordinates":[[[154296.60928259,171013.28166218],[154294.87199991,171011.68699959],[154299.41799943,171007.27300006],[154307.80999981,171015.66000044],[154303.27000012,171019.85000034],[154298.0999996,171014.64999993],[154296.60928259,171013.28166218]]]},"geometry_name":"GEOM","properties":{"INSPIRE_ID":"https://databrussels.be/id/building/1813919","BLOCK_ID":"https://databrussels.be/id/block/27408","AREA":73},"bbox":[154294.87199991,171007.27300006,154307.80999981,171019.85000034]},{"type":"Feature","id":"Buildings.fid--6f55e203_1a031389953_165e","geometry":{"type":"Polygon","coordinates":[[[154374.43799952,171033.76000009],[154378.85,171029.4],[154387.19000026,171037.98000009],[154382.85999957,171042.22000046],[154374.43799952,171033.76000009]]]},"geometry_name":"GEOM","properties":{"INSPIRE_ID":"https://databrussels.be/id/building/1813921","BLOCK_ID":"https://databrussels.be/id/block/23613","AREA":73},"bbox":[154374.43799952,171029.4,154387.19000026,171042.22000046]},{"type":"Feature","id":"Buildings.fid--6f55e203_1a031389953_1607","geometry":{"type":"Polygon","coordinates":[[[154479.03000021,171044.45999972],[154481.88125938,171041.07757451],[154482.88613624,171039.8854974],[154485.56600027,171042.32999953],[154488.66600047,171042.87099981],[154492.363228,171045.2841673],[154491.29000025,171046.41999985],[154486.48999969,171051.49999981],[154479.03000021,171044.45999972]]]},"geometry_name":"GEOM","properties":{"INSPIRE_ID":"https://databrussels.be/id/building/1813927","BLOCK_ID":"https://databrussels.be/id/block/26238","AREA":74},"bbox":[154479.03000021,171039.8854974,154492.363228,171051.49999981]},{"type":"Feature","id":"Buildings.fid--6f55e203_1a031389953_1691","geometry":{"type":"Polygon","coordinates":[[[154138.06999963,171045.2600001],[154141.74871823,171035.47986109],[154142.00840677,171034.78946019],[154142.18173515,171034.32865405],[154143.32750631,171034.71511569],[154143.70598485,171033.48839622],[154148.16643081,171035.00631733],[154147.12,171038.01],[154143.80999988,171047.13000012],[154138.06999963,171045.2600001]]]},"geometry_name":"GEOM","properties":{"INSPIRE_ID":"https://databrussels.be/id/building/1814465","BLOCK_ID":"https://databrussels.be/id/block/25019","AREA":75},"bbox":[154138.06999963,171033.48839622,154148.16643081,171047.13000012]},{"type":"Feature","id":"Buildings.fid--6f55e203_1a031389953_163a","geometry":{"type":"Polygon","coordinates":[[[154457.07,171014.99],[154460.32,171017.89],[154450.22,171029.71],[154450.11,171029.6],[154447.48,171026.15],[154457.07,171014.99]]]},"geometry_name":"GEOM","properties":{"INSPIRE_ID":"https://databrussels.be/id/building/1814466","BLOCK_ID":"https://databrussels.be/id/block/26238","AREA":66},"bbox":[154447.48,171014.99,154460.32,171029.71]},{"type":"Feature","id":"Buildings.fid--6f55e203_1a031389953_1687","geometry":{"type":"Polygon","coordinates":[[[154086.17000002,171006.84000048],[154096.49064653,171002.23060927],[154099.35038749,171008.56214865],[154098.71,171008.85],[154088.80999998,171013.29999985],[154086.17000002,171006.84000048]]]},"geometry_name":"GEOM","properties":{"INSPIRE_ID":"https://databrussels.be/id/building/1814469","BLOCK_ID":"https://databrussels.be/id/block/25019","AREA":80},"bbox":[154086.17000002,171002.23060927,154099.35038749,171013.29999985]},{"type":"Feature","id":"Buildings.fid--6f55e203_1a031389953_163f","geometry":{"type":"Polygon","coordinates":[[[154458.84000034,171037.59000005],[154469.47000019,171024.7199937],[154471,171026.16],[154470.55,171026.62],[154472.06,171028.05],[154471.29000012,171028.99999947],[154461.58000043,171040.16000013],[154458.84000034,171037.59000005]]]},"geometry_name":"GEOM","properties":{"INSPIRE_ID":"https://databrussels.be/id/building/1814580","BLOCK_ID":"https://databrussels.be/id/block/26238","AREA":65},"bbox":[154458.84000034,171024.7199937,154472.06,171040.16000013]},{"type":"Feature","id":"Buildings.fid--6f55e203_1a031389953_169d","geometry":{"type":"Polygon","coordinates":[[[154113.95936343,171175.42270089],[154111.65984316,171173.86826419],[154112.20504499,171173.10059676],[154110.30519654,171171.58227065],[154111.62920146,171169.79952447],[154113.91490568,171166.72186938],[154108.8479501,171163.14415719],[154111.05554234,171159.82461256],[154108.04139655,171157.83947146],[154109.98882029,171155.06821518],[154105.33097727,171151.79625195],[154100.64397748,171148.50380717],[154102.05171848,171146.67140015],[154100.61337388,171145.56403002],[154103.60697883,171141.45467817],[154104.64948208,171142.21920218],[154109.01534555,171136.08713376],[154112.17689278,171138.08565409],[154112.69396951,171138.41251568],[154116.87225651,171132.50887319],[154118.34343179,171133.55019972],[154119.61385023,171134.44942666],[154123.92160648,171137.4985405],[154131.03,171142.53],[154124.73,171151.62],[154132.85,171157.29],[154128.8,171163.22],[154133.52,171166.55],[154131.22,171169.91],[154130.84,171169.63],[154128.96,171172.4],[154126.51,171170.68],[154124.2,171173.87],[154122.71,171172.83],[154120.5,171176.02],[154119.77,171175.61],[154115.8368565,171172.74900956],[154113.95936343,171175.42270089]]]},"geometry_name":"GEOM","properties":{"INSPIRE_ID":"https://databrussels.be/id/building/1814582","BLOCK_ID":"https://databrussels.be/id/block/24689","AREA":813},"bbox":[154100.61337388,171132.50887319,154133.52,171176.02]},{"type":"Feature","id":"Buildings.fid--6f55e203_1a031389953_164b","geometry":{"type":"Polygon","coordinates":[[[154290.95,171016.83],[154293.31,171014.51],[154294.34,171015.52],[154296.60928259,171013.28166218],[154298.0999996,171014.64999993],[154303.27000012,171019.85000034],[154298.64,171024.57],[154292.31,171018.19],[154290.95,171016.83]]]},"geometry_name":"GEOM","properties":{"INSPIRE_ID":"https://databrussels.be/id/building/1814584","BLOCK_ID":"https://databrussels.be/id/block/27408","AREA":67},"bbox":[154290.95,171013.28166218,154303.27000012,171024.57]},{"type":"Feature","id":"Buildings.fid--6f55e203_1a031389953_1692","geometry":{"type":"Polygon","coordinates":[[[154143.80999988,171047.13000012],[154147.12,171038.01],[154153.62,171040.33],[154150.4,171049.44],[154143.80999988,171047.13000012]]]},"geometry_name":"GEOM","properties":{"INSPIRE_ID":"https://databrussels.be/id/building/1814585","BLOCK_ID":"https://databrussels.be/id/block/25019","AREA":67},"bbox":[154143.80999988,171038.01,154153.62,171049.44]},{"type":"Feature","id":"Buildings.fid--6f55e203_1a031389953_163e","geometry":{"type":"Polygon","coordinates":[[[154456.08995085,171035.01088921],[154458.84000034,171037.59000005],[154469.47000019,171024.7199937],[154469.62,171024.53],[154466.58613779,171022.06633175],[154456.08995085,171035.01088921]]]},"geometry_name":"GEOM","properties":{"INSPIRE_ID":"https://databrussels.be/id/building/1814680","BLOCK_ID":"https://databrussels.be/id/block/26238","AREA":64},"bbox":[154456.08995085,171022.06633175,154469.62,171037.59000005]},{"type":"Feature","id":"Buildings.fid--6f55e203_1a031389953_16a8","geometry":{"type":"Polygon","coordinates":[[[154063.65,171300.54],[154059.08,171297.37],[154061.28773092,171293.92013354],[154061.9,171294.2],[154063.95,171291.25],[154062.81,171290.46],[154064.73,171287.7],[154064.43,171287.49],[154066.81,171284.04],[154071.62,171287.51],[154075.73,171281.64],[154083.85,171287.27],[154088.3,171280.86],[154093.71,171284.45],[154095.69,171285.9],[154093.47,171289.1],[154098.23,171292.41],[154095.8,171295.91],[154095.5,171295.7],[154093.51,171298.57],[154094.64,171299.42],[154092.8,171302.08],[154094.04,171303],[154091.64,171306.47],[154083.89,171301.11],[154081.99,171303.86],[154078.93,171301.74],[154076.72,171304.93],[154073.62,171302.78],[154071.42,171305.95],[154069.75,171304.8],[154063.65,171300.54]]]},"geometry_name":"GEOM","properties":{"INSPIRE_ID":"https://databrussels.be/id/building/1814683","BLOCK_ID":"https://databrussels.be/id/block/24689","AREA":619},"bbox":[154059.08,171280.86,154098.23,171306.47]},{"type":"Feature","id":"Buildings.fid--6f55e203_1a031389953_16a9","geometry":{"type":"Polygon","coordinates":[[[154005.38598904,171296.18522485],[154009.58985906,171290.07347824],[154014.23,171293.18],[154018.34,171287.26],[154026.57,171292.97],[154030.62,171287.12],[154032.09,171288.14],[154034.33,171284.91],[154038.32,171287.68],[154036.02,171290.98],[154038.54,171292.73],[154036.7,171295.37],[154041.38,171298.68],[154039.44,171301.74],[154035.04172379,171307.7957371],[154035.61862518,171308.20548512],[154033.08003549,171311.77875007],[154028.57,171308.42],[154026.71,171311.1],[154023.31,171308.75],[154021.1,171311.94],[154016.35,171308.65],[154014.42,171311.23],[154005.88,171305.32],[154007.76,171302.61],[154005.74,171301.21],[154007.98,171297.98],[154005.38598904,171296.18522485]]]},"geometry_name":"GEOM","properties":{"INSPIRE_ID":"https://databrussels.be/id/building/1814684","BLOCK_ID":"https://databrussels.be/id/block/24689","AREA":623},"bbox":[154005.38598904,171284.91,154041.38,171311.94]},{"type":"Feature","id":"Buildings.fid--6f55e203_1a031389953_16a2","geometry":{"type":"Polygon","coordinates":[[[154105.6995263,171210.59376399],[154103.58715341,171209.15829251],[154105.49875359,171206.42601061],[154103.59590674,171205.07066869],[154105.85644539,171201.80732663],[154100.85462708,171198.43247248],[154103.04650931,171195.2241587],[154099.9356558,171193.06558026],[154101.91214976,171190.3462847],[154097.17343348,171186.98327628],[154099.46556788,171183.71250223],[154099.76358786,171183.89363615],[154101.66718976,171181.19397325],[154102.78158356,171182.0093864],[154104.98298767,171178.98518847],[154104.62016089,171178.72633613],[154107.00282068,171175.41668283],[154111.70632217,171178.6934453],[154113.95936343,171175.42270089],[154115.8368565,171172.74900956],[154119.77,171175.61],[154117.93,171178.16],[154121.14,171180.42],[154116.76,171186.82],[154124.83,171192.5],[154120.8,171198.44],[154125.42,171201.76],[154123.19,171205.14],[154122.78,171204.88],[154120.97,171207.63],[154118.47,171205.9],[154116.23,171209.12],[154114.67,171208.06],[154112.43,171211.17],[154111.74,171210.81],[154107.91572761,171207.70440215],[154105.6995263,171210.59376399]]]},"geometry_name":"GEOM","properties":{"INSPIRE_ID":"https://databrussels.be/id/building/1814685","BLOCK_ID":"https://databrussels.be/id/block/24689","AREA":623},"bbox":[154097.17343348,171172.74900956,154125.42,171211.17]},{"type":"Feature","id":"Buildings.fid--6f55e203_1a031389953_1651","geometry":{"type":"MultiPolygon","coordinates":[[[[154324.11,171009.20900034],[154332.88,171000.48900034],[154337.71,171005.38900034],[154337.57,171005.53000035],[154329.34,171014.24900034],[154324.11,171009.20900034]]]]},"geometry_name":"GEOM","properties":{"INSPIRE_ID":"https://databrussels.be/id/building/1814688","BLOCK_ID":"https://databrussels.be/id/block/27408","AREA":87},"bbox":[154324.11,171000.48900034,154337.71,171014.24900034]},{"type":"Feature","id":"Buildings.fid--6f55e203_1a031389953_1646","geometry":{"type":"Polygon","coordinates":[[[154276.47,171030.17],[154276.34,171030.03],[154276.17,171029.86],[154281.06000017,171025.04000025],[154289.51000025,171033.75999967],[154288.2429997,171035.02400021],[154288.45699981,171036.43500043],[154286.54599971,171038.34300024],[154285.12900037,171038.1319998],[154284.73000053,171038.52999998],[154276.47,171030.17]]]},"geometry_name":"GEOM","properties":{"INSPIRE_ID":"https://databrussels.be/id/building/1814689","BLOCK_ID":"https://databrussels.be/id/block/27408","AREA":87},"bbox":[154276.17,171025.04000025,154289.51000025,171038.52999998]},{"type":"Feature","id":"Buildings.fid--6f55e203_1a031389953_162b","geometry":{"type":"Polygon","coordinates":[[[154408.00000005,171053.29000243],[154410.09999994,171055.46999986],[154407.44000038,171058.03999895],[154405.34000046,171055.85999953],[154408.00000005,171053.29000243]]]},"geometry_name":"GEOM","properties":{"INSPIRE_ID":"https://databrussels.be/id/building/1814692","BLOCK_ID":"https://databrussels.be/id/block/23613","AREA":11},"bbox":[154405.34000046,171053.29000243,154410.09999994,171058.03999895]},{"type":"Feature","id":"Buildings.fid--6f55e203_1a031389953_1649","geometry":{"type":"Polygon","coordinates":[[[154285.58999976,171020.43000091],[154289.95000169,171015.99999785],[154290.06999954,171015.88000136],[154290.95,171016.83],[154292.31,171018.19],[154298.64,171024.57],[154298.76,171024.69],[154296.36,171026.85],[154294.11,171027.18],[154293.12000036,171028.12999957],[154285.58999976,171020.43000091]]]},"geometry_name":"GEOM","properties":{"INSPIRE_ID":"https://databrussels.be/id/building/1815037","BLOCK_ID":"https://databrussels.be/id/block/27408","AREA":75},"bbox":[154285.58999976,171015.88000136,154298.76,171028.12999957]},{"type":"Feature","id":"Buildings.fid--6f55e203_1a031389953_1661","geometry":{"type":"Polygon","coordinates":[[[154173.24220955,171021.52983815],[154172.62908927,171021.21406365],[154175.69,171014.99],[154187.65,171021.01],[154184.7,171027.26],[154173.24220955,171021.52983815]]]},"geometry_name":"GEOM","properties":{"INSPIRE_ID":"https://databrussels.be/id/building/1815647","BLOCK_ID":"https://databrussels.be/id/block/25019","AREA":93},"bbox":[154172.62908927,171014.99,154187.65,171027.26]},{"type":"Feature","id":"Buildings.fid--6f55e203_1a031389953_160e","geometry":{"type":"Polygon","coordinates":[[[154468.754,171086.521],[154471.27593483,171082.71819523],[154476.94499974,171074.66400021],[154481.0749995,171078.35599999],[154476.746,171084.619],[154475.73867818,171085.9893407],[154473.312,171089.587],[154470.28,171094.31],[154467.54,171092.57],[154470.87,171088.02],[154468.754,171086.521]]]},"geometry_name":"GEOM","properties":{"INSPIRE_ID":"https://databrussels.be/id/building/1815658","BLOCK_ID":"https://databrussels.be/id/block/23613","AREA":95},"bbox":[154467.54,171074.66400021,154481.0749995,171094.31]},{"type":"Feature","id":"Buildings.fid--6f55e203_1a031389953_1688","geometry":{"type":"Polygon","coordinates":[[[154088.80999998,171013.29999985],[154098.71,171008.85],[154099.35038749,171008.56214865],[154102.89,171016.08],[154091.91724104,171020.91323865],[154088.80999998,171013.29999985]]]},"geometry_name":"GEOM","properties":{"INSPIRE_ID":"https://databrussels.be/id/building/1815660","BLOCK_ID":"https://databrussels.be/id/block/25019","AREA":97},"bbox":[154088.80999998,171008.56214865,154102.89,171020.91323865]},{"type":"Feature","id":"Buildings.fid--6f55e203_1a031389953_1690","geometry":{"type":"Polygon","coordinates":[[[154131.29000009,171043.06000046],[154134.91,171032.04],[154135.51,171030.31],[154138.24,171031.25],[154138.15193829,171031.50525135],[154142.59939464,171033.06793792],[154142.18173515,171034.32865405],[154142.00840677,171034.78946019],[154141.74871823,171035.47986109],[154138.06999963,171045.2600001],[154131.29000009,171043.06000046]]]},"geometry_name":"GEOM","properties":{"INSPIRE_ID":"https://databrussels.be/id/building/1815662","BLOCK_ID":"https://databrussels.be/id/block/25019","AREA":98},"bbox":[154131.29000009,171030.31,154142.59939464,171045.2600001]},{"type":"Feature","id":"Buildings.fid--6f55e203_1a031389953_161e","geometry":{"type":"Polygon","coordinates":[[[154495.93763949,171039.46465915],[154498.59448071,171036.24130451],[154499.22315539,171036.74721704],[154496.57982501,171040.00765704],[154493.45201375,171043.93721754],[154492.52456149,171043.22000227],[154493.36145876,171042.25126426],[154492.77372976,171041.70553989],[154495.13827215,171038.85678258],[154495.93763949,171039.46465915]]]},"geometry_name":"GEOM","properties":{"INSPIRE_ID":"https://databrussels.be/id/building/1815751","BLOCK_ID":"https://databrussels.be/id/block/26238","AREA":12},"bbox":[154492.52456149,171036.24130451,154499.22315539,171043.93721754]},{"type":"Feature","id":"Buildings.fid--6f55e203_1a031389953_1628","geometry":{"type":"Polygon","coordinates":[[[154398.39194592,171079.0728831],[154396.41746997,171077.36203792],[154397.75531087,171075.61087931],[154398.16039494,171075.95219747],[154399.71354636,171073.98178132],[154401.65457774,171075.71592031],[154400.06046587,171077.49236191],[154399.81509485,171077.30613424],[154398.39194592,171079.0728831]]]},"geometry_name":"GEOM","properties":{"INSPIRE_ID":"https://databrussels.be/id/building/1815753","BLOCK_ID":"https://databrussels.be/id/block/23613","AREA":12},"bbox":[154396.41746997,171073.98178132,154401.65457774,171079.0728831]},{"type":"Feature","id":"Buildings.fid--6f55e203_1a031389953_163d","geometry":{"type":"Polygon","coordinates":[[[154456.39081256,171180.03737354],[154455.27673514,171181.34355022],[154453.30804931,171179.67933534],[154454.4352461,171178.35638605],[154456.39081256,171180.03737354]]]},"geometry_name":"GEOM","properties":{"INSPIRE_ID":"https://databrussels.be/id/building/1816711","BLOCK_ID":"https://databrussels.be/id/block/23613","AREA":4},"bbox":[154453.30804931,171178.35638605,154456.39081256,171181.34355022]},{"type":"Feature","id":"Buildings.fid--6f55e203_1a031389953_166f","geometry":{"type":"Polygon","coordinates":[[[154232.1817761,171054.93222964],[154233.93083665,171055.63003499],[154233.31149393,171057.38777564],[154231.56243792,171056.69001714],[154232.1817761,171054.93222964]]]},"geometry_name":"GEOM","properties":{"INSPIRE_ID":"https://databrussels.be/id/building/1817128","BLOCK_ID":"https://databrussels.be/id/block/27408","AREA":4},"bbox":[154231.56243792,171054.93222964,154233.93083665,171057.38777564]},{"type":"Feature","id":"Buildings.fid--6f55e203_1a031389953_1645","geometry":{"type":"Polygon","coordinates":[[[154273.24,171035.77],[154272.00822813,171034.56221274],[154276.47,171030.17],[154284.73000053,171038.52999998],[154280.43000024,171042.82000024],[154273.24,171035.77]]]},"geometry_name":"GEOM","properties":{"INSPIRE_ID":"https://databrussels.be/id/building/1817130","BLOCK_ID":"https://databrussels.be/id/block/27408","AREA":73},"bbox":[154272.00822813,171030.17,154284.73000053,171042.82000024]},{"type":"Feature","id":"Buildings.fid--6f55e203_1a031389953_160a","geometry":{"type":"Polygon","coordinates":[[[154483.84991271,171060.8208415],[154489.17000967,171065.69093757],[154497.76006132,171056.25092706],[154499.92184744,171053.28171875],[154495.02608573,171048.85679915],[154491.56689654,171052.56084557],[154489.72691492,171054.52978303],[154483.84991271,171060.8208415]]]},"geometry_name":"GEOM","properties":{"INSPIRE_ID":"https://databrussels.be/id/building/1819084","BLOCK_ID":"https://databrussels.be/id/block/26238","AREA":116},"bbox":[154483.84991271,171048.85679915,154499.92184744,171065.69093757]},{"type":"Feature","id":"Buildings.fid--6f55e203_1a031389953_161b","geometry":{"type":"Polygon","coordinates":[[[154465.52000042,171043.85999998],[154474.98999902,171032.49000967],[154476.36000006,171030.79999879],[154480.37000051,171034.57999831],[154477.82999951,171037.27000066],[154469.44999972,171047.55000013],[154465.52000042,171043.85999998]]]},"geometry_name":"GEOM","properties":{"INSPIRE_ID":"https://databrussels.be/id/building/1820183","BLOCK_ID":"https://databrussels.be/id/block/26238","AREA":90},"bbox":[154465.52000042,171030.79999879,154480.37000051,171047.55000013]},{"type":"Feature","id":"Buildings.fid--6f55e203_1a031389953_1663","geometry":{"type":"Polygon","coordinates":[[[154175.69,171014.99],[154178.11,171009.8],[154180.17,171010.83],[154180.6913101,171009.69715306],[154190.78,171014.58],[154187.65,171021.01],[154175.69,171014.99]]]},"geometry_name":"GEOM","properties":{"INSPIRE_ID":"https://databrussels.be/id/building/1820186","BLOCK_ID":"https://databrussels.be/id/block/25019","AREA":92},"bbox":[154175.69,171009.69715306,154190.78,171021.01]},{"type":"Feature","id":"Buildings.fid--6f55e203_1a031389953_1695","geometry":{"type":"Polygon","coordinates":[[[154150.4,171049.44],[154153.62,171040.33],[154154.01,171039.2],[154157.92123717,171040.56870488],[154158.23551984,171039.70955397],[154162.06833009,171040.92352648],[154161.24155169,171043.31695397],[154158.182,171052.174],[154150.56,171049.5],[154150.4,171049.44]]]},"geometry_name":"GEOM","properties":{"INSPIRE_ID":"https://databrussels.be/id/building/1820188","BLOCK_ID":"https://databrussels.be/id/block/25019","AREA":93},"bbox":[154150.4,171039.2,154162.06833009,171052.174]},{"type":"Feature","id":"Buildings.fid--6f55e203_1a031389953_16b2","geometry":{"type":"Polygon","coordinates":[[[153993.74,171444.87],[153994.52,171450.55],[153994.63,171450.53],[154000,171449.77],[154007.32,171448.73],[154007.92,171454.09],[154007.93,171454.23],[154017.53,171452.92],[154016.031,171441.851],[154013.03,171419.7],[153990.73,171422.76],[153991.55,171428.75],[154004.26,171427.01],[154005.7,171437.44],[154000,171438.22],[153993.29,171439.14],[153992.96,171439.19],[153993.74,171444.87]]]},"geometry_name":"GEOM","properties":{"INSPIRE_ID":"https://databrussels.be/id/building/1820237","BLOCK_ID":"https://databrussels.be/id/block/24689","AREA":548},"bbox":[153990.73,171419.7,154017.53,171454.23]},{"type":"Feature","id":"Buildings.fid--6f55e203_1a031389953_16a0","geometry":{"type":"Polygon","coordinates":[[[154074.59,171184.72],[154070.66,171181.99],[154066.10535706,171178.6998315],[154070.20776343,171173.04569622],[154066.54658808,171170.24513064],[154071.0470658,171163.84743755],[154075.57774931,171157.50792044],[154077.97333497,171159.16308433],[154082.05737204,171153.17222389],[154083.36754286,171154.13316652],[154084.63800579,171155.06498547],[154086.54,171156.46],[154090.5,171159.22],[154084.22,171168.22],[154086.56,171169.85],[154085.3,171171.65],[154084.23,171170.9],[154074.59,171184.72]]]},"geometry_name":"GEOM","properties":{"INSPIRE_ID":"https://databrussels.be/id/building/1820238","BLOCK_ID":"https://databrussels.be/id/block/24689","AREA":378},"bbox":[154066.10535706,171153.17222389,154090.5,171184.72]},{"type":"Feature","id":"Buildings.fid--6f55e203_1a031389953_16a5","geometry":{"type":"Polygon","coordinates":[[[154012.41,171263.82],[154008.16531757,171260.94972746],[154012.54,171255.15],[154008.28573051,171252.12632925],[154012.79883896,171245.64952586],[154015.42925719,171242.00272921],[154017.44530738,171239.16693678],[154021.17576287,171241.90034984],[154025.07268139,171235.87303773],[154026.33897989,171236.71485664],[154027.53751833,171237.61392606],[154029.06349972,171238.69171058],[154030.93,171240.01],[154034.99,171242.89],[154025.3,171256.6],[154026.33,171257.33],[154025.03,171259.17],[154022.74,171257.55],[154016.33,171266.6],[154012.41,171263.82]]]},"geometry_name":"GEOM","properties":{"INSPIRE_ID":"https://databrussels.be/id/building/1820239","BLOCK_ID":"https://databrussels.be/id/block/24689","AREA":414},"bbox":[154008.16531757,171235.87303773,154034.99,171266.6]},{"type":"Feature","id":"Buildings.fid--6f55e203_1a031389953_16a4","geometry":{"type":"Polygon","coordinates":[[[154097.62,171246.33],[154095.2,171244.67],[154097.38,171241.42],[154095.52,171240.15],[154097.88890072,171236.91229905],[154092.80131863,171233.4344406],[154095.00419978,171230.26824042],[154091.84,171228.04],[154093.74,171225.37],[154089.01,171221.98],[154091.29,171218.71],[154091.58,171218.92],[154093.49,171216.26],[154094.63,171216.98],[154096.83,171213.95],[154096.52,171213.69],[154098.71,171210.44],[154103.46,171213.81],[154105.6995263,171210.59376399],[154107.91572761,171207.70440215],[154111.74,171210.81],[154109.94,171213.43],[154113.12,171215.73],[154108.66,171222.09],[154116.72,171227.73],[154112.67,171233.65],[154117.4,171236.98],[154114.99,171240.39],[154114.72,171240.16],[154112.87,171242.84],[154110.36,171241.15],[154108.14,171244.3],[154106.59,171243.24],[154104.54,171246.23],[154103.84,171245.75],[154100.02909729,171242.98877887],[154097.62,171246.33]]]},"geometry_name":"GEOM","properties":{"INSPIRE_ID":"https://databrussels.be/id/building/1820241","BLOCK_ID":"https://databrussels.be/id/block/24689","AREA":628},"bbox":[154089.01,171207.70440215,154117.4,171246.33]},{"type":"Feature","id":"Buildings.fid--6f55e203_1a031389953_161f","geometry":{"type":"Polygon","coordinates":[[[154469.44999972,171047.55000013],[154477.82999951,171037.27000066],[154481.88125938,171041.07757451],[154479.03000021,171044.45999972],[154473.34000037,171051.20999996],[154469.44999972,171047.55000013]]]},"geometry_name":"GEOM","properties":{"INSPIRE_ID":"https://databrussels.be/id/building/1821806","BLOCK_ID":"https://databrussels.be/id/block/26238","AREA":72},"bbox":[154469.44999972,171037.27000066,154481.88125938,171051.20999996]},{"type":"Feature","id":"Buildings.fid--6f55e203_1a031389953_165d","geometry":{"type":"Polygon","coordinates":[[[154370.25574462,171038.04313899],[154374.43799952,171033.76000009],[154382.85999957,171042.22000046],[154378.80200002,171046.70999974],[154370.25574462,171038.04313899]]]},"geometry_name":"GEOM","properties":{"INSPIRE_ID":"https://databrussels.be/id/building/1822949","BLOCK_ID":"https://databrussels.be/id/block/23613","AREA":72},"bbox":[154370.25574462,171033.76000009,154382.85999957,171046.70999974]},{"type":"Feature","id":"Buildings.fid--6f55e203_1a031389953_164f","geometry":{"type":"MultiPolygon","coordinates":[[[[154303.73,171002.38000034],[154306.15,171000.00000034],[154313.85,170992.42000035],[154315.67,170994.21000034],[154326.48,170994.19000035],[154332.39,171000.00000035],[154332.88,171000.48900034],[154324.11,171009.20900034],[154323.74,171008.85000034],[154321.2,171006.36900034],[154316.968,171006.46300034],[154312.9,171010.52000034],[154312.31,171011.11000034],[154303.73,171002.38000034]]]]},"geometry_name":"GEOM","properties":{"INSPIRE_ID":"https://databrussels.be/id/building/1824519","BLOCK_ID":"https://databrussels.be/id/block/27408","AREA":309},"bbox":[154303.73,170992.42000035,154332.88,171011.11000034]},{"type":"Feature","id":"Buildings.fid--6f55e203_1a031389953_167d","geometry":{"type":"Polygon","coordinates":[[[153995.17,171056.57],[154000,171058.22],[154041.49,171072.33],[154037.66,171083.64],[154001.79,171071.52],[154001.57,171072.09],[154001.35,171072.67],[154001.14,171073.25],[154000.7,171074.41],[154000.28,171075.57],[154000,171076.46],[153999.91,171076.75],[153999.57,171078.03],[153999.3,171079.34],[153999.13,171080.64],[153999.09,171081.84],[153999.13,171083.03],[153999.24,171084.22],[153999.45,171085.46],[153999.73,171086.68],[154000,171087.54],[154000.1,171087.87],[154000.51,171088.89],[154000.98,171089.89],[154001.5,171090.86],[154002.23,171091.97],[154003.04,171093.03],[154003.9,171094.05],[154004.61,171094.82],[154005.34,171095.57],[154006.08,171096.32],[154012.39,171102.77],[154012.68,171102.39],[154020.69,171110.52],[154020.37,171110.83],[154005.47,171125.61],[154005.18,171125.33],[154001.39,171128.95],[154000,171127.55],[153994.49,171121.99],[153998.23,171118.29],[153992.17,171112.18],[154000,171104.42],[154001.21,171103.22],[154000,171102],[153998.43,171100.42],[153996.15,171102.69],[153994.3,171100.82],[153993.08,171099.02],[153991.42,171096.57],[153993.57,171095.12],[153993.38,171094.81],[153993.19,171094.49],[153993.01,171094.18],[153992.71,171093.61],[153992.44,171093.03],[153992.18,171092.44],[153991.74,171091.37],[153991.34,171090.28],[153991,171089.17],[153990.6,171087.56],[153990.31,171085.93],[153990.13,171084.28],[153990.06,171083.2],[153990.05,171082.11],[153990.07,171081.02],[153990.15,171079.68],[153990.29,171078.33],[153990.5,171077],[153990.8,171075.73],[153991.17,171074.46],[153991.55,171073.2],[153992.03,171071.62],[153992.52,171070.05],[153993.01,171068.48],[153991.27,171067.88],[153995.17,171056.57]]]},"geometry_name":"GEOM","properties":{"INSPIRE_ID":"https://databrussels.be/id/building/1824595","BLOCK_ID":"https://databrussels.be/id/block/24689","AREA":1363},"bbox":[153990.05,171056.57,154041.49,171128.95]},{"type":"Feature","id":"Buildings.fid--6f55e203_1a031389953_1669","geometry":{"type":"Polygon","coordinates":[[[154211.96004764,171026.48087799],[154225.5296763,171033.11267234],[154225.81915316,171033.25414644],[154228.80999981,171027.03999993],[154231.74999974,171020.95000003],[154218.05010576,171013.80084225],[154211.96004764,171026.48087799]]]},"geometry_name":"GEOM","properties":{"INSPIRE_ID":"https://databrussels.be/id/building/1824693","BLOCK_ID":"https://databrussels.be/id/block/27408","AREA":214},"bbox":[154211.96004764,171013.80084225,154231.74999974,171033.25414644]},{"type":"Feature","id":"Buildings.fid--6f55e203_1a031389953_1615","geometry":{"type":"Polygon","coordinates":[[[154481.21065658,171004.55299215],[154481.10000013,171004.46999977],[154483.90999987,171000.73000022],[154488.36999977,171002.00000024],[154487.45999969,171003.20000022],[154486.80999985,171002.70999961],[154483.90000002,171006.5700005],[154482.67085924,171005.64814456],[154481.89422688,171006.60857512],[154480.46739916,171005.44567995],[154481.21065658,171004.55299215]]]},"geometry_name":"GEOM","properties":{"INSPIRE_ID":"https://databrussels.be/id/building/1825109","BLOCK_ID":"https://databrussels.be/id/block/26238","AREA":22},"bbox":[154480.46739916,171000.73000022,154488.36999977,171006.60857512]},{"type":"Feature","id":"Buildings.fid--6f55e203_1a031389953_1636","geometry":{"type":"Polygon","coordinates":[[[154438.69999972,171010.42999985],[154447.28,171005.44],[154448.3224071,171007.28118846],[154449.97245159,171010.23034897],[154449.08003822,171010.75965696],[154448.33276333,171011.15547271],[154441.28000015,171015.45999972],[154439.49000052,171011.97000005],[154438.69999972,171010.42999985]]]},"geometry_name":"GEOM","properties":{"INSPIRE_ID":"https://databrussels.be/id/building/1825646","BLOCK_ID":"https://databrussels.be/id/block/26238","AREA":56},"bbox":[154438.69999972,171005.44,154449.97245159,171015.45999972]},{"type":"Feature","id":"Buildings.fid--6f55e203_1a031389953_166b","geometry":{"type":"Polygon","coordinates":[[[154218.2,171072.75],[154220.87997114,171065.00008452],[154227.35,171067.15],[154224.69,171074.9],[154218.2,171072.75]]]},"geometry_name":"GEOM","properties":{"INSPIRE_ID":"https://databrussels.be/id/building/1825648","BLOCK_ID":"https://databrussels.be/id/block/27408","AREA":56},"bbox":[154218.2,171065.00008452,154227.35,171074.9]},{"type":"Feature","id":"Buildings.fid--6f55e203_1a031389953_1653","geometry":{"type":"Polygon","coordinates":[[[154334.33000142,171018.94999899],[154340.88999996,171012.26999989],[154343.57,171014.99],[154341.89,171016.7],[154344.17,171018.65],[154339.01,171023.74],[154338.91,171023.63],[154334.33000142,171018.94999899]]]},"geometry_name":"GEOM","properties":{"INSPIRE_ID":"https://databrussels.be/id/building/1825649","BLOCK_ID":"https://databrussels.be/id/block/27408","AREA":57},"bbox":[154334.33000142,171012.26999989,154344.17,171023.74]},{"type":"Feature","id":"Buildings.fid--6f55e203_1a031389953_163b","geometry":{"type":"Polygon","coordinates":[[[154450.22000017,171029.71000023],[154460.31999958,171017.89000044],[154462.83000019,171020.21999962],[154453.12000007,171032.33000006],[154450.22000017,171029.71000023]]]},"geometry_name":"GEOM","properties":{"INSPIRE_ID":"https://databrussels.be/id/building/1825652","BLOCK_ID":"https://databrussels.be/id/block/26238","AREA":57},"bbox":[154450.22000017,171017.89000044,154462.83000019,171032.33000006]},{"type":"Feature","id":"Buildings.fid--6f55e203_1a031389953_160b","geometry":{"type":"MultiPolygon","coordinates":[[[[154489.17,171065.69090035],[154497.7601,171056.25090035],[154503.1387,171048.86340035],[154505.042,171050.35900035],[154500.3564,171057.10720034],[154500.88,171057.60000035],[154497.414,171061.69000035],[154492.129,171068.47000034],[154489.17,171065.69090035]]]]},"geometry_name":"GEOM","properties":{"INSPIRE_ID":"https://databrussels.be/id/building/1825757","BLOCK_ID":"https://databrussels.be/id/block/26238","AREA":70},"bbox":[154489.17,171048.86340035,154505.042,171068.47000034]},{"type":"Feature","id":"Buildings.fid--6f55e203_1a031389953_1623","geometry":{"type":"Polygon","coordinates":[[[154383.11,171025.19],[154387.29,171021.06],[154395.69,171029.37],[154395.61,171029.44],[154391.54,171033.71],[154383.11,171025.19]]]},"geometry_name":"GEOM","properties":{"INSPIRE_ID":"https://databrussels.be/id/building/1825764","BLOCK_ID":"https://databrussels.be/id/block/23613","AREA":71},"bbox":[154383.11,171021.06,154395.69,171033.71]},{"type":"Feature","id":"Buildings.fid--6f55e203_1a031389953_168e","geometry":{"type":"Polygon","coordinates":[[[154124.46000049,171040.82999957],[154128.37,171029.79],[154134.91,171032.04],[154131.29000009,171043.06000046],[154124.46000049,171040.82999957]]]},"geometry_name":"GEOM","properties":{"INSPIRE_ID":"https://databrussels.be/id/building/1826804","BLOCK_ID":"https://databrussels.be/id/block/25019","AREA":82},"bbox":[154124.46000049,171029.79,154134.91,171043.06000046]},{"type":"Feature","id":"Buildings.fid--6f55e203_1a031389953_1655","geometry":{"type":"Polygon","coordinates":[[[154349.74,171017.14],[154351.26,171015.65],[154349.15,171013.5],[154351.73,171010.87],[154352.14154447,171011.28710588],[154352.92231882,171012.09912263],[154359,171018.42],[154354.98,171022.49],[154349.74,171017.14]]]},"geometry_name":"GEOM","properties":{"INSPIRE_ID":"https://databrussels.be/id/building/1826835","BLOCK_ID":"https://databrussels.be/id/block/27408","AREA":54},"bbox":[154349.15,171010.87,154359,171022.49]},{"type":"Feature","id":"Buildings.fid--6f55e203_1a031389953_1660","geometry":{"type":"Polygon","coordinates":[[[154171.849,171028.819],[154175.0121,171022.4144],[154184.7,171027.26],[154181.8,171033.5],[154171.849,171028.819]]]},"geometry_name":"GEOM","properties":{"INSPIRE_ID":"https://databrussels.be/id/building/1826838","BLOCK_ID":"https://databrussels.be/id/block/25019","AREA":77},"bbox":[154171.849,171022.4144,154184.7,171033.5]},{"type":"Feature","id":"Buildings.fid--6f55e203_1a031389953_167c","geometry":{"type":"Polygon","coordinates":[[[154262.56,171091.68],[154267.55999984,171086.82999993],[154274.76000021,171094.13000413],[154272.08999953,171096.75000416],[154271.41000024,171095.96998563],[154269.23737033,171098.32587317],[154268.92,171098.01],[154262.56,171091.68]]]},"geometry_name":"GEOM","properties":{"INSPIRE_ID":"https://databrussels.be/id/building/1826938","BLOCK_ID":"https://databrussels.be/id/block/23613","AREA":68},"bbox":[154262.56,171086.82999993,154274.76000021,171098.32587317]},{"type":"Feature","id":"Buildings.fid--6f55e203_1a031389953_1675","geometry":{"type":"Polygon","coordinates":[[[154248.87999961,171059.69000031],[154251.68344073,171057.06613573],[154252.13908817,171057.51720186],[154254.34311369,171055.32004335],[154261.04,171062.15],[154256.25,171066.93],[154248.87999961,171059.69000031]]]},"geometry_name":"GEOM","properties":{"INSPIRE_ID":"https://databrussels.be/id/building/1826941","BLOCK_ID":"https://databrussels.be/id/block/27408","AREA":68},"bbox":[154248.87999961,171055.32004335,154261.04,171066.93]},{"type":"Feature","id":"Buildings.fid--6f55e203_1a031389953_1648","geometry":{"type":"Polygon","coordinates":[[[154285.14000015,171069.06999981],[154289.37000022,171064.86000064],[154295.82699406,171071.52994614],[154297.75665694,171073.52324927],[154293.81779896,171077.47426005],[154285.14000015,171069.06999981]]]},"geometry_name":"GEOM","properties":{"INSPIRE_ID":"https://databrussels.be/id/building/1826949","BLOCK_ID":"https://databrussels.be/id/block/23613","AREA":70},"bbox":[154285.14000015,171064.86000064,154297.75665694,171077.47426005]},{"type":"Feature","id":"Buildings.fid--6f55e203_1a031389953_163c","geometry":{"type":"Polygon","coordinates":[[[154453.12000007,171032.33000006],[154456.08995085,171035.01088921],[154466.58613779,171022.06633175],[154467.26984779,171021.22313761],[154465.71,171019.96],[154464.44,171021.52],[154462.83000019,171020.21999962],[154453.12000007,171032.33000006]]]},"geometry_name":"GEOM","properties":{"INSPIRE_ID":"https://databrussels.be/id/building/1826952","BLOCK_ID":"https://databrussels.be/id/block/26238","AREA":67},"bbox":[154453.12000007,171019.96,154467.26984779,171035.01088921]},{"type":"Feature","id":"Buildings.fid--6f55e203_1a031389953_16a3","geometry":{"type":"Polygon","coordinates":[[[154044.71,171245.5],[154042.78790503,171244.11130588],[154040.84109125,171246.6806201],[154037.23995111,171244.02723568],[154042.81578456,171235.74601891],[154039.17467586,171232.90621805],[154043.66301652,171226.3681334],[154048.20937496,171220.22595315],[154051.92688904,171222.5184452],[154057.94761496,171214.1230783],[154059.21238292,171214.83019122],[154063.4015431,171208.94241325],[154059.74345669,171206.53398041],[154068.5882975,171193.61197185],[154071.06401209,171195.22420987],[154075.03738621,171189.67533973],[154076.26960579,171190.44245553],[154077.73449491,171191.35441929],[154079.14038828,171192.22965536],[154080.94,171193.35],[154085,171196.18],[154078.72,171205.19],[154081.09,171206.84],[154079.85,171208.62],[154078.83,171207.91],[154069.15,171221.81],[154067.09,171224.53],[154057.53,171238.33],[154058.56,171239.04],[154057.33,171240.82],[154055,171239.2],[154048.7,171248.29],[154044.71,171245.5]]]},"geometry_name":"GEOM","properties":{"INSPIRE_ID":"https://databrussels.be/id/building/1826966","BLOCK_ID":"https://databrussels.be/id/block/24689","AREA":952},"bbox":[154037.23995111,171189.67533973,154085,171248.29]},{"type":"Feature","id":"Buildings.fid--6f55e203_1a031389953_167e","geometry":{"type":"Polygon","coordinates":[[[153997.49,171022.37],[154000,171014.97],[154002.01,171009.05],[154010.91,171012.07],[154011.03,171011.7],[154019.7,171014.64],[154020.47,171012.4],[154047.78,171021.66],[154047.95,171021.08],[154048.12,171020.49],[154048.27,171019.9],[154048.35,171019.57],[154048.42,171019.24],[154048.48,171018.9],[154048.58,171018.12],[154048.62,171017.33],[154048.62,171016.53],[154048.58,171015.85],[154048.5,171015.17],[154048.39,171014.5],[154048.26,171013.96],[154048.1,171013.42],[154047.93,171012.89],[154047.37,171011.4],[154046.71,171009.94],[154046.04,171008.48],[154045.58,171007.42],[154044.64,171005.3],[154044.1,171005.55],[154043.84,171004.97],[154043.05,171005.33],[154042.39,171003.85],[154041.36,171004.32],[154039.43,171000],[154036.79,170994.07],[154044.61,170990.65],[154048.71,171000],[154051.32,171005.95],[154051.9,171007.27],[154052.48,171008.59],[154053.01,171009.93],[154053.53,171011.43],[154053.99,171012.95],[154054.31,171014.49],[154054.46,171015.94],[154054.49,171017.4],[154054.41,171018.86],[154054.03,171021.01],[154053.41,171023.14],[154052.73,171025.24],[154052.43,171026.18],[154052.12,171027.12],[154051.81,171028.06],[154055.93,171029.45],[154052.06,171040.93],[154000,171023.23],[153997.49,171022.37]]]},"geometry_name":"GEOM","properties":{"INSPIRE_ID":"https://databrussels.be/id/building/1826969","BLOCK_ID":"https://databrussels.be/id/block/24689","AREA":1127},"bbox":[153997.49,170990.65,154055.93,171040.93]},{"type":"Feature","id":"Buildings.fid--6f55e203_1a031389953_16a1","geometry":{"type":"Polygon","coordinates":[[[154332.29165899,171168.73163925],[154339.93071457,171171.45520585],[154358.70522067,171177.74256471],[154366.86436683,171180.51553915],[154384.97313117,171186.7395067],[154393.70637723,171189.70254594],[154391.03524468,171197.17555467],[154387.85205746,171206.05258137],[154375.7431822,171202.08314118],[154375.98410951,171201.19178728],[154340.34939322,171188.7440403],[154339.30644893,171192.39345278],[154325.81463385,171187.77836951],[154328.28696842,171180.26304382],[154329.69047157,171176.18540111],[154332.29165899,171168.73163925]]]},"geometry_name":"GEOM","properties":{"INSPIRE_ID":"https://databrussels.be/id/building/1826970","BLOCK_ID":"https://databrussels.be/id/block/23613","AREA":1130},"bbox":[154325.81463385,171168.73163925,154393.70637723,171206.05258137]},{"type":"Feature","id":"Buildings.fid--6f55e203_1a031389953_1686","geometry":{"type":"Polygon","coordinates":[[[154086.17000002,171006.84000048],[154083.509,171000.33],[154093.66921615,170995.9838905],[154096.49064653,171002.23060927],[154086.17000002,171006.84000048]]]},"geometry_name":"GEOM","properties":{"INSPIRE_ID":"https://databrussels.be/id/building/1829424","BLOCK_ID":"https://databrussels.be/id/block/25019","AREA":78},"bbox":[154083.509,170995.9838905,154096.49064653,171006.84000048]}],"numberReturned":159,"grand_bruxelles_source":{"authority":"Paradigm / Brussels-Capital Region","service":"https://geoservices-urbis.irisnet.be/geoserver/urbisvector/wfs","layer":"urbisvector:Buildings","crs":"EPSG:31370","bbox":[154000.0,171000.0,154500.0,171500.0],"cell_id":"bxl-e154000-n171000-s500","ownership":"polygon_or_multipolygon_centroid_global_500m_cell"}}
