{"type":"FeatureCollection","totalFeatures":333,"numberMatched":333,"timeStamp":"2026-08-24T03:42:02.715Z","crs":{"type":"name","properties":{"name":"urn:ogc:def:crs:EPSG::31370"}},"bbox":[154462.13,170972.34,155027.42,171512.3254],"features":[{"type":"Feature","id":"Buildings.fid-6d0a8ac7_1a031465927_11bd","geometry":{"type":"Polygon","coordinates":[[[154815.844,171433.839],[154822.5,171439.17],[154822.62,171439.03],[154826.89,171433.95],[154826.43000018,171433.5500002],[154828.3524419,171431.3310112],[154821.60889833,171425.39364818],[154821.485,171425.541],[154821.056,171425.183],[154818.772,171427.905],[154820.381,171429.259],[154818.569,171431.418],[154818.163,171431.077],[154815.844,171433.839]]]},"geometry_name":"GEOM","properties":{"INSPIRE_ID":"https://databrussels.be/id/building/1582875","BLOCK_ID":"https://databrussels.be/id/block/27647","AREA":87},"bbox":[154815.844,171425.183,154828.3524419,171439.17]},{"type":"Feature","id":"Buildings.fid-6d0a8ac7_1a031465927_1112","geometry":{"type":"Polygon","coordinates":[[[154771.15,171477.19],[154770.01,171475.45],[154769.677,171475.674],[154765.618,171469.515],[154772.904,171464.659],[154777.69,171471.57],[154778.3,171472.47],[154771.15,171477.19]]]},"geometry_name":"GEOM","properties":{"INSPIRE_ID":"https://databrussels.be/id/building/1583803","BLOCK_ID":"https://databrussels.be/id/block/28003","AREA":83},"bbox":[154765.618,171464.659,154778.3,171477.19]},{"type":"Feature","id":"Buildings.fid-6d0a8ac7_1a031465927_11f8","geometry":{"type":"Polygon","coordinates":[[[154736.3700004,171136.20599988],[154741.79,171126.41],[154748.42000021,171130.45000115],[154742.605,171140.001],[154736.3700004,171136.20599988]]]},"geometry_name":"GEOM","properties":{"INSPIRE_ID":"https://databrussels.be/id/building/1583804","BLOCK_ID":"https://databrussels.be/id/block/27866","AREA":84},"bbox":[154736.3700004,171126.41,154748.42000021,171140.001]},{"type":"Feature","id":"Buildings.fid-6d0a8ac7_1a031465927_118e","geometry":{"type":"Polygon","coordinates":[[[154894.12000009,171349.07000003],[154903.44,171344.82],[154906.27,171351.48],[154897.64,171355.1],[154896.85,171355.44],[154896.8,171355.34],[154894.12000009,171349.07000003]]]},"geometry_name":"GEOM","properties":{"INSPIRE_ID":"https://databrussels.be/id/building/1583823","BLOCK_ID":"https://databrussels.be/id/block/27866","AREA":72},"bbox":[154894.12000009,171344.82,154906.27,171355.44]},{"type":"Feature","id":"Buildings.fid-6d0a8ac7_1a031465927_11b8","geometry":{"type":"Polygon","coordinates":[[[154795.4,171465.46],[154802.834,171461.277],[154807.185,171469.227],[154800.675,171472.827],[154799.31,171470.44],[154798.93,171470.66],[154798.04,171469.11],[154797.62,171469.34],[154795.4,171465.46]]]},"geometry_name":"GEOM","properties":{"INSPIRE_ID":"https://databrussels.be/id/building/1583826","BLOCK_ID":"https://databrussels.be/id/block/28003","AREA":73},"bbox":[154795.4,171461.277,154807.185,171472.827]},{"type":"Feature","id":"Buildings.fid-6d0a8ac7_1a031465927_1169","geometry":{"type":"Polygon","coordinates":[[[154885.74,171275.17],[154889.86019113,171280.55022055],[154895.72868363,171275.94728872],[154898.02276019,171274.1479377],[154893.84,171268.73],[154892.98,171269.39],[154885.74,171275.17]]]},"geometry_name":"GEOM","properties":{"INSPIRE_ID":"https://databrussels.be/id/building/1583830","BLOCK_ID":"https://databrussels.be/id/block/27866","AREA":71},"bbox":[154885.74,171268.73,154898.02276019,171280.55022055]},{"type":"Feature","id":"Buildings.fid-6d0a8ac7_1a031465927_1135","geometry":{"type":"Polygon","coordinates":[[[154462.13,171281.03],[154465.62,171266.16],[154545.29,171284.62],[154541.91,171299.61],[154517.73,171293.98],[154517.45,171295.18],[154511.18,171293.74],[154511.46,171292.52],[154492.46,171288.1],[154492.2,171289.3],[154485.95,171287.9],[154486.23,171286.65],[154462.13,171281.03]]]},"geometry_name":"GEOM","properties":{"INSPIRE_ID":"https://databrussels.be/id/building/1583834","BLOCK_ID":"https://databrussels.be/id/block/23613","AREA":1270},"bbox":[154462.13,171266.16,154545.29,171299.61]},{"type":"Feature","id":"Buildings.fid-6d0a8ac7_1a031465927_10e5","geometry":{"type":"Polygon","coordinates":[[[154762.78,171335.82],[154764.67,171334.13],[154766.2,171335.83],[154764.31,171337.52],[154762.78,171335.82]]]},"geometry_name":"GEOM","properties":{"INSPIRE_ID":"https://databrussels.be/id/building/1583879","BLOCK_ID":"https://databrussels.be/id/block/23613","AREA":6},"bbox":[154762.78,171334.13,154766.2,171337.52]},{"type":"Feature","id":"Buildings.fid-6d0a8ac7_1a031465927_114f","geometry":{"type":"Polygon","coordinates":[[[154667.79,171496.15],[154669.56,171498.08],[154667.91,171499.6],[154666.14,171497.67],[154667.79,171496.15]]]},"geometry_name":"GEOM","properties":{"INSPIRE_ID":"https://databrussels.be/id/building/1583882","BLOCK_ID":"https://databrussels.be/id/block/23613","AREA":6},"bbox":[154666.14,171496.15,154669.56,171499.6]},{"type":"Feature","id":"Buildings.fid-6d0a8ac7_1a031465927_11c6","geometry":{"type":"Polygon","coordinates":[[[154838.81,171418.05],[154843.873,171411.866],[154846.134,171413.779],[154846.829,171412.933],[154849.59600167,171415.20099924],[154843.67,171422.15],[154838.81,171418.05]]]},"geometry_name":"GEOM","properties":{"INSPIRE_ID":"https://databrussels.be/id/building/1583886","BLOCK_ID":"https://databrussels.be/id/block/27647","AREA":55},"bbox":[154838.81,171411.866,154849.59600167,171422.15]},{"type":"Feature","id":"Buildings.fid-6d0a8ac7_1a031465927_11df","geometry":{"type":"Polygon","coordinates":[[[154867.8337,171490.2082],[154864.7554,171491.0164],[154864.4173,171489.7287],[154861.279,171490.5526],[154861.192,171490.2211],[154857.95233432,171491.07169961],[154860.18412696,171498.87576271],[154865.9882,171497.3519],[154866.3827,171498.8542],[154869.8637,171497.9403],[154867.8337,171490.2082]]]},"geometry_name":"GEOM","properties":{"INSPIRE_ID":"https://databrussels.be/id/building/1583893","BLOCK_ID":"https://databrussels.be/id/block/27228","AREA":78},"bbox":[154857.95233432,171489.7287,154869.8637,171498.87576271]},{"type":"Feature","id":"Buildings.fid-6d0a8ac7_1a031465927_1215","geometry":{"type":"Polygon","coordinates":[[[154784.61,171205.29],[154793.27,171197.93],[154802.18,171208.43],[154793.52,171215.79],[154784.61,171205.29]]]},"geometry_name":"GEOM","properties":{"INSPIRE_ID":"https://databrussels.be/id/building/1584827","BLOCK_ID":"https://databrussels.be/id/block/27866","AREA":157},"bbox":[154784.61,171197.93,154802.18,171215.79]},{"type":"Feature","id":"Buildings.fid-6d0a8ac7_1a031465927_1201","geometry":{"type":"Polygon","coordinates":[[[154869.86,171181.54],[154864.26,171185.69],[154860.39,171181.5],[154860.15,171181.67],[154831.43,171150.62],[154802.15,171118.96],[154810.53,171111.2],[154837.22,171140.04],[154868.53,171173.89],[154865.97,171176.26],[154869.86,171181.54]]]},"geometry_name":"GEOM","properties":{"INSPIRE_ID":"https://databrussels.be/id/building/1584833","BLOCK_ID":"https://databrussels.be/id/block/27866","AREA":1021},"bbox":[154802.15,171111.2,154869.86,171185.69]},{"type":"Feature","id":"Buildings.fid-6d0a8ac7_1a031465927_1132","geometry":{"type":"Polygon","coordinates":[[[154599.19904137,171207.66786231],[154604.73999289,171183.74690736],[154591.26441526,171180.65562572],[154585.64301199,171204.33606799],[154599.19904137,171207.66786231]]]},"geometry_name":"GEOM","properties":{"INSPIRE_ID":"https://databrussels.be/id/building/1584834","BLOCK_ID":"https://databrussels.be/id/block/23613","AREA":340},"bbox":[154585.64301199,171180.65562572,154604.73999289,171207.66786231]},{"type":"Feature","id":"Buildings.fid-6d0a8ac7_1a031465927_1124","geometry":{"type":"Polygon","coordinates":[[[154601.766,171094.698],[154642.613,171059.923],[154654.468,171059.626],[154670.36,171071.406],[154660.862,171082.708],[154649.64,171074.021],[154648.035,171074.061],[154610.847,171105.364],[154601.766,171094.698]]]},"geometry_name":"GEOM","properties":{"INSPIRE_ID":"https://databrussels.be/id/building/1584836","BLOCK_ID":"https://databrussels.be/id/block/27866","AREA":1067},"bbox":[154601.766,171059.626,154670.36,171105.364]},{"type":"Feature","id":"Buildings.fid-6d0a8ac7_1a031465927_11be","geometry":{"type":"Polygon","coordinates":[[[154816.34,171389.57],[154822.811,171394.805],[154827.048,171389.805],[154826.866,171389.649],[154829.11155815,171386.67358543],[154823.28463645,171381.9608842],[154821.33000024,171384.30000041],[154820.98,171384],[154816.34,171389.57]]]},"geometry_name":"GEOM","properties":{"INSPIRE_ID":"https://databrussels.be/id/building/1584847","BLOCK_ID":"https://databrussels.be/id/block/23613","AREA":83},"bbox":[154816.34,171381.9608842,154829.11155815,171394.805]},{"type":"Feature","id":"Buildings.fid-6d0a8ac7_1a031465927_10f8","geometry":{"type":"Polygon","coordinates":[[[154742.196,171486.494],[154741.671,171484.791],[154745.57,171483.59],[154745.93,171484.83],[154746.18,171484.76],[154746.33499994,171485.29299981],[154742.196,171486.494]]]},"geometry_name":"GEOM","properties":{"INSPIRE_ID":"https://databrussels.be/id/building/1584865","BLOCK_ID":"https://databrussels.be/id/block/25016","AREA":8},"bbox":[154741.671,171483.59,154746.33499994,171486.494]},{"type":"Feature","id":"Buildings.fid-6d0a8ac7_1a031465927_111b","geometry":{"type":"Polygon","coordinates":[[[154782.21400013,171424.75900055],[154787.3,171429.036],[154789.247,171426.728],[154793.08,171429.95],[154795.97,171426.52],[154792.47,171423.56],[154792.99,171422.94],[154787.62,171418.41],[154782.21400013,171424.75900055]]]},"geometry_name":"GEOM","properties":{"INSPIRE_ID":"https://databrussels.be/id/building/1584877","BLOCK_ID":"https://databrussels.be/id/block/23613","AREA":78},"bbox":[154782.21400013,171418.41,154795.97,171429.95]},{"type":"Feature","id":"Buildings.fid-6d0a8ac7_1a031465927_110a","geometry":{"type":"Polygon","coordinates":[[[154751.28,171429.81],[154755.164,171434.695],[154752.769,171436.728],[154746.801,171429.689],[154748.95,171427.87],[154750.88,171430.15],[154751.28,171429.81]]]},"geometry_name":"GEOM","properties":{"INSPIRE_ID":"https://databrussels.be/id/building/1584888","BLOCK_ID":"https://databrussels.be/id/block/23613","AREA":29},"bbox":[154746.801,171427.87,154755.164,171436.728]},{"type":"Feature","id":"Buildings.fid-6d0a8ac7_1a031465927_119a","geometry":{"type":"Polygon","coordinates":[[[154803.99310909,171351.9294823],[154808.19195176,171357.00297098],[154810.53793242,171355.00087217],[154809.78692589,171354.11875614],[154806.268,171349.982],[154803.99310909,171351.9294823]]]},"geometry_name":"GEOM","properties":{"INSPIRE_ID":"https://databrussels.be/id/building/1584897","BLOCK_ID":"https://databrussels.be/id/block/23613","AREA":20},"bbox":[154803.99310909,171349.982,154810.53793242,171357.00297098]},{"type":"Feature","id":"Buildings.fid-6d0a8ac7_1a031465927_1144","geometry":{"type":"Polygon","coordinates":[[[154556.72,171042.04],[154552.84,171039.98],[154551.69,171042.15],[154549.09,171040.77],[154551.58,171036.06],[154552.31,171036.39],[154553.04,171034.75],[154559.26,171037.51],[154556.72,171042.04]]]},"geometry_name":"GEOM","properties":{"INSPIRE_ID":"https://databrussels.be/id/building/1584899","BLOCK_ID":"https://databrussels.be/id/block/26238","AREA":42},"bbox":[154549.09,171034.75,154559.26,171042.15]},{"type":"Feature","id":"Buildings.fid-6d0a8ac7_1a031465927_11bc","geometry":{"type":"Polygon","coordinates":[[[154815.844,171433.839],[154822.5,171439.17],[154818.382,171444.087],[154812.255,171438.939],[154814.248,171436.565],[154813.842,171436.224],[154815.844,171433.839]]]},"geometry_name":"GEOM","properties":{"INSPIRE_ID":"https://databrussels.be/id/building/1585838","BLOCK_ID":"https://databrussels.be/id/block/27647","AREA":52},"bbox":[154812.255,171433.839,154822.5,171444.087]},{"type":"Feature","id":"Buildings.fid-6d0a8ac7_1a031465927_10f7","geometry":{"type":"Polygon","coordinates":[[[154706.91,171480.43],[154712.295,171486.74],[154707.376,171490.935],[154701.94,171484.565],[154706.91,171480.43]]]},"geometry_name":"GEOM","properties":{"INSPIRE_ID":"https://databrussels.be/id/building/1585863","BLOCK_ID":"https://databrussels.be/id/block/23613","AREA":54},"bbox":[154701.94,171480.43,154712.295,171490.935]},{"type":"Feature","id":"Buildings.fid-6d0a8ac7_1a031465927_11aa","geometry":{"type":"Polygon","coordinates":[[[154839.92,171269.07],[154836.44,171264.59],[154837.23,171263.97],[154836.64,171263.22],[154840.26,171260.36],[154840.87,171261.13],[154844.36,171258.37],[154850.57,171266.44],[154844.96,171270.8],[154842.22,171267.28],[154839.92,171269.07]]]},"geometry_name":"GEOM","properties":{"INSPIRE_ID":"https://databrussels.be/id/building/1589727","BLOCK_ID":"https://databrussels.be/id/block/27866","AREA":93},"bbox":[154836.44,171258.37,154850.57,171270.8]},{"type":"Feature","id":"Buildings.fid-6d0a8ac7_1a031465927_11bf","geometry":{"type":"Polygon","coordinates":[[[154829.19654591,171452.97995043],[154831.58985243,171457.04745965],[154830.22743995,171457.75916255],[154832.22000001,171461.20999999],[154832.28,171461.30999999],[154825.41400001,171465.222],[154820.972,171457.528],[154829.19654591,171452.97995043]]]},"geometry_name":"GEOM","properties":{"INSPIRE_ID":"https://databrussels.be/id/building/1591821","BLOCK_ID":"https://databrussels.be/id/block/27647","AREA":77},"bbox":[154820.972,171452.97995043,154832.28,171465.222]},{"type":"Feature","id":"Buildings.fid-6d0a8ac7_1a031465927_1197","geometry":{"type":"Polygon","coordinates":[[[154871.24,171368.25],[154879.1,171362.12],[154883.32999984,171367.50999964],[154875.6,171373.76],[154871.24,171368.25]]]},"geometry_name":"GEOM","properties":{"INSPIRE_ID":"https://databrussels.be/id/building/1592805","BLOCK_ID":"https://databrussels.be/id/block/27866","AREA":69},"bbox":[154871.24,171362.12,154883.32999984,171373.76]},{"type":"Feature","id":"Buildings.fid-6d0a8ac7_1a031465927_1116","geometry":{"type":"Polygon","coordinates":[[[154772.904,171464.659],[154780.142,171459.835],[154784.183,171465.976],[154782.23,171467.28],[154782.61,171467.84],[154781.15,171468.81],[154781.35,171469.11],[154777.69,171471.57],[154772.904,171464.659]]]},"geometry_name":"GEOM","properties":{"INSPIRE_ID":"https://databrussels.be/id/building/1592806","BLOCK_ID":"https://databrussels.be/id/block/28003","AREA":69},"bbox":[154772.904,171459.835,154784.183,171471.57]},{"type":"Feature","id":"Buildings.fid-6d0a8ac7_1a031465927_1164","geometry":{"type":"Polygon","coordinates":[[[154923.9,171470.3],[154933.62,171468.92],[154933.65,171469.14],[154934.59,171475.91],[154930.69,171476.47],[154924.89,171477.28],[154923.9,171470.3]]]},"geometry_name":"GEOM","properties":{"INSPIRE_ID":"https://databrussels.be/id/building/1592809","BLOCK_ID":"https://databrussels.be/id/block/27866","AREA":69},"bbox":[154923.9,171468.92,154934.59,171477.28]},{"type":"Feature","id":"Buildings.fid-6d0a8ac7_1a031465927_11fd","geometry":{"type":"Polygon","coordinates":[[[154683.9,171142.82],[154687.51,171136.97],[154696.207,171142.189],[154692.67,171148.083],[154683.9,171142.82]]]},"geometry_name":"GEOM","properties":{"INSPIRE_ID":"https://databrussels.be/id/building/1592822","BLOCK_ID":"https://databrussels.be/id/block/27866","AREA":70},"bbox":[154683.9,171136.97,154696.207,171148.083]},{"type":"Feature","id":"Buildings.fid-6d0a8ac7_1a031465927_120b","geometry":{"type":"Polygon","coordinates":[[[154775.42928312,171165.55113041],[154778.37446866,171168.57880621],[154776.69500001,171170.224],[154773.68299999,171167.44200001],[154775.42928312,171165.55113041]]]},"geometry_name":"GEOM","properties":{"INSPIRE_ID":"https://databrussels.be/id/building/1593918","BLOCK_ID":"https://databrussels.be/id/block/27866","AREA":10},"bbox":[154773.68299999,171165.55113041,154778.37446866,171170.224]},{"type":"Feature","id":"Buildings.fid-6d0a8ac7_1a031465927_1217","geometry":{"type":"Polygon","coordinates":[[[154744.31042283,171205.34304214],[154742.63,171207.02000001],[154740.0613117,171204.59599638],[154743.45631461,171201.20799379],[154746.172984,171203.93027639],[154744.53339982,171205.56647983],[154744.31042283,171205.34304214]]]},"geometry_name":"GEOM","properties":{"INSPIRE_ID":"https://databrussels.be/id/building/1593923","BLOCK_ID":"https://databrussels.be/id/block/27866","AREA":17},"bbox":[154740.0613117,171201.20799379,154746.172984,171207.02000001]},{"type":"Feature","id":"Buildings.fid-6d0a8ac7_1a031465927_1113","geometry":{"type":"Polygon","coordinates":[[[154770.749,171421.418],[154766.77,171416.847],[154767.14,171416.52],[154769.519,171414.451],[154773.508,171419.011],[154770.749,171421.418]]]},"geometry_name":"GEOM","properties":{"INSPIRE_ID":"https://databrussels.be/id/building/1593924","BLOCK_ID":"https://databrussels.be/id/block/23613","AREA":22},"bbox":[154766.77,171414.451,154773.508,171421.418]},{"type":"Feature","id":"Buildings.fid-6d0a8ac7_1a031465927_1103","geometry":{"type":"Polygon","coordinates":[[[154722.13,171454.09],[154724.598,171452.021],[154729.018,171457.28],[154726.519,171459.389],[154722.13,171454.09]]]},"geometry_name":"GEOM","properties":{"INSPIRE_ID":"https://databrussels.be/id/building/1593926","BLOCK_ID":"https://databrussels.be/id/block/23613","AREA":22},"bbox":[154722.13,171452.021,154729.018,171459.389]},{"type":"Feature","id":"Buildings.fid-6d0a8ac7_1a031465927_1100","geometry":{"type":"Polygon","coordinates":[[[154709.144,171473.998],[154705.082,171469.174],[154707.869,171466.823],[154711.931,171471.657],[154709.144,171473.998]]]},"geometry_name":"GEOM","properties":{"INSPIRE_ID":"https://databrussels.be/id/building/1593929","BLOCK_ID":"https://databrussels.be/id/block/23613","AREA":23},"bbox":[154705.082,171466.823,154711.931,171473.998]},{"type":"Feature","id":"Buildings.fid-6d0a8ac7_1a031465927_110f","geometry":{"type":"Polygon","coordinates":[[[154767.124,171424.518],[154762.993,171419.631],[154765.1,171417.85],[154765.787,171417.269],[154769.917,171422.156],[154769.522,171422.487],[154767.124,171424.518]]]},"geometry_name":"GEOM","properties":{"INSPIRE_ID":"https://databrussels.be/id/building/1593930","BLOCK_ID":"https://databrussels.be/id/block/23613","AREA":23},"bbox":[154762.993,171417.269,154769.917,171424.518]},{"type":"Feature","id":"Buildings.fid-6d0a8ac7_1a031465927_1212","geometry":{"type":"Polygon","coordinates":[[[154784.06,171187.55],[154787.98,171191.14],[154784.91,171194.5],[154780.99,171190.9],[154784.06,171187.55]]]},"geometry_name":"GEOM","properties":{"INSPIRE_ID":"https://databrussels.be/id/building/1593931","BLOCK_ID":"https://databrussels.be/id/block/27866","AREA":24},"bbox":[154780.99,171187.55,154787.98,171194.5]},{"type":"Feature","id":"Buildings.fid-6d0a8ac7_1a031465927_10de","geometry":{"type":"Polygon","coordinates":[[[154749.06,171346.52],[154751.02,171344.79],[154752.1,171346],[154750.13,171347.74],[154749.06,171346.52]]]},"geometry_name":"GEOM","properties":{"INSPIRE_ID":"https://databrussels.be/id/building/1593941","BLOCK_ID":"https://databrussels.be/id/block/23613","AREA":4},"bbox":[154749.06,171344.79,154752.1,171347.74]},{"type":"Feature","id":"Buildings.fid-6d0a8ac7_1a031465927_11ec","geometry":{"type":"Polygon","coordinates":[[[154692.27,171087.8],[154690.18,171086.75],[154691.03,171085.07],[154693.12,171086.12],[154692.27,171087.8]]]},"geometry_name":"GEOM","properties":{"INSPIRE_ID":"https://databrussels.be/id/building/1593944","BLOCK_ID":"https://databrussels.be/id/block/27866","AREA":4},"bbox":[154690.18,171085.07,154693.12,171087.8]},{"type":"Feature","id":"Buildings.fid-6d0a8ac7_1a031465927_11ef","geometry":{"type":"Polygon","coordinates":[[[154733.18,171110.12],[154732.06,171111.85],[154731.83,171111.71],[154730.12,171110.6],[154731.24,171108.87],[154731.47,171109.01],[154733.18,171110.12]]]},"geometry_name":"GEOM","properties":{"INSPIRE_ID":"https://databrussels.be/id/building/1593949","BLOCK_ID":"https://databrussels.be/id/block/27866","AREA":5},"bbox":[154730.12,171108.87,154733.18,171111.85]},{"type":"Feature","id":"Buildings.fid-6d0a8ac7_1a031465927_10ed","geometry":{"type":"Polygon","coordinates":[[[154789.19,171329.88],[154787.37,171331.44],[154786.07,171329.93],[154787.89,171328.37],[154789.19,171329.88]]]},"geometry_name":"GEOM","properties":{"INSPIRE_ID":"https://databrussels.be/id/building/1593950","BLOCK_ID":"https://databrussels.be/id/block/23613","AREA":5},"bbox":[154786.07,171328.37,154789.19,171331.44]},{"type":"Feature","id":"Buildings.fid-6d0a8ac7_1a031465927_119d","geometry":{"type":"Polygon","coordinates":[[[154811.042,171345.123],[154817.116,171340.342],[154820.99799955,171345.26999981],[154814.93835833,171350.05645338],[154811.042,171345.123]]]},"geometry_name":"GEOM","properties":{"INSPIRE_ID":"https://databrussels.be/id/building/1593956","BLOCK_ID":"https://databrussels.be/id/block/23613","AREA":49},"bbox":[154811.042,171340.342,154820.99799955,171350.05645338]},{"type":"Feature","id":"Buildings.fid-6d0a8ac7_1a031465927_1162","geometry":{"type":"Polygon","coordinates":[[[154963.46,171466.01],[154971.876,171462.297],[154974.561,171468.55],[154966,171472.06],[154963.46,171466.01]]]},"geometry_name":"GEOM","properties":{"INSPIRE_ID":"https://databrussels.be/id/building/1593973","BLOCK_ID":"https://databrussels.be/id/block/27866","AREA":62},"bbox":[154963.46,171462.297,154974.561,171472.06]},{"type":"Feature","id":"Buildings.fid-6d0a8ac7_1a031465927_11f2","geometry":{"type":"Polygon","coordinates":[[[154717.398,171122.322],[154722.18,171114.47],[154727.9,171117.96],[154723.36999986,171125.95699953],[154718.268,171122.852],[154717.398,171122.322]]]},"geometry_name":"GEOM","properties":{"INSPIRE_ID":"https://databrussels.be/id/building/1593993","BLOCK_ID":"https://databrussels.be/id/block/27866","AREA":63},"bbox":[154717.398,171114.47,154727.9,171125.95699953]},{"type":"Feature","id":"Buildings.fid-6d0a8ac7_1a031465927_11af","geometry":{"type":"Polygon","coordinates":[[[154847.53,171288.43],[154854.98,171282.49],[154859.09,171287.84],[154851.6,171293.6],[154847.53,171288.43]]]},"geometry_name":"GEOM","properties":{"INSPIRE_ID":"https://databrussels.be/id/building/1593995","BLOCK_ID":"https://databrussels.be/id/block/27866","AREA":63},"bbox":[154847.53,171282.49,154859.09,171293.6]},{"type":"Feature","id":"Buildings.fid-6d0a8ac7_1a031465927_1205","geometry":{"type":"Polygon","coordinates":[[[154682.0776453,171149.72565663],[154678.33,171155.85],[154687.981,171161.643],[154691.542,171155.691],[154691.67120219,171155.48228877],[154689.14054487,171153.96376301],[154682.0776453,171149.72565663]]]},"geometry_name":"GEOM","properties":{"INSPIRE_ID":"https://databrussels.be/id/building/1594026","BLOCK_ID":"https://databrussels.be/id/block/27866","AREA":81},"bbox":[154678.33,171149.72565663,154691.67120219,171161.643]},{"type":"Feature","id":"Buildings.fid-6d0a8ac7_1a031465927_1211","geometry":{"type":"Polygon","coordinates":[[[154719.44,171187.24],[154720.78,171187.25],[154721.49,171187.9],[154722.99,171186.26],[154726.21,171189.19],[154737.22,171177.11],[154740.11,171179.74],[154732.06,171189.54],[154728.76,171193.16],[154728.65,171193.11],[154720.912,171201.57],[154720.521,171201.219],[154714.932,171196.13],[154719.231,171191.422],[154718.65,171190.89],[154719.23,171190.26],[154718.49,171189.58],[154718.49,171188.29],[154719.44,171187.24]]]},"geometry_name":"GEOM","properties":{"INSPIRE_ID":"https://databrussels.be/id/building/1594086","BLOCK_ID":"https://databrussels.be/id/block/27866","AREA":184},"bbox":[154714.932,171177.11,154740.11,171201.57]},{"type":"Feature","id":"Buildings.fid-6d0a8ac7_1a031465927_11cd","geometry":{"type":"Polygon","coordinates":[[[154852.32985134,171465.51001849],[154853.54410309,171474.09998574],[154856.876,171473.639],[154856.803,171473.114],[154859.844,171472.693],[154859.67,171471.464],[154860.24,171471.386],[154863.22797825,171470.97689235],[154860.94794983,171464.80482078],[154859.18,171464.97],[154859.13,171464.61],[154852.32985134,171465.51001849]]]},"geometry_name":"GEOM","properties":{"INSPIRE_ID":"https://databrussels.be/id/building/1594784","BLOCK_ID":"https://databrussels.be/id/block/27647","AREA":73},"bbox":[154852.32985134,171464.61,154863.22797825,171474.09998574]},{"type":"Feature","id":"Buildings.fid-6d0a8ac7_1a031465927_11ea","geometry":{"type":"Polygon","coordinates":[[[154795.69,171075.28],[154792.7,171078.27],[154794.28,171079.85],[154794.98,171079.15],[154804.15,171088.29],[154799.01,171093.44],[154796.42,171090.86],[154794.87,171092.42],[154797.49,171095.04],[154790.65,171101.89],[154785.63,171096.79],[154789.81,171092.66],[154788.75,171091.58],[154786.18,171094.12],[154777.78,171085.59],[154781.25,171082.17],[154782.28,171083.22],[154785.66,171079.88],[154783.08,171077.26],[154790.47,171069.98],[154795.69,171075.28]]]},"geometry_name":"GEOM","properties":{"INSPIRE_ID":"https://databrussels.be/id/building/1594792","BLOCK_ID":"https://databrussels.be/id/block/27866","AREA":378},"bbox":[154777.78,171069.98,154804.15,171101.89]},{"type":"Feature","id":"Buildings.fid-6d0a8ac7_1a031465927_121c","geometry":{"type":"Polygon","coordinates":[[[154783.08,171260.593],[154806.161,171239.897],[154815.9,171250.891],[154792.924,171271.534],[154783.08,171260.593]]]},"geometry_name":"GEOM","properties":{"INSPIRE_ID":"https://databrussels.be/id/building/1594798","BLOCK_ID":"https://databrussels.be/id/block/27866","AREA":455},"bbox":[154783.08,171239.897,154815.9,171271.534]},{"type":"Feature","id":"Buildings.fid-6d0a8ac7_1a031465927_1158","geometry":{"type":"Polygon","coordinates":[[[154979.291,171416.444],[154974.276,171404.67],[155000,171393.707],[155012.962,171388.192],[155017.978,171399.972],[155000,171407.623],[154979.291,171416.444]]]},"geometry_name":"GEOM","properties":{"INSPIRE_ID":"https://databrussels.be/id/building/1594799","BLOCK_ID":"https://databrussels.be/id/block/27866","AREA":538},"bbox":[154974.276,171388.192,155017.978,171416.444]},{"type":"Feature","id":"Buildings.fid-6d0a8ac7_1a031465927_1185","geometry":{"type":"Polygon","coordinates":[[[154922.739,171334.233],[154931.14,171330.73],[154932.84,171334.83],[154935.67,171333.59],[154936.66,171335.98],[154934.13,171337.09],[154934.08,171336.91],[154925.48,171340.676],[154922.739,171334.233]]]},"geometry_name":"GEOM","properties":{"INSPIRE_ID":"https://databrussels.be/id/building/1594803","BLOCK_ID":"https://databrussels.be/id/block/27866","AREA":71},"bbox":[154922.739,171330.73,154936.66,171340.676]},{"type":"Feature","id":"Buildings.fid-6d0a8ac7_1a031465927_1161","geometry":{"type":"Polygon","coordinates":[[[154922.84,171462.8],[154924.98,171462.5],[154932.57,171461.43],[154933.62,171468.92],[154923.9,171470.3],[154923.35,171466.39],[154922.84,171462.8]]]},"geometry_name":"GEOM","properties":{"INSPIRE_ID":"https://databrussels.be/id/building/1594826","BLOCK_ID":"https://databrussels.be/id/block/27866","AREA":74},"bbox":[154922.84,171461.43,154933.62,171470.3]},{"type":"Feature","id":"Buildings.fid-6d0a8ac7_1a031465927_1160","geometry":{"type":"Polygon","coordinates":[[[154959.57999404,171459.77000384],[154969.045,171455.703],[154971.876,171462.297],[154963.46,171466.01],[154962.38,171466.46],[154959.57999404,171459.77000384]]]},"geometry_name":"GEOM","properties":{"INSPIRE_ID":"https://databrussels.be/id/building/1594828","BLOCK_ID":"https://databrussels.be/id/block/27866","AREA":75},"bbox":[154959.57999404,171455.703,154971.876,171466.46]},{"type":"Feature","id":"Buildings.fid-6d0a8ac7_1a031465927_1183","geometry":{"type":"Polygon","coordinates":[[[154919.966,171327.715],[154929.22,171323.99],[154930.06,171323.65],[154931.87,171327.77],[154932.65,171327.44],[154932.98,171328.19],[154930.8,171329.09],[154931.42,171330.61],[154931.14,171330.73],[154922.739,171334.233],[154919.966,171327.715]]]},"geometry_name":"GEOM","properties":{"INSPIRE_ID":"https://databrussels.be/id/building/1594831","BLOCK_ID":"https://databrussels.be/id/block/27866","AREA":75},"bbox":[154919.966,171323.65,154932.98,171334.233]},{"type":"Feature","id":"Buildings.fid-6d0a8ac7_1a031465927_1209","geometry":{"type":"Polygon","coordinates":[[[154665.439,171173.101],[154671.6709656,171176.87380939],[154672.43822674,171175.6021372],[154677.39933761,171167.37950438],[154671.21,171163.57],[154665.439,171173.101]]]},"geometry_name":"GEOM","properties":{"INSPIRE_ID":"https://databrussels.be/id/building/1594837","BLOCK_ID":"https://databrussels.be/id/block/27866","AREA":81},"bbox":[154665.439,171163.57,154677.39933761,171176.87380939]},{"type":"Feature","id":"Buildings.fid-6d0a8ac7_1a031465927_10fc","geometry":{"type":"Polygon","coordinates":[[[154692.06,171492.76],[154697.67400041,171499.42700019],[154693.02300014,171503.59999972],[154687.551,171497.492],[154686.54,171496.36],[154691.4,171492.02],[154692.06,171492.76]]]},"geometry_name":"GEOM","properties":{"INSPIRE_ID":"https://databrussels.be/id/building/1594847","BLOCK_ID":"https://databrussels.be/id/block/23613","AREA":62},"bbox":[154686.54,171492.02,154697.67400041,171503.59999972]},{"type":"Feature","id":"Buildings.fid-6d0a8ac7_1a031465927_1131","geometry":{"type":"Polygon","coordinates":[[[154659.248,171169.352],[154664.57,171160.55],[154664.89,171160.75],[154665.24,171160.17],[154667.65,171161.65],[154667.77,171161.45],[154671.21,171163.57],[154665.439,171173.101],[154659.248,171169.352]]]},"geometry_name":"GEOM","properties":{"INSPIRE_ID":"https://databrussels.be/id/building/1594851","BLOCK_ID":"https://databrussels.be/id/block/27866","AREA":80},"bbox":[154659.248,171160.17,154671.21,171173.101]},{"type":"Feature","id":"Buildings.fid-6d0a8ac7_1a031465927_1150","geometry":{"type":"Polygon","coordinates":[[[154966.4200063,171479.8699958],[154977.401,171475.165],[154980.09299985,171481.43400034],[154971.38,171485.04],[154971.51,171485.44],[154970.75,171485.76],[154970.67,171485.55],[154969.08,171486.21],[154966.4200063,171479.8699958]]]},"geometry_name":"GEOM","properties":{"INSPIRE_ID":"https://databrussels.be/id/building/1594858","BLOCK_ID":"https://databrussels.be/id/block/27866","AREA":82},"bbox":[154966.4200063,171475.165,154980.09299985,171486.21]},{"type":"Feature","id":"Buildings.fid-6d0a8ac7_1a031465927_11f6","geometry":{"type":"Polygon","coordinates":[[[154690.52,171130.05],[154690.93,171129.35],[154690.12,171128.89],[154690.56,171128.13],[154689.92,171127.76],[154692.43,171123.39],[154698.048,171126.76],[154698.865,171126.55],[154698.992,171127.326],[154702.191,171129.244],[154701.403,171130.556],[154702.715,171131.343],[154700.057,171135.773],[154690.52,171130.05]]]},"geometry_name":"GEOM","properties":{"INSPIRE_ID":"https://databrussels.be/id/building/1594860","BLOCK_ID":"https://databrussels.be/id/block/27866","AREA":82},"bbox":[154689.92,171123.39,154702.715,171135.773]},{"type":"Feature","id":"Buildings.fid-6d0a8ac7_1a031465927_121f","geometry":{"type":"Polygon","coordinates":[[[154844.36,171258.37],[154843.14,171256.82],[154844.3,171255.9],[154844.9,171256.66],[154849.22500008,171253.25400014],[154850.35000025,171254.75999995],[154850.57000018,171254.60000028],[154856.29000013,171261.9900003],[154850.57,171266.44],[154844.36,171258.37]]]},"geometry_name":"GEOM","properties":{"INSPIRE_ID":"https://databrussels.be/id/building/1594861","BLOCK_ID":"https://databrussels.be/id/block/27866","AREA":82},"bbox":[154843.14,171253.25400014,154856.29000013,171266.44]},{"type":"Feature","id":"Buildings.fid-6d0a8ac7_1a031465927_11f9","geometry":{"type":"Polygon","coordinates":[[[154687.51,171136.97],[154688.99,171134.59],[154687.7,171133.85],[154689.83,171130.14],[154690.31,171130.41],[154690.52,171130.05],[154700.057,171135.773],[154696.207,171142.189],[154687.51,171136.97]]]},"geometry_name":"GEOM","properties":{"INSPIRE_ID":"https://databrussels.be/id/building/1594863","BLOCK_ID":"https://databrussels.be/id/block/27866","AREA":83},"bbox":[154687.51,171130.05,154700.057,171142.189]},{"type":"Feature","id":"Buildings.fid-6d0a8ac7_1a031465927_11ff","geometry":{"type":"Polygon","coordinates":[[[154675.33,171142.66],[154674.26,171144.51],[154671.82,171143.1],[154672.89,171141.25],[154675.33,171142.66]]]},"geometry_name":"GEOM","properties":{"INSPIRE_ID":"https://databrussels.be/id/building/1594928","BLOCK_ID":"https://databrussels.be/id/block/27866","AREA":6},"bbox":[154671.82,171141.25,154675.33,171144.51]},{"type":"Feature","id":"Buildings.fid-6d0a8ac7_1a031465927_113e","geometry":{"type":"Polygon","coordinates":[[[154534.48,171013.87],[154540.09,171015.37],[154537.87,171018.83],[154533.21,171015.85],[154534.48,171013.87]]]},"geometry_name":"GEOM","properties":{"INSPIRE_ID":"https://databrussels.be/id/building/1594968","BLOCK_ID":"https://databrussels.be/id/block/26238","AREA":18},"bbox":[154533.21,171013.87,154540.09,171018.83]},{"type":"Feature","id":"Buildings.fid-6d0a8ac7_1a031465927_114b","geometry":{"type":"Polygon","coordinates":[[[154573.31290721,171426.3028905],[154578.63701701,171402.90576489],[154566.20410942,171399.98694466],[154560.88790425,171423.42176974],[154573.31290721,171426.3028905]]]},"geometry_name":"GEOM","properties":{"INSPIRE_ID":"https://databrussels.be/id/building/1594987","BLOCK_ID":"https://databrussels.be/id/block/23613","AREA":306},"bbox":[154560.88790425,171399.98694466,154578.63701701,171426.3028905]},{"type":"Feature","id":"Buildings.fid-6d0a8ac7_1a031465927_1148","geometry":{"type":"Polygon","coordinates":[[[154640.4450549,171353.82881488],[154652.99306343,171356.74792137],[154658.42296205,171333.23488319],[154645.86895595,171330.33877746],[154640.4450549,171353.82881488]]]},"geometry_name":"GEOM","properties":{"INSPIRE_ID":"https://databrussels.be/id/building/1594988","BLOCK_ID":"https://databrussels.be/id/block/23613","AREA":311},"bbox":[154640.4450549,171330.33877746,154658.42296205,171356.74792137]},{"type":"Feature","id":"Buildings.fid-6d0a8ac7_1a031465927_121a","geometry":{"type":"Polygon","coordinates":[[[154701.27798508,171265.9438859],[154706.6819906,171242.48085205],[154694.08998286,171239.57895039],[154688.68897662,171263.03378395],[154701.27798508,171265.9438859]]]},"geometry_name":"GEOM","properties":{"INSPIRE_ID":"https://databrussels.be/id/building/1594989","BLOCK_ID":"https://databrussels.be/id/block/23613","AREA":311},"bbox":[154688.68897662,171239.57895039,154706.6819906,171265.9438859]},{"type":"Feature","id":"Buildings.fid-6d0a8ac7_1a031465927_11d7","geometry":{"type":"Polygon","coordinates":[[[154768.26,171482.93],[154771.37,171481.79],[154772.09,171483.97],[154769.05,171485.09],[154767.587,171485.594],[154766.885,171483.498],[154768.26,171482.93]]]},"geometry_name":"GEOM","properties":{"INSPIRE_ID":"https://databrussels.be/id/building/1595015","BLOCK_ID":"https://databrussels.be/id/block/28003","AREA":11},"bbox":[154766.885,171481.79,154772.09,171485.594]},{"type":"Feature","id":"Buildings.fid-6d0a8ac7_1a031465927_11da","geometry":{"type":"Polygon","coordinates":[[[154788.47,171483.63],[154787.59,171480.52],[154789.92,171479.85],[154790.81,171482.96],[154788.47,171483.63]]]},"geometry_name":"GEOM","properties":{"INSPIRE_ID":"https://databrussels.be/id/building/1595018","BLOCK_ID":"https://databrussels.be/id/block/28003","AREA":8},"bbox":[154787.59,171479.85,154790.81,171483.63]},{"type":"Feature","id":"Buildings.fid-6d0a8ac7_1a031465927_11f7","geometry":{"type":"Polygon","coordinates":[[[154679.38,171123.55],[154681.84,171125.09],[154680.37,171127.43],[154677.91,171125.88],[154679.38,171123.55]]]},"geometry_name":"GEOM","properties":{"INSPIRE_ID":"https://databrussels.be/id/building/1595020","BLOCK_ID":"https://databrussels.be/id/block/27866","AREA":8},"bbox":[154677.91,171123.55,154681.84,171127.43]},{"type":"Feature","id":"Buildings.fid-6d0a8ac7_1a031465927_10e1","geometry":{"type":"Polygon","coordinates":[[[154753.39,171342.75],[154755.84,171340.63],[154757.47,171342.51],[154755.02,171344.63],[154753.39,171342.75]]]},"geometry_name":"GEOM","properties":{"INSPIRE_ID":"https://databrussels.be/id/building/1595021","BLOCK_ID":"https://databrussels.be/id/block/23613","AREA":8},"bbox":[154753.39,171340.63,154757.47,171344.63]},{"type":"Feature","id":"Buildings.fid-6d0a8ac7_1a031465927_11f4","geometry":{"type":"Polygon","coordinates":[[[154671.55,171123.47],[154672.93,171121.03],[154675.44,171122.45],[154674.06,171124.89],[154671.55,171123.47]]]},"geometry_name":"GEOM","properties":{"INSPIRE_ID":"https://databrussels.be/id/building/1595022","BLOCK_ID":"https://databrussels.be/id/block/27866","AREA":8},"bbox":[154671.55,171121.03,154675.44,171124.89]},{"type":"Feature","id":"Buildings.fid-6d0a8ac7_1a031465927_118c","geometry":{"type":"Polygon","coordinates":[[[154972.57,171342.3],[154975.79,171340.89],[154976.77,171343.13],[154973.55,171344.54],[154972.57,171342.3]]]},"geometry_name":"GEOM","properties":{"INSPIRE_ID":"https://databrussels.be/id/building/1595058","BLOCK_ID":"https://databrussels.be/id/block/27866","AREA":9},"bbox":[154972.57,171340.89,154976.77,171344.54]},{"type":"Feature","id":"Buildings.fid-6d0a8ac7_1a031465927_11c1","geometry":{"type":"Polygon","coordinates":[[[154825,171379.24],[154825.34400012,171379.48099965],[154823.28463645,171381.9608842],[154829.11155815,171386.67358543],[154831.666,171383.287],[154831.913,171383.456],[154833.855,171380.651],[154834.266,171380.936],[154835.989,171378.449],[154828.84,171373.7],[154825,171379.24]]]},"geometry_name":"GEOM","properties":{"INSPIRE_ID":"https://databrussels.be/id/building/1595063","BLOCK_ID":"https://databrussels.be/id/block/23613","AREA":82},"bbox":[154823.28463645,171373.7,154835.989,171386.67358543]},{"type":"Feature","id":"Buildings.fid-6d0a8ac7_1a031465927_1214","geometry":{"type":"Polygon","coordinates":[[[154744.015,171221.123],[154738.26,171215.951],[154738.097,171215.804],[154743.709,171209.545],[154744.07,171209.865],[154750.686,171202.107],[154750.485,171201.916],[154751.196,171201.082],[154750.794,171200.74],[154756.06,171194.65],[154762.563,171200.44],[154756.553,171207.145],[154755.503,171206.255],[154748.692,171213.847],[154749.722,171214.767],[154744.015,171221.123]]]},"geometry_name":"GEOM","properties":{"INSPIRE_ID":"https://databrussels.be/id/building/1595078","BLOCK_ID":"https://databrussels.be/id/block/27866","AREA":209},"bbox":[154738.097,171194.65,154762.563,171221.123]},{"type":"Feature","id":"Buildings.fid-6d0a8ac7_1a031465927_1184","geometry":{"type":"Polygon","coordinates":[[[154887.92,171336.58],[154890.6,171342.86],[154890.66,171342.99],[154891.39,171342.67],[154900.71,171338.41],[154900.119,171337.015],[154900.892,171336.688],[154899.467,171333.327],[154898.694,171333.655],[154898.03,171332.09],[154896.99,171332.64],[154894.30700003,171331.7320002],[154893.23033462,171328.99085316],[154884.6518186,171334.19807547],[154886.02,171337.4],[154887.92,171336.58]]]},"geometry_name":"GEOM","properties":{"INSPIRE_ID":"https://databrussels.be/id/building/1595086","BLOCK_ID":"https://databrussels.be/id/block/27866","AREA":122},"bbox":[154884.6518186,171328.99085316,154900.892,171342.99]},{"type":"Feature","id":"Buildings.fid-6d0a8ac7_1a031465927_1202","geometry":{"type":"Polygon","coordinates":[[[154682.0776453,171149.72565663],[154689.14054486,171153.963763],[154692.67,171148.083],[154683.9,171142.82],[154682.23,171141.86],[154678.81742104,171147.76935283],[154682.0776453,171149.72565663]]]},"geometry_name":"GEOM","properties":{"INSPIRE_ID":"https://databrussels.be/id/building/1595106","BLOCK_ID":"https://databrussels.be/id/block/27866","AREA":83},"bbox":[154678.81742104,171141.86,154692.67,171153.963763]},{"type":"Feature","id":"Buildings.fid-6d0a8ac7_1a031465927_111d","geometry":{"type":"Polygon","coordinates":[[[154790,171458.31],[154792.13,171457.13],[154798.6,171453.54],[154802.834,171461.277],[154795.4,171465.46],[154794.3,171466.09],[154790,171458.31]]]},"geometry_name":"GEOM","properties":{"INSPIRE_ID":"https://databrussels.be/id/building/1595109","BLOCK_ID":"https://databrussels.be/id/block/28003","AREA":87},"bbox":[154790,171453.54,154802.834,171466.09]},{"type":"Feature","id":"Buildings.fid-6d0a8ac7_1a031465927_118b","geometry":{"type":"Polygon","coordinates":[[[154957.52,171343.01],[154956.35,171340.34],[154959.53,171338.95],[154960.7,171341.62],[154957.52,171343.01]]]},"geometry_name":"GEOM","properties":{"INSPIRE_ID":"https://databrussels.be/id/building/1595130","BLOCK_ID":"https://databrussels.be/id/block/27866","AREA":10},"bbox":[154956.35,171338.95,154960.7,171343.01]},{"type":"Feature","id":"Buildings.fid-6d0a8ac7_1a031465927_11ab","geometry":{"type":"Polygon","coordinates":[[[154836.85,171290.66],[154839,171288.91],[154841.33,171291.78],[154839.18,171293.53],[154836.85,171290.66]]]},"geometry_name":"GEOM","properties":{"INSPIRE_ID":"https://databrussels.be/id/building/1595131","BLOCK_ID":"https://databrussels.be/id/block/27866","AREA":10},"bbox":[154836.85,171288.91,154841.33,171293.53]},{"type":"Feature","id":"Buildings.fid-6d0a8ac7_1a031465927_11a3","geometry":{"type":"Polygon","coordinates":[[[154826.53,171272.31],[154828.66,171275.03],[154828.03,171275.53],[154828.39,171275.99],[154826.72,171277.3],[154824.23,171274.12],[154826.53,171272.31]]]},"geometry_name":"GEOM","properties":{"INSPIRE_ID":"https://databrussels.be/id/building/1595140","BLOCK_ID":"https://databrussels.be/id/block/27866","AREA":11},"bbox":[154824.23,171272.31,154828.66,171277.3]},{"type":"Feature","id":"Buildings.fid-6d0a8ac7_1a031465927_1145","geometry":{"type":"Polygon","coordinates":[[[154499.13,171036.56],[154500.38,171035.01],[154501.71,171036.09],[154500.45,171037.63],[154499.13,171036.56]]]},"geometry_name":"GEOM","properties":{"INSPIRE_ID":"https://databrussels.be/id/building/1595788","BLOCK_ID":"https://databrussels.be/id/block/26238","AREA":3},"bbox":[154499.13,171035.01,154501.71,171037.63]},{"type":"Feature","id":"Buildings.fid-6d0a8ac7_1a031465927_1174","geometry":{"type":"Polygon","coordinates":[[[154947.07,171254.13],[154948.06,171253.64],[154949.43,171256.36],[154948.41,171256.87],[154947.07,171254.13]]]},"geometry_name":"GEOM","properties":{"INSPIRE_ID":"https://databrussels.be/id/building/1595789","BLOCK_ID":"https://databrussels.be/id/block/27866","AREA":3},"bbox":[154947.07,171253.64,154949.43,171256.87]},{"type":"Feature","id":"Buildings.fid-6d0a8ac7_1a031465927_11d6","geometry":{"type":"Polygon","coordinates":[[[154917.18,171376.21],[154918.03,171378.61],[154916.76,171379.11],[154915.77,171376.74],[154917.18,171376.21]]]},"geometry_name":"GEOM","properties":{"INSPIRE_ID":"https://databrussels.be/id/building/1595791","BLOCK_ID":"https://databrussels.be/id/block/27866","AREA":4},"bbox":[154915.77,171376.21,154918.03,171379.11]},{"type":"Feature","id":"Buildings.fid-6d0a8ac7_1a031465927_112b","geometry":{"type":"Polygon","coordinates":[[[154667.95,171116.05],[154667.01,171117.7],[154665.23,171116.69],[154666.17,171115.04],[154667.95,171116.05]]]},"geometry_name":"GEOM","properties":{"INSPIRE_ID":"https://databrussels.be/id/building/1595795","BLOCK_ID":"https://databrussels.be/id/block/27866","AREA":4},"bbox":[154665.23,171115.04,154667.95,171117.7]},{"type":"Feature","id":"Buildings.fid-6d0a8ac7_1a031465927_1191","geometry":{"type":"Polygon","coordinates":[[[154897.64,171355.1],[154906.27,171351.48],[154908.93,171357.74],[154900.33,171361.41],[154897.64,171355.1]]]},"geometry_name":"GEOM","properties":{"INSPIRE_ID":"https://databrussels.be/id/building/1595848","BLOCK_ID":"https://databrussels.be/id/block/27866","AREA":64},"bbox":[154897.64,171351.48,154908.93,171361.41]},{"type":"Feature","id":"Buildings.fid-6d0a8ac7_1a031465927_1168","geometry":{"type":"Polygon","coordinates":[[[154881.49,171269.62],[154888.71,171263.96],[154892.98,171269.39],[154885.74,171275.17],[154881.49,171269.62]]]},"geometry_name":"GEOM","properties":{"INSPIRE_ID":"https://databrussels.be/id/building/1595849","BLOCK_ID":"https://databrussels.be/id/block/27866","AREA":64},"bbox":[154881.49,171263.96,154892.98,171275.17]},{"type":"Feature","id":"Buildings.fid-6d0a8ac7_1a031465927_1167","geometry":{"type":"Polygon","coordinates":[[[154881.49,171269.62],[154877.17,171263.98],[154884.33,171258.37],[154888.71,171263.96],[154881.49,171269.62]]]},"geometry_name":"GEOM","properties":{"INSPIRE_ID":"https://databrussels.be/id/building/1595856","BLOCK_ID":"https://databrussels.be/id/block/27866","AREA":65},"bbox":[154877.17,171258.37,154888.71,171269.62]},{"type":"Feature","id":"Buildings.fid-6d0a8ac7_1a031465927_10f5","geometry":{"type":"Polygon","coordinates":[[[154706.91,171480.43],[154711.889,171476.294],[154717.215,171482.544],[154712.295,171486.74],[154706.91,171480.43]]]},"geometry_name":"GEOM","properties":{"INSPIRE_ID":"https://databrussels.be/id/building/1595912","BLOCK_ID":"https://databrussels.be/id/block/23613","AREA":53},"bbox":[154706.91,171476.294,154717.215,171486.74]},{"type":"Feature","id":"Buildings.fid-6d0a8ac7_1a031465927_1199","geometry":{"type":"Polygon","coordinates":[[[154809.16968193,171360.88710194],[154806.88140185,171358.11373696],[154808.19195176,171357.00297098],[154803.99310909,171351.9294823],[154801.949,171353.66300001],[154801.38499999,171353],[154796.60599999,171357.06900001],[154797.504,171358.126],[154797.12759369,171358.44734755],[154801.63425459,171363.69792824],[154804.16494608,171361.55674057],[154805.86332305,171363.61515081],[154809.16968193,171360.88710194]]]},"geometry_name":"GEOM","properties":{"INSPIRE_ID":"https://databrussels.be/id/building/1595913","BLOCK_ID":"https://databrussels.be/id/block/23613","AREA":85},"bbox":[154796.60599999,171351.9294823,154809.16968193,171363.69792824]},{"type":"Feature","id":"Buildings.fid-6d0a8ac7_1a031465927_11b4","geometry":{"type":"Polygon","coordinates":[[[154859.28,171321.03],[154857.08,171318.15],[154859.03,171316.66],[154861.23,171319.54],[154859.28,171321.03]]]},"geometry_name":"GEOM","properties":{"INSPIRE_ID":"https://databrussels.be/id/building/1595929","BLOCK_ID":"https://databrussels.be/id/block/27866","AREA":9},"bbox":[154857.08,171316.66,154861.23,171321.03]},{"type":"Feature","id":"Buildings.fid-6d0a8ac7_1a031465927_120a","geometry":{"type":"Polygon","coordinates":[[[154702.20000046,171170.78500022],[154710.062,171175.322],[154713.91220968,171168.958459],[154708.62790945,171165.90882598],[154706.07801614,171164.36882195],[154702.20000046,171170.78500022]]]},"geometry_name":"GEOM","properties":{"INSPIRE_ID":"https://databrussels.be/id/building/1595943","BLOCK_ID":"https://databrussels.be/id/block/27866","AREA":68},"bbox":[154702.20000046,171164.36882195,154713.91220968,171175.322]},{"type":"Feature","id":"Buildings.fid-6d0a8ac7_1a031465927_1195","geometry":{"type":"Polygon","coordinates":[[[154900.33,171361.41],[154908.93,171357.74],[154911.7,171364.26],[154903.13,171367.96],[154903.05,171367.77],[154900.33,171361.41]]]},"geometry_name":"GEOM","properties":{"INSPIRE_ID":"https://databrussels.be/id/building/1595946","BLOCK_ID":"https://databrussels.be/id/block/27866","AREA":66},"bbox":[154900.33,171357.74,154911.7,171367.96]},{"type":"Feature","id":"Buildings.fid-6d0a8ac7_1a031465927_1207","geometry":{"type":"Polygon","coordinates":[[[154776.16,171185.98],[154769.3,171179.89],[154775.76,171172.61],[154776.1,171172.92],[154783.25,171164.86],[154782.97,171164.6],[154789.44,171157.3],[154796.21,171163.4],[154789.76,171170.67],[154788.78,171169.8],[154781.69,171177.8],[154782.66,171178.65],[154776.16,171185.98]]]},"geometry_name":"GEOM","properties":{"INSPIRE_ID":"https://databrussels.be/id/building/1595953","BLOCK_ID":"https://databrussels.be/id/block/27866","AREA":258},"bbox":[154769.3,171157.3,154796.21,171185.98]},{"type":"Feature","id":"Buildings.fid-6d0a8ac7_1a031465927_1141","geometry":{"type":"Polygon","coordinates":[[[154569.48,171026.05],[154565.83,171027.22],[154564.74,171023.8],[154568.5,171022.91],[154569.48,171026.05]]]},"geometry_name":"GEOM","properties":{"INSPIRE_ID":"https://databrussels.be/id/building/1596015","BLOCK_ID":"https://databrussels.be/id/block/26238","AREA":13},"bbox":[154564.74,171022.91,154569.48,171027.22]},{"type":"Feature","id":"Buildings.fid-6d0a8ac7_1a031465927_1128","geometry":{"type":"Polygon","coordinates":[[[154592.485,171100.311],[154602.977,171112.046],[154604.116,171113.319],[154599.887,171117.277],[154625.506,171131.959],[154616.931,171146.64],[154582.587,171127.212],[154580.836,171124.145],[154580.244,171122.588],[154579.769,171120.408],[154579.659,171118.548],[154579.728,171116.75],[154579.937,171114.765],[154580.623,171111.191],[154592.485,171100.311]]]},"geometry_name":"GEOM","properties":{"INSPIRE_ID":"https://databrussels.be/id/building/1656349","BLOCK_ID":"https://databrussels.be/id/block/27866","AREA":949},"bbox":[154579.659,171100.311,154625.506,171146.64]},{"type":"Feature","id":"Buildings.fid-6d0a8ac7_1a031465927_111c","geometry":{"type":"Polygon","coordinates":[[[154787.108,171396.094],[154789.242,171393.883],[154790.961,171395.481],[154788.746,171397.686],[154787.108,171396.094]]]},"geometry_name":"GEOM","properties":{"INSPIRE_ID":"https://databrussels.be/id/building/1659492","BLOCK_ID":"https://databrussels.be/id/block/23613","AREA":7},"bbox":[154787.108,171393.883,154790.961,171397.686]},{"type":"Feature","id":"Buildings.fid-6d0a8ac7_1a031465927_1119","geometry":{"type":"Polygon","coordinates":[[[154777.481,171397.892],[154779.176,171396.375],[154780.731,171398.066],[154779.006,171399.603],[154777.481,171397.892]]]},"geometry_name":"GEOM","properties":{"INSPIRE_ID":"https://databrussels.be/id/building/1659493","BLOCK_ID":"https://databrussels.be/id/block/23613","AREA":5},"bbox":[154777.481,171396.375,154780.731,171399.603]},{"type":"Feature","id":"Buildings.fid-6d0a8ac7_1a031465927_1143","geometry":{"type":"Polygon","coordinates":[[[154536.379,171037.005],[154538.416,171033.762],[154542.055,171036.013],[154540.025,171039.41],[154536.379,171037.005]]]},"geometry_name":"GEOM","properties":{"INSPIRE_ID":"https://databrussels.be/id/building/1663270","BLOCK_ID":"https://databrussels.be/id/block/26238","AREA":17},"bbox":[154536.379,171033.762,154542.055,171039.41]},{"type":"Feature","id":"Buildings.fid-6d0a8ac7_1a031465927_10e9","geometry":{"type":"Polygon","coordinates":[[[154778.274,171320.55],[154779.801,171319.096],[154781.546,171321.075],[154779.93,171322.472],[154778.274,171320.55]]]},"geometry_name":"GEOM","properties":{"INSPIRE_ID":"https://databrussels.be/id/building/1664800","BLOCK_ID":"https://databrussels.be/id/block/23613","AREA":5},"bbox":[154778.274,171319.096,154781.546,171322.472]},{"type":"Feature","id":"Buildings.fid-6d0a8ac7_1a031465927_1219","geometry":{"type":"Polygon","coordinates":[[[154784.7,171238.548],[154787.968,171235.781],[154790.522,171238.663],[154787.375,171241.371],[154784.7,171238.548]]]},"geometry_name":"GEOM","properties":{"INSPIRE_ID":"https://databrussels.be/id/building/1664801","BLOCK_ID":"https://databrussels.be/id/block/27866","AREA":16},"bbox":[154784.7,171235.781,154790.522,171241.371]},{"type":"Feature","id":"Buildings.fid-6d0a8ac7_1a031465927_1170","geometry":{"type":"Polygon","coordinates":[[[154911.647,171282.531],[154914.102,171280.763],[154915.171,171282.233],[154912.752,171284.015],[154911.647,171282.531]]]},"geometry_name":"GEOM","properties":{"INSPIRE_ID":"https://databrussels.be/id/building/1664802","BLOCK_ID":"https://databrussels.be/id/block/27866","AREA":6},"bbox":[154911.647,171280.763,154915.171,171284.015]},{"type":"Feature","id":"Buildings.fid-6d0a8ac7_1a031465927_116e","geometry":{"type":"Polygon","coordinates":[[[154904.313,171261.263],[154906.489,171261.239],[154906.55,171264.01],[154904.317,171264.132],[154904.313,171261.263]]]},"geometry_name":"GEOM","properties":{"INSPIRE_ID":"https://databrussels.be/id/building/1664803","BLOCK_ID":"https://databrussels.be/id/block/27866","AREA":6},"bbox":[154904.313,171261.239,154906.55,171264.132]},{"type":"Feature","id":"Buildings.fid-6d0a8ac7_1a031465927_1157","geometry":{"type":"Polygon","coordinates":[[[154935.34,171372.315],[154937.844,171371.148],[154938.742,171373.144],[154936.186,171374.32],[154935.34,171372.315]]]},"geometry_name":"GEOM","properties":{"INSPIRE_ID":"https://databrussels.be/id/building/1664804","BLOCK_ID":"https://databrussels.be/id/block/27866","AREA":6},"bbox":[154935.34,171371.148,154938.742,171374.32]},{"type":"Feature","id":"Buildings.fid-6d0a8ac7_1a031465927_118a","geometry":{"type":"Polygon","coordinates":[[[154965.334,171339.352],[154968.335,171338.43],[154969.309,171341.274],[154966.255,171342.336],[154965.334,171339.352]]]},"geometry_name":"GEOM","properties":{"INSPIRE_ID":"https://databrussels.be/id/building/1664805","BLOCK_ID":"https://databrussels.be/id/block/27866","AREA":10},"bbox":[154965.334,171338.43,154969.309,171342.336]},{"type":"Feature","id":"Buildings.fid-6d0a8ac7_1a031465927_1186","geometry":{"type":"Polygon","coordinates":[[[154872.014,171335.426],[154874.127,171333.904],[154875.462,171335.81],[154873.375,171337.323],[154872.014,171335.426]]]},"geometry_name":"GEOM","properties":{"INSPIRE_ID":"https://databrussels.be/id/building/1664806","BLOCK_ID":"https://databrussels.be/id/block/27866","AREA":6},"bbox":[154872.014,171333.904,154875.462,171337.323]},{"type":"Feature","id":"Buildings.fid-6d0a8ac7_1a031465927_113f","geometry":{"type":"Polygon","coordinates":[[[154530.681,171020.291],[154531.842,171018.508],[154534.94,171020.544],[154533.774,171022.305],[154530.681,171020.291]]]},"geometry_name":"GEOM","properties":{"INSPIRE_ID":"https://databrussels.be/id/building/1667328","BLOCK_ID":"https://databrussels.be/id/block/26238","AREA":8},"bbox":[154530.681,171018.508,154534.94,171022.305]},{"type":"Feature","id":"Buildings.fid-6d0a8ac7_1a031465927_113d","geometry":{"type":"Polygon","coordinates":[[[154527.43527503,171015.62358222],[154528.77280107,171013.47365475],[154530.40695353,171014.49030368],[154529.06942749,171016.64023113],[154527.43527503,171015.62358222]]]},"geometry_name":"GEOM","properties":{"INSPIRE_ID":"https://databrussels.be/id/building/1667329","BLOCK_ID":"https://databrussels.be/id/block/26238","AREA":5},"bbox":[154527.43527503,171013.47365475,154530.40695353,171016.64023113]},{"type":"Feature","id":"Buildings.fid-6d0a8ac7_1a031465927_11d9","geometry":{"type":"Polygon","coordinates":[[[154772.631,171494.043],[154783.44,171490.82],[154785.09,171496.55],[154784.02,171496.86],[154784.844,171499.728],[154776.486,171502.172],[154775.631,171499.254],[154774.279,171499.65],[154772.631,171494.043]]]},"geometry_name":"GEOM","properties":{"INSPIRE_ID":"https://databrussels.be/id/building/1752350","BLOCK_ID":"https://databrussels.be/id/block/28003","AREA":93},"bbox":[154772.631,171490.82,154785.09,171502.172]},{"type":"Feature","id":"Buildings.fid-6d0a8ac7_1a031465927_10d7","geometry":{"type":"Polygon","coordinates":[[[154738.78303996,171361.07288889],[154734.01698201,171365.10689587],[154735.94695554,171367.37088012],[154740.71991446,171363.34487236],[154738.78303996,171361.07288889]]]},"geometry_name":"GEOM","properties":{"INSPIRE_ID":"https://databrussels.be/id/building/1771797","BLOCK_ID":"https://databrussels.be/id/block/23613","AREA":19},"bbox":[154734.01698201,171361.07288889,154740.71991446,171367.37088012]},{"type":"Feature","id":"Buildings.fid-6d0a8ac7_1a031465927_11e7","geometry":{"type":"Polygon","coordinates":[[[154713.3609,171067.2227],[154709.2464,171071.489],[154702.7363,171065.2105],[154706.8508,171060.9443],[154713.3609,171067.2227]]]},"geometry_name":"GEOM","properties":{"INSPIRE_ID":"https://databrussels.be/id/building/1772121","BLOCK_ID":"https://databrussels.be/id/block/27866","AREA":54},"bbox":[154702.7363,171060.9443,154713.3609,171071.489]},{"type":"Feature","id":"Buildings.fid-6d0a8ac7_1a031465927_1134","geometry":{"type":"Polygon","coordinates":[[[154593.65689016,171231.58981755],[154579.97201157,171228.22544067],[154574.258,171252.296],[154582.30204899,171254.15586442],[154588.11593906,171255.51087278],[154593.65689016,171231.58981755]]]},"geometry_name":"GEOM","properties":{"INSPIRE_ID":"https://databrussels.be/id/building/1772757","BLOCK_ID":"https://databrussels.be/id/block/23613","AREA":349},"bbox":[154574.258,171228.22544067,154593.65689016,171255.51087278]},{"type":"Feature","id":"Buildings.fid-6d0a8ac7_1a031465927_10e0","geometry":{"type":"Polygon","coordinates":[[[154751.59692142,171362.02584793],[154753.54809713,171364.30792974],[154758.08408283,171360.52295252],[154756.14810417,171358.21496868],[154751.59692142,171362.02584793]]]},"geometry_name":"GEOM","properties":{"INSPIRE_ID":"https://databrussels.be/id/building/1772763","BLOCK_ID":"https://databrussels.be/id/block/23613","AREA":18},"bbox":[154751.59692142,171358.21496868,154758.08408283,171364.30792974]},{"type":"Feature","id":"Buildings.fid-6d0a8ac7_1a031465927_10df","geometry":{"type":"Polygon","coordinates":[[[154749.6460457,171359.74386608],[154751.59692142,171362.02584793],[154756.14810417,171358.21496868],[154754.21202549,171355.90678484],[154749.6460457,171359.74386608]]]},"geometry_name":"GEOM","properties":{"INSPIRE_ID":"https://databrussels.be/id/building/1772764","BLOCK_ID":"https://databrussels.be/id/block/23613","AREA":18},"bbox":[154749.6460457,171355.90678484,154756.14810417,171362.02584793]},{"type":"Feature","id":"Buildings.fid-6d0a8ac7_1a031465927_11eb","geometry":{"type":"Polygon","coordinates":[[[154720.7963,171075.4225],[154718.7131,171077.5826],[154714.3596,171073.384],[154716.4428,171071.2239],[154720.7963,171075.4225]]]},"geometry_name":"GEOM","properties":{"INSPIRE_ID":"https://databrussels.be/id/building/1773242","BLOCK_ID":"https://databrussels.be/id/block/27866","AREA":18},"bbox":[154714.3596,171071.2239,154720.7963,171077.5826]},{"type":"Feature","id":"Buildings.fid-6d0a8ac7_1a031465927_11e9","geometry":{"type":"Polygon","coordinates":[[[154725.1578,171070.9002],[154720.9758,171075.2364],[154716.6223,171071.0378],[154720.8042,171066.7016],[154725.1578,171070.9002]]]},"geometry_name":"GEOM","properties":{"INSPIRE_ID":"https://databrussels.be/id/building/1773243","BLOCK_ID":"https://databrussels.be/id/block/27866","AREA":36},"bbox":[154716.6223,171066.7016,154725.1578,171075.2364]},{"type":"Feature","id":"Buildings.fid-6d0a8ac7_1a031465927_11e8","geometry":{"type":"Polygon","coordinates":[[[154729.4665,171066.4325],[154725.2967,171070.7561],[154720.9432,171066.5575],[154725.113,171062.2339],[154729.4665,171066.4325]]]},"geometry_name":"GEOM","properties":{"INSPIRE_ID":"https://databrussels.be/id/building/1773244","BLOCK_ID":"https://databrussels.be/id/block/27866","AREA":36},"bbox":[154720.9432,171062.2339,154729.4665,171070.7561]},{"type":"Feature","id":"Buildings.fid-6d0a8ac7_1a031465927_10dd","geometry":{"type":"Polygon","coordinates":[[[154752.27694685,171353.59890088],[154747.69496998,171357.46178426],[154749.6460457,171359.74386608],[154754.21202549,171355.90678484],[154753.7298728,171355.33174235],[154752.27694685,171353.59890088]]]},"geometry_name":"GEOM","properties":{"INSPIRE_ID":"https://databrussels.be/id/building/1773907","BLOCK_ID":"https://databrussels.be/id/block/23613","AREA":18},"bbox":[154747.69496998,171353.59890088,154754.21202549,171359.74386608]},{"type":"Feature","id":"Buildings.fid-6d0a8ac7_1a031465927_10ff","geometry":{"type":"Polygon","coordinates":[[[154694.5024,171383.1421],[154714.9943,171407.4828],[154707.7109,171413.6145],[154709.6042,171415.8634],[154698.107,171425.5426],[154674.2802,171445.6018],[154658.472,171426.8245],[154678.6797,171409.8121],[154673.8652,171404.0934],[154676.207,171400.6308],[154679.4832,171395.7864],[154694.5024,171383.1421]]]},"geometry_name":"GEOM","properties":{"INSPIRE_ID":"https://databrussels.be/id/building/1774028","BLOCK_ID":"https://databrussels.be/id/block/23613","AREA":1625},"bbox":[154658.472,171383.1421,154714.9943,171445.6018]},{"type":"Feature","id":"Buildings.fid-6d0a8ac7_1a031465927_114a","geometry":{"type":"Polygon","coordinates":[[[154635.02095416,171377.31985245],[154629.59695349,171400.80979013],[154642.13306674,171403.77379814],[154647.56296499,171380.2608597],[154635.02095416,171377.31985245]]]},"geometry_name":"GEOM","properties":{"INSPIRE_ID":"https://databrussels.be/id/building/1774056","BLOCK_ID":"https://databrussels.be/id/block/23613","AREA":311},"bbox":[154629.59695349,171377.31985245,154647.56296499,171403.77379814]},{"type":"Feature","id":"Buildings.fid-6d0a8ac7_1a031465927_114e","geometry":{"type":"Polygon","coordinates":[[[154633.3713,171461.9822],[154645.6019,171476.5165],[154626.3124,171492.7485],[154610.7071,171474.2038],[154626.1514,171461.2074],[154629.9965,171457.9718],[154633.3713,171461.9822]]]},"geometry_name":"GEOM","properties":{"INSPIRE_ID":"https://databrussels.be/id/building/1774090","BLOCK_ID":"https://databrussels.be/id/block/23613","AREA":611},"bbox":[154610.7071,171457.9718,154645.6019,171492.7485]},{"type":"Feature","id":"Buildings.fid-6d0a8ac7_1a031465927_114c","geometry":{"type":"Polygon","coordinates":[[[154560.88790425,171423.42176974],[154555.57089941,171446.85779505],[154567.98799768,171449.70081634],[154573.31290721,171426.3028905],[154560.88790425,171423.42176974]]]},"geometry_name":"GEOM","properties":{"INSPIRE_ID":"https://databrussels.be/id/building/1775094","BLOCK_ID":"https://databrussels.be/id/block/23613","AREA":306},"bbox":[154555.57089941,171423.42176974,154573.31290721,171449.70081634]},{"type":"Feature","id":"Buildings.fid-6d0a8ac7_1a031465927_11c2","geometry":{"type":"Polygon","coordinates":[[[154823.44351406,171423.21174651],[154830.36952607,171429.18105817],[154832.27295547,171426.87642157],[154831.73503587,171426.41285798],[154830.55987781,171425.40014068],[154825.3665531,171420.92468335],[154823.44351406,171423.21174651]]]},"geometry_name":"GEOM","properties":{"INSPIRE_ID":"https://databrussels.be/id/building/1775097","BLOCK_ID":"https://databrussels.be/id/block/27647","AREA":27},"bbox":[154823.44351406,171420.92468335,154832.27295547,171429.18105817]},{"type":"Feature","id":"Buildings.fid-6d0a8ac7_1a031465927_11cc","geometry":{"type":"Polygon","coordinates":[[[154850.62466481,171449.18273237],[154853.30538413,171448.16716251],[154853.92145214,171449.79334838],[154851.24073279,171450.80891826],[154850.62466481,171449.18273237]]]},"geometry_name":"GEOM","properties":{"INSPIRE_ID":"https://databrussels.be/id/building/1776705","BLOCK_ID":"https://databrussels.be/id/block/27647","AREA":5},"bbox":[154850.62466481,171448.16716251,154853.92145214,171450.80891826]},{"type":"Feature","id":"Buildings.fid-6d0a8ac7_1a031465927_114d","geometry":{"type":"Polygon","coordinates":[[[154555.57089941,171446.85779505],[154550.25499464,171470.29282035],[154562.66398824,171473.09784218],[154567.98799768,171449.70081634],[154555.57089941,171446.85779505]]]},"geometry_name":"GEOM","properties":{"INSPIRE_ID":"https://databrussels.be/id/building/1777578","BLOCK_ID":"https://databrussels.be/id/block/23613","AREA":306},"bbox":[154550.25499464,171446.85779505,154567.98799768,171473.09784218]},{"type":"Feature","id":"Buildings.fid-6d0a8ac7_1a031465927_1216","geometry":{"type":"Polygon","coordinates":[[[154782.3104,171206.77304243],[154780.24819999,171208.52554243],[154778.1859,171210.27804243],[154773.2496,171204.46914243],[154775.3118,171202.71664242],[154777.37409999,171200.96414243],[154782.3104,171206.77304243]]]},"geometry_name":"GEOM","properties":{"INSPIRE_ID":"https://databrussels.be/id/building/1778260","BLOCK_ID":"https://databrussels.be/id/block/27866","AREA":41},"bbox":[154773.2496,171200.96414243,154782.3104,171210.27804243]},{"type":"Feature","id":"Buildings.fid-6d0a8ac7_1a031465927_120f","geometry":{"type":"Polygon","coordinates":[[[154742.1001,171176.52394243],[154740.2122,171178.61784243],[154738.06469999,171176.68174243],[154739.9526,171174.58774243],[154742.1001,171176.52394243]]]},"geometry_name":"GEOM","properties":{"INSPIRE_ID":"https://databrussels.be/id/building/1778261","BLOCK_ID":"https://databrussels.be/id/block/27866","AREA":8},"bbox":[154738.06469999,171174.58774243,154742.1001,171178.61784243]},{"type":"Feature","id":"Buildings.fid-6d0a8ac7_1a031465927_112a","geometry":{"type":"Polygon","coordinates":[[[154669.09139999,171113.86724243],[154668.57649999,171114.78024242],[154668.06159999,171115.69314243],[154666.53729999,171114.83334243],[154667.05219999,171113.92044243],[154667.5671,171113.00754243],[154669.09139999,171113.86724243]]]},"geometry_name":"GEOM","properties":{"INSPIRE_ID":"https://databrussels.be/id/building/1778262","BLOCK_ID":"https://databrussels.be/id/block/27866","AREA":4},"bbox":[154666.53729999,171113.00754243,154669.09139999,171115.69314243]},{"type":"Feature","id":"Buildings.fid-6d0a8ac7_1a031465927_11e5","geometry":{"type":"Polygon","coordinates":[[[154719.53499999,171036.18574243],[154723.83519999,171040.33294243],[154717.54689999,171046.85324243],[154713.24669999,171042.70604243],[154719.53499999,171036.18574243]]]},"geometry_name":"GEOM","properties":{"INSPIRE_ID":"https://databrussels.be/id/building/1778263","BLOCK_ID":"https://databrussels.be/id/block/27866","AREA":54},"bbox":[154713.24669999,171036.18574243,154723.83519999,171046.85324243]},{"type":"Feature","id":"Buildings.fid-6d0a8ac7_1a031465927_1107","geometry":{"type":"Polygon","coordinates":[[[154741.44759999,171434.44164243],[154743.13469999,171436.39334243],[154740.89899999,171438.32594243],[154739.2119,171436.37424243],[154741.44759999,171434.44164243]]]},"geometry_name":"GEOM","properties":{"INSPIRE_ID":"https://databrussels.be/id/building/1778269","BLOCK_ID":"https://databrussels.be/id/block/23613","AREA":8},"bbox":[154739.2119,171434.44164243,154743.13469999,171438.32594243]},{"type":"Feature","id":"Buildings.fid-6d0a8ac7_1a031465927_10d8","geometry":{"type":"Polygon","coordinates":[[[154740.71991446,171363.34487236],[154735.94695554,171367.37088012],[154737.87692906,171369.63496436],[154742.65698894,171365.61685581],[154740.71991446,171363.34487236]]]},"geometry_name":"GEOM","properties":{"INSPIRE_ID":"https://databrussels.be/id/building/1778626","BLOCK_ID":"https://databrussels.be/id/block/23613","AREA":19},"bbox":[154735.94695554,171363.34487236,154742.65698894,171369.63496436]},{"type":"Feature","id":"Buildings.fid-6d0a8ac7_1a031465927_11c4","geometry":{"type":"Polygon","coordinates":[[[154830.1021,171472.9385],[154828.533,171470.1136],[154828.2258,171470.2843],[154825.414,171465.222],[154832.28,171461.31],[154832.7626,171461.035],[154834.4772,171464.1219],[154835.5436,171463.5296],[154838.2545,171468.4103],[154830.1021,171472.9385]]]},"geometry_name":"GEOM","properties":{"INSPIRE_ID":"https://databrussels.be/id/building/1779396","BLOCK_ID":"https://databrussels.be/id/block/27647","AREA":82},"bbox":[154825.414,171461.035,154838.2545,171472.9385]},{"type":"Feature","id":"Buildings.fid-6d0a8ac7_1a031465927_115b","geometry":{"type":"Polygon","coordinates":[[[154926.89585569,171427.96233422],[154912.07100173,171434.27499873],[154918.30300115,171448.92999879],[154933.15825037,171442.61321327],[154926.89585569,171427.96233422]]]},"geometry_name":"GEOM","properties":{"INSPIRE_ID":"https://databrussels.be/id/building/1779771","BLOCK_ID":"https://databrussels.be/id/block/27866","AREA":257},"bbox":[154912.07100173,171427.96233422,154933.15825037,171448.92999879]},{"type":"Feature","id":"Buildings.fid-6d0a8ac7_1a031465927_1149","geometry":{"type":"Polygon","coordinates":[[[154635.02095416,171377.31985245],[154647.56296499,171380.2608597],[154652.99306343,171356.74792137],[154640.4450549,171353.82881488],[154635.02095416,171377.31985245]]]},"geometry_name":"GEOM","properties":{"INSPIRE_ID":"https://databrussels.be/id/building/1779772","BLOCK_ID":"https://databrussels.be/id/block/23613","AREA":311},"bbox":[154635.02095416,171353.82881488,154652.99306343,171380.2608597]},{"type":"Feature","id":"Buildings.fid-6d0a8ac7_1a031465927_10e2","geometry":{"type":"Polygon","coordinates":[[[154753.54809713,171364.30792974],[154755.49897272,171366.58881157],[154760.02006146,171362.83073635],[154758.08408283,171360.52295252],[154753.54809713,171364.30792974]]]},"geometry_name":"GEOM","properties":{"INSPIRE_ID":"https://databrussels.be/id/building/1779812","BLOCK_ID":"https://databrussels.be/id/block/23613","AREA":18},"bbox":[154753.54809713,171360.52295252,154760.02006146,171366.58881157]},{"type":"Feature","id":"Buildings.fid-6d0a8ac7_1a031465927_112d","geometry":{"type":"Polygon","coordinates":[[[154625.699,171145.257],[154626.681,171145.856],[154624.361,171149.87],[154624.599,171150.02],[154624.808,171151.526],[154634.936,171157.285],[154636.55001607,171156.57495585],[154643.21275966,171146.82748859],[154643.93200581,171145.67697302],[154638.899,171142.898],[154638.327,171143.852],[154630.41,171139.29],[154628.72,171142.22],[154627.75,171141.66],[154625.699,171145.257]]]},"geometry_name":"GEOM","properties":{"INSPIRE_ID":"https://databrussels.be/id/building/1780673","BLOCK_ID":"https://databrussels.be/id/block/27866","AREA":201},"bbox":[154624.361,171139.29,154643.93200581,171157.285]},{"type":"Feature","id":"Buildings.fid-6d0a8ac7_1a031465927_10db","geometry":{"type":"Polygon","coordinates":[[[154744.59406353,171367.88983926],[154739.80600244,171371.89784869],[154741.73597595,171374.16183293],[154746.530938,171370.16182271],[154744.59406353,171367.88983926]]]},"geometry_name":"GEOM","properties":{"INSPIRE_ID":"https://databrussels.be/id/building/1780924","BLOCK_ID":"https://databrussels.be/id/block/23613","AREA":19},"bbox":[154739.80600244,171367.88983926,154746.530938,171374.16183293]},{"type":"Feature","id":"Buildings.fid-6d0a8ac7_1a031465927_10dc","geometry":{"type":"Polygon","coordinates":[[[154750.34096806,171351.28981702],[154745.74409437,171355.18080241],[154747.69496998,171357.46178426],[154752.27694685,171353.59890088],[154750.34096806,171351.28981702]]]},"geometry_name":"GEOM","properties":{"INSPIRE_ID":"https://databrussels.be/id/building/1780931","BLOCK_ID":"https://databrussels.be/id/block/23613","AREA":18},"bbox":[154745.74409437,171351.28981702,154752.27694685,171357.46178426]},{"type":"Feature","id":"Buildings.fid-6d0a8ac7_1a031465927_10d4","geometry":{"type":"Polygon","coordinates":[[[154683.2880706,171286.48881763],[154677.88706476,171309.94385146],[154690.4709746,171312.86975388],[154695.87487974,171289.40671978],[154683.2880706,171286.48881763]]]},"geometry_name":"GEOM","properties":{"INSPIRE_ID":"https://databrussels.be/id/building/1780940","BLOCK_ID":"https://databrussels.be/id/block/23613","AREA":311},"bbox":[154677.88706476,171286.48881763,154695.87487974,171312.86975388]},{"type":"Feature","id":"Buildings.fid-6d0a8ac7_1a031465927_10da","geometry":{"type":"Polygon","coordinates":[[[154744.59406353,171367.88983926],[154742.65698894,171365.61685581],[154737.87692906,171369.63496436],[154739.80600244,171371.89784869],[154744.59406353,171367.88983926]]]},"geometry_name":"GEOM","properties":{"INSPIRE_ID":"https://databrussels.be/id/building/1780947","BLOCK_ID":"https://databrussels.be/id/block/23613","AREA":19},"bbox":[154737.87692906,171365.61685581,154744.59406353,171371.89784869]},{"type":"Feature","id":"Buildings.fid-6d0a8ac7_1a031465927_11e1","geometry":{"type":"Polygon","coordinates":[[[154881.217,171485.091],[154887.427,171483.413],[154887.4346,171483.4415],[154887.9177,171485.2448],[154888.8464,171484.996],[154888.1192,171482.2813],[154891.1644,171481.4655],[154893.5109,171490.2244],[154894.2058,171492.9174],[154884.116,171495.521],[154883.45,171492.94],[154881.217,171485.091]]]},"geometry_name":"GEOM","properties":{"INSPIRE_ID":"https://databrussels.be/id/building/1781979","BLOCK_ID":"https://databrussels.be/id/block/27228","AREA":115},"bbox":[154881.217,171481.4655,154894.2058,171495.521]},{"type":"Feature","id":"Buildings.fid-6d0a8ac7_1a031465927_113c","geometry":{"type":"Polygon","coordinates":[[[154531.98271447,171013.08262433],[154534.03467156,171013.80080213],[154533.52057776,171015.31321476],[154531.36197847,171014.57947155],[154531.98271447,171013.08262433]]]},"geometry_name":"GEOM","properties":{"INSPIRE_ID":"https://databrussels.be/id/building/1782804","BLOCK_ID":"https://databrussels.be/id/block/26238","AREA":4},"bbox":[154531.36197847,171013.08262433,154534.03467156,171015.31321476]},{"type":"Feature","id":"Buildings.fid-6d0a8ac7_1a031465927_11f0","geometry":{"type":"Polygon","coordinates":[[[154749.814235,171109.49339044],[154751.53601014,171110.83317289],[154750.54856937,171112.10214829],[154748.82679423,171110.76236583],[154749.814235,171109.49339044]]]},"geometry_name":"GEOM","properties":{"INSPIRE_ID":"https://databrussels.be/id/building/1782811","BLOCK_ID":"https://databrussels.be/id/block/27866","AREA":4},"bbox":[154748.82679423,171109.49339044,154751.53601014,171112.10214829]},{"type":"Feature","id":"Buildings.fid-6d0a8ac7_1a031465927_11fc","geometry":{"type":"Polygon","coordinates":[[[154776.94095414,171134.84291327],[154779.26127447,171137.06468939],[154776.92796733,171139.50148757],[154774.607647,171137.27971145],[154776.94095414,171134.84291327]]]},"geometry_name":"GEOM","properties":{"INSPIRE_ID":"https://databrussels.be/id/building/1782812","BLOCK_ID":"https://databrussels.be/id/block/27866","AREA":11},"bbox":[154774.607647,171134.84291327,154779.26127447,171139.50148757]},{"type":"Feature","id":"Buildings.fid-6d0a8ac7_1a031465927_11c3","geometry":{"type":"Polygon","coordinates":[[[154827.29599977,171418.62999961],[154825.3665531,171420.92468335],[154830.55987781,171425.40014068],[154832.58099999,171423.073],[154827.29599977,171418.62999961]]]},"geometry_name":"GEOM","properties":{"INSPIRE_ID":"https://databrussels.be/id/building/1783240","BLOCK_ID":"https://databrussels.be/id/block/27647","AREA":21},"bbox":[154825.3665531,171418.62999961,154832.58099999,171425.40014068]},{"type":"Feature","id":"Buildings.fid-6d0a8ac7_1a031465927_11fe","geometry":{"type":"Polygon","coordinates":[[[154757.08912466,171148.31609562],[154763.48672058,171154.33273545],[154763.87776879,171153.9100173],[154771.5318907,171145.63600854],[154765.10130154,171139.81991197],[154757.08912466,171148.31609562]]]},"geometry_name":"GEOM","properties":{"INSPIRE_ID":"https://databrussels.be/id/building/1783882","BLOCK_ID":"https://databrussels.be/id/block/27866","AREA":103},"bbox":[154757.08912466,171139.81991197,154771.5318907,171154.33273545]},{"type":"Feature","id":"Buildings.fid-6d0a8ac7_1a031465927_11d4","geometry":{"type":"Polygon","coordinates":[[[154885.80311567,171386.29289261],[154887.59733945,171384.90985132],[154888.81539298,171386.50505282],[154886.96757844,171387.89085515],[154885.80311567,171386.29289261]]]},"geometry_name":"GEOM","properties":{"INSPIRE_ID":"https://databrussels.be/id/building/1783883","BLOCK_ID":"https://databrussels.be/id/block/27866","AREA":5},"bbox":[154885.80311567,171384.90985132,154888.81539298,171387.89085515]},{"type":"Feature","id":"Buildings.fid-6d0a8ac7_1a031465927_118f","geometry":{"type":"Polygon","coordinates":[[[154880.3400753,171347.22460643],[154882.49319604,171346.51323818],[154882.95080092,171347.89828532],[154880.79768017,171348.60965357],[154880.3400753,171347.22460643]]]},"geometry_name":"GEOM","properties":{"INSPIRE_ID":"https://databrussels.be/id/building/1783965","BLOCK_ID":"https://databrussels.be/id/block/27866","AREA":3},"bbox":[154880.3400753,171346.51323818,154882.95080092,171348.60965357]},{"type":"Feature","id":"Buildings.fid-6d0a8ac7_1a031465927_1196","geometry":{"type":"Polygon","coordinates":[[[154986.165,171358.021],[154960.27824756,171369.03989477],[154966.08714818,171382.90206631],[154992.049,171371.835],[154986.165,171358.021]]]},"geometry_name":"GEOM","properties":{"INSPIRE_ID":"https://databrussels.be/id/building/1785611","BLOCK_ID":"https://databrussels.be/id/block/27866","AREA":423},"bbox":[154960.27824756,171358.021,154992.049,171382.90206631]},{"type":"Feature","id":"Buildings.fid-6d0a8ac7_1a031465927_1133","geometry":{"type":"Polygon","coordinates":[[[154593.65689016,171231.58981755],[154599.19904137,171207.66786231],[154585.64301199,171204.33606799],[154579.97201157,171228.22544067],[154593.65689016,171231.58981755]]]},"geometry_name":"GEOM","properties":{"INSPIRE_ID":"https://databrussels.be/id/building/1785612","BLOCK_ID":"https://databrussels.be/id/block/23613","AREA":344},"bbox":[154579.97201157,171204.33606799,154599.19904137,171231.58981755]},{"type":"Feature","id":"Buildings.fid-6d0a8ac7_1a031465927_1108","geometry":{"type":"Polygon","coordinates":[[[154748.46801246,171372.43380614],[154746.530938,171370.16182271],[154741.73597595,171374.16183293],[154743.66594945,171376.42581716],[154748.46801246,171372.43380614]]]},"geometry_name":"GEOM","properties":{"INSPIRE_ID":"https://databrussels.be/id/building/1785615","BLOCK_ID":"https://databrussels.be/id/block/23613","AREA":19},"bbox":[154741.73597595,171370.16182271,154748.46801246,171376.42581716]},{"type":"Feature","id":"Buildings.fid-6d0a8ac7_1a031465927_1159","geometry":{"type":"Polygon","coordinates":[[[154935.36144202,171424.35754954],[154941.46299724,171439.08184843],[154958.87,171431.68],[154952.619,171417.009],[154935.36144202,171424.35754954]]]},"geometry_name":"GEOM","properties":{"INSPIRE_ID":"https://databrussels.be/id/building/1786824","BLOCK_ID":"https://databrussels.be/id/block/27866","AREA":300},"bbox":[154935.36144202,171417.009,154958.87,171439.08184843]},{"type":"Feature","id":"Buildings.fid-6d0a8ac7_1a031465927_11e6","geometry":{"type":"Polygon","coordinates":[[[154733.7499,171061.9911],[154729.6023,171066.2917],[154725.2488,171062.0931],[154729.3964,171057.7925],[154733.7499,171061.9911]]]},"geometry_name":"GEOM","properties":{"INSPIRE_ID":"https://databrussels.be/id/building/1787178","BLOCK_ID":"https://databrussels.be/id/block/27866","AREA":36},"bbox":[154725.2488,171057.7925,154733.7499,171066.2917]},{"type":"Feature","id":"Buildings.fid-6d0a8ac7_1a031465927_1203","geometry":{"type":"Polygon","coordinates":[[[154775.4226,171153.5583],[154778.104,171150.6703],[154772.09910968,171145.02285201],[154771.5318907,171145.63600854],[154763.87776879,171153.9100173],[154769.8721,171159.5361],[154770.0615,171159.3322],[154771.5275,171157.7533],[154773.4469,171159.5355],[154777.3306,171155.3527],[154775.4226,171153.5583]]]},"geometry_name":"GEOM","properties":{"INSPIRE_ID":"https://databrussels.be/id/building/1788386","BLOCK_ID":"https://databrussels.be/id/block/27866","AREA":115},"bbox":[154763.87776879,171145.02285201,154778.104,171159.5361]},{"type":"Feature","id":"Buildings.fid-6d0a8ac7_1a031465927_10d5","geometry":{"type":"Polygon","coordinates":[[[154688.68897662,171263.03378395],[154683.2880706,171286.48881763],[154695.87487974,171289.40671978],[154701.27798508,171265.9438859],[154688.68897662,171263.03378395]]]},"geometry_name":"GEOM","properties":{"INSPIRE_ID":"https://databrussels.be/id/building/1788784","BLOCK_ID":"https://databrussels.be/id/block/23613","AREA":311},"bbox":[154683.2880706,171263.03378395,154701.27798508,171289.40671978]},{"type":"Feature","id":"Buildings.fid-6d0a8ac7_1a031465927_11a5","geometry":{"type":"Polygon","coordinates":[[[154826.271,171371.844],[154830.05,171366.22],[154832.695,171368.131],[154839.344,171372.727],[154837.596,171375.25],[154838.007,171375.535],[154835.989,171378.449],[154828.84,171373.7],[154826.271,171371.844]]]},"geometry_name":"GEOM","properties":{"INSPIRE_ID":"https://databrussels.be/id/building/1789892","BLOCK_ID":"https://databrussels.be/id/block/23613","AREA":78},"bbox":[154826.271,171366.22,154839.344,171378.449]},{"type":"Feature","id":"Buildings.fid-6d0a8ac7_1a031465927_1146","geometry":{"type":"Polygon","coordinates":[[[154546.31,171041.392],[154543.382,171039.524],[154544.915,171037.12],[154547.844,171038.988],[154546.31,171041.392]]]},"geometry_name":"GEOM","properties":{"INSPIRE_ID":"https://databrussels.be/id/building/1797897","BLOCK_ID":"https://databrussels.be/id/block/26238","AREA":10},"bbox":[154543.382,171037.12,154547.844,171041.392]},{"type":"Feature","id":"Buildings.fid-6d0a8ac7_1a031465927_1187","geometry":{"type":"Polygon","coordinates":[[[154870.003,171339.893],[154868.451,171337.706],[154870.271,171336.413],[154871.824,171338.6],[154870.003,171339.893]]]},"geometry_name":"GEOM","properties":{"INSPIRE_ID":"https://databrussels.be/id/building/1802133","BLOCK_ID":"https://databrussels.be/id/block/27866","AREA":6},"bbox":[154868.451,171336.413,154871.824,171339.893]},{"type":"Feature","id":"Buildings.fid-6d0a8ac7_1a031465927_11c5","geometry":{"type":"Polygon","coordinates":[[[154831.482,171414.633],[154833.269,171412.512],[154832.561,171411.907],[154835.465,171408.471],[154835.791,171408.743],[154836.632,171409.456],[154838.022,171407.813],[154838.468,171407.285],[154843.873,171411.866],[154838.81,171418.05],[154837.44,171419.68],[154831.482,171414.633]]]},"geometry_name":"GEOM","properties":{"INSPIRE_ID":"https://databrussels.be/id/building/1809833","BLOCK_ID":"https://databrussels.be/id/block/27647","AREA":81},"bbox":[154831.482,171407.285,154843.873,171419.68]},{"type":"Feature","id":"Buildings.fid-6d0a8ac7_1a031465927_1218","geometry":{"type":"Polygon","coordinates":[[[154866.84427563,171231.80309329],[154865.46940936,171230.07077725],[154868.00256151,171228.02349489],[154869.54067262,171229.87553083],[154866.84427563,171231.80309329]]]},"geometry_name":"GEOM","properties":{"INSPIRE_ID":"https://databrussels.be/id/building/1809844","BLOCK_ID":"https://databrussels.be/id/block/27866","AREA":8},"bbox":[154865.46940936,171228.02349489,154869.54067262,171231.80309329]},{"type":"Feature","id":"Buildings.fid-6d0a8ac7_1a031465927_1147","geometry":{"type":"Polygon","coordinates":[[[154657.279484,171309.87427734],[154653.99236423,171308.95472795],[154654.51098466,171306.76999072],[154657.86224896,171307.75689594],[154657.279484,171309.87427734]]]},"geometry_name":"GEOM","properties":{"INSPIRE_ID":"https://databrussels.be/id/building/1809845","BLOCK_ID":"https://databrussels.be/id/block/23613","AREA":8},"bbox":[154653.99236423,171306.76999072,154657.86224896,171309.87427734]},{"type":"Feature","id":"Buildings.fid-6d0a8ac7_1a031465927_11fb","geometry":{"type":"Polygon","coordinates":[[[154676.58999993,171135.29999956],[154675.18000013,171137.63000048],[154675.00000003,171137.52000018],[154672.77000039,171136.17000025],[154674.18000019,171133.84000033],[154676.58999993,171135.29999956]]]},"geometry_name":"GEOM","properties":{"INSPIRE_ID":"https://databrussels.be/id/building/1809846","BLOCK_ID":"https://databrussels.be/id/block/27866","AREA":8},"bbox":[154672.77000039,171133.84000033,154676.58999993,171137.63000048]},{"type":"Feature","id":"Buildings.fid-6d0a8ac7_1a031465927_11e3","geometry":{"type":"Polygon","coordinates":[[[154810.21,171045.53],[154813.88,171041.9],[154818.67,171046.75],[154827.65,171037.87],[154821.22,171031.37],[154834.12,171018.62],[154846.32,171030.69],[154843.56,171033.48],[154846.16,171036.05],[154848.91,171033.34],[154856.21,171040.72],[154851.39,171045.59],[154851.11,171045.77],[154850.83,171045.95],[154850.54,171046.08],[154850.25,171046.13],[154849.96,171046.13],[154849.68,171046.09],[154849.42,171045.95],[154849.18,171045.74],[154848.95,171045.54],[154847.45,171044.04],[154845.41,171046.06],[154857.3,171058.02],[154853.39,171061.91],[154856.32,171064.85],[154849.85,171071.28],[154846.92,171068.32],[154844.32,171070.91],[154832.55,171059.08],[154828.09,171063.51],[154810.21,171045.53]]]},"geometry_name":"GEOM","properties":{"INSPIRE_ID":"https://databrussels.be/id/building/1809963","BLOCK_ID":"https://databrussels.be/id/block/27866","AREA":1227},"bbox":[154810.21,171018.62,154857.3,171071.28]},{"type":"Feature","id":"Buildings.fid-6d0a8ac7_1a031465927_11bb","geometry":{"type":"Polygon","coordinates":[[[154810.32959344,171397.31048763],[154816.24258935,171402.21048575],[154818.337,171399.734],[154818.536,171399.867],[154822.811,171394.805],[154816.34,171389.57],[154815.247,171388.625],[154811.04,171393.342],[154812.283,171394.429],[154811.94,171394.84],[154812.20999979,171395.0599996],[154810.32959344,171397.31048763]]]},"geometry_name":"GEOM","properties":{"INSPIRE_ID":"https://databrussels.be/id/building/1809964","BLOCK_ID":"https://databrussels.be/id/block/23613","AREA":90},"bbox":[154810.32959344,171388.625,154822.811,171402.21048575]},{"type":"Feature","id":"Buildings.fid-6d0a8ac7_1a031465927_1176","geometry":{"type":"Polygon","coordinates":[[[154963.47,171253.46],[154977.00999951,171247.64999994],[154979.58,171253.59],[154982.04,171259.28],[154984.65,171265.32],[154987.05,171270.87],[154989.56,171276.67],[154992.05,171282.42],[154994.53,171288.16],[154999.59,171299.86],[154985.9,171305.74],[154978.406,171288.274],[154971.06,171271.151],[154963.47,171253.46]]]},"geometry_name":"GEOM","properties":{"INSPIRE_ID":"https://databrussels.be/id/building/1810145","BLOCK_ID":"https://databrussels.be/id/block/24201","AREA":843},"bbox":[154963.47,171247.64999994,154999.59,171305.74]},{"type":"Feature","id":"Buildings.fid-6d0a8ac7_1a031465927_1172","geometry":{"type":"Polygon","coordinates":[[[154930.9,171269.16],[154944.62,171263.25],[154951.828,171280.004],[154959.632,171298.151],[154967.09,171315.49],[154953.41,171321.37],[154949.5,171312.3],[154945.94,171304.04],[154942.25,171295.48],[154938.12,171285.9],[154934.48,171277.46],[154934.4,171277.28],[154930.9,171269.16]]]},"geometry_name":"GEOM","properties":{"INSPIRE_ID":"https://databrussels.be/id/building/1810147","BLOCK_ID":"https://databrussels.be/id/block/27866","AREA":848},"bbox":[154930.9,171263.25,154967.09,171321.37]},{"type":"Feature","id":"Buildings.fid-6d0a8ac7_1a031465927_1171","geometry":{"type":"Polygon","coordinates":[[[154925.8,171198.4],[154940.73,171198.22],[154940.951,171217.246],[154941.17,171236.116],[154941.4,171255.92],[154939.09314685,171255.90437323],[154939.09523843,171255.23216152],[154926.33,171255.37],[154926.21,171242.52],[154926.16,171236.29],[154926.07,171226.96],[154925.98,171217.42],[154925.89,171208.16],[154925.8,171198.4]]]},"geometry_name":"GEOM","properties":{"INSPIRE_ID":"https://databrussels.be/id/building/1810149","BLOCK_ID":"https://databrussels.be/id/block/27866","AREA":856},"bbox":[154925.8,171198.22,154941.4,171255.92]},{"type":"Feature","id":"Buildings.fid-6d0a8ac7_1a031465927_1208","geometry":{"type":"Polygon","coordinates":[[[154708.62790945,171165.90882598],[154713.91220968,171168.958459],[154718.43392221,171171.56788571],[154721.92,171165.79],[154720.97246436,171165.2280214],[154712.188,171160.018],[154708.62790945,171165.90882598]]]},"geometry_name":"GEOM","properties":{"INSPIRE_ID":"https://databrussels.be/id/building/1810233","BLOCK_ID":"https://databrussels.be/id/block/27866","AREA":77},"bbox":[154708.62790945,171160.018,154721.92,171171.56788571]},{"type":"Feature","id":"Buildings.fid-6d0a8ac7_1a031465927_121d","geometry":{"type":"Polygon","coordinates":[[[154854.80000388,171249.0200012],[154854.91,171248.93],[154859.14,171245.59],[154858.6,171244.9],[154859.78,171243.96],[154861.70245445,171246.13385866],[154867.37,171253.37],[154861.69,171257.8],[154856.10076029,171250.5244406],[154854.80000388,171249.0200012]]]},"geometry_name":"GEOM","properties":{"INSPIRE_ID":"https://databrussels.be/id/building/1810234","BLOCK_ID":"https://databrussels.be/id/block/27866","AREA":81},"bbox":[154854.80000388,171243.96,154867.37,171257.8]},{"type":"Feature","id":"Buildings.fid-6d0a8ac7_1a031465927_119c","geometry":{"type":"Polygon","coordinates":[[[154808.81000038,171292.84999955],[154816.14909103,171287.15558051],[154818.34,171285.46],[154820.17,171287.76],[154819.49,171288.3],[154821.02,171290.23],[154821.67,171289.74],[154822.5,171290.82],[154820.46315622,171292.50431809],[154813.15400028,171298.3770004],[154808.81000038,171292.84999955]]]},"geometry_name":"GEOM","properties":{"INSPIRE_ID":"https://databrussels.be/id/building/1810235","BLOCK_ID":"https://databrussels.be/id/block/27866","AREA":81},"bbox":[154808.81000038,171285.46,154822.5,171298.3770004]},{"type":"Feature","id":"Buildings.fid-6d0a8ac7_1a031465927_11d3","geometry":{"type":"Polygon","coordinates":[[[154879.86,171379.17],[154888.0420451,171372.73968574],[154888.99756516,171371.98873725],[154893.35008734,171377.4069725],[154892.35000014,171378.23],[154884.19,171384.66],[154879.86,171379.17]]]},"geometry_name":"GEOM","properties":{"INSPIRE_ID":"https://databrussels.be/id/building/1810236","BLOCK_ID":"https://databrussels.be/id/block/27866","AREA":81},"bbox":[154879.86,171371.98873725,154893.35008734,171384.66]},{"type":"Feature","id":"Buildings.fid-6d0a8ac7_1a031465927_11db","geometry":{"type":"Polygon","coordinates":[[[154804.55,171489.82],[154803.23,171481.08],[154805.463,171480.731],[154812.813,171479.621],[154814.0990006,171488.23500008],[154804.55,171489.82]]]},"geometry_name":"GEOM","properties":{"INSPIRE_ID":"https://databrussels.be/id/building/1810238","BLOCK_ID":"https://databrussels.be/id/block/28003","AREA":85},"bbox":[154803.23,171479.621,154814.0990006,171489.82]},{"type":"Feature","id":"Buildings.fid-6d0a8ac7_1a031465927_1114","geometry":{"type":"Polygon","coordinates":[[[154769.20832642,171408.53582337],[154767.94057226,171406.9054661],[154770.21936823,171405.10812952],[154771.4673597,171406.71888385],[154769.20832642,171408.53582337]]]},"geometry_name":"GEOM","properties":{"INSPIRE_ID":"https://databrussels.be/id/building/1810986","BLOCK_ID":"https://databrussels.be/id/block/23613","AREA":6},"bbox":[154767.94057226,171405.10812952,154771.4673597,171408.53582337]},{"type":"Feature","id":"Buildings.fid-6d0a8ac7_1a031465927_1138","geometry":{"type":"Polygon","coordinates":[[[154533.223,171010.235],[154533.12,171012.43],[154531.187,171012.319],[154531.112,171012.924],[154529.362,171012.599],[154529.164,171010.065],[154533.223,171010.235]]]},"geometry_name":"GEOM","properties":{"INSPIRE_ID":"https://databrussels.be/id/building/1810987","BLOCK_ID":"https://databrussels.be/id/block/26238","AREA":9},"bbox":[154529.164,171010.065,154533.223,171012.924]},{"type":"Feature","id":"Buildings.fid-6d0a8ac7_1a031465927_116c","geometry":{"type":"Polygon","coordinates":[[[154897.14,171292.92],[154904.52000014,171287.24999959],[154905.38999968,171288.37999968],[154907.52000007,171286.74],[154910.8499997,171291.05999965],[154910.23702983,171291.46646547],[154908.67214761,171292.72566513],[154901.46,171298.43],[154901.14,171298.01],[154897.24,171293.05],[154897.14,171292.92]]]},"geometry_name":"GEOM","properties":{"INSPIRE_ID":"https://databrussels.be/id/building/1810993","BLOCK_ID":"https://databrussels.be/id/block/27866","AREA":79},"bbox":[154897.14,171286.74,154910.8499997,171298.43]},{"type":"Feature","id":"Buildings.fid-6d0a8ac7_1a031465927_11d1","geometry":{"type":"Polygon","coordinates":[[[154866.37592013,171466.01777391],[154866.82998489,171469.14084289],[154873.55701065,171468.1848224],[154873.12332406,171465.05852776],[154872.84704869,171465.09778464],[154866.37592013,171466.01777391]]]},"geometry_name":"GEOM","properties":{"INSPIRE_ID":"https://databrussels.be/id/building/1811010","BLOCK_ID":"https://databrussels.be/id/block/27647","AREA":21},"bbox":[154866.37592013,171465.05852776,154873.55701065,171469.14084289]},{"type":"Feature","id":"Buildings.fid-6d0a8ac7_1a031465927_117a","geometry":{"type":"Polygon","coordinates":[[[154996.04196213,171133.95606743],[154992.75858228,171137.22174443],[154986.57354344,171131.13662319],[154989.73188808,171128.10385217],[154996.04196213,171133.95606743]]]},"geometry_name":"GEOM","properties":{"INSPIRE_ID":"https://databrussels.be/id/building/1811011","BLOCK_ID":"https://databrussels.be/id/block/27866","AREA":39},"bbox":[154986.57354344,171128.10385217,154996.04196213,171137.22174443]},{"type":"Feature","id":"Buildings.fid-6d0a8ac7_1a031465927_112e","geometry":{"type":"Polygon","coordinates":[[[154646.647,171162.475],[154651.63120069,171154.2946803],[154653.8,171150.78],[154657.32,171145.05],[154657.58,171145.21],[154664.394,171149.393],[154653.875,171166.699],[154646.647,171162.475]]]},"geometry_name":"GEOM","properties":{"INSPIRE_ID":"https://databrussels.be/id/building/1811014","BLOCK_ID":"https://databrussels.be/id/block/27866","AREA":170},"bbox":[154646.647,171145.05,154664.394,171166.699]},{"type":"Feature","id":"Buildings.fid-6d0a8ac7_1a031465927_1125","geometry":{"type":"Polygon","coordinates":[[[154506.18,171081.68],[154512.047,171075.458],[154513.54,171072.77],[154515.97,171074.23],[154518.09,171070.69],[154515.67,171069.24],[154516.927,171067.09],[154521.53,171059.74],[154527.92,171063.41],[154521.959,171073.199],[154519.84,171076.68],[154517.089,171080.194],[154511.01,171086.22],[154506.18,171081.68]]]},"geometry_name":"GEOM","properties":{"INSPIRE_ID":"https://databrussels.be/id/building/1811016","BLOCK_ID":"https://databrussels.be/id/block/26238","AREA":187},"bbox":[154506.18,171059.74,154527.92,171086.22]},{"type":"Feature","id":"Buildings.fid-6d0a8ac7_1a031465927_1122","geometry":{"type":"Polygon","coordinates":[[[154514.267,171055.869],[154514.4178,171055.624],[154517.3667,171057.3308],[154510.7702,171067.5824],[154512.5637,171069.2693],[154519.0569,171058.321],[154521.529,171059.74],[154516.926,171067.089],[154515.67,171069.24],[154514.7231,171070.8093],[154513.54,171072.77],[154512.047,171075.458],[154511.9667,171075.5431],[154509.256,171078.417],[154509.2412,171078.4327],[154506.3736,171081.4736],[154506.179,171081.68],[154500.66,171076.489],[154500.8246,171076.2544],[154502.164,171074.346],[154503.2501,171072.7977],[154503.278,171072.758],[154504.317,171071.278],[154504.9841,171070.3282],[154505.32,171069.85],[154505.5432,171069.5013],[154507.3296,171066.7094],[154508.028,171065.618],[154508.231,171065.301],[154508.2737,171065.2343],[154509.91,171062.68],[154510.077,171062.418],[154512.029,171059.366],[154514.2571,171055.8845],[154514.267,171055.869]]]},"geometry_name":"GEOM","properties":{"INSPIRE_ID":"https://databrussels.be/id/building/1811019","BLOCK_ID":"https://databrussels.be/id/block/26238","AREA":188},"bbox":[154500.66,171055.624,154521.529,171081.68]},{"type":"Feature","id":"Buildings.fid-6d0a8ac7_1a031465927_11c7","geometry":{"type":"Polygon","coordinates":[[[154843.67,171422.15],[154849.59600167,171415.20099924],[154852.81500122,171417.82999869],[154852.03999417,171418.77400411],[154854.07600119,171420.49099894],[154849.12380261,171426.47629232],[154848.71,171427.06],[154845.51,171430.85],[154841.41,171427.39],[154840.12,171428.82],[154838.9,171427.8],[154843.67,171422.15]]]},"geometry_name":"GEOM","properties":{"INSPIRE_ID":"https://databrussels.be/id/building/1811113","BLOCK_ID":"https://databrussels.be/id/block/27647","AREA":101},"bbox":[154838.9,171415.20099924,154854.07600119,171430.85]},{"type":"Feature","id":"Buildings.fid-6d0a8ac7_1a031465927_11b0","geometry":{"type":"Polygon","coordinates":[[[154848.14,171342.32],[154855.88584739,171335.54418227],[154856.7,171334.79],[154857.2,171334.39],[154858.13424541,171335.58516079],[154859.08841666,171335.00290354],[154859.48363199,171334.79654223],[154859.8468801,171334.67703515],[154860.08638927,171334.58948636],[154860.53355407,171334.56970639],[154860.88479093,171334.56853317],[154861.32779929,171334.62225993],[154861.58789684,171334.71824839],[154862.13963241,171335.18689501],[154862.50010415,171335.59637185],[154862.71943312,171336.02949963],[154862.82629456,171336.41738621],[154862.85010293,171336.66578064],[154862.8219239,171337.06421706],[154862.66191645,171337.60901117],[154862.3974416,171338.1006437],[154862.10441636,171338.4402602],[154861.14042018,171339.27299058],[154861.94,171340.29],[154861.697,171340.481],[154852.326,171347.545],[154851.584,171346.607],[154851.039,171346.997],[154848.137,171343.338],[154848.629,171342.923],[154848.14,171342.32]]]},"geometry_name":"GEOM","properties":{"INSPIRE_ID":"https://databrussels.be/id/building/1811114","BLOCK_ID":"https://databrussels.be/id/block/27866","AREA":102},"bbox":[154848.137,171334.39,154862.85010293,171347.545]},{"type":"Feature","id":"Buildings.fid-6d0a8ac7_1a031465927_11fa","geometry":{"type":"Polygon","coordinates":[[[154755.33762035,171134.66387155],[154756.07000053,171135.11000116],[154754.28999953,171138.0399965],[154752.35999961,171138.43999872],[154749.028,171143.91199999],[154742.605,171140.001],[154748.42,171130.45],[154755.33762035,171134.66387155]]]},"geometry_name":"GEOM","properties":{"INSPIRE_ID":"https://databrussels.be/id/building/1811115","BLOCK_ID":"https://databrussels.be/id/block/27866","AREA":90},"bbox":[154742.605,171130.45,154756.07000053,171143.91199999]},{"type":"Feature","id":"Buildings.fid-6d0a8ac7_1a031465927_1152","geometry":{"type":"Polygon","coordinates":[[[154925.82732145,171487.29713048],[154939.0261665,171485.34972633],[154940.20773315,171493.23352534],[154926.95984474,171495.19889873],[154925.82732145,171487.29713048]]]},"geometry_name":"GEOM","properties":{"INSPIRE_ID":"https://databrussels.be/id/building/1811117","BLOCK_ID":"https://databrussels.be/id/block/27866","AREA":107},"bbox":[154925.82732145,171485.34972633,154940.20773315,171495.19889873]},{"type":"Feature","id":"Buildings.fid-6d0a8ac7_1a031465927_1213","geometry":{"type":"Polygon","coordinates":[[[154720.912,171201.57],[154728.65,171193.11],[154728.76,171193.16],[154731.46,171195.63],[154732.37,171194.64],[154736.17,171198.1],[154734.67,171199.75],[154735.31,171200.34],[154735.3,171201.59],[154734.28,171202.7],[154732.91,171202.7],[154732.3,171202.15],[154731.64,171202.88],[154731.009,171202.309],[154726.81,171206.938],[154720.912,171201.57]]]},"geometry_name":"GEOM","properties":{"INSPIRE_ID":"https://databrussels.be/id/building/1811119","BLOCK_ID":"https://databrussels.be/id/block/27866","AREA":108},"bbox":[154720.912,171193.11,154736.17,171206.938]},{"type":"Feature","id":"Buildings.fid-6d0a8ac7_1a031465927_10d9","geometry":{"type":"Polygon","coordinates":[[[154736.74486921,171272.19779275],[154739.33570747,171269.535589],[154739.63384787,171269.81514828],[154745.02109884,171264.75501252],[154744.71630887,171264.34555212],[154747.48441804,171261.82807635],[154751.03798429,171265.45380565],[154750.2496108,171266.18354997],[154751.28580347,171267.31776654],[154751.89269071,171266.73400014],[154755.4200966,171270.38540798],[154754.83643343,171270.95542671],[154755.93897421,171272.05386813],[154756.64810395,171271.42421636],[154760.18876828,171274.99699499],[154772.35380502,171287.32339969],[154785.05314337,171300.96275741],[154782.47690554,171303.17374199],[154783.24991808,171304.09639287],[154777.64439058,171309.54314066],[154776.82325247,171308.72783939],[154774.3863243,171310.91929321],[154773.17622678,171309.8652158],[154772.27927332,171308.80423843],[154770.70925882,171310.20875704],[154760.91976929,171300.15305139],[154761.94844338,171299.21013666],[154760.38306673,171297.29748762],[154760.07160979,171297.63744146],[154757.12323163,171294.40298474],[154756.47078284,171295.1091862],[154751.47593744,171290.00730944],[154752.34577124,171289.18307165],[154747.55523991,171284.38794302],[154746.58003489,171285.32411279],[154744.6381432,171283.37296395],[154744.20984687,171283.88308849],[154738.12268562,171277.48222846],[154738.7198471,171276.89325217],[154736.93472858,171275.1191637],[154738.28698587,171273.63091276],[154736.74486921,171272.19779275]]]},"geometry_name":"GEOM","properties":{"INSPIRE_ID":"https://databrussels.be/id/building/1811129","BLOCK_ID":"https://databrussels.be/id/block/23613","AREA":895},"bbox":[154736.74486921,171261.82807635,154785.05314337,171310.91929321]},{"type":"Feature","id":"Buildings.fid-6d0a8ac7_1a031465927_10eb","geometry":{"type":"Polygon","coordinates":[[[154785.61999982,171317.24000024],[154789.54348971,171322.15397209],[154791.4960074,171320.66700134],[154797.622,171316.003],[154796.869,171315.051],[154793.581,171310.933],[154791.68499985,171312.44599964],[154789.77440783,171310.04551272],[154782.89041635,171315.70052216],[154784.7,171317.97],[154785.61999982,171317.24000024]]]},"geometry_name":"GEOM","properties":{"INSPIRE_ID":"https://databrussels.be/id/building/1811132","BLOCK_ID":"https://databrussels.be/id/block/23613","AREA":91},"bbox":[154782.89041635,171310.04551272,154797.622,171322.15397209]},{"type":"Feature","id":"Buildings.fid-6d0a8ac7_1a031465927_10ef","geometry":{"type":"Polygon","coordinates":[[[154787.75299993,171366.44199967],[154792.56399998,171362.35100006],[154797.88,171368.6],[154799.3,171370.39],[154794.64,171374.36],[154794.52999659,171374.22999939],[154793.17083543,171372.68654613],[154787.75299993,171366.44199967]]]},"geometry_name":"GEOM","properties":{"INSPIRE_ID":"https://databrussels.be/id/building/1811137","BLOCK_ID":"https://databrussels.be/id/block/23613","AREA":66},"bbox":[154787.75299993,171362.35100006,154799.3,171374.36]},{"type":"Feature","id":"Buildings.fid-6d0a8ac7_1a031465927_11b9","geometry":{"type":"Polygon","coordinates":[[[154799.313,171409.768],[154797.885,171408.475],[154801.93000021,171403.61999975],[154803.36408672,171404.87097541],[154809.863,171410.143],[154805.642,171415.125],[154799.313,171409.768]]]},"geometry_name":"GEOM","properties":{"INSPIRE_ID":"https://databrussels.be/id/building/1811138","BLOCK_ID":"https://databrussels.be/id/block/23613","AREA":66},"bbox":[154797.885,171403.61999975,154809.863,171415.125]},{"type":"Feature","id":"Buildings.fid-6d0a8ac7_1a031465927_1190","geometry":{"type":"Polygon","coordinates":[[[154930.856,171353.31],[154940.49142351,171349.55300802],[154941.27,171349.33],[154942.34,171348.89],[154942.39,171349.02],[154944.9,171355.08],[154944.96999963,171355.27000001],[154933.718,171360.037],[154930.856,171353.31]]]},"geometry_name":"GEOM","properties":{"INSPIRE_ID":"https://databrussels.be/id/building/1811250","BLOCK_ID":"https://databrussels.be/id/block/27866","AREA":87},"bbox":[154930.856,171348.89,154944.96999963,171360.037]},{"type":"Feature","id":"Buildings.fid-6d0a8ac7_1a031465927_11ad","geometry":{"type":"Polygon","coordinates":[[[154843.42,171281.17],[154844.617,171281.217],[154845.5,171280.55],[154848.36,171278.39],[154849.63,171280.06],[154851.83,171278.41],[154854.9,171282.39],[154854.98,171282.49],[154847.53,171288.43],[154845.41,171290.09],[154842.05,171285.82],[154842.3,171285.63],[154840.52,171283.36],[154843.42,171281.17]]]},"geometry_name":"GEOM","properties":{"INSPIRE_ID":"https://databrussels.be/id/building/1811251","BLOCK_ID":"https://databrussels.be/id/block/27866","AREA":88},"bbox":[154840.52,171278.39,154854.98,171290.09]},{"type":"Feature","id":"Buildings.fid-6d0a8ac7_1a031465927_11d2","geometry":{"type":"Polygon","coordinates":[[[154875.6,171373.76],[154883.32999984,171367.50999964],[154884.80551463,171366.31699094],[154885.5250247,171367.21941658],[154886.76263165,171367.20341869],[154888.78741445,171370.00539568],[154888.35072053,171371.12134552],[154888.99756516,171371.98873725],[154888.0420451,171372.73968574],[154879.86,171379.17],[154877.627,171376.338],[154876.456,171376.305],[154875.82,171375.495],[154876.064,171374.35],[154875.6,171373.76]]]},"geometry_name":"GEOM","properties":{"INSPIRE_ID":"https://databrussels.be/id/building/1811253","BLOCK_ID":"https://databrussels.be/id/block/27866","AREA":88},"bbox":[154875.6,171366.31699094,154888.99756516,171379.17]},{"type":"Feature","id":"Buildings.fid-6d0a8ac7_1a031465927_119f","geometry":{"type":"Polygon","coordinates":[[[154813.15400028,171298.3770004],[154820.46315622,171292.50431809],[154822.5,171290.82],[154822.78,171290.6],[154822.89999994,171290.77000026],[154827.16000043,171296.33000025],[154827.02,171296.44],[154817.50000144,171303.90999994],[154813.15400028,171298.3770004]]]},"geometry_name":"GEOM","properties":{"INSPIRE_ID":"https://databrussels.be/id/building/1811254","BLOCK_ID":"https://databrussels.be/id/block/27866","AREA":88},"bbox":[154813.15400028,171290.6,154827.16000043,171303.90999994]},{"type":"Feature","id":"Buildings.fid-6d0a8ac7_1a031465927_1165","geometry":{"type":"Polygon","coordinates":[[[154865.27,171239.68],[154869.54,171236.31],[154869.05,171235.68],[154870.36,171234.64],[154872.28,171237.13],[154878.3,171244.87],[154872.69,171249.24],[154866.92301196,171241.85278847],[154865.27,171239.68]]]},"geometry_name":"GEOM","properties":{"INSPIRE_ID":"https://databrussels.be/id/building/1811256","BLOCK_ID":"https://databrussels.be/id/block/27866","AREA":88},"bbox":[154865.27,171234.64,154878.3,171249.24]},{"type":"Feature","id":"Buildings.fid-6d0a8ac7_1a031465927_1126","geometry":{"type":"Polygon","coordinates":[[[154511.00999973,171086.21999997],[154516.58996481,171091.47092984],[154522.32998962,171085.38088947],[154525.50489234,171080.08696495],[154523.11,171077.84],[154522.15,171078.86],[154519.83999952,171076.68000037],[154517.08902299,171080.19365766],[154511.00999973,171086.21999997]]]},"geometry_name":"GEOM","properties":{"INSPIRE_ID":"https://databrussels.be/id/building/1811259","BLOCK_ID":"https://databrussels.be/id/block/26238","AREA":100},"bbox":[154511.00999973,171076.68000037,154525.50489234,171091.47092984]},{"type":"Feature","id":"Buildings.fid-6d0a8ac7_1a031465927_11ed","geometry":{"type":"Polygon","coordinates":[[[154695.868,171111.602],[154701.72,171102],[154702.38850703,171102.40793568],[154703.71703423,171100.37709036],[154707.34212434,171102.69433096],[154706.1579699,171104.70813346],[154708.57,171106.18],[154702.626,171115.711],[154695.868,171111.602]]]},"geometry_name":"GEOM","properties":{"INSPIRE_ID":"https://databrussels.be/id/building/1811261","BLOCK_ID":"https://databrussels.be/id/block/27866","AREA":100},"bbox":[154695.868,171100.37709036,154708.57,171115.711]},{"type":"Feature","id":"Buildings.fid-6d0a8ac7_1a031465927_10f0","geometry":{"type":"Polygon","coordinates":[[[154791.4960074,171320.66700134],[154797.622,171316.003],[154801.40000052,171320.74299999],[154795.4,171325.557],[154795.333,171325.47],[154791.4960074,171320.66700134]]]},"geometry_name":"GEOM","properties":{"INSPIRE_ID":"https://databrussels.be/id/building/1812154","BLOCK_ID":"https://databrussels.be/id/block/23613","AREA":47},"bbox":[154791.4960074,171316.003,154801.40000052,171325.557]},{"type":"Feature","id":"Buildings.fid-6d0a8ac7_1a031465927_10f2","geometry":{"type":"Polygon","coordinates":[[[154795.4,171325.557],[154801.40000052,171320.74299999],[154801.51399956,171320.87700024],[154805.39700008,171325.75100006],[154799.37900028,171330.54699961],[154795.4,171325.557]]]},"geometry_name":"GEOM","properties":{"INSPIRE_ID":"https://databrussels.be/id/building/1812158","BLOCK_ID":"https://databrussels.be/id/block/23613","AREA":49},"bbox":[154795.4,171320.74299999,154805.39700008,171330.54699961]},{"type":"Feature","id":"Buildings.fid-6d0a8ac7_1a031465927_121e","geometry":{"type":"Polygon","coordinates":[[[154849.22500008,171253.25400014],[154849.14000349,171253.14000062],[154848.6800036,171252.55000122],[154849.48999456,171251.90999854],[154850.11998798,171252.709996],[154854.80000388,171249.0200012],[154856.10076029,171250.5244406],[154861.69,171257.8],[154856.29000013,171261.9900003],[154850.57000018,171254.60000028],[154850.35000025,171254.75999995],[154849.22500008,171253.25400014]]]},"geometry_name":"GEOM","properties":{"INSPIRE_ID":"https://databrussels.be/id/building/1812160","BLOCK_ID":"https://databrussels.be/id/block/27866","AREA":78},"bbox":[154848.6800036,171249.0200012,154861.69,171261.9900003]},{"type":"Feature","id":"Buildings.fid-6d0a8ac7_1a031465927_11b2","geometry":{"type":"Polygon","coordinates":[[[154852.326,171347.545],[154861.697,171340.481],[154865.51400011,171345.6390001],[154865.07986681,171345.99597056],[154858.36,171351.91],[154856.8,171353.14],[154852.326,171347.545]]]},"geometry_name":"GEOM","properties":{"INSPIRE_ID":"https://databrussels.be/id/building/1812162","BLOCK_ID":"https://databrussels.be/id/block/27866","AREA":79},"bbox":[154852.326,171340.481,154865.51400011,171353.14]},{"type":"Feature","id":"Buildings.fid-6d0a8ac7_1a031465927_11ae","geometry":{"type":"Polygon","coordinates":[[[154843.552,171336.578],[154851.85,171329.86],[154851.96,171330],[154852.18,171329.83],[154854.63,171332.9],[154855.02,171332.6],[154856.7,171334.79],[154855.88584739,171335.54418227],[154848.14,171342.32],[154847.96,171342.1],[154843.552,171336.578]]]},"geometry_name":"GEOM","properties":{"INSPIRE_ID":"https://databrussels.be/id/building/1812164","BLOCK_ID":"https://databrussels.be/id/block/27866","AREA":79},"bbox":[154843.552,171329.83,154856.7,171342.32]},{"type":"Feature","id":"Buildings.fid-6d0a8ac7_1a031465927_120c","geometry":{"type":"Polygon","coordinates":[[[154672.43822674,171175.6021372],[154674.712,171176.978],[154674.888,171177.727],[154675.643,171177.542],[154677.907,171178.911],[154678.228,171179.102],[154683.932,171169.678],[154678.13104868,171166.16675354],[154677.39933761,171167.37950438],[154672.43822674,171175.6021372]]]},"geometry_name":"GEOM","properties":{"INSPIRE_ID":"https://databrussels.be/id/building/1812165","BLOCK_ID":"https://databrussels.be/id/block/27866","AREA":75},"bbox":[154672.43822674,171166.16675354,154683.932,171179.102]},{"type":"Feature","id":"Buildings.fid-6d0a8ac7_1a031465927_120e","geometry":{"type":"Polygon","coordinates":[[[154732.06,171189.54],[154740.11,171179.74],[154747.45528233,171171.66511916],[154751.03024114,171174.90339387],[154746.66,171179.7],[154735.14,171192.34],[154732.06,171189.54]]]},"geometry_name":"GEOM","properties":{"INSPIRE_ID":"https://databrussels.be/id/building/1812181","BLOCK_ID":"https://databrussels.be/id/block/27866","AREA":109},"bbox":[154732.06,171171.66511916,154751.03024114,171192.34]},{"type":"Feature","id":"Buildings.fid-6d0a8ac7_1a031465927_11ee","geometry":{"type":"Polygon","coordinates":[[[154702.626,171115.711],[154708.57,171106.18],[154709.07741287,171106.48928743],[154710.35912051,171104.47521861],[154716.33910409,171108.07351099],[154715.09264735,171110.15580144],[154715.57000004,171110.44000018],[154710.859,171118.34],[154709.79599969,171120.07900009],[154702.626,171115.711]]]},"geometry_name":"GEOM","properties":{"INSPIRE_ID":"https://databrussels.be/id/building/1812182","BLOCK_ID":"https://databrussels.be/id/block/27866","AREA":110},"bbox":[154702.626,171104.47521861,154716.33910409,171120.07900009]},{"type":"Feature","id":"Buildings.fid-6d0a8ac7_1a031465927_11c0","geometry":{"type":"Polygon","coordinates":[[[154830.36952607,171429.18105817],[154823.44351406,171423.21174651],[154821.60889833,171425.39364818],[154828.3524419,171431.3310112],[154835.35960081,171437.50047474],[154837.29608977,171435.19741564],[154834.79001587,171432.99093913],[154830.36952607,171429.18105817]]]},"geometry_name":"GEOM","properties":{"INSPIRE_ID":"https://databrussels.be/id/building/1812183","BLOCK_ID":"https://databrussels.be/id/block/27647","AREA":54},"bbox":[154821.60889833,171423.21174651,154837.29608977,171437.50047474]},{"type":"Feature","id":"Buildings.fid-6d0a8ac7_1a031465927_1210","geometry":{"type":"Polygon","coordinates":[[[154698.7454641,171176.48711553],[154706.65017607,171181.06925563],[154708.42232398,171182.08066617],[154703.13695172,171190.93289865],[154693.54800027,171185.08799979],[154698.7454641,171176.48711553]]]},"geometry_name":"GEOM","properties":{"INSPIRE_ID":"https://databrussels.be/id/building/1812187","BLOCK_ID":"https://databrussels.be/id/block/27866","AREA":114},"bbox":[154693.54800027,171176.48711553,154708.42232398,171190.93289865]},{"type":"Feature","id":"Buildings.fid-6d0a8ac7_1a031465927_1123","geometry":{"type":"MultiPolygon","coordinates":[[[[154494.82,171070.99900035],[154498.987,171066.30900034],[154500.419,171064.68900034],[154503.553,171061.14800034],[154505.26,171059.21900034],[154507.1441,171056.31090034],[154507.328,171056.02700034],[154512.0295,171059.36670035],[154509.91,171062.68000034],[154508.0286,171065.61890035],[154505.32,171069.85000035],[154500.66,171076.49000034],[154494.82,171070.99900035]]]]},"geometry_name":"GEOM","properties":{"INSPIRE_ID":"https://databrussels.be/id/building/1813303","BLOCK_ID":"https://databrussels.be/id/block/26238","AREA":135},"bbox":[154494.82,171056.02700034,154512.0295,171076.49000034]},{"type":"Feature","id":"Buildings.fid-6d0a8ac7_1a031465927_118d","geometry":{"type":"Polygon","coordinates":[[[154928.147,171346.944],[154936.7040971,171343.44125751],[154938.38000038,171342.74999993],[154941.27,171349.33],[154940.49142351,171349.55300802],[154930.856,171353.31],[154928.147,171346.944]]]},"geometry_name":"GEOM","properties":{"INSPIRE_ID":"https://databrussels.be/id/building/1813305","BLOCK_ID":"https://databrussels.be/id/block/27866","AREA":78},"bbox":[154928.147,171342.74999993,154941.27,171353.31]},{"type":"Feature","id":"Buildings.fid-6d0a8ac7_1a031465927_11a9","geometry":{"type":"Polygon","coordinates":[[[154836.29,171324.2],[154843.70999947,171319.04000032],[154848.02849066,171324.46345649],[154847.72,171324.69],[154839.103,171331.018],[154834.67,171325.48],[154836.29,171324.2]]]},"geometry_name":"GEOM","properties":{"INSPIRE_ID":"https://databrussels.be/id/building/1813309","BLOCK_ID":"https://databrussels.be/id/block/27866","AREA":78},"bbox":[154834.67,171319.04000032,154848.02849066,171331.018]},{"type":"Feature","id":"Buildings.fid-6d0a8ac7_1a031465927_10fb","geometry":{"type":"Polygon","coordinates":[[[154678.11,171492.17],[154678.2,171492.08],[154678.51,171491.8],[154677.56,171490.78],[154679.68,171488.82],[154685.007,171494.458],[154682.522,171496.74600014],[154678.11,171492.17]]]},"geometry_name":"GEOM","properties":{"INSPIRE_ID":"https://databrussels.be/id/building/1813324","BLOCK_ID":"https://databrussels.be/id/block/23613","AREA":26},"bbox":[154677.56,171488.82,154685.007,171496.74600014]},{"type":"Feature","id":"Buildings.fid-6d0a8ac7_1a031465927_10f4","geometry":{"type":"Polygon","coordinates":[[[154690.67799979,171481.11599985],[154687.29699781,171477.65663878],[154689.29649633,171475.72555783],[154692.83331062,171479.23399523],[154693.17,171478.94],[154693.328,171479.134],[154697.132,171483.80599992],[154694.929,171485.7130002],[154690.67799979,171481.11599985]]]},"geometry_name":"GEOM","properties":{"INSPIRE_ID":"https://databrussels.be/id/building/1813326","BLOCK_ID":"https://databrussels.be/id/block/23613","AREA":33},"bbox":[154687.29699781,171475.72555783,154697.132,171485.7130002]},{"type":"Feature","id":"Buildings.fid-6d0a8ac7_1a031465927_113b","geometry":{"type":"Polygon","coordinates":[[[154519.31993147,171015.28369489],[154517.18062389,171014.0651841],[154518.24483812,171012.27929803],[154520.3843239,171013.54428062],[154519.31993147,171015.28369489]]]},"geometry_name":"GEOM","properties":{"INSPIRE_ID":"https://databrussels.be/id/building/1813329","BLOCK_ID":"https://databrussels.be/id/block/26238","AREA":5},"bbox":[154517.18062389,171012.27929803,154520.3843239,171015.28369489]},{"type":"Feature","id":"Buildings.fid-6d0a8ac7_1a031465927_120d","geometry":{"type":"Polygon","coordinates":[[[154698.7454641,171176.48711553],[154702.20000046,171170.78500022],[154710.062,171175.322],[154706.65017607,171181.06925563],[154698.7454641,171176.48711553]]]},"geometry_name":"GEOM","properties":{"INSPIRE_ID":"https://databrussels.be/id/building/1813576","BLOCK_ID":"https://databrussels.be/id/block/27866","AREA":61},"bbox":[154698.7454641,171170.78500022,154710.062,171181.06925563]},{"type":"Feature","id":"Buildings.fid-6d0a8ac7_1a031465927_11b5","geometry":{"type":"Polygon","coordinates":[[[154858.36,171351.91],[154865.07986681,171345.99597056],[154865.51400011,171345.6390001],[154866.75548049,171344.73773384],[154870.38804721,171349.62676235],[154869.11076272,171350.6125652],[154869.64999951,171351.30000001],[154862.36,171356.98],[154858.36,171351.91]]]},"geometry_name":"GEOM","properties":{"INSPIRE_ID":"https://databrussels.be/id/building/1813917","BLOCK_ID":"https://databrussels.be/id/block/27866","AREA":73},"bbox":[154858.36,171344.73773384,154870.38804721,171356.98]},{"type":"Feature","id":"Buildings.fid-6d0a8ac7_1a031465927_11ba","geometry":{"type":"Polygon","coordinates":[[[154801.93000021,171403.61999975],[154803.36408672,171404.87097541],[154809.863,171410.143],[154814.078,171405.156],[154813.889,171404.995],[154816.24258935,171402.21048575],[154810.32959344,171397.31048763],[154808.379,171399.65],[154808.08,171399.4],[154807.86,171399.66],[154806.31,171398.37],[154802.13,171403.38],[154801.93000021,171403.61999975]]]},"geometry_name":"GEOM","properties":{"INSPIRE_ID":"https://databrussels.be/id/building/1813918","BLOCK_ID":"https://databrussels.be/id/block/23613","AREA":96},"bbox":[154801.93000021,171397.31048763,154816.24258935,171410.143]},{"type":"Feature","id":"Buildings.fid-6d0a8ac7_1a031465927_11ac","geometry":{"type":"Polygon","coordinates":[[[154839.103,171331.018],[154847.72,171324.69],[154851.85,171329.86],[154843.552,171336.578],[154843.29,171336.25],[154839.103,171331.018]]]},"geometry_name":"GEOM","properties":{"INSPIRE_ID":"https://databrussels.be/id/building/1813922","BLOCK_ID":"https://databrussels.be/id/block/27866","AREA":73},"bbox":[154839.103,171324.69,154851.85,171336.578]},{"type":"Feature","id":"Buildings.fid-6d0a8ac7_1a031465927_11a6","geometry":{"type":"Polygon","coordinates":[[[154827.80000007,171313.39000003],[154836.48999919,171306.92999957],[154840.59000019,171312.29000055],[154839.4,171313.21],[154832.14,171318.92],[154827.91,171313.53],[154827.80000007,171313.39000003]]]},"geometry_name":"GEOM","properties":{"INSPIRE_ID":"https://databrussels.be/id/building/1813925","BLOCK_ID":"https://databrussels.be/id/block/27866","AREA":74},"bbox":[154827.80000007,171306.92999957,154840.59000019,171318.92]},{"type":"Feature","id":"Buildings.fid-6d0a8ac7_1a031465927_1188","geometry":{"type":"Polygon","coordinates":[[[154925.48,171340.676],[154934.08,171336.91],[154934.13,171337.09],[154934.50000723,171337.96999559],[154935.18999933,171337.68000042],[154936.34999807,171338.13000125],[154938.38000038,171342.74999993],[154936.7040971,171343.44125751],[154928.147,171346.944],[154925.48,171340.676]]]},"geometry_name":"GEOM","properties":{"INSPIRE_ID":"https://databrussels.be/id/building/1813926","BLOCK_ID":"https://databrussels.be/id/block/27866","AREA":74},"bbox":[154925.48,171336.91,154938.38000038,171346.944]},{"type":"Feature","id":"Buildings.fid-6d0a8ac7_1a031465927_10fa","geometry":{"type":"Polygon","coordinates":[[[154692.06,171492.76],[154692.62,171492.27],[154690.81,171490.25],[154695.18,171486.34],[154697.26,171488.68],[154702.78599998,171494.85299946],[154697.67400041,171499.42700019],[154692.06,171492.76]]]},"geometry_name":"GEOM","properties":{"INSPIRE_ID":"https://databrussels.be/id/building/1813930","BLOCK_ID":"https://databrussels.be/id/block/23613","AREA":74},"bbox":[154690.81,171486.34,154702.78599998,171499.42700019]},{"type":"Feature","id":"Buildings.fid-6d0a8ac7_1a031465927_1182","geometry":{"type":"Polygon","coordinates":[[[154880.56,171324.41],[154880.63999954,171324.50999981],[154884.74859117,171329.73820695],[154883.30555508,171330.87280827],[154885.52057883,171333.67073162],[154893.23033462,171328.99085316],[154890.77,171325.75],[154893.06,171323.98],[154888.68000023,171318.13000001],[154880.56,171324.41]]]},"geometry_name":"GEOM","properties":{"INSPIRE_ID":"https://databrussels.be/id/building/1813931","BLOCK_ID":"https://databrussels.be/id/block/27866","AREA":107},"bbox":[154880.56,171318.13000001,154893.23033462,171333.67073162]},{"type":"Feature","id":"Buildings.fid-6d0a8ac7_1a031465927_10ec","geometry":{"type":"Polygon","coordinates":[[[154783.04000007,171370.46799978],[154787.75299993,171366.44199967],[154793.17083543,171372.68654613],[154794.52999659,171374.22999939],[154792.41999635,171375.89999851],[154792.62001365,171376.14000384],[154789.97999709,171378.38999955],[154788.48718774,171376.65505733],[154783.04000007,171370.46799978]]]},"geometry_name":"GEOM","properties":{"INSPIRE_ID":"https://databrussels.be/id/building/1814576","BLOCK_ID":"https://databrussels.be/id/block/23613","AREA":64},"bbox":[154783.04000007,171366.44199967,154794.52999659,171378.38999955]},{"type":"Feature","id":"Buildings.fid-6d0a8ac7_1a031465927_119e","geometry":{"type":"Polygon","coordinates":[[[154814.93835833,171350.05645338],[154820.99799955,171345.26999981],[154824.95700012,171350.29899983],[154816.84999946,171356.48999991],[154813.10000025,171351.72000049],[154812.99000035,171351.58999963],[154814.93835833,171350.05645338]]]},"geometry_name":"GEOM","properties":{"INSPIRE_ID":"https://databrussels.be/id/building/1814577","BLOCK_ID":"https://databrussels.be/id/block/23613","AREA":64},"bbox":[154812.99000035,171345.26999981,154824.95700012,171356.48999991]},{"type":"Feature","id":"Buildings.fid-6d0a8ac7_1a031465927_11a7","geometry":{"type":"Polygon","coordinates":[[[154832.14,171318.92],[154839.4,171313.21],[154843.92,171318.88],[154843.70999947,171319.04000032],[154836.29,171324.2],[154832.14,171318.92]]]},"geometry_name":"GEOM","properties":{"INSPIRE_ID":"https://databrussels.be/id/building/1814579","BLOCK_ID":"https://databrussels.be/id/block/27866","AREA":65},"bbox":[154832.14,171313.21,154843.92,171324.2]},{"type":"Feature","id":"Buildings.fid-6d0a8ac7_1a031465927_1115","geometry":{"type":"Polygon","coordinates":[[[154768.96821905,171382.45725637],[154773.72000061,171378.41399986],[154779.68,171385.48],[154780.47,171386.41],[154775.78,171390.41],[154775.03,171389.54],[154768.96821905,171382.45725637]]]},"geometry_name":"GEOM","properties":{"INSPIRE_ID":"https://databrussels.be/id/building/1814581","BLOCK_ID":"https://databrussels.be/id/block/23613","AREA":65},"bbox":[154768.96821905,171378.41399986,154780.47,171390.41]},{"type":"Feature","id":"Buildings.fid-6d0a8ac7_1a031465927_11ce","geometry":{"type":"Polygon","coordinates":[[[154863.85000143,171450.54999935],[154863.01000002,171444.2799997],[154873.05600034,171442.75599981],[154873.98600033,171449.21899975],[154874.01599718,171449.38900014],[154865.91516635,171450.34603258],[154863.85000143,171450.54999935]]]},"geometry_name":"GEOM","properties":{"INSPIRE_ID":"https://databrussels.be/id/building/1814583","BLOCK_ID":"https://databrussels.be/id/block/27647","AREA":67},"bbox":[154863.01000002,171442.75599981,154874.01599718,171450.54999935]},{"type":"Feature","id":"Buildings.fid-6d0a8ac7_1a031465927_1153","geometry":{"type":"Polygon","coordinates":[[[154975.88999987,171491.20000019],[154982.78599975,171487.70699972],[154982.97000009,171487.62999958],[154984.40900036,171487.027],[154987.24099961,171493.73999975],[154978.81,171497.4],[154978.53,171497.51],[154975.88999987,171491.20000019]]]},"geometry_name":"GEOM","properties":{"INSPIRE_ID":"https://databrussels.be/id/building/1814586","BLOCK_ID":"https://databrussels.be/id/block/27866","AREA":68},"bbox":[154975.88999987,171487.027,154987.24099961,171497.51]},{"type":"Feature","id":"Buildings.fid-6d0a8ac7_1a031465927_112f","geometry":{"type":"Polygon","coordinates":[[[154636.55001607,171156.57495585],[154641.664,171159.563],[154646.57281411,171151.48635512],[154646.95999963,171150.77999976],[154644.82034669,171149.5074759],[154645.58752316,171148.18768497],[154643.21275966,171146.82748859],[154636.55001607,171156.57495585]]]},"geometry_name":"GEOM","properties":{"INSPIRE_ID":"https://databrussels.be/id/building/1814676","BLOCK_ID":"https://databrussels.be/id/block/27866","AREA":62},"bbox":[154636.55001607,171146.82748859,154646.95999963,171159.563]},{"type":"Feature","id":"Buildings.fid-6d0a8ac7_1a031465927_10e7","geometry":{"type":"Polygon","coordinates":[[[154768,171342.92],[154772.63,171338.96],[154772.94299988,171339.3279998],[154773.93330277,171340.5117433],[154779.24799987,171346.5380011],[154774.50999984,171350.58599983],[154769.33147226,171344.50805923],[154768,171342.92]]]},"geometry_name":"GEOM","properties":{"INSPIRE_ID":"https://databrussels.be/id/building/1814678","BLOCK_ID":"https://databrussels.be/id/block/23613","AREA":62},"bbox":[154768,171338.96,154779.24799987,171350.58599983]},{"type":"Feature","id":"Buildings.fid-6d0a8ac7_1a031465927_10e6","geometry":{"type":"Polygon","coordinates":[[[154763.29,171346.93],[154768,171342.92],[154769.33147226,171344.50805923],[154774.50999984,171350.58599983],[154769.79500035,171354.61799972],[154764.60081987,171348.45700541],[154763.29,171346.93]]]},"geometry_name":"GEOM","properties":{"INSPIRE_ID":"https://databrussels.be/id/building/1814681","BLOCK_ID":"https://databrussels.be/id/block/23613","AREA":62},"bbox":[154763.29,171342.92,154774.50999984,171354.61799972]},{"type":"Feature","id":"Buildings.fid-6d0a8ac7_1a031465927_1140","geometry":{"type":"Polygon","coordinates":[[[154558.94472487,171018.77770732],[154559.84079034,171021.53522334],[154556.46606984,171022.6675311],[154555.65555443,171019.78339325],[154558.94472487,171018.77770732]]]},"geometry_name":"GEOM","properties":{"INSPIRE_ID":"https://databrussels.be/id/building/1814690","BLOCK_ID":"https://databrussels.be/id/block/26238","AREA":10},"bbox":[154555.65555443,171018.77770732,154559.84079034,171022.6675311]},{"type":"Feature","id":"Buildings.fid-6d0a8ac7_1a031465927_11a2","geometry":{"type":"Polygon","coordinates":[[[154823.64999958,171308.09999993],[154831.16999227,171301.63999793],[154831.2799989,171301.77999977],[154832.2800096,171303.08000255],[154833.06999834,171302.46999917],[154836.48999919,171306.92999957],[154827.80000007,171313.39000003],[154823.64999958,171308.09999993]]]},"geometry_name":"GEOM","properties":{"INSPIRE_ID":"https://databrussels.be/id/building/1815039","BLOCK_ID":"https://databrussels.be/id/block/27866","AREA":75},"bbox":[154823.64999958,171301.63999793,154836.48999919,171313.39000003]},{"type":"Feature","id":"Buildings.fid-6d0a8ac7_1a031465927_11b6","geometry":{"type":"Polygon","coordinates":[[[154862.36,171356.98],[154869.64999951,171351.30000001],[154870.96985042,171352.98311227],[154872.85689699,171351.4937093],[154875.88484387,171355.424429],[154874.61518142,171356.39661174],[154866.68600033,171362.46800021],[154862.55999957,171357.24000018],[154862.36,171356.98]]]},"geometry_name":"GEOM","properties":{"INSPIRE_ID":"https://databrussels.be/id/building/1815586","BLOCK_ID":"https://databrussels.be/id/block/27866","AREA":77},"bbox":[154862.36,171351.30000001,154875.88484387,171362.46800021]},{"type":"Feature","id":"Buildings.fid-6d0a8ac7_1a031465927_1166","geometry":{"type":"Polygon","coordinates":[[[154877.11,171054.68],[154886.54,171064.25],[154899.65,171051.34],[154899.46,171051.14],[154899.89,171050.73],[154910.58,171061.77],[154910.71,171062.04],[154910.84,171062.31],[154910.92,171062.59],[154910.94,171062.9],[154910.9,171063.23],[154910.8,171063.53],[154910.62,171063.82],[154910.37,171064.08],[154910.12,171064.34],[154912.67,171066.91],[154912.57,171068.76],[154912.9,171068.81],[154913.22,171068.85],[154914.1,171067.97],[154914.5,171068.37],[154914.22,171068.64],[154935.4,171089.86],[154935.71,171089.55],[154936.06,171089.9],[154935.79,171090.48],[154935.53,171091.07],[154935.43,171091.66],[154935.49,171091.94],[154935.58,171092.22],[154935.67,171092.5],[154936.15,171092.94],[154936.48,171092.58],[154938.70857101,171094.63263119],[154938.29532907,171095.06108839],[154938.71,171095.47],[154939.09,171095.87],[154939.51,171096.23],[154939.84,171096.46],[154940.2,171096.66],[154940.55,171096.75],[154940.87,171096.67],[154941.2,171096.5],[154941.52,171096.33],[154943.19,171094.66],[154943.57,171095.05],[154943.4,171095.23],[154966.78,171118.61],[154966.94,171118.45],[154967.32,171118.83],[154966.55,171119.61],[154966.24,171119.86],[154965.94,171120.11],[154965.69,171120.4],[154965.53,171120.72],[154965.42,171121.07],[154965.39,171121.42],[154965.45,171121.7],[154965.56,171121.99],[154965.67,171122.27],[154966.48,171123.16],[154967.3,171122.41],[154968.32,171123.52],[154968.55,171123.85],[154968.79,171124.17],[154968.93,171124.51],[154968.92,171124.9],[154968.81,171125.31],[154968.7,171125.72],[154966.13,171128.31],[154965.28,171127.47],[154963.84,171128.92],[154964.7,171129.78],[154959.03,171135.48],[154956.74,171133.21],[154956.55,171132.78],[154956.36,171132.35],[154956.31,171131.93],[154956.41,171131.64],[154956.57,171131.36],[154956.74,171131.08],[154957.3,171130.51],[154956.43,171129.63],[154955.2,171130.86],[154954.82,171130.48],[154954.96,171130.34],[154931.66,171106.95],[154931.55,171107.06],[154931.23,171106.73],[154932.55,171105.41],[154931.62,171104.48],[154929.91,171106.18],[154927.05,171103.3],[154907.29,171122.97],[154907.88,171123.56],[154908.06,171123.74],[154908.24,171123.92],[154908.39,171124.12],[154908.54,171124.42],[154908.63,171124.76],[154908.65,171125.09],[154908.56,171125.43],[154908.39,171125.76],[154908.21,171126.09],[154905.68,171128.59],[154904.82,171127.72],[154903.43,171129.09],[154904.35,171130.03],[154898.6,171135.72],[154896.41,171133.51],[154896.23,171133.01],[154896.05,171132.52],[154895.96,171132.02],[154895.99,171131.62],[154896.08,171131.21],[154896.17,171130.8],[154895.61,171130.24],[154894.76,171131.09],[154894.38,171130.72],[154894.58,171130.52],[154873.42,171109.34],[154873.3,171109.46],[154872.9,171109.06],[154873.87,171108.08],[154873,171107.22],[154872.82,171107.37],[154872.64,171107.53],[154872.44,171107.66],[154872.09,171107.81],[154871.71,171107.88],[154871.34,171107.87],[154871.07,171107.78],[154870.81,171107.62],[154870.55,171107.47],[154868.36,171105.3],[154873.97,171099.66],[154874.84,171100.52],[154876.37,171098.99],[154875.53,171098.15],[154877.89,171095.77],[154878.13,171095.58],[154878.36,171095.38],[154878.62,171095.25],[154878.91,171095.23],[154879.22,171095.29],[154879.52,171095.39],[154879.77,171095.51],[154880.02,171095.66],[154880.26,171095.81],[154881.82,171094.18],[154877.13,171089.7],[154877.11,171054.68]],[[154906.80508384,171119.12291357],[154924.04526607,171101.7963092],[154902.30872764,171080.08912326],[154885.08753071,171097.27392745],[154906.80508384,171119.12291357]]]},"geometry_name":"GEOM","properties":{"INSPIRE_ID":"https://databrussels.be/id/building/1815612","BLOCK_ID":"https://databrussels.be/id/block/27866","AREA":3037},"bbox":[154868.36,171050.73,154968.93,171135.72]},{"type":"Feature","id":"Buildings.fid-6d0a8ac7_1a031465927_11a8","geometry":{"type":"Polygon","coordinates":[[[154832.78468166,171363.0520023],[154832.31139277,171361.02957565],[154834.31893081,171360.4063482],[154834.84462018,171362.38264514],[154832.78468166,171363.0520023]]]},"geometry_name":"GEOM","properties":{"INSPIRE_ID":"https://databrussels.be/id/building/1815613","BLOCK_ID":"https://databrussels.be/id/block/23613","AREA":4},"bbox":[154832.31139277,171360.4063482,154834.84462018,171363.0520023]},{"type":"Feature","id":"Buildings.fid-6d0a8ac7_1a031465927_1180","geometry":{"type":"Polygon","coordinates":[[[154877.35000059,171318.56999974],[154882.3,171314.05],[154884.42000013,171312.46000028],[154888.60999994,171318.04000027],[154888.68000023,171318.13000001],[154880.56,171324.41],[154878.58,171321.89],[154879.43,171321.22],[154877.35000059,171318.56999974]]]},"geometry_name":"GEOM","properties":{"INSPIRE_ID":"https://databrussels.be/id/building/1815646","BLOCK_ID":"https://databrussels.be/id/block/27866","AREA":68},"bbox":[154877.35000059,171312.46000028,154888.68000023,171324.41]},{"type":"Feature","id":"Buildings.fid-6d0a8ac7_1a031465927_113a","geometry":{"type":"Polygon","coordinates":[[[154521.76506844,171015.70419313],[154524.52095285,171011.72584937],[154527.24650876,171013.58424676],[154524.40155573,171017.74755555],[154521.76506844,171015.70419313]]]},"geometry_name":"GEOM","properties":{"INSPIRE_ID":"https://databrussels.be/id/building/1815648","BLOCK_ID":"https://databrussels.be/id/block/26238","AREA":16},"bbox":[154521.76506844,171011.72584937,154527.24650876,171017.74755555]},{"type":"Feature","id":"Buildings.fid-6d0a8ac7_1a031465927_11a4","geometry":{"type":"Polygon","coordinates":[[[154824.48980827,171363.02957071],[154826.207,171365.222],[154830.77899975,171361.62599984],[154828.94150933,171359.29164683],[154824.48980827,171363.02957071]]]},"geometry_name":"GEOM","properties":{"INSPIRE_ID":"https://databrussels.be/id/building/1815649","BLOCK_ID":"https://databrussels.be/id/block/23613","AREA":17},"bbox":[154824.48980827,171359.29164683,154830.77899975,171365.222]},{"type":"Feature","id":"Buildings.fid-6d0a8ac7_1a031465927_10ee","geometry":{"type":"Polygon","coordinates":[[[154787.075,171331.967],[154789.36100015,171330.08100031],[154793.538,171334.978],[154791.19099974,171336.97700019],[154787.075,171331.967]]]},"geometry_name":"GEOM","properties":{"INSPIRE_ID":"https://databrussels.be/id/building/1815650","BLOCK_ID":"https://databrussels.be/id/block/23613","AREA":20},"bbox":[154787.075,171330.08100031,154793.538,171336.97700019]},{"type":"Feature","id":"Buildings.fid-6d0a8ac7_1a031465927_10f6","geometry":{"type":"Polygon","coordinates":[[[154693.17,171478.94],[154695.49099953,171476.93400003],[154699.741,171481.54],[154697.226,171483.721],[154697.132,171483.80599992],[154693.328,171479.134],[154693.17,171478.94]]]},"geometry_name":"GEOM","properties":{"INSPIRE_ID":"https://databrussels.be/id/building/1815651","BLOCK_ID":"https://databrussels.be/id/block/23613","AREA":20},"bbox":[154693.17,171476.93400003,154699.741,171483.80599992]},{"type":"Feature","id":"Buildings.fid-6d0a8ac7_1a031465927_110c","geometry":{"type":"Polygon","coordinates":[[[154751.28,171429.81],[154753.789,171427.682],[154757.82800003,171432.44099974],[154755.164,171434.695],[154751.28,171429.81]]]},"geometry_name":"GEOM","properties":{"INSPIRE_ID":"https://databrussels.be/id/building/1815652","BLOCK_ID":"https://databrussels.be/id/block/23613","AREA":21},"bbox":[154751.28,171427.682,154757.82800003,171434.695]},{"type":"Feature","id":"Buildings.fid-6d0a8ac7_1a031465927_10fd","geometry":{"type":"Polygon","coordinates":[[[154678.11,171492.17],[154682.522,171496.74600014],[154680.001,171499.087],[154675.687,171494.404],[154678.11,171492.17]]]},"geometry_name":"GEOM","properties":{"INSPIRE_ID":"https://databrussels.be/id/building/1815653","BLOCK_ID":"https://databrussels.be/id/block/23613","AREA":21},"bbox":[154675.687,171492.17,154682.522,171499.087]},{"type":"Feature","id":"Buildings.fid-6d0a8ac7_1a031465927_1198","geometry":{"type":"Polygon","coordinates":[[[154901.75479857,171371.1192773],[154900.93322146,171368.967675],[154903.13,171367.96],[154911.7,171364.26],[154914.44,171370.72],[154908.16,171373.39],[154908.9,171375.13],[154903.94,171377.24],[154903.14,171375.35],[154903.41,171375.24],[154902.47,171373.04],[154902.2,171373.15],[154901.4,171371.27],[154901.75479857,171371.1192773]]]},"geometry_name":"GEOM","properties":{"INSPIRE_ID":"https://databrussels.be/id/building/1815656","BLOCK_ID":"https://databrussels.be/id/block/27866","AREA":94},"bbox":[154900.93322146,171364.26,154914.44,171377.24]},{"type":"Feature","id":"Buildings.fid-6d0a8ac7_1a031465927_1127","geometry":{"type":"Polygon","coordinates":[[[154516.58996481,171091.47092984],[154522.0300003,171096.59000005],[154526.48,171089.51],[154530.66017919,171083.02002194],[154525.50489234,171080.08696495],[154522.32998962,171085.38088947],[154516.58996481,171091.47092984]]]},"geometry_name":"GEOM","properties":{"INSPIRE_ID":"https://databrussels.be/id/building/1815661","BLOCK_ID":"https://databrussels.be/id/block/26238","AREA":96},"bbox":[154516.58996481,171080.08696495,154530.66017919,171096.59000005]},{"type":"Feature","id":"Buildings.fid-6d0a8ac7_1a031465927_1173","geometry":{"type":"Polygon","coordinates":[[[154943.54983095,171037.51713466],[154945.3053588,171040.29727142],[154942.17460437,171042.22383953],[154940.49890915,171039.2920419],[154943.54983095,171037.51713466]]]},"geometry_name":"GEOM","properties":{"INSPIRE_ID":"https://databrussels.be/id/building/1815752","BLOCK_ID":"https://databrussels.be/id/block/27866","AREA":12},"bbox":[154940.49890915,171037.51713466,154945.3053588,171042.22383953]},{"type":"Feature","id":"Buildings.fid-6d0a8ac7_1a031465927_1136","geometry":{"type":"Polygon","coordinates":[[[154501.56999994,171009.09999981],[154497.54,171005.94],[154498.48,171004.75],[154503.79,171006.28],[154502.63,171007.75],[154501.56999994,171009.09999981]]]},"geometry_name":"GEOM","properties":{"INSPIRE_ID":"https://databrussels.be/id/building/1815756","BLOCK_ID":"https://databrussels.be/id/block/26238","AREA":13},"bbox":[154497.54,171004.75,154503.79,171009.09999981]},{"type":"Feature","id":"Buildings.fid-6d0a8ac7_1a031465927_1154","geometry":{"type":"Polygon","coordinates":[[[154953.20871437,171491.38992005],[154952.74107046,171487.75699119],[154956.71691564,171487.22385208],[154957.26477237,171490.81641972],[154953.20871437,171491.38992005]]]},"geometry_name":"GEOM","properties":{"INSPIRE_ID":"https://databrussels.be/id/building/1815758","BLOCK_ID":"https://databrussels.be/id/block/27866","AREA":15},"bbox":[154952.74107046,171487.22385208,154957.26477237,171491.38992005]},{"type":"Feature","id":"Buildings.fid-6d0a8ac7_1a031465927_11ca","geometry":{"type":"Polygon","coordinates":[[[154850.30356739,171454.86883807],[154848.03232055,171455.15677806],[154847.74969325,171453.16884146],[154850.00788909,171452.90717372],[154850.30356739,171454.86883807]]]},"geometry_name":"GEOM","properties":{"INSPIRE_ID":"https://databrussels.be/id/building/1816712","BLOCK_ID":"https://databrussels.be/id/block/27647","AREA":5},"bbox":[154847.74969325,171452.90717372,154850.30356739,171455.15677806]},{"type":"Feature","id":"Buildings.fid-6d0a8ac7_1a031465927_1139","geometry":{"type":"Polygon","coordinates":[[[154645.31768099,171010.28185145],[154646.10310354,171011.0855642],[154644.90106738,171012.25992656],[154644.15281733,171011.45260263],[154645.31768099,171010.28185145]]]},"geometry_name":"GEOM","properties":{"INSPIRE_ID":"https://databrussels.be/id/building/1817123","BLOCK_ID":"https://databrussels.be/id/block/26238","AREA":2},"bbox":[154644.15281733,171010.28185145,154646.10310354,171012.25992656]},{"type":"Feature","id":"Buildings.fid-6d0a8ac7_1a031465927_115e","geometry":{"type":"Polygon","coordinates":[[[154959.09584634,171451.37353906],[154958.4959556,171449.56676351],[154959.61903612,171449.21212511],[154960.19657612,171450.99162136],[154959.09584634,171451.37353906]]]},"geometry_name":"GEOM","properties":{"INSPIRE_ID":"https://databrussels.be/id/building/1817125","BLOCK_ID":"https://databrussels.be/id/block/27866","AREA":2},"bbox":[154958.4959556,171449.21212511,154960.19657612,171451.37353906]},{"type":"Feature","id":"Buildings.fid-6d0a8ac7_1a031465927_1194","geometry":{"type":"Polygon","coordinates":[[[154888.54783574,171356.73680826],[154889.41337473,171358.53613547],[154888.38105674,171358.99214574],[154887.5153888,171357.21246258],[154888.54783574,171356.73680826]]]},"geometry_name":"GEOM","properties":{"INSPIRE_ID":"https://databrussels.be/id/building/1817126","BLOCK_ID":"https://databrussels.be/id/block/27866","AREA":2},"bbox":[154887.5153888,171356.73680826,154889.41337473,171358.99214574]},{"type":"Feature","id":"Buildings.fid-6d0a8ac7_1a031465927_112c","geometry":{"type":"Polygon","coordinates":[[[154651.24275209,171140.72249328],[154650.06009626,171139.96934507],[154651.08045609,171138.52683702],[154652.18206201,171139.281276],[154651.24275209,171140.72249328]]]},"geometry_name":"GEOM","properties":{"INSPIRE_ID":"https://databrussels.be/id/building/1817127","BLOCK_ID":"https://databrussels.be/id/block/27866","AREA":2},"bbox":[154650.06009626,171138.52683702,154652.18206201,171140.72249328]},{"type":"Feature","id":"Buildings.fid-6d0a8ac7_1a031465927_11b3","geometry":{"type":"Polygon","coordinates":[[[154856.71,171299.12],[154863.30999952,171293.32000007],[154865.20999992,171291.84999979],[154865.35000038,171292.0299999],[154869.70000057,171297.67999974],[154862.37,171303.24],[154860.28,171300.58],[154858.79,171301.76],[154856.71,171299.12]]]},"geometry_name":"GEOM","properties":{"INSPIRE_ID":"https://databrussels.be/id/building/1817129","BLOCK_ID":"https://databrussels.be/id/block/27866","AREA":73},"bbox":[154856.71,171291.84999979,154869.70000057,171303.24]},{"type":"Feature","id":"Buildings.fid-6d0a8ac7_1a031465927_10d6","geometry":{"type":"Polygon","coordinates":[[[154718.95537793,171332.92561766],[154718.16449782,171332.11262697],[154722.07987788,171328.26515765],[154722.82412595,171329.02410353],[154723.15395776,171328.69147823],[154723.48021641,171329.07997683],[154729.68410773,171322.94879093],[154728.47030222,171321.60526598],[154733.24776939,171316.86867448],[154734.59066076,171318.28618112],[154740.88693569,171312.39373896],[154740.58742599,171312.05360696],[154741.00403876,171311.67081445],[154740.42861126,171311.02928793],[154744.29728715,171307.52460873],[154744.87893441,171308.11047948],[154745.37749205,171307.65239432],[154746.14544765,171308.43668137],[154749.31535167,171305.09433102],[154758.54246436,171314.91496058],[154756.3909754,171316.97416625],[154727.49218179,171344.63341103],[154725.24880546,171346.78056277],[154722.4629269,171343.87444077],[154722.16354484,171344.18908108],[154718.39680257,171340.29062213],[154718.7483759,171339.98888632],[154716.02791753,171337.17251301],[154719.30228194,171334.23796303],[154718.41594409,171333.4696202],[154718.95537793,171332.92561766]]]},"geometry_name":"GEOM","properties":{"INSPIRE_ID":"https://databrussels.be/id/building/1819067","BLOCK_ID":"https://databrussels.be/id/block/23613","AREA":673},"bbox":[154716.02791753,171305.09433102,154758.54246436,171346.78056277]},{"type":"Feature","id":"Buildings.fid-6d0a8ac7_1a031465927_115a","geometry":{"type":"Polygon","coordinates":[[[154926.89585569,171427.96233422],[154933.15825037,171442.61321327],[154941.46299724,171439.08184843],[154935.36144202,171424.35754954],[154926.89585569,171427.96233422]]]},"geometry_name":"GEOM","properties":{"INSPIRE_ID":"https://databrussels.be/id/building/1819069","BLOCK_ID":"https://databrussels.be/id/block/27866","AREA":145},"bbox":[154926.89585569,171424.35754954,154941.46299724,171442.61321327]},{"type":"Feature","id":"Buildings.fid-6d0a8ac7_1a031465927_1156","geometry":{"type":"Polygon","coordinates":[[[154941.21800033,171377.24699924],[154947.07500053,171390.99899999],[154966.08714818,171382.90206631],[154960.27824756,171369.03989477],[154941.21800033,171377.24699924]]]},"geometry_name":"GEOM","properties":{"INSPIRE_ID":"https://databrussels.be/id/building/1819070","BLOCK_ID":"https://databrussels.be/id/block/27866","AREA":310},"bbox":[154941.21800033,171369.03989477,154966.08714818,171390.99899999]},{"type":"Feature","id":"Buildings.fid-6d0a8ac7_1a031465927_110b","geometry":{"type":"Polygon","coordinates":[[[154760.75599992,171445.69100096],[154756.1779999,171449.56700115],[154755.83599999,171449.85],[154750.74040756,171443.86545329],[154749.09000001,171441.92],[154754.04311624,171437.75138354],[154760.75599992,171445.69100096]]]},"geometry_name":"GEOM","properties":{"INSPIRE_ID":"https://databrussels.be/id/building/1819071","BLOCK_ID":"https://databrussels.be/id/block/23613","AREA":67},"bbox":[154749.09000001,171437.75138354,154760.75599992,171449.85]},{"type":"Feature","id":"Buildings.fid-6d0a8ac7_1a031465927_11b7","geometry":{"type":"Polygon","coordinates":[[[154862.37,171303.24],[154869.70000057,171297.67999974],[154873.93,171303.18],[154866.41,171308.66],[154866.55,171308.55],[154862.37,171303.24]]]},"geometry_name":"GEOM","properties":{"INSPIRE_ID":"https://databrussels.be/id/building/1819074","BLOCK_ID":"https://databrussels.be/id/block/27866","AREA":63},"bbox":[154862.37,171297.67999974,154873.93,171308.66]},{"type":"Feature","id":"Buildings.fid-6d0a8ac7_1a031465927_111a","geometry":{"type":"Polygon","coordinates":[[[154778.40299901,171374.42100042],[154783.04000007,171370.46799978],[154788.48718774,171376.65505733],[154789.97999709,171378.38999955],[154786.38000688,171381.45000201],[154785.73997848,171380.69999369],[154784.52,171381.66],[154783.85560625,171380.75843463],[154778.40299901,171374.42100042]]]},"geometry_name":"GEOM","properties":{"INSPIRE_ID":"https://databrussels.be/id/building/1819078","BLOCK_ID":"https://databrussels.be/id/block/23613","AREA":63},"bbox":[154778.40299901,171370.46799978,154789.97999709,171381.66]},{"type":"Feature","id":"Buildings.fid-6d0a8ac7_1a031465927_10e4","geometry":{"type":"Polygon","coordinates":[[[154758.70043975,171350.85843362],[154765.19772893,171358.5373818],[154769.79500035,171354.61799973],[154764.60081987,171348.45700541],[154763.29,171346.93],[154758.70043975,171350.85843362]]]},"geometry_name":"GEOM","properties":{"INSPIRE_ID":"https://databrussels.be/id/building/1819082","BLOCK_ID":"https://databrussels.be/id/block/23613","AREA":61},"bbox":[154758.70043975,171346.93,154769.79500035,171358.5373818]},{"type":"Feature","id":"Buildings.fid-6d0a8ac7_1a031465927_11cf","geometry":{"type":"Polygon","coordinates":[[[154863.85000143,171450.54999935],[154865.91516635,171450.34603258],[154874.01599718,171449.38900014],[154874.87500044,171455.35900004],[154874.89499876,171455.50900067],[154864.98040355,171456.95889532],[154863.85000143,171450.54999935]]]},"geometry_name":"GEOM","properties":{"INSPIRE_ID":"https://databrussels.be/id/building/1819083","BLOCK_ID":"https://databrussels.be/id/block/27647","AREA":64},"bbox":[154863.85000143,171449.38900014,154874.89499876,171456.95889532]},{"type":"Feature","id":"Buildings.fid-6d0a8ac7_1a031465927_11dc","geometry":{"type":"Polygon","coordinates":[[[154804.55,171489.82],[154814.0990006,171488.23500008],[154815.40800027,171496.9950002],[154808.0179997,171498.1050004],[154805.68934533,171498.38550106],[154804.55,171489.82]]]},"geometry_name":"GEOM","properties":{"INSPIRE_ID":"https://databrussels.be/id/building/1820176","BLOCK_ID":"https://databrussels.be/id/block/28003","AREA":86},"bbox":[154804.55,171488.23500008,154815.40800027,171498.38550106]},{"type":"Feature","id":"Buildings.fid-6d0a8ac7_1a031465927_119b","geometry":{"type":"Polygon","coordinates":[[[154804.4,171287.23],[154813.84,171279.81],[154818.26,171285.36],[154818.34,171285.46],[154816.14909103,171287.15558051],[154808.81000038,171292.84999955],[154804.4,171287.23]]]},"geometry_name":"GEOM","properties":{"INSPIRE_ID":"https://databrussels.be/id/building/1820178","BLOCK_ID":"https://databrussels.be/id/block/27866","AREA":86},"bbox":[154804.4,171279.81,154818.34,171292.84999955]},{"type":"Feature","id":"Buildings.fid-6d0a8ac7_1a031465927_1163","geometry":{"type":"Polygon","coordinates":[[[154966,171472.06],[154974.561,171468.55],[154977.401,171475.165],[154966.4200063,171479.8699958],[154966.0599988,171480.02000104],[154963.24999842,171473.3300006],[154966.03999946,171472.16000034],[154966,171472.06]]]},"geometry_name":"GEOM","properties":{"INSPIRE_ID":"https://databrussels.be/id/building/1820182","BLOCK_ID":"https://databrussels.be/id/block/27866","AREA":89},"bbox":[154963.24999842,171468.55,154977.401,171480.02000104]},{"type":"Feature","id":"Buildings.fid-6d0a8ac7_1a031465927_1206","geometry":{"type":"Polygon","coordinates":[[[154712.188,171160.018],[154715.819,171154.011],[154724.5599959,171159.50713453],[154725.98000018,171160.40000005],[154726.68337283,171160.80823359],[154725.73445097,171162.24653348],[154726.77096633,171162.88931225],[154724.58272096,171166.1768409],[154722.46763165,171164.90664466],[154721.92,171165.79],[154720.97246436,171165.2280214],[154712.188,171160.018]]]},"geometry_name":"GEOM","properties":{"INSPIRE_ID":"https://databrussels.be/id/building/1820184","BLOCK_ID":"https://databrussels.be/id/block/27866","AREA":90},"bbox":[154712.188,171154.011,154726.77096633,171166.1768409]},{"type":"Feature","id":"Buildings.fid-6d0a8ac7_1a031465927_11f5","geometry":{"type":"Polygon","coordinates":[[[154730.09699953,171130.05100003],[154734.9,171122.22],[154735.05,171122.31],[154741.79,171126.41],[154736.3700004,171136.20599988],[154729.06600029,171131.75900018],[154730.09699953,171130.05100003]]]},"geometry_name":"GEOM","properties":{"INSPIRE_ID":"https://databrussels.be/id/building/1820187","BLOCK_ID":"https://databrussels.be/id/block/27866","AREA":93},"bbox":[154729.06600029,171122.22,154741.79,171136.20599988]},{"type":"Feature","id":"Buildings.fid-6d0a8ac7_1a031465927_11e0","geometry":{"type":"Polygon","coordinates":[[[154872.275,171489.209],[154874.91097812,171498.08648232],[154884.11620428,171495.52069301],[154883.45,171492.94],[154881.217,171485.091],[154874.89100017,171486.79800039],[154875.29800084,171488.31199923],[154872.275,171489.209]]]},"geometry_name":"GEOM","properties":{"INSPIRE_ID":"https://databrussels.be/id/building/1820236","BLOCK_ID":"https://databrussels.be/id/block/27228","AREA":100},"bbox":[154872.275,171485.091,154884.11620428,171498.08648232]},{"type":"Feature","id":"Buildings.fid-6d0a8ac7_1a031465927_11d5","geometry":{"type":"Polygon","coordinates":[[[154893.628,171393.942],[154900.548,171391.04],[154907.02799942,171388.29999993],[154919.629,171383],[154919.728,171382.958],[154925.633,171397.022],[154913.013,171402.385],[154899.572,171408.097],[154899.521,171407.974],[154893.628,171393.942]]]},"geometry_name":"GEOM","properties":{"INSPIRE_ID":"https://databrussels.be/id/building/1820240","BLOCK_ID":"https://databrussels.be/id/block/27866","AREA":433},"bbox":[154893.628,171382.958,154925.633,171408.097]},{"type":"Feature","id":"Buildings.fid-6d0a8ac7_1a031465927_1177","geometry":{"type":"Polygon","coordinates":[[[154977.56828347,171016.14707835],[154975.28456663,171017.78827044],[154973.46379742,171015.38850658],[154975.54098566,171013.76577056],[154977.56828347,171016.14707835]]]},"geometry_name":"GEOM","properties":{"INSPIRE_ID":"https://databrussels.be/id/building/1820246","BLOCK_ID":"https://databrussels.be/id/block/27866","AREA":8},"bbox":[154973.46379742,171013.76577056,154977.56828347,171017.78827044]},{"type":"Feature","id":"Buildings.fid-6d0a8ac7_1a031465927_1137","geometry":{"type":"Polygon","coordinates":[[[154501.56999994,171009.09999981],[154502.63,171007.75],[154505.36999977,171009.91000014],[154503.88999955,171011.78999975],[154501.14999977,171009.64000001],[154501.56999994,171009.09999981]]]},"geometry_name":"GEOM","properties":{"INSPIRE_ID":"https://databrussels.be/id/building/1820247","BLOCK_ID":"https://databrussels.be/id/block/26238","AREA":8},"bbox":[154501.14999977,171007.75,154505.36999977,171011.78999975]},{"type":"Feature","id":"Buildings.fid-6d0a8ac7_1a031465927_1178","geometry":{"type":"Polygon","coordinates":[[[154975.80708196,171068.4724272],[154974.36641886,171066.4102393],[154977.56502442,171064.03891359],[154979.09064992,171066.11003401],[154975.80708196,171068.4724272]]]},"geometry_name":"GEOM","properties":{"INSPIRE_ID":"https://databrussels.be/id/building/1821346","BLOCK_ID":"https://databrussels.be/id/block/27866","AREA":10},"bbox":[154974.36641886,171064.03891359,154979.09064992,171068.4724272]},{"type":"Feature","id":"Buildings.fid-6d0a8ac7_1a031465927_116f","geometry":{"type":"Polygon","coordinates":[[[154905.8,171303.97],[154910.08,171309.42],[154912.27,171307.75],[154914.5901692,171310.71039517],[154922.29028065,171305.99068797],[154919.39000008,171302.23999991],[154919.55,171302.11],[154915.32,171296.63],[154915.26,171296.55],[154915.16,171296.63],[154905.8,171303.97]]]},"geometry_name":"GEOM","properties":{"INSPIRE_ID":"https://databrussels.be/id/building/1821347","BLOCK_ID":"https://databrussels.be/id/block/27866","AREA":122},"bbox":[154905.8,171296.55,154922.29028065,171310.71039517]},{"type":"Feature","id":"Buildings.fid-6d0a8ac7_1a031465927_115f","geometry":{"type":"Polygon","coordinates":[[[154959.258,171452.326],[154960.34,171451.87],[154963.09,171450.71],[154963.257,171450.639],[154966.316,171449.348],[154969.045,171455.703],[154959.57999404,171459.77000384],[154958.1600005,171460.36999946],[154956.6299972,171459.9400017],[154955.54000063,171457.33999915],[154955.9500018,171455.89999898],[154957.63000059,171455.18999995],[154956.85100264,171453.34199817],[154959.258,171452.326]]]},"geometry_name":"GEOM","properties":{"INSPIRE_ID":"https://databrussels.be/id/building/1821349","BLOCK_ID":"https://databrussels.be/id/block/27866","AREA":84},"bbox":[154955.54000063,171449.348,154969.045,171460.36999946]},{"type":"Feature","id":"Buildings.fid-6d0a8ac7_1a031465927_116d","geometry":{"type":"Polygon","coordinates":[[[154901.46,171298.43],[154908.67214761,171292.72566513],[154910.23702983,171291.46646547],[154910.8499997,171291.05999965],[154915.16,171296.63],[154905.8,171303.97],[154901.46,171298.43]]]},"geometry_name":"GEOM","properties":{"INSPIRE_ID":"https://databrussels.be/id/building/1821350","BLOCK_ID":"https://databrussels.be/id/block/27866","AREA":84},"bbox":[154901.46,171291.05999965,154915.16,171303.97]},{"type":"Feature","id":"Buildings.fid-6d0a8ac7_1a031465927_117d","geometry":{"type":"Polygon","coordinates":[[[154866.41,171308.66],[154873.93,171303.18],[154878.14,171308.64],[154878.24,171308.78],[154870.12,171314.98],[154869.66,171315.35],[154869.55,171315.44],[154868.93,171314.66],[154868.07,171315.34],[154864.75,171311.12],[154865.64,171310.42],[154865.08,171309.71],[154866.41,171308.66]]]},"geometry_name":"GEOM","properties":{"INSPIRE_ID":"https://databrussels.be/id/building/1821354","BLOCK_ID":"https://databrussels.be/id/block/27866","AREA":85},"bbox":[154864.75,171303.18,154878.24,171315.44]},{"type":"Feature","id":"Buildings.fid-6d0a8ac7_1a031465927_1192","geometry":{"type":"Polygon","coordinates":[[[154933.718,171360.037],[154944.96999963,171355.27000001],[154947.65,171361.73],[154936.434,171366.42],[154933.718,171360.037]]]},"geometry_name":"GEOM","properties":{"INSPIRE_ID":"https://databrussels.be/id/building/1821355","BLOCK_ID":"https://databrussels.be/id/block/27866","AREA":85},"bbox":[154933.718,171355.27000001,154947.65,171366.42]},{"type":"Feature","id":"Buildings.fid-6d0a8ac7_1a031465927_1189","geometry":{"type":"Polygon","coordinates":[[[154891.39,171342.67],[154900.71,171338.41],[154903.44,171344.82],[154894.12000009,171349.07000003],[154891.39,171342.67]]]},"geometry_name":"GEOM","properties":{"INSPIRE_ID":"https://databrussels.be/id/building/1821799","BLOCK_ID":"https://databrussels.be/id/block/27866","AREA":71},"bbox":[154891.39,171338.41,154903.44,171349.07000003]},{"type":"Feature","id":"Buildings.fid-6d0a8ac7_1a031465927_117f","geometry":{"type":"Polygon","coordinates":[[[154870.12,171314.98],[154878.24,171308.78],[154882.3,171314.05],[154877.35000059,171318.56999974],[154874.57000016,171320.64000042],[154870.12,171314.98]]]},"geometry_name":"GEOM","properties":{"INSPIRE_ID":"https://databrussels.be/id/building/1821802","BLOCK_ID":"https://databrussels.be/id/block/27866","AREA":72},"bbox":[154870.12,171308.78,154882.3,171320.64000042]},{"type":"Feature","id":"Buildings.fid-6d0a8ac7_1a031465927_10f9","geometry":{"type":"Polygon","coordinates":[[[154746.4102607,171490.54144564],[154745.8588939,171488.56269107],[154747.17000001,171488.17000001],[154746.33499994,171485.29299981],[154742.196,171486.494],[154740.20799999,171487.072],[154741.06002293,171490.00000703],[154738.20899427,171490.82999854],[154739.98111462,171496.93341329],[154748.47660751,171494.49782499],[154747.30473952,171490.29220507],[154746.4102607,171490.54144564]]]},"geometry_name":"GEOM","properties":{"INSPIRE_ID":"https://databrussels.be/id/building/1821804","BLOCK_ID":"https://databrussels.be/id/block/25016","AREA":74},"bbox":[154738.20899427,171485.29299981,154748.47660751,171496.93341329]},{"type":"Feature","id":"Buildings.fid-6d0a8ac7_1a031465927_117e","geometry":{"type":"Polygon","coordinates":[[[154916.11,171314.26],[154915.019,171314.671],[154916.086,171317.241],[154915.22,171319.09],[154915.57,171319.96],[154916.94,171320.5],[154917.27,171321.38],[154925.98345124,171317.84268419],[154926.59999963,171317.58999966],[154926.5500003,171317.46000009],[154923.85000022,171310.93000022],[154923.20000025,171311.19999992],[154922.25899888,171308.92844462],[154923.26783175,171308.38355211],[154922.29028065,171305.99068797],[154914.5901692,171310.71039517],[154916.11,171314.26]]]},"geometry_name":"GEOM","properties":{"INSPIRE_ID":"https://databrussels.be/id/building/1821809","BLOCK_ID":"https://databrussels.be/id/block/27866","AREA":109},"bbox":[154914.5901692,171305.99068797,154926.59999963,171321.38]},{"type":"Feature","id":"Buildings.fid-6d0a8ac7_1a031465927_110e","geometry":{"type":"Polygon","coordinates":[[[154764.9,171431.26],[154770.434,171437.379],[154765.306,171441.765],[154758.28,171433.3],[154763.07,171429.02],[154764.9,171431.26]]]},"geometry_name":"GEOM","properties":{"INSPIRE_ID":"https://databrussels.be/id/building/1821811","BLOCK_ID":"https://databrussels.be/id/block/23613","AREA":72},"bbox":[154758.28,171429.02,154770.434,171441.765]},{"type":"Feature","id":"Buildings.fid-6d0a8ac7_1a031465927_115d","geometry":{"type":"Polygon","coordinates":[[[154988.87,171446.31],[154995.32999962,171443.50000027],[154995.47999972,171443.43000026],[154996.2299998,171445.18999995],[154995.9699999,171445.28000021],[155000.02048898,171454.4564181],[154997.87,171455.4],[154995.705,171456.335],[154993.63,171457.24],[154991.66,171452.71],[154989.92,171452.1],[154990.58,171450.23],[154990.15,171449.24],[154988.87,171446.31]]]},"geometry_name":"GEOM","properties":{"INSPIRE_ID":"https://databrussels.be/id/building/1824156","BLOCK_ID":"https://databrussels.be/id/block/27866","AREA":85},"bbox":[154988.87,171443.43000026,155000.02048898,171457.24]},{"type":"Feature","id":"Buildings.fid-6d0a8ac7_1a031465927_1120","geometry":{"type":"Polygon","coordinates":[[[154522.0300003,171096.59000005],[154526.48,171089.51],[154528.17529236,171090.56028582],[154528.75523075,171091.0043091],[154530.26543257,171088.45284292],[154533.92709869,171090.39865133],[154535.07549693,171088.41283945],[154535.80116663,171087.68588454],[154536.48030295,171087.53166407],[154537.56135673,171087.82119666],[154538.18091347,171088.63580816],[154538.50675214,171090.40328594],[154539.43528166,171090.36985132],[154539.43048479,171089.51670422],[154547.0837448,171088.79437789],[154547.20190216,171089.48560745],[154548.29287987,171089.25909295],[154548.03020303,171087.84696726],[154548.33136929,171086.98018562],[154549.04365282,171086.33179179],[154550.16597101,171086.16104784],[154551.12537467,171086.66639656],[154551.68086987,171087.24277047],[154555.64756154,171083.61462115],[154555.06877184,171082.97639054],[154555.23869364,171082.80111746],[154554.38284942,171081.79771444],[154554.28702422,171081.24605793],[154554.50702548,171080.83741667],[154557.05660709,171078.56513592],[154557.48242704,171079.03841155],[154558.06120114,171078.58104062],[154557.74452678,171078.20251356],[154559.57945183,171076.77869462],[154558.56248401,171075.44681379],[154558.46362993,171074.45767575],[154559.09778365,171073.5435031],[154559.95661756,171072.94934022],[154560.95092934,171072.98364079],[154561.85568779,171073.28709449],[154562.87076142,171074.35022986],[154569.61609987,171068.51541656],[154568.54946296,171067.38276915],[154568.20308077,171066.43046093],[154568.33627689,171065.46081509],[154569.14974681,171064.38515701],[154571.08071323,171062.76808145],[154572.23807407,171062.51306873],[154573.23010383,171062.61260871],[154574.01632929,171063.07910377],[154574.79754744,171064.07082636],[154581.18330223,171058.11014209],[154580.43475642,171057.11370517],[154580.01004914,171056.34266749],[154579.95120312,171055.51740198],[154581.35033688,171054.00266115],[154582.31662092,171053.78814512],[154583.19645772,171054.2161285],[154584.04625097,171054.98174004],[154585.90864965,171053.38929008],[154586.44215253,171052.82043668],[154588.79555119,171050.75554715],[154589.71496144,171050.61920555],[154590.24264494,171051.0372938],[154591.0685204,171051.86276375],[154597.41316882,171059.14343747],[154597.89495085,171058.73374003],[154598.89043799,171058.59734937],[154599.692856,171058.67299076],[154600.18099234,171058.89396829],[154600.45870198,171059.16848245],[154600.85875001,171059.95479789],[154600.84987641,171061.12157225],[154550.35287759,171105.62393639],[154549.46160677,171105.50900664],[154548.81815932,171104.79384422],[154548.51631302,171101.13986863],[154540.74920752,171101.87850579],[154540.9670509,171105.58886373],[154540.78769314,171106.1275143],[154539.45800696,171106.59475339],[154536.67054054,171105.1809458],[154522.0300003,171096.59000005]]]},"geometry_name":"GEOM","properties":{"INSPIRE_ID":"https://databrussels.be/id/building/1824594","BLOCK_ID":"https://databrussels.be/id/block/26238","AREA":1297},"bbox":[154522.0300003,171050.61920555,154600.85875001,171106.59475339]},{"type":"Feature","id":"Buildings.fid-6d0a8ac7_1a031465927_1175","geometry":{"type":"Polygon","coordinates":[[[154961.99,171203.43],[154976.88,171203.28],[154976.96,171210.2],[154977.02,171215.77],[154977.1,171222.38],[154977.17,171228.58],[154977.32,171241.24],[154962.38,171241.39],[154962.186,171222.533],[154961.99,171203.43]]]},"geometry_name":"GEOM","properties":{"INSPIRE_ID":"https://databrussels.be/id/building/1824697","BLOCK_ID":"https://databrussels.be/id/block/24201","AREA":566},"bbox":[154961.99,171203.28,154977.32,171241.39]},{"type":"Feature","id":"Buildings.fid-6d0a8ac7_1a031465927_11de","geometry":{"type":"Polygon","coordinates":[[[154860.18412696,171498.87576271],[154857.95233432,171491.07169961],[154854.7112,171491.9226],[154854.7982,171492.2541],[154851.8983,171493.0154],[154852.3701,171494.8124],[154848.8679,171495.7319],[154850.7815,171503.0208],[154851.0956,171502.9383],[154851.5522,171504.6773],[154861.12455739,171502.16423058],[154860.18412696,171498.87576271]]]},"geometry_name":"GEOM","properties":{"INSPIRE_ID":"https://databrussels.be/id/building/1824698","BLOCK_ID":"https://databrussels.be/id/block/27228","AREA":107},"bbox":[154848.8679,171491.07169961,154861.12455739,171504.6773]},{"type":"Feature","id":"Buildings.fid-6d0a8ac7_1a031465927_1117","geometry":{"type":"Polygon","coordinates":[[[154773.72000061,171378.41399986],[154778.40299901,171374.42100042],[154783.85560625,171380.75843463],[154784.52,171381.66],[154779.9,171385.31],[154779.68,171385.48],[154773.72000061,171378.41399986]]]},"geometry_name":"GEOM","properties":{"INSPIRE_ID":"https://databrussels.be/id/building/1824699","BLOCK_ID":"https://databrussels.be/id/block/23613","AREA":58},"bbox":[154773.72000061,171374.42100042,154784.52,171385.48]},{"type":"Feature","id":"Buildings.fid-6d0a8ac7_1a031465927_116b","geometry":{"type":"Polygon","coordinates":[[[154892.78,171287.35],[154900.07330833,171281.72529814],[154902.38000012,171280.03],[154905.74000034,171284.37999979],[154903.57999934,171286.04999987],[154904.52000014,171287.24999959],[154897.14,171292.92],[154892.78,171287.35]]]},"geometry_name":"GEOM","properties":{"INSPIRE_ID":"https://databrussels.be/id/building/1824705","BLOCK_ID":"https://databrussels.be/id/block/27866","AREA":81},"bbox":[154892.78,171280.03,154905.74000034,171292.92]},{"type":"Feature","id":"Buildings.fid-6d0a8ac7_1a031465927_11c9","geometry":{"type":"Polygon","coordinates":[[[154853.66000265,171446.6393628],[154872.37054266,171436.4710078],[154871.344049,171434.56466262],[154870.15,171432.37000001],[154872.46593331,171429.63775978],[154865.34560929,171423.61446273],[154864.28800001,171424.86700001],[154862.63,171423.46700001],[154861.43502126,171424.88295667],[154860.53544742,171425.96095095],[154855.11560585,171432.45575763],[154844.54497688,171445.12295295],[154849.1541621,171449.08802617],[154849.94831637,171448.65652688],[154853.66000265,171446.6393628]]]},"geometry_name":"GEOM","properties":{"INSPIRE_ID":"https://databrussels.be/id/building/1825636","BLOCK_ID":"https://databrussels.be/id/block/27647","AREA":330},"bbox":[154844.54497688,171423.46700001,154872.46593331,171449.08802617]},{"type":"Feature","id":"Buildings.fid-6d0a8ac7_1a031465927_10ea","geometry":{"type":"Polygon","coordinates":[[[154779.26803637,171337.41441656],[154783.69353261,171342.74239906],[154784.654,171343.881],[154789.765,171339.51],[154789.138,171338.743],[154784.88000035,171333.76999983],[154784.40000022,171333.19000048],[154779.26803637,171337.41441656]]]},"geometry_name":"GEOM","properties":{"INSPIRE_ID":"https://databrussels.be/id/building/1825637","BLOCK_ID":"https://databrussels.be/id/block/23613","AREA":56},"bbox":[154779.26803637,171333.19000048,154789.765,171343.881]},{"type":"Feature","id":"Buildings.fid-6d0a8ac7_1a031465927_1118","geometry":{"type":"Polygon","coordinates":[[[154782.21400013,171424.75900055],[154777.21699991,171420.54299946],[154782.62999997,171414.21499975],[154787.62,171418.41],[154782.21400013,171424.75900055]]]},"geometry_name":"GEOM","properties":{"INSPIRE_ID":"https://databrussels.be/id/building/1825639","BLOCK_ID":"https://databrussels.be/id/block/23613","AREA":54},"bbox":[154777.21699991,171414.21499975,154787.62,171424.75900055]},{"type":"Feature","id":"Buildings.fid-6d0a8ac7_1a031465927_11c8","geometry":{"type":"Polygon","coordinates":[[[154846.84,171473.138],[154847.026,171474.466],[154850.563,171473.977],[154850.635,171474.502],[154853.54410309,171474.09998574],[154852.32985152,171465.51001977],[154848.94999981,171465.95999997],[154848.52999967,171462.84000036],[154842.4803311,171463.63995625],[154843.83722444,171473.57759399],[154846.84,171473.138]]]},"geometry_name":"GEOM","properties":{"INSPIRE_ID":"https://databrussels.be/id/building/1825640","BLOCK_ID":"https://databrussels.be/id/block/27647","AREA":95},"bbox":[154842.4803311,171462.84000036,154853.54410309,171474.502]},{"type":"Feature","id":"Buildings.fid-6d0a8ac7_1a031465927_1104","geometry":{"type":"Polygon","coordinates":[[[154735.97,171455.9],[154741.40100031,171462.1419999],[154736.30999995,171466.42499975],[154730.993,171460.108],[154735.97,171455.9]]]},"geometry_name":"GEOM","properties":{"INSPIRE_ID":"https://databrussels.be/id/building/1825641","BLOCK_ID":"https://databrussels.be/id/block/23613","AREA":54},"bbox":[154730.993,171455.9,154741.40100031,171466.42499975]},{"type":"Feature","id":"Buildings.fid-6d0a8ac7_1a031465927_10f3","geometry":{"type":"Polygon","coordinates":[[[154721.45,171468.11],[154726.80900051,171474.5069999],[154721.83800006,171478.72500046],[154716.451,171472.367],[154721.45,171468.11]]]},"geometry_name":"GEOM","properties":{"INSPIRE_ID":"https://databrussels.be/id/building/1825643","BLOCK_ID":"https://databrussels.be/id/block/23613","AREA":55},"bbox":[154716.451,171468.11,154726.80900051,171478.72500046]},{"type":"Feature","id":"Buildings.fid-6d0a8ac7_1a031465927_1102","geometry":{"type":"Polygon","coordinates":[[[154721.45,171468.11],[154726.439,171463.873],[154731.83500007,171470.24200021],[154726.80900051,171474.5069999],[154721.45,171468.11]]]},"geometry_name":"GEOM","properties":{"INSPIRE_ID":"https://databrussels.be/id/building/1825644","BLOCK_ID":"https://databrussels.be/id/block/23613","AREA":55},"bbox":[154721.45,171463.873,154731.83500007,171474.5069999]},{"type":"Feature","id":"Buildings.fid-6d0a8ac7_1a031465927_1110","geometry":{"type":"Polygon","coordinates":[[[154764.76636933,171386.05195277],[154770.63420659,171393.28962088],[154775.03,171389.54],[154768.96821905,171382.45725637],[154764.76636933,171386.05195277]]]},"geometry_name":"GEOM","properties":{"INSPIRE_ID":"https://databrussels.be/id/building/1825651","BLOCK_ID":"https://databrussels.be/id/block/23613","AREA":53},"bbox":[154764.76636933,171382.45725637,154775.03,171393.28962088]},{"type":"Feature","id":"Buildings.fid-6d0a8ac7_1a031465927_1130","geometry":{"type":"Polygon","coordinates":[[[154641.664,171159.563],[154646.57281411,171151.48635512],[154646.95999963,171150.77999976],[154648.75000011,171147.66999963],[154648.85000023,171147.73999993],[154653.8,171150.78],[154651.63120069,171154.2946803],[154646.647,171162.475],[154641.664,171159.563]]]},"geometry_name":"GEOM","properties":{"INSPIRE_ID":"https://databrussels.be/id/building/1825654","BLOCK_ID":"https://databrussels.be/id/block/27866","AREA":80},"bbox":[154641.664,171147.66999963,154653.8,171162.475]},{"type":"Feature","id":"Buildings.fid-6d0a8ac7_1a031465927_11b1","geometry":{"type":"Polygon","coordinates":[[[154851.6,171293.6],[154859.09,171287.84],[154863.30999952,171293.32000007],[154856.71,171299.12],[154856.23,171299.49],[154851.67,171293.7],[154851.6,171293.6]]]},"geometry_name":"GEOM","properties":{"INSPIRE_ID":"https://databrussels.be/id/building/1825760","BLOCK_ID":"https://databrussels.be/id/block/27866","AREA":68},"bbox":[154851.6,171287.84,154863.30999952,171299.49]},{"type":"Feature","id":"Buildings.fid-6d0a8ac7_1a031465927_1200","geometry":{"type":"Polygon","coordinates":[[[154719.478,171147.958],[154723.018,171142.098],[154730.87,171146.84],[154729.5894755,171148.96567045],[154731.35551382,171150.03798945],[154729.37144253,171153.32730461],[154727.60303658,171152.26315951],[154727.36999974,171152.64999992],[154719.478,171147.958]]]},"geometry_name":"GEOM","properties":{"INSPIRE_ID":"https://databrussels.be/id/building/1825763","BLOCK_ID":"https://databrussels.be/id/block/27866","AREA":70},"bbox":[154719.478,171142.098,154731.35551382,171153.32730461]},{"type":"Feature","id":"Buildings.fid-6d0a8ac7_1a031465927_11f1","geometry":{"type":"Polygon","coordinates":[[[154710.859,171118.34],[154715.57000004,171110.44000018],[154722.18,171114.47],[154717.398,171122.322],[154710.859,171118.34]]]},"geometry_name":"GEOM","properties":{"INSPIRE_ID":"https://databrussels.be/id/building/1825765","BLOCK_ID":"https://databrussels.be/id/block/27866","AREA":71},"bbox":[154710.859,171110.44000018,154722.18,171122.322]},{"type":"Feature","id":"Buildings.fid-6d0a8ac7_1a031465927_1101","geometry":{"type":"Polygon","coordinates":[[[154722.13,171454.09],[154726.519,171459.389],[154723.951,171461.538],[154719.53100516,171456.27900003],[154722.13,171454.09]]]},"geometry_name":"GEOM","properties":{"INSPIRE_ID":"https://databrussels.be/id/building/1826242","BLOCK_ID":"https://databrussels.be/id/block/23613","AREA":23},"bbox":[154719.53100516,171454.09,154726.519,171461.538]},{"type":"Feature","id":"Buildings.fid-6d0a8ac7_1a031465927_111f","geometry":{"type":"Polygon","coordinates":[[[154510.0418565,171057.95475004],[154512.23507428,171054.5934022],[154509.40699968,171052.81799972],[154510.17,171051.64000001],[154511.9100004,171048.99000034],[154516.6,171052.08],[154514.26700854,171055.86900537],[154512.02954979,171059.36668079],[154510.0418565,171057.95475004]]]},"geometry_name":"GEOM","properties":{"INSPIRE_ID":"https://databrussels.be/id/building/1826245","BLOCK_ID":"https://databrussels.be/id/block/26238","AREA":35},"bbox":[154509.40699968,171048.99000034,154516.6,171059.36668079]},{"type":"Feature","id":"Buildings.fid-6d0a8ac7_1a031465927_11e2","geometry":{"type":"Polygon","coordinates":[[[154722.89,171036.57],[154723.02,171036.44],[154726.21,171033.15],[154723.5,171030.52],[154723.6,171030.42],[154750.62,171002.57],[154750.76,171002.43],[154753.5,171005.09],[154756.7,171001.88],[154756.81,171001.77],[154756.92,171001.87],[154759.16,171004.05],[154759.59,171003.63],[154773.69,171017.39],[154775.18,171018.83],[154784.66,171009.06],[154782.22,171006.62],[154784.63,171004.19],[154784.43,171002.63],[154787.05,171000],[154797.63,170989.35],[154802.08,170993.67],[154802.08,170995.33],[154806.88,171000],[154807.08,171000.19],[154805.53,171001.78],[154813.44,171009.48],[154792.24,171031.23],[154795.04,171033.96],[154780.82,171048.54],[154776.3,171044.14],[154751.99,171069.08],[154743.01,171060.38],[154745.10267173,171058.27530142],[154722.89,171036.57]]]},"geometry_name":"GEOM","properties":{"INSPIRE_ID":"https://databrussels.be/id/building/1826247","BLOCK_ID":"https://databrussels.be/id/block/27866","AREA":3273},"bbox":[154722.89,170989.35,154813.44,171069.08]},{"type":"Feature","id":"Buildings.fid-6d0a8ac7_1a031465927_121b","geometry":{"type":"Polygon","coordinates":[[[154859.78,171243.96],[154865.27,171239.68],[154866.92301196,171241.85278847],[154872.69,171249.24],[154867.37,171253.37],[154861.70245445,171246.13385866],[154859.78,171243.96]]]},"geometry_name":"GEOM","properties":{"INSPIRE_ID":"https://databrussels.be/id/building/1826802","BLOCK_ID":"https://databrussels.be/id/block/27866","AREA":82},"bbox":[154859.78,171239.68,154872.69,171253.37]},{"type":"Feature","id":"Buildings.fid-6d0a8ac7_1a031465927_11a1","geometry":{"type":"Polygon","coordinates":[[[154817.50000144,171303.90999994],[154827.02,171296.44],[154828.91,171298.81],[154828.31,171299.29],[154829.8,171301.23],[154830.47,171300.72],[154831.16999227,171301.63999793],[154823.64999958,171308.09999993],[154821.88000072,171309.49000031],[154821.75999702,171309.32999936],[154817.50000144,171303.90999994]]]},"geometry_name":"GEOM","properties":{"INSPIRE_ID":"https://databrussels.be/id/building/1826803","BLOCK_ID":"https://databrussels.be/id/block/27866","AREA":82},"bbox":[154817.50000144,171296.44,154831.16999227,171309.49000031]},{"type":"Feature","id":"Buildings.fid-6d0a8ac7_1a031465927_1204","geometry":{"type":"Polygon","coordinates":[[[154715.819,171154.011],[154719.478,171147.958],[154727.36999974,171152.64999992],[154728.24999959,171153.17999993],[154726.97000039,171155.3],[154728.53999981,171156.27000023],[154725.98000018,171160.40000005],[154724.5599959,171159.50713453],[154715.819,171154.011]]]},"geometry_name":"GEOM","properties":{"INSPIRE_ID":"https://databrussels.be/id/building/1826806","BLOCK_ID":"https://databrussels.be/id/block/27866","AREA":82},"bbox":[154715.819,171147.958,154728.53999981,171160.40000005]},{"type":"Feature","id":"Buildings.fid-6d0a8ac7_1a031465927_11d8","geometry":{"type":"Polygon","coordinates":[[[154783.64203854,171486.61298903],[154782.326,171482.006],[154772.548,171484.876],[154773.30099606,171487.47400209],[154770.91100104,171488.17799962],[154772.63106239,171494.04482148],[154783.44023223,171490.82080808],[154782.31632343,171487.00719859],[154783.64203854,171486.61298903]]]},"geometry_name":"GEOM","properties":{"INSPIRE_ID":"https://databrussels.be/id/building/1826807","BLOCK_ID":"https://databrussels.be/id/block/28003","AREA":99},"bbox":[154770.91100104,171482.006,154783.64203854,171494.04482148]},{"type":"Feature","id":"Buildings.fid-6d0a8ac7_1a031465927_1181","geometry":{"type":"Polygon","coordinates":[[[154917.27,171321.38],[154925.98345124,171317.84268419],[154926.51000023,171319.02999998],[154928.3800002,171318.2499996],[154929.32477881,171317.92116497],[154930.53679869,171318.2693442],[154931.62947014,171321.01997332],[154931.13395521,171322.04648255],[154930.09999957,171322.40999985],[154928.77000051,171322.95999988],[154929.22,171323.99],[154919.966,171327.715],[154917.27,171321.38]]]},"geometry_name":"GEOM","properties":{"INSPIRE_ID":"https://databrussels.be/id/building/1826808","BLOCK_ID":"https://databrussels.be/id/block/27866","AREA":83},"bbox":[154917.27,171317.84268419,154931.62947014,171327.715]},{"type":"Feature","id":"Buildings.fid-6d0a8ac7_1a031465927_10e8","geometry":{"type":"Polygon","coordinates":[[[154779.248,171346.538],[154783.69353261,171342.74239906],[154779.26803637,171337.41441656],[154776.78626188,171334.42653672],[154772.17717082,171338.43269341],[154772.63,171338.96],[154773.9333,171340.5117],[154779.248,171346.538]]]},"geometry_name":"GEOM","properties":{"INSPIRE_ID":"https://databrussels.be/id/building/1826824","BLOCK_ID":"https://databrussels.be/id/block/23613","AREA":65},"bbox":[154772.17717082,171334.42653672,154783.69353261,171346.538]},{"type":"Feature","id":"Buildings.fid-6d0a8ac7_1a031465927_10f1","geometry":{"type":"Polygon","coordinates":[[[154792.56399998,171362.35100006],[154797.88,171368.6],[154802.47787855,171364.68081018],[154801.63425459,171363.69792824],[154797.12759369,171358.44734755],[154792.56399998,171362.35100006]]]},"geometry_name":"GEOM","properties":{"INSPIRE_ID":"https://databrussels.be/id/building/1826827","BLOCK_ID":"https://databrussels.be/id/block/23613","AREA":49},"bbox":[154792.56399998,171358.44734755,154802.47787855,171368.6]},{"type":"Feature","id":"Buildings.fid-6d0a8ac7_1a031465927_10e3","geometry":{"type":"Polygon","coordinates":[[[154765.19772893,171358.5373818],[154758.70043975,171350.85843362],[154753.7298728,171355.33174235],[154754.21202549,171355.90678484],[154756.14810417,171358.21496868],[154758.08408283,171360.52295252],[154760.02,171362.83],[154760.9253,171363.9095],[154766.04554429,171359.53938894],[154765.19772893,171358.5373818]]]},"geometry_name":"GEOM","properties":{"INSPIRE_ID":"https://databrussels.be/id/building/1826828","BLOCK_ID":"https://databrussels.be/id/block/23613","AREA":76},"bbox":[154753.7298728,171350.85843362,154766.04554429,171363.9095]},{"type":"Feature","id":"Buildings.fid-6d0a8ac7_1a031465927_1111","geometry":{"type":"Polygon","coordinates":[[[154764.9,171431.26],[154765.27,171430.95],[154769.95,171427.155],[154775.20500031,171433.31400003],[154770.434,171437.379],[154764.9,171431.26]]]},"geometry_name":"GEOM","properties":{"INSPIRE_ID":"https://databrussels.be/id/building/1826829","BLOCK_ID":"https://databrussels.be/id/block/23613","AREA":52},"bbox":[154764.9,171427.155,154775.20500031,171437.379]},{"type":"Feature","id":"Buildings.fid-6d0a8ac7_1a031465927_1106","geometry":{"type":"Polygon","coordinates":[[[154735.97,171455.9],[154740.987,171451.652],[154746.32600024,171457.99900045],[154741.40100031,171462.1419999],[154735.97,171455.9]]]},"geometry_name":"GEOM","properties":{"INSPIRE_ID":"https://databrussels.be/id/building/1826834","BLOCK_ID":"https://databrussels.be/id/block/23613","AREA":54},"bbox":[154735.97,171451.652,154746.32600024,171462.1419999]},{"type":"Feature","id":"Buildings.fid-6d0a8ac7_1a031465927_1193","geometry":{"type":"Polygon","coordinates":[[[154866.68600033,171362.46800021],[154874.61518142,171356.39661174],[154875.92449135,171358.06751307],[154877.22735474,171357.03017558],[154879.89478007,171360.40716286],[154878.54702143,171361.41430582],[154879.1,171362.12],[154871.24,171368.25],[154871.16,171368.14],[154866.68600033,171362.46800021]]]},"geometry_name":"GEOM","properties":{"INSPIRE_ID":"https://databrussels.be/id/building/1826837","BLOCK_ID":"https://databrussels.be/id/block/27866","AREA":80},"bbox":[154866.68600033,171356.39661174,154879.89478007,171368.25]},{"type":"Feature","id":"Buildings.fid-6d0a8ac7_1a031465927_116a","geometry":{"type":"Polygon","coordinates":[[[154889.86019113,171280.55022055],[154888.36202135,171281.72530484],[154892.78,171287.35],[154900.07330833,171281.72529814],[154902.38000012,171280.03],[154899,171275.64],[154896.8,171277.34],[154895.72868363,171275.94728872],[154889.86019113,171280.55022055]]]},"geometry_name":"GEOM","properties":{"INSPIRE_ID":"https://databrussels.be/id/building/1826839","BLOCK_ID":"https://databrussels.be/id/block/27866","AREA":82},"bbox":[154888.36202135,171275.64,154902.38000012,171287.35]},{"type":"Feature","id":"Buildings.fid-6d0a8ac7_1a031465927_1151","geometry":{"type":"Polygon","coordinates":[[[154971.51,171485.44],[154971.38,171485.04],[154980.09299985,171481.43400034],[154982.78599975,171487.70699972],[154975.88999987,171491.20000019],[154974.27299466,171492.01905472],[154971.51,171485.44]]]},"geometry_name":"GEOM","properties":{"INSPIRE_ID":"https://databrussels.be/id/building/1826939","BLOCK_ID":"https://databrussels.be/id/block/27866","AREA":68},"bbox":[154971.38,171481.43400034,154982.78599975,171492.01905472]},{"type":"Feature","id":"Buildings.fid-6d0a8ac7_1a031465927_11a0","geometry":{"type":"Polygon","coordinates":[[[154816.84999946,171356.48999991],[154821.56,171362.47],[154821.81,171362.47],[154822.77,171363.7],[154824.17,171362.61],[154824.48980827,171363.02957071],[154828.94150933,171359.29164683],[154826.92300029,171356.73100017],[154828.83800001,171355.22599984],[154824.95700012,171350.29899983],[154816.84999946,171356.48999991]]]},"geometry_name":"GEOM","properties":{"INSPIRE_ID":"https://databrussels.be/id/building/1826942","BLOCK_ID":"https://databrussels.be/id/block/23613","AREA":90},"bbox":[154816.84999946,171350.29899983,154828.94150933,171363.7]},{"type":"Feature","id":"Buildings.fid-6d0a8ac7_1a031465927_1109","geometry":{"type":"Polygon","coordinates":[[[154745.46199981,171447.80700046],[154744.02102475,171446.27830819],[154749.09,171441.92],[154750.74040756,171443.86545328],[154755.83599974,171449.85000058],[154750.789,171454.115],[154745.46199981,171447.80700046]]]},"geometry_name":"GEOM","properties":{"INSPIRE_ID":"https://databrussels.be/id/building/1826943","BLOCK_ID":"https://databrussels.be/id/block/23613","AREA":69},"bbox":[154744.02102475,171441.92,154755.83599974,171454.115]},{"type":"Feature","id":"Buildings.fid-6d0a8ac7_1a031465927_11cb","geometry":{"type":"Polygon","coordinates":[[[154848.71,171427.06],[154855.11560585,171432.45575763],[154860.53544742,171425.96095095],[154854.07600119,171420.49099894],[154849.12380261,171426.47629232],[154848.71,171427.06]]]},"geometry_name":"GEOM","properties":{"INSPIRE_ID":"https://databrussels.be/id/building/1826948","BLOCK_ID":"https://databrussels.be/id/block/27647","AREA":72},"bbox":[154848.71,171420.49099894,154860.53544742,171432.45575763]},{"type":"Feature","id":"Buildings.fid-6d0a8ac7_1a031465927_11d0","geometry":{"type":"Polygon","coordinates":[[[154864.98040355,171456.95889532],[154866.37592013,171466.01777391],[154872.84704869,171465.09778464],[154873.12332406,171465.05852776],[154872.82553275,171462.91185459],[154875.90253597,171462.39873766],[154874.89499876,171455.50900067],[154864.98040355,171456.95889532]]]},"geometry_name":"GEOM","properties":{"INSPIRE_ID":"https://databrussels.be/id/building/1826951","BLOCK_ID":"https://databrussels.be/id/block/27647","AREA":85},"bbox":[154864.98040355,171455.50900067,154875.90253597,171466.01777391]},{"type":"Feature","id":"Buildings.fid-6d0a8ac7_1a031465927_110d","geometry":{"type":"Polygon","coordinates":[[[154761.03,171397.35],[154763.34999981,171395.37999973],[154765.44999975,171397.70000019],[154770.63420659,171393.28962088],[154764.76678341,171386.05244144],[154764.155,171386.575],[154763.219,171385.48],[154758.394,171389.59],[154758.845,171390.118],[154756.545,171392.088],[154761.03,171397.35]]]},"geometry_name":"GEOM","properties":{"INSPIRE_ID":"https://databrussels.be/id/building/1826953","BLOCK_ID":"https://databrussels.be/id/block/23613","AREA":95},"bbox":[154756.545,171385.48,154770.63420659,171397.70000019]},{"type":"Feature","id":"Buildings.fid-6d0a8ac7_1a031465927_1142","geometry":{"type":"Polygon","coordinates":[[[154532.8271,171032.51160034],[154534.8868,171029.05350034],[154538.4753,171031.19100034],[154536.4156,171034.64900034],[154532.8271,171032.51160034]]]},"geometry_name":"GEOM","properties":{"INSPIRE_ID":"https://databrussels.be/id/building/1829130","BLOCK_ID":"https://databrussels.be/id/block/26238","AREA":17},"bbox":[154532.8271,171029.05350034,154538.4753,171034.64900034]},{"type":"Feature","id":"Buildings.fid-6d0a8ac7_1a031465927_11e4","geometry":{"type":"Polygon","coordinates":[[[154709.5969,171031.16150034],[154707.5,171028.39840035],[154712.4963,171024.60690034],[154714.5931,171027.37010034],[154709.5969,171031.16150034]]]},"geometry_name":"GEOM","properties":{"INSPIRE_ID":"https://databrussels.be/id/building/1829131","BLOCK_ID":"https://databrussels.be/id/block/27866","AREA":22},"bbox":[154707.5,171024.60690034,154714.5931,171031.16150034]},{"type":"Feature","id":"Buildings.fid-6d0a8ac7_1a031465927_11f3","geometry":{"type":"Polygon","coordinates":[[[154723.36999986,171125.95699953],[154727.9,171117.96],[154734.9,171122.22],[154730.09699953,171130.05100003],[154723.36999986,171125.95699953]]]},"geometry_name":"GEOM","properties":{"INSPIRE_ID":"https://databrussels.be/id/building/1829524","BLOCK_ID":"https://databrussels.be/id/block/27866","AREA":74},"bbox":[154723.36999986,171117.96,154734.9,171130.05100003]},{"type":"Feature","id":"Buildings.fid-6d0a8ac7_1a031465927_1105","geometry":{"type":"MultiPolygon","coordinates":[[[[154736.4181,171414.33200034],[154735.0047,171415.56760034],[154733.5913,171416.80330034],[154731.7614,171414.71010034],[154733.1748,171413.47450034],[154734.5882,171412.23890034],[154736.4181,171414.33200034]]]]},"geometry_name":"GEOM","properties":{"INSPIRE_ID":"https://databrussels.be/id/building/1830389","BLOCK_ID":"https://databrussels.be/id/block/23613","AREA":10},"bbox":[154731.7614,171412.23890034,154736.4181,171416.80330034]}],"numberReturned":322,"grand_bruxelles_source":{"authority":"Paradigm / Brussels-Capital Region","service":"https://geoservices-urbis.irisnet.be/geoserver/urbisvector/wfs","layer":"urbisvector:Buildings","crs":"EPSG:31370","bbox":[154500.0,171000.0,155000.0,171500.0],"cell_id":"bxl-e154500-n171000-s500","ownership":"polygon_or_multipolygon_centroid_global_500m_cell"}}
