{"type":"FeatureCollection","totalFeatures":318,"numberMatched":318,"timeStamp":"2026-08-21T13:06:47.383Z","crs":{"type":"name","properties":{"name":"urn:ogc:def:crs:EPSG::31370"}},"bbox":[146392.05,170393.535,147061.97021939,171074.20180035],"features":[{"type":"Feature","id":"Buildings.fid--578fcb21_1a0246d9149_5619","geometry":{"type":"Polygon","coordinates":[[[146979.19999991,170838.7299996],[146998.89000005,170817.04999976],[147000.0000001,170815.8199997],[147003.55,170811.91],[147014.11,170821.52],[147008.92163993,170827.14723731],[147006.35000016,170830.07000003],[146999.99999996,170837.06999965],[146996.64999979,170840.77000041],[146998.20000056,170842.1700001],[146994.47011816,170846.5229887],[146991.17000025,170849.92000043],[146979.19999991,170838.7299996]]]},"geometry_name":"GEOM","properties":{"INSPIRE_ID":"https://databrussels.be/id/building/1609971","BLOCK_ID":"https://databrussels.be/id/block/25804","AREA":541},"bbox":[146979.19999991,170811.91,147014.11,170849.92000043]},{"type":"Feature","id":"Buildings.fid--578fcb21_1a0246d9149_566a","geometry":{"type":"Polygon","coordinates":[[[146938.429,170729.855],[146948.56,170718.81],[146983.02,170681.25],[146983.90957344,170680.27994944],[146993.3,170670.04],[147000,170676.17],[147006.34,170681.98],[147007.8,170683.32],[147020.2587,170694.9238],[147022.86,170697.1],[147025.12,170699.39],[147024.446,170700.0744],[147005.2499,170721.0836],[147000,170727],[146985.697,170742.727],[146978.1915,170751.0449],[146970.671,170759.249],[146938.429,170729.855]]]},"geometry_name":"GEOM","properties":{"INSPIRE_ID":"https://databrussels.be/id/building/1610167","BLOCK_ID":"https://databrussels.be/id/block/25805","AREA":3522},"bbox":[146938.429,170670.04,147025.12,170759.249]},{"type":"Feature","id":"Buildings.fid--578fcb21_1a0246d9149_55dd","geometry":{"type":"Polygon","coordinates":[[[146912.7099998,170763.78999988],[146924.05000003,170751.35000012],[146926.86999999,170753.92000054],[146915.41000068,170766.16999999],[146912.7099998,170763.78999988]]]},"geometry_name":"GEOM","properties":{"INSPIRE_ID":"https://databrussels.be/id/building/1633961","BLOCK_ID":"https://databrussels.be/id/block/25804","AREA":62},"bbox":[146912.7099998,170751.35000012,146926.86999999,170766.16999999]},{"type":"Feature","id":"Buildings.fid--578fcb21_1a0246d9149_565a","geometry":{"type":"Polygon","coordinates":[[[146898.91999995,170517.2699996],[146901.776,170514.085],[146909.03,170522.76],[146908.59,170523.12],[146910.98,170525.97],[146912.72,170524.51],[146919.826262,170532.409129],[146915.194154,170536.284929],[146898.91999995,170517.2699996]]]},"geometry_name":"GEOM","properties":{"INSPIRE_ID":"https://databrussels.be/id/building/1634104","BLOCK_ID":"https://databrussels.be/id/block/27703","AREA":122},"bbox":[146898.91999995,170514.085,146919.826262,170536.284929]},{"type":"Feature","id":"Buildings.fid--578fcb21_1a0246d9149_55c8","geometry":{"type":"Polygon","coordinates":[[[146545.58,170886.14],[146546.98439053,170876.7600281],[146547.2400003,170874.50999961],[146557.47000035,170875.76000001],[146557.00306196,170880.06246941],[146555.87000018,170887.42000049],[146545.58,170886.14]]]},"geometry_name":"GEOM","properties":{"INSPIRE_ID":"https://databrussels.be/id/building/1634105","BLOCK_ID":"https://databrussels.be/id/block/30913","AREA":122},"bbox":[146545.58,170874.50999961,146557.47000035,170887.42000049]},{"type":"Feature","id":"Buildings.fid--578fcb21_1a0246d9149_561c","geometry":{"type":"Polygon","coordinates":[[[146846.728326,170646.156754],[146855.84,170636.3],[146856.08,170636.05],[146857.04,170635],[146859.69,170636.79],[146864.92,170631.21],[146868.54,170631.95],[146863.09,170637.57],[146862.66,170638.02],[146851.45,170650.25],[146846.728326,170646.156754]]]},"geometry_name":"GEOM","properties":{"INSPIRE_ID":"https://databrussels.be/id/building/1634108","BLOCK_ID":"https://databrussels.be/id/block/29983","AREA":122},"bbox":[146846.728326,170631.21,146868.54,170650.25]},{"type":"Feature","id":"Buildings.fid--578fcb21_1a0246d9149_5576","geometry":{"type":"Polygon","coordinates":[[[146515.11999957,170963.54000039],[146516.57999981,170962.46000047],[146516.76000021,170962.70000047],[146517.83999987,170961.91000032],[146518.64,170963],[146518.73,170962.93],[146519.86,170964.31],[146522.66,170962.02],[146523.11,170962.63],[146531.07,170972.48],[146530.99,170972.54],[146525.66,170976.85],[146516.24000003,170964.9600005],[146515.11999957,170963.54000039]]]},"geometry_name":"GEOM","properties":{"INSPIRE_ID":"https://databrussels.be/id/building/1634128","BLOCK_ID":"https://databrussels.be/id/block/30906","AREA":103},"bbox":[146515.11999957,170961.91000032,146531.07,170976.85]},{"type":"Feature","id":"Buildings.fid--578fcb21_1a0246d9149_5657","geometry":{"type":"Polygon","coordinates":[[[146892.53999977,170523.65999968],[146898.91999995,170517.2699996],[146915.194154,170536.284929],[146908.297587,170542.045827],[146892.53999977,170523.65999968]]]},"geometry_name":"GEOM","properties":{"INSPIRE_ID":"https://databrussels.be/id/building/1634131","BLOCK_ID":"https://databrussels.be/id/block/27703","AREA":221},"bbox":[146892.53999977,170517.2699996,146915.194154,170542.045827]},{"type":"Feature","id":"Buildings.fid--578fcb21_1a0246d9149_55db","geometry":{"type":"Polygon","coordinates":[[[146907.45000018,170758.25000011],[146912.34000046,170752.7499998],[146916.03630309,170749.20142587],[146924.57299816,170740.08900044],[146932.77999822,170747.47000136],[146927.62999855,170753.12000129],[146926.86999999,170753.92000054],[146924.05000003,170751.35000012],[146912.7099998,170763.78999988],[146911.30999983,170762.56000017],[146911.52,170762.33],[146907.27,170758.35],[146907.45000018,170758.25000011]]]},"geometry_name":"GEOM","properties":{"INSPIRE_ID":"https://databrussels.be/id/building/1634132","BLOCK_ID":"https://databrussels.be/id/block/25804","AREA":222},"bbox":[146907.27,170740.08900044,146932.77999822,170763.78999988]},{"type":"Feature","id":"Buildings.fid--578fcb21_1a0246d9149_55de","geometry":{"type":"Polygon","coordinates":[[[146874.49000035,170762.43999977],[146902.57299972,170788.23800022],[146906.70799962,170783.77500004],[146911.49984585,170778.33759686],[146883.6000004,170752.60999973],[146874.49000035,170762.43999977]]]},"geometry_name":"GEOM","properties":{"INSPIRE_ID":"https://databrussels.be/id/building/1634134","BLOCK_ID":"https://databrussels.be/id/block/25804","AREA":509},"bbox":[146874.49000035,170752.60999973,146911.49984585,170788.23800022]},{"type":"Feature","id":"Buildings.fid--578fcb21_1a0246d9149_55ee","geometry":{"type":"Polygon","coordinates":[[[146820.98676457,170908.59581476],[146822.50679893,170906.87514818],[146824.80355454,170904.18278164],[146832.03,170896.03],[146836.5,170900.11],[146829.20452268,170907.80615571],[146825.09999944,170912.42000006],[146824.25432177,170913.17541347],[146820.14694249,170909.48395541],[146820.98676457,170908.59581476]]]},"geometry_name":"GEOM","properties":{"INSPIRE_ID":"https://databrussels.be/id/building/1634170","BLOCK_ID":"https://databrussels.be/id/block/28233","AREA":104},"bbox":[146820.14694249,170896.03,146836.5,170913.17541347]},{"type":"Feature","id":"Buildings.fid--578fcb21_1a0246d9149_567c","geometry":{"type":"Polygon","coordinates":[[[146857.19,170565.3],[146862.49,170560.84],[146872.324256,170572.289964],[146866.89,170576.69],[146866.53,170576.41],[146858.37472597,170566.7102368],[146857.19,170565.3]]]},"geometry_name":"GEOM","properties":{"INSPIRE_ID":"https://databrussels.be/id/building/1634175","BLOCK_ID":"https://databrussels.be/id/block/27703","AREA":105},"bbox":[146857.19,170560.84,146872.324256,170576.69]},{"type":"Feature","id":"Buildings.fid--578fcb21_1a0246d9149_5684","geometry":{"type":"Polygon","coordinates":[[[146824.88199989,170598.56299993],[146831.52100043,170591.24200002],[146838.965837,170600.23624],[146831.616145,170606.333732],[146824.88199989,170598.56299993]]]},"geometry_name":"GEOM","properties":{"INSPIRE_ID":"https://databrussels.be/id/building/1634180","BLOCK_ID":"https://databrussels.be/id/block/27703","AREA":106},"bbox":[146824.88199989,170591.24200002,146838.965837,170606.333732]},{"type":"Feature","id":"Buildings.fid--578fcb21_1a0246d9149_568b","geometry":{"type":"Polygon","coordinates":[[[146854.129513,170613.507807],[146859.921,170608.762],[146880.03,170632.88],[146874.82,170638.5],[146869.01,170631.53],[146865.6,170627.45],[146863.19,170624.57],[146854.129513,170613.507807]]]},"geometry_name":"GEOM","properties":{"INSPIRE_ID":"https://databrussels.be/id/building/1634193","BLOCK_ID":"https://databrussels.be/id/block/29983","AREA":242},"bbox":[146854.129513,170608.762,146880.03,170638.5]},{"type":"Feature","id":"Buildings.fid--578fcb21_1a0246d9149_565b","geometry":{"type":"Polygon","coordinates":[[[146902.83000061,170512.90999993],[146909.2,170505.86],[146926.712629,170526.649761],[146919.826262,170532.409129],[146912.72,170524.51],[146909.5,170520.63],[146902.83000061,170512.90999993]]]},"geometry_name":"GEOM","properties":{"INSPIRE_ID":"https://databrussels.be/id/building/1634197","BLOCK_ID":"https://databrussels.be/id/block/27703","AREA":246},"bbox":[146902.83000061,170505.86,146926.712629,170532.409129]},{"type":"Feature","id":"Buildings.fid--578fcb21_1a0246d9149_5620","geometry":{"type":"Polygon","coordinates":[[[146865.77,170663.07],[146873.7439956,170654.07466764],[146871.396084,170652.00812258],[146877.20882682,170645.33840177],[146877.92721291,170645.94191038],[146878.6299999,170644.96000015],[146880.4,170646.58],[146885.84,170651.57],[146884.92,170652.58],[146887.21,170654.69],[146886.27,170655.72],[146883.40980361,170658.42938694],[146873.13000025,170669.66000038],[146865.77,170663.07]]]},"geometry_name":"GEOM","properties":{"INSPIRE_ID":"https://databrussels.be/id/building/1634201","BLOCK_ID":"https://databrussels.be/id/block/29983","AREA":249},"bbox":[146865.77,170644.96000015,146887.21,170669.66000038]},{"type":"Feature","id":"Buildings.fid--578fcb21_1a0246d9149_565f","geometry":{"type":"Polygon","coordinates":[[[146914.588,170586.107],[146922.551,170579.445],[146925.26,170582.69],[146926.12,170583.73],[146936.222,170596.083],[146929.087,170603.788],[146914.588,170586.107]]]},"geometry_name":"GEOM","properties":{"INSPIRE_ID":"https://databrussels.be/id/building/1634202","BLOCK_ID":"https://databrussels.be/id/block/29983","AREA":231},"bbox":[146914.588,170579.445,146936.222,170603.788]},{"type":"Feature","id":"Buildings.fid--578fcb21_1a0246d9149_5685","geometry":{"type":"Polygon","coordinates":[[[146871.839,170598.739],[146878.543546,170593.076464],[146890.55296717,170607.78402872],[146896.1,170614.15],[146896.55452486,170614.64022877],[146890.54149952,170621.3396676],[146880.84,170609.55],[146871.839,170598.739]]]},"geometry_name":"GEOM","properties":{"INSPIRE_ID":"https://databrussels.be/id/building/1634203","BLOCK_ID":"https://databrussels.be/id/block/29983","AREA":250},"bbox":[146871.839,170593.076464,146896.55452486,170621.3396676]},{"type":"Feature","id":"Buildings.fid--578fcb21_1a0246d9149_5642","geometry":{"type":"Polygon","coordinates":[[[146532.34999951,170765.58000031],[146547.9779274,170747.51478515],[146555.86000011,170754.77000006],[146552.47700014,170758.63200005],[146540.32900008,170772.49799966],[146532.34999951,170765.58000031]]]},"geometry_name":"GEOM","properties":{"INSPIRE_ID":"https://databrussels.be/id/building/1634205","BLOCK_ID":"https://databrussels.be/id/block/30802","AREA":252},"bbox":[146532.34999951,170747.51478515,146555.86000011,170772.49799966]},{"type":"Feature","id":"Buildings.fid--578fcb21_1a0246d9149_5610","geometry":{"type":"Polygon","coordinates":[[[146784.53013147,170870.69374719],[146786.88797811,170867.92005203],[146793.28,170860.67],[146797.44,170864.46],[146791.25877753,170871.0876324],[146788.2679998,170874.16200009],[146786.78689856,170872.71015772],[146784.53013147,170870.69374719]]]},"geometry_name":"GEOM","properties":{"INSPIRE_ID":"https://databrussels.be/id/building/1634210","BLOCK_ID":"https://databrussels.be/id/block/28233","AREA":72},"bbox":[146784.53013147,170860.67,146797.44,170874.16200009]},{"type":"Feature","id":"Buildings.fid--578fcb21_1a0246d9149_55ad","geometry":{"type":"Polygon","coordinates":[[[146760.29,170918.555],[146756.81,170919.82],[146749.65,170913.46],[146742.458,170906.892],[146746.465,170902.425],[146757.38,170912.17],[146763.25,170917.48],[146760.29,170918.555]]]},"geometry_name":"GEOM","properties":{"INSPIRE_ID":"https://databrussels.be/id/building/1634215","BLOCK_ID":"https://databrussels.be/id/block/28233","AREA":127},"bbox":[146742.458,170902.425,146763.25,170919.82]},{"type":"Feature","id":"Buildings.fid--578fcb21_1a0246d9149_55fd","geometry":{"type":"Polygon","coordinates":[[[146780.89999968,170769.85999959],[146786.76386767,170764.05703042],[146788.6845612,170765.69147351],[146813.25,170788.47],[146821.78,170796.38],[146816.05,170802.84],[146807.70501762,170794.96416551],[146801.87532857,170789.61772774],[146792.74999983,170781.15999946],[146787.81029558,170776.4495643],[146780.89999968,170769.85999959]]]},"geometry_name":"GEOM","properties":{"INSPIRE_ID":"https://databrussels.be/id/building/1634241","BLOCK_ID":"https://databrussels.be/id/block/25210","AREA":409},"bbox":[146780.89999968,170764.05703042,146821.78,170802.84]},{"type":"Feature","id":"Buildings.fid--578fcb21_1a0246d9149_5675","geometry":{"type":"Polygon","coordinates":[[[146790.95968025,170528.69035171],[146784.912,170535.353],[146781.1,170539.54],[146773.83,170532.94],[146772.12,170534.89],[146771.92,170535.09],[146771.72,170535.3],[146771.5,170535.47],[146771.26,170535.62],[146770.99,170535.75],[146770.72,170535.85],[146770.34,170535.93],[146769.93,170535.95],[146769.54,170535.93],[146769.27,170535.9],[146769,170535.85],[146768.75,170535.78],[146768.37,170535.62],[146768.02,170535.42],[146767.72,170535.16],[146767.5,170534.89],[146767.32,170534.59],[146767.17,170534.27],[146767.04,170533.93],[146766.93,170533.58],[146766.89,170533.22],[146766.9,170532.89],[146766.97,170532.55],[146767.07,170532.23],[146767.18,170531.99],[146767.3,170531.77],[146767.43,170531.55],[146767.78,170531.17],[146766.71,170530.21],[146766.65,170527.8],[146767.4,170526.74],[146766.44,170525.83],[146766.35,170523.55],[146767.3,170522.69],[146763.67,170519.48],[146772.0781,170510.4333],[146790.95968025,170528.69035171]]]},"geometry_name":"GEOM","properties":{"INSPIRE_ID":"https://databrussels.be/id/building/1634244","BLOCK_ID":"https://databrussels.be/id/block/27703","AREA":416},"bbox":[146763.67,170510.4333,146790.95968025,170539.54]},{"type":"Feature","id":"Buildings.fid--578fcb21_1a0246d9149_5637","geometry":{"type":"Polygon","coordinates":[[[146756.835,170716.193],[146761.165,170708.87],[146810.04999977,170738.96000005],[146805.58899989,170743.73700009],[146756.835,170716.193]]]},"geometry_name":"GEOM","properties":{"INSPIRE_ID":"https://databrussels.be/id/building/1634245","BLOCK_ID":"https://databrussels.be/id/block/25210","AREA":422},"bbox":[146756.835,170708.87,146810.04999977,170743.73700009]},{"type":"Feature","id":"Buildings.fid--578fcb21_1a0246d9149_5633","geometry":{"type":"Polygon","coordinates":[[[146761.165,170708.87],[146766.123,170701.2],[146815.82,170732.78999954],[146810.04999977,170738.96000005],[146761.165,170708.87]]]},"geometry_name":"GEOM","properties":{"INSPIRE_ID":"https://databrussels.be/id/building/1634838","BLOCK_ID":"https://databrussels.be/id/block/25210","AREA":507},"bbox":[146761.165,170701.2,146815.82,170738.96000005]},{"type":"Feature","id":"Buildings.fid--578fcb21_1a0246d9149_5668","geometry":{"type":"Polygon","coordinates":[[[146936.5286,170544.3045],[146946.15,170536.25],[146950.682,170540.3789],[146956.8959,170540.1566],[146959.2088,170537.6179],[146964.367,170542.3172],[146960.5087,170546.5522],[146959.1251,170548.0709],[146970.838,170558.742],[146969.78,170559.98],[146969.0581,170560.8223],[146962.53,170568.44],[146959.353,170571.762],[146944.1432,170553.4648],[146939.7395,170548.1673],[146936.5286,170544.3045]]]},"geometry_name":"GEOM","properties":{"INSPIRE_ID":"https://databrussels.be/id/building/1634839","BLOCK_ID":"https://databrussels.be/id/block/30844","AREA":579},"bbox":[146936.5286,170536.25,146970.838,170571.762]},{"type":"Feature","id":"Buildings.fid--578fcb21_1a0246d9149_559e","geometry":{"type":"Polygon","coordinates":[[[146873.58003915,170954.16000481],[146879.14996249,170954.88004403],[146881.44006406,170940.89008087],[146880.27992909,170939.84750653],[146874.76871671,170944.931238],[146873.58003915,170954.16000481]]]},"geometry_name":"GEOM","properties":{"INSPIRE_ID":"https://databrussels.be/id/building/1634850","BLOCK_ID":"https://databrussels.be/id/block/28233","AREA":74},"bbox":[146873.58003915,170939.84750653,146881.44006406,170954.88004403]},{"type":"Feature","id":"Buildings.fid--578fcb21_1a0246d9149_5652","geometry":{"type":"Polygon","coordinates":[[[146639.61250677,170604.83787184],[146591.64991411,170621.40634441],[146566.87756084,170549.48591745],[146614.98782815,170533.07045048],[146639.61250677,170604.83787184]]]},"geometry_name":"GEOM","properties":{"INSPIRE_ID":"https://databrussels.be/id/building/1634888","BLOCK_ID":"https://databrussels.be/id/block/30422","AREA":3858},"bbox":[146566.87756084,170533.07045048,146639.61250677,170621.40634441]},{"type":"Feature","id":"Buildings.fid--578fcb21_1a0246d9149_55fe","geometry":{"type":"Polygon","coordinates":[[[146734.839,170767.706],[146747.56,170771.32],[146746.95294144,170774.04767061],[146748.26272921,170774.36327702],[146747.51084736,170777.12147926],[146769.33349243,170796.55766367],[146758.96,170807.98],[146732.057,170784.048],[146732.486056,170782.763448],[146731.425,170781.909],[146732.844,170776.072],[146734.839,170767.706]]]},"geometry_name":"GEOM","properties":{"INSPIRE_ID":"https://databrussels.be/id/building/1635089","BLOCK_ID":"https://databrussels.be/id/block/25210","AREA":665},"bbox":[146731.425,170767.706,146769.33349243,170807.98]},{"type":"Feature","id":"Buildings.fid--578fcb21_1a0246d9149_55be","geometry":{"type":"Polygon","coordinates":[[[146785.395,170942.457],[146786.76,170931.84],[146787.03,170931.88],[146787.48,170928.28],[146790.24,170928.62],[146790.46,170926.85],[146793.2,170927.19],[146793.08,170928.18],[146791.11,170943.21],[146785.395,170942.457]]]},"geometry_name":"GEOM","properties":{"INSPIRE_ID":"https://databrussels.be/id/building/1635118","BLOCK_ID":"https://databrussels.be/id/block/28233","AREA":87},"bbox":[146785.395,170926.85,146793.2,170943.21]},{"type":"Feature","id":"Buildings.fid--578fcb21_1a0246d9149_55eb","geometry":{"type":"Polygon","coordinates":[[[146813.15,170897.88],[146814.30119441,170896.71879781],[146822.81,170887.61],[146827.28,170891.7],[146820.0384074,170899.80538365],[146817.85,170902.17],[146813.15,170897.88]]]},"geometry_name":"GEOM","properties":{"INSPIRE_ID":"https://databrussels.be/id/building/1635120","BLOCK_ID":"https://databrussels.be/id/block/28233","AREA":88},"bbox":[146813.15,170887.61,146827.28,170902.17]},{"type":"Feature","id":"Buildings.fid--578fcb21_1a0246d9149_55c9","geometry":{"type":"Polygon","coordinates":[[[146552.78,170911.88],[146559.83,170912.73],[146562.33000017,170891.10999953],[146564.41108824,170876.61506023],[146557.47000035,170875.76000001],[146557.00306196,170880.06246941],[146555.87000018,170887.42000049],[146555.52199979,170890.26600023],[146554.71999984,170896.40000026],[146552.78,170911.88]]]},"geometry_name":"GEOM","properties":{"INSPIRE_ID":"https://databrussels.be/id/building/1635127","BLOCK_ID":"https://databrussels.be/id/block/30913","AREA":253},"bbox":[146552.78,170875.76000001,146564.41108824,170912.73]},{"type":"Feature","id":"Buildings.fid--578fcb21_1a0246d9149_55e9","geometry":{"type":"Polygon","coordinates":[[[146895.19,170882.27],[146884.18,170894.35],[146884.89,170894.99],[146887.03,170896.93],[146884.90848351,170899.25842918],[146880.39,170895.42],[146882.46,170893.16],[146882.37,170893.25],[146893.66,170880.87],[146895.19,170882.27]]]},"geometry_name":"GEOM","properties":{"INSPIRE_ID":"https://databrussels.be/id/building/1635249","BLOCK_ID":"https://databrussels.be/id/block/25804","AREA":53},"bbox":[146880.39,170880.87,146895.19,170899.25842918]},{"type":"Feature","id":"Buildings.fid--578fcb21_1a0246d9149_5626","geometry":{"type":"Polygon","coordinates":[[[146816.42,170693.16],[146812.1,170689.24],[146816.36,170684.49],[146821.29,170678.99],[146826.72,170672.77],[146827.258,170672.258],[146837.31,170661.27],[146842.058,170665.397],[146840.786,170666.817],[146836.018,170672.067],[146833.711,170674.607],[146827.94,170680.35],[146816.42,170693.16]]]},"geometry_name":"GEOM","properties":{"INSPIRE_ID":"https://databrussels.be/id/building/1635273","BLOCK_ID":"https://databrussels.be/id/block/25210","AREA":229},"bbox":[146812.1,170661.27,146842.058,170693.16]},{"type":"Feature","id":"Buildings.fid--578fcb21_1a0246d9149_55a7","geometry":{"type":"Polygon","coordinates":[[[146758.35000035,170889.09999968],[146765.43,170895.41],[146766.10393863,170896.00605684],[146779.814,170902.159],[146785.03,170904.5],[146789.99298181,170899.20702558],[146785.42005728,170895.16002128],[146789.61,170890.76],[146784.645,170886.452],[146781.783,170883.968],[146780.452,170882.813],[146771.45,170874.89],[146758.35000035,170889.09999968]]]},"geometry_name":"GEOM","properties":{"INSPIRE_ID":"https://databrussels.be/id/building/1635280","BLOCK_ID":"https://databrussels.be/id/block/28233","AREA":487},"bbox":[146758.35000035,170874.89,146789.99298181,170904.5]},{"type":"Feature","id":"Buildings.fid--578fcb21_1a0246d9149_55e6","geometry":{"type":"Polygon","coordinates":[[[146929.6166362,170856.79399465],[146930.69256125,170855.61025133],[146931.04364838,170855.92544706],[146934.26506532,170858.81754076],[146936.68311383,170856.03451305],[146940.28956908,170859.3599196],[146938.58519516,170861.17563354],[146940.42062502,170862.88534031],[146939.45254244,170863.96373636],[146937.60588985,170862.24287029],[146936.95541491,170862.8963183],[146935.29922975,170861.32225502],[146934.89928629,170861.83075695],[146929.6166362,170856.79399465]]]},"geometry_name":"GEOM","properties":{"INSPIRE_ID":"https://databrussels.be/id/building/1635344","BLOCK_ID":"https://databrussels.be/id/block/25804","AREA":37},"bbox":[146929.6166362,170855.61025133,146940.42062502,170863.96373636]},{"type":"Feature","id":"Buildings.fid--578fcb21_1a0246d9149_5587","geometry":{"type":"Polygon","coordinates":[[[146905.09000017,170920.79999974],[146906.09,170919.68],[146908.40000001,170917.07000025],[146913.77140381,170921.814767],[146910.05999105,170925.74001094],[146905.09000017,170920.79999974]]]},"geometry_name":"GEOM","properties":{"INSPIRE_ID":"https://databrussels.be/id/building/1635345","BLOCK_ID":"https://databrussels.be/id/block/25804","AREA":37},"bbox":[146905.09000017,170917.07000025,146913.77140381,170925.74001094]},{"type":"Feature","id":"Buildings.fid--578fcb21_1a0246d9149_559a","geometry":{"type":"Polygon","coordinates":[[[146909.9999999,170945.65999973],[146918.26,170937.14],[146922.63,170941.42],[146915.03,170950.23],[146909.9999999,170945.65999973]]]},"geometry_name":"GEOM","properties":{"INSPIRE_ID":"https://databrussels.be/id/building/1635385","BLOCK_ID":"https://databrussels.be/id/block/25804","AREA":76},"bbox":[146909.9999999,170937.14,146922.63,170950.23]},{"type":"Feature","id":"Buildings.fid--578fcb21_1a0246d9149_55e0","geometry":{"type":"Polygon","coordinates":[[[146853.51,170784.88],[146859.59,170778.37],[146874.49,170762.44],[146902.573,170788.238],[146906.708,170783.775],[146911.5,170778.338],[146917.862,170785.016],[146933.98,170766.96],[146936.54,170769.22],[146939.51,170765.86],[146936.99,170763.64],[146943.11,170756.88],[146966.01,170777.73],[146980.01,170790.48],[146973.164,170798.068],[146932.34,170842.785],[146918.46,170830.24],[146917.29,170831.53],[146916.98,170831.49],[146911.39,170837.66],[146853.51,170784.88]]]},"geometry_name":"GEOM","properties":{"INSPIRE_ID":"https://databrussels.be/id/building/1636082","BLOCK_ID":"https://databrussels.be/id/block/25804","AREA":5394},"bbox":[146853.51,170756.88,146980.01,170842.785]},{"type":"Feature","id":"Buildings.fid--578fcb21_1a0246d9149_55e2","geometry":{"type":"Polygon","coordinates":[[[146853.51,170784.88],[146911.38999977,170837.66000049],[146888.35153661,170862.3732191],[146883.60664571,170867.80962156],[146872.46571446,170879.69232264],[146856.598,170896.722],[146800.598,170845.578],[146800.42,170843.27],[146827.74,170813.35],[146853.51,170784.88]]]},"geometry_name":"GEOM","properties":{"INSPIRE_ID":"https://databrussels.be/id/building/1636084","BLOCK_ID":"https://databrussels.be/id/block/25804","AREA":6272},"bbox":[146800.42,170784.88,146911.38999977,170896.722]},{"type":"Feature","id":"Buildings.fid--578fcb21_1a0246d9149_5594","geometry":{"type":"Polygon","coordinates":[[[146841.67000054,170937.77999992],[146842.41999982,170931.16999991],[146845.04,170932.39],[146848.32,170933.92],[146847.77999966,170938.4200001],[146841.67000054,170937.77999992]]]},"geometry_name":"GEOM","properties":{"INSPIRE_ID":"https://databrussels.be/id/building/1636087","BLOCK_ID":"https://databrussels.be/id/block/28233","AREA":34},"bbox":[146841.67000054,170931.16999991,146848.32,170938.4200001]},{"type":"Feature","id":"Buildings.fid--578fcb21_1a0246d9149_566c","geometry":{"type":"Polygon","coordinates":[[[146942.21554989,170589.78358466],[146952.29000058,170579.14999964],[146974.03300057,170598.93099982],[146981.42999977,170605.65999985],[146978.77,170608.37],[146980.63,170610.53],[146980.87,170610.27],[146987.09,170616.15],[146979.48,170624.49],[146971.82029969,170617.08443868],[146956.53698828,170603.20631062],[146942.21554989,170589.78358466]],[[146973.55,170613.25],[146975.67,170615.31],[146977.44,170613.48],[146975.32,170611.42],[146973.55,170613.25]]]},"geometry_name":"GEOM","properties":{"INSPIRE_ID":"https://databrussels.be/id/building/1636238","BLOCK_ID":"https://databrussels.be/id/block/29983","AREA":705},"bbox":[146942.21554989,170579.14999964,146987.09,170624.49]},{"type":"Feature","id":"Buildings.fid--578fcb21_1a0246d9149_5614","geometry":{"type":"Polygon","coordinates":[[[146936.89999987,170935.2100002],[146937.90999993,170926.61000041],[146938.57000323,170921.42999937],[146939.36,170915.17],[146940.8,170903.88],[146941.07,170901.76],[146942.17,170891.78],[146947.18377344,170892.36085205],[146957.54306758,170893.65132948],[146951.52212651,170939.67685202],[146951.06,170944.14],[146942.75000005,170943.06999996],[146943.23850981,170938.50110106],[146943.46999995,170935.88],[146936.89999987,170935.2100002]]]},"geometry_name":"GEOM","properties":{"INSPIRE_ID":"https://databrussels.be/id/building/1636240","BLOCK_ID":"https://databrussels.be/id/block/25804","AREA":727},"bbox":[146936.89999987,170891.78,146957.54306758,170944.14]},{"type":"Feature","id":"Buildings.fid--578fcb21_1a0246d9149_55b3","geometry":{"type":"Polygon","coordinates":[[[146794.51999877,170916.93000063],[146795.06845972,170912.58431538],[146795.48000044,170909.33999998],[146800.11999996,170911.62999951],[146798.64000075,170923.15999963],[146793.7700001,170922.69999952],[146794.51999877,170916.93000063]]]},"geometry_name":"GEOM","properties":{"INSPIRE_ID":"https://databrussels.be/id/building/1636249","BLOCK_ID":"https://databrussels.be/id/block/28233","AREA":61},"bbox":[146793.7700001,170909.33999998,146800.11999996,170923.15999963]},{"type":"Feature","id":"Buildings.fid--578fcb21_1a0246d9149_5556","geometry":{"type":"Polygon","coordinates":[[[146868.34002404,170953.49012655],[146873.58003915,170954.16000481],[146874.76871671,170944.931238],[146869.33494622,170944.63598804],[146868.34002404,170953.49012655]]]},"geometry_name":"GEOM","properties":{"INSPIRE_ID":"https://databrussels.be/id/building/1636250","BLOCK_ID":"https://databrussels.be/id/block/28233","AREA":49},"bbox":[146868.34002404,170944.63598804,146874.76871671,170954.16000481]},{"type":"Feature","id":"Buildings.fid--578fcb21_1a0246d9149_5640","geometry":{"type":"Polygon","coordinates":[[[146508.72,170758.96],[146511.90020148,170755.9457115],[146515.23516066,170751.81103272],[146537.61799977,170726.173],[146546.1399998,170716.48999995],[146558.00999964,170752.31000047],[146555.86000011,170754.77000006],[146547.9779274,170747.51478515],[146532.34999951,170765.58000031],[146523.69,170774.95],[146509.41,170762.36],[146509.35,170762.07],[146508.72,170758.96]]]},"geometry_name":"GEOM","properties":{"INSPIRE_ID":"https://databrussels.be/id/building/1636316","BLOCK_ID":"https://databrussels.be/id/block/30802","AREA":1207},"bbox":[146508.72,170716.48999995,146558.00999964,170774.95]},{"type":"Feature","id":"Buildings.fid--578fcb21_1a0246d9149_55e5","geometry":{"type":"Polygon","coordinates":[[[146931.02,170855.25],[146930.693,170855.61],[146929.617,170856.794],[146906.057,170882.715],[146911.022,170887.415],[146895.491,170904.708],[146897.187,170906.418],[146897.532,170905.989],[146899.637,170907.9],[146895.786,170912.341],[146893.667,170910.428],[146883.86,170921.62],[146873.304,170911.98],[146883.021,170901.33],[146887.03,170896.93],[146884.89,170894.99],[146884.18,170894.35],[146895.19,170882.27],[146893.66,170880.87],[146893.11,170880.37],[146893.79,170878.91],[146894.06,170878.34],[146884.66,170888.17],[146882.07,170885.8],[146880.57,170887.45],[146879.51,170886.47],[146890.586,170874.226],[146909.607,170853.245],[146915.008,170847.072],[146915.243,170846.798],[146918.24,170843.3],[146931.02,170855.25]]]},"geometry_name":"GEOM","properties":{"INSPIRE_ID":"https://databrussels.be/id/building/1636320","BLOCK_ID":"https://databrussels.be/id/block/25804","AREA":1423},"bbox":[146873.304,170843.3,146931.02,170921.62]},{"type":"Feature","id":"Buildings.fid--578fcb21_1a0246d9149_5659","geometry":{"type":"Polygon","coordinates":[[[146896.25,170578.21],[146911.91,170596.81],[146924.917,170608.534],[146929.087,170603.788],[146914.588,170586.107],[146914.05,170585.45],[146909.39878908,170579.92765119],[146903.08222959,170572.42824139],[146896.25,170578.21]]]},"geometry_name":"GEOM","properties":{"INSPIRE_ID":"https://databrussels.be/id/building/1636406","BLOCK_ID":"https://databrussels.be/id/block/29983","AREA":345},"bbox":[146896.25,170572.42824139,146929.087,170608.534]},{"type":"Feature","id":"Buildings.fid--578fcb21_1a0246d9149_562c","geometry":{"type":"Polygon","coordinates":[[[146803.61,170699.97],[146799.35,170696.71],[146798.1,170695.63],[146799.66,170693.824],[146800.844,170694.847],[146805.03,170689.63],[146800.92,170685.74],[146801.92,170684.5],[146804.44,170682.27],[146808.551,170686.011],[146812.1,170689.24],[146816.42,170693.16],[146826.58,170702.25],[146818.6,170711.41],[146803.61,170699.97]]]},"geometry_name":"GEOM","properties":{"INSPIRE_ID":"https://databrussels.be/id/building/1636408","BLOCK_ID":"https://databrussels.be/id/block/25210","AREA":352},"bbox":[146798.1,170682.27,146826.58,170711.41]},{"type":"Feature","id":"Buildings.fid--578fcb21_1a0246d9149_55f4","geometry":{"type":"Polygon","coordinates":[[[146806.65047302,170914.77780606],[146811.35755489,170909.62604857],[146816.19182292,170913.75087912],[146815.56357612,170914.42453073],[146818.51096669,170916.63184788],[146816.2901367,170918.98432387],[146815.76,170918.74],[146807.62999963,170915.26000046],[146806.65047302,170914.77780606]]]},"geometry_name":"GEOM","properties":{"INSPIRE_ID":"https://databrussels.be/id/building/1636439","BLOCK_ID":"https://databrussels.be/id/block/28233","AREA":52},"bbox":[146806.65047302,170909.62604857,146818.51096669,170918.98432387]},{"type":"Feature","id":"Buildings.fid--578fcb21_1a0246d9149_55b5","geometry":{"type":"Polygon","coordinates":[[[146795.98,170943.9],[146797.35000348,170933.22999973],[146801.4,170933.68],[146801.72,170930.72],[146797.73,170930.279],[146797.91999986,170928.7799995],[146798.64000075,170923.15999963],[146800.11999996,170911.62999951],[146806.65047302,170914.77780606],[146807.62999963,170915.26000046],[146805.98,170930.16],[146805.36,170934.97999969],[146803.71,170944.98],[146795.98,170943.9]]]},"geometry_name":"GEOM","properties":{"INSPIRE_ID":"https://databrussels.be/id/building/1636473","BLOCK_ID":"https://databrussels.be/id/block/28233","AREA":239},"bbox":[146795.98,170911.62999951,146807.62999963,170944.98]},{"type":"Feature","id":"Buildings.fid--578fcb21_1a0246d9149_55c5","geometry":{"type":"Polygon","coordinates":[[[146503.65,170849.14],[146509.42,170849.89],[146506.91,170869.13],[146508.36,170869.31],[146507.82,170873.57],[146507.946,170873.59],[146508.36,170873.66],[146508.53,170873.81],[146508.7,170873.97],[146508.9,170874.15],[146509.1,170874.33],[146509.29,170874.51],[146509.57,170874.76],[146509.58,170874.87],[146509.6,170875.1],[146509.61,170875.25],[146509.62,170875.39],[146509.63,170875.54],[146508.82,170882.01],[146507.744,170881.879],[146502.481,170881.241],[146499.34,170880.86],[146501.097,170868.453],[146503.65,170849.14]]]},"geometry_name":"GEOM","properties":{"INSPIRE_ID":"https://databrussels.be/id/building/1636474","BLOCK_ID":"https://databrussels.be/id/block/30913","AREA":222},"bbox":[146499.34,170849.14,146509.63,170882.01]},{"type":"Feature","id":"Buildings.fid--578fcb21_1a0246d9149_55b1","geometry":{"type":"Polygon","coordinates":[[[146738.409,170911.348],[146742.458,170906.892],[146749.65,170913.46],[146747.54,170915.83],[146753.36,170921],[146750.15000027,170922.10000011],[146745.71,170917.98],[146738.409,170911.348]]]},"geometry_name":"GEOM","properties":{"INSPIRE_ID":"https://databrussels.be/id/building/1636483","BLOCK_ID":"https://databrussels.be/id/block/28233","AREA":79},"bbox":[146738.409,170906.892,146753.36,170922.10000011]},{"type":"Feature","id":"Buildings.fid--578fcb21_1a0246d9149_5599","geometry":{"type":"Polygon","coordinates":[[[146852.35,170951.42],[146854.36000035,170936.73000032],[146857.88,170938.37],[146859.38,170939.07],[146859.4799997,170939.11999995],[146857.79,170952.13],[146852.35,170951.42]]]},"geometry_name":"GEOM","properties":{"INSPIRE_ID":"https://databrussels.be/id/building/1636502","BLOCK_ID":"https://databrussels.be/id/block/28233","AREA":76},"bbox":[146852.35,170936.73000032,146859.4799997,170952.13]},{"type":"Feature","id":"Buildings.fid--578fcb21_1a0246d9149_55e4","geometry":{"type":"Polygon","coordinates":[[[146912.59289722,170893.8840508],[146939.45254244,170863.96373636],[146940.42062502,170862.88534031],[146943.72,170859.21],[146960.38,170840.72],[146964.48,170844.55],[146967.01999967,170846.93000001],[146968.22867071,170847.96524805],[146942.34642536,170876.03718758],[146919.88605199,170900.35002548],[146912.59289722,170893.8840508]]]},"geometry_name":"GEOM","properties":{"INSPIRE_ID":"https://databrussels.be/id/building/1637447","BLOCK_ID":"https://databrussels.be/id/block/25804","AREA":730},"bbox":[146912.59289722,170840.72,146968.22867071,170900.35002548]},{"type":"Feature","id":"Buildings.fid--578fcb21_1a0246d9149_55e3","geometry":{"type":"Polygon","coordinates":[[[146915.243,170846.798],[146915.008,170847.072],[146909.607,170853.245],[146890.586,170874.226],[146879.51,170886.47],[146874.24,170892.24],[146871.52,170894.65],[146869.98,170893.25],[146868.93,170894.8],[146870.268,170896.008],[146863.721,170903.228],[146856.598,170896.722],[146872.466,170879.692],[146883.607,170867.81],[146888.352,170862.373],[146911.39,170837.66],[146916.67,170841.86],[146916.22,170842.34],[146913.55,170845.2],[146915.11,170846.67],[146915.243,170846.798]]]},"geometry_name":"GEOM","properties":{"INSPIRE_ID":"https://databrussels.be/id/building/1637448","BLOCK_ID":"https://databrussels.be/id/block/25804","AREA":755},"bbox":[146856.598,170837.66,146916.67,170903.228]},{"type":"Feature","id":"Buildings.fid--578fcb21_1a0246d9149_5612","geometry":{"type":"Polygon","coordinates":[[[146775.57999995,170870.34000043],[146779.4,170866.11],[146784.53013147,170870.69374719],[146786.78689856,170872.71015772],[146788.2679998,170874.16200009],[146792.81999975,170878.49000033],[146789.25999969,170882.52000034],[146784.50325377,170878.14774773],[146775.57999995,170870.34000043]]]},"geometry_name":"GEOM","properties":{"INSPIRE_ID":"https://databrussels.be/id/building/1637541","BLOCK_ID":"https://databrussels.be/id/block/28233","AREA":102},"bbox":[146775.57999995,170866.11,146792.81999975,170882.52000034]},{"type":"Feature","id":"Buildings.fid--578fcb21_1a0246d9149_5571","geometry":{"type":"Polygon","coordinates":[[[146503.03000022,170973.38999992],[146502.69000004,170972.95999967],[146507.6799997,170968.89000006],[146509.13999941,170970.75999983],[146518.62,170982.52],[146517.244,170983.634],[146517.464,170983.906],[146517.532,170984.144],[146517.506,170984.39],[146517.39,170984.609],[146515.098,170986.466],[146514.86,170986.533],[146514.613,170986.508],[146514.394,170986.392],[146514.174,170986.12],[146513.63,170986.56],[146503.03000022,170973.38999992]]]},"geometry_name":"GEOM","properties":{"INSPIRE_ID":"https://databrussels.be/id/building/1637545","BLOCK_ID":"https://databrussels.be/id/block/30906","AREA":115},"bbox":[146502.69000004,170968.89000006,146518.62,170986.56]},{"type":"Feature","id":"Buildings.fid--578fcb21_1a0246d9149_5682","geometry":{"type":"Polygon","coordinates":[[[146831.52100043,170591.24200002],[146836.42,170585.84],[146837.81800013,170584.29800035],[146846.239699,170594.142739],[146838.965837,170600.23624],[146831.52100043,170591.24200002]]]},"geometry_name":"GEOM","properties":{"INSPIRE_ID":"https://databrussels.be/id/building/1637546","BLOCK_ID":"https://databrussels.be/id/block/27703","AREA":116},"bbox":[146831.52100043,170584.29800035,146846.239699,170600.23624]},{"type":"Feature","id":"Buildings.fid--578fcb21_1a0246d9149_558b","geometry":{"type":"Polygon","coordinates":[[[146894.33,170931.45],[146904.52626377,170920.3157724],[146905.09000017,170920.79999974],[146910.05999105,170925.74001094],[146900.18000001,170936.74999957],[146894.33,170931.45]]]},"geometry_name":"GEOM","properties":{"INSPIRE_ID":"https://databrussels.be/id/building/1637549","BLOCK_ID":"https://databrussels.be/id/block/25804","AREA":117},"bbox":[146894.33,170920.3157724,146910.05999105,170936.74999957]},{"type":"Feature","id":"Buildings.fid--578fcb21_1a0246d9149_5656","geometry":{"type":"Polygon","coordinates":[[[146889.69,170685.12],[146900.14,170673.74],[146903.1558,170676.4679],[146905.9103,170673.8489],[146908.0636,170675.8749],[146901.2324,170682.886],[146894.89,170689.97],[146889.69,170685.12]]]},"geometry_name":"GEOM","properties":{"INSPIRE_ID":"https://databrussels.be/id/building/1637552","BLOCK_ID":"https://databrussels.be/id/block/29983","AREA":121},"bbox":[146889.69,170673.74,146908.0636,170689.97]},{"type":"Feature","id":"Buildings.fid--578fcb21_1a0246d9149_5604","geometry":{"type":"Polygon","coordinates":[[[146773.567,170821.184],[146769.115,170817.142],[146777.96595113,170806.85534864],[146779.90785778,170804.75306561],[146782.14840801,170807.00982402],[146780.60368297,170808.74601271],[146783.06,170811.05],[146773.567,170821.184]]]},"geometry_name":"GEOM","properties":{"INSPIRE_ID":"https://databrussels.be/id/building/1637553","BLOCK_ID":"https://databrussels.be/id/block/25210","AREA":96},"bbox":[146769.115,170804.75306561,146783.06,170821.184]},{"type":"Feature","id":"Buildings.fid--578fcb21_1a0246d9149_5598","geometry":{"type":"Polygon","coordinates":[[[146927.83,170946.5],[146929.45,170947.92],[146932.831,170944.24],[146931.22,170942.76],[146936.68,170936.71],[146936.247,170940.578],[146935.45,170947.24],[146935.34,170947.37],[146930.41,170952.73],[146924.68,170958.99],[146919.93,170954.68],[146927.83,170946.5]]]},"geometry_name":"GEOM","properties":{"INSPIRE_ID":"https://databrussels.be/id/building/1637556","BLOCK_ID":"https://databrussels.be/id/block/25804","AREA":115},"bbox":[146919.93,170936.71,146936.68,170958.99]},{"type":"Feature","id":"Buildings.fid--578fcb21_1a0246d9149_5646","geometry":{"type":"Polygon","coordinates":[[[146493.34000025,170790.96000045],[146502.26999982,170780.74999954],[146506.48,170775.94],[146511.95,170780.72],[146508.63,170784.5],[146502.21,170792.01],[146498.62,170788.93],[146495.19,170792.92],[146493.34000025,170790.96000045]]]},"geometry_name":"GEOM","properties":{"INSPIRE_ID":"https://databrussels.be/id/building/1637559","BLOCK_ID":"https://databrussels.be/id/block/30913","AREA":123},"bbox":[146493.34000025,170775.94,146511.95,170792.92]},{"type":"Feature","id":"Buildings.fid--578fcb21_1a0246d9149_563d","geometry":{"type":"Polygon","coordinates":[[[146674.625,170830.236],[146668.079,170810.976],[146663.13,170797.336],[146692.302,170648.531],[146697.613,170649.395],[146697.263,170644.869],[146699.545,170644.139],[146705.188,170642.027],[146707.438,170648.867],[146722.11,170691.767],[146725.954,170702.401],[146738.211,170708.728],[146730.821,170722.852],[146718.926,170720.464],[146703.105,170801.525],[146706.985,170802.343],[146703.945,170823.242],[146703.908,170838.426],[146702.529,170838.398],[146702.477,170839.419],[146702.025,170840.932],[146700.849,170842.166],[146699.631,170842.932],[146697.944,170843.267],[146695.986,170842.897],[146694.43,170841.691],[146693.417,170839.883],[146693.201,170838.212],[146692.222,170838.284],[146692.258,170830.728],[146691.138,170830.657],[146680.832,170828.505],[146674.625,170830.236]]]},"geometry_name":"GEOM","properties":{"INSPIRE_ID":"https://databrussels.be/id/building/1637596","BLOCK_ID":"https://databrussels.be/id/block/31078","AREA":7062},"bbox":[146663.13,170642.027,146738.211,170843.267]},{"type":"Feature","id":"Buildings.fid--578fcb21_1a0246d9149_55b9","geometry":{"type":"Polygon","coordinates":[[[146748.361,170937.613],[146750.15,170922.1],[146753.36,170921],[146756.81,170919.82],[146756.608,170921.374],[146754.387,170938.413],[146748.361,170937.613]]]},"geometry_name":"GEOM","properties":{"INSPIRE_ID":"https://databrussels.be/id/building/1637604","BLOCK_ID":"https://databrussels.be/id/block/28233","AREA":107},"bbox":[146748.361,170919.82,146756.81,170938.413]},{"type":"Feature","id":"Buildings.fid--578fcb21_1a0246d9149_55da","geometry":{"type":"Polygon","coordinates":[[[146919.427,170735.458],[146924.573,170740.089],[146916.0363,170749.2014],[146912.34,170752.75],[146909.85,170750.43],[146910.27,170749.98],[146907.64,170747.52],[146911.34484645,170743.55906453],[146913.9,170740.83],[146919.427,170735.458]]]},"geometry_name":"GEOM","properties":{"INSPIRE_ID":"https://databrussels.be/id/building/1637607","BLOCK_ID":"https://databrussels.be/id/block/25804","AREA":123},"bbox":[146907.64,170735.458,146924.573,170752.75]},{"type":"Feature","id":"Buildings.fid--578fcb21_1a0246d9149_55ef","geometry":{"type":"Polygon","coordinates":[[[146880.214,170904.405],[146879.9473,170904.6974],[146876.574,170908.395],[146876.5525,170908.4186],[146873.304,170911.98],[146869.04,170908.085],[146872.26,170904.493],[146875.671,170900.69],[146878.595,170897.429],[146882.948,170901.4099],[146880.214,170904.405]]]},"geometry_name":"GEOM","properties":{"INSPIRE_ID":"https://databrussels.be/id/building/1637654","BLOCK_ID":"https://databrussels.be/id/block/25804","AREA":84},"bbox":[146869.04,170897.429,146882.948,170911.98]},{"type":"Feature","id":"Buildings.fid--578fcb21_1a0246d9149_55b8","geometry":{"type":"Polygon","coordinates":[[[146760.29,170918.555],[146763.25,170917.48],[146762.905,170919.671],[146762.341,170923.322],[146760.298,170939.211],[146754.387,170938.413],[146756.608,170921.374],[146759.841,170921.818],[146760.29,170918.555]]]},"geometry_name":"GEOM","properties":{"INSPIRE_ID":"https://databrussels.be/id/building/1637661","BLOCK_ID":"https://databrussels.be/id/block/28233","AREA":113},"bbox":[146754.387,170917.48,146763.25,170939.211]},{"type":"Feature","id":"Buildings.fid--578fcb21_1a0246d9149_5591","geometry":{"type":"Polygon","coordinates":[[[146905.41,170941.5],[146917.04,170928.66],[146919.66,170931.03],[146922.45,170927.79],[146924.29,170929.7],[146920.231,170934.042],[146920.63,170934.35],[146919.638,170935.518],[146918.26,170937.14],[146910,170945.66],[146905.41,170941.5]]]},"geometry_name":"GEOM","properties":{"INSPIRE_ID":"https://databrussels.be/id/building/1637662","BLOCK_ID":"https://databrussels.be/id/block/25804","AREA":121},"bbox":[146905.41,170927.79,146924.29,170945.66]},{"type":"Feature","id":"Buildings.fid--578fcb21_1a0246d9149_559c","geometry":{"type":"Polygon","coordinates":[[[146857.79,170952.13],[146859.4799997,170939.11999995],[146862.052,170940.317],[146864.62999969,170941.61999976],[146863.01,170952.8],[146858.03,170952.16],[146857.79,170952.13]]]},"geometry_name":"GEOM","properties":{"INSPIRE_ID":"https://databrussels.be/id/building/1638320","BLOCK_ID":"https://databrussels.be/id/block/28233","AREA":65},"bbox":[146857.79,170939.11999995,146864.62999969,170952.8]},{"type":"Feature","id":"Buildings.fid--578fcb21_1a0246d9149_5613","geometry":{"type":"Polygon","coordinates":[[[146748.64,170876.08],[146739.11177469,170867.23340517],[146737.51603033,170869.01151647],[146737.96757714,170869.42962092],[146736.13394595,170871.46758038],[146738.19485515,170873.13450634],[146745.40999956,170879.81000002],[146748.64,170876.08]]]},"geometry_name":"GEOM","properties":{"INSPIRE_ID":"https://databrussels.be/id/building/1638322","BLOCK_ID":"https://databrussels.be/id/block/25209","AREA":63},"bbox":[146736.13394595,170867.23340517,146748.64,170879.81000002]},{"type":"Feature","id":"Buildings.fid--578fcb21_1a0246d9149_55a3","geometry":{"type":"Polygon","coordinates":[[[146730.99,170869.58],[146731.44000034,170867.11999964],[146736.1254033,170871.46067083],[146738.19485515,170873.13450634],[146745.40999975,170879.8100002],[146741.37099999,170884.45800047],[146733.88565847,170877.87999617],[146732.25999979,170876.25999992],[146735.01,170873.16],[146730.99,170869.58]]]},"geometry_name":"GEOM","properties":{"INSPIRE_ID":"https://databrussels.be/id/building/1638324","BLOCK_ID":"https://databrussels.be/id/block/25209","AREA":89},"bbox":[146730.99,170867.11999964,146745.40999975,170884.45800047]},{"type":"Feature","id":"Buildings.fid--578fcb21_1a0246d9149_560f","geometry":{"type":"Polygon","coordinates":[[[146779.4,170866.11],[146787.371,170857.739],[146790.06,170857.66],[146793.28,170860.67],[146786.88797811,170867.92005203],[146784.53013147,170870.69374719],[146779.4,170866.11]]]},"geometry_name":"GEOM","properties":{"INSPIRE_ID":"https://databrussels.be/id/building/1638555","BLOCK_ID":"https://databrussels.be/id/block/28233","AREA":86},"bbox":[146779.4,170857.66,146793.28,170870.69374719]},{"type":"Feature","id":"Buildings.fid--578fcb21_1a0246d9149_5596","geometry":{"type":"Polygon","coordinates":[[[146817.56,170935.537],[146817.89,170933.291],[146821.2,170933.74],[146820.755,170937.168],[146819.16,170947.14],[146811.82,170946.11],[146813.35,170936.1],[146815.612,170936.43],[146815.757,170935.304],[146817.56,170935.537]]]},"geometry_name":"GEOM","properties":{"INSPIRE_ID":"https://databrussels.be/id/building/1638561","BLOCK_ID":"https://databrussels.be/id/block/28233","AREA":89},"bbox":[146811.82,170933.291,146821.2,170947.14]},{"type":"Feature","id":"Buildings.fid--578fcb21_1a0246d9149_560c","geometry":{"type":"Polygon","coordinates":[[[146748.63988779,170876.0799891],[146754.2599286,170869.59012537],[146748.81494146,170864.26100847],[146756.13092267,170856.38002201],[146761.84800908,170861.68910592],[146764.93,170858.48],[146759.6615,170853.7848],[146752.69879051,170847.57968498],[146748.02,170843.41],[146745.08,170846.71],[146732.4097,170860.8218],[146732.72,170861.29],[146734.94,170863.36],[146739.11177469,170867.23340517],[146748.63988779,170876.0799891]]]},"geometry_name":"GEOM","properties":{"INSPIRE_ID":"https://databrussels.be/id/building/1638699","BLOCK_ID":"https://databrussels.be/id/block/25209","AREA":446},"bbox":[146732.4097,170843.41,146764.93,170876.0799891]},{"type":"Feature","id":"Buildings.fid--578fcb21_1a0246d9149_55f6","geometry":{"type":"Polygon","coordinates":[[[146761.02,170748.56],[146764.04,170741.58],[146763.69,170741.44],[146765.81,170736.57],[146766.73000015,170737.01000039],[146768.65,170737.93],[146795.23524567,170750.68910828],[146797.89999993,170751.97],[146791.84999975,170758.7200002],[146779.6088652,170751.68938015],[146777.91846514,170755.22957599],[146761.02,170748.56]]]},"geometry_name":"GEOM","properties":{"INSPIRE_ID":"https://databrussels.be/id/building/1638700","BLOCK_ID":"https://databrussels.be/id/block/25210","AREA":353},"bbox":[146761.02,170736.57,146797.89999993,170758.7200002]},{"type":"Feature","id":"Buildings.fid--578fcb21_1a0246d9149_55f7","geometry":{"type":"Polygon","coordinates":[[[146742.11,170746.265],[146744.17445062,170741.8817644],[146761.02,170748.56],[146777.91846514,170755.22957599],[146779.6088652,170751.68938015],[146791.84999975,170758.7200002],[146793.834,170759.837],[146788.6845612,170765.69147351],[146786.76386767,170764.05703042],[146780.89999968,170769.85999959],[146775.64000017,170764.96999952],[146774.36999962,170763.43999988],[146776.83897226,170760.29990758],[146742.11,170746.265]]]},"geometry_name":"GEOM","properties":{"INSPIRE_ID":"https://databrussels.be/id/building/1638702","BLOCK_ID":"https://databrussels.be/id/block/25210","AREA":361},"bbox":[146742.11,170741.8817644,146793.834,170769.85999959]},{"type":"Feature","id":"Buildings.fid--578fcb21_1a0246d9149_55dc","geometry":{"type":"Polygon","coordinates":[[[146883.6000004,170752.60999973],[146891.71,170743.86],[146907.45000018,170758.25000011],[146907.27,170758.35],[146911.52,170762.33],[146911.30999983,170762.56000017],[146908.74000004,170765.45999975],[146912.82000004,170769.09000004],[146907.51000002,170774.66000025],[146883.6000004,170752.60999973]]]},"geometry_name":"GEOM","properties":{"INSPIRE_ID":"https://databrussels.be/id/building/1638703","BLOCK_ID":"https://databrussels.be/id/block/25804","AREA":366},"bbox":[146883.6000004,170743.86,146912.82000004,170774.66000025]},{"type":"Feature","id":"Buildings.fid--578fcb21_1a0246d9149_55ae","geometry":{"type":"Polygon","coordinates":[[[146792.68000103,170908.03999887],[146797.63000109,170902.88999953],[146802.42000877,170907.13999493],[146801.79998721,170907.83000725],[146802.57,170908.57],[146800.11999996,170911.62999951],[146795.48000044,170909.33999998],[146792.68000103,170908.03999887]]]},"geometry_name":"GEOM","properties":{"INSPIRE_ID":"https://databrussels.be/id/building/1638724","BLOCK_ID":"https://databrussels.be/id/block/28233","AREA":45},"bbox":[146792.68000103,170902.88999953,146802.57,170911.62999951]},{"type":"Feature","id":"Buildings.fid--578fcb21_1a0246d9149_5584","geometry":{"type":"Polygon","coordinates":[[[146818.06,170919.8],[146823.25,170914.03],[146827.79,170918.12],[146828.05,170918.35],[146823.89,170922.98],[146822.67796251,170922.33541432],[146818.06,170919.8]]]},"geometry_name":"GEOM","properties":{"INSPIRE_ID":"https://databrussels.be/id/building/1638726","BLOCK_ID":"https://databrussels.be/id/block/28233","AREA":45},"bbox":[146818.06,170914.03,146828.05,170922.98]},{"type":"Feature","id":"Buildings.fid--578fcb21_1a0246d9149_55b2","geometry":{"type":"Polygon","coordinates":[[[146789.42,170913.01],[146789.645,170911.913],[146790.46,170907.01],[146790.83,170907.182],[146792.68,170908.04],[146795.48,170909.34],[146795.068,170912.584],[146794.52,170916.93],[146789.14,170915.98],[146789.279,170914.504],[146789.42,170913.01]]]},"geometry_name":"GEOM","properties":{"INSPIRE_ID":"https://databrussels.be/id/building/1638729","BLOCK_ID":"https://databrussels.be/id/block/28233","AREA":46},"bbox":[146789.14,170907.01,146795.48,170916.93]},{"type":"Feature","id":"Buildings.fid--578fcb21_1a0246d9149_558c","geometry":{"type":"Polygon","coordinates":[[[146854.7,170929.06],[146860.84,170922.33],[146864.54,170925.7],[146858.45,170932.43],[146854.81,170929.16],[146854.7,170929.06]]]},"geometry_name":"GEOM","properties":{"INSPIRE_ID":"https://databrussels.be/id/building/1638730","BLOCK_ID":"https://databrussels.be/id/block/28233","AREA":46},"bbox":[146854.7,170922.33,146864.54,170932.43]},{"type":"Feature","id":"Buildings.fid--578fcb21_1a0246d9149_55e7","geometry":{"type":"Polygon","coordinates":[[[146908.40000001,170917.07000025],[146921.75505209,170902.00704604],[146944.37000044,170876.49999977],[146942.17,170891.78],[146913.77140381,170921.814767],[146908.40000001,170917.07000025]]]},"geometry_name":"GEOM","properties":{"INSPIRE_ID":"https://databrussels.be/id/building/1638738","BLOCK_ID":"https://databrussels.be/id/block/25804","AREA":378},"bbox":[146908.40000001,170876.49999977,146944.37000044,170921.814767]},{"type":"Feature","id":"Buildings.fid--578fcb21_1a0246d9149_5648","geometry":{"type":"Polygon","coordinates":[[[146498.76,170812.35],[146516.61,170791.48],[146520,170787.66],[146525.91,170792.88],[146529.2,170795.75],[146522.89,170802.94],[146512.49,170814.76],[146509.28,170818.42],[146507.764,170817.115],[146503.14,170816.48],[146498.76,170812.35]]]},"geometry_name":"GEOM","properties":{"INSPIRE_ID":"https://databrussels.be/id/building/1638739","BLOCK_ID":"https://databrussels.be/id/block/30913","AREA":386},"bbox":[146498.76,170787.66,146529.2,170818.42]},{"type":"Feature","id":"Buildings.fid--578fcb21_1a0246d9149_5602","geometry":{"type":"Polygon","coordinates":[[[146777.89,170825.18],[146784.425,170817.993],[146786.673,170820.213],[146794.51,170811.701],[146791.823,170809.153],[146792.366,170808.53],[146795.008,170805.5],[146795.532,170805.939],[146800.645,170800.788],[146809.86,170809.31],[146788.818,170832.31],[146785.827,170832.324],[146777.89,170825.18]]]},"geometry_name":"GEOM","properties":{"INSPIRE_ID":"https://databrussels.be/id/building/1638742","BLOCK_ID":"https://databrussels.be/id/block/25210","AREA":392},"bbox":[146777.89,170800.788,146809.86,170832.324]},{"type":"Feature","id":"Buildings.fid--578fcb21_1a0246d9149_559f","geometry":{"type":"Polygon","coordinates":[[[146840.14,170949.85],[146841.51999977,170940.61999988],[146846.25000035,170941.20999983],[146847.14000058,170941.0400001],[146846,170950.6],[146840.14,170949.85]]]},"geometry_name":"GEOM","properties":{"INSPIRE_ID":"https://databrussels.be/id/building/1638746","BLOCK_ID":"https://databrussels.be/id/block/28233","AREA":54},"bbox":[146840.14,170940.61999988,146847.14000058,170950.6]},{"type":"Feature","id":"Buildings.fid--578fcb21_1a0246d9149_55a8","geometry":{"type":"Polygon","coordinates":[[[146754.52,170893.24],[146758.35000035,170889.09999968],[146765.43,170895.41],[146761.58,170899.65],[146754.52,170893.24]]]},"geometry_name":"GEOM","properties":{"INSPIRE_ID":"https://databrussels.be/id/building/1638747","BLOCK_ID":"https://databrussels.be/id/block/28233","AREA":54},"bbox":[146754.52,170889.09999968,146765.43,170899.65]},{"type":"Feature","id":"Buildings.fid--578fcb21_1a0246d9149_5631","geometry":{"type":"Polygon","coordinates":[[[146800.55,170703.79],[146797.273,170701.16],[146797.886,170700.353],[146798.271,170700.645],[146798.541,170700.29],[146797.518,170699.513],[146797.738,170699.223],[146799.379,170700.469],[146800.01,170699.638],[146798.181,170698.249],[146799.35,170696.71],[146803.61,170699.97],[146800.55,170703.79]]]},"geometry_name":"GEOM","properties":{"INSPIRE_ID":"https://databrussels.be/id/building/1638764","BLOCK_ID":"https://databrussels.be/id/block/25210","AREA":21},"bbox":[146797.273,170696.71,146803.61,170703.79]},{"type":"Feature","id":"Buildings.fid--578fcb21_1a0246d9149_556c","geometry":{"type":"Polygon","coordinates":[[[146979.63997493,170995.54399031],[146979.30897508,170998.01296308],[146980.90201121,170998.22607412],[146980.96505357,170997.75196021],[146982.54991152,170985.89011131],[146976.9898883,170985.17007108],[146975.67498506,170995.01406063],[146979.63997493,170995.54399031]]]},"geometry_name":"GEOM","properties":{"INSPIRE_ID":"https://databrussels.be/id/building/1638773","BLOCK_ID":"https://databrussels.be/id/block/26375","AREA":60},"bbox":[146975.67498506,170985.17007108,146982.54991152,170998.22607412]},{"type":"Feature","id":"Buildings.fid--578fcb21_1a0246d9149_5606","geometry":{"type":"Polygon","coordinates":[[[146777.89,170825.18],[146773.567,170821.184],[146783.06,170811.05],[146787.21657863,170814.95278828],[146784.425,170817.993],[146777.89,170825.18]]]},"geometry_name":"GEOM","properties":{"INSPIRE_ID":"https://databrussels.be/id/building/1638774","BLOCK_ID":"https://databrussels.be/id/block/25210","AREA":80},"bbox":[146773.567,170811.05,146787.21657863,170825.18]},{"type":"Feature","id":"Buildings.fid--578fcb21_1a0246d9149_5624","geometry":{"type":"Polygon","coordinates":[[[146837.31,170661.27],[146827.258,170672.258],[146822.67,170667.67],[146823.72,170666.62],[146833.08,170656.577],[146837.31,170661.27]]]},"geometry_name":"GEOM","properties":{"INSPIRE_ID":"https://databrussels.be/id/building/1639459","BLOCK_ID":"https://databrussels.be/id/block/25210","AREA":96},"bbox":[146822.67,170656.577,146837.31,170672.258]},{"type":"Feature","id":"Buildings.fid--578fcb21_1a0246d9149_55ed","geometry":{"type":"Polygon","coordinates":[[[146869.04,170908.085],[146863.721,170903.228],[146870.268,170896.008],[146871.52,170894.65],[146874.24,170892.24],[146876.54,170894.35],[146879.17126514,170896.79225094],[146878.59502525,170897.4287542],[146869.04,170908.085]]]},"geometry_name":"GEOM","properties":{"INSPIRE_ID":"https://databrussels.be/id/building/1639465","BLOCK_ID":"https://databrussels.be/id/block/25804","AREA":108},"bbox":[146863.721,170892.24,146879.17126514,170908.085]},{"type":"Feature","id":"Buildings.fid--578fcb21_1a0246d9149_55cd","geometry":{"type":"Polygon","coordinates":[[[146572.188,170914.368],[146574.76000013,170892.87000001],[146578.81999984,170891.39999969],[146580.32682183,170892.76256829],[146580.1082231,170895.5342688],[146583.4999997,170895.72000013],[146598.684,170890.764],[146603.48,170904.606],[146595.02873,170907.393093],[146593.719,170917.317],[146572.174,170914.469],[146572.188,170914.368]]]},"geometry_name":"GEOM","properties":{"INSPIRE_ID":"https://databrussels.be/id/building/1639693","BLOCK_ID":"https://databrussels.be/id/block/30913","AREA":571},"bbox":[146572.174,170890.764,146603.48,170917.317]},{"type":"Feature","id":"Buildings.fid--578fcb21_1a0246d9149_55d6","geometry":{"type":"Polygon","coordinates":[[[146834.41999995,170733.7899998],[146846.3200006,170720.63000024],[146853.11999988,170726.76999954],[146852.59000061,170727.36000028],[146857.31000065,170731.62999996],[146870.313,170743.502],[146858.73,170756.16],[146847.32099989,170745.65800002],[146834.41999995,170733.7899998]]]},"geometry_name":"GEOM","properties":{"INSPIRE_ID":"https://databrussels.be/id/building/1639694","BLOCK_ID":"https://databrussels.be/id/block/25210","AREA":572},"bbox":[146834.41999995,170720.63000024,146870.313,170756.16]},{"type":"Feature","id":"Buildings.fid--578fcb21_1a0246d9149_5592","geometry":{"type":"Polygon","coordinates":[[[146834.72000297,170935.15999829],[146835.70000011,170928.01999973],[146836.12999989,170928.21999954],[146840.54,170930.3],[146842.41999982,170931.16999991],[146841.67000054,170937.77999992],[146834.74000111,170936.90999974],[146834.56999879,170936.89000019],[146834.72000297,170935.15999829]]]},"geometry_name":"GEOM","properties":{"INSPIRE_ID":"https://databrussels.be/id/building/1639709","BLOCK_ID":"https://databrussels.be/id/block/28233","AREA":56},"bbox":[146834.56999879,170928.01999973,146842.41999982,170937.77999992]},{"type":"Feature","id":"Buildings.fid--578fcb21_1a0246d9149_55bb","geometry":{"type":"Polygon","coordinates":[[[146762.341,170923.322],[146770.875,170924.445],[146770.4,170927.571],[146771.22,170927.69],[146771.42,170928.06],[146769.724,170940.393],[146760.298,170939.211],[146762.341,170923.322]]]},"geometry_name":"GEOM","properties":{"INSPIRE_ID":"https://databrussels.be/id/building/1639725","BLOCK_ID":"https://databrussels.be/id/block/28233","AREA":150},"bbox":[146760.298,170923.322,146771.42,170940.393]},{"type":"Feature","id":"Buildings.fid--578fcb21_1a0246d9149_5597","geometry":{"type":"Polygon","coordinates":[[[146846,170950.6],[146847.14000058,170941.0400001],[146849.68000024,170941.34000019],[146849.98999989,170938.6899999],[146847.77999966,170938.4200001],[146848.32,170933.92],[146848.71,170934.1],[146849.6,170934.52],[146854.36000035,170936.73000032],[146852.35,170951.42],[146846,170950.6]]]},"geometry_name":"GEOM","properties":{"INSPIRE_ID":"https://databrussels.be/id/building/1639736","BLOCK_ID":"https://databrussels.be/id/block/28233","AREA":96},"bbox":[146846,170933.92,146854.36000035,170951.42]},{"type":"Feature","id":"Buildings.fid--578fcb21_1a0246d9149_55ce","geometry":{"type":"Polygon","coordinates":[[[146559.83,170912.73],[146562.33000017,170891.10999953],[146568.59000037,170891.88999955],[146565.978,170913.569],[146559.83,170912.73]]]},"geometry_name":"GEOM","properties":{"INSPIRE_ID":"https://databrussels.be/id/building/1639760","BLOCK_ID":"https://databrussels.be/id/block/30913","AREA":136},"bbox":[146559.83,170891.10999953,146568.59000037,170913.569]},{"type":"Feature","id":"Buildings.fid--578fcb21_1a0246d9149_55cf","geometry":{"type":"Polygon","coordinates":[[[146565.978,170913.569],[146568.59000037,170891.88999955],[146571.37999985,170892.23999991],[146574.56343042,170892.45655647],[146574.76000013,170892.87000001],[146572.188,170914.368],[146565.978,170913.569]]]},"geometry_name":"GEOM","properties":{"INSPIRE_ID":"https://databrussels.be/id/building/1639761","BLOCK_ID":"https://databrussels.be/id/block/30913","AREA":137},"bbox":[146565.978,170891.88999955,146574.76000013,170914.368]},{"type":"Feature","id":"Buildings.fid--578fcb21_1a0246d9149_55a6","geometry":{"type":"Polygon","coordinates":[[[146789.99298181,170899.20702558],[146799.17,170889.52],[146800.779,170887.545],[146803.554,170884.75],[146810.98,170876.82],[146806.2,170872.45],[146798.52,170881.127],[146797.462,170882.136],[146796.953,170882.643],[146795.63,170883.96],[146795.75,170884.06],[146798.7,170886.58],[146797.35,170888.25],[146797.09,170888.01],[146792.54,170893.04],[146789.61,170890.76],[146785.42005728,170895.16002128],[146789.99298181,170899.20702558]]]},"geometry_name":"GEOM","properties":{"INSPIRE_ID":"https://databrussels.be/id/building/1639763","BLOCK_ID":"https://databrussels.be/id/block/28233","AREA":157},"bbox":[146785.42005728,170872.45,146810.98,170899.20702558]},{"type":"Feature","id":"Buildings.fid--578fcb21_1a0246d9149_55df","geometry":{"type":"Polygon","coordinates":[[[146907.51000002,170774.66000025],[146912.82000004,170769.09000004],[146915.41000068,170766.16999999],[146926.86999999,170753.92000054],[146927.62999855,170753.12000129],[146933.86,170759.06],[146939.27,170753.38],[146943.11,170756.88],[146936.99,170763.64],[146933.97999773,170766.96000183],[146917.86243402,170785.01565917],[146911.49984585,170778.33759686],[146907.51000002,170774.66000025]]]},"geometry_name":"GEOM","properties":{"INSPIRE_ID":"https://databrussels.be/id/building/1640646","BLOCK_ID":"https://databrussels.be/id/block/25804","AREA":464},"bbox":[146907.51000002,170753.12000129,146943.11,170785.01565917]},{"type":"Feature","id":"Buildings.fid--578fcb21_1a0246d9149_55e1","geometry":{"type":"Polygon","coordinates":[[[146911.30999983,170762.56000017],[146912.7099998,170763.78999988],[146915.41000068,170766.16999999],[146912.82000004,170769.09000004],[146908.74000004,170765.45999975],[146911.30999983,170762.56000017]]]},"geometry_name":"GEOM","properties":{"INSPIRE_ID":"https://databrussels.be/id/building/1640834","BLOCK_ID":"https://databrussels.be/id/block/25804","AREA":21},"bbox":[146908.74000004,170762.56000017,146915.41000068,170769.09000004]},{"type":"Feature","id":"Buildings.fid--578fcb21_1a0246d9149_55ba","geometry":{"type":"Polygon","coordinates":[[[146743.1447,170936.969],[146744.2484,170928.5058],[146744.25,170924.12],[146747.2,170923.11],[146750.15,170922.1],[146748.361,170937.613],[146743.1447,170936.969]]]},"geometry_name":"GEOM","properties":{"INSPIRE_ID":"https://databrussels.be/id/building/1640836","BLOCK_ID":"https://databrussels.be/id/block/28233","AREA":75},"bbox":[146743.1447,170922.1,146750.15,170937.613]},{"type":"Feature","id":"Buildings.fid--578fcb21_1a0246d9149_5634","geometry":{"type":"Polygon","coordinates":[[[146818.59999995,170711.40999955],[146826.38204471,170717.35700251],[146834.04496705,170708.97396888],[146831.10992215,170706.31008582],[146826.57999991,170702.2499996],[146818.59999995,170711.40999955]]]},"geometry_name":"GEOM","properties":{"INSPIRE_ID":"https://databrussels.be/id/building/1640871","BLOCK_ID":"https://databrussels.be/id/block/25210","AREA":116},"bbox":[146818.59999995,170702.2499996,146834.04496705,170717.35700251]},{"type":"Feature","id":"Buildings.fid--578fcb21_1a0246d9149_5564","geometry":{"type":"Polygon","coordinates":[[[146948.407,170964.025],[146950.3,170949.87],[146952.8,170950.12],[146960,170951.03],[146959.35,170956.13],[146959.97,170956.2],[146958.708,170965.406],[146948.407,170964.025]]]},"geometry_name":"GEOM","properties":{"INSPIRE_ID":"https://databrussels.be/id/building/1640894","BLOCK_ID":"https://databrussels.be/id/block/25804","AREA":146},"bbox":[146948.407,170949.87,146960,170965.406]},{"type":"Feature","id":"Buildings.fid--578fcb21_1a0246d9149_55a5","geometry":{"type":"Polygon","coordinates":[[[146781.783,170883.968],[146780.452,170882.813],[146771.45,170874.89],[146775.58,170870.34],[146784.503,170878.148],[146789.26,170882.52],[146793.7,170886.45],[146789.61,170890.76],[146784.645,170886.452],[146787.305,170883.512],[146784.757,170881.206],[146783.631,170882.45],[146783.37,170882.214],[146781.783,170883.968]]]},"geometry_name":"GEOM","properties":{"INSPIRE_ID":"https://databrussels.be/id/building/1640896","BLOCK_ID":"https://databrussels.be/id/block/28233","AREA":133},"bbox":[146771.45,170870.34,146793.7,170890.76]},{"type":"Feature","id":"Buildings.fid--578fcb21_1a0246d9149_5588","geometry":{"type":"Polygon","coordinates":[[[146920.6299998,170934.34999984],[146920.23052065,170934.04156298],[146924.29,170929.7],[146934.84,170918.06],[146934.94,170918.15],[146938.57000323,170921.42999937],[146937.90999993,170926.61000041],[146936.78,170926.43],[146926.1,170938.12],[146925.63164746,170938.66156228],[146925.43999976,170938.4299996],[146920.6299998,170934.34999984]]]},"geometry_name":"GEOM","properties":{"INSPIRE_ID":"https://databrussels.be/id/building/1640899","BLOCK_ID":"https://databrussels.be/id/block/25804","AREA":150},"bbox":[146920.23052065,170918.06,146938.57000323,170938.66156228]},{"type":"Feature","id":"Buildings.fid--578fcb21_1a0246d9149_5590","geometry":{"type":"Polygon","coordinates":[[[146900.18000001,170936.74999957],[146910.05999105,170925.74001094],[146912.70000014,170928.13999991],[146914.40000019,170926.25999946],[146917.03999963,170928.65999965],[146905.40999996,170941.49999934],[146900.18000001,170936.74999957]]]},"geometry_name":"GEOM","properties":{"INSPIRE_ID":"https://databrussels.be/id/building/1640907","BLOCK_ID":"https://databrussels.be/id/block/25804","AREA":114},"bbox":[146900.18000001,170925.74001094,146917.03999963,170941.49999934]},{"type":"Feature","id":"Buildings.fid--578fcb21_1a0246d9149_5570","geometry":{"type":"Polygon","coordinates":[[[146499.01000019,170979.50999985],[146501.63,170977.37],[146500.12,170975.52],[146503.03000022,170973.38999992],[146513.63,170986.56],[146512.29,170987.641],[146512.51,170987.913],[146512.566,170988.078],[146512.577,170988.252],[146512.542,170988.423],[146512.496,170988.524],[146512.435,170988.616],[146509.623,170990.883],[146509.423,170990.963],[146509.209,170990.969],[146509.005,170990.901],[146508.838,170990.766],[146508.671,170990.56],[146508.15,170990.98],[146499.68848542,170980.32016443],[146499.01000019,170979.50999985]]]},"geometry_name":"GEOM","properties":{"INSPIRE_ID":"https://databrussels.be/id/building/1640912","BLOCK_ID":"https://databrussels.be/id/block/30906","AREA":115},"bbox":[146499.01000019,170973.38999992,146513.63,170990.98]},{"type":"Feature","id":"Buildings.fid--578fcb21_1a0246d9149_55f2","geometry":{"type":"Polygon","coordinates":[[[146832.5400001,170913.27000003],[146834.05526306,170911.57839623],[146840.91,170904.13],[146844.73,170907.62],[146837.70020927,170915.48318256],[146834.37999959,170919.03999991],[146830.54999976,170915.33000039],[146832.5400001,170913.27000003]]]},"geometry_name":"GEOM","properties":{"INSPIRE_ID":"https://databrussels.be/id/building/1641752","BLOCK_ID":"https://databrussels.be/id/block/28233","AREA":81},"bbox":[146830.54999976,170904.13,146844.73,170919.03999991]},{"type":"Feature","id":"Buildings.fid--578fcb21_1a0246d9149_55bd","geometry":{"type":"Polygon","coordinates":[[[146785.46,170931.6],[146786.76,170931.84],[146785.395,170942.457],[146780.011,170941.748],[146781.52,170931],[146782.14,170926.03],[146782.248,170925.235],[146786.217,170925.703],[146786.1,170926.52],[146785.46,170931.6]]]},"geometry_name":"GEOM","properties":{"INSPIRE_ID":"https://databrussels.be/id/building/1641753","BLOCK_ID":"https://databrussels.be/id/block/28233","AREA":81},"bbox":[146780.011,170925.235,146786.76,170942.457]},{"type":"Feature","id":"Buildings.fid--578fcb21_1a0246d9149_557d","geometry":{"type":"Polygon","coordinates":[[[146546.0900003,170945.47999983],[146546.63999992,170941.38999946],[146548.01290224,170941.60232605],[146548.35434891,170938.53176745],[146558.72917889,170939.93074752],[146557.73130494,170947.22959602],[146546.0900003,170945.47999983]]]},"geometry_name":"GEOM","properties":{"INSPIRE_ID":"https://databrussels.be/id/building/1641757","BLOCK_ID":"https://databrussels.be/id/block/30906","AREA":82},"bbox":[146546.0900003,170938.53176745,146558.72917889,170947.22959602]},{"type":"Feature","id":"Buildings.fid--578fcb21_1a0246d9149_55e8","geometry":{"type":"Polygon","coordinates":[[[146799.16999999,170889.51999991],[146800.77910165,170887.54486109],[146803.55430429,170884.75047322],[146810.98,170876.82],[146816.78,170882.11],[146808.24725396,170891.28652618],[146806.09,170893.71],[146801.87,170889.74],[146800.72,170890.97],[146799.16999999,170889.51999991]]]},"geometry_name":"GEOM","properties":{"INSPIRE_ID":"https://databrussels.be/id/building/1641789","BLOCK_ID":"https://databrussels.be/id/block/28233","AREA":128},"bbox":[146799.16999999,170876.82,146816.78,170893.71]},{"type":"Feature","id":"Buildings.fid--578fcb21_1a0246d9149_55f0","geometry":{"type":"Polygon","coordinates":[[[146825.09999944,170912.42000006],[146829.20452268,170907.80615571],[146836.5,170900.11],[146836.61,170900.21],[146840.91,170904.13],[146834.05526306,170911.57839623],[146832.5400001,170913.27000003],[146829.85,170910.66],[146827.63,170912.96],[146826.9,170912.3],[146826,170913.23],[146825.09999944,170912.42000006]]]},"geometry_name":"GEOM","properties":{"INSPIRE_ID":"https://databrussels.be/id/building/1642005","BLOCK_ID":"https://databrussels.be/id/block/28233","AREA":84},"bbox":[146825.09999944,170900.11,146840.91,170913.27000003]},{"type":"Feature","id":"Buildings.fid--578fcb21_1a0246d9149_5615","geometry":{"type":"Polygon","coordinates":[[[146957.543,170893.651],[146957.87,170891.18],[146958.18,170888.7],[146958.236,170888.261],[146958.29,170887.84],[146958.594,170885.424],[146958.847,170883.412],[146959.8378,170883.8849],[146963.886,170885.7146],[146964.8278,170886.1403],[146966.3745,170886.8393],[146968.5,170887.8],[146961.78,170941.1],[146963.49,170941.27],[146962.65,170947.91],[146958.9395,170947.5409],[146956.0077,170947.2493],[146953.2,170946.97],[146950.732,170946.61],[146951.06,170944.14],[146951.522,170939.677],[146951.5414,170939.5251],[146952.0553,170935.596],[146952.5782,170931.598],[146952.6628,170930.953],[146952.7171,170930.539],[146953.4022,170925.299],[146953.536,170924.28],[146954.221,170919.042],[146954.3599,170917.982],[146955.0449,170912.744],[146955.1849,170911.674],[146955.8649,170906.475],[146956.0089,170905.375],[146956.4831,170901.749],[146956.69,170900.167],[146956.8193,170899.178],[146957.543,170893.651]]]},"geometry_name":"GEOM","properties":{"INSPIRE_ID":"https://databrussels.be/id/building/1642027","BLOCK_ID":"https://databrussels.be/id/block/25804","AREA":647},"bbox":[146950.732,170883.412,146968.5,170947.91]},{"type":"Feature","id":"Buildings.fid--578fcb21_1a0246d9149_563e","geometry":{"type":"Polygon","coordinates":[[[146503.45000045,170732.9400003],[146491.80810917,170677.4988903],[146517.76498543,170671.85680808],[146531.25,170669.01],[146533,170674.29],[146529.97,170675.3],[146546.08,170716.31],[146546.1399998,170716.48999995],[146537.61799977,170726.173],[146523.56000035,170728.73999976],[146503.45000045,170732.9400003]]]},"geometry_name":"GEOM","properties":{"INSPIRE_ID":"https://databrussels.be/id/building/1642030","BLOCK_ID":"https://databrussels.be/id/block/30802","AREA":2345},"bbox":[146491.80810917,170669.01,146546.1399998,170732.9400003]},{"type":"Feature","id":"Buildings.fid--578fcb21_1a0246d9149_563c","geometry":{"type":"Polygon","coordinates":[[[146649.73603582,170635.7436312],[146647.05520352,170649.85141466],[146644.50663434,170661.90949926],[146643.80764552,170664.99519388],[146646.17422017,170665.4408147],[146649.36180593,170669.66077043],[146644.80721752,170673.25881319],[146642.43837209,170672.80271304],[146636.96117737,170701.71175165],[146612.47127854,170697.02824533],[146599.7236955,170659.94505534],[146604.49966698,170635.25605574],[146619.44035628,170630.20936145],[146649.73603582,170635.7436312]]]},"geometry_name":"GEOM","properties":{"INSPIRE_ID":"https://databrussels.be/id/building/1642032","BLOCK_ID":"https://databrussels.be/id/block/30422","AREA":2627},"bbox":[146599.7236955,170630.20936145,146649.73603582,170701.71175165]},{"type":"Feature","id":"Buildings.fid--578fcb21_1a0246d9149_55c3","geometry":{"type":"Polygon","coordinates":[[[146606.189442,170844.707922],[146608.750442,170851.989922],[146604.977,170853.317],[146602.416,170846.035],[146606.189442,170844.707922]]]},"geometry_name":"GEOM","properties":{"INSPIRE_ID":"https://databrussels.be/id/building/1642037","BLOCK_ID":"https://databrussels.be/id/block/30483","AREA":31},"bbox":[146602.416,170844.707922,146608.750442,170853.317]},{"type":"Feature","id":"Buildings.fid--578fcb21_1a0246d9149_55c2","geometry":{"type":"Polygon","coordinates":[[[146633.02572416,170837.43381185],[146638.38525388,170852.91611317],[146631.42225972,170855.27544311],[146626.14523767,170839.68679124],[146633.02572416,170837.43381185]]]},"geometry_name":"GEOM","properties":{"INSPIRE_ID":"https://databrussels.be/id/building/1642130","BLOCK_ID":"https://databrussels.be/id/block/31078","AREA":120},"bbox":[146626.14523767,170837.43381185,146638.38525388,170855.27544311]},{"type":"Feature","id":"Buildings.fid--578fcb21_1a0246d9149_55f8","geometry":{"type":"Polygon","coordinates":[[[146738.606,170755.617],[146742.11,170746.265],[146776.839,170760.3],[146774.37,170763.44],[146773.78,170764.134],[146771.25,170766.92],[146764.97,170764.72],[146760.53,170763.16],[146755.437,170761.375],[146752.97,170760.51],[146738.606,170755.617]]]},"geometry_name":"GEOM","properties":{"INSPIRE_ID":"https://databrussels.be/id/building/1642133","BLOCK_ID":"https://databrussels.be/id/block/25210","AREA":326},"bbox":[146738.606,170746.265,146776.839,170766.92]},{"type":"Feature","id":"Buildings.fid--578fcb21_1a0246d9149_562f","geometry":{"type":"Polygon","coordinates":[[[146846.3200006,170720.63000024],[146855.72,170710.73],[146860.27,170714.89],[146862.33,170712.64],[146860.51,170710.84],[146865.44,170705.84],[146866.26,170704.42],[146863.958,170702.321],[146863.65900001,170702.04900001],[146865.07338749,170700.33523919],[146872.21,170692.46],[146879.63,170699.27],[146869.75000014,170710.08999967],[146866.58000045,170713.91999999],[146866.46999958,170714.04000009],[146865.09999981,170715.52999957],[146866.48999956,170716.66999996],[146863.57999996,170719.81999965],[146861.4399999,170717.84999954],[146857.3599996,170722.27000015],[146853.11999988,170726.76999954],[146846.3200006,170720.63000024]]]},"geometry_name":"GEOM","properties":{"INSPIRE_ID":"https://databrussels.be/id/building/1642134","BLOCK_ID":"https://databrussels.be/id/block/25210","AREA":329},"bbox":[146846.3200006,170692.46,146879.63,170726.76999954]},{"type":"Feature","id":"Buildings.fid--578fcb21_1a0246d9149_55b0","geometry":{"type":"Polygon","coordinates":[[[146789.42,170913.01],[146789.279,170914.504],[146783.688,170913.611],[146784.33,170909.589],[146785.129,170904.585],[146787.277,170905.539],[146790.46,170907.01],[146789.645,170911.913],[146789.42,170913.01]]]},"geometry_name":"GEOM","properties":{"INSPIRE_ID":"https://databrussels.be/id/building/1642148","BLOCK_ID":"https://databrussels.be/id/block/28233","AREA":47},"bbox":[146783.688,170904.585,146790.46,170914.504]},{"type":"Feature","id":"Buildings.fid--578fcb21_1a0246d9149_558a","geometry":{"type":"Polygon","coordinates":[[[146857.801,170925.66],[146854.8889,170928.8529],[146854.7,170929.06],[146850.852,170933.291],[146849.6944,170934.5638],[146849.6,170934.52],[146848.71,170934.1],[146848.32,170933.92],[146847.5396,170933.556],[146849.0564,170931.7816],[146847.169,170930.195],[146848.24,170928.94],[146848.8,170928.36],[146850.531,170926.571],[146851.18,170925.9],[146851.3296,170925.7366],[146851.419,170925.639],[146854.418,170922.368],[146857.37,170919.15],[146860.84,170922.33],[146857.8673,170925.5874],[146857.801,170925.66]]]},"geometry_name":"GEOM","properties":{"INSPIRE_ID":"https://databrussels.be/id/building/1642154","BLOCK_ID":"https://databrussels.be/id/block/28233","AREA":76},"bbox":[146847.169,170919.15,146860.84,170934.5638]},{"type":"Feature","id":"Buildings.fid--578fcb21_1a0246d9149_5623","geometry":{"type":"Polygon","coordinates":[[[146873.13000025,170669.66000038],[146883.40980361,170658.42938694],[146886.27,170655.72],[146888.65,170657.9],[146887.2,170659.47],[146889.8,170661.85],[146878.41000002,170674.58999979],[146873.13000025,170669.66000038]]]},"geometry_name":"GEOM","properties":{"INSPIRE_ID":"https://databrussels.be/id/building/1642901","BLOCK_ID":"https://databrussels.be/id/block/29983","AREA":128},"bbox":[146873.13000025,170655.72,146889.8,170674.58999979]},{"type":"Feature","id":"Buildings.fid--578fcb21_1a0246d9149_5632","geometry":{"type":"Polygon","coordinates":[[[146869.75000014,170710.08999967],[146879.63,170699.27],[146886.29,170705.39],[146879.13999949,170712.98999986],[146877.17000018,170715.17999979],[146875.78999972,170714.05000001],[146875.07000061,170714.8500002],[146873.04000003,170713.03999986],[146869.75000014,170710.08999967]]]},"geometry_name":"GEOM","properties":{"INSPIRE_ID":"https://databrussels.be/id/building/1642902","BLOCK_ID":"https://databrussels.be/id/block/25210","AREA":129},"bbox":[146869.75000014,170699.27,146886.29,170715.17999979]},{"type":"Feature","id":"Buildings.fid--578fcb21_1a0246d9149_557a","geometry":{"type":"Polygon","coordinates":[[[146534.05,170953.88999966],[146532.94000043,170952.54000029],[146539.98000017,170946.76000044],[146540.88,170948.16],[146549.09,170957.92],[146541.95,170963.69],[146534.05,170953.88999966]]]},"geometry_name":"GEOM","properties":{"INSPIRE_ID":"https://databrussels.be/id/building/1642905","BLOCK_ID":"https://databrussels.be/id/block/30906","AREA":130},"bbox":[146532.94000043,170946.76000044,146549.09,170963.69]},{"type":"Feature","id":"Buildings.fid--578fcb21_1a0246d9149_5605","geometry":{"type":"Polygon","coordinates":[[[146724.448,170823.712],[146724.457,170823.403],[146731.468,170817.075],[146737.623,170810.317],[146744.243,170816.255],[146737.57799968,170823.25099959],[146736.375,170822.178],[146734.25,170824.56],[146724.448,170823.712]]]},"geometry_name":"GEOM","properties":{"INSPIRE_ID":"https://databrussels.be/id/building/1642907","BLOCK_ID":"https://databrussels.be/id/block/25209","AREA":131},"bbox":[146724.448,170810.317,146744.243,170824.56]},{"type":"Feature","id":"Buildings.fid--578fcb21_1a0246d9149_5622","geometry":{"type":"Polygon","coordinates":[[[146801.44,170658.85],[146807.35,170653.142],[146814.5,170661.29],[146818.82,170665.61],[146816.28,170667.98],[146813.23999981,170670.82000005],[146801.44,170658.85]]]},"geometry_name":"GEOM","properties":{"INSPIRE_ID":"https://databrussels.be/id/building/1642910","BLOCK_ID":"https://databrussels.be/id/block/25210","AREA":132},"bbox":[146801.44,170653.142,146818.82,170670.82000005]},{"type":"Feature","id":"Buildings.fid--578fcb21_1a0246d9149_558e","geometry":{"type":"Polygon","coordinates":[[[146826.14,170948.043],[146829.10999961,170924.95000016],[146829.26999977,170925.01999953],[146835.70000011,170928.01999973],[146834.72000297,170935.15999829],[146829.7499896,170934.54000575],[146829.40000235,170938.51999828],[146834.36,170939.32],[146832.84,170948.91],[146826.14,170948.043]]]},"geometry_name":"GEOM","properties":{"INSPIRE_ID":"https://databrussels.be/id/building/1642916","BLOCK_ID":"https://databrussels.be/id/block/28233","AREA":133},"bbox":[146826.14,170924.95000016,146835.70000011,170948.91]},{"type":"Feature","id":"Buildings.fid--578fcb21_1a0246d9149_5663","geometry":{"type":"Polygon","coordinates":[[[146924.91689448,170608.53375867],[146929.08667908,170603.7884892],[146936.22225117,170596.08253703],[146942.21554989,170589.78358466],[146956.53698828,170603.20631062],[146971.82029969,170617.08443868],[146979.48,170624.49],[146972.7,170631.94],[146968.14268567,170636.58193022],[146957.3391099,170626.64014117],[146961.67878158,170622.07426729],[146964.91,170624.73],[146966.23,170623.32],[146957.54,170615.41],[146955.93,170617.13],[146955.64,170616.91],[146955.35,170616.7],[146955.05,170616.51],[146954.71,170616.34],[146954.36,170616.2],[146954,170616.09],[146953.63,170615.99],[146953.25,170615.92],[146952.87,170615.9],[146952.45,170615.93],[146952.03,170616.01],[146951.62,170616.13],[146951.2,170616.29],[146950.78,170616.49],[146950.39,170616.72],[146950.12,170616.91],[146949.86,170617.12],[146949.6,170617.33],[146948.28,170616.12],[146941.48,170623.58],[146932.37,170615.28],[146927.21999958,170610.55000047],[146924.91689448,170608.53375867]]]},"geometry_name":"GEOM","properties":{"INSPIRE_ID":"https://databrussels.be/id/building/1642917","BLOCK_ID":"https://databrussels.be/id/block/29983","AREA":950},"bbox":[146924.91689448,170589.78358466,146979.48,170636.58193022]},{"type":"Feature","id":"Buildings.fid--578fcb21_1a0246d9149_568a","geometry":{"type":"Polygon","coordinates":[[[146725.18,170605.27],[146762.88,170639.95],[146751.53,170652.41],[146736.68,170638.79],[146733.97,170641.66],[146725.99,170634.29],[146728.58,170631.27],[146713.78,170617.82],[146725.18,170605.27]]]},"geometry_name":"GEOM","properties":{"INSPIRE_ID":"https://databrussels.be/id/building/1643105","BLOCK_ID":"https://databrussels.be/id/block/30422","AREA":908},"bbox":[146713.78,170605.27,146762.88,170652.41]},{"type":"Feature","id":"Buildings.fid--578fcb21_1a0246d9149_5680","geometry":{"type":"Polygon","coordinates":[[[146837.81800013,170584.29800035],[146842.63000045,170578.98999959],[146851.600743,170589.633144],[146846.239699,170594.142739],[146837.81800013,170584.29800035]]]},"geometry_name":"GEOM","properties":{"INSPIRE_ID":"https://databrussels.be/id/building/1643126","BLOCK_ID":"https://databrussels.be/id/block/27703","AREA":95},"bbox":[146837.81800013,170578.98999959,146851.600743,170594.142739]},{"type":"Feature","id":"Buildings.fid--578fcb21_1a0246d9149_5600","geometry":{"type":"Polygon","coordinates":[[[146786.57,170787.86],[146792.74999983,170781.15999946],[146801.87532857,170789.61772774],[146807.70501762,170794.96416551],[146816.05,170802.84],[146809.8600004,170809.31000046],[146800.6451089,170800.78808386],[146797.49000017,170797.86999957],[146786.57,170787.86]]]},"geometry_name":"GEOM","properties":{"INSPIRE_ID":"https://databrussels.be/id/building/1643226","BLOCK_ID":"https://databrussels.be/id/block/25210","AREA":287},"bbox":[146786.57,170781.15999946,146816.05,170809.31000046]},{"type":"Feature","id":"Buildings.fid--578fcb21_1a0246d9149_5595","geometry":{"type":"Polygon","coordinates":[[[146866.31000009,170939.74000048],[146864.62999969,170941.61999976],[146869.42105299,170943.87006741],[146869.33494622,170944.63598804],[146874.76871671,170944.931238],[146880.27992909,170939.84750653],[146872.46,170932.82],[146866.31000009,170939.74000048]]]},"geometry_name":"GEOM","properties":{"INSPIRE_ID":"https://databrussels.be/id/building/1644010","BLOCK_ID":"https://databrussels.be/id/block/28233","AREA":102},"bbox":[146864.62999969,170932.82,146880.27992909,170944.931238]},{"type":"Feature","id":"Buildings.fid--578fcb21_1a0246d9149_5641","geometry":{"type":"Polygon","coordinates":[[[146503.45000045,170732.9400003],[146523.56000035,170728.73999976],[146537.61799977,170726.173],[146515.23516066,170751.81103272],[146511.90020148,170755.9457115],[146508.72,170758.96],[146505.11,170741.13],[146503.45000045,170732.9400003]]]},"geometry_name":"GEOM","properties":{"INSPIRE_ID":"https://databrussels.be/id/building/1644070","BLOCK_ID":"https://databrussels.be/id/block/30802","AREA":471},"bbox":[146503.45000045,170726.173,146537.61799977,170758.96]},{"type":"Feature","id":"Buildings.fid--578fcb21_1a0246d9149_564d","geometry":{"type":"Polygon","coordinates":[[[146537.9114,170830.5125],[146541.47183456,170833.58721448],[146554.73858467,170818.31742828],[146546.62,170811.43],[146544.251,170814.175],[146530.693,170829.903],[146527.21,170833.94],[146528.3469,170834.9733],[146531.5111,170837.8493],[146532.16,170838.439],[146532.3621,170838.6227],[146535.01474131,170841.01921046],[146538.35717153,170837.17213454],[146534.8075,170834.1068],[146537.9114,170830.5125]]]},"geometry_name":"GEOM","properties":{"INSPIRE_ID":"https://databrussels.be/id/building/1644253","BLOCK_ID":"https://databrussels.be/id/block/30913","AREA":294},"bbox":[146527.21,170811.43,146554.73858467,170841.01921046]},{"type":"Feature","id":"Buildings.fid--578fcb21_1a0246d9149_566e","geometry":{"type":"Polygon","coordinates":[[[146992.1632,170659.53084243],[146998.02740001,170664.85794243],[146993.3,170670.04084243],[146983.91,170680.28084243],[146983.5289,170680.69614243],[146983.2991,170680.94674243],[146983.02000001,170681.25084243],[146982.75,170681.54514243],[146977.1399,170676.25564243],[146972.815,170672.17784243],[146971.67800001,170671.10584243],[146969.01600001,170668.83184243],[146968.9282,170668.74754243],[146968.44110001,170668.28014243],[146964.25900001,170664.26684243],[146981.5751,170645.59554243],[146982.6262,170646.56064243],[146985.4836,170649.18434243],[146985.6156,170649.30554243],[146986.07580001,170649.72814243],[146985.52250001,170650.36394243],[146989.31710001,170653.77994243],[146989.6466,170654.07664243],[146987.5467,170656.41224243],[146991.1576,170659.62674243],[146991.66210001,170659.07554243],[146992.1632,170659.53084243]]]},"geometry_name":"GEOM","properties":{"INSPIRE_ID":"https://databrussels.be/id/building/1644254","BLOCK_ID":"https://databrussels.be/id/block/25805","AREA":595},"bbox":[146964.25900001,170645.59554243,146998.02740001,170681.54514243]},{"type":"Feature","id":"Buildings.fid--578fcb21_1a0246d9149_5583","geometry":{"type":"Polygon","coordinates":[[[146841.7699996,170921.41999988],[146850.12,170912.54],[146853.81,170915.91],[146845.37000039,170924.64999957],[146841.7699996,170921.41999988]]]},"geometry_name":"GEOM","properties":{"INSPIRE_ID":"https://databrussels.be/id/building/1644255","BLOCK_ID":"https://databrussels.be/id/block/28233","AREA":60},"bbox":[146841.7699996,170912.54,146853.81,170924.64999957]},{"type":"Feature","id":"Buildings.fid--578fcb21_1a0246d9149_5593","geometry":{"type":"Polygon","coordinates":[[[146872.46,170932.82],[146871.8906,170933.4606],[146869.453,170936.203],[146866.6535,170939.3534],[146866.31,170939.74],[146864.63,170941.62],[146862.052,170940.317],[146863.57,170938.49],[146861.53,170936.66],[146862.11,170935.96],[146861.96,170935.81],[146862.1604,170935.6004],[146865.191,170932.431],[146865.2008,170932.4208],[146867.8855,170929.6154],[146868.35,170929.13],[146872.46,170932.82]]]},"geometry_name":"GEOM","properties":{"INSPIRE_ID":"https://databrussels.be/id/building/1644279","BLOCK_ID":"https://databrussels.be/id/block/28233","AREA":63},"bbox":[146861.53,170929.13,146872.46,170941.62]},{"type":"Feature","id":"Buildings.fid--578fcb21_1a0246d9149_5686","geometry":{"type":"Polygon","coordinates":[[[146823.01,170607.17],[146820.96,170604.72],[146823.84,170602.39],[146822.69,170600.98],[146824.88199989,170598.56299993],[146831.616145,170606.333732],[146826.274334,170610.919768],[146823.01,170607.17]]]},"geometry_name":"GEOM","properties":{"INSPIRE_ID":"https://databrussels.be/id/building/1644280","BLOCK_ID":"https://databrussels.be/id/block/27703","AREA":64},"bbox":[146820.96,170598.56299993,146831.616145,170610.919768]},{"type":"Feature","id":"Buildings.fid--578fcb21_1a0246d9149_5649","geometry":{"type":"Polygon","coordinates":[[[146522.89,170802.94],[146529.2,170795.75],[146534.33,170800.38],[146528.30299997,170807.26100028],[146525.74,170805.01],[146522.89,170802.94]]]},"geometry_name":"GEOM","properties":{"INSPIRE_ID":"https://databrussels.be/id/building/1644283","BLOCK_ID":"https://databrussels.be/id/block/30913","AREA":64},"bbox":[146522.89,170795.75,146534.33,170807.26100028]},{"type":"Feature","id":"Buildings.fid--578fcb21_1a0246d9149_567d","geometry":{"type":"Polygon","coordinates":[[[146853.42000001,170570.99999954],[146858.37472597,170566.7102368],[146866.53,170576.41],[146866.89,170576.69],[146861.983371,170580.975382],[146853.42000001,170570.99999954]]]},"geometry_name":"GEOM","properties":{"INSPIRE_ID":"https://databrussels.be/id/building/1644286","BLOCK_ID":"https://databrussels.be/id/block/27703","AREA":85},"bbox":[146853.42000001,170566.7102368,146866.89,170580.975382]},{"type":"Feature","id":"Buildings.fid--578fcb21_1a0246d9149_561e","geometry":{"type":"Polygon","coordinates":[[[146858.29,170656.38],[146864.53,170649.57],[146866.85,170651.7],[146867.37,170651.13],[146868.17,170651.87],[146870.25,170649.61],[146869.81,170649.21],[146877.07,170641.3],[146879.62,170643.63],[146878.51,170644.84],[146878.6299999,170644.96000015],[146877.92721291,170645.94191038],[146877.20882682,170645.33840177],[146871.396084,170652.00812258],[146873.7439956,170654.07466764],[146865.77,170663.07],[146858.29,170656.38]]]},"geometry_name":"GEOM","properties":{"INSPIRE_ID":"https://databrussels.be/id/building/1644294","BLOCK_ID":"https://databrussels.be/id/block/29983","AREA":144},"bbox":[146858.29,170641.3,146879.62,170663.07]},{"type":"Feature","id":"Buildings.fid--578fcb21_1a0246d9149_55ea","geometry":{"type":"Polygon","coordinates":[[[146806.09,170893.71],[146808.24725396,170891.28652618],[146816.78,170882.11],[146822.81,170887.61],[146814.30119441,170896.71879781],[146813.15,170897.88],[146809.41,170901.86],[146808.15,170900.68],[146809.42,170899.46],[146805.01,170894.85],[146806.09,170893.71]]]},"geometry_name":"GEOM","properties":{"INSPIRE_ID":"https://databrussels.be/id/building/1644295","BLOCK_ID":"https://databrussels.be/id/block/28233","AREA":146},"bbox":[146805.01,170882.11,146822.81,170901.86]},{"type":"Feature","id":"Buildings.fid--578fcb21_1a0246d9149_567f","geometry":{"type":"Polygon","coordinates":[[[146842.63000045,170578.98999959],[146847.02,170574.15],[146848.17999987,170575.57999956],[146856.540242,170585.408775],[146851.600743,170589.633144],[146842.63000045,170578.98999959]]]},"geometry_name":"GEOM","properties":{"INSPIRE_ID":"https://databrussels.be/id/building/1644297","BLOCK_ID":"https://databrussels.be/id/block/27703","AREA":93},"bbox":[146842.63000045,170574.15,146856.540242,170589.633144]},{"type":"Feature","id":"Buildings.fid--578fcb21_1a0246d9149_55f1","geometry":{"type":"Polygon","coordinates":[[[146800.11999996,170911.62999951],[146802.57,170908.57],[146807.35,170903.26],[146807.91,170903.76],[146812.78,170908.07],[146811.35755489,170909.62604857],[146806.65047302,170914.77780606],[146800.11999996,170911.62999951]]]},"geometry_name":"GEOM","properties":{"INSPIRE_ID":"https://databrussels.be/id/building/1644327","BLOCK_ID":"https://databrussels.be/id/block/28233","AREA":72},"bbox":[146800.11999996,170903.26,146812.78,170914.77780606]},{"type":"Feature","id":"Buildings.fid--578fcb21_1a0246d9149_55ab","geometry":{"type":"Polygon","coordinates":[[[146746.465,170902.425],[146750.551,170898.018],[146757.85,170904.88],[146755.98,170906.95],[146759.35,170910],[146757.38,170912.17],[146746.465,170902.425]]]},"geometry_name":"GEOM","properties":{"INSPIRE_ID":"https://databrussels.be/id/building/1644328","BLOCK_ID":"https://databrussels.be/id/block/28233","AREA":73},"bbox":[146746.465,170898.018,146759.35,170912.17]},{"type":"Feature","id":"Buildings.fid--578fcb21_1a0246d9149_5611","geometry":{"type":"Polygon","coordinates":[[[146796.131,170874.956],[146795.68,170875.43],[146792.82,170878.49],[146788.268,170874.162],[146791.259,170871.088],[146797.44,170864.46],[146801.91,170868.54],[146796.131,170874.956]]]},"geometry_name":"GEOM","properties":{"INSPIRE_ID":"https://databrussels.be/id/building/1645171","BLOCK_ID":"https://databrussels.be/id/block/28233","AREA":83},"bbox":[146788.268,170864.46,146801.91,170878.49]},{"type":"Feature","id":"Buildings.fid--578fcb21_1a0246d9149_55fa","geometry":{"type":"Polygon","coordinates":[[[146734.839,170767.706],[146736.57,170761.88],[146750.18999995,170765.99000044],[146749.13,170768.98],[146748.49,170768.67],[146747.56,170771.32],[146734.839,170767.706]]]},"geometry_name":"GEOM","properties":{"INSPIRE_ID":"https://databrussels.be/id/building/1645174","BLOCK_ID":"https://databrussels.be/id/block/25210","AREA":82},"bbox":[146734.839,170761.88,146750.18999995,170771.32]},{"type":"Feature","id":"Buildings.fid--578fcb21_1a0246d9149_5563","geometry":{"type":"Polygon","coordinates":[[[146939.453,170962.825],[146941.36753703,170949.6066424],[146941.40350866,170948.81474239],[146950.3,170949.87],[146948.407,170964.025],[146939.453,170962.825]]]},"geometry_name":"GEOM","properties":{"INSPIRE_ID":"https://databrussels.be/id/building/1645176","BLOCK_ID":"https://databrussels.be/id/block/25804","AREA":127},"bbox":[146939.453,170948.81474239,146950.3,170964.025]},{"type":"Feature","id":"Buildings.fid--578fcb21_1a0246d9149_5601","geometry":{"type":"Polygon","coordinates":[[[146777.96595113,170806.85534864],[146769.115,170817.142],[146764.262,170812.835],[146773.1634,170802.3976],[146780.79,170794.12],[146786.57,170787.86],[146790.46360081,170791.42913408],[146788.47474128,170793.54675105],[146789.96218813,170794.99756443],[146783.68706699,170801.77225884],[146783.14257218,170801.25120564],[146781.53398781,170802.99263828],[146779.90785778,170804.75306561],[146777.96595113,170806.85534864]]]},"geometry_name":"GEOM","properties":{"INSPIRE_ID":"https://databrussels.be/id/building/1645178","BLOCK_ID":"https://databrussels.be/id/block/25210","AREA":222},"bbox":[146764.262,170787.86,146790.46360081,170817.142]},{"type":"Feature","id":"Buildings.fid--578fcb21_1a0246d9149_562b","geometry":{"type":"Polygon","coordinates":[[[146850.06612298,170691.44610814],[146856.6911066,170697.50099327],[146856.76954713,170697.57268377],[146865.47839828,170687.68881307],[146866.28,170687.01],[146859.55011302,170681.07012925],[146850.06612298,170691.44610814]]]},"geometry_name":"GEOM","properties":{"INSPIRE_ID":"https://databrussels.be/id/building/1645187","BLOCK_ID":"https://databrussels.be/id/block/25210","AREA":127},"bbox":[146850.06612298,170681.07012925,146866.28,170697.57268377]},{"type":"Feature","id":"Buildings.fid--578fcb21_1a0246d9149_55a4","geometry":{"type":"Polygon","coordinates":[[[146797.462,170882.136],[146796.953,170882.643],[146792.82,170878.49],[146795.68,170875.43],[146796.131,170874.956],[146801.91,170868.54],[146806.2,170872.45],[146798.52,170881.127],[146797.462,170882.136]]]},"geometry_name":"GEOM","properties":{"INSPIRE_ID":"https://databrussels.be/id/building/1645372","BLOCK_ID":"https://databrussels.be/id/block/28233","AREA":80},"bbox":[146792.82,170868.54,146806.2,170882.643]},{"type":"Feature","id":"Buildings.fid--578fcb21_1a0246d9149_5621","geometry":{"type":"Polygon","coordinates":[[[146821.68,170659.5],[146828.29,170652.28],[146833.080046,170656.576531],[146823.72000043,170666.62000008],[146818.88,170662.3],[146821.68,170659.5]]]},"geometry_name":"GEOM","properties":{"INSPIRE_ID":"https://databrussels.be/id/building/1645385","BLOCK_ID":"https://databrussels.be/id/block/25210","AREA":88},"bbox":[146818.88,170652.28,146833.080046,170666.62000008]},{"type":"Feature","id":"Buildings.fid--578fcb21_1a0246d9149_5616","geometry":{"type":"Polygon","coordinates":[[[146968.25497957,170813.54578666],[146975.89290653,170820.49908684],[146985.51,170809.59],[146987.08,170810.98],[146986.58,170811.55],[146986.51,170811.71],[146986.43,170811.88],[146986.38,170812.05],[146986.37,170812.29],[146986.4,170812.55],[146986.47,170812.79],[146986.59,170813.01],[146986.76,170813.22],[146986.95,170813.41],[146987.16,170813.59],[146987.38,170813.75],[146987.62,170813.86],[146987.97,170813.91],[146988.33,170813.88],[146988.67,170813.77],[146988.83,170813.69],[146988.99,170813.59],[146989.12,170813.46],[146989.23,170813.32],[146989.32,170813.16],[146989.4,170812.99],[146990.74,170814.18],[146976.396,170830.272],[146980.22,170833.925],[146977.225,170836.88],[146979.2,170838.73],[146998.89,170817.05],[147000,170815.82],[147003.55,170811.91],[146980.01,170790.48],[146973.164,170798.068],[146973.09589616,170798.14259826],[146978.12696326,170802.73810248],[146968.25497957,170813.54578666]]]},"geometry_name":"GEOM","properties":{"INSPIRE_ID":"https://databrussels.be/id/building/1645428","BLOCK_ID":"https://databrussels.be/id/block/25804","AREA":664},"bbox":[146968.25497957,170790.48,147003.55,170838.73]},{"type":"Feature","id":"Buildings.fid--578fcb21_1a0246d9149_55f5","geometry":{"type":"Polygon","coordinates":[[[146750.43,170728.6],[146756.835,170716.193],[146805.58899989,170743.73700009],[146797.89999993,170751.97],[146795.23524567,170750.68910828],[146768.65,170737.93],[146773.12,170729.31],[146768.29,170726.59],[146764.98,170733],[146768,170734.56],[146766.73000015,170737.01000039],[146765.81,170736.57],[146750.43,170728.6]]]},"geometry_name":"GEOM","properties":{"INSPIRE_ID":"https://databrussels.be/id/building/1645431","BLOCK_ID":"https://databrussels.be/id/block/25210","AREA":640},"bbox":[146750.43,170716.193,146805.58899989,170751.97]},{"type":"Feature","id":"Buildings.fid--578fcb21_1a0246d9149_559b","geometry":{"type":"Polygon","coordinates":[[[146915.03,170950.23],[146922.63,170941.42],[146922.92,170941.08],[146923.06,170941.2],[146924.324,170939.729],[146925.44,170938.43],[146925.632,170938.662],[146926.1,170938.12],[146931.22,170942.76],[146929.92,170944.2],[146927.83,170946.5],[146919.93,170954.68],[146915.03,170950.23]]]},"geometry_name":"GEOM","properties":{"INSPIRE_ID":"https://databrussels.be/id/building/1645455","BLOCK_ID":"https://databrussels.be/id/block/25804","AREA":115},"bbox":[146915.03,170938.12,146931.22,170954.68]},{"type":"Feature","id":"Buildings.fid--578fcb21_1a0246d9149_564b","geometry":{"type":"Polygon","coordinates":[[[146532,170813.6],[146532.29,170813.27],[146539.7,170805.22],[146546.62,170811.43],[146544.251,170814.175],[146542.78,170812.9],[146534.5,170822.44],[146531.08,170819.48],[146534.39,170815.67],[146532,170813.6]]]},"geometry_name":"GEOM","properties":{"INSPIRE_ID":"https://databrussels.be/id/building/1645456","BLOCK_ID":"https://databrussels.be/id/block/30913","AREA":115},"bbox":[146531.08,170805.22,146546.62,170822.44]},{"type":"Feature","id":"Buildings.fid--578fcb21_1a0246d9149_55ff","geometry":{"type":"Polygon","coordinates":[[[146758.96,170807.98],[146769.33349243,170796.55766367],[146776.33445219,170788.86332132],[146787.81029558,170776.4495643],[146792.74999983,170781.15999946],[146786.57,170787.86],[146780.79000022,170794.11999991],[146773.16344209,170802.39760568],[146764.262,170812.835],[146758.96,170807.98]]]},"geometry_name":"GEOM","properties":{"INSPIRE_ID":"https://databrussels.be/id/building/1645459","BLOCK_ID":"https://databrussels.be/id/block/25210","AREA":293},"bbox":[146758.96,170776.4495643,146792.74999983,170812.835]},{"type":"Feature","id":"Buildings.fid--578fcb21_1a0246d9149_55ec","geometry":{"type":"Polygon","coordinates":[[[146817.85,170902.17],[146820.0384074,170899.80538365],[146827.28,170891.7],[146832.03,170896.03],[146824.80355454,170904.18278164],[146822.50679893,170906.87514818],[146820.98676457,170908.59581476],[146816.06579295,170904.51907042],[146817.85,170902.17]]]},"geometry_name":"GEOM","properties":{"INSPIRE_ID":"https://databrussels.be/id/building/1645462","BLOCK_ID":"https://databrussels.be/id/block/28233","AREA":109},"bbox":[146816.06579295,170891.7,146832.03,170908.59581476]},{"type":"Feature","id":"Buildings.fid--578fcb21_1a0246d9149_5577","geometry":{"type":"Polygon","coordinates":[[[146521.58,170924.85],[146527.76,170925.68],[146526.979,170930.509],[146526.9772,170930.5199],[146526.13,170935.77],[146526.6268,170935.8374],[146526.0095,170940.3902],[146525.2658,170945.8754],[146519.136,170945.0442],[146519.7502,170938.0408],[146519.77,170937.859],[146520.1723,170934.9622],[146520.245,170934.439],[146520.9077,170929.679],[146520.916,170929.619],[146521.236,170927.319],[146521.58,170924.85]]]},"geometry_name":"GEOM","properties":{"INSPIRE_ID":"https://databrussels.be/id/building/1645464","BLOCK_ID":"https://databrussels.be/id/block/30906","AREA":127},"bbox":[146519.136,170924.85,146527.76,170945.8754]},{"type":"Feature","id":"Buildings.fid--578fcb21_1a0246d9149_5562","geometry":{"type":"Polygon","coordinates":[[[146933.641,170962.046],[146934.5,170955.05],[146937.58,170955.39],[146937.95,170952.07],[146934.9,170951.73],[146935.45,170947.24],[146936.247,170940.578],[146936.68,170936.71],[146936.9,170935.21],[146943.47,170935.88],[146943.239,170938.501],[146942.75,170943.07],[146942.1,170943],[146941.404,170948.815],[146941.368,170949.607],[146939.453,170962.825],[146933.641,170962.046]]]},"geometry_name":"GEOM","properties":{"INSPIRE_ID":"https://databrussels.be/id/building/1646276","BLOCK_ID":"https://databrussels.be/id/block/25804","AREA":158},"bbox":[146933.641,170935.21,146943.47,170962.825]},{"type":"Feature","id":"Buildings.fid--578fcb21_1a0246d9149_55f3","geometry":{"type":"Polygon","coordinates":[[[146829.10999961,170924.95000016],[146834.37999959,170919.03999991],[146837.70020927,170915.48318256],[146844.73,170907.62],[146850.12,170912.54],[146841.7699996,170921.41999988],[146836.12999989,170928.21999954],[146835.70000011,170928.01999973],[146829.26999977,170925.01999953],[146829.10999961,170924.95000016]]]},"geometry_name":"GEOM","properties":{"INSPIRE_ID":"https://databrussels.be/id/building/1646278","BLOCK_ID":"https://databrussels.be/id/block/28233","AREA":160},"bbox":[146829.10999961,170907.62,146850.12,170928.21999954]},{"type":"Feature","id":"Buildings.fid--578fcb21_1a0246d9149_558d","geometry":{"type":"Polygon","coordinates":[[[146819.16,170947.14],[146820.75451724,170937.1684554],[146821.19999996,170933.73999987],[146822.097299,170926.82840993],[146822.67796251,170922.33541432],[146823.89,170922.98],[146824.06,170923.04],[146829.10999961,170924.95000016],[146826.14,170948.043],[146819.16,170947.14]]]},"geometry_name":"GEOM","properties":{"INSPIRE_ID":"https://databrussels.be/id/building/1646281","BLOCK_ID":"https://databrussels.be/id/block/28233","AREA":164},"bbox":[146819.16,170922.33541432,146829.10999961,170948.043]},{"type":"Feature","id":"Buildings.fid--578fcb21_1a0246d9149_5575","geometry":{"type":"Polygon","coordinates":[[[146513.80928735,170960.06093374],[146515.6454033,170959.92550117],[146515.84714995,170962.67060417],[146514.02553101,170962.7588507],[146513.80928735,170960.06093374]]]},"geometry_name":"GEOM","properties":{"INSPIRE_ID":"https://databrussels.be/id/building/1646502","BLOCK_ID":"https://databrussels.be/id/block/30906","AREA":5},"bbox":[146513.80928735,170959.92550117,146515.84714995,170962.7588507]},{"type":"Feature","id":"Buildings.fid--578fcb21_1a0246d9149_55af","geometry":{"type":"Polygon","coordinates":[[[146787.277,170905.539],[146788.098,170903.722],[146791.685,170905.477],[146790.83013563,170907.18172953],[146790.46000039,170907.0100004],[146787.277,170905.539]]]},"geometry_name":"GEOM","properties":{"INSPIRE_ID":"https://databrussels.be/id/building/1646507","BLOCK_ID":"https://databrussels.be/id/block/28233","AREA":8},"bbox":[146787.277,170903.722,146791.685,170907.18172953]},{"type":"Feature","id":"Buildings.fid--578fcb21_1a0246d9149_5586","geometry":{"type":"Polygon","coordinates":[[[146857.36999966,170919.14999996],[146851.18,170925.9],[146848.24,170928.94],[146844.43,170925.78],[146845.37,170924.65],[146853.81,170915.91],[146857.36999966,170919.14999996]]]},"geometry_name":"GEOM","properties":{"INSPIRE_ID":"https://databrussels.be/id/building/1646518","BLOCK_ID":"https://databrussels.be/id/block/28233","AREA":67},"bbox":[146844.43,170915.91,146857.36999966,170928.94]},{"type":"Feature","id":"Buildings.fid--578fcb21_1a0246d9149_568c","geometry":{"type":"Polygon","coordinates":[[[146849.96,170617.12],[146850.95,170616.3],[146854.129513,170613.507807],[146863.19,170624.57],[146860.66,170626.63],[146857.63,170622.89],[146855.92600031,170624.27499975],[146849.96,170617.12]]]},"geometry_name":"GEOM","properties":{"INSPIRE_ID":"https://databrussels.be/id/building/1646519","BLOCK_ID":"https://databrussels.be/id/block/29983","AREA":67},"bbox":[146849.96,170613.507807,146863.19,170626.63]},{"type":"Feature","id":"Buildings.fid--578fcb21_1a0246d9149_55bc","geometry":{"type":"Polygon","coordinates":[[[146733.288,170927.948],[146744.25,170924.12],[146744.2484,170928.5058],[146743.1447,170936.969],[146736.083,170936.023],[146733.288,170927.948]]]},"geometry_name":"GEOM","properties":{"INSPIRE_ID":"https://databrussels.be/id/building/1646524","BLOCK_ID":"https://databrussels.be/id/block/28233","AREA":98},"bbox":[146733.288,170924.12,146744.25,170936.969]},{"type":"Feature","id":"Buildings.fid--578fcb21_1a0246d9149_562a","geometry":{"type":"Polygon","coordinates":[[[146788.6779,170675.0672],[146792.2544,170671.0647],[146801.41,170679.52],[146804.44,170682.27],[146802.1243,170684.3192],[146799.3426,170681.8336],[146797.9696,170683.3701],[146788.6779,170675.0672]]]},"geometry_name":"GEOM","properties":{"INSPIRE_ID":"https://databrussels.be/id/building/1646527","BLOCK_ID":"https://databrussels.be/id/block/25210","AREA":78},"bbox":[146788.6779,170671.0647,146804.44,170684.3192]},{"type":"Feature","id":"Buildings.fid--578fcb21_1a0246d9149_5678","geometry":{"type":"Polygon","coordinates":[[[146817.91,170606.548],[146817.5003,170606.9745],[146816.8414,170607.6604],[146816.43,170608.09],[146813.6203,170610.9793],[146811.131,170613.54],[146810.857,170613.291],[146811.313,170612.787],[146809.6408,170611.2728],[146809.578,170611.216],[146810.082,170610.66],[146806.8853,170607.7463],[146806.705,170607.582],[146802.236,170603.508],[146802.1162,170603.3988],[146792.999,170595.088],[146792.632,170595.47],[146792.2364,170595.1064],[146788.481,170591.655],[146787.908,170592.297],[146787.457,170591.895],[146787.493,170591.832],[146789.2708,170589.9294],[146795.0337,170583.7618],[146795.6619,170583.0894],[146797.6133,170581.0011],[146814.48,170562.95],[146814.9749,170562.3918],[146815.0459,170562.3119],[146819.87,170556.8707],[146824.7176,170551.4029],[146825.0281,170551.0528],[146842.4413,170533.2559],[146847.4294,170537.7045],[146851.36,170541.21],[146850.597,170541.87],[146853.046,170544.308],[146824.689,170575.554],[146823.678,170575.91],[146835.081,170586.275],[146817.339,170605.872],[146817.91,170606.548]]]},"geometry_name":"GEOM","properties":{"INSPIRE_ID":"https://databrussels.be/id/building/1646548","BLOCK_ID":"https://databrussels.be/id/block/27703","AREA":1801},"bbox":[146787.457,170533.2559,146853.046,170613.54]},{"type":"Feature","id":"Buildings.fid--578fcb21_1a0246d9149_5674","geometry":{"type":"Polygon","coordinates":[[[146835.081,170586.275],[146823.67762881,170575.90994872],[146824.68926715,170575.55402482],[146853.04643163,170544.30785635],[146896.408,170497.445],[146896.059,170497.128],[146907.285,170484.815],[146918.544,170495.294],[146907.301,170507.369],[146906.893,170506.997],[146864.162,170553.892],[146835.081,170586.275]]]},"geometry_name":"GEOM","properties":{"INSPIRE_ID":"https://databrussels.be/id/building/1646549","BLOCK_ID":"https://databrussels.be/id/block/27703","AREA":1813},"bbox":[146823.67762881,170484.815,146918.544,170586.275]},{"type":"Feature","id":"Buildings.fid--578fcb21_1a0246d9149_567e","geometry":{"type":"Polygon","coordinates":[[[146848.17999987,170575.57999956],[146850.55,170573.51],[146853.42000001,170570.99999954],[146861.983371,170580.975382],[146856.540242,170585.408775],[146848.17999987,170575.57999956]]]},"geometry_name":"GEOM","properties":{"INSPIRE_ID":"https://databrussels.be/id/building/1646553","BLOCK_ID":"https://databrussels.be/id/block/27703","AREA":91},"bbox":[146848.17999987,170570.99999954,146861.983371,170585.408775]},{"type":"Feature","id":"Buildings.fid--578fcb21_1a0246d9149_5688","geometry":{"type":"Polygon","coordinates":[[[146859.921,170608.762],[146866.440247,170603.23886],[146875.21,170613.99],[146885.90999983,170626.36000005],[146880.03,170632.88],[146859.921,170608.762]]]},"geometry_name":"GEOM","properties":{"INSPIRE_ID":"https://databrussels.be/id/building/1646586","BLOCK_ID":"https://databrussels.be/id/block/29983","AREA":262},"bbox":[146859.921,170603.23886,146885.90999983,170632.88]},{"type":"Feature","id":"Buildings.fid--578fcb21_1a0246d9149_55fc","geometry":{"type":"Polygon","coordinates":[[[146771.25000023,170766.92000038],[146773.78049174,170764.1343063],[146774.36999962,170763.43999988],[146775.64000017,170764.96999952],[146780.89999968,170769.85999959],[146787.81029558,170776.4495643],[146776.33445219,170788.86332132],[146764.97787076,170778.81720285],[146764.74294516,170774.19123489],[146770.05752369,170768.34252239],[146771.25000023,170766.92000038]]]},"geometry_name":"GEOM","properties":{"INSPIRE_ID":"https://databrussels.be/id/building/1646609","BLOCK_ID":"https://databrussels.be/id/block/25210","AREA":314},"bbox":[146764.74294516,170763.43999988,146787.81029558,170788.86332132]},{"type":"Feature","id":"Buildings.fid--578fcb21_1a0246d9149_55c0","geometry":{"type":"Polygon","coordinates":[[[146776.057,170941.227],[146777.56000028,170930.49999993],[146781.52000044,170931.0000004],[146780.011,170941.748],[146776.057,170941.227]]]},"geometry_name":"GEOM","properties":{"INSPIRE_ID":"https://databrussels.be/id/building/1646646","BLOCK_ID":"https://databrussels.be/id/block/28233","AREA":43},"bbox":[146776.057,170930.49999993,146781.52000044,170941.748]},{"type":"Feature","id":"Buildings.fid--578fcb21_1a0246d9149_568d","geometry":{"type":"Polygon","coordinates":[[[146845.78,170620.56],[146849.96,170617.12],[146855.92600031,170624.27499975],[146856.62000029,170625.05000029],[146858.1400001,170626.98999981],[146857.47999977,170627.58000025],[146854.51,170629.83],[146853.81000009,170630.44000026],[146852.44,170628.83],[146851.12999972,170627.28999998],[146845.78,170620.56]]]},"geometry_name":"GEOM","properties":{"INSPIRE_ID":"https://databrussels.be/id/building/1646647","BLOCK_ID":"https://databrussels.be/id/block/29983","AREA":71},"bbox":[146845.78,170617.12,146858.1400001,170630.44000026]},{"type":"Feature","id":"Buildings.fid--578fcb21_1a0246d9149_5653","geometry":{"type":"Polygon","coordinates":[[[146878.41000002,170674.58999979],[146889.8,170661.85],[146894.66,170656.51],[146889.66,170651.92],[146911.0762165,170628.22785751],[146927.21999958,170610.55000047],[146932.37,170615.28],[146923.53,170624.71],[146919.53,170629.28],[146926.55,170635.73],[146922.82,170639.8],[146901.46,170663.05],[146900.92,170663.63],[146895.31,170669.74],[146885.11000012,170680.85000044],[146878.41000002,170674.58999979]]]},"geometry_name":"GEOM","properties":{"INSPIRE_ID":"https://databrussels.be/id/building/1647436","BLOCK_ID":"https://databrussels.be/id/block/29983","AREA":962},"bbox":[146878.41000002,170610.55000047,146932.37,170680.85000044]},{"type":"Feature","id":"Buildings.fid--578fcb21_1a0246d9149_565c","geometry":{"type":"Polygon","coordinates":[[[146917.25,170573.38],[146916.85000026,170572.89999974],[146924.2,170566.77],[146924.43,170567.05],[146928.09,170563.98],[146928.25,170564.12],[146930.88,170561.93],[146932.19,170563.5],[146934.04,170561.96],[146941.51,170570.92],[146926.59,170583.36],[146926.12,170583.73],[146936.22225117,170596.08253703],[146942.21554989,170589.78358466],[146952.29000058,170579.14999964],[146959.35300005,170571.76200029],[146936.528602,170544.304523],[146903.08198959,170572.42804439],[146909.39878908,170579.92765119],[146917.25,170573.38]]]},"geometry_name":"GEOM","properties":{"INSPIRE_ID":"https://databrussels.be/id/building/1647438","BLOCK_ID":"https://databrussels.be/id/block/30844","AREA":1075},"bbox":[146903.08198959,170544.304523,146959.35300005,170596.08253703]},{"type":"Feature","id":"Buildings.fid--578fcb21_1a0246d9149_5654","geometry":{"type":"Polygon","coordinates":[[[146886.2,170626.05],[146890.54149952,170621.3396676],[146896.55452486,170614.64022877],[146896.1,170614.15],[146900.87000018,170608.65000035],[146905.93000022,170603.44000031],[146911.91000056,170596.80999994],[146924.91689448,170608.53375867],[146927.21999958,170610.55000047],[146911.0762165,170628.22785751],[146889.66,170651.92],[146880.91,170644.02],[146888.77,170635.29],[146888.5,170635.05],[146891.69,170631.51],[146889.83,170629.84],[146890.09,170629.55],[146886.2,170626.05]]]},"geometry_name":"GEOM","properties":{"INSPIRE_ID":"https://databrussels.be/id/building/1647439","BLOCK_ID":"https://databrussels.be/id/block/29983","AREA":993},"bbox":[146880.91,170596.80999994,146927.21999958,170651.92]},{"type":"Feature","id":"Buildings.fid--578fcb21_1a0246d9149_5607","geometry":{"type":"Polygon","coordinates":[[[146735.15000046,170830.51000011],[146735.38671034,170825.26250748],[146737.57799968,170823.25099959],[146744.243,170816.255],[146748.731,170820.3],[146738.90000007,170830.74999971],[146735.15000046,170830.51000011]]]},"geometry_name":"GEOM","properties":{"INSPIRE_ID":"https://databrussels.be/id/building/1647658","BLOCK_ID":"https://databrussels.be/id/block/25209","AREA":92},"bbox":[146735.15000046,170816.255,146748.731,170830.74999971]},{"type":"Feature","id":"Buildings.fid--578fcb21_1a0246d9149_55d0","geometry":{"type":"Polygon","coordinates":[[[146496.42,170904.39],[146497.91000013,170893.7500005],[146500.67999982,170894.13000019],[146506.37,170894.905],[146505.039,170905.536],[146496.42,170904.39]]]},"geometry_name":"GEOM","properties":{"INSPIRE_ID":"https://databrussels.be/id/building/1647659","BLOCK_ID":"https://databrussels.be/id/block/30913","AREA":92},"bbox":[146496.42,170893.7500005,146506.37,170905.536]},{"type":"Feature","id":"Buildings.fid--578fcb21_1a0246d9149_560d","geometry":{"type":"Polygon","coordinates":[[[146723.674,170847.433],[146745.08,170846.71],[146732.40965829,170860.82177633],[146732.72,170861.29],[146732.61,170861.41],[146728.86027504,170861.49742882],[146728.856205,170861.355368],[146728.721,170856.376],[146723.757,170851.816],[146723.674,170847.433]]]},"geometry_name":"GEOM","properties":{"INSPIRE_ID":"https://databrussels.be/id/building/1647692","BLOCK_ID":"https://databrussels.be/id/block/25209","AREA":173},"bbox":[146723.674,170846.71,146745.08,170861.49742882]},{"type":"Feature","id":"Buildings.fid--578fcb21_1a0246d9149_556a","geometry":{"type":"Polygon","coordinates":[[[146972.465,170967.25],[146983.34661335,170968.70898643],[146985.43472703,170952.37110382],[146974.82,170950.98],[146972.78,170964.94],[146972.465,170967.25]]]},"geometry_name":"GEOM","properties":{"INSPIRE_ID":"https://databrussels.be/id/building/1647697","BLOCK_ID":"https://databrussels.be/id/block/25804","AREA":179},"bbox":[146972.465,170950.98,146985.43472703,170968.70898643]},{"type":"Feature","id":"Buildings.fid--578fcb21_1a0246d9149_560e","geometry":{"type":"Polygon","coordinates":[[[146748.81494146,170864.26100847],[146754.2599286,170869.59012537],[146761.84800908,170861.68910592],[146756.13092267,170856.38002201],[146748.81494146,170864.26100847]]]},"geometry_name":"GEOM","properties":{"INSPIRE_ID":"https://databrussels.be/id/building/1647701","BLOCK_ID":"https://databrussels.be/id/block/25209","AREA":84},"bbox":[146748.81494146,170856.38002201,146761.84800908,170869.59012537]},{"type":"Feature","id":"Buildings.fid--578fcb21_1a0246d9149_55a2","geometry":{"type":"Polygon","coordinates":[[[146728.856205,170861.355368],[146728.86027504,170861.49742882],[146732.61,170861.41],[146732.72,170861.29],[146734.94000005,170863.35999964],[146732.83000016,170865.64000026],[146731.44000034,170867.11999964],[146730.99,170869.58],[146730.13,170874.27],[146732.25999979,170876.25999992],[146733.88565847,170877.87999617],[146741.37099999,170884.45800047],[146730.497,170896.395],[146727.668,170895.495],[146724.563,170864.581],[146727.167,170861.429],[146728.856205,170861.355368]]]},"geometry_name":"GEOM","properties":{"INSPIRE_ID":"https://databrussels.be/id/building/1647751","BLOCK_ID":"https://databrussels.be/id/block/25209","AREA":287},"bbox":[146724.563,170861.29,146741.37099999,170896.395]},{"type":"Feature","id":"Buildings.fid--578fcb21_1a0246d9149_564a","geometry":{"type":"Polygon","coordinates":[[[146514.55,170822.96],[146517.69999976,170819.3699997],[146518.95000024,170817.92999981],[146524.5479999,170811.54400011],[146528.30299997,170807.26100028],[146534.33,170800.38],[146539.7,170805.22],[146532.29,170813.27],[146532,170813.6],[146519.86000023,170827.33999962],[146516.6,170824.73],[146514.55,170822.96]]]},"geometry_name":"GEOM","properties":{"INSPIRE_ID":"https://databrussels.be/id/building/1648586","BLOCK_ID":"https://databrussels.be/id/block/30913","AREA":209},"bbox":[146514.55,170800.38,146539.7,170827.33999962]},{"type":"Feature","id":"Buildings.fid--578fcb21_1a0246d9149_5687","geometry":{"type":"Polygon","coordinates":[[[146866.440247,170603.23886],[146871.839,170598.739],[146880.84,170609.55],[146890.54149952,170621.3396676],[146886.2,170626.05],[146885.90999983,170626.36000005],[146875.21,170613.99],[146866.440247,170603.23886]]]},"geometry_name":"GEOM","properties":{"INSPIRE_ID":"https://databrussels.be/id/building/1648587","BLOCK_ID":"https://databrussels.be/id/block/29983","AREA":209},"bbox":[146866.440247,170598.739,146890.54149952,170626.36000005]},{"type":"Feature","id":"Buildings.fid--578fcb21_1a0246d9149_55a1","geometry":{"type":"Polygon","coordinates":[[[146863.01,170952.8],[146868.34002404,170953.49012655],[146869.33494622,170944.63598804],[146869.42105299,170943.87006741],[146864.62999969,170941.61999976],[146863.01,170952.8]]]},"geometry_name":"GEOM","properties":{"INSPIRE_ID":"https://databrussels.be/id/building/1648623","BLOCK_ID":"https://databrussels.be/id/block/28233","AREA":55},"bbox":[146863.01,170941.61999976,146869.42105299,170953.49012655]},{"type":"Feature","id":"Buildings.fid--578fcb21_1a0246d9149_5679","geometry":{"type":"Polygon","coordinates":[[[146875.53999982,170548.61999997],[146874,170546.93],[146877.62,170543.64],[146881.22999992,170540.34999985],[146893.343486,170554.555401],[146889.463,170557.726],[146886.019689,170560.663622],[146875.53999982,170548.61999997]]]},"geometry_name":"GEOM","properties":{"INSPIRE_ID":"https://databrussels.be/id/building/1648829","BLOCK_ID":"https://databrussels.be/id/block/27703","AREA":178},"bbox":[146874,170540.34999985,146893.343486,170560.663622]},{"type":"Feature","id":"Buildings.fid--578fcb21_1a0246d9149_5636","geometry":{"type":"Polygon","coordinates":[[[146879.13999949,170712.98999986],[146886.29,170705.39],[146894.99,170713.322],[146895.057,170716.26],[146886.98,170724.8],[146879.34800033,170717.77199982],[146881.51000022,170715.43999948],[146881.47999981,170715.17000026],[146879.13999949,170712.98999986]]]},"geometry_name":"GEOM","properties":{"INSPIRE_ID":"https://databrussels.be/id/building/1648830","BLOCK_ID":"https://databrussels.be/id/block/25210","AREA":178},"bbox":[146879.13999949,170705.39,146895.057,170724.8]},{"type":"Feature","id":"Buildings.fid--578fcb21_1a0246d9149_55d2","geometry":{"type":"Polygon","coordinates":[[[146497.33,170945.27],[146500.98,170922.08],[146510.59,170923.37],[146509.06,170935.91],[146504.67,170935.14],[146503.6,170943.06],[146501.04,170942.78],[146500.65,170945.72],[146497.86,170945.35],[146497.33,170945.27]]]},"geometry_name":"GEOM","properties":{"INSPIRE_ID":"https://databrussels.be/id/building/1648831","BLOCK_ID":"https://databrussels.be/id/block/30906","AREA":180},"bbox":[146497.33,170922.08,146510.59,170945.72]},{"type":"Feature","id":"Buildings.fid--578fcb21_1a0246d9149_55cc","geometry":{"type":"Polygon","coordinates":[[[146542.34,170910.61],[146544.21966499,170895.44993108],[146545.1,170889.94],[146548.11,170890.31],[146547.47,170895.49],[146554.71999984,170896.40000026],[146552.78,170911.88],[146552.62,170911.86],[146542.34,170910.61]]]},"geometry_name":"GEOM","properties":{"INSPIRE_ID":"https://databrussels.be/id/building/1648832","BLOCK_ID":"https://databrussels.be/id/block/30913","AREA":181},"bbox":[146542.34,170889.94,146554.71999984,170911.88]},{"type":"Feature","id":"Buildings.fid--578fcb21_1a0246d9149_5627","geometry":{"type":"Polygon","coordinates":[[[146790.82,170669.74],[146795.732,170664.443],[146816.35999947,170684.49000005],[146812.09999944,170689.23999989],[146808.55129063,170686.01095233],[146804.44,170682.27],[146806.09,170680.28],[146803.49,170677.55],[146801.4100005,170679.52000021],[146790.82,170669.74]]]},"geometry_name":"GEOM","properties":{"INSPIRE_ID":"https://databrussels.be/id/building/1648835","BLOCK_ID":"https://databrussels.be/id/block/25210","AREA":186},"bbox":[146790.82,170664.443,146816.35999947,170689.23999989]},{"type":"Feature","id":"Buildings.fid--578fcb21_1a0246d9149_5681","geometry":{"type":"Polygon","coordinates":[[[146883.98,170588.53],[146889.435237,170583.777027],[146905.93000022,170603.44000031],[146900.87000018,170608.65000035],[146896.99000016,170603.83999941],[146883.98,170588.53]]]},"geometry_name":"GEOM","properties":{"INSPIRE_ID":"https://databrussels.be/id/building/1648837","BLOCK_ID":"https://databrussels.be/id/block/29983","AREA":186},"bbox":[146883.98,170583.777027,146905.93000022,170608.65000035]},{"type":"Feature","id":"Buildings.fid--578fcb21_1a0246d9149_568e","geometry":{"type":"Polygon","coordinates":[[[146841.150507,170641.123255],[146834.485024,170634.715545],[146834.619868,170629.953025],[146845.78,170620.56],[146851.12999972,170627.28999998],[146848.61,170630],[146850.16,170631.43],[146841.150507,170641.123255]]]},"geometry_name":"GEOM","properties":{"INSPIRE_ID":"https://databrussels.be/id/building/1648838","BLOCK_ID":"https://databrussels.be/id/block/29983","AREA":190},"bbox":[146834.485024,170620.56,146851.12999972,170641.123255]},{"type":"Feature","id":"Buildings.fid--578fcb21_1a0246d9149_5630","geometry":{"type":"Polygon","coordinates":[[[146766.123,170701.2],[146770.871,170694.531],[146820.03000029,170728.11000016],[146815.82,170732.78999954],[146766.123,170701.2]]]},"geometry_name":"GEOM","properties":{"INSPIRE_ID":"https://databrussels.be/id/building/1648874","BLOCK_ID":"https://databrussels.be/id/block/25210","AREA":426},"bbox":[146766.123,170694.531,146820.03000029,170732.78999954]},{"type":"Feature","id":"Buildings.fid--578fcb21_1a0246d9149_5667","geometry":{"type":"Polygon","coordinates":[[[146957.521,170671.586],[146964.25899958,170664.2660001],[146969.01641917,170668.83100198],[146971.67814202,170671.10500421],[146960.49584361,170683.30665943],[146963.97926225,170686.5186867],[146957.99367736,170693.1658913],[146954.48891218,170689.86117117],[146943.838,170701.483],[146940.26048851,170698.34266663],[146936.244,170694.817],[146957.521,170671.586]]]},"geometry_name":"GEOM","properties":{"INSPIRE_ID":"https://databrussels.be/id/building/1648876","BLOCK_ID":"https://databrussels.be/id/block/25805","AREA":460},"bbox":[146936.244,170664.2660001,146971.67814202,170701.483]},{"type":"Feature","id":"Buildings.fid--578fcb21_1a0246d9149_55d8","geometry":{"type":"Polygon","coordinates":[[[146823.88000026,170740.3199996],[146827.93,170735.73],[146831.98000035,170731.53999963],[146834.41999995,170733.7899998],[146847.32099989,170745.65800002],[146858.73,170756.16],[146858.64,170756.26],[146850.66,170764.94],[146823.88000026,170740.3199996]]]},"geometry_name":"GEOM","properties":{"INSPIRE_ID":"https://databrussels.be/id/building/1648877","BLOCK_ID":"https://databrussels.be/id/block/25210","AREA":435},"bbox":[146823.88000026,170731.53999963,146858.73,170764.94]},{"type":"Feature","id":"Buildings.fid--578fcb21_1a0246d9149_5635","geometry":{"type":"Polygon","coordinates":[[[146858.3605,170707.8427],[146855.72,170710.73],[146846.32,170720.63],[146834.42,170733.79],[146831.98,170731.54],[146828.59,170728.42],[146852.4513,170702.3413],[146858.3605,170707.8427]]]},"geometry_name":"GEOM","properties":{"INSPIRE_ID":"https://databrussels.be/id/building/1648879","BLOCK_ID":"https://databrussels.be/id/block/25210","AREA":280},"bbox":[146828.59,170702.3413,146858.3605,170733.79]},{"type":"Feature","id":"Buildings.fid--578fcb21_1a0246d9149_55bf","geometry":{"type":"Polygon","coordinates":[[[146791.11,170943.21],[146793.08000046,170928.18000009],[146797.91999986,170928.7799995],[146797.73,170930.279],[146797.35000348,170933.22999973],[146795.98,170943.9],[146791.11,170943.21]]]},"geometry_name":"GEOM","properties":{"INSPIRE_ID":"https://databrussels.be/id/building/1648930","BLOCK_ID":"https://databrussels.be/id/block/28233","AREA":74},"bbox":[146791.11,170928.18000009,146797.91999986,170943.9]},{"type":"Feature","id":"Buildings.fid--578fcb21_1a0246d9149_5673","geometry":{"type":"Polygon","coordinates":[[[146784.91199999,170535.353],[146807.28396666,170555.62056425],[146817.27470062,170544.61614685],[146794.92261746,170524.3589437],[146812.0400001,170505.65000022],[146820.52999969,170513.29999957],[146822.6377131,170510.95951421],[146848.6,170482.13],[146856.90999999,170472.90999999],[146867.48,170482.87000001],[146835.39794934,170518.36334472],[146844.40613754,170526.74449968],[146878.00643106,170489.46334143],[146882.61125772,170484.15877378],[146889.92095132,170476.29896543],[146900.86247096,170486.25601778],[146893.38322697,170494.4421977],[146883.50939679,170505.54602652],[146851.3599999,170541.20999966],[146842.44141502,170533.25586467],[146825.0281517,170551.05253892],[146814.48,170562.95],[146810.39000001,170559.38],[146804.35,170562.09000001],[146803.09000001,170562.62000001],[146790.08,170550.80999999],[146782.82088571,170551.22173638],[146776.11157162,170545.02546182],[146781.1,170539.54000001],[146784.91199999,170535.353]]]},"geometry_name":"GEOM","properties":{"INSPIRE_ID":"https://databrussels.be/id/building/1649769","BLOCK_ID":"https://databrussels.be/id/block/27703","AREA":3474},"bbox":[146776.11157162,170472.90999999,146900.86247096,170562.95]},{"type":"Feature","id":"Buildings.fid--578fcb21_1a0246d9149_5572","geometry":{"type":"Polygon","coordinates":[[[146509.13999941,170970.75999983],[146516.24000003,170964.9600005],[146525.66,170976.85],[146525.271,170977.164],[146525.32,170978.022],[146524.035,170979.057],[146523.207,170978.826],[146521.143,170980.488],[146521.193,170981.347],[146519.908,170982.382],[146519.079,170982.15],[146518.62,170982.52],[146509.13999941,170970.75999983]]]},"geometry_name":"GEOM","properties":{"INSPIRE_ID":"https://databrussels.be/id/building/1649926","BLOCK_ID":"https://databrussels.be/id/block/30906","AREA":141},"bbox":[146509.13999941,170964.9600005,146525.66,170982.52]},{"type":"Feature","id":"Buildings.fid--578fcb21_1a0246d9149_5683","geometry":{"type":"Polygon","coordinates":[[[146878.544,170593.076],[146883.98,170588.53],[146896.1316,170602.8299],[146893.6826,170604.8779],[146893.9954,170605.2518],[146890.7277,170607.9845],[146890.553,170607.784],[146878.544,170593.076]]]},"geometry_name":"GEOM","properties":{"INSPIRE_ID":"https://databrussels.be/id/building/1649930","BLOCK_ID":"https://databrussels.be/id/block/29983","AREA":139},"bbox":[146878.544,170588.53,146896.1316,170607.9845]},{"type":"Feature","id":"Buildings.fid--578fcb21_1a0246d9149_5609","geometry":{"type":"Polygon","coordinates":[[[146724.092,170829.882],[146724.448,170823.712],[146734.25,170824.56],[146735.47820206,170824.71285468],[146735.38671034,170825.26250748],[146735.15000046,170830.51000011],[146724.092,170829.882]]]},"geometry_name":"GEOM","properties":{"INSPIRE_ID":"https://databrussels.be/id/building/1649936","BLOCK_ID":"https://databrussels.be/id/block/25209","AREA":66},"bbox":[146724.092,170823.712,146735.47820206,170830.51000011]},{"type":"Feature","id":"Buildings.fid--578fcb21_1a0246d9149_5628","geometry":{"type":"Polygon","coordinates":[[[146816.42,170693.16],[146826.58,170702.25],[146831.10992215,170706.31008582],[146834.04496705,170708.97396888],[146850.06612298,170691.44610814],[146859.55011302,170681.07012925],[146848.32000011,170670.83999974],[146842.058,170665.397],[146840.786,170666.817],[146836.018,170672.067],[146833.711,170674.607],[146827.94,170680.35],[146816.42,170693.16]]]},"geometry_name":"GEOM","properties":{"INSPIRE_ID":"https://databrussels.be/id/building/1650027","BLOCK_ID":"https://databrussels.be/id/block/25210","AREA":894},"bbox":[146816.42,170665.397,146859.55011302,170708.97396888]},{"type":"Feature","id":"Buildings.fid--578fcb21_1a0246d9149_55c7","geometry":{"type":"Polygon","coordinates":[[[146533.81,170909.348],[146535.0840908,170900.05009863],[146535.38548581,170898.38036325],[146536.20208101,170891.99541189],[146538.35,170875],[146538.46,170873.57],[146538.46999991,170873.43000037],[146547.2400003,170874.50999961],[146546.98439053,170876.7600281],[146545.58,170886.14],[146545.1,170889.94],[146544.21966499,170895.44993108],[146542.34,170910.61],[146533.81,170909.348]]]},"geometry_name":"GEOM","properties":{"INSPIRE_ID":"https://databrussels.be/id/building/1650033","BLOCK_ID":"https://databrussels.be/id/block/30913","AREA":311},"bbox":[146533.81,170873.43000037,146547.2400003,170910.61]},{"type":"Feature","id":"Buildings.fid--578fcb21_1a0246d9149_5629","geometry":{"type":"Polygon","coordinates":[[[146885.11000012,170680.85000044],[146895.31,170669.74],[146897.7,170671.95],[146898.12,170671.49],[146900.37,170673.48],[146900.13999996,170673.73999979],[146889.69,170685.12],[146885.11000012,170680.85000044]]]},"geometry_name":"GEOM","properties":{"INSPIRE_ID":"https://databrussels.be/id/building/1650866","BLOCK_ID":"https://databrussels.be/id/block/29983","AREA":97},"bbox":[146885.11000012,170669.74,146900.37,170685.12]},{"type":"Feature","id":"Buildings.fid--578fcb21_1a0246d9149_5589","geometry":{"type":"Polygon","coordinates":[[[146813.554,170932.661],[146815.76,170918.74],[146816.2901367,170918.98432387],[146818.06,170919.8],[146822.67796251,170922.33541432],[146822.097299,170926.82840993],[146821.19999996,170933.73999987],[146817.88999964,170933.29100033],[146813.554,170932.661]]]},"geometry_name":"GEOM","properties":{"INSPIRE_ID":"https://databrussels.be/id/building/1650867","BLOCK_ID":"https://databrussels.be/id/block/28233","AREA":97},"bbox":[146813.554,170918.74,146822.67796251,170933.73999987]},{"type":"Feature","id":"Buildings.fid--578fcb21_1a0246d9149_55a9","geometry":{"type":"Polygon","coordinates":[[[146750.551,170898.018],[146754.52,170893.24],[146761.58,170899.65],[146762.26,170900.36],[146761.68,170900.92],[146764.94,170904.32],[146763.87,170910.34],[146757.85,170904.88],[146750.551,170898.018]]]},"geometry_name":"GEOM","properties":{"INSPIRE_ID":"https://databrussels.be/id/building/1650871","BLOCK_ID":"https://databrussels.be/id/block/28233","AREA":99},"bbox":[146750.551,170893.24,146764.94,170910.34]},{"type":"Feature","id":"Buildings.fid--578fcb21_1a0246d9149_55f9","geometry":{"type":"Polygon","coordinates":[[[146752.97,170760.51],[146753.1338,170760.5674],[146752.07,170763.7],[146753.1326,170764.0554],[146752.196,170766.708],[146750.19,170765.99],[146736.57,170761.88],[146738.606,170755.617],[146752.97,170760.51]]]},"geometry_name":"GEOM","properties":{"INSPIRE_ID":"https://databrussels.be/id/building/1650876","BLOCK_ID":"https://databrussels.be/id/block/25210","AREA":100},"bbox":[146736.57,170755.617,146753.1338,170766.708]},{"type":"Feature","id":"Buildings.fid--578fcb21_1a0246d9149_5677","geometry":{"type":"Polygon","coordinates":[[[146881.23,170540.35],[146885.11,170537.1],[146882.83,170534.38],[146885.525,170531.392],[146890.846,170537.692],[146891.799,170536.887],[146892.33,170537.52],[146901.39,170547.823],[146893.343,170554.555],[146881.23,170540.35]]]},"geometry_name":"GEOM","properties":{"INSPIRE_ID":"https://databrussels.be/id/building/1650880","BLOCK_ID":"https://databrussels.be/id/block/27703","AREA":204},"bbox":[146881.23,170531.392,146901.39,170554.555]},{"type":"Feature","id":"Buildings.fid--578fcb21_1a0246d9149_558f","geometry":{"type":"Polygon","coordinates":[[[146864.54,170925.7],[146868.35,170929.13],[146861.96,170935.81],[146860.91,170934.8],[146860.15,170935.6],[146857.31,170933.05],[146857.4,170933],[146858.45,170932.43],[146864.54,170925.7]]]},"geometry_name":"GEOM","properties":{"INSPIRE_ID":"https://databrussels.be/id/building/1651207","BLOCK_ID":"https://databrussels.be/id/block/28233","AREA":50},"bbox":[146857.31,170925.7,146868.35,170935.81]},{"type":"Feature","id":"Buildings.fid--578fcb21_1a0246d9149_55d4","geometry":{"type":"Polygon","coordinates":[[[146514.64400017,170936.89100017],[146516.1,170924.11],[146521.58,170924.85],[146519.77000001,170937.85999998],[146514.6,170937.3],[146514.64400017,170936.89100017]]]},"geometry_name":"GEOM","properties":{"INSPIRE_ID":"https://databrussels.be/id/building/1651236","BLOCK_ID":"https://databrussels.be/id/block/30906","AREA":71},"bbox":[146514.6,170924.11,146521.58,170937.85999998]},{"type":"Feature","id":"Buildings.fid--578fcb21_1a0246d9149_55d3","geometry":{"type":"Polygon","coordinates":[[[146509.06,170935.91],[146510.59,170923.37],[146516.1,170924.11],[146514.64400017,170936.89100017],[146509.06,170935.91]]]},"geometry_name":"GEOM","properties":{"INSPIRE_ID":"https://databrussels.be/id/building/1651244","BLOCK_ID":"https://databrussels.be/id/block/30906","AREA":72},"bbox":[146509.06,170923.37,146516.1,170936.89100017]},{"type":"Feature","id":"Buildings.fid--578fcb21_1a0246d9149_559d","geometry":{"type":"Polygon","coordinates":[[[146832.84,170948.91],[146834.36,170939.32],[146840.02,170940.2],[146840.15,170939.35],[146841.65,170939.59],[146841.51999977,170940.61999988],[146840.14,170949.85],[146832.84,170948.91]]]},"geometry_name":"GEOM","properties":{"INSPIRE_ID":"https://databrussels.be/id/building/1651246","BLOCK_ID":"https://databrussels.be/id/block/28233","AREA":72},"bbox":[146832.84,170939.32,146841.65,170949.85]},{"type":"Feature","id":"Buildings.fid--578fcb21_1a0246d9149_5585","geometry":{"type":"Polygon","coordinates":[[[146803.71,170944.98],[146805.36,170934.97999969],[146809.64,170935.53],[146810.25,170930.7],[146805.98,170930.16],[146807.62999963,170915.26000046],[146815.76,170918.74],[146813.554,170932.661],[146813.06,170936.06],[146813.34999999,170936.09999981],[146811.82,170946.11],[146803.71,170944.98]]]},"geometry_name":"GEOM","properties":{"INSPIRE_ID":"https://databrussels.be/id/building/1652014","BLOCK_ID":"https://databrussels.be/id/block/28233","AREA":213},"bbox":[146803.71,170915.26000046,146815.76,170946.11]},{"type":"Feature","id":"Buildings.fid--578fcb21_1a0246d9149_5676","geometry":{"type":"Polygon","coordinates":[[[146886.482,170530.338],[146887.05,170529.7],[146892.54,170523.66],[146908.298,170542.046],[146901.39,170547.823],[146892.33,170537.52],[146891.799,170536.887],[146890.11,170534.87],[146886.74,170530.65],[146886.482,170530.338]]]},"geometry_name":"GEOM","properties":{"INSPIRE_ID":"https://databrussels.be/id/building/1652015","BLOCK_ID":"https://databrussels.be/id/block/27703","AREA":214},"bbox":[146886.482,170523.66,146908.298,170547.823]},{"type":"Feature","id":"Buildings.fid--578fcb21_1a0246d9149_557b","geometry":{"type":"Polygon","coordinates":[[[146539.08400038,170941.04099992],[146540.96,170927.46],[146554.594,170929.298],[146554.580624,170929.394985],[146555.946,170929.577],[146559.60654,170933.513378],[146558.72917889,170939.93074752],[146548.35434891,170938.53176745],[146548.01290224,170941.60232605],[146546.63999992,170941.38999946],[146546.42000002,170940.80000001],[146545.11999985,170941.86000007],[146539.08400038,170941.04099992]]]},"geometry_name":"GEOM","properties":{"INSPIRE_ID":"https://databrussels.be/id/building/1652016","BLOCK_ID":"https://databrussels.be/id/block/30906","AREA":216},"bbox":[146539.08400038,170927.46,146559.60654,170941.86000007]},{"type":"Feature","id":"Buildings.fid--578fcb21_1a0246d9149_5625","geometry":{"type":"Polygon","coordinates":[[[146795.732,170664.443],[146801.44,170658.85],[146813.23999981,170670.82000005],[146816.33,170673.95],[146821.28999969,170678.99000017],[146816.35999947,170684.49000005],[146795.732,170664.443]]]},"geometry_name":"GEOM","properties":{"INSPIRE_ID":"https://databrussels.be/id/building/1652017","BLOCK_ID":"https://databrussels.be/id/block/25210","AREA":219},"bbox":[146795.732,170658.85,146821.28999969,170684.49000005]},{"type":"Feature","id":"Buildings.fid--578fcb21_1a0246d9149_5655","geometry":{"type":"Polygon","coordinates":[[[146889.435237,170583.777027],[146896.25,170578.21],[146911.91000056,170596.80999994],[146905.93000022,170603.44000031],[146889.435237,170583.777027]]]},"geometry_name":"GEOM","properties":{"INSPIRE_ID":"https://databrussels.be/id/building/1652019","BLOCK_ID":"https://databrussels.be/id/block/30844","AREA":220},"bbox":[146889.435237,170578.21,146911.91000056,170603.44000031]},{"type":"Feature","id":"Buildings.fid--578fcb21_1a0246d9149_5561","geometry":{"type":"Polygon","coordinates":[[[146924.68,170958.99],[146930.41,170952.73],[146934.73,170953.14],[146934.5,170955.05],[146933.641,170962.046],[146927.267,170961.192],[146924.68,170958.99]]]},"geometry_name":"GEOM","properties":{"INSPIRE_ID":"https://databrussels.be/id/building/1652184","BLOCK_ID":"https://databrussels.be/id/block/25804","AREA":62},"bbox":[146924.68,170952.73,146934.73,170962.046]},{"type":"Feature","id":"Buildings.fid--578fcb21_1a0246d9149_564c","geometry":{"type":"Polygon","coordinates":[[[146518.95000024,170817.92999981],[146516.48,170815.8],[146522.039,170809.322],[146524.5479999,170811.54400011],[146518.95000024,170817.92999981]]]},"geometry_name":"GEOM","properties":{"INSPIRE_ID":"https://databrussels.be/id/building/1652194","BLOCK_ID":"https://databrussels.be/id/block/30913","AREA":28},"bbox":[146516.48,170809.322,146524.5479999,170817.92999981]},{"type":"Feature","id":"Buildings.fid--578fcb21_1a0246d9149_5558","geometry":{"type":"Polygon","coordinates":[[[146888.32,170956.06],[146889.16,170948.64],[146889.9,170948.5],[146896.776,170954.858],[146895.537,170957.058],[146888.32,170956.06]]]},"geometry_name":"GEOM","properties":{"INSPIRE_ID":"https://databrussels.be/id/building/1653582","BLOCK_ID":"https://databrussels.be/id/block/28233","AREA":42},"bbox":[146888.32,170948.5,146896.776,170957.058]},{"type":"Feature","id":"Buildings.fid--578fcb21_1a0246d9149_564e","geometry":{"type":"Polygon","coordinates":[[[146509.28,170818.42],[146512.49,170814.76],[146517.69999976,170819.3699997],[146514.55,170822.96],[146509.28,170818.42]]]},"geometry_name":"GEOM","properties":{"INSPIRE_ID":"https://databrussels.be/id/building/1654917","BLOCK_ID":"https://databrussels.be/id/block/30913","AREA":34},"bbox":[146509.28,170814.76,146517.69999976,170822.96]},{"type":"Feature","id":"Buildings.fid--578fcb21_1a0246d9149_557c","geometry":{"type":"Polygon","coordinates":[[[146540.88,170948.16],[146544.75,170945.34],[146546.0900003,170945.47999983],[146557.73130494,170947.22959602],[146556.961,170951.57],[146549.09,170957.92],[146540.88,170948.16]]]},"geometry_name":"GEOM","properties":{"INSPIRE_ID":"https://databrussels.be/id/building/1655001","BLOCK_ID":"https://databrussels.be/id/block/30906","AREA":123},"bbox":[146540.88,170945.34,146557.73130494,170957.92]},{"type":"Feature","id":"Buildings.fid--578fcb21_1a0246d9149_5566","geometry":{"type":"Polygon","coordinates":[[[146965.2500437,170996.03012932],[146967.1699513,170983.74003424],[146962.04,170982.99],[146960.84,170992.01],[146965.2500437,170996.03012932]]]},"geometry_name":"GEOM","properties":{"INSPIRE_ID":"https://databrussels.be/id/building/1656372","BLOCK_ID":"https://databrussels.be/id/block/26375","AREA":55},"bbox":[146960.84,170982.99,146967.1699513,170996.03012932]},{"type":"Feature","id":"Buildings.fid--578fcb21_1a0246d9149_55fb","geometry":{"type":"Polygon","coordinates":[[[146758.23,170768.93],[146760.53000056,170763.15999983],[146764.97,170764.72],[146760.52,170769.6],[146758.23,170768.93]]]},"geometry_name":"GEOM","properties":{"INSPIRE_ID":"https://databrussels.be/id/building/1657615","BLOCK_ID":"https://databrussels.be/id/block/25210","AREA":22},"bbox":[146758.23,170763.15999983,146764.97,170769.6]},{"type":"Feature","id":"Buildings.fid--578fcb21_1a0246d9149_55b4","geometry":{"type":"Polygon","coordinates":[[[146734.643,170915.382],[146738.409,170911.348],[146745.71,170917.98],[146743.84,170920],[146747.2,170923.11],[146744.25,170924.12],[146741.78,170921.95],[146734.643,170915.382]]]},"geometry_name":"GEOM","properties":{"INSPIRE_ID":"https://databrussels.be/id/building/1658973","BLOCK_ID":"https://databrussels.be/id/block/28233","AREA":65},"bbox":[146734.643,170911.348,146747.2,170924.12]},{"type":"Feature","id":"Buildings.fid--578fcb21_1a0246d9149_5568","geometry":{"type":"Polygon","coordinates":[[[146966.85,170964.12],[146972.78,170964.94],[146972.465,170967.25],[146966.54,170966.456],[146966.85,170964.12]]]},"geometry_name":"GEOM","properties":{"INSPIRE_ID":"https://databrussels.be/id/building/1659028","BLOCK_ID":"https://databrussels.be/id/block/25804","AREA":14},"bbox":[146966.54,170964.12,146972.78,170967.25]},{"type":"Feature","id":"Buildings.fid--578fcb21_1a0246d9149_5639","geometry":{"type":"Polygon","coordinates":[[[146862.03,170726.57],[146865.93,170722.12],[146866.81,170722.76],[146879,170733.69],[146874.91,170738.47],[146862.03,170726.57]]]},"geometry_name":"GEOM","properties":{"INSPIRE_ID":"https://databrussels.be/id/building/1660510","BLOCK_ID":"https://databrussels.be/id/block/25210","AREA":108},"bbox":[146862.03,170722.12,146879,170738.47]},{"type":"Feature","id":"Buildings.fid--578fcb21_1a0246d9149_55a0","geometry":{"type":"Polygon","coordinates":[[[146879.14996249,170954.88004403],[146888.32,170956.06],[146889.16,170948.64],[146889.9,170948.5],[146881.44,170940.89],[146879.14996249,170954.88004403]]]},"geometry_name":"GEOM","properties":{"INSPIRE_ID":"https://databrussels.be/id/building/1661712","BLOCK_ID":"https://databrussels.be/id/block/28233","AREA":101},"bbox":[146879.14996249,170940.89,146889.9,170956.06]},{"type":"Feature","id":"Buildings.fid--578fcb21_1a0246d9149_5650","geometry":{"type":"Polygon","coordinates":[[[146524.13010925,170831.0698717],[146527.539,170827.08],[146530.69255047,170829.90259808],[146527.21000049,170833.93999978],[146524.13010925,170831.0698717]]]},"geometry_name":"GEOM","properties":{"INSPIRE_ID":"https://databrussels.be/id/building/1661922","BLOCK_ID":"https://databrussels.be/id/block/30913","AREA":22},"bbox":[146524.13010925,170827.08,146530.69255047,170833.93999978]},{"type":"Feature","id":"Buildings.fid--578fcb21_1a0246d9149_55b7","geometry":{"type":"Polygon","coordinates":[[[146733.288,170927.948],[146730.317,170919.925],[146734.643,170915.382],[146741.78,170921.95],[146744.25,170924.12],[146733.288,170927.948]]]},"geometry_name":"GEOM","properties":{"INSPIRE_ID":"https://databrussels.be/id/building/1663043","BLOCK_ID":"https://databrussels.be/id/block/28233","AREA":90},"bbox":[146730.317,170915.382,146744.25,170927.948]},{"type":"Feature","id":"Buildings.fid--578fcb21_1a0246d9149_5579","geometry":{"type":"Polygon","coordinates":[[[146532.03,170936.57],[146533.51,170926.46],[146540.96,170927.46],[146539.08400038,170941.04099992],[146538.95999981,170941.93999985],[146537.57,170941.75],[146537.28,170943.84],[146536.45,170944.45],[146533.3,170944.02],[146532.69,170943.28],[146532.92,170941.14],[146531.44,170940.94],[146532.03,170936.57]]]},"geometry_name":"GEOM","properties":{"INSPIRE_ID":"https://databrussels.be/id/building/1664485","BLOCK_ID":"https://databrussels.be/id/block/30906","AREA":123},"bbox":[146531.44,170926.46,146540.96,170944.45]},{"type":"Feature","id":"Buildings.fid--578fcb21_1a0246d9149_561d","geometry":{"type":"Polygon","coordinates":[[[146851.45,170650.25],[146862.66,170638.02],[146864.05,170639.3],[146864.44,170638.88],[146866.85,170636.26],[146870.04,170639.19],[146868.17,170641.23],[146870.35,170643.23],[146864.53,170649.57],[146858.29,170656.38],[146851.45,170650.25]]]},"geometry_name":"GEOM","properties":{"INSPIRE_ID":"https://databrussels.be/id/building/1665717","BLOCK_ID":"https://databrussels.be/id/block/29983","AREA":174},"bbox":[146851.45,170636.26,146870.35,170656.38]},{"type":"Feature","id":"Buildings.fid--578fcb21_1a0246d9149_5661","geometry":{"type":"Polygon","coordinates":[[[146929.7099,170701.9519],[146936.649,170708.159],[146938.763,170710.05],[146948.56,170718.81],[146938.429,170729.855],[146919.75,170712.826],[146929.7099,170701.9519]]]},"geometry_name":"GEOM","properties":{"INSPIRE_ID":"https://databrussels.be/id/building/1665753","BLOCK_ID":"https://databrussels.be/id/block/25805","AREA":376},"bbox":[146919.75,170701.9519,146948.56,170729.855]},{"type":"Feature","id":"Buildings.fid--578fcb21_1a0246d9149_5565","geometry":{"type":"Polygon","coordinates":[[[146960.84,170992.01],[146952.681,170984.798],[146954.15,170981.885],[146962.04,170982.99],[146960.84,170992.01]]]},"geometry_name":"GEOM","properties":{"INSPIRE_ID":"https://databrussels.be/id/building/1665783","BLOCK_ID":"https://databrussels.be/id/block/26375","AREA":53},"bbox":[146952.681,170981.885,146962.04,170992.01]},{"type":"Feature","id":"Buildings.fid--578fcb21_1a0246d9149_5638","geometry":{"type":"Polygon","coordinates":[[[146866.81,170722.76],[146869.66,170719.27],[146874.12,170723.41],[146875.31,170722.13],[146879.34800033,170717.77199982],[146886.98,170724.8],[146879,170733.69],[146866.81,170722.76]]]},"geometry_name":"GEOM","properties":{"INSPIRE_ID":"https://databrussels.be/id/building/1665848","BLOCK_ID":"https://databrussels.be/id/block/25210","AREA":152},"bbox":[146866.81,170717.77199982,146886.98,170733.69]},{"type":"Feature","id":"Buildings.fid--578fcb21_1a0246d9149_561f","geometry":{"type":"Polygon","coordinates":[[[146807.35,170653.142],[146816.957,170644.537],[146819.958416,170644.543048],[146828.29,170652.28],[146821.68,170659.5],[146819.23,170657.32],[146818.71,170657.36],[146814.5,170661.29],[146807.35,170653.142]]]},"geometry_name":"GEOM","properties":{"INSPIRE_ID":"https://databrussels.be/id/building/1667113","BLOCK_ID":"https://databrussels.be/id/block/25210","AREA":195},"bbox":[146807.35,170644.537,146828.29,170661.29]},{"type":"Feature","id":"Buildings.fid--578fcb21_1a0246d9149_55d5","geometry":{"type":"Polygon","coordinates":[[[146526.13,170935.77],[146527.76,170925.68],[146533.51,170926.46],[146532.03,170936.57],[146526.13,170935.77]]]},"geometry_name":"GEOM","properties":{"INSPIRE_ID":"https://databrussels.be/id/building/1668506","BLOCK_ID":"https://databrussels.be/id/block/30906","AREA":60},"bbox":[146526.13,170925.68,146533.51,170936.57]},{"type":"Feature","id":"Buildings.fid--578fcb21_1a0246d9149_5578","geometry":{"type":"Polygon","coordinates":[[[146523.11,170962.63],[146526.09,170960.19],[146525.55,170959.45],[146528.02,170957.44],[146530.5,170955.41],[146531.01,170956.11],[146534.05,170953.88999966],[146541.95,170963.69],[146531.07,170972.48],[146523.11,170962.63]]]},"geometry_name":"GEOM","properties":{"INSPIRE_ID":"https://databrussels.be/id/building/1669754","BLOCK_ID":"https://databrussels.be/id/block/30906","AREA":183},"bbox":[146523.11,170953.88999966,146541.95,170972.48]},{"type":"Feature","id":"Buildings.fid--578fcb21_1a0246d9149_55d7","geometry":{"type":"Polygon","coordinates":[[[146900.785,170733.487],[146907.264,170726.402],[146910.089,170727.054],[146919.427,170735.458],[146913.9,170740.83],[146912.26,170739.08],[146911.42,170739.06],[146909.75,170737.51],[146907.55,170739.86],[146900.785,170733.487]]]},"geometry_name":"GEOM","properties":{"INSPIRE_ID":"https://databrussels.be/id/building/1669862","BLOCK_ID":"https://databrussels.be/id/block/25804","AREA":145},"bbox":[146900.785,170726.402,146919.427,170740.83]},{"type":"Feature","id":"Buildings.fid--578fcb21_1a0246d9149_568f","geometry":{"type":"Polygon","coordinates":[[[146841.150507,170641.123255],[146850.16,170631.43],[146852.44,170628.83],[146853.81000009,170630.44000026],[146855.02,170631.84],[146852.99,170633.59],[146855.84,170636.3],[146846.728326,170646.156754],[146841.150507,170641.123255]]]},"geometry_name":"GEOM","properties":{"INSPIRE_ID":"https://databrussels.be/id/building/1671152","BLOCK_ID":"https://databrussels.be/id/block/29983","AREA":112},"bbox":[146841.150507,170628.83,146855.84,170646.156754]},{"type":"Feature","id":"Buildings.fid--578fcb21_1a0246d9149_563a","geometry":{"type":"Polygon","coordinates":[[[146853.11999988,170726.76999954],[146857.3599996,170722.27000015],[146862.03,170726.57],[146857.31000065,170731.62999996],[146852.59000061,170727.36000028],[146853.11999988,170726.76999954]]]},"geometry_name":"GEOM","properties":{"INSPIRE_ID":"https://databrussels.be/id/building/1672518","BLOCK_ID":"https://databrussels.be/id/block/25210","AREA":44},"bbox":[146852.59000061,170722.27000015,146862.03,170731.62999996]},{"type":"Feature","id":"Buildings.fid--578fcb21_1a0246d9149_5567","geometry":{"type":"Polygon","coordinates":[[[146965.2500437,170996.03012932],[146970.88000719,171001.16001989],[146975.40862647,170996.99981917],[146975.67498506,170995.01406063],[146976.9898883,170985.17007108],[146967.1699513,170983.74003424],[146965.2500437,170996.03012932]]]},"geometry_name":"GEOM","properties":{"INSPIRE_ID":"https://databrussels.be/id/building/1672520","BLOCK_ID":"https://databrussels.be/id/block/26375","AREA":146},"bbox":[146965.2500437,170983.74003424,146976.9898883,171001.16001989]},{"type":"Feature","id":"Buildings.fid--578fcb21_1a0246d9149_567a","geometry":{"type":"Polygon","coordinates":[[[146868.8,170554.25],[146875.53999982,170548.61999997],[146886.019689,170560.663622],[146879.05,170566.49],[146878.74,170566.15],[146868.8,170554.25]]]},"geometry_name":"GEOM","properties":{"INSPIRE_ID":"https://databrussels.be/id/building/1735483","BLOCK_ID":"https://databrussels.be/id/block/27703","AREA":143},"bbox":[146868.8,170548.61999997,146886.019689,170566.49]},{"type":"Feature","id":"Buildings.fid--578fcb21_1a0246d9149_5643","geometry":{"type":"Polygon","coordinates":[[[146552.47700014,170758.63200005],[146555.86000011,170754.77000006],[146558.00999964,170752.31000047],[146559.96,170758.18],[146556.566,170762.046],[146552.47700014,170758.63200005]]]},"geometry_name":"GEOM","properties":{"INSPIRE_ID":"https://databrussels.be/id/building/1736875","BLOCK_ID":"https://databrussels.be/id/block/31042","AREA":36},"bbox":[146552.47700014,170752.31000047,146559.96,170762.046]},{"type":"Feature","id":"Buildings.fid--578fcb21_1a0246d9149_567b","geometry":{"type":"Polygon","coordinates":[[[146862.49,170560.84],[146861.8,170560],[146868.8,170554.25],[146878.74,170566.15],[146879.05,170566.49],[146872.324256,170572.289964],[146862.49,170560.84]]]},"geometry_name":"GEOM","properties":{"INSPIRE_ID":"https://databrussels.be/id/building/1745031","BLOCK_ID":"https://databrussels.be/id/block/27703","AREA":144},"bbox":[146861.8,170554.25,146879.05,170572.289964]},{"type":"Feature","id":"Buildings.fid--578fcb21_1a0246d9149_5689","geometry":{"type":"Polygon","coordinates":[[[146816.43,170608.09],[146817.91,170606.548],[146820.228,170604.043],[146820.96,170604.72],[146823.01,170607.17],[146826.274,170610.92],[146819.442,170616.62],[146814.381,170616.484],[146811.131,170613.54],[146816.43,170608.09]]]},"geometry_name":"GEOM","properties":{"INSPIRE_ID":"https://databrussels.be/id/building/1747770","BLOCK_ID":"https://databrussels.be/id/block/27703","AREA":101},"bbox":[146811.131,170604.043,146826.274,170616.62]},{"type":"Feature","id":"Buildings.fid--578fcb21_1a0246d9149_564f","geometry":{"type":"Polygon","coordinates":[[[146571.1944,170858.07154243],[146569.27920001,170852.49904243],[146570.7591,170851.97484243],[146570.52250001,170851.12964243],[146570.22190001,170850.05544243],[146568.991,170848.98894243],[146565.4409,170845.91274243],[146564.3304,170847.18934243],[146554.6026,170838.59994243],[146555.7649,170837.27444243],[146554.24400001,170835.98264243],[146550.5933,170832.88184243],[146549.46440001,170834.19204243],[146545.3405,170830.59454243],[146554.5034,170820.36804243],[146555.64800001,170819.09064243],[146562.67000001,170825.25084243],[146574.154,170835.32544243],[146577.9901,170838.65204243],[146580.08900001,170840.67644243],[146582.914,170845.06594243],[146583.9177,170848.17684243],[146585.6351,170853.12994243],[146584.18670001,170853.62564243],[146571.1944,170858.07154243]]]},"geometry_name":"GEOM","properties":{"INSPIRE_ID":"https://databrussels.be/id/building/1772902","BLOCK_ID":"https://databrussels.be/id/block/30913","AREA":626},"bbox":[146545.3405,170819.09064243,146585.6351,170858.07154243]},{"type":"Feature","id":"Buildings.fid--578fcb21_1a0246d9149_55c4","geometry":{"type":"MultiPolygon","coordinates":[[[[146537.10000001,170868.83924243],[146536.9431,170870.05474243],[146536.18500001,170875.92644243],[146532.963,170875.51054243],[146533.72110001,170869.63874243],[146533.878,170868.42324243],[146537.10000001,170868.83924243]]],[[[146534.79550001,170847.29584243],[146531.1825,170875.28064243],[146521.2486,170873.99804243],[146524.8616,170846.01334243],[146534.79550001,170847.29584243]]]]},"geometry_name":"GEOM","properties":{"INSPIRE_ID":"https://databrussels.be/id/building/1772903","BLOCK_ID":"https://databrussels.be/id/block/30913","AREA":306},"bbox":[146521.2486,170846.01334243,146537.10000001,170875.92644243]},{"type":"Feature","id":"Buildings.fid--578fcb21_1a0246d9149_55cb","geometry":{"type":"Polygon","coordinates":[[[146535.385,170898.38084243],[146535.12900001,170899.79984243],[146535.084,170900.05084243],[146534.44300001,170904.72384243],[146534.1302,170907.00904243],[146533.8485,170909.06784243],[146527.6354,170908.24824243],[146525.46930001,170907.96244243],[146520.10490001,170907.25484243],[146512.52130001,170906.25444243],[146512.7908,170904.18534243],[146514.10360001,170894.26004243],[146514.312,170892.68454243],[146514.6989,170889.75984243],[146536.13050001,170892.55244243],[146535.988,170893.66184243],[146535.75100001,170895.51424243],[146535.5496,170897.08924243],[146535.419,170898.10984243],[146535.385,170898.38084243]]]},"geometry_name":"GEOM","properties":{"INSPIRE_ID":"https://databrussels.be/id/building/1772904","BLOCK_ID":"https://databrussels.be/id/block/30913","AREA":359},"bbox":[146512.52130001,170889.75984243,146536.13050001,170909.06784243]},{"type":"Feature","id":"Buildings.fid--578fcb21_1a0246d9149_562e","geometry":{"type":"Polygon","coordinates":[[[146850.06612298,170691.44610814],[146834.04496705,170708.97396888],[146826.38204471,170717.35700251],[146821.90001653,170722.26000712],[146823.94005949,170724.13808718],[146828.59,170728.42],[146852.64767497,170702.12671856],[146856.00812362,170698.43684138],[146856.76954713,170697.57268377],[146856.6911066,170697.50099327],[146850.06612298,170691.44610814]]]},"geometry_name":"GEOM","properties":{"INSPIRE_ID":"https://databrussels.be/id/building/1773695","BLOCK_ID":"https://databrussels.be/id/block/25210","AREA":380},"bbox":[146821.90001653,170691.44610814,146856.76954713,170728.42]},{"type":"Feature","id":"Buildings.fid--578fcb21_1a0246d9149_55c6","geometry":{"type":"Polygon","coordinates":[[[146591.3908,170893.14534243],[146585.5748,170895.04364243],[146581.9018,170884.31294243],[146581.2527,170882.41654243],[146579.6561,170882.96284243],[146575.4687,170870.72594243],[146577.05820001,170870.18194243],[146576.3797,170868.19904243],[146574.84700001,170863.71994243],[146573.3075,170864.24674243],[146571.1944,170858.07154243],[146584.18670001,170853.62564243],[146585.6351,170853.12994243],[146588.69960001,170861.96834243],[146590.14090001,170866.12524243],[146595.1497,170880.57124243],[146598.68400001,170890.76484243],[146597.07530001,170891.28994243],[146594.3273,170892.18684243],[146591.3908,170893.14534243]]]},"geometry_name":"GEOM","properties":{"INSPIRE_ID":"https://databrussels.be/id/building/1775171","BLOCK_ID":"https://databrussels.be/id/block/30913","AREA":577},"bbox":[146571.1944,170853.12994243,146598.68400001,170895.04364243]},{"type":"Feature","id":"Buildings.fid--578fcb21_1a0246d9149_55ac","geometry":{"type":"Polygon","coordinates":[[[146779.814,170902.159],[146785.03,170904.5],[146785.129,170904.585],[146784.33,170909.589],[146778.704,170908.679],[146779.814,170902.159]]]},"geometry_name":"GEOM","properties":{"INSPIRE_ID":"https://databrussels.be/id/building/1775477","BLOCK_ID":"https://databrussels.be/id/block/28233","AREA":33},"bbox":[146778.704,170902.159,146785.129,170909.589]},{"type":"Feature","id":"Buildings.fid--578fcb21_1a0246d9149_5669","geometry":{"type":"Polygon","coordinates":[[[146938.763,170710.05],[146936.649,170708.159],[146938.969,170705.525],[146938.945,170705.283],[146939.771,170704.045],[146940.26,170698.343],[146943.838,170701.483],[146945.209,170703.019],[146938.763,170710.05]]]},"geometry_name":"GEOM","properties":{"INSPIRE_ID":"https://databrussels.be/id/building/1775478","BLOCK_ID":"https://databrussels.be/id/block/25805","AREA":38},"bbox":[146936.649,170698.343,146945.209,170710.05]},{"type":"Feature","id":"Buildings.fid--578fcb21_1a0246d9149_5553","geometry":{"type":"Polygon","coordinates":[[[146780.6747,170975.9596],[146779.4052,170978.176],[146778.3542,170980.011],[146778.5956,170980.1493],[146785.0715,170983.8584],[146812.4828,170999.5589],[146810.5584,170993.1512],[146816.6841,170991.3114],[146819.9657,171002.2377],[146819.2726,171003.4478],[146812.9017,171014.5708],[146811.1157,171013.5478],[146786.408,170999.3959],[146787.0797,170998.2233],[146783.2961,170996.0561],[146782.6244,170997.2288],[146772.2247,170991.2722],[146753.4212,170980.5021],[146758.3462,170971.9036],[146759.1833,170970.4422],[146759.3101,170969.4647],[146760.0491,170963.7683],[146761.0668,170955.9228],[146783.1654,170958.7896],[146804.7417,170961.5887],[146822.1502,170963.847],[146820.8598,170973.7943],[146820.7273,170974.8158],[146819.8343,170981.699],[146817.8136,170981.4368],[146793.0394,170978.2229],[146792.2404,170978.1192],[146781.4506,170972.0142],[146781.1907,170971.9805],[146780.6747,170975.9596]]]},"geometry_name":"GEOM","properties":{"INSPIRE_ID":"https://databrussels.be/id/building/1782745","BLOCK_ID":"https://databrussels.be/id/block/25769","AREA":2010},"bbox":[146753.4212,170955.9228,146822.1502,171014.5708]},{"type":"Feature","id":"Buildings.fid--578fcb21_1a0246d9149_562d","geometry":{"type":"Polygon","coordinates":[[[146856.0639,170698.3735],[146865.478,170687.689],[146866.28,170687.01],[146872.21,170692.46],[146865.112,170700.287],[146865.073,170700.335],[146863.659,170702.049],[146861.9601,170703.9067],[146856.0639,170698.3735]]]},"geometry_name":"GEOM","properties":{"INSPIRE_ID":"https://databrussels.be/id/building/1783200","BLOCK_ID":"https://databrussels.be/id/block/25210","AREA":124},"bbox":[146856.0639,170687.01,146872.21,170703.9067]},{"type":"Feature","id":"Buildings.fid--578fcb21_1a0246d9149_560b","geometry":{"type":"Polygon","coordinates":[[[146741.30755182,170846.83741661],[146738.27640438,170846.93979537],[146738.14046831,170844.04547071],[146740.72606477,170841.59981806],[146741.30755182,170846.83741661]]]},"geometry_name":"GEOM","properties":{"INSPIRE_ID":"https://databrussels.be/id/building/1783708","BLOCK_ID":"https://databrussels.be/id/block/25209","AREA":12},"bbox":[146738.14046831,170841.59981806,146741.30755182,170846.93979537]},{"type":"Feature","id":"Buildings.fid--578fcb21_1a0246d9149_55d1","geometry":{"type":"Polygon","coordinates":[[[146604.62223338,170908.16260461],[146600.96269106,170909.47487387],[146602.42228948,170913.54527492],[146600.14415358,170914.36218793],[146597.84587676,170907.95295356],[146603.78355499,170905.82377129],[146604.62223338,170908.16260461]]]},"geometry_name":"GEOM","properties":{"INSPIRE_ID":"https://databrussels.be/id/building/1783709","BLOCK_ID":"https://databrussels.be/id/block/30913","AREA":26},"bbox":[146597.84587676,170905.82377129,146604.62223338,170914.36218793]},{"type":"Feature","id":"Buildings.fid--578fcb21_1a0246d9149_55d9","geometry":{"type":"Polygon","coordinates":[[[146911.34484645,170743.55906453],[146907.64,170747.52],[146907.9239803,170747.78562416],[146902.53303644,170753.75475817],[146891.71,170743.86],[146900.785,170733.487],[146907.55,170739.86],[146911.34484645,170743.55906453]]]},"geometry_name":"GEOM","properties":{"INSPIRE_ID":"https://databrussels.be/id/building/1783710","BLOCK_ID":"https://databrussels.be/id/block/25804","AREA":200},"bbox":[146891.71,170733.487,146911.34484645,170753.75475817]},{"type":"Feature","id":"Buildings.fid--578fcb21_1a0246d9149_5644","geometry":{"type":"Polygon","coordinates":[[[146551.6256,170768.188],[146547.4291,170764.3938],[146552.477,170758.632],[146556.566,170762.046],[146556.9153,170762.3376],[146551.6256,170768.188]]]},"geometry_name":"GEOM","properties":{"INSPIRE_ID":"https://databrussels.be/id/building/1785541","BLOCK_ID":"https://databrussels.be/id/block/31042","AREA":44},"bbox":[146547.4291,170758.632,146556.9153,170768.188]},{"type":"Feature","id":"Buildings.fid--578fcb21_1a0246d9149_5554","geometry":{"type":"Polygon","coordinates":[[[146838.5131,170966.07664243],[146860.1387,170969.02124243],[146866.4344,170969.87844243],[146862.63090001,170978.13614243],[146858.213,170987.72754243],[146856.4646,170991.52354243],[146819.1873,170986.68774243],[146819.7322,170982.48784243],[146819.8343,170981.70064243],[146820.72730001,170974.81744243],[146820.85980001,170973.79594243],[146822.15020001,170963.84864243],[146838.5131,170966.07664243]]]},"geometry_name":"GEOM","properties":{"INSPIRE_ID":"https://databrussels.be/id/building/1786799","BLOCK_ID":"https://databrussels.be/id/block/25769","AREA":942},"bbox":[146819.1873,170963.84864243,146866.4344,170991.52354243]},{"type":"Feature","id":"Buildings.fid--578fcb21_1a0246d9149_5618","geometry":{"type":"Polygon","coordinates":[[[146986.65696365,170942.80804284],[146993.49951672,170943.70523123],[146997.75844644,170944.26365559],[147003.03446833,170944.95543952],[147003.7100451,170945.04402011],[147004.44636485,170939.43000605],[146998.31,170938.82],[147002.49,170906.9],[147013.04,170911.62],[147013.32,170911.72],[147013.89,170911.89],[147014.18,170911.92],[147014.47,170911.92],[147014.76,170911.91],[147015.05,170911.89],[147015.33,170911.85],[147015.6,170911.77],[147015.9,170911.61],[147016.17,170911.4],[147016.44,170911.18],[147016.75,170910.91],[147016.9,170910.78],[147023.362,170903.648],[147020.90999979,170901.51999976],[147014.3400001,170908.68999973],[147000,170901.97],[146999.3139044,170901.64097138],[146981.61874294,170893.63591588],[146975.16,170942.94],[146986.44668673,170944.45329791],[146986.65696365,170942.80804284]]]},"geometry_name":"GEOM","properties":{"INSPIRE_ID":"https://databrussels.be/id/building/1788817","BLOCK_ID":"https://databrussels.be/id/block/25804","AREA":1133},"bbox":[146975.16,170893.63591588,147023.362,170945.04402011]},{"type":"Feature","id":"Buildings.fid--578fcb21_1a0246d9149_5603","geometry":{"type":"Polygon","coordinates":[[[146783.68706699,170801.77225884],[146787.56938412,170805.48743425],[146786.03167923,170807.21632391],[146781.53398781,170802.99263828],[146783.14257218,170801.25120564],[146783.68706699,170801.77225884]]]},"geometry_name":"GEOM","properties":{"INSPIRE_ID":"https://databrussels.be/id/building/1789822","BLOCK_ID":"https://databrussels.be/id/block/25210","AREA":14},"bbox":[146781.53398781,170801.25120564,146787.56938412,170807.21632391]},{"type":"Feature","id":"Buildings.fid--578fcb21_1a0246d9149_563f","geometry":{"type":"Polygon","coordinates":[[[146641.17624982,170695.68429929],[146642.25516715,170689.94550097],[146646.83409754,170690.80635843],[146645.75518021,170696.54515675],[146641.17624982,170695.68429929]]]},"geometry_name":"GEOM","properties":{"INSPIRE_ID":"https://databrussels.be/id/building/1789850","BLOCK_ID":"https://databrussels.be/id/block/30422","AREA":27},"bbox":[146641.17624982,170689.94550097,146646.83409754,170696.54515675]},{"type":"Feature","id":"Buildings.fid--578fcb21_1a0246d9149_5660","geometry":{"type":"Polygon","coordinates":[[[146916.65788483,170647.84500431],[146918.31803436,170646.18819561],[146919.42366698,170647.29605765],[146917.76351746,170648.95286635],[146916.65788483,170647.84500431]]]},"geometry_name":"GEOM","properties":{"INSPIRE_ID":"https://databrussels.be/id/building/1789852","BLOCK_ID":"https://databrussels.be/id/block/29983","AREA":4},"bbox":[146916.65788483,170646.18819561,146919.42366698,170648.95286635]},{"type":"Feature","id":"Buildings.fid--578fcb21_1a0246d9149_555a","geometry":{"type":"Polygon","coordinates":[[[146986.65696365,170942.80804284],[146986.44668673,170944.45329791],[146985.43472703,170952.37110382],[146983.34661335,170968.70898643],[146990.30067135,170969.64116173],[146993.49951672,170943.70523123],[146986.65696365,170942.80804284]]]},"geometry_name":"GEOM","properties":{"INSPIRE_ID":"https://databrussels.be/id/building/1790018","BLOCK_ID":"https://databrussels.be/id/block/25804","AREA":182},"bbox":[146983.34661335,170942.80804284,146993.49951672,170969.64116173]},{"type":"Feature","id":"Buildings.fid--578fcb21_1a0246d9149_5581","geometry":{"type":"Polygon","coordinates":[[[146623.31197068,170959.1509963],[146628.84127398,170957.26130506],[146626.95409055,170951.77905769],[146612.81989734,170956.64212508],[146612.89,170956.98],[146613.67,170956.97],[146614.56,170957.09],[146615.4,170957.33],[146616.31,170957.79],[146617.15,170958.41],[146617.85,170959.16],[146618.16,170959.63],[146618.42,170960.13],[146618.64,170960.65],[146618.78,170961.04],[146618.89,170961.43],[146618.93004556,170961.61995732],[146621.67004733,170962.31003689],[146624.1069606,170961.47693223],[146623.31197068,170959.1509963]]]},"geometry_name":"GEOM","properties":{"INSPIRE_ID":"https://databrussels.be/id/building/1790023","BLOCK_ID":"https://databrussels.be/id/block/27714","AREA":80},"bbox":[146612.81989734,170951.77905769,146628.84127398,170962.31003689]},{"type":"Feature","id":"Buildings.fid--578fcb21_1a0246d9149_565d","geometry":{"type":"Polygon","coordinates":[[[146916.3514,170692.8831],[146906.7872,170683.6101],[146913.5192,170676.1132],[146923.4954,170685.0833],[146916.3514,170692.8831]]]},"geometry_name":"GEOM","properties":{"INSPIRE_ID":"https://databrussels.be/id/building/1792511","BLOCK_ID":"https://databrussels.be/id/block/29983","AREA":138},"bbox":[146906.7872,170676.1132,146923.4954,170692.8831]},{"type":"Feature","id":"Buildings.fid--578fcb21_1a0246d9149_565e","geometry":{"type":"Polygon","coordinates":[[[146932.65094688,170675.08706541],[146921.48715877,170665.13790486],[146916.94237678,170670.0998525],[146912.33143811,170675.13402935],[146923.49501222,170685.08299919],[146928.10612534,170680.04897782],[146932.65094688,170675.08706541]]]},"geometry_name":"GEOM","properties":{"INSPIRE_ID":"https://databrussels.be/id/building/1792512","BLOCK_ID":"https://databrussels.be/id/block/29983","AREA":203},"bbox":[146912.33143811,170665.13790486,146932.65094688,170685.08299919]},{"type":"Feature","id":"Buildings.fid--578fcb21_1a0246d9149_5665","geometry":{"type":"Polygon","coordinates":[[[146947.40106953,170658.98307808],[146952.15806418,170653.79003724],[146940.99394934,170643.84058551],[146936.2372565,170649.0338953],[146931.38638066,170654.33003316],[146942.5499869,170664.27903164],[146947.40106953,170658.98307808]]]},"geometry_name":"GEOM","properties":{"INSPIRE_ID":"https://databrussels.be/id/building/1792513","BLOCK_ID":"https://databrussels.be/id/block/29983","AREA":213},"bbox":[146931.38638066,170643.84058551,146952.15806418,170664.27903164]},{"type":"Feature","id":"Buildings.fid--578fcb21_1a0246d9149_566d","geometry":{"type":"Polygon","coordinates":[[[146952.29,170579.15],[146959.353,170571.762],[146962.53,170568.44],[146969.78,170559.98],[146970.838,170558.742],[146979.9269,170548.938],[146981.4347,170550.3407],[146990.4652,170558.7416],[147009.5679,170576.5124],[147016.881,170583.544],[147000,170601.85],[146989.796,170612.699],[146981.43,170605.66],[146974.033,170598.931],[146952.29,170579.15]],[[146969.743,170582.694],[146983.143,170595.209],[146996.9213,170580.0714],[146983.9014,170568.1682],[146977.762,170577.5],[146975.781,170576.02],[146969.743,170582.694]]]},"geometry_name":"GEOM","properties":{"INSPIRE_ID":"https://databrussels.be/id/building/1795126","BLOCK_ID":"https://databrussels.be/id/block/29983","AREA":1692},"bbox":[146952.29,170548.938,147016.881,170612.699]},{"type":"Feature","id":"Buildings.fid--578fcb21_1a0246d9149_55aa","geometry":{"type":"Polygon","coordinates":[[[146766.129,170896.806],[146770.61,170898.479],[146770.264,170901.202],[146765.645,170900.616],[146766.129,170896.806]]]},"geometry_name":"GEOM","properties":{"INSPIRE_ID":"https://databrussels.be/id/building/1802686","BLOCK_ID":"https://databrussels.be/id/block/28233","AREA":15},"bbox":[146765.645,170896.806,146770.61,170901.202]},{"type":"Feature","id":"Buildings.fid--578fcb21_1a0246d9149_55b6","geometry":{"type":"Polygon","coordinates":[[[146762.905,170919.671],[146763.25,170917.48],[146763.66,170913.957],[146767.166,170914.364],[146766.502,170920.079],[146762.905,170919.671]]]},"geometry_name":"GEOM","properties":{"INSPIRE_ID":"https://databrussels.be/id/building/1805273","BLOCK_ID":"https://databrussels.be/id/block/28233","AREA":20},"bbox":[146762.905,170913.957,146767.166,170920.079]},{"type":"Feature","id":"Buildings.fid--578fcb21_1a0246d9149_5608","geometry":{"type":"Polygon","coordinates":[[[146748.731,170820.3],[146776.451,170845.983],[146764.93,170858.48],[146759.6615,170853.7848],[146752.69879051,170847.57968498],[146757.56461551,170842.03732977],[146741.81231494,170827.65431364],[146748.731,170820.3]]]},"geometry_name":"GEOM","properties":{"INSPIRE_ID":"https://databrussels.be/id/building/1805793","BLOCK_ID":"https://databrussels.be/id/block/25209","AREA":497},"bbox":[146741.81231494,170820.3,146776.451,170858.48]},{"type":"Feature","id":"Buildings.fid--578fcb21_1a0246d9149_560a","geometry":{"type":"Polygon","coordinates":[[[146735.15,170830.51],[146724.092,170829.882],[146723.94751649,170835.94961719],[146736.6255,170836.5799],[146735.7541,170831.0836],[146735.1017,170831.0118],[146735.15,170830.51]]]},"geometry_name":"GEOM","properties":{"INSPIRE_ID":"https://databrussels.be/id/building/1805794","BLOCK_ID":"https://databrussels.be/id/block/25209","AREA":73},"bbox":[146723.94751649,170829.882,146736.6255,170836.5799]},{"type":"Feature","id":"Buildings.fid--578fcb21_1a0246d9149_5658","geometry":{"type":"Polygon","coordinates":[[[146894.89,170689.97],[146901.2324,170682.886],[146903.6831,170685.1522],[146905.8939,170682.7653],[146906.7872,170683.6101],[146916.3514,170692.8831],[146908.1514,170701.8359],[146894.89,170689.97]]]},"geometry_name":"GEOM","properties":{"INSPIRE_ID":"https://databrussels.be/id/building/1807069","BLOCK_ID":"https://databrussels.be/id/block/29983","AREA":212},"bbox":[146894.89,170682.7653,146916.3514,170701.8359]},{"type":"Feature","id":"Buildings.fid--578fcb21_1a0246d9149_5662","geometry":{"type":"Polygon","coordinates":[[[146937.88298086,170669.37406043],[146942.5499869,170664.27903164],[146931.38638066,170654.33003316],[146926.71955709,170659.42522457],[146921.48715877,170665.13790486],[146932.65094688,170675.08706541],[146937.88298086,170669.37406043]]]},"geometry_name":"GEOM","properties":{"INSPIRE_ID":"https://databrussels.be/id/building/1807070","BLOCK_ID":"https://databrussels.be/id/block/29983","AREA":219},"bbox":[146921.48715877,170654.33003316,146942.5499869,170675.08706541]},{"type":"Feature","id":"Buildings.fid--578fcb21_1a0246d9149_5573","geometry":{"type":"Polygon","coordinates":[[[146510.435,170960.691],[146512.098,170960.594],[146512.235,170962.925],[146511.077,170962.993],[146510.435,170960.691]]]},"geometry_name":"GEOM","properties":{"INSPIRE_ID":"https://databrussels.be/id/building/1807750","BLOCK_ID":"https://databrussels.be/id/block/30906","AREA":3},"bbox":[146510.435,170960.594,146512.235,170962.993]},{"type":"Feature","id":"Buildings.fid--578fcb21_1a0246d9149_5666","geometry":{"type":"Polygon","coordinates":[[[146932.1348,170619.3333],[146934.1418,170617.1226],[146939.2303,170621.7425],[146937.2233,170623.9532],[146932.1348,170619.3333]]]},"geometry_name":"GEOM","properties":{"INSPIRE_ID":"https://databrussels.be/id/building/1808351","BLOCK_ID":"https://databrussels.be/id/block/29983","AREA":21},"bbox":[146932.1348,170617.1226,146939.2303,170623.9532]},{"type":"Feature","id":"Buildings.fid--578fcb21_1a0246d9149_5664","geometry":{"type":"Polygon","coordinates":[[[146927.2853,170627.0218],[146925.381,170625.3867],[146927.0903,170623.3958],[146928.9947,170625.0309],[146927.2853,170627.0218]]]},"geometry_name":"GEOM","properties":{"INSPIRE_ID":"https://databrussels.be/id/building/1808352","BLOCK_ID":"https://databrussels.be/id/block/29983","AREA":7},"bbox":[146925.381,170623.3958,146928.9947,170627.0218]},{"type":"Feature","id":"Buildings.fid--578fcb21_1a0246d9149_566b","geometry":{"type":"Polygon","coordinates":[[[146957.20402186,170648.27995749],[146962.593136,170642.39603157],[146954.14429751,170634.86643232],[146951.42957505,170632.44707346],[146946.04038786,170638.33093427],[146940.99394934,170643.84058551],[146952.15806418,170653.79003724],[146957.20402186,170648.27995749]]]},"geometry_name":"GEOM","properties":{"INSPIRE_ID":"https://databrussels.be/id/building/1808406","BLOCK_ID":"https://databrussels.be/id/block/29983","AREA":231},"bbox":[146940.99394934,170632.44707346,146962.593136,170653.79003724]},{"type":"Feature","id":"Buildings.fid--578fcb21_1a0246d9149_5574","geometry":{"type":"Polygon","coordinates":[[[146512.448,170960.525],[146513.601,170960.436],[146513.803,170963.043],[146512.65,170963.132],[146512.448,170960.525]]]},"geometry_name":"GEOM","properties":{"INSPIRE_ID":"https://databrussels.be/id/building/1809102","BLOCK_ID":"https://databrussels.be/id/block/30906","AREA":3},"bbox":[146512.448,170960.436,146513.803,170963.132]},{"type":"Feature","id":"Buildings.fid--578fcb21_1a0246d9149_5582","geometry":{"type":"Polygon","coordinates":[[[146655.97,170995.815],[146653.355,170987.426],[146657.917,170986.003],[146662.281,171000],[146663.2,171002.842],[146660.572,171003.691],[146663.728,171013.454],[146663.985,171014.267],[146664.317,171015.313],[146669.807,171032.64],[146670.743,171035.594],[146671.122,171035.474],[146674.108,171034.528],[146675.626,171034.047],[146675.932,171033.95],[146682.124,171031.988],[146682.444,171031.887],[146683.996,171031.395],[146686.721,171030.532],[146687.03,171030.434],[146686.896,171030.011],[146686.812,171029.745],[146686.094,171027.479],[146677.523,171000],[146677.208,170999.028],[146674.948,170999.729],[146669.933,170983.781],[146679.061,170980.484],[146685.773,171000],[146688.627,171008.048],[146691.48,171007.061],[146693.297,171012.317],[146701.625,171009.436],[146699.808,171004.181],[146702.931,171003.107],[146701.848,171000],[146686.205,170954.496],[146687.259,170954.134],[146685.536,170949.079],[146681.077,170950.644],[146680.704,170949.59],[146675.906,170951.29],[146676.342,170952.58],[146670.904,170954.485],[146671.259,170955.485],[146670.89,170955.615],[146656.809,170960.565],[146656.631,170960.627],[146654.074,170953.696],[146630.462,170961.969],[146628.84127398,170957.26130506],[146623.31197068,170959.1509963],[146624.1069606,170961.47693223],[146621.67004733,170962.31003689],[146625.31,170972.93],[146632.71,170994.53],[146647.658,170989.285],[146651.269,171000],[146656.472,171016.012],[146659.689,171014.878],[146656.795,171000],[146655.97,170995.815]]]},"geometry_name":"GEOM","properties":{"INSPIRE_ID":"https://databrussels.be/id/building/1813834","BLOCK_ID":"https://databrussels.be/id/block/27714","AREA":3325},"bbox":[146621.67004733,170949.079,146702.931,171035.594]},{"type":"Feature","id":"Buildings.fid--578fcb21_1a0246d9149_555d","geometry":{"type":"Polygon","coordinates":[[[146992.58,171005.08],[146993.25000038,170999.99999986],[146993.6969958,170996.90648696],[146994.97,170987.49],[147000,170988.17],[147000.86,170988.28],[146999.99999973,170995.23000037],[146999.40999951,171000.00000032],[146999.21885059,171001.40478998],[146998.7,171005.73],[146998.63999999,171006.29],[146995.58328402,171005.67966562],[146992.58,171005.08]]]},"geometry_name":"GEOM","properties":{"INSPIRE_ID":"https://databrussels.be/id/building/1813838","BLOCK_ID":"https://databrussels.be/id/block/26375","AREA":109},"bbox":[146992.58,170987.49,147000.86,171006.29]},{"type":"Feature","id":"Buildings.fid--578fcb21_1a0246d9149_5569","geometry":{"type":"Polygon","coordinates":[[[146970.88000719,171001.16001989],[146975.38993873,171005.26993168],[146980.71498067,170999.62001521],[146980.90201121,170998.22607412],[146979.30897508,170998.01296308],[146979.63997493,170995.54399031],[146975.67498506,170995.01406063],[146975.40862647,170996.99981917],[146970.88000719,171001.16001989]]]},"geometry_name":"GEOM","properties":{"INSPIRE_ID":"https://databrussels.be/id/building/1814950","BLOCK_ID":"https://databrussels.be/id/block/26375","AREA":53},"bbox":[146970.88000719,170995.01406063,146980.90201121,171005.26993168]},{"type":"Feature","id":"Buildings.fid--578fcb21_1a0246d9149_5580","geometry":{"type":"Polygon","coordinates":[[[146604.97995951,170986.9390811],[146616.01898737,170988.23296972],[146618.96001604,170963.01007262],[146618.98,170962.62],[146618.99,170962.22],[146618.97,170961.83],[146618.93004556,170961.61995732],[146618.89,170961.43],[146618.78,170961.04],[146618.64,170960.65],[146618.42,170960.13],[146618.16,170959.63],[146617.85,170959.16],[146617.15,170958.41],[146616.31,170957.79],[146615.4,170957.33],[146614.56,170957.09],[146613.67,170956.97],[146612.89,170956.98],[146612.81989734,170956.64212508],[146609.795,170959.184],[146609.382,170959.637],[146609.05,170960.152],[146608.811,170960.616],[146608.629,170961.105],[146608.511,170961.623],[146608.43904438,170962.14892732],[146608.14494462,170964.61499628],[146604.97995951,170986.9390811]]]},"geometry_name":"GEOM","properties":{"INSPIRE_ID":"https://databrussels.be/id/building/1816036","BLOCK_ID":"https://databrussels.be/id/block/27714","AREA":318},"bbox":[146604.97995951,170956.64212508,146618.99,170988.23296972]},{"type":"Feature","id":"Buildings.fid--578fcb21_1a0246d9149_556d","geometry":{"type":"Polygon","coordinates":[[[146982.54991152,170985.89011131],[146980.96505357,170997.75196021],[146986.80903798,171003.04192707],[146987.29397801,171002.52706183],[146987.79901896,170998.7510507],[146989.40006242,170986.76989833],[146982.54991152,170985.89011131]]]},"geometry_name":"GEOM","properties":{"INSPIRE_ID":"https://databrussels.be/id/building/1816058","BLOCK_ID":"https://databrussels.be/id/block/26375","AREA":99},"bbox":[146980.96505357,170985.89011131,146989.40006242,171003.04192707]},{"type":"Feature","id":"Buildings.fid--578fcb21_1a0246d9149_555b","geometry":{"type":"Polygon","coordinates":[[[146989.40006242,170986.76989833],[146987.79901896,170998.7510507],[146993.33338183,170999.42294342],[146993.6969958,170996.90648696],[146994.97,170987.49],[146989.40006242,170986.76989833]]]},"geometry_name":"GEOM","properties":{"INSPIRE_ID":"https://databrussels.be/id/building/1816065","BLOCK_ID":"https://databrussels.be/id/block/26375","AREA":68},"bbox":[146987.79901896,170986.76989833,146994.97,170999.42294342]},{"type":"Feature","id":"Buildings.fid--578fcb21_1a0246d9149_555f","geometry":{"type":"MultiPolygon","coordinates":[[[[146921.8067,171000.00010035],[146913.6988,171008.65360034],[146908.6091,171006.18660034],[146908.8754,171005.60940034],[146901.7779,171002.35780034],[146896.6313,171000.00000034],[146891.9096,170997.83690034],[146900.9233,170978.08150035],[146926.1215,170981.52010035],[146932.6935,170988.38060034],[146926.7172,170994.75900034],[146921.8067,171000.00010035]]]]},"geometry_name":"GEOM","properties":{"INSPIRE_ID":"https://databrussels.be/id/building/1828233","BLOCK_ID":"https://databrussels.be/id/block/25160","AREA":754},"bbox":[146891.9096,170978.08150035,146932.6935,171008.65360034]}],"numberReturned":293,"grand_bruxelles_source":{"authority":"Paradigm / Brussels-Capital Region","service":"https://geoservices-urbis.irisnet.be/geoserver/urbisvector/wfs","layer":"urbisvector:Buildings","crs":"EPSG:31370","bbox":[146500.0,170500.0,147000.0,171000.0],"cell_id":"bxl-e146500-n170500-s500","ownership":"polygon_or_multipolygon_centroid_global_500m_cell"}}
