{"type":"FeatureCollection","totalFeatures":204,"numberMatched":204,"timeStamp":"2026-08-24T01:58:59.070Z","crs":{"type":"name","properties":{"name":"urn:ogc:def:crs:EPSG::31370"}},"bbox":[153564.18,166891.24273582,154654.44191347,167612.2337294],"features":[{"type":"Feature","id":"StreetSurfaces.fid--24aa7d09_1a031580c5b_-5b1e","geometry":{"type":"Polygon","coordinates":[[[154419.85804525,167292.27062247],[154420.431,167288.99900035],[154421.08848282,167285.24471549],[154421.53,167285.35000035],[154423.09,167285.68000036],[154424.12,167285.89000035],[154427.11,167286.42000035],[154430.89,167287.09000035],[154444.35241037,167289.4373048],[154457.4557934,167291.81318106],[154456.29420503,167298.90140355],[154456.18014588,167298.88006724],[154448.98055197,167297.54364282],[154440.6399204,167296.02703373],[154425.96,167293.39000035],[154421.81,167292.62000035],[154420.79,167292.44000035],[154419.85804525,167292.27062247]]]},"geometry_name":"GEOM","properties":{"INSPIRE_ID":"https://databrussels.be/id/streetsurface/10648","TYPE":"S","STREET_ID":"https://databrussels.be/id/streetname/1788","STRNAMEFRE":"Chaussée de Tervuren","STRNAMEDUT":"Tervuursesteenweg","MUNNISCODE":"21002","HIERARCHY":"IDR","LVL":0,"ADMIN":"REGION_RBC","AREA":263},"bbox":[154419.85804525,167285.24471549,154457.4557934,167298.90140355]},{"type":"Feature","id":"StreetSurfaces.fid--24aa7d09_1a031580c5b_-5b73","geometry":{"type":"Polygon","coordinates":[[[154259.27,167492.14000035],[154268.29,167502.59000035],[154278.5,167514.73000035],[154284.0315896,167521.17256068],[154282.59940437,167522.40617666],[154283.83344973,167523.83879548],[154285.26333401,167522.60715511],[154301.21,167541.18000035],[154312.70649803,167554.55404956],[154311.20789128,167555.80901364],[154312.3536247,167557.17780366],[154313.86614571,167555.90308516],[154317.62,167560.27000035],[154318.25706011,167561.00822603],[154316.68708895,167562.32235632],[154317.83282238,167563.69114634],[154319.42339304,167562.35977341],[154335.63,167581.14000035],[154339.44624976,167585.67049357],[154337.83611955,167587.01823864],[154338.98185297,167588.38702866],[154340.59624308,167587.03571789],[154342.95,167589.83000035],[154348.13,167595.94000035],[154348.97161016,167596.9221481],[154344.752,167600.51000035],[154340.58899582,167604.04837148],[154339.65,167602.96000035],[154327.69,167588.89000035],[154313.26,167572.06000035],[154311.77552686,167570.3309307],[154313.358078,167569.00627044],[154312.21234458,167567.63748042],[154310.61267184,167568.97647216],[154293.05,167548.52000035],[154276.70901454,167529.43046544],[154279.75475046,167526.88105948],[154278.60901704,167525.51226946],[154275.54814851,167528.07434204],[154262.61,167512.96000035],[154262.18,167512.46000035],[154261.55679478,167511.73325282],[154263.18648827,167510.4193514],[154262.02505591,167508.97877243],[154260.35166848,167510.32790103],[154241.74,167488.62400035],[154239.43,167485.93000035],[154238.65722852,167485.04358601],[154245.69176684,167479.51635236],[154254.64632671,167489.77665554],[154253.00129025,167491.15361857],[154254.14702367,167492.52240859],[154255.82029567,167491.12181126],[154256.77,167492.21000036],[154259.27,167492.14000035]]]},"geometry_name":"GEOM","properties":{"INSPIRE_ID":"https://databrussels.be/id/streetsurface/12557","TYPE":"S","STREET_ID":"https://databrussels.be/id/streetname/4035","STRNAMEFRE":"Rue Emile Steeno","STRNAMEDUT":"Emile Steenostraat","MUNNISCODE":"21002","HIERARCHY":"DR","LVL":0,"ADMIN":"MUN_RBC","AREA":1653},"bbox":[154238.65722852,167479.51635236,154348.97161016,167604.04837148]},{"type":"Feature","id":"StreetSurfaces.fid--24aa7d09_1a031580c5b_-5af9","geometry":{"type":"Polygon","coordinates":[[[154233.501,167293.42900035],[154237.33485618,167292.05125562],[154238.4192135,167295.70674592],[154235.731,167296.38200035],[154231.785,167297.64000035],[154231.251,167298.21600035],[154230.889,167298.87700035],[154230.782,167299.66600035],[154230.824,167300.52000035],[154231.02148255,167301.21300439],[154230.092,167301.36800035],[154225.57371952,167302.12134676],[154224.797,167301.74700035],[154223.879,167301.29900035],[154222.642,167301.08500035],[154222.14798131,167301.13029418],[154220.844,167296.31800035],[154219.65895055,167291.94275337],[154223.31,167290.94000035],[154228.09,167289.60000035],[154231.52,167288.56000035],[154234.95,167287.51000035],[154235.90721317,167287.24087085],[154236.87415112,167290.49880983],[154232.861,167291.42400035],[154230.046,167292.36300035],[154226.313,167293.40700035],[154226.974,167295.51900035],[154230.685,167294.53800035],[154233.501,167293.42900035]]]},"geometry_name":"GEOM","properties":{"INSPIRE_ID":"https://databrussels.be/id/streetsurface/131186","TYPE":"I","STREET_ID":"https://databrussels.be/id/streetname/1131","STRNAMEFRE":"Chaussée de Wavre","STRNAMEDUT":"Waversesteenweg","MUNNISCODE":"21002","HIERARCHY":"DR","LVL":0,"ADMIN":"MUN_RBC","AREA":148},"bbox":[154219.65895055,167287.24087085,154238.4192135,167302.12134676]},{"type":"Feature","id":"StreetSurfaces.fid--24aa7d09_1a031580c5b_-5b24","geometry":{"type":"Polygon","coordinates":[[[154417.64184208,167288.08187377],[154420.48369183,167288.69812537],[154419.85804525,167292.27062247],[154404.06064031,167289.39952707],[154401.73931908,167288.7967026],[154400.83219904,167288.35610084],[154399.66864525,167287.6485807],[154396.14279912,167285.45730698],[154394.46993431,167284.50320033],[154393.21807176,167284.02586138],[154392.44132667,167283.84415685],[154401.34115857,167281.48867895],[154401.32864691,167281.69054213],[154401.37330134,167281.89502249],[154401.48207376,167282.09502616],[154402.68339347,167282.95260864],[154403.98,167283.79000035],[154407.40837785,167285.62466785],[154410.66,167286.79000035],[154411.42460434,167287.04816265],[154414.00885616,167287.72548909],[154414.22361581,167287.76268414],[154414.43707651,167287.76659373],[154414.58389982,167287.7347039],[154414.77987982,167287.57886028],[154414.89155545,167287.45315922],[154414.94093564,167287.36973938],[154417.64184208,167288.08187377]]]},"geometry_name":"GEOM","properties":{"INSPIRE_ID":"https://databrussels.be/id/streetsurface/131187","TYPE":"S","STREET_ID":"https://databrussels.be/id/streetname/1788","STRNAMEFRE":"Chaussée de Tervuren","STRNAMEDUT":"Tervuursesteenweg","MUNNISCODE":"21002","HIERARCHY":"IDR","LVL":0,"ADMIN":"REGION_RBC","AREA":112},"bbox":[154392.44132667,167281.48867895,154420.48369183,167292.27062247]},{"type":"Feature","id":"StreetSurfaces.fid--24aa7d09_1a031580c5b_-5b22","geometry":{"type":"Polygon","coordinates":[[[154406.13038731,167280.22113564],[154416.47030812,167277.48451599],[154416.58320514,167278.90365995],[154416.79676773,167279.95149],[154417.12946971,167280.92075434],[154417.6388865,167281.95349969],[154418.20002597,167282.84682379],[154418.82,167283.71000035],[154419.39,167284.46000035],[154420.23,167285.04000035],[154421.08848282,167285.24471549],[154420.48369183,167288.69812537],[154417.64184208,167288.08187377],[154414.94093564,167287.36973938],[154414.9887098,167287.28903267],[154415.0250831,167287.10740241],[154415.01135536,167286.91190859],[154414.98490568,167286.7818881],[154414.90865393,167286.60296078],[154414.83196081,167286.47809072],[154414.33537124,167286.16162013],[154411.92908271,167284.74051072],[154410.08539271,167283.43042479],[154407.7331821,167281.51435298],[154406.13038731,167280.22113564]]]},"geometry_name":"GEOM","properties":{"INSPIRE_ID":"https://databrussels.be/id/streetsurface/131188","TYPE":"S","STREET_ID":"https://databrussels.be/id/streetname/1788","STRNAMEFRE":"Chaussée de Tervuren","STRNAMEDUT":"Tervuursesteenweg","MUNNISCODE":"21002","HIERARCHY":"IDR","LVL":0,"ADMIN":"REGION_RBC","AREA":78},"bbox":[154406.13038731,167277.48451599,154421.08848282,167288.69812537]},{"type":"Feature","id":"StreetSurfaces.fid--24aa7d09_1a031580c5b_-5b23","geometry":{"type":"Polygon","coordinates":[[[154414.9887098,167287.28903267],[154414.89155545,167287.45315922],[154414.77987982,167287.57886028],[154414.58389982,167287.7347039],[154414.43707651,167287.76659373],[154414.22361581,167287.76268414],[154414.00885616,167287.72548909],[154411.42460434,167287.04816265],[154410.66,167286.79000035],[154407.40837785,167285.62466785],[154403.98,167283.79000035],[154402.68339347,167282.95260864],[154401.48207376,167282.09502616],[154401.37330134,167281.89502249],[154401.32864691,167281.69054213],[154401.34554845,167281.41785256],[154401.38203855,167281.19398196],[154401.45719419,167280.89583005],[154401.73763308,167280.60629342],[154402.17946628,167280.35698648],[154402.69166224,167280.14790556],[154403.8579739,167279.78670734],[154404.37531457,167279.73183152],[154404.6969731,167279.71419637],[154405.13124063,167279.78060142],[154405.45114456,167279.88125511],[154405.78774367,167280.0179742],[154406.12184621,167280.21424425],[154407.7331821,167281.51435298],[154410.08539271,167283.43042479],[154411.92908271,167284.74051072],[154414.33537124,167286.16162013],[154414.83196081,167286.47809072],[154414.90865393,167286.60296078],[154414.98490568,167286.7818881],[154415.01135536,167286.91190859],[154415.0250831,167287.10740241],[154414.9887098,167287.28903267]]]},"geometry_name":"GEOM","properties":{"INSPIRE_ID":"https://databrussels.be/id/streetsurface/131189","TYPE":"M","STREET_ID":"https://databrussels.be/id/streetname/1788","STRNAMEFRE":"Chaussée de Tervuren","STRNAMEDUT":"Tervuursesteenweg","MUNNISCODE":"21002","HIERARCHY":"IDR","LVL":0,"ADMIN":"REGION_RBC","AREA":44},"bbox":[154401.32864691,167279.71419637,154415.0250831,167287.76659373]},{"type":"Feature","id":"StreetSurfaces.fid--24aa7d09_1a031580c5b_-5b21","geometry":{"type":"Polygon","coordinates":[[[154417.64833706,167265.98498317],[154418.66235417,167265.61072077],[154418.92737574,167265.59367089],[154419.14412028,167265.74541311],[154419.28951255,167265.94116435],[154419.33515473,167266.15926566],[154419.32245638,167266.34317393],[154419.26949171,167266.52454868],[154419.16483348,167266.69582669],[154418.91701861,167266.91155193],[154418.65546368,167267.09749227],[154418.37550095,167267.27785698],[154418.06904801,167267.44796427],[154414.47040576,167269.70904466],[154408.9992146,167272.8328545],[154408.57685819,167272.84666861],[154406.62781239,167271.71419102],[154406.55893562,167271.62525214],[154406.49777187,167271.49776145],[154406.48855703,167271.35131357],[154406.53676428,167271.19725151],[154406.6839432,167270.97165619],[154413.48490952,167267.90533626],[154417.32332885,167266.1237322],[154417.64833706,167265.98498317]]]},"geometry_name":"GEOM","properties":{"INSPIRE_ID":"https://databrussels.be/id/streetsurface/131190","TYPE":"M","STREET_ID":"https://databrussels.be/id/streetname/1131","STRNAMEFRE":"Chaussée de Wavre","STRNAMEDUT":"Waversesteenweg","MUNNISCODE":"21002","HIERARCHY":"IDR","LVL":0,"ADMIN":"REGION_RBC","AREA":27},"bbox":[154406.48855703,167265.59367089,154419.33515473,167272.84666861]},{"type":"Feature","id":"StreetSurfaces.fid--24aa7d09_1a031580c5b_-5af5","geometry":{"type":"Polygon","coordinates":[[[154416.76075418,167262.61152987],[154415.92,167260.62100035],[154420.35,167258.75000035],[154426.62,167254.98000035],[154444.68,167234.31000035],[154466.83,167209.19000035],[154481.48,167192.40000035],[154487.06,167186.32000035],[154492.96,167179.48000035],[154508.43,167162.06000035],[154534.87,167131.42000035],[154564.872,167097.94400035],[154583.61,167077.36500036],[154583.823,167077.15100035],[154586.62597748,167079.70314714],[154547.73,167120.40000035],[154527.83,167143.08000035],[154512.09,167161.33000035],[154490.48,167185.80000035],[154457.2,167223.63000035],[154435.97,167247.48000035],[154432.33,167251.60000035],[154430.42,167253.58000035],[154429.04,167254.87000035],[154428.35,167255.48000035],[154427.61,167256.13000035],[154426.14,167257.32000035],[154425.35,167257.93000035],[154425.15,167258.08000035],[154424.13,167258.82000035],[154423.08,167259.51000035],[154422.42,167259.90000035],[154421.74,167260.28000036],[154421.07,167260.66000035],[154418.97,167261.67000035],[154416.76075418,167262.61152987]]]},"geometry_name":"GEOM","properties":{"INSPIRE_ID":"https://databrussels.be/id/streetsurface/135098","TYPE":"SW","STREET_ID":"https://databrussels.be/id/streetname/1131","STRNAMEFRE":"Chaussée de Wavre","STRNAMEDUT":"Waversesteenweg","MUNNISCODE":"21002","HIERARCHY":"IDR","LVL":0,"ADMIN":"REGION_RBC","AREA":610},"bbox":[154415.92,167077.15100035,154586.62597748,167262.61152987]},{"type":"Feature","id":"StreetSurfaces.fid--24aa7d09_1a031580c5b_-5b49","geometry":{"type":"Polygon","coordinates":[[[154443.21886405,167309.91911212],[154444.00609218,167311.2850879],[154436.6151499,167315.37151941],[154427.31857888,167320.41756561],[154415.30760906,167327.07562602],[154404.38870039,167333.06379097],[154389.03784737,167341.40048862],[154384.46881681,167343.85675877],[154381.53853897,167345.44152625],[154376.37956344,167348.31270957],[154369.74542479,167351.90816017],[154369.40302423,167352.11553138],[154369.0806798,167352.35288141],[154368.78100858,167352.61828323],[154368.50644357,167352.90958209],[154368.29293158,167353.20575091],[154368.09524241,167353.51270747],[154367.9139199,167353.82960728],[154367.74946292,167354.15557851],[154367.46362345,167354.70799816],[154367.19741356,167355.27014045],[154366.95116344,167355.84130816],[154366.72517852,167356.42079283],[154366.39459302,167357.38576408],[154366.11296809,167358.36614343],[154365.88101681,167359.35944847],[154365.69932653,167360.36316403],[154365.55066076,167361.47784966],[154365.46093877,167362.59882046],[154365.43040985,167363.72296171],[154365.45915882,167364.8471499],[154365.51082163,167365.16296465],[154365.53062406,167365.27099056],[154365.56327933,167365.43742181],[154365.60739824,167365.64370501],[154365.71577959,167366.08586052],[154365.83561583,167366.50262976],[154365.97048283,167366.91166897],[154366.06129043,167367.16082828],[154366.20197215,167367.51481663],[154366.38101577,167367.9211544],[154366.63189703,167368.42753438],[154366.8869178,167368.88505108],[154367.45157965,167369.73455833],[154368.02745622,167370.57650354],[154368.61444627,167371.41073868],[154369.21244657,167372.23711705],[154370.10619738,167373.42179453],[154371.01980484,167374.59122715],[154371.95300897,167375.74508213],[154372.9055442,167376.88303111],[154373.81060274,167377.94644708],[154374.73157054,167378.99611503],[154375.66823881,167380.03179695],[154376.62039516,167381.05325805],[154377.35940511,167381.8154868],[154378.10647418,167382.56981841],[154379.62445123,167384.0544503],[154381.17699537,167385.52059004],[154381.96064592,167386.2457759],[154382.74916803,167386.96566173],[154383.74122988,167387.87616667],[154384.74171632,167388.77740627],[154385.75054082,167389.66930261],[154386.76761614,167390.55177853],[154387.71572578,167391.34642113],[154390.61444236,167393.66364494],[154402.68183424,167403.1594373],[154413.80901506,167411.80742853],[154419.92669844,167416.56033984],[154427.24555606,167422.26579411],[154432.88146882,167426.63981199],[154440.89996507,167432.87243263],[154443.61567922,167435.19063346],[154444.51268956,167435.97291992],[154445.50545299,167436.82810321],[154448.41264751,167439.47358461],[154449.31562545,167440.37525471],[154450.19963531,167441.29552895],[154451.06429388,167442.23400841],[154451.90922632,167443.19028624],[154454.49847288,167446.07580019],[154461.66514339,167454.03040133],[154469.24590483,167462.43532716],[154469.43733279,167462.64445355],[154470.7376033,167464.95642715],[154470.81636745,167465.22058103],[154470.85704546,167465.49320964],[154470.85882229,167465.76885054],[154470.82166233,167466.04198091],[154470.7494974,167466.29826783],[154470.64304794,167466.54231552],[154470.50430391,167466.76956176],[154470.33585899,167466.97575844],[154470.14086207,167467.15705092],[154469.92295842,167467.31005014],[154464.60223037,167471.71644364],[154457.86,167477.39000035],[154457.37,167477.80000035],[154453.075,167481.19500035],[154448.694,167484.76600035],[154444.245,167488.38500035],[154440.295,167491.61500035],[154436.374,167494.80600035],[154432.645,167497.84500035],[154428.985,167500.83500035],[154424.595,167504.40500035],[154421.476,167506.95400035],[154418.585,167509.31500035],[154414.504,167512.63500035],[154410.655,167515.77500035],[154407.654,167518.22500035],[154405.341,167520.10600035],[154404.854,167520.59900035],[154404.485,167521.18600035],[154403.84,167522.39000035],[154402.99,167524.07000035],[154402.18,167526.10000035],[154401.39,167528.15000035],[154400.38,167531.02000035],[154399.48,167534.61000035],[154398.89,167536.47000035],[154398.44,167537.57000035],[154398.29173939,167537.88565197],[154396.99,167537.61000035],[154398.49,167533.04000035],[154398.87,167529.41000035],[154399.57,167527.43000035],[154398.132,167525.83300035],[154401.912,167522.42800035],[154401.226,167521.66500035],[154447.81,167483.68000035],[154459.35118577,167474.3087873],[154462.89789843,167471.29337661],[154465.52712297,167469.10942581],[154466.2494577,167468.66888048],[154469.87236035,167465.72086351],[154466.75962168,167462.27216536],[154458.789,167453.56000035],[154453.51,167447.76000035],[154450.52,167444.32000035],[154450.65903327,167444.20658541],[154446.78978593,167440.37434427],[154444.46517664,167438.02401295],[154440.639,167434.89200035],[154432.488,167428.54500035],[154423.04,167421.18700035],[154419.19,167418.29000035],[154397.42,167401.45000035],[154396.76845411,167400.51103825],[154395.41790645,167399.36883094],[154385.928,167391.98100035],[154379.639,167386.15200035],[154377.87052857,167384.61674591],[154375.47,167382.16000035],[154369.63,167375.67000035],[154368.48976015,167374.27480782],[154368.62768653,167374.16125253],[154363.53,167367.03000035],[154359.88328064,167361.9819532],[154358.3,167359.92000035],[154360.81396188,167357.11184933],[154362.77892585,167355.57225632],[154365.7247495,167353.14862075],[154367.69102261,167351.40892031],[154368.66169502,167350.87599494],[154372.69534991,167348.46214631],[154375.34,167346.86000035],[154378.03,167345.28000035],[154380.16031631,167344.14140167],[154380.44995262,167343.97111053],[154380.59156109,167344.18133408],[154383.70963526,167342.43790543],[154383.74593139,167342.50833517],[154391.30880718,167338.44466366],[154399.60080556,167333.80082051],[154399.674,167333.93300035],[154413.992,167326.04000035],[154426.5,167319.12700035],[154429.47,167317.42000035],[154443.21886405,167309.91911212]]]},"geometry_name":"GEOM","properties":{"INSPIRE_ID":"https://databrussels.be/id/streetsurface/136183","TYPE":"SW","STREET_ID":"https://databrussels.be/id/streetname/311","STRNAMEFRE":"Rue du Villageois","STRNAMEDUT":"Dorpelingstraat","MUNNISCODE":"21002","HIERARCHY":"DR","LVL":0,"ADMIN":"MUN_RBC","AREA":613},"bbox":[154358.3,167309.91911212,154470.85882229,167537.88565197]},{"type":"Feature","id":"StreetSurfaces.fid--24aa7d09_1a031580c5b_-5b18","geometry":{"type":"Polygon","coordinates":[[[154470.9028071,167321.91230664],[154470.44553519,167321.0559188],[154469.89697624,167319.97670848],[154469.55978164,167319.41295492],[154469.26892321,167318.82395606],[154469.02627771,167318.21351241],[154468.8334108,167317.58556286],[154468.69024007,167316.93674149],[154468.60021385,167316.27843891],[154468.56392644,167315.61500071],[154468.58161737,167314.95080642],[154468.0796161,167314.70831655],[154467.60208203,167314.42062257],[154467.15307451,167314.09017007],[154466.73641038,167313.7197681],[154466.35563156,167313.31256532],[154466.01397492,167312.87202321],[154465.78441677,167312.56407969],[154465.58237594,167312.23742137],[154465.4093691,167311.89450041],[154465.26669498,167311.53789104],[154465.15542459,167311.17027023],[154465.07639321,167310.79439766],[154465.06400557,167310.43466772],[154465.08723534,167310.07547493],[154465.14585501,167309.72033719],[154465.23929047,167309.37273268],[154465.36662662,167309.03606581],[154465.52661635,167308.71363385],[154465.73205421,167308.38387921],[154465.9697244,167308.07654272],[154466.23719972,167307.79476305],[154466.5317486,167307.54141784],[154466.85036297,167307.31909437],[154467.18978898,167307.13006312],[154467.3727105,167307.05065068],[154473.95363281,167309.2553867],[154473.43983779,167309.80688502],[154472.98089869,167310.40480693],[154472.58098724,167311.04371738],[154472.24373862,167311.71780867],[154471.97221838,167312.42095338],[154471.82311173,167312.95500721],[154471.71336381,167313.49851589],[154471.64355952,167314.04858284],[154471.61407088,167314.60227654],[154471.62505504,167315.15664612],[154471.67645347,167315.70873714],[154472.13240025,167320.57652153],[154472.15230572,167321.24854713],[154470.9028071,167321.91230664]]]},"geometry_name":"GEOM","properties":{"INSPIRE_ID":"https://databrussels.be/id/streetsurface/136184","TYPE":"SW","STREET_ID":"https://databrussels.be/id/streetname/311","STRNAMEFRE":"Rue du Villageois","STRNAMEDUT":"Dorpelingstraat","MUNNISCODE":"21002","HIERARCHY":"DR","LVL":0,"ADMIN":"REGION_RBC","AREA":64},"bbox":[154465.06400557,167307.05065068,154473.95363281,167321.91230664]},{"type":"Feature","id":"StreetSurfaces.fid--24aa7d09_1a031580c5b_-5acc","geometry":{"type":"Polygon","coordinates":[[[154213.676,167020.31700035],[154187.861,167012.43800035],[154167.567,167006.04200035],[154157.048,167002.82800035],[154132.386,166995.32600036],[154132.94434184,166993.87205988],[154136.346,166994.91500035],[154153.639,167000.22500035],[154168.21015704,167004.71054622],[154185.761,167010.10500035],[154202.828,167015.37100035],[154213.755,167018.75100036],[154214.17391778,167018.51594812],[154213.676,167020.31700035]]]},"geometry_name":"GEOM","properties":{"INSPIRE_ID":"https://databrussels.be/id/streetsurface/136286","TYPE":"SW","STREET_ID":"https://databrussels.be/id/streetname/4917","STRNAMEFRE":"Avenue Guillaume Detroch","STRNAMEDUT":"Guillaume Detrochlaan","MUNNISCODE":"21002","HIERARCHY":"DR","LVL":0,"ADMIN":"MUN_RBC","AREA":130},"bbox":[154132.386,166993.87205988,154214.17391778,167020.31700035]},{"type":"Feature","id":"StreetSurfaces.fid--24aa7d09_1a031580c5b_-5ac8","geometry":{"type":"Polygon","coordinates":[[[154192.076,167096.02700035],[154194.76483262,167096.81333916],[154194.452,167097.78200035],[154194.00364372,167098.6659799],[154193.38466293,167099.44012845],[154192.621,167100.07200035],[154191.31091141,167100.78279684],[154189.86,167101.12400035],[154188.52075518,167100.7596883],[154189.5541,167097.53810035],[154192.076,167096.02700035]]]},"geometry_name":"GEOM","properties":{"INSPIRE_ID":"https://databrussels.be/id/streetsurface/136287","TYPE":"SW","STREET_ID":"https://databrussels.be/id/streetname/2398","STRNAMEFRE":"Rue Jacques Bassem","STRNAMEDUT":"Jacques Bassemstraat","MUNNISCODE":"21002","HIERARCHY":"DR","LVL":0,"ADMIN":"MUN_RBC","AREA":19},"bbox":[154188.52075518,167096.02700035,154194.76483262,167101.12400035]},{"type":"Feature","id":"StreetSurfaces.fid--24aa7d09_1a031580c5b_-5b08","geometry":{"type":"Polygon","coordinates":[[[154181.81095176,167162.73709778],[154187.03,167145.69000035],[154196.2142772,167114.94602159],[154198.01445636,167115.62826137],[154196.771,167119.02300035],[154197.47982451,167119.23954117],[154192.907,167134.75200036],[154184.193,167163.49600035],[154181.81095176,167162.73709778]]]},"geometry_name":"GEOM","properties":{"INSPIRE_ID":"https://databrussels.be/id/streetsurface/136288","TYPE":"SW","STREET_ID":"https://databrussels.be/id/streetname/2398","STRNAMEFRE":"Rue Jacques Bassem","STRNAMEDUT":"Jacques Bassemstraat","MUNNISCODE":"21002","HIERARCHY":"DR","LVL":0,"ADMIN":"MUN_RBC","AREA":121},"bbox":[154181.81095176,167114.94602159,154198.01445636,167163.49600035]},{"type":"Feature","id":"StreetSurfaces.fid--24aa7d09_1a031580c5b_-5afd","geometry":{"type":"Polygon","coordinates":[[[154213.37076668,167293.63867731],[154212.856,167291.73800035],[154219.136,167290.01200035],[154219.65895055,167291.94275337],[154219.05,167292.11000035],[154218.52,167292.26000035],[154215.09,167293.20000035],[154213.73,167293.57000035],[154213.37076668,167293.63867731]]]},"geometry_name":"GEOM","properties":{"INSPIRE_ID":"https://databrussels.be/id/streetsurface/136321","TYPE":"SW","STREET_ID":"https://databrussels.be/id/streetname/1131","STRNAMEFRE":"Chaussée de Wavre","STRNAMEDUT":"Waversesteenweg","MUNNISCODE":"21002","HIERARCHY":"IDR","LVL":0,"ADMIN":"REGION_RBC","AREA":13},"bbox":[154212.856,167290.01200035,154219.65895055,167293.63867731]},{"type":"Feature","id":"StreetSurfaces.fid--24aa7d09_1a031580c5b_-5b4a","geometry":{"type":"Polygon","coordinates":[[[154222.553,167302.62500035],[154225.57371952,167302.12134676],[154226.332,167303.24000035],[154227.079,167305.22400035],[154225.564,167305.71500035],[154225.66,167306.03000035],[154227.238,167311.34300035],[154230.07,167320.75000035],[154230.49,167322.29000035],[154232.01,167328.78000035],[154234.77,167342.18000035],[154236.01,167348.88000035],[154237.26,167354.23000035],[154238.63,167359.19000035],[154240.85,167365.73000035],[154243.94,167375.38000035],[154246.33,167383.20000035],[154248.83,167390.46000035],[154250.39,167394.66000035],[154250.82,167395.51000035],[154251.11,167395.96000035],[154252.95,167398.63000035],[154254.1,167400.40000035],[154257.62,167405.71000035],[154263.32,167414.09000035],[154266.5,167418.48000035],[154266.74,167418.85000035],[154267.04,167419.01000035],[154268.81,167419.57000035],[154269.07,167419.73000035],[154269.24,167419.93000035],[154270.34,167421.85000035],[154270.62074801,167422.44772193],[154267.866,167424.32400035],[154249.225,167396.57100035],[154243.57,167380.31000035],[154239.088,167366.36900035],[154234.962,167352.74600035],[154234.426,167349.35100035],[154228.615,167322.63800035],[154222.553,167302.62500035]]]},"geometry_name":"GEOM","properties":{"INSPIRE_ID":"https://databrussels.be/id/streetsurface/136322","TYPE":"SW","STREET_ID":"https://databrussels.be/id/streetname/1345","STRNAMEFRE":"Rue du Vieux Moulin","STRNAMEDUT":"Oude Molenstraat","MUNNISCODE":"21002","HIERARCHY":"DR","LVL":0,"ADMIN":"MUN_RBC","AREA":255},"bbox":[154222.553,167302.12134676,154270.62074801,167424.32400035]},{"type":"Feature","id":"StreetSurfaces.fid--24aa7d09_1a031580c5b_-5af8","geometry":{"type":"Polygon","coordinates":[[[154222.553,167302.62500035],[154222.14798131,167301.13029418],[154222.642,167301.08500035],[154223.879,167301.29900035],[154224.797,167301.74700035],[154225.57371952,167302.12134676],[154222.553,167302.62500035]]]},"geometry_name":"GEOM","properties":{"INSPIRE_ID":"https://databrussels.be/id/streetsurface/136323","TYPE":"SW","STREET_ID":"https://databrussels.be/id/streetname/1131","STRNAMEFRE":"Chaussée de Wavre","STRNAMEDUT":"Waversesteenweg","MUNNISCODE":"21002","HIERARCHY":"IDR","LVL":0,"ADMIN":"REGION_RBC","AREA":3},"bbox":[154222.14798131,167301.08500035,154225.57371952,167302.62500035]},{"type":"Feature","id":"StreetSurfaces.fid--24aa7d09_1a031580c5b_-5b41","geometry":{"type":"Polygon","coordinates":[[[154284.1311288,167433.3011693],[154281.52397369,167430.19147465],[154281.864436,167428.65541383],[154277.93,167424.24000035],[154274.66669604,167419.69136125],[154276.176,167418.66300035],[154279.548,167423.61300035],[154286.428,167431.22500035],[154284.1311288,167433.3011693]]]},"geometry_name":"GEOM","properties":{"INSPIRE_ID":"https://databrussels.be/id/streetsurface/136324","TYPE":"SW","STREET_ID":"https://databrussels.be/id/streetname/1345","STRNAMEFRE":"Rue du Vieux Moulin","STRNAMEDUT":"Oude Molenstraat","MUNNISCODE":"21002","HIERARCHY":"DR","LVL":0,"ADMIN":"MUN_RBC","AREA":34},"bbox":[154274.66669604,167418.66300035,154286.428,167433.3011693]},{"type":"Feature","id":"StreetSurfaces.fid--24aa7d09_1a031580c5b_-5b1a","geometry":{"type":"Polygon","coordinates":[[[154463.37564223,167325.91089227],[154462.92406456,167325.09557107],[154460.68709789,167321.41733541],[154460.4771609,167321.04658372],[154460.24383889,167320.6900852],[154459.98809585,167320.34931275],[154459.71098842,167320.02567432],[154459.4136615,167319.72050706],[154459.09734352,167319.43507178],[154458.72995944,167319.1459745],[154458.34311243,167318.88349079],[154457.93872673,167318.64892627],[154457.51881381,167318.44344771],[154457.08546236,167318.26807717],[154456.64082792,167318.12368699],[154453.55806526,167317.4133373],[154452.39392319,167317.355573],[154451.8655242,167317.37321627],[154451.3400544,167317.431511],[154450.83137855,167317.52764827],[154450.33140352,167317.66188119],[154449.84297811,167317.83344492],[154449.36888527,167318.04136193],[154448.25957139,167318.67487302],[154448.20279516,167318.56708718],[154447.36807748,167317.11870888],[154454.53366581,167313.19312014],[154455.14793499,167312.87460443],[154455.73035308,167312.8615778],[154456.31221073,167312.89025192],[154456.89052601,167312.96047986],[154457.46233515,167313.07190171],[154458.02470773,167313.22394644],[154458.5747617,167313.41583485],[154459.04422821,167313.60950929],[154459.49969534,167313.83413849],[154459.93912483,167314.0887172],[154460.36055014,167314.37210615],[154460.76208534,167314.68303712],[154461.1419335,167315.02011866],[154461.47031192,167315.36247119],[154461.77515032,167315.72594222],[154462.05509394,167316.10891638],[154462.30889863,167316.50969165],[154464.51653918,167320.65340075],[154462.82581143,167321.58251735],[154464.74451866,167325.18371681],[154463.37564223,167325.91089227]]]},"geometry_name":"GEOM","properties":{"INSPIRE_ID":"https://databrussels.be/id/streetsurface/136326","TYPE":"SW","STREET_ID":"https://databrussels.be/id/streetname/311","STRNAMEFRE":"Rue du Villageois","STRNAMEDUT":"Dorpelingstraat","MUNNISCODE":"21002","HIERARCHY":"DR","LVL":0,"ADMIN":"REGION_RBC","AREA":75},"bbox":[154447.36807748,167312.8615778,154464.74451866,167325.91089227]},{"type":"Feature","id":"StreetSurfaces.fid--24aa7d09_1a031580c5b_-5b47","geometry":{"type":"Polygon","coordinates":[[[154403.75202732,167539.04177649],[154404.25,167537.89000035],[154404.78,167535.39000035],[154406.06,167530.95000035],[154407.37,167527.05000035],[154408.09,167525.33000035],[154408.56,167524.41000035],[154409.58,167523.16000035],[154411.14,167521.86000035],[154419.61,167515.18000035],[154430.54,167506.22000035],[154441.19,167497.45000035],[154453.38,167487.45000035],[154467.75630394,167475.56763199],[154471.7385195,167472.3449717],[154475.03896681,167469.60335425],[154480.63227447,167464.95572159],[154478.75888123,167463.1216741],[154467.33521523,167450.3772031],[154456.90666463,167438.79963635],[154453.86418572,167435.48465294],[154453.08633244,167434.65694013],[154452.29331531,167433.84374392],[154451.4854052,167433.0453421],[154450.66287806,167432.26200735],[154449.65144469,167431.33735126],[154448.61964632,167430.43547627],[154447.56799597,167429.55683079],[154446.49701649,167428.70185167],[154439.34469644,167423.04764008],[154430.0435981,167415.80792854],[154425.68309653,167412.4518284],[154418.66932466,167406.99822628],[154413.06474139,167402.62361732],[154403.63274167,167395.35923873],[154396.04164308,167389.42439109],[154390.07811913,167384.68598681],[154384.88284126,167379.99273863],[154383.81455585,167378.93446783],[154382.91476145,167378.04462163],[154382.02571002,167377.14404194],[154381.04022121,167376.08941321],[154380.0716836,167375.01919602],[154379.12034373,167373.93366279],[154378.18644377,167372.83308984],[154377.25977567,167371.71939882],[154376.34820313,167370.59331847],[154375.45189178,167369.45505338],[154374.57100446,167368.30481037],[154374.11915118,167367.54013254],[154373.74601408,167366.73411003],[154373.45533237,167365.89482002],[154373.25001899,167365.03067305],[154373.13213138,167364.15032875],[154373.10285089,167363.26260907],[154373.15930853,167362.46580524],[154373.284561,167361.67688469],[154373.47766708,167360.90177576],[154373.73717569,167360.14630301],[154374.06113676,167359.41614341],[154374.44711587,167358.71678375],[154374.88527518,167358.04674992],[154375.37781561,167357.41561377],[154375.92130179,167356.82777733],[154376.51194304,167356.28734063],[154377.14561976,167355.79807309],[154377.8179122,167355.36338724],[154383.94381142,167351.88894347],[154402.11696814,167341.88357488],[154416.55970638,167333.95888809],[154440.7775503,167320.72925668],[154447.36807748,167317.11870888],[154448.20279516,167318.56708718],[154446.61759059,167319.40735159],[154441.19943674,167322.32313516],[154435.18671302,167325.5655591],[154426.15559377,167330.61586708],[154417.24163429,167335.44692924],[154412.01888768,167338.34462772],[154406.70905139,167341.22139924],[154398.11355788,167345.96950497],[154398.01710425,167345.7839851],[154390.292587,167350.03716263],[154388.46484867,167351.08599484],[154388.50591163,167351.17320978],[154383.04391295,167354.15517244],[154378.14166522,167356.94573717],[154377.6194114,167357.37692614],[154377.13376206,167357.84896182],[154376.68790247,167358.35874824],[154376.28475693,167358.90294182],[154375.87448912,167359.55481232],[154375.528795,167360.24310761],[154375.25087745,167360.96145061],[154375.04331139,167361.70318585],[154374.90801991,167362.46144111],[154374.8462565,167363.22919114],[154374.85144809,167363.69663629],[154374.88509577,167364.16289775],[154374.94707465,167364.62624484],[154375.03715468,167365.08495772],[154375.15500149,167365.53733371],[154375.30017767,167365.98169369],[154375.77178197,167367.3452688],[154382.20035389,167374.97771924],[154387.03348997,167379.70847895],[154391.21311712,167383.48621588],[154400.86538168,167391.16626191],[154409.24249564,167397.53496377],[154414.73270104,167401.76480442],[154419.67088198,167405.69353539],[154427.90879827,167412.07501899],[154436.20643836,167418.62557008],[154436.15999894,167418.75890665],[154440.28297569,167421.95160469],[154441.33267064,167422.57213911],[154446.3980722,167426.53911852],[154446.88376637,167426.94674946],[154446.87035815,167427.03797852],[154450.58514485,167430.03228395],[154451.29989583,167430.73051172],[154454.39118662,167433.64946263],[154457.9355833,167437.52494691],[154468.97372963,167449.8944151],[154473.48524638,167454.85375214],[154475.56454021,167457.15890781],[154481.36929477,167463.61865599],[154482.68,167465.55000035],[154481.309,167466.62700035],[154476.1,167470.70000035],[154469.07,167476.43000035],[154465.42,167479.36000035],[154458.43,167485.05000035],[154430.41908947,167508.00208423],[154412.085,167523.02500035],[154410.651,167524.22000035],[154409.823,167525.23500035],[154408.775,167527.57900035],[154406.236,167535.75400035],[154405.463,167539.40400035],[154403.75202732,167539.04177649]]]},"geometry_name":"GEOM","properties":{"INSPIRE_ID":"https://databrussels.be/id/streetsurface/136327","TYPE":"SW","STREET_ID":"https://databrussels.be/id/streetname/311","STRNAMEFRE":"Rue du Villageois","STRNAMEDUT":"Dorpelingstraat","MUNNISCODE":"21002","HIERARCHY":"DR","LVL":0,"ADMIN":"MUN_RBC","AREA":537},"bbox":[154373.10285089,167317.11870888,154482.68,167539.40400035]},{"type":"Feature","id":"StreetSurfaces.fid--24aa7d09_1a031580c5b_-5b46","geometry":{"type":"Polygon","coordinates":[[[154470.9028071,167321.91230664],[154472.15230572,167321.24854713],[154472.18297352,167321.46071797],[154472.25106869,167321.66399125],[154472.35439834,167321.85182086],[154472.48963489,167322.01815803],[154472.65242326,167322.15764612],[154473.26456177,167323.09947567],[154474.1450981,167324.89129121],[154478.75,167333.57000035],[154484.72,167343.95000035],[154488.91,167350.58000035],[154505.2,167373.11000035],[154507.8,167376.27000035],[154511.76,167382.03000035],[154531.18,167408.32000035],[154534.24,167412.80000035],[154536.03,167415.02000035],[154541.54,167422.77000035],[154554.04,167439.68000035],[154555.33,167440.78000035],[154557.31,167441.51000035],[154559.45,167441.46000035],[154564.96,167439.51000035],[154576.68,167435.59000035],[154597.47,167428.30000035],[154599.99,167427.57000035],[154602.92,167426.42000035],[154603.33298839,167427.62197391],[154597.62,167429.82000035],[154588.45,167433.00000035],[154580.6,167435.63000035],[154570.4,167439.22000035],[154562.04,167442.11000035],[154560.4,167442.61000035],[154558.96,167442.86000035],[154557.39,167442.84000035],[154556.21,167442.68000035],[154555.13,167442.27000035],[154554.12,167441.71000035],[154553.32,167440.94000036],[154551.23,167438.13000035],[154544.46,167428.87000035],[154535.29,167416.41000035],[154528.06,167406.52000035],[154520.25,167395.90000035],[154510.44,167382.65000035],[154505.75,167376.13000035],[154500.95,167369.79000035],[154494.64,167361.33000035],[154490.17,167355.09000035],[154484.38,167346.29000035],[154478.02,167335.35000035],[154473.29416934,167326.39089697],[154470.9028071,167321.91230664]]]},"geometry_name":"GEOM","properties":{"INSPIRE_ID":"https://databrussels.be/id/streetsurface/136363","TYPE":"SW","STREET_ID":"https://databrussels.be/id/streetname/3499","STRNAMEFRE":"Avenue Louis Vercauteren","STRNAMEDUT":"Louis Vercauterenlaan","MUNNISCODE":"21002","HIERARCHY":"DR","LVL":0,"ADMIN":"MUN_RBC","AREA":283},"bbox":[154470.9028071,167321.24854713,154603.33298839,167442.86000035]},{"type":"Feature","id":"StreetSurfaces.fid--24aa7d09_1a031580c5b_-5ac0","geometry":{"type":"Polygon","coordinates":[[[154248.39278296,166916.62276894],[154251.90484373,166917.22410062],[154250.58343219,166922.05931714],[154250.4540651,166922.53424886],[154250.37701644,166922.69366493],[154250.21197281,166922.90119133],[154249.99818372,166923.05803786],[154249.75771603,166923.15147085],[154249.50496351,166923.18032307],[154249.25311083,166923.1444551],[154248.88410722,166923.01882562],[154246.26367796,166931.32011719],[154240.14898174,166951.04074081],[154239.63265413,166952.6225054],[154237.65521227,166959.06982489],[154235.36,166967.09700035],[154230.575,166982.34500036],[154225.047,167000.00000035],[154222.41985321,167008.36273119],[154219.777,167007.53100035],[154222.819,166998.06600035],[154224.1301,166993.32010035],[154235.061,166958.08700036],[154237.36203223,166951.23830765],[154246.44953678,166922.59935822],[154248.39278296,166916.62276894]]]},"geometry_name":"GEOM","properties":{"INSPIRE_ID":"https://databrussels.be/id/streetsurface/136609","TYPE":"SW","STREET_ID":"https://databrussels.be/id/streetname/2398","STRNAMEFRE":"Rue Jacques Bassem","STRNAMEDUT":"Jacques Bassemstraat","MUNNISCODE":"21002","HIERARCHY":"DR","LVL":0,"ADMIN":"MUN_RBC","AREA":266},"bbox":[154219.777,166916.62276894,154251.90484373,167008.36273119]},{"type":"Feature","id":"StreetSurfaces.fid--24aa7d09_1a031580c5b_-5abe","geometry":{"type":"Polygon","coordinates":[[[154228.96046448,167010.42153377],[154231.395,167011.18800035],[154229.17,167018.19000035],[154227.36,167023.86000035],[154226.468,167026.66600035],[154224.03065148,167025.89380038],[154228.96046448,167010.42153377]]]},"geometry_name":"GEOM","properties":{"INSPIRE_ID":"https://databrussels.be/id/streetsurface/136610","TYPE":"SW","STREET_ID":"https://databrussels.be/id/streetname/2398","STRNAMEFRE":"Rue Jacques Bassem","STRNAMEDUT":"Jacques Bassemstraat","MUNNISCODE":"21002","HIERARCHY":"DR","LVL":0,"ADMIN":"MUN_RBC","AREA":42},"bbox":[154224.03065148,167010.42153377,154231.395,167026.66600035]},{"type":"Feature","id":"StreetSurfaces.fid--24aa7d09_1a031580c5b_-5b2e","geometry":{"type":"Polygon","coordinates":[[[154312.96,167274.76000035],[154314.4,167274.22000035],[154315.475,167273.44600035],[154316.348,167272.45000035],[154320.86537439,167272.6706726],[154320.94252203,167273.26834786],[154320.974246,167273.81886519],[154320.91538654,167274.49829984],[154320.7781969,167274.97000587],[154320.5667019,167275.34625069],[154320.22003788,167275.8326884],[154319.79121459,167276.31475549],[154319.00893077,167276.85870714],[154318.50918491,167277.09354058],[154318.01783577,167277.23193441],[154317.04096864,167277.32829158],[154315.7341048,167277.39259617],[154313.23008714,167277.41948745],[154312.96,167274.76000035]]]},"geometry_name":"GEOM","properties":{"INSPIRE_ID":"https://databrussels.be/id/streetsurface/136611","TYPE":"SW","STREET_ID":"https://databrussels.be/id/streetname/1131","STRNAMEFRE":"Chaussée de Wavre","STRNAMEDUT":"Waversesteenweg","MUNNISCODE":"21002","HIERARCHY":"IDR","LVL":0,"ADMIN":"REGION_RBC","AREA":31},"bbox":[154312.96,167272.45000035,154320.974246,167277.41948745]},{"type":"Feature","id":"StreetSurfaces.fid--24aa7d09_1a031580c5b_-5b34","geometry":{"type":"Polygon","coordinates":[[[154313.79086033,167282.94129443],[154314.2,167286.97000035],[154310.9566778,167287.61324949],[154310.62764125,167287.67850742],[154239.133,167298.11300035],[154238.4192135,167295.70674592],[154239.72,167295.38000035],[154253.00996094,167291.08781679],[154254.01478881,167290.84721448],[154255.32465152,167290.61475453],[154267.44564442,167288.58938822],[154269.84,167290.56000035],[154285.07,167288.29000035],[154299.4,167286.22000035],[154308.51,167285.17000036],[154310.75784352,167285.02434324],[154311.86261596,167283.05595749],[154313.79086033,167282.94129443]]]},"geometry_name":"GEOM","properties":{"INSPIRE_ID":"https://databrussels.be/id/streetsurface/136612","TYPE":"SW","STREET_ID":"https://databrussels.be/id/streetname/1131","STRNAMEFRE":"Chaussée de Wavre","STRNAMEDUT":"Waversesteenweg","MUNNISCODE":"21002","HIERARCHY":"IDR","LVL":0,"ADMIN":"REGION_RBC","AREA":277},"bbox":[154238.4192135,167282.94129443,154314.2,167298.11300035]},{"type":"Feature","id":"StreetSurfaces.fid--24aa7d09_1a031580c5b_-5b1f","geometry":{"type":"Polygon","coordinates":[[[154419.85804525,167292.27062247],[154420.79,167292.44000035],[154421.81,167292.62000035],[154425.96,167293.39000035],[154440.6399204,167296.02703373],[154448.98055197,167297.54364282],[154456.18014588,167298.88006724],[154456.29420503,167298.90140355],[154455.93472415,167301.09502091],[154441,167298.61000035],[154419.42356646,167294.75153465],[154419.85804525,167292.27062247]]]},"geometry_name":"GEOM","properties":{"INSPIRE_ID":"https://databrussels.be/id/streetsurface/136643","TYPE":"SW","STREET_ID":"https://databrussels.be/id/streetname/1788","STRNAMEFRE":"Chaussée de Tervuren","STRNAMEDUT":"Tervuursesteenweg","MUNNISCODE":"21002","HIERARCHY":"IDR","LVL":0,"ADMIN":"REGION_RBC","AREA":90},"bbox":[154419.42356646,167292.27062247,154456.29420503,167301.09502091]},{"type":"Feature","id":"StreetSurfaces.fid--24aa7d09_1a031580c5b_-5b19","geometry":{"type":"Polygon","coordinates":[[[154461.92540355,167305.22569769],[154455.67849926,167303.13286415],[154455.8066117,167302.11394253],[154455.93472415,167301.09502091],[154456.29420503,167298.90140355],[154462.32311068,167300.03987227],[154462.57336719,167300.14657492],[154462.77321838,167300.26787225],[154462.97600526,167300.43451188],[154463.10371443,167300.5678892],[154463.21802095,167300.71291733],[154463.31786763,167300.86825496],[154463.42286981,167301.07925186],[154463.50123176,167301.3015232],[154463.55177292,167301.53172038],[154463.57373186,167301.76637534],[154463.56677776,167302.0019529],[154463.53101539,167302.23490397],[154463.31504369,167303.81050145],[154463.23750982,167304.08212931],[154463.11902819,167304.33855726],[154462.96243154,167304.57365444],[154462.7714639,167304.78179995],[154462.52902973,167304.97249296],[154462.25796956,167305.11968171],[154461.92540355,167305.22569769]]]},"geometry_name":"GEOM","properties":{"INSPIRE_ID":"https://databrussels.be/id/streetsurface/136644","TYPE":"SW","STREET_ID":"https://databrussels.be/id/streetname/1788","STRNAMEFRE":"Chaussée de Tervuren","STRNAMEDUT":"Tervuursesteenweg","MUNNISCODE":"21002","HIERARCHY":"IDR","LVL":0,"ADMIN":"REGION_RBC","AREA":36},"bbox":[154455.67849926,167298.90140355,154463.57373186,167305.22569769]},{"type":"Feature","id":"StreetSurfaces.fid--24aa7d09_1a031580c5b_-5aec","geometry":{"type":"Polygon","coordinates":[[[154554.61,167307.30000035],[154554.08428465,167310.18520101],[154553.948,167310.19100035],[154550.564,167309.60800035],[154546.384,167308.88900035],[154544.956,167308.64300035],[154544.449,167308.55100035],[154543.941,167308.45900036],[154543.468,167308.29000035],[154543.266,167308.17400035],[154543.07,167308.04100035],[154542.886,167307.89500035],[154542.758,167307.77500035],[154542.636,167307.64700036],[154542.514,167307.51900035],[154533.71,167305.92000035],[154485.7140795,167296.96562622],[154486.191,167295.00800035],[154500.039,167297.59600035],[154504.69,167298.20000035],[154537.552,167304.19000035],[154554.61,167307.30000035]]]},"geometry_name":"GEOM","properties":{"INSPIRE_ID":"https://databrussels.be/id/streetsurface/136645","TYPE":"SW","STREET_ID":"https://databrussels.be/id/streetname/1788","STRNAMEFRE":"Chaussée de Tervuren","STRNAMEDUT":"Tervuursesteenweg","MUNNISCODE":"21002","HIERARCHY":"IDR","LVL":0,"ADMIN":"REGION_RBC","AREA":165},"bbox":[154485.7140795,167295.00800035,154554.61,167310.19100035]},{"type":"Feature","id":"StreetSurfaces.fid--24aa7d09_1a031580c5b_-5ac1","geometry":{"type":"Polygon","coordinates":[[[154219.777,167007.53100035],[154222.41985321,167008.36273119],[154222.32798006,167008.6551817],[154222.17743072,167009.13198595],[154222.143,167009.23900036],[154221.71062128,167010.18021124],[154221.07706777,167010.9996252],[154220.275,167011.65500035],[154219.34975605,167012.11837233],[154218.34465789,167012.36447731],[154217.31,167012.38100035],[154216.12163111,167012.01347985],[154217.168,167008.89700036],[154219.777,167007.53100035]]]},"geometry_name":"GEOM","properties":{"INSPIRE_ID":"https://databrussels.be/id/streetsurface/136662","TYPE":"SW","STREET_ID":"https://databrussels.be/id/streetname/2398","STRNAMEFRE":"Rue Jacques Bassem","STRNAMEDUT":"Jacques Bassemstraat","MUNNISCODE":"21002","HIERARCHY":"DR","LVL":0,"ADMIN":"MUN_RBC","AREA":20},"bbox":[154216.12163111,167007.53100035,154222.41985321,167012.38100035]},{"type":"Feature","id":"StreetSurfaces.fid--24aa7d09_1a031580c5b_-5ac5","geometry":{"type":"Polygon","coordinates":[[[154201.32624364,167098.81995905],[154203.81,167091.01000035],[154213.77,167060.05000036],[154224,167025.99000036],[154224.03065148,167025.89380038],[154226.468,167026.66600035],[154209.2,167080.98000035],[154205.98,167091.09000035],[154203.412,167099.48100035],[154201.32624364,167098.81995905]]]},"geometry_name":"GEOM","properties":{"INSPIRE_ID":"https://databrussels.be/id/streetsurface/136663","TYPE":"SW","STREET_ID":"https://databrussels.be/id/streetname/2398","STRNAMEFRE":"Rue Jacques Bassem","STRNAMEDUT":"Jacques Bassemstraat","MUNNISCODE":"21002","HIERARCHY":"DR","LVL":0,"ADMIN":"MUN_RBC","AREA":165},"bbox":[154201.32624364,167025.89380038,154226.468,167099.48100035]},{"type":"Feature","id":"StreetSurfaces.fid--24aa7d09_1a031580c5b_-5b36","geometry":{"type":"Polygon","coordinates":[[[154235.338,167285.32300035],[154237.906,167284.60100035],[154245.351,167282.90000035],[154252.878,167281.55600036],[154267.016,167279.66300035],[154302.31,167275.66000035],[154312.96,167274.76000035],[154313.23008714,167277.41948745],[154311.32,167277.44000035],[154306.47,167277.52000035],[154302.42,167277.75000035],[154270.52,167281.28000035],[154267.24,167281.65000035],[154263.95,167282.02000035],[154260.67,167282.43000035],[154253.2,167283.53000035],[154245.75,167284.86000035],[154238.4,167286.54000035],[154235.90721317,167287.24087085],[154235.338,167285.32300035]]]},"geometry_name":"GEOM","properties":{"INSPIRE_ID":"https://databrussels.be/id/streetsurface/136664","TYPE":"SW","STREET_ID":"https://databrussels.be/id/streetname/1131","STRNAMEFRE":"Chaussée de Wavre","STRNAMEDUT":"Waversesteenweg","MUNNISCODE":"21002","HIERARCHY":"IDR","LVL":0,"ADMIN":"REGION_RBC","AREA":161},"bbox":[154235.338,167274.76000035,154313.23008714,167287.24087085]},{"type":"Feature","id":"StreetSurfaces.fid--24aa7d09_1a031580c5b_-5af6","geometry":{"type":"Polygon","coordinates":[[[154237.63,167300.11100035],[154231.02148255,167301.21300439],[154230.824,167300.52000035],[154230.782,167299.66600035],[154230.889,167298.87700035],[154231.251,167298.21600035],[154231.785,167297.64000035],[154235.731,167296.38200035],[154238.4192135,167295.70674592],[154239.133,167298.11300035],[154238.382,167299.11200035],[154237.63,167300.11100035]]]},"geometry_name":"GEOM","properties":{"INSPIRE_ID":"https://databrussels.be/id/streetsurface/136665","TYPE":"SW","STREET_ID":"https://databrussels.be/id/streetname/1131","STRNAMEFRE":"Chaussée de Wavre","STRNAMEDUT":"Waversesteenweg","MUNNISCODE":"21002","HIERARCHY":"IDR","LVL":0,"ADMIN":"REGION_RBC","AREA":30},"bbox":[154230.782,167295.70674592,154239.133,167301.21300439]},{"type":"Feature","id":"StreetSurfaces.fid--24aa7d09_1a031580c5b_-5b1c","geometry":{"type":"Polygon","coordinates":[[[154461.92540355,167305.22569769],[154461.66147499,167305.2681228],[154459.32756057,167305.0675607],[154449.87810276,167310.14522181],[154447.30736346,167309.45982415],[154444.00609218,167311.2850879],[154443.21886405,167309.91911212],[154446.08,167308.36000035],[154455.67849926,167303.13286415],[154461.92540355,167305.22569769]]]},"geometry_name":"GEOM","properties":{"INSPIRE_ID":"https://databrussels.be/id/streetsurface/136666","TYPE":"SW","STREET_ID":"https://databrussels.be/id/streetname/311","STRNAMEFRE":"Rue du Villageois","STRNAMEDUT":"Dorpelingstraat","MUNNISCODE":"21002","HIERARCHY":"DR","LVL":0,"ADMIN":"REGION_RBC","AREA":46},"bbox":[154443.21886405,167303.13286415,154461.92540355,167311.2850879]},{"type":"Feature","id":"StreetSurfaces.fid--24aa7d09_1a031580c5b_-5aee","geometry":{"type":"Polygon","coordinates":[[[154535.39,167316.05000035],[154530.51,167315.14000035],[154503.5,167310.27000035],[154487.47595307,167307.2804331],[154483.31389823,167306.81770202],[154484.08554913,167303.65028995],[154484.9489632,167303.79346577],[154487.3816559,167304.21533124],[154529.82,167311.96000035],[154531.464,167312.27000035],[154533.171,167312.65500035],[154534.348,167312.91800035],[154534.983,167313.16400035],[154536.014,167313.64400035],[154536.474,167314.01700035],[154537.043,167314.60800035],[154537.439,167315.03500035],[154537.529,167315.16700035],[154537.93328021,167315.76029174],[154535.39,167316.05000035]]]},"geometry_name":"GEOM","properties":{"INSPIRE_ID":"https://databrussels.be/id/streetsurface/136667","TYPE":"SW","STREET_ID":"https://databrussels.be/id/streetname/1788","STRNAMEFRE":"Chaussée de Tervuren","STRNAMEDUT":"Tervuursesteenweg","MUNNISCODE":"21002","HIERARCHY":"IDR","LVL":0,"ADMIN":"REGION_RBC","AREA":163},"bbox":[154483.31389823,167303.65028995,154537.93328021,167316.05000035]},{"type":"Feature","id":"StreetSurfaces.fid--24aa7d09_1a031580c5b_-5af0","geometry":{"type":"Polygon","coordinates":[[[154483.31389823,167306.81770202],[154478.85964086,167306.92027132],[154478.07314281,167307.04579011],[154477.30242589,167307.24661237],[154476.55468249,167307.52086401],[154475.83689062,167307.8659857],[154475.15574876,167308.27875672],[154474.51761338,167308.75532507],[154473.95363281,167309.2553867],[154467.3727105,167307.05065068],[154467.58443197,167306.9587352],[154467.99543943,167306.83157699],[154468.41788459,167306.75011274],[154468.84670359,167306.71531898],[154469.27675615,167306.72761277],[154469.70288721,167306.78684675],[154470.07001287,167304.48716866],[154470.13777524,167304.17221652],[154470.23806353,167303.86606483],[154470.36978063,167303.57206279],[154470.5314856,167303.29342666],[154470.72140946,167303.03320461],[154470.93747453,167302.79424335],[154471.17249743,167302.5830523],[154471.4279199,167302.39705016],[154471.70105401,167302.2381943],[154471.9890255,167302.10815641],[154472.28880394,167302.00830493],[154472.59723466,167301.93969063],[154472.73326811,167301.91590031],[154472.87025686,167301.89843132],[154473.0079073,167301.88732112],[154473.14592444,167301.8825935],[154473.28040698,167301.88413381],[154473.41468342,167301.89173414],[154473.54848082,167301.90537906],[154473.68152721,167301.92504084],[154484.08554913,167303.65028995],[154483.31389823,167306.81770202]]]},"geometry_name":"GEOM","properties":{"INSPIRE_ID":"https://databrussels.be/id/streetsurface/136705","TYPE":"SW","STREET_ID":"https://databrussels.be/id/streetname/1788","STRNAMEFRE":"Chaussée de Tervuren","STRNAMEDUT":"Tervuursesteenweg","MUNNISCODE":"21002","HIERARCHY":"IDR","LVL":0,"ADMIN":"REGION_RBC","AREA":71},"bbox":[154467.3727105,167301.8825935,154484.08554913,167309.2553867]},{"type":"Feature","id":"StreetSurfaces.fid--24aa7d09_1a031580c5b_-5aca","geometry":{"type":"Polygon","coordinates":[[[154136.899,166983.57400036],[154137.62338257,166984.22445773],[154138.508,166984.63100035],[154144.861,166986.57000035],[154154.922,166989.71700036],[154174.592,166995.72200035],[154179.887,166997.41400035],[154191.747,167001.07100035],[154203.2701,167004.61010035],[154208.5301,167006.18010036],[154213.959,167007.90400035],[154217.168,167008.89700036],[154216.12163111,167012.01347985],[154214.12169104,167011.39496905],[154213.543,167011.21600035],[154213.051,167009.23300035],[154208.02040686,167007.67113781],[154202.815,167006.05500036],[154201.938,167007.62900036],[154201.051,167007.35700035],[154201.154,167005.54600035],[154192.242,167002.79700035],[154191.251445,167002.49145336],[154190.534,167004.10300036],[154189.629,167003.82400035],[154189.919,167002.08600035],[154186.05209003,167000.89856525],[154183.13891867,167000.00400035],[154180.309,166999.13500035],[154179.292,167000.65600035],[154178.427,167000.39000035],[154178.425,166998.55900035],[154174.020724,166997.20565836],[154160.955,166993.18900035],[154150.668,166990.02300035],[154144.825,166988.23000035],[154137.951,166986.12400036],[154136.13459403,166985.56453857],[154136.899,166983.57400036]]]},"geometry_name":"GEOM","properties":{"INSPIRE_ID":"https://databrussels.be/id/streetsurface/136806","TYPE":"SW","STREET_ID":"https://databrussels.be/id/streetname/4917","STRNAMEFRE":"Avenue Guillaume Detroch","STRNAMEDUT":"Guillaume Detrochlaan","MUNNISCODE":"21002","HIERARCHY":"DR","LVL":0,"ADMIN":"MUN_RBC","AREA":144},"bbox":[154136.13459403,166983.57400036,154217.168,167012.01347985]},{"type":"Feature","id":"StreetSurfaces.fid--24aa7d09_1a031580c5b_-5ac7","geometry":{"type":"Polygon","coordinates":[[[154192.076,167096.02700035],[154194.878866,167087.15683135],[154195.131,167087.23400035],[154196.751,167081.94100035],[154208.715,167043.42800035],[154210.62,167037.06000035],[154212.393,167031.58200036],[154215.095,167022.98100035],[154217.60868558,167023.81410757],[154213.098,167038.21400035],[154207.19,167057.10000035],[154201.70911961,167074.60975509],[154199.25117095,167082.46680134],[154197.466,167088.16400035],[154194.86496885,167096.50327531],[154194.76483262,167096.81333916],[154192.076,167096.02700035]]]},"geometry_name":"GEOM","properties":{"INSPIRE_ID":"https://databrussels.be/id/streetsurface/136807","TYPE":"SW","STREET_ID":"https://databrussels.be/id/streetname/2398","STRNAMEFRE":"Rue Jacques Bassem","STRNAMEDUT":"Jacques Bassemstraat","MUNNISCODE":"21002","HIERARCHY":"DR","LVL":0,"ADMIN":"MUN_RBC","AREA":201},"bbox":[154192.076,167022.98100035,154217.60868558,167096.81333916]},{"type":"Feature","id":"StreetSurfaces.fid--24aa7d09_1a031580c5b_-5ac3","geometry":{"type":"Polygon","coordinates":[[[154213.676,167020.31700035],[154214.17391778,167018.51594812],[154216.022,167017.47900035],[154216.80070217,167018.11581002],[154217.42380394,167018.90552378],[154217.862,167019.81100035],[154218.06079719,167020.55763759],[154218.133846,167021.32682635],[154218.08237687,167022.09669059],[154217.911,167022.84900035],[154217.60868558,167023.81410757],[154215.095,167022.98100035],[154213.676,167020.31700035]]]},"geometry_name":"GEOM","properties":{"INSPIRE_ID":"https://databrussels.be/id/streetsurface/136808","TYPE":"SW","STREET_ID":"https://databrussels.be/id/streetname/2398","STRNAMEFRE":"Rue Jacques Bassem","STRNAMEDUT":"Jacques Bassemstraat","MUNNISCODE":"21002","HIERARCHY":"DR","LVL":0,"ADMIN":"MUN_RBC","AREA":19},"bbox":[154213.676,167017.47900035,154218.133846,167023.81410757]},{"type":"Feature","id":"StreetSurfaces.fid--24aa7d09_1a031580c5b_-5b05","geometry":{"type":"Polygon","coordinates":[[[154201.32624364,167098.81995905],[154203.412,167099.48100035],[154202.35048253,167102.83070816],[154201.863,167104.36900035],[154200.949,167107.47100036],[154200.13827686,167109.72459788],[154198.01445636,167115.62826137],[154196.2142772,167114.94602159],[154196.47,167114.09000035],[154201.32624364,167098.81995905]]]},"geometry_name":"GEOM","properties":{"INSPIRE_ID":"https://databrussels.be/id/streetsurface/136809","TYPE":"SW","STREET_ID":"https://databrussels.be/id/streetname/2398","STRNAMEFRE":"Rue Jacques Bassem","STRNAMEDUT":"Jacques Bassemstraat","MUNNISCODE":"21002","HIERARCHY":"DR","LVL":0,"ADMIN":"MUN_RBC","AREA":37},"bbox":[154196.2142772,167098.81995905,154203.412,167115.62826137]},{"type":"Feature","id":"StreetSurfaces.fid--24aa7d09_1a031580c5b_-5afa","geometry":{"type":"Polygon","coordinates":[[[154235.338,167285.32300035],[154235.90721317,167287.24087085],[154234.95,167287.51000035],[154231.52,167288.56000035],[154228.09,167289.60000035],[154223.31,167290.94000035],[154219.65895055,167291.94275337],[154219.136,167290.01200035],[154223.403,167288.82600035],[154227.53,167287.68000035],[154235.338,167285.32300035]]]},"geometry_name":"GEOM","properties":{"INSPIRE_ID":"https://databrussels.be/id/streetsurface/136810","TYPE":"SW","STREET_ID":"https://databrussels.be/id/streetname/1131","STRNAMEFRE":"Chaussée de Wavre","STRNAMEDUT":"Waversesteenweg","MUNNISCODE":"21002","HIERARCHY":"IDR","LVL":0,"ADMIN":"REGION_RBC","AREA":34},"bbox":[154219.136,167285.32300035,154235.90721317,167291.94275337]},{"type":"Feature","id":"StreetSurfaces.fid--24aa7d09_1a031580c5b_-5b4c","geometry":{"type":"Polygon","coordinates":[[[154237.63,167300.11100035],[154244.552,167350.70700035],[154249.28,167364.98000035],[154257.48,167390.95000035],[154264.5,167401.77000035],[154265.56,167403.08000035],[154276.176,167418.66300035],[154274.66669604,167419.69136125],[154268.46,167411.04000035],[154258.68,167396.15000035],[154257.68,167394.61000035],[154257.18,167393.83000036],[154256.69,167393.12000035],[154256.19,167392.41000035],[154255.75,167391.67000035],[154255.57,167391.29000035],[154255.4,167390.90000035],[154255.24,167390.52000035],[154253.29,167384.51000035],[154250.8,167376.29000035],[154244.42,167356.41000035],[154243.92,167355.04000035],[154243.42,167353.68000035],[154242.99,167352.29000035],[154242.84,167351.69000035],[154242.7,167351.09000035],[154242.57,167350.49000035],[154242.09,167347.92000035],[154241.71,167345.33000035],[154241.34,167342.74000035],[154240.28,167333.12000035],[154239.22,167323.49000035],[154237.89,167313.90000035],[154235.41,167308.47700035],[154233.896,167303.76200035],[154231.912,167304.33800036],[154231.02148255,167301.21300439],[154237.63,167300.11100035]]]},"geometry_name":"GEOM","properties":{"INSPIRE_ID":"https://databrussels.be/id/streetsurface/136811","TYPE":"SW","STREET_ID":"https://databrussels.be/id/streetname/1345","STRNAMEFRE":"Rue du Vieux Moulin","STRNAMEDUT":"Oude Molenstraat","MUNNISCODE":"21002","HIERARCHY":"DR","LVL":0,"ADMIN":"MUN_RBC","AREA":269},"bbox":[154231.02148255,167300.11100035,154276.176,167419.69136125]},{"type":"Feature","id":"StreetSurfaces.fid--24aa7d09_1a031580c5b_-5abd","geometry":{"type":"Polygon","coordinates":[[[154228.96046448,167010.42153377],[154232.281,167000.00000036],[154234.122,166994.09500035],[154237.684,166982.58600035],[154244.05472227,166962.02464461],[154246.27925755,166954.80949273],[154251.75232578,166937.26809954],[154255.28023988,166925.86068777],[154255.54198328,166925.07374737],[154255.24615736,166924.96756037],[154255.01075316,166924.82715638],[154254.82239842,166924.62803101],[154254.69867758,166924.39449164],[154254.64101652,166924.14160212],[154254.65044106,166923.88239355],[154254.84451948,166923.17722898],[154256.2009677,166918.27529038],[154256.284352,166917.97395583],[154260.67105604,166918.72504309],[154258.51,166924.28000035],[154254.529,166936.85800035],[154248.61,166955.56000036],[154244.69,166968.89000036],[154231.395,167011.18800035],[154228.96046448,167010.42153377]]]},"geometry_name":"GEOM","properties":{"INSPIRE_ID":"https://databrussels.be/id/streetsurface/137123","TYPE":"SW","STREET_ID":"https://databrussels.be/id/streetname/2398","STRNAMEFRE":"Rue Jacques Bassem","STRNAMEDUT":"Jacques Bassemstraat","MUNNISCODE":"21002","HIERARCHY":"DR","LVL":0,"ADMIN":"MUN_RBC","AREA":257},"bbox":[154228.96046448,166917.97395583,154260.67105604,167011.18800035]},{"type":"Feature","id":"StreetSurfaces.fid--24aa7d09_1a031580c5b_-5b31","geometry":{"type":"Polygon","coordinates":[[[154266.537,167140.24700035],[154268.983,167139.11700035],[154289.582,167138.47500035],[154289.51,167136.18000035],[154332.578,167134.83700036],[154332.67,167128.15000035],[154339.509,167127.93700035],[154349.77,167145.25000035],[154368.155,167174.78600035],[154378.09,167168.79000035],[154383.34,167177.42000035],[154373.664,167183.12400035],[154398.452,167224.78600035],[154409.66,167217.80000035],[154415.005,167226.73200036],[154404.4,167233.10000035],[154413.227,167247.63700035],[154410.334,167249.24800035],[154407.44,167250.86000035],[154405.22,167247.60000035],[154369.856,167189.94500035],[154361.12,167176.58000035],[154358.61,167173.05000035],[154351.73,167162.01000035],[154348.01,167158.03000035],[154343.27,167153.93000035],[154340.59,167152.52000035],[154332.23,167147.15000035],[154324.32,167146.23300035],[154324.41,167148.19700036],[154318.62,167152.87000035],[154314.55,167152.86000035],[154312.94,167156.32000035],[154304.17,167156.56000035],[154304.31,167157.67000036],[154301.62,167163.17000035],[154291.16,167163.21000035],[154285.22,167160.23000035],[154280.37,167172.00000035],[154280.55,167176.36000035],[154280.98,167197.14000035],[154282.43,167197.07000035],[154297.17,167201.17000035],[154298.51,167203.42000035],[154298.84,167210.61000035],[154300.26,167215.34000035],[154323.41,167264.41900035],[154325.45,167268.67000035],[154326.31,167270.13000035],[154327.13,167271.19000035],[154329.04,167273.07000035],[154324.92716675,167272.86908981],[154324.8438039,167272.43140482],[154324.66156633,167270.97018242],[154324.513,167268.62700035],[154319.78,167258.81000035],[154311.08,167240.44000035],[154303.21,167223.66000035],[154302.85,167222.96000035],[154302.49,167222.27000035],[154302.11,167221.59000035],[154301.38,167220.50000035],[154300.57,167219.46000035],[154299.68,167218.50000035],[154298.39,167217.42000035],[154296.97,167216.48000035],[154295.51,167215.60000035],[154294.39,167214.96000035],[154293.25,167214.37000035],[154292.11,167213.77000035],[154289.91,167212.73000035],[154288.81,167212.22000035],[154287.28,167211.61000035],[154285.74,167211.00000035],[154284.38,167210.18000035],[154283.34,167209.14000035],[154282.43,167207.93000035],[154281.69,167206.63000035],[154281.2,167205.41000035],[154280.83,167204.13000035],[154280.53,167202.83000035],[154280.33,167201.76000035],[154280.18,167200.67000035],[154280.02,167199.59000035],[154279.98,167196.08000035],[154279.79,167181.82000035],[154279.22,167162.62000035],[154279.29,167159.83000035],[154279.37,167158.95000036],[154279.44,167158.06000035],[154279.58,167157.20000035],[154279.95,167155.95000036],[154280.46,167154.75000035],[154281.05,167153.59000035],[154281.74,167152.45000035],[154281.84,167152.30000035],[154282.74,167151.07000035],[154283.74,167149.94000035],[154284.26,167149.44000035],[154284.8,167148.97000035],[154285.35,167148.50000036],[154286.32,167147.98000035],[154289.3,167146.41000035],[154291.28,167145.23000035],[154292.3,167144.70000035],[154292.71,167144.51000035],[154293.12,167144.34000035],[154293.32,167144.26000035],[154293.53,167144.17000035],[154294.78,167143.68000035],[154295.98,167143.25000035],[154297.24,167142.88000035],[154297.97,167142.72000035],[154298.72,167142.58000035],[154299.47,167142.46000035],[154300,167142.39000036],[154300.54,167142.33000035],[154301.08,167142.28000035],[154302.45,167142.24000035],[154313.54,167141.99000035],[154324.12,167141.83000035],[154325.59,167141.80000035],[154326.93,167141.78000035],[154328.05,167141.75000036],[154328.52,167141.73000035],[154329.17,167141.71000035],[154330.29,167141.72000035],[154331.78,167141.79000035],[154333.26,167141.94000035],[154334.71,167142.22000035],[154334.88,167142.27000036],[154336.26,167142.69000035],[154337.76,167143.31000035],[154339.19,167144.06000035],[154340.31,167144.76000035],[154341.37,167145.56000035],[154342.37,167146.43000035],[154343.02,167147.10000036],[154343.64,167147.82000035],[154344.25,167148.53000035],[154346.68,167152.21000035],[154358.48,167171.42000035],[154358.65,167171.70000035],[154358.82,167171.99000035],[154359.03,167172.23000035],[154359.19,167172.32000035],[154359.36,167172.40000035],[154359.53,167172.47000036],[154359.92,167172.66000036],[154360.31,167172.84000035],[154360.67,167173.06000035],[154360.99,167173.34000035],[154361.14,167173.49000035],[154382.79,167208.70000035],[154401.05,167238.35000035],[154407.57,167248.71000035],[154410.88,167246.58000035],[154408.92,167243.42000035],[154404.14,167235.84000035],[154403.89,167235.30000035],[154403.64,167234.77000035],[154403.48,167234.21000035],[154403.41,167233.79000035],[154403.39,167233.36000035],[154403.46,167232.97000035],[154403.69,167232.63000036],[154404.02,167232.34000036],[154404.35,167232.04000035],[154411.93,167227.61000035],[154412.36,167227.16000035],[154412.55,167226.75000035],[154412.6,167226.30000035],[154412.49,167225.87000035],[154412.27,167225.26000035],[154409.92,167221.43000035],[154409.57,167221.04000035],[154409.24,167221.00000035],[154408.74,167221.13000035],[154408.19,167221.31000035],[154401.2,167225.51000035],[154400.75,167225.79000035],[154400.3,167226.06000035],[154399.83,167226.22000035],[154399.45,167226.25000035],[154399.06,167226.21000035],[154398.69,167226.11000035],[154398.27,167225.88000035],[154397.88,167225.55000035],[154397.5,167225.23000035],[154371.29,167182.47000035],[154349.44,167147.13000035],[154348.6,167145.93000035],[154347.75,167144.74000036],[154346.83,167143.61000035],[154345.48,167142.32000035],[154344.01,167141.14000035],[154342.46,167140.09000036],[154341.35,167139.46000035],[154340.2,167138.88000035],[154339.04,167138.36000035],[154337.69,167137.81000035],[154336.32,167137.33000035],[154334.92,167136.95000035],[154333.49,167136.75000035],[154332.04,167136.65000035],[154330.59,167136.56000035],[154304.75,167137.09000035],[154302.64,167137.15000035],[154300.53,167137.22000035],[154298.46,167137.43000035],[154295.8,167138.02000035],[154293.19,167138.86000035],[154290.65,167139.86000036],[154289.38,167140.43000035],[154288.13,167141.03000035],[154286.9,167141.69000035],[154284.24,167143.25000035],[154281.7,167145.03000035],[154279.48,167147.10000035],[154277.88,167149.05000036],[154276.49,167151.20000035],[154275.42,167153.48000035],[154274.91,167155.16000035],[154274.56,167156.91000035],[154274.34,167158.67000035],[154274.27,167160.13000035],[154274.33,167163.07000035],[154274.56,167171.96000035],[154274.78,167180.85000035],[154274.96,167189.74000035],[154275.02,167194.08000035],[154275.05,167196.26000035],[154275.32,167202.05000035],[154276.15,167205.63000035],[154277.04,167208.24000035],[154278.72,167211.38000036],[154273.887,167204.75600035],[154272.785,167154.01500035],[154266.842,167154.32300035],[154266.537,167140.24700035]]]},"geometry_name":"GEOM","properties":{"INSPIRE_ID":"https://databrussels.be/id/streetsurface/137124","TYPE":"SW","STREET_ID":"https://databrussels.be/id/streetname/2505","STRNAMEFRE":"Clos du Bergoje","STRNAMEDUT":"Bergage","MUNNISCODE":"21002","HIERARCHY":"DR","LVL":0,"ADMIN":"MUN_RBC","AREA":2113},"bbox":[154266.537,167127.93700035,154415.005,167273.07000035]},{"type":"Feature","id":"StreetSurfaces.fid--24aa7d09_1a031580c5b_-5b2f","geometry":{"type":"Polygon","coordinates":[[[154278.72,167211.38000036],[154280.66,167213.55000036],[154284.36,167215.70000035],[154286.65,167216.62000036],[154288.1,167217.33000035],[154289.27,167217.90000035],[154289.56,167218.04000035],[154291,167218.76000035],[154292.01,167219.27000035],[154293.02,167219.79000035],[154294,167220.36000036],[154295.06,167221.09000035],[154296.07,167221.88000035],[154296.97,167222.78000035],[154297.45,167223.40000035],[154297.88,167224.06000035],[154298.32,167224.72000035],[154307.13,167243.66000036],[154318.52,167267.77000035],[154320.45660314,167271.3516119],[154320.80698199,167272.21829714],[154320.86537439,167272.6706726],[154316.348,167272.45000035],[154316.976,167271.28400035],[154317.326,167270.00600035],[154317.381,167268.68300035],[154317.138,167267.38100035],[154316.34,167265.68000035],[154297.03,167224.88000036],[154293.93,167222.15000035],[154288.31,167218.55000035],[154282.2,167216.31000035],[154278.72,167211.38000036]]]},"geometry_name":"GEOM","properties":{"INSPIRE_ID":"https://databrussels.be/id/streetsurface/137125","TYPE":"SW","STREET_ID":"https://databrussels.be/id/streetname/2505","STRNAMEFRE":"Clos du Bergoje","STRNAMEDUT":"Bergage","MUNNISCODE":"21002","HIERARCHY":"DR","LVL":0,"ADMIN":"MUN_RBC","AREA":94},"bbox":[154278.72,167211.38000036,154320.86537439,167272.6706726]},{"type":"Feature","id":"StreetSurfaces.fid--24aa7d09_1a031580c5b_-5b2c","geometry":{"type":"Polygon","coordinates":[[[154313.79086033,167282.94129443],[154316.21461309,167282.79716596],[154318.18200657,167284.81001666],[154331.85754552,167284.84458965],[154331.804,167287.34700035],[154314.2,167286.97000035],[154313.79086033,167282.94129443]]]},"geometry_name":"GEOM","properties":{"INSPIRE_ID":"https://databrussels.be/id/streetsurface/137126","TYPE":"SW","STREET_ID":"https://databrussels.be/id/streetname/1131","STRNAMEFRE":"Chaussée de Wavre","STRNAMEDUT":"Waversesteenweg","MUNNISCODE":"21002","HIERARCHY":"IDR","LVL":0,"ADMIN":"REGION_RBC","AREA":48},"bbox":[154313.79086033,167282.79716596,154331.85754552,167287.34700035]},{"type":"Feature","id":"StreetSurfaces.fid--24aa7d09_1a031580c5b_-5af1","geometry":{"type":"Polygon","coordinates":[[[154485.7140795,167296.96562622],[154485.48544652,167296.92297124],[154460.40414792,167292.34777015],[154457.4557934,167291.81318106],[154457.81795671,167289.60319506],[154474.501,167292.62000035],[154476.427,167293.18300035],[154486.191,167295.00800035],[154485.7140795,167296.96562622]]]},"geometry_name":"GEOM","properties":{"INSPIRE_ID":"https://databrussels.be/id/streetsurface/137127","TYPE":"SW","STREET_ID":"https://databrussels.be/id/streetname/1788","STRNAMEFRE":"Chaussée de Tervuren","STRNAMEDUT":"Tervuursesteenweg","MUNNISCODE":"21002","HIERARCHY":"IDR","LVL":0,"ADMIN":"REGION_RBC","AREA":62},"bbox":[154457.4557934,167289.60319506,154486.191,167296.96562622]},{"type":"Feature","id":"StreetSurfaces.fid--24aa7d09_1a031580c5b_-5b2b","geometry":{"type":"Polygon","coordinates":[[[154332.02833315,167276.86238661],[154328.3385085,167276.97095819],[154327.8048376,167276.95299581],[154327.22904357,167276.8911881],[154326.83326551,167276.76295906],[154326.52889029,167276.54265645],[154326.16509982,167276.13156285],[154325.83983954,167275.63590582],[154325.33618459,167274.59139348],[154325.06784208,167273.60768607],[154324.92716675,167272.86908981],[154329.04,167273.07000035],[154330.14,167273.63000035],[154332.09,167273.98000035],[154332.02833315,167276.86238661]]]},"geometry_name":"GEOM","properties":{"INSPIRE_ID":"https://databrussels.be/id/streetsurface/137149","TYPE":"SW","STREET_ID":"https://databrussels.be/id/streetname/1131","STRNAMEFRE":"Chaussée de Wavre","STRNAMEDUT":"Waversesteenweg","MUNNISCODE":"21002","HIERARCHY":"IDR","LVL":0,"ADMIN":"REGION_RBC","AREA":23},"bbox":[154324.92716675,167272.86908981,154332.09,167276.97095819]},{"type":"Feature","id":"StreetSurfaces.fid--24aa7d09_1a031580c5b_-5b25","geometry":{"type":"Polygon","coordinates":[[[154419.85804525,167292.27062247],[154419.42356646,167294.75153465],[154393.395,167290.27200035],[154386.13,167289.00000035],[154385.95707685,167285.23488696],[154389.47688139,167285.28673618],[154389.79625739,167283.34961577],[154391.17412811,167283.54772018],[154393.21807176,167284.02586138],[154394.46993431,167284.50320033],[154396.14279912,167285.45730698],[154399.66864525,167287.6485807],[154400.83219904,167288.35610084],[154401.73931908,167288.7967026],[154404.06064031,167289.39952707],[154419.85804525,167292.27062247]]]},"geometry_name":"GEOM","properties":{"INSPIRE_ID":"https://databrussels.be/id/streetsurface/137150","TYPE":"SW","STREET_ID":"https://databrussels.be/id/streetname/1788","STRNAMEFRE":"Chaussée de Tervuren","STRNAMEDUT":"Tervuursesteenweg","MUNNISCODE":"21002","HIERARCHY":"IDR","LVL":0,"ADMIN":"REGION_RBC","AREA":124},"bbox":[154385.95707685,167283.34961577,154419.85804525,167294.75153465]},{"type":"Feature","id":"StreetSurfaces.fid--24aa7d09_1a031580c5b_-5b2a","geometry":{"type":"Polygon","coordinates":[[[154331.804,167287.34700035],[154331.85754552,167284.84458965],[154349.82,167284.89000035],[154366.94,167284.83000035],[154375.5,167285.04000035],[154377.33,167285.12000035],[154380.65649781,167285.15680567],[154385.95707685,167285.23488696],[154386.13,167289.00000035],[154381.01,167288.40000035],[154331.804,167287.34700035]]]},"geometry_name":"GEOM","properties":{"INSPIRE_ID":"https://databrussels.be/id/streetsurface/137151","TYPE":"SW","STREET_ID":"https://databrussels.be/id/streetname/1131","STRNAMEFRE":"Chaussée de Wavre","STRNAMEDUT":"Waversesteenweg","MUNNISCODE":"21002","HIERARCHY":"IDR","LVL":0,"ADMIN":"REGION_RBC","AREA":164},"bbox":[154331.804,167284.83000035,154386.13,167289.00000035]},{"type":"Feature","id":"StreetSurfaces.fid--24aa7d09_1a031580c5b_-5b1d","geometry":{"type":"Polygon","coordinates":[[[154457.81795671,167289.60319506],[154457.4557934,167291.81318106],[154444.35241037,167289.4373048],[154430.89,167287.09000035],[154427.11,167286.42000035],[154424.12,167285.89000035],[154423.09,167285.68000036],[154421.53,167285.35000035],[154421.08848282,167285.24471549],[154421.452,167283.16900035],[154444.81,167287.19000035],[154449.91,167288.14000035],[154457.81795671,167289.60319506]]]},"geometry_name":"GEOM","properties":{"INSPIRE_ID":"https://databrussels.be/id/streetsurface/137152","TYPE":"SW","STREET_ID":"https://databrussels.be/id/streetname/1788","STRNAMEFRE":"Chaussée de Tervuren","STRNAMEDUT":"Tervuursesteenweg","MUNNISCODE":"21002","HIERARCHY":"IDR","LVL":0,"ADMIN":"REGION_RBC","AREA":83},"bbox":[154421.08848282,167283.16900035,154457.81795671,167291.81318106]},{"type":"Feature","id":"StreetSurfaces.fid--24aa7d09_1a031580c5b_-5b28","geometry":{"type":"Polygon","coordinates":[[[154332.02833315,167276.86238661],[154332.09,167273.98000035],[154337.81,167273.83000035],[154343.44,167273.54000035],[154350.271,167273.66600035],[154385.38,167272.67000036],[154385.50135337,167275.31226774],[154385.34,167275.34000035],[154384.04,167275.52000035],[154363.2,167276.13000035],[154337.683,167276.69600035],[154332.02833315,167276.86238661]]]},"geometry_name":"GEOM","properties":{"INSPIRE_ID":"https://databrussels.be/id/streetsurface/137292","TYPE":"SW","STREET_ID":"https://databrussels.be/id/streetname/1131","STRNAMEFRE":"Chaussée de Wavre","STRNAMEDUT":"Waversesteenweg","MUNNISCODE":"21002","HIERARCHY":"IDR","LVL":0,"ADMIN":"REGION_RBC","AREA":152},"bbox":[154332.02833315,167272.67000036,154385.50135337,167276.86238661]},{"type":"Feature","id":"StreetSurfaces.fid--24aa7d09_1a031580c5b_-5b20","geometry":{"type":"Polygon","coordinates":[[[154420.887,167272.38200035],[154421.17,167277.77600035],[154421.452,167283.16900035],[154421.08848282,167285.24471549],[154420.23,167285.04000035],[154419.39,167284.46000035],[154418.82,167283.71000035],[154418.20002597,167282.84682379],[154417.6388865,167281.95349969],[154417.12946971,167280.92075434],[154416.79676773,167279.95149],[154416.58320514,167278.90365995],[154416.46858981,167277.46291641],[154416.46736625,167276.41898032],[154416.69319391,167275.41245142],[154417.25997162,167274.07057827],[154418.10308095,167272.6331442],[154418.89,167271.71000035],[154420.114675,167270.55305512],[154420.887,167272.38200035]]]},"geometry_name":"GEOM","properties":{"INSPIRE_ID":"https://databrussels.be/id/streetsurface/137326","TYPE":"SW","STREET_ID":"https://databrussels.be/id/streetname/1131","STRNAMEFRE":"Chaussée de Wavre","STRNAMEDUT":"Waversesteenweg","MUNNISCODE":"21002","HIERARCHY":"IDR","LVL":0,"ADMIN":"REGION_RBC","AREA":51},"bbox":[154416.46736625,167270.55305512,154421.452,167285.24471549]},{"type":"Feature","id":"StreetSurfaces.fid--24aa7d09_1a031580c5b_-5aac","geometry":{"type":"Polygon","coordinates":[[[154287.50546752,166917.55108767],[154288.92410864,166917.93982392],[154303.33820434,166922.46961613],[154312.94396148,166925.47755156],[154314.86121382,166926.10262285],[154315.82145821,166926.43911893],[154319.58433546,166927.8755249],[154329.94398805,166931.8669728],[154333.77647756,166933.08196612],[154339.39,166934.92400036],[154353.413,166939.39600035],[154362.248,166942.19100035],[154371.275,166945.05500035],[154385.079,166949.40800036],[154403.045,166955.08100036],[154426.052,166962.35600035],[154433.476,166964.66800036],[154448.466,166969.41900035],[154457.508,166972.27600035],[154476.953,166978.44200035],[154481.052,166979.74800035],[154493.419,166983.66500035],[154504.628,166987.13100035],[154507.851,166988.09400035],[154511.08,166989.03800036],[154514.41,166990.01800036],[154517.741,166990.99100035],[154522.645,166992.24800035],[154528.461,166993.73800035],[154529.339,166993.95600035],[154530.219,166994.16500035],[154544.613,166997.42300035],[154548.766,166998.30100035],[154552.929,166999.12900036],[154555.297,166999.57400036],[154557.668,167000.00000035],[154562.63,167000.68000035],[154568.76,167001.64000035],[154574.9,167002.52000036],[154580.41,167003.26000035],[154585.94,167003.93000036],[154591.47,167004.54000035],[154595.05,167004.90000035],[154598.64,167005.23000035],[154602.23,167005.54000035],[154606.34,167005.84000035],[154610.45,167006.12000035],[154614.56,167006.39000035],[154615.55,167006.44000036],[154616.54,167006.48000035],[154617.53,167006.56000036],[154618.43,167006.67000035],[154619.32,167006.81000035],[154620.2,167006.98000035],[154621.07,167007.17000035],[154621.93,167007.40000035],[154622.77,167007.66000035],[154623.9,167008.08000035],[154624.54587933,167008.37358187],[154609.57,167010.55000036],[154595.724,167009.49600036],[154591.18,167009.15000036],[154584.54,167008.28000035],[154557.81,167004.17000035],[154542.94,167001.43000036],[154537.14,167000.00000035],[154529.736,166997.79800035],[154516.72,166994.43200035],[154502.855,166990.37100035],[154481.589,166983.65700035],[154357.54,166944.65000035],[154353.87,166943.44000035],[154353.652,166943.93800035],[154329.048,166936.14000035],[154315.873,166931.94000035],[154304.581,166928.40300036],[154299.04370663,166926.53733844],[154290.2430461,166923.79450247],[154286.02892723,166921.93113984],[154287.50546752,166917.55108767]]]},"geometry_name":"GEOM","properties":{"INSPIRE_ID":"https://databrussels.be/id/streetsurface/137407","TYPE":"SW","STREET_ID":"https://databrussels.be/id/streetname/2356","STRNAMEFRE":"Avenue Herrmann-Debroux","STRNAMEDUT":"Herrmann-Debrouxlaan","MUNNISCODE":"21002","HIERARCHY":"MAR","LVL":0,"ADMIN":"REGION_RBC","AREA":1395},"bbox":[154286.02892723,166917.55108767,154624.54587933,167010.55000036]},{"type":"Feature","id":"StreetSurfaces.fid--24aa7d09_1a031580c5b_-5b27","geometry":{"type":"Polygon","coordinates":[[[154416.76075418,167262.61152987],[154390.93,167273.62000035],[154390.15,167273.96000035],[154389.36,167274.30000035],[154388.56,167274.59000035],[154387.71,167274.84000035],[154386.85,167275.05000035],[154385.98,167275.23000035],[154385.50135337,167275.31226774],[154385.38,167272.67000036],[154386.82,167272.31000035],[154401.605,167266.54400035],[154405.36,167265.08000035],[154415.92,167260.62100035],[154416.76075418,167262.61152987]]]},"geometry_name":"GEOM","properties":{"INSPIRE_ID":"https://databrussels.be/id/streetsurface/137408","TYPE":"SW","STREET_ID":"https://databrussels.be/id/streetname/1131","STRNAMEFRE":"Chaussée de Wavre","STRNAMEDUT":"Waversesteenweg","MUNNISCODE":"21002","HIERARCHY":"IDR","LVL":0,"ADMIN":"REGION_RBC","AREA":80},"bbox":[154385.38,167260.62100035,154416.76075418,167275.31226774]},{"type":"Feature","id":"StreetSurfaces.fid--24aa7d09_1a031580c5b_-5af3","geometry":{"type":"Polygon","coordinates":[[[154420.887,167272.38200035],[154420.114675,167270.55305512],[154423.7874951,167267.08335766],[154428.81963682,167262.85752848],[154431.97817521,167260.42388817],[154433.90869952,167258.59606192],[154435.06776319,167259.65885552],[154446.23508253,167247.46082876],[154457.62565044,167234.46154747],[154469.88765418,167220.54857775],[154485.91842754,167202.20500991],[154498.3355551,167188.03712114],[154498.38702895,167185.72616901],[154505.67204584,167177.69017437],[154506.6466431,167178.62727871],[154510.08681596,167174.97640449],[154521.0650528,167162.68477729],[154531.77081685,167150.81550541],[154544.77477072,167135.84464202],[154559.29931546,167119.81073894],[154559.12720578,167117.71681653],[154569.73542653,167106.35701526],[154586.23,167089.78000035],[154588.23,167087.69000036],[154591.09,167084.69000036],[154591.41,167084.44000035],[154591.52,167084.35000035],[154591.63492565,167084.26380612],[154593.41,167085.88000035],[154568.09,167112.62000035],[154564.79,167116.14000035],[154543.8,167140.35000035],[154515.44,167171.99000035],[154497.45,167192.61000035],[154484.59,167207.02000035],[154482.27,167209.42000035],[154433.769,167264.77000035],[154420.887,167272.38200035]]]},"geometry_name":"GEOM","properties":{"INSPIRE_ID":"https://databrussels.be/id/streetsurface/137410","TYPE":"SW","STREET_ID":"https://databrussels.be/id/streetname/1131","STRNAMEFRE":"Chaussée de Wavre","STRNAMEDUT":"Waversesteenweg","MUNNISCODE":"21002","HIERARCHY":"IDR","LVL":0,"ADMIN":"REGION_RBC","AREA":613},"bbox":[154420.114675,167084.26380612,154593.41,167272.38200035]},{"type":"Feature","id":"StreetSurfaces.fid--24aa7d09_1a031580c5b_-5ad4","geometry":{"type":"Polygon","coordinates":[[[154061.785,167146.72700035],[154059.65541934,167147.22351519],[154059.689,167146.47800036],[154059.725,167144.78100035],[154060.2548057,167139.17224409],[154061.11077676,167133.60392706],[154062.29,167128.09500035],[154063.57277972,167122.464847],[154065.025,167116.87600035],[154067.13646097,167109.09376782],[154069.378,167101.34800036],[154071.42836136,167094.67073093],[154073.588,167088.02800036],[154076.456,167079.67600035],[154077.03151203,167078.06298237],[154079.89683782,167079.21393521],[154076.459608,167088.98225236],[154071.736,167103.73500035],[154072.316,167103.90000035],[154069.468,167113.21800035],[154067.96,167119.59000036],[154066.553,167124.76500035],[154064.336,167134.40300035],[154061.785,167146.72700035]]]},"geometry_name":"GEOM","properties":{"INSPIRE_ID":"https://databrussels.be/id/streetsurface/137710","TYPE":"SW","STREET_ID":"https://databrussels.be/id/streetname/1838","STRNAMEFRE":"Boulevard du Souverain","STRNAMEDUT":"Vorstlaan","MUNNISCODE":"21002","HIERARCHY":"MER","LVL":0,"ADMIN":"REGION_RBC","AREA":225},"bbox":[154059.65541934,167078.06298237,154079.89683782,167147.22351519]},{"type":"Feature","id":"StreetSurfaces.fid--24aa7d09_1a031580c5b_-5ad7","geometry":{"type":"Polygon","coordinates":[[[154058.598,167164.59700035],[154056.08773693,167163.52540758],[154056.13619088,167163.36294345],[154056.399,167162.43300035],[154056.66519919,167161.43636774],[154056.917,167160.43600035],[154060.15125818,167160.66496299],[154058.598,167164.59700035]]]},"geometry_name":"GEOM","properties":{"INSPIRE_ID":"https://databrussels.be/id/streetsurface/137711","TYPE":"SW","STREET_ID":"https://databrussels.be/id/streetname/1838","STRNAMEFRE":"Boulevard du Souverain","STRNAMEDUT":"Vorstlaan","MUNNISCODE":"21002","HIERARCHY":"MER","LVL":0,"ADMIN":"REGION_RBC","AREA":11},"bbox":[154056.08773693,167160.43600035,154060.15125818,167164.59700035]},{"type":"Feature","id":"StreetSurfaces.fid--24aa7d09_1a031580c5b_-5ad9","geometry":{"type":"Polygon","coordinates":[[[154058.598,167164.59700035],[154055.995,167185.94100035],[154055.476,167187.93600035],[154054.382,167203.18200035],[154054.728,167203.20300035],[154054.1,167214.20000035],[154053.758,167225.59600035],[154053.674,167238.24100035],[154054.431,167260.88400035],[154055.201,167269.11000036],[154055.565,167275.67900035],[154055.946,167280.18100035],[154056.841,167289.95600035],[154057.867,167296.44100035],[154058.488,167300.74500035],[154059.284,167306.09600035],[154060.58,167314.73000035],[154062.522,167325.59100035],[154063.151,167328.57700035],[154063.743,167331.58400035],[154061.19644122,167331.21779953],[154060.499,167328.30200035],[154059.617,167323.76900036],[154058.16454444,167315.88242191],[154056.952,167308.96000035],[154055.6921192,167301.56382516],[154054.478,167294.16000035],[154053.23580737,167286.40233697],[154052.089,167278.63000035],[154051.553,167274.05000035],[154051.09758716,167268.55693195],[154050.766,167263.05500035],[154050.341,167248.29600035],[154050.190166,167236.99961097],[154050.30975863,167222.77511761],[154050.644,167212.66300035],[154051.097098,167204.25737645],[154051.725,167195.86300035],[154052.16031047,167190.73849738],[154052.651,167185.61900035],[154053.08036241,167181.17969762],[154053.608,167176.75100035],[154054.62295112,167170.49993278],[154055.86,167164.28900036],[154056.08773693,167163.52540758],[154058.598,167164.59700035]]]},"geometry_name":"GEOM","properties":{"INSPIRE_ID":"https://databrussels.be/id/streetsurface/137712","TYPE":"SW","STREET_ID":"https://databrussels.be/id/streetname/1838","STRNAMEFRE":"Boulevard du Souverain","STRNAMEDUT":"Vorstlaan","MUNNISCODE":"21002","HIERARCHY":"MER","LVL":0,"ADMIN":"REGION_RBC","AREA":555},"bbox":[154050.190166,167163.52540758,154063.743,167331.58400035]},{"type":"Feature","id":"StreetSurfaces.fid--24aa7d09_1a031580c5b_-5acf","geometry":{"type":"Polygon","coordinates":[[[154158.462,167306.47500035],[154159.89290462,167311.53825267],[154157.538,167312.22500035],[154149.539,167309.53300035],[154135.30152967,167314.56448113],[154134.415,167312.14900035],[154135.855,167311.62000035],[154154.91,167305.63000035],[154155.4,167307.34000035],[154158.462,167306.47500035]]]},"geometry_name":"GEOM","properties":{"INSPIRE_ID":"https://databrussels.be/id/streetsurface/137713","TYPE":"SW","STREET_ID":"https://databrussels.be/id/streetname/1131","STRNAMEFRE":"Chaussée de Wavre","STRNAMEDUT":"Waversesteenweg","MUNNISCODE":"21002","HIERARCHY":"IDR","LVL":0,"ADMIN":"REGION_RBC","AREA":80},"bbox":[154134.415,167305.63000035,154159.89290462,167314.56448113]},{"type":"Feature","id":"StreetSurfaces.fid--24aa7d09_1a031580c5b_-5b51","geometry":{"type":"Polygon","coordinates":[[[154224.21061221,167477.65390021],[154220.58,167472.84000035],[154220.07,167471.94000035],[154219.4,167471.22000035],[154216.28,167466.81800035],[154221.71761585,167462.96413918],[154225.011,167467.94500035],[154225.519,167469.13000035],[154225.774,167470.27300035],[154225.647,167471.28900035],[154225.266,167473.02500035],[154224.21061221,167477.65390021]]]},"geometry_name":"GEOM","properties":{"INSPIRE_ID":"https://databrussels.be/id/streetsurface/137745","TYPE":"SW","STREET_ID":"https://databrussels.be/id/streetname/851","STRNAMEFRE":"Avenue de la Sablière","STRNAMEDUT":"Zandgroeflaan","MUNNISCODE":"21002","HIERARCHY":"DR","LVL":0,"ADMIN":"MUN_RBC","AREA":68},"bbox":[154216.28,167462.96413918,154225.774,167477.65390021]},{"type":"Feature","id":"StreetSurfaces.fid--24aa7d09_1a031580c5b_-5b54","geometry":{"type":"Polygon","coordinates":[[[154216.28,167466.81800035],[154214.68,167464.56000035],[154207.09,167453.11000035],[154200.61,167443.38000035],[154184.47,167417.16000035],[154185.591,167416.47000035],[154186.144,167416.26500035],[154186.732,167416.28900035],[154187.267,167416.53800035],[154187.664,167416.97300035],[154188.14,167417.76000035],[154192.49,167424.93000035],[154196.41,167431.30000035],[154196.81,167431.94000035],[154202.94,167441.90000035],[154203.39,167441.71000036],[154216.63,167461.87600035],[154219.146,167461.99900035],[154221.135,167462.08300035],[154221.71761585,167462.96413918],[154216.28,167466.81800035]]]},"geometry_name":"GEOM","properties":{"INSPIRE_ID":"https://databrussels.be/id/streetsurface/137746","TYPE":"SW","STREET_ID":"https://databrussels.be/id/streetname/2790","STRNAMEFRE":"Rue Emile Idiers","STRNAMEDUT":"Emile Idiersstraat","MUNNISCODE":"21002","HIERARCHY":"DR","LVL":0,"ADMIN":"MUN_RBC","AREA":182},"bbox":[154184.47,167416.26500035,154221.71761585,167466.81800035]},{"type":"Feature","id":"StreetSurfaces.fid--24aa7d09_1a031580c5b_-5b74","geometry":{"type":"Polygon","coordinates":[[[154254.64632671,167489.77665554],[154245.69176684,167479.51635236],[154247.586,167478.02800035],[154257.41,167490.53000035],[154259.14,167488.93000035],[154271.04,167502.78000035],[154278.71,167511.48000035],[154286.54,167520.61000035],[154288.49,167523.28000035],[154321.91,167562.08000035],[154350.456,167595.66000035],[154348.97161016,167596.9221481],[154348.13,167595.94000035],[154342.95,167589.83000035],[154340.59624308,167587.03571789],[154338.98185297,167588.38702866],[154337.83611955,167587.01823864],[154339.44624976,167585.67049357],[154335.63,167581.14000035],[154319.42339304,167562.35977341],[154317.83282238,167563.69114634],[154316.68708895,167562.32235632],[154318.25706011,167561.00822603],[154317.62,167560.27000035],[154313.86614571,167555.90308516],[154312.3536247,167557.17780366],[154311.20789128,167555.80901364],[154312.70649803,167554.55404956],[154301.21,167541.18000035],[154285.26333401,167522.60715511],[154283.83344973,167523.83879548],[154282.59940437,167522.40617666],[154284.0315896,167521.17256068],[154278.5,167514.73000035],[154268.29,167502.59000035],[154259.27,167492.14000035],[154256.77,167492.21000036],[154255.82029567,167491.12181126],[154254.14702367,167492.52240859],[154253.00129025,167491.15361857],[154254.64632671,167489.77665554]]]},"geometry_name":"GEOM","properties":{"INSPIRE_ID":"https://databrussels.be/id/streetsurface/137747","TYPE":"SW","STREET_ID":"https://databrussels.be/id/streetname/4035","STRNAMEFRE":"Rue Emile Steeno","STRNAMEDUT":"Emile Steenostraat","MUNNISCODE":"21002","HIERARCHY":"DR","LVL":0,"ADMIN":"MUN_RBC","AREA":339},"bbox":[154245.69176684,167478.02800035,154350.456,167596.9221481]},{"type":"Feature","id":"StreetSurfaces.fid--24aa7d09_1a031580c5b_-5aeb","geometry":{"type":"Polygon","coordinates":[[[154015.558,167288.75600035],[154014.431,167277.83500035],[154013.903,167271.39300035],[154013.14,167257.84300035],[154012.73,167249.62000035],[154012.526,167231.59500036],[154012.515,167227.18000036],[154012.52181418,167226.97549898],[154013.02057573,167227.03688068],[154013.643,167227.32700035],[154014.06980826,167227.75325911],[154014.381,167228.27000035],[154014.57266834,167228.74879748],[154014.706,167229.24700035],[154014.83009507,167229.74204415],[154014.897,167230.24800035],[154014.916,167230.94700035],[154014.991,167233.24200035],[154015.29,167242.36200035],[154014.921,167242.38500035],[154014.951,167244.14100036],[154015.364,167244.14200035],[154015.444,167247.15700035],[154015.687,167253.04800035],[154015.809,167256.18600035],[154015.95619679,167258.9510963],[154016.14,167261.71400035],[154016.32691706,167264.45403873],[154016.60074221,167267.9491255],[154016.701,167268.70200035],[154016.82304993,167269.43433957],[154016.98,167270.16000036],[154017.449,167272.02000035],[154019.174,167278.92100035],[154019.34242505,167279.63891927],[154019.482,167280.36300035],[154019.58971183,167281.13623493],[154019.668,167281.91300035],[154020.024,167285.90200035],[154020.04838183,167286.88653806],[154019.943775,167287.86580635],[154019.85947443,167288.21554526],[154015.558,167288.75600035]]]},"geometry_name":"GEOM","properties":{"INSPIRE_ID":"https://databrussels.be/id/streetsurface/137878","TYPE":"SW","STREET_ID":"https://databrussels.be/id/streetname/1838","STRNAMEFRE":"Boulevard du Souverain","STRNAMEDUT":"Vorstlaan","MUNNISCODE":"21002","HIERARCHY":"MER","LVL":0,"ADMIN":"REGION_RBC","AREA":193},"bbox":[154012.515,167226.97549898,154020.04838183,167288.75600035]},{"type":"Feature","id":"StreetSurfaces.fid--24aa7d09_1a031580c5b_-5b66","geometry":{"type":"Polygon","coordinates":[[[154063.743,167331.58400035],[154064.03,167331.78300035],[154066.017,167333.18700035],[154066.305,167333.32900035],[154067.76355437,167336.58230119],[154067.335,167336.62000035],[154066.14447293,167336.61403024],[154064.98181337,167336.35787969],[154063.899,167335.86300035],[154062.94294801,167335.17620232],[154062.19226265,167334.26945074],[154061.696,167333.20200035],[154061.401,167332.07300035],[154061.19644122,167331.21779953],[154063.743,167331.58400035]]]},"geometry_name":"GEOM","properties":{"INSPIRE_ID":"https://databrussels.be/id/streetsurface/137879","TYPE":"SW","STREET_ID":"https://databrussels.be/id/streetname/1838","STRNAMEFRE":"Boulevard du Souverain","STRNAMEDUT":"Vorstlaan","MUNNISCODE":"21002","HIERARCHY":"MER","LVL":0,"ADMIN":"REGION_RBC","AREA":20},"bbox":[154061.19644122,167331.21779953,154067.76355437,167336.62000035]},{"type":"Feature","id":"StreetSurfaces.fid--24aa7d09_1a031580c5b_-5ad1","geometry":{"type":"Polygon","coordinates":[[[154135.30152967,167314.56448113],[154123.09,167318.88000035],[154108.46,167323.94000035],[154099.41,167327.10000035],[154092.046,167329.63000035],[154091.073,167329.91500035],[154081.811,167332.12300035],[154073.684,167334.02600035],[154072.621,167336.15500035],[154067.76355437,167336.58230119],[154066.305,167333.32900035],[154072.389,167332.00000035],[154073.744,167331.66100035],[154090.816,167328.05000035],[154096.968,167325.89400035],[154134.415,167312.14900035],[154135.30152967,167314.56448113]]]},"geometry_name":"GEOM","properties":{"INSPIRE_ID":"https://databrussels.be/id/streetsurface/137880","TYPE":"SW","STREET_ID":"https://databrussels.be/id/streetname/1131","STRNAMEFRE":"Chaussée de Wavre","STRNAMEDUT":"Waversesteenweg","MUNNISCODE":"21002","HIERARCHY":"IDR","LVL":0,"ADMIN":"REGION_RBC","AREA":166},"bbox":[154066.305,167312.14900035,154135.30152967,167336.58230119]},{"type":"Feature","id":"StreetSurfaces.fid--24aa7d09_1a031580c5b_-5b60","geometry":{"type":"Polygon","coordinates":[[[154149.24,167339.37000035],[154152.64732871,167338.15450222],[154154.25,167342.24000035],[154154.38,167342.69000035],[154154.51,167343.15000035],[154154.55,167343.60000035],[154154.52,167343.85000035],[154154.47,167344.11000035],[154154.315,167344.20700035],[154152.219,167344.92800035],[154151.3017535,167344.4929991],[154149.84177066,167340.86526655],[154149.44,167339.80000035],[154149.24,167339.37000035]]]},"geometry_name":"GEOM","properties":{"INSPIRE_ID":"https://databrussels.be/id/streetsurface/137881","TYPE":"SW","STREET_ID":"https://databrussels.be/id/streetname/2790","STRNAMEFRE":"Rue Emile Idiers","STRNAMEDUT":"Emile Idiersstraat","MUNNISCODE":"21002","HIERARCHY":"DR","LVL":0,"ADMIN":"MUN_RBC","AREA":22},"bbox":[154149.24,167338.15450222,154154.55,167344.92800035]},{"type":"Feature","id":"StreetSurfaces.fid--24aa7d09_1a031580c5b_-5b6b","geometry":{"type":"Polygon","coordinates":[[[154149.24,167339.37000035],[154148.37,167338.01000035],[154146.79,167336.79000035],[154145.57,167336.31000035],[154143.42822485,167336.37415737],[154140.9142709,167329.70849594],[154141.548,167329.69100035],[154143.71,167329.83000035],[154144.5,167329.84000035],[154145.28,167329.93000035],[154146.05,167330.07000035],[154146.92,167330.31000035],[154147.77,167330.64000035],[154148.57,167331.04000035],[154149.08,167331.34000035],[154149.56,167331.66000035],[154149.98,167332.04000036],[154150.2,167332.32000035],[154150.4,167332.61000035],[154150.59,167332.91000035],[154152.64732871,167338.15450222],[154149.24,167339.37000035]]]},"geometry_name":"GEOM","properties":{"INSPIRE_ID":"https://databrussels.be/id/streetsurface/137882","TYPE":"SW","STREET_ID":"https://databrussels.be/id/streetname/1131","STRNAMEFRE":"Chaussée de Wavre","STRNAMEDUT":"Waversesteenweg","MUNNISCODE":"21002","HIERARCHY":"IDR","LVL":0,"ADMIN":"REGION_RBC","AREA":63},"bbox":[154140.9142709,167329.69100035,154152.64732871,167339.37000035]},{"type":"Feature","id":"StreetSurfaces.fid--24aa7d09_1a031580c5b_-5b4f","geometry":{"type":"Polygon","coordinates":[[[154224.21061221,167477.65390021],[154222.201,167486.46800035],[154220.614,167486.10800035],[154216.733,167502.90400035],[154218.259,167503.25100035],[154217.948,167504.61600035],[154216.423,167504.26900035],[154213.35,167517.82000035],[154212.753,167520.45200035],[154214.286,167520.80000035],[154213.975,167522.16600035],[154212.443,167521.81700035],[154206.852,167546.97700035],[154206.44654702,167548.79107995],[154201.67212027,167547.62886963],[154202.885,167545.63000035],[154204.02594116,167543.15229089],[154204.878,167540.56100035],[154205.45,167538.49000035],[154217.42,167487.27000035],[154220.58,167472.84000035],[154224.21061221,167477.65390021]]]},"geometry_name":"GEOM","properties":{"INSPIRE_ID":"https://databrussels.be/id/streetsurface/137883","TYPE":"SW","STREET_ID":"https://databrussels.be/id/streetname/851","STRNAMEFRE":"Avenue de la Sablière","STRNAMEDUT":"Zandgroeflaan","MUNNISCODE":"21002","HIERARCHY":"DR","LVL":0,"ADMIN":"MUN_RBC","AREA":253},"bbox":[154201.67212027,167472.84000035,154224.21061221,167548.79107995]},{"type":"Feature","id":"StreetSurfaces.fid--24aa7d09_1a031580c5b_-5b71","geometry":{"type":"Polygon","coordinates":[[[154311.77552686,167570.3309307],[154313.26,167572.06000035],[154327.69,167588.89000035],[154339.65,167602.96000035],[154340.58899582,167604.04837148],[154339.047,167605.35900035],[154237.16,167486.22000035],[154238.65722852,167485.04358601],[154239.43,167485.93000035],[154241.74,167488.62400035],[154260.35166848,167510.32790103],[154262.02505591,167508.97877243],[154263.18648827,167510.4193514],[154261.55679478,167511.73325282],[154262.18,167512.46000035],[154262.61,167512.96000035],[154275.54814851,167528.07434204],[154278.60901704,167525.51226946],[154279.75475046,167526.88105948],[154276.70901454,167529.43046544],[154293.05,167548.52000035],[154310.61267184,167568.97647216],[154312.21234458,167567.63748042],[154313.358078,167569.00627044],[154311.77552686,167570.3309307]]]},"geometry_name":"GEOM","properties":{"INSPIRE_ID":"https://databrussels.be/id/streetsurface/137884","TYPE":"SW","STREET_ID":"https://databrussels.be/id/streetname/4035","STRNAMEFRE":"Rue Emile Steeno","STRNAMEDUT":"Emile Steenostraat","MUNNISCODE":"21002","HIERARCHY":"DR","LVL":0,"ADMIN":"MUN_RBC","AREA":327},"bbox":[154237.16,167485.04358601,154340.58899582,167605.35900035]},{"type":"Feature","id":"StreetSurfaces.fid--24aa7d09_1a031580c5b_-5b4e","geometry":{"type":"Polygon","coordinates":[[[154228.8350288,167483.78550475],[154228.898,167483.52600035],[154229.639,167482.61500035],[154230.676,167481.95900035],[154231.988,167481.36600035],[154233.533,167481.09000035],[154235.142,167481.00500035],[154236.454,167481.30100035],[154237.788,167481.91400035],[154238.825,167482.65500035],[154239.651,167483.52200035],[154238.41,167484.76000035],[154238.65722852,167485.04358601],[154237.16,167486.22000035],[154234.715,167487.28000035],[154232.27,167488.34000035],[154228.8350288,167483.78550475]]]},"geometry_name":"GEOM","properties":{"INSPIRE_ID":"https://databrussels.be/id/streetsurface/137885","TYPE":"SW","STREET_ID":"https://databrussels.be/id/streetname/851","STRNAMEFRE":"Avenue de la Sablière","STRNAMEDUT":"Zandgroeflaan","MUNNISCODE":"21002","HIERARCHY":"DR","LVL":0,"ADMIN":"MUN_RBC","AREA":50},"bbox":[154228.8350288,167481.00500035,154239.651,167488.34000035]},{"type":"Feature","id":"StreetSurfaces.fid--24aa7d09_1a031580c5b_-5ae8","geometry":{"type":"Polygon","coordinates":[[[154015.558,167288.75600035],[154019.85947443,167288.21554526],[154019.71300116,167288.82322087],[154019.361,167289.74300035],[154018.80130091,167290.70713419],[154018.09013028,167291.56565238],[154017.247,167292.29500035],[154015.9190505,167293.07524545],[154014.438,167293.49800035],[154014.0061935,167293.55682912],[154013.691,167291.20000035],[154014.625,167289.97800035],[154015.558,167288.75600035]]]},"geometry_name":"GEOM","properties":{"INSPIRE_ID":"https://databrussels.be/id/streetsurface/137987","TYPE":"SW","STREET_ID":"https://databrussels.be/id/streetname/1838","STRNAMEFRE":"Boulevard du Souverain","STRNAMEDUT":"Vorstlaan","MUNNISCODE":"21002","HIERARCHY":"MER","LVL":0,"ADMIN":"REGION_RBC","AREA":19},"bbox":[154013.691,167288.21554526,154019.85947443,167293.55682912]},{"type":"Feature","id":"StreetSurfaces.fid--24aa7d09_1a031580c5b_-5b5e","geometry":{"type":"Polygon","coordinates":[[[154182.1857276,167413.92075471],[154176.72,167406.17000035],[154174.3,167401.36000035],[154172.4,167396.86000035],[154169.01,167387.66000035],[154162.05,167371.20000035],[154155.89412144,167355.90401171],[154159.162,167354.92900035],[154170.2,167383.59000035],[154170.8,167385.12000035],[154175.51,167397.10000035],[154176.49,167398.88000035],[154177.45,167400.46000035],[154178.78,167402.63000035],[154181.74,167407.43000035],[154183.8,167410.78000035],[154183.98,167411.15000035],[154184.15,167411.52000035],[154184.24,167411.90000035],[154184.23,167412.14000035],[154184.2,167412.39000035],[154184.12,167412.62000035],[154183.98,167412.80000035],[154183.8,167412.95000035],[154183.62,167413.11000035],[154182.1857276,167413.92075471]]]},"geometry_name":"GEOM","properties":{"INSPIRE_ID":"https://databrussels.be/id/streetsurface/137988","TYPE":"SW","STREET_ID":"https://databrussels.be/id/streetname/2790","STRNAMEFRE":"Rue Emile Idiers","STRNAMEDUT":"Emile Idiersstraat","MUNNISCODE":"21002","HIERARCHY":"DR","LVL":0,"ADMIN":"MUN_RBC","AREA":194},"bbox":[154155.89412144,167354.92900035,154184.24,167413.92075471]},{"type":"Feature","id":"StreetSurfaces.fid--24aa7d09_1a031580c5b_-5b72","geometry":{"type":"Polygon","coordinates":[[[154228.8350288,167483.78550475],[154232.27,167488.34000035],[154229.85,167500.61000035],[154229.27,167500.51400035],[154229.069,167501.39100035],[154229.641,167501.52200035],[154228.581,167506.15200035],[154228.009,167506.02100035],[154227.808,167506.89900035],[154228.38,167507.03000035],[154227.32,167511.66000035],[154226.748,167511.52900035],[154226.547,167512.40600035],[154227.119,167512.53700035],[154226.059,167517.16700035],[154225.487,167517.03600035],[154225.287,167517.91400035],[154225.858,167518.04500035],[154224.798,167522.67500035],[154224.226,167522.54400035],[154224.026,167523.42100035],[154224.597,167523.55200035],[154223.537,167528.18200035],[154222.966,167528.05100035],[154222.765,167528.92900035],[154224.096,167529.23400035],[154223.34,167532.47000035],[154222.766,167532.34100035],[154222.432,167533.82300035],[154222.86,167533.92000035],[154221.77,167538.73000035],[154221.34,167538.63300035],[154220.988,167540.19100035],[154221.747,167540.36300035],[154221.03,167543.38600035],[154219.896,167552.06500035],[154215.31325222,167550.9494493],[154215.852,167548.64000035],[154213.762,167548.16600035],[154218.458,167527.52700035],[154220.406,167528.07700035],[154220.897,167525.91000035],[154219.474,167525.58600035],[154219.785,167524.22100035],[154221.207,167524.54400035],[154222.3,167519.72000035],[154224.854,167508.54100035],[154223.34,167508.19600035],[154223.651,167506.83100035],[154225.166,167507.17600035],[154228.795,167491.29400035],[154227.186,167490.82900035],[154228.179,167486.48900035],[154228.8350288,167483.78550475]]]},"geometry_name":"GEOM","properties":{"INSPIRE_ID":"https://databrussels.be/id/streetsurface/138017","TYPE":"SW","STREET_ID":"https://databrussels.be/id/streetname/851","STRNAMEFRE":"Avenue de la Sablière","STRNAMEDUT":"Zandgroeflaan","MUNNISCODE":"21002","HIERARCHY":"DR","LVL":0,"ADMIN":"MUN_RBC","AREA":276},"bbox":[154213.762,167483.78550475,154232.27,167552.06500035]},{"type":"Feature","id":"StreetSurfaces.fid--24aa7d09_1a031580c5b_-5ab1","geometry":{"type":"Polygon","coordinates":[[[154188.52075518,167100.7596883],[154188.933,167099.04900035],[154179.7642069,167096.1720537],[154171.054,167093.43900035],[154150.931,167087.11300036],[154129.136933,167080.30737064],[154101.07,167071.48200035],[154098.629,167072.54200036],[154095.914,167071.68900035],[154094.528,167069.42300035],[154088.061,167067.38400035],[154087.604,167068.81700035],[154085.0144971,167068.03778066],[154085.39028751,167064.63451814],[154095.93967012,167068.17965752],[154118.611,167075.43100036],[154139.773,167082.08600035],[154145.94951733,167084.04518275],[154157.214,167087.49300035],[154189.5541,167097.53810035],[154188.52075518,167100.7596883]]]},"geometry_name":"GEOM","properties":{"INSPIRE_ID":"https://databrussels.be/id/streetsurface/138185","TYPE":"SW","STREET_ID":"https://databrussels.be/id/streetname/4865","STRNAMEFRE":"Avenue Paul Verheyleweghen","STRNAMEDUT":"Paul Verheyleweghenlaan","MUNNISCODE":"21002","HIERARCHY":"DR","LVL":0,"ADMIN":"MUN_RBC","AREA":182},"bbox":[154085.0144971,167064.63451814,154189.5541,167100.7596883]},{"type":"Feature","id":"StreetSurfaces.fid--24aa7d09_1a031580c5b_-5b0c","geometry":{"type":"Polygon","coordinates":[[[154172.57,167159.79300035],[154177.508,167143.21600035],[154179.087,167138.40200035],[154187.388,167111.60100036],[154189.7790481,167112.50717025],[154189.5891407,167113.11500035],[154184.558,167129.21800036],[154183.82662082,167131.477285],[154178.872,167147.47400035],[154177.10875443,167153.18322686],[154176.56141758,167154.95709922],[154175.011,167159.98200035],[154174.75841705,167160.4902135],[154172.57,167159.79300035]]]},"geometry_name":"GEOM","properties":{"INSPIRE_ID":"https://databrussels.be/id/streetsurface/138186","TYPE":"SW","STREET_ID":"https://databrussels.be/id/streetname/2398","STRNAMEFRE":"Rue Jacques Bassem","STRNAMEDUT":"Jacques Bassemstraat","MUNNISCODE":"21002","HIERARCHY":"DR","LVL":0,"ADMIN":"MUN_RBC","AREA":126},"bbox":[154172.57,167111.60100036,154189.7790481,167160.4902135]},{"type":"Feature","id":"StreetSurfaces.fid--24aa7d09_1a031580c5b_-5b07","geometry":{"type":"Polygon","coordinates":[[[154185.868,167109.03000035],[154186.8793627,167105.87694456],[154187.265,167106.01600035],[154188.2821921,167106.51103257],[154189.26427678,167107.34084923],[154189.936,167108.34700035],[154190.21355743,167109.22667176],[154190.282354,167110.14652335],[154190.18367056,167111.04004602],[154189.965,167111.91200035],[154189.7790481,167112.50717025],[154187.388,167111.60100036],[154185.868,167109.03000035]]]},"geometry_name":"GEOM","properties":{"INSPIRE_ID":"https://databrussels.be/id/streetsurface/138187","TYPE":"SW","STREET_ID":"https://databrussels.be/id/streetname/2398","STRNAMEFRE":"Rue Jacques Bassem","STRNAMEDUT":"Jacques Bassemstraat","MUNNISCODE":"21002","HIERARCHY":"DR","LVL":0,"ADMIN":"MUN_RBC","AREA":19},"bbox":[154185.868,167105.87694456,154190.282354,167112.50717025]},{"type":"Feature","id":"StreetSurfaces.fid--24aa7d09_1a031580c5b_-5b0a","geometry":{"type":"Polygon","coordinates":[[[154181.81095176,167162.73709778],[154184.193,167163.49600035],[154183.644,167165.30700035],[154184.475,167165.52900035],[154182.865,167171.56800035],[154184.075,167172.61500035],[154184.404,167174.61900035],[154182.628,167174.91100035],[154179.54952257,167175.58835628],[154179.51,167174.79000035],[154179.52,167173.05000035],[154179.78,167170.78000035],[154180.4,167167.86000035],[154181.21,167164.70000035],[154181.81095176,167162.73709778]]]},"geometry_name":"GEOM","properties":{"INSPIRE_ID":"https://databrussels.be/id/streetsurface/138188","TYPE":"SW","STREET_ID":"https://databrussels.be/id/streetname/2398","STRNAMEFRE":"Rue Jacques Bassem","STRNAMEDUT":"Jacques Bassemstraat","MUNNISCODE":"21002","HIERARCHY":"DR","LVL":0,"ADMIN":"MUN_RBC","AREA":43},"bbox":[154179.51,167162.73709778,154184.475,167175.58835628]},{"type":"Feature","id":"StreetSurfaces.fid--24aa7d09_1a031580c5b_-5afe","geometry":{"type":"Polygon","coordinates":[[[154213.37076668,167293.63867731],[154213.05,167293.70000036],[154212.38,167293.83000036],[154211.7,167293.90000035],[154211.3,167293.90000035],[154209.828,167293.83600035],[154208.122,167293.32400035],[154206.757,167292.76900035],[154205.434,167291.87300035],[154204.90982853,167291.08597458],[154208.023,167289.83800035],[154208.723,167290.69900035],[154209.62,167291.35400035],[154210.653,167291.76100035],[154211.756,167291.89100035],[154212.856,167291.73800035],[154213.37076668,167293.63867731]]]},"geometry_name":"GEOM","properties":{"INSPIRE_ID":"https://databrussels.be/id/streetsurface/138189","TYPE":"SW","STREET_ID":"https://databrussels.be/id/streetname/1131","STRNAMEFRE":"Chaussée de Wavre","STRNAMEDUT":"Waversesteenweg","MUNNISCODE":"21002","HIERARCHY":"IDR","LVL":0,"ADMIN":"REGION_RBC","AREA":18},"bbox":[154204.90982853,167289.83800035,154213.37076668,167293.90000035]},{"type":"Feature","id":"StreetSurfaces.fid--24aa7d09_1a031580c5b_-5afb","geometry":{"type":"Polygon","coordinates":[[[154215.84824298,167302.78556443],[154216.82,167302.49000035],[154217.63,167302.27000035],[154220.55,167301.47000035],[154221.704,167301.17100035],[154222.14798131,167301.13029418],[154222.553,167302.62500035],[154216.34,167304.60100035],[154215.84824298,167302.78556443]]]},"geometry_name":"GEOM","properties":{"INSPIRE_ID":"https://databrussels.be/id/streetsurface/138190","TYPE":"SW","STREET_ID":"https://databrussels.be/id/streetname/1131","STRNAMEFRE":"Chaussée de Wavre","STRNAMEDUT":"Waversesteenweg","MUNNISCODE":"21002","HIERARCHY":"IDR","LVL":0,"ADMIN":"REGION_RBC","AREA":12},"bbox":[154215.84824298,167301.13029418,154222.553,167304.60100035]},{"type":"Feature","id":"StreetSurfaces.fid--24aa7d09_1a031580c5b_-5b3f","geometry":{"type":"Polygon","coordinates":[[[154269.77365987,167429.33261709],[154267.417,167426.44600035],[154267.642,167425.38500035],[154267.866,167424.32400035],[154270.62074801,167422.44772193],[154270.96,167423.17000035],[154271.34,167424.23000035],[154271.51,167425.41000035],[154271.42,167426.41000035],[154271.13,167427.55000035],[154270.61,167428.53000035],[154269.77365987,167429.33261709]]]},"geometry_name":"GEOM","properties":{"INSPIRE_ID":"https://databrussels.be/id/streetsurface/138191","TYPE":"SW","STREET_ID":"https://databrussels.be/id/streetname/1345","STRNAMEFRE":"Rue du Vieux Moulin","STRNAMEDUT":"Oude Molenstraat","MUNNISCODE":"21002","HIERARCHY":"DR","LVL":0,"ADMIN":"MUN_RBC","AREA":18},"bbox":[154267.417,167422.44772193,154271.51,167429.33261709]},{"type":"Feature","id":"StreetSurfaces.fid--24aa7d09_1a031580c5b_-5b3c","geometry":{"type":"Polygon","coordinates":[[[154284.1311288,167433.3011693],[154286.428,167431.22500035],[154298.57,167444.66000035],[154307.09,167452.45000035],[154313.11,167458.04000035],[154318.247,167462.60700035],[154342.01,167484.42000035],[154342.98,167485.73000035],[154366.721,167511.03000035],[154387.51,167533.72000035],[154387.843,167535.10200035],[154391.33,167539.58000035],[154389.50965961,167541.22466019],[154389.071,167540.98500035],[154388.055,167539.84200035],[154389.357,167538.79000035],[154386.28,167535.34000035],[154376.64,167524.52000035],[154369.13,167516.38000035],[154361.63,167508.23000035],[154354.07,167500.13000035],[154352.05,167497.97000035],[154347.97,167493.67000035],[154345.27,167490.81000035],[154342.55,167487.97000035],[154339.78,167485.17000035],[154336,167481.61000035],[154332.13,167478.14000035],[154328.28,167474.65000035],[154323.8,167470.43000035],[154319.33,167466.19000035],[154314.8,167462.03000035],[154312.84,167460.30000035],[154310.87,167458.59000035],[154308.9,167456.87000035],[154306.46,167454.71000035],[154304.03,167452.55000035],[154302.21347956,167450.72666237],[154300.07892253,167448.68287893],[154298.49348081,167447.13480125],[154295.52800096,167443.95830925],[154288.62607988,167436.0414894],[154285.94778331,167435.4679912],[154284.1311288,167433.3011693]]]},"geometry_name":"GEOM","properties":{"INSPIRE_ID":"https://databrussels.be/id/streetsurface/138192","TYPE":"SW","STREET_ID":"https://databrussels.be/id/streetname/1345","STRNAMEFRE":"Rue du Vieux Moulin","STRNAMEDUT":"Oude Molenstraat","MUNNISCODE":"21002","HIERARCHY":"DR","LVL":0,"ADMIN":"MUN_RBC","AREA":288},"bbox":[154284.1311288,167431.22500035,154391.33,167541.22466019]},{"type":"Feature","id":"StreetSurfaces.fid--24aa7d09_1a031580c5b_-5ab9","geometry":{"type":"Polygon","coordinates":[[[154054.18,167033.35000035],[154058.988,167022.61500035],[154063.489,167012.91100035],[154066.091,167007.63100036],[154071.847,166996.37900035],[154074.605,166991.16700035],[154077.512,166985.87400035],[154080.371,166980.66000035],[154083.298,166975.10600036],[154086.324,166969.20700036],[154089.033,166963.80700036],[154091.989,166957.81700035],[154094.764,166951.60900036],[154097.957,166944.77700035],[154100.535,166938.77200036],[154107.626,166921.20600035],[154108.373,166919.31800035],[154108.552,166918.84300035],[154109.11795166,166916.88103252],[154109.841,166915.52000036],[154112.5433354,166910.34282421],[154112.637,166910.83700035],[154112.73038525,166912.93244751],[154112.60358614,166915.0261384],[154112.258,166917.09500035],[154111.99635062,166918.11327934],[154111.331,166920.22300036],[154108.138,166929.60200036],[154105.5975843,166936.27435756],[154102.869,166942.87200036],[154099.92275217,166949.42297164],[154096.778,166955.88100035],[154092.217,166964.88300035],[154091.621,166966.04800035],[154090.20925697,166968.8114129],[154088.909,166971.62900035],[154087.6352421,166974.65264592],[154086.522,166977.73900035],[154086.004,166979.37100035],[154085.49322696,166980.84932785],[154084.911,166982.30100035],[154084.24827449,166983.7506712],[154083.517,166985.16700035],[154083.06563527,166985.98380456],[154082.482,166986.71200035],[154081.82277508,166987.2952712],[154081.074,166987.75800036],[154080.54830083,166987.95004916],[154080.066,166988.23400035],[154079.59944365,166988.61689407],[154079.235,166989.09800035],[154079.056,166989.44300035],[154075.987,166995.15800036],[154073.98516751,166998.92146902],[154073.41914157,167000.00400036],[154072.01,167002.69900035],[154070.06280629,167006.47072271],[154068.15,167010.26000035],[154066.52,167013.54600035],[154060.903,167024.86500035],[154057.477,167031.76800035],[154056.768,167033.25200035],[154055.928,167035.18300035],[154054.79,167038.17800035],[154054.223,167039.89600035],[154053.034,167043.38700035],[154052.38904587,167045.2351265],[154051.71,167047.07100035],[154050.355,167050.61400035],[154047.72374602,167057.55278747],[154044.521,167066.27800035],[154042.34766621,167072.5731999],[154040.226,167078.88600035],[154038.17392426,167085.12973857],[154036.107,167091.88600035],[154037.382,167094.41500036],[154035.399,167101.60900035],[154032.56,167112.20800035],[154031.98705096,167114.33639165],[154031.372,167116.45300035],[154030.75763766,167118.42134606],[154030.104,167120.37700035],[154029.5195847,167121.99303109],[154028.916,167123.60200035],[154028.191797,167125.49739435],[154027.486,167127.40000035],[154026.1721038,167131.23540075],[154024.982,167135.11100036],[154024.04514575,167138.8006712],[154023.234,167142.52000035],[154022.8058128,167144.71479075],[154022.441,167146.92100035],[154022.40119396,167147.18911976],[154020.018,167146.75400035],[154021.443,167139.29900035],[154024.337,167125.42000035],[154026.85,167114.76000035],[154030.861,167099.49800036],[154033.851,167089.36300035],[154038.126,167075.65700035],[154040.4250413,167068.79148551],[154042.829,167061.96200036],[154045.47627193,167054.84405378],[154048.231,167047.76700035],[154051.129,167040.52700035],[154054.18,167033.35000035]]]},"geometry_name":"GEOM","properties":{"INSPIRE_ID":"https://databrussels.be/id/streetsurface/138194","TYPE":"SW","STREET_ID":"https://databrussels.be/id/streetname/1838","STRNAMEFRE":"Boulevard du Souverain","STRNAMEDUT":"Vorstlaan","MUNNISCODE":"21002","HIERARCHY":"MER","LVL":0,"ADMIN":"REGION_RBC","AREA":851},"bbox":[154020.018,166910.34282421,154112.73038525,167147.18911976]},{"type":"Feature","id":"StreetSurfaces.fid--24aa7d09_1a031580c5b_-5ab6","geometry":{"type":"Polygon","coordinates":[[[154082.49135679,167063.51945466],[154082.70943608,167062.96679507],[154084.30693291,167058.99672335],[154085.62257671,167055.7809439],[154086.984,167052.53000035],[154088.78443001,167048.35428903],[154090.627,167044.19700036],[154093.796,167037.32400036],[154097.567,167029.36000035],[154097.74,167028.99000035],[154110.03843955,167003.09683017],[154111.5064188,167000.00400035],[154116.73197816,166988.99446742],[154132.386,166995.32600036],[154131.948,166996.66600035],[154129.782,166995.96500035],[154128.772,166997.85600036],[154128.376,166997.64300035],[154121.247335,167010.98435135],[154120.344,167010.53600036],[154119.050239,167013.14258535],[154119.75927448,167013.49449921],[154119.953592,167013.59094435],[154119.7669569,167013.96697623],[154111.519,167009.35100035],[154111.27,167009.73700036],[154105.618,167020.40600035],[154102.92,167025.56300035],[154099.662,167032.18700035],[154097.95,167035.82000035],[154096.603,167038.76400036],[154092.074,167048.98400036],[154087.834,167058.83300035],[154085.39028751,167064.63451814],[154082.49135679,167063.51945466]]]},"geometry_name":"GEOM","properties":{"INSPIRE_ID":"https://databrussels.be/id/streetsurface/138195","TYPE":"SW","STREET_ID":"https://databrussels.be/id/streetname/1838","STRNAMEFRE":"Boulevard du Souverain","STRNAMEDUT":"Vorstlaan","MUNNISCODE":"21002","HIERARCHY":"MER","LVL":0,"ADMIN":"REGION_RBC","AREA":500},"bbox":[154082.49135679,166988.99446742,154132.386,167064.63451814]},{"type":"Feature","id":"StreetSurfaces.fid--24aa7d09_1a031580c5b_-5aae","geometry":{"type":"Polygon","coordinates":[[[154084.018058,167077.06181035],[154084.36363848,167073.9321374],[154085.813,167074.41100036],[154085.347,167075.90800035],[154104.74816606,167081.99212714],[154124.191,167088.09500035],[154140.07254413,167093.06551897],[154155.815,167098.02300035],[154169.584,167102.34200036],[154186.221,167107.57600036],[154186.8793627,167105.87694456],[154185.868,167109.03000035],[154183.691,167108.28100036],[154183.651,167108.40000035],[154176.218,167106.04200035],[154176.232,167105.97000036],[154159.553,167100.71400035],[154159.501,167100.77500035],[154145.097,167096.12900035],[154123.49,167089.41100035],[154119.01399999,167088.11784279],[154113.782,167086.40300035],[154108.288,167084.73500035],[154104.242,167083.35300036],[154099.356,167081.92000035],[154092.98699968,167079.91200036],[154084.018058,167077.06181035]]]},"geometry_name":"GEOM","properties":{"INSPIRE_ID":"https://databrussels.be/id/streetsurface/138196","TYPE":"SW","STREET_ID":"https://databrussels.be/id/streetname/4865","STRNAMEFRE":"Avenue Paul Verheyleweghen","STRNAMEDUT":"Paul Verheyleweghenlaan","MUNNISCODE":"21002","HIERARCHY":"DR","LVL":0,"ADMIN":"MUN_RBC","AREA":161},"bbox":[154084.018058,167073.9321374,154186.8793627,167109.03000035]},{"type":"Feature","id":"StreetSurfaces.fid--24aa7d09_1a031580c5b_-5b0e","geometry":{"type":"Polygon","coordinates":[[[154172.57,167159.79300035],[154174.75841705,167160.4902135],[154174.45481475,167161.10108086],[154174.32226518,167161.36777911],[154173.312,167162.54000035],[154172.22017157,167163.39925403],[154172.09597216,167163.49699723],[154170.78400742,167164.13414522],[154171.032,167160.84800035],[154172.57,167159.79300035]]]},"geometry_name":"GEOM","properties":{"INSPIRE_ID":"https://databrussels.be/id/streetsurface/138197","TYPE":"SW","STREET_ID":"https://databrussels.be/id/streetname/2398","STRNAMEFRE":"Rue Jacques Bassem","STRNAMEDUT":"Jacques Bassemstraat","MUNNISCODE":"21002","HIERARCHY":"DR","LVL":0,"ADMIN":"MUN_RBC","AREA":10},"bbox":[154170.78400742,167159.79300035,154174.75841705,167164.13414522]},{"type":"Feature","id":"StreetSurfaces.fid--24aa7d09_1a031580c5b_-5b09","geometry":{"type":"Polygon","coordinates":[[[154179.54952257,167175.58835628],[154182.628,167174.91100035],[154183.413,167179.69700035],[154182.673,167179.81800036],[154184.05,167188.11000035],[154190.121,167216.45000036],[154194.889,167237.31000035],[154197.32,167247.75000035],[154201.22,167266.07000035],[154202.46,167271.76000035],[154204.64,167280.83000035],[154207.563,167288.82700035],[154208.023,167289.83800035],[154204.90982853,167291.08597458],[154204.752,167290.84900035],[154204.453,167289.99600035],[154205.66,167289.48000035],[154203.12,167281.53000035],[154201.98,167277.99000035],[154200.36,167272.28000035],[154199.45,167268.79000035],[154198.89,167266.20000035],[154194.54,167246.91000035],[154188.28,167218.40000035],[154180.63,167183.45000035],[154180.21,167181.33000036],[154179.8,167178.68000035],[154179.61,167176.81000035],[154179.54952257,167175.58835628]]]},"geometry_name":"GEOM","properties":{"INSPIRE_ID":"https://databrussels.be/id/streetsurface/138198","TYPE":"SW","STREET_ID":"https://databrussels.be/id/streetname/2398","STRNAMEFRE":"Rue Jacques Bassem","STRNAMEDUT":"Jacques Bassemstraat","MUNNISCODE":"21002","HIERARCHY":"DR","LVL":0,"ADMIN":"MUN_RBC","AREA":276},"bbox":[154179.54952257,167174.91100035,154208.023,167291.08597458]},{"type":"Feature","id":"StreetSurfaces.fid--24aa7d09_1a031580c5b_-5b01","geometry":{"type":"Polygon","coordinates":[[[154200.1730282,167307.57331475],[154210.08,167304.54000035],[154215.84824298,167302.78556443],[154216.34,167304.60100035],[154206.604,167307.69600035],[154200.799,167309.54200035],[154200.1730282,167307.57331475]]]},"geometry_name":"GEOM","properties":{"INSPIRE_ID":"https://databrussels.be/id/streetsurface/138199","TYPE":"SW","STREET_ID":"https://databrussels.be/id/streetname/1131","STRNAMEFRE":"Chaussée de Wavre","STRNAMEDUT":"Waversesteenweg","MUNNISCODE":"21002","HIERARCHY":"IDR","LVL":0,"ADMIN":"REGION_RBC","AREA":32},"bbox":[154200.1730282,167302.78556443,154216.34,167309.54200035]},{"type":"Feature","id":"StreetSurfaces.fid--24aa7d09_1a031580c5b_-5ae4","geometry":{"type":"Polygon","coordinates":[[[154022.40119396,167147.18911976],[154021.605,167152.55200035],[154021.01849911,167156.21424964],[154018.52945574,167155.92984521],[154018.96431445,167153.0545199],[154019.793,167147.98900035],[154020.018,167146.75400035],[154022.40119396,167147.18911976]]]},"geometry_name":"GEOM","properties":{"INSPIRE_ID":"https://databrussels.be/id/streetsurface/138201","TYPE":"SW","STREET_ID":"https://databrussels.be/id/streetname/1838","STRNAMEFRE":"Boulevard du Souverain","STRNAMEDUT":"Vorstlaan","MUNNISCODE":"21002","HIERARCHY":"MER","LVL":0,"ADMIN":"REGION_RBC","AREA":23},"bbox":[154018.52945574,167146.75400035,154022.40119396,167156.21424964]},{"type":"Feature","id":"StreetSurfaces.fid--24aa7d09_1a031580c5b_-5ab2","geometry":{"type":"Polygon","coordinates":[[[154082.49135679,167063.51945466],[154085.39028751,167064.63451814],[154085.0144971,167068.03778066],[154081.373,167066.94200035],[154081.157,167066.90100035],[154082.49135679,167063.51945466]]]},"geometry_name":"GEOM","properties":{"INSPIRE_ID":"https://databrussels.be/id/streetsurface/138202","TYPE":"SW","STREET_ID":"https://databrussels.be/id/streetname/1838","STRNAMEFRE":"Boulevard du Souverain","STRNAMEDUT":"Vorstlaan","MUNNISCODE":"21002","HIERARCHY":"MER","LVL":0,"ADMIN":"REGION_RBC","AREA":12},"bbox":[154081.157,167063.51945466,154085.39028751,167068.03778066]},{"type":"Feature","id":"StreetSurfaces.fid--24aa7d09_1a031580c5b_-5ad2","geometry":{"type":"Polygon","coordinates":[[[154162.132,167159.94400035],[154171.032,167160.84800035],[154170.78400742,167164.13414522],[154169.20835052,167164.52961687],[154167.671,167164.55600035],[154167.899,167162.41100035],[154161.811,167161.80100035],[154161.046,167163.81500035],[154160.168,167163.71568831],[154159.804,167161.59600035],[154153.851,167160.99700035],[154153.091,167163.01300035],[154152.202,167162.92400035],[154151.832,167160.79200035],[154145.851,167160.18700035],[154145.077,167162.19400035],[154144.177,167162.09900036],[154143.826,167159.98200036],[154137.824,167159.35000035],[154137.006,167161.36900035],[154136.105,167161.27400036],[154135.825,167159.14400035],[154128.832,167158.42300035],[154128.05,167160.43800035],[154127.152,167160.34800035],[154127.058,167159.83400035],[154126.796,167158.22400036],[154119.833,167157.50600035],[154119.046,167159.51800035],[154118.137,167159.42900036],[154117.792,167157.30100035],[154111.822,167156.69400035],[154111.039,167158.70800035],[154110.127,167158.61400035],[154109.789,167156.48300035],[154103.815,167155.87500035],[154103.072,167157.89000036],[154102.171,167157.79700035],[154101.773,167155.66600035],[154094.185,167154.88600035],[154093.368,167156.89700035],[154092.471,167156.80500036],[154092.175,167154.68100035],[154080.229,167153.45100035],[154079.5,167155.47400035],[154078.606,167155.37600035],[154078.217,167153.25300035],[154072.239,167152.63700035],[154071.444,167154.64100035],[154070.538,167154.55000035],[154070.184,167152.42100035],[154064.03,167151.79700035],[154063.814956,167153.84357835],[154062.86735735,167153.78922043],[154064.38,167149.96000035],[154080.416,167151.61700035],[154088.872,167152.42300035],[154102.715,167153.93200035],[154116.44628399,167155.32224024],[154132.218,167156.87700035],[154150.512,167158.77800035],[154156.04233751,167159.31065572],[154162.132,167159.94400035]]]},"geometry_name":"GEOM","properties":{"INSPIRE_ID":"https://databrussels.be/id/streetsurface/138203","TYPE":"SW","STREET_ID":"https://databrussels.be/id/streetname/2147","STRNAMEFRE":"Avenue Pierre Devis","STRNAMEDUT":"Pierre Devislaan","MUNNISCODE":"21002","HIERARCHY":"DR","LVL":0,"ADMIN":"MUN_RBC","AREA":241},"bbox":[154062.86735735,167149.96000035,154171.032,167164.55600035]},{"type":"Feature","id":"StreetSurfaces.fid--24aa7d09_1a031580c5b_-5b10","geometry":{"type":"Polygon","coordinates":[[[154169.757,167177.74300035],[154172.1215129,167177.22273771],[154173.879,167184.96300035],[154179.76,167212.12000036],[154183.24,167227.60000035],[154186.56,167243.43000035],[154190.78,167262.30000035],[154192.253,167268.86600035],[154194.333,167276.77300035],[154196.76,167284.58000035],[154199.173,167292.07700035],[154200.896,167291.47300035],[154201.173,167292.47600035],[154201.1923372,167292.57606007],[154196.978,167294.26500035],[154192.038,167278.11500035],[154189.72,167269.30000035],[154184.94,167248.00000035],[154183.76,167243.83000035],[154177.61,167215.24000035],[154177.22,167212.79000035],[154175.48,167205.08000035],[154172.69,167192.50000036],[154171.347,167185.45400035],[154169.757,167177.74300035]]]},"geometry_name":"GEOM","properties":{"INSPIRE_ID":"https://databrussels.be/id/streetsurface/138204","TYPE":"SW","STREET_ID":"https://databrussels.be/id/streetname/2398","STRNAMEFRE":"Rue Jacques Bassem","STRNAMEDUT":"Jacques Bassemstraat","MUNNISCODE":"21002","HIERARCHY":"DR","LVL":0,"ADMIN":"MUN_RBC","AREA":323},"bbox":[154169.757,167177.22273771,154201.1923372,167294.26500035]},{"type":"Feature","id":"StreetSurfaces.fid--24aa7d09_1a031580c5b_-5b11","geometry":{"type":"Polygon","coordinates":[[[154169.757,167177.74300035],[154170.13156392,167172.77966115],[154170.77380595,167173.47809016],[154171.38516183,167174.5150607],[154171.766,167175.65700035],[154172.1215129,167177.22273771],[154169.757,167177.74300035]]]},"geometry_name":"GEOM","properties":{"INSPIRE_ID":"https://databrussels.be/id/streetsurface/138205","TYPE":"SW","STREET_ID":"https://databrussels.be/id/streetname/2398","STRNAMEFRE":"Rue Jacques Bassem","STRNAMEDUT":"Jacques Bassemstraat","MUNNISCODE":"21002","HIERARCHY":"DR","LVL":0,"ADMIN":"MUN_RBC","AREA":7},"bbox":[154169.757,167172.77966115,154172.1215129,167177.74300035]},{"type":"Feature","id":"StreetSurfaces.fid--24aa7d09_1a031580c5b_-5b04","geometry":{"type":"Polygon","coordinates":[[[154196.413,167295.74800035],[154196.696,167295.00600035],[154196.978,167294.26500035],[154201.1923372,167292.57606007],[154201.408,167293.69200035],[154201.429,167294.73700035],[154201.024,167295.99600035],[154200.533,167297.29700035],[154199.893,167298.27800035],[154199.039,167299.21600035],[154198.378,167299.74900035],[154197.75790888,167299.97774799],[154196.413,167295.74800035]]]},"geometry_name":"GEOM","properties":{"INSPIRE_ID":"https://databrussels.be/id/streetsurface/138206","TYPE":"SW","STREET_ID":"https://databrussels.be/id/streetname/1131","STRNAMEFRE":"Chaussée de Wavre","STRNAMEDUT":"Waversesteenweg","MUNNISCODE":"21002","HIERARCHY":"IDR","LVL":0,"ADMIN":"REGION_RBC","AREA":23},"bbox":[154196.413,167292.57606007,154201.429,167299.97774799]},{"type":"Feature","id":"StreetSurfaces.fid--24aa7d09_1a031580c5b_-5b12","geometry":{"type":"Polygon","coordinates":[[[154200.1730282,167307.57331475],[154200.799,167309.54200035],[154162.749,167321.64200035],[154162.1086011,167319.37670873],[154163.13,167319.06000035],[154165.194,167318.41800035],[154172.06,167316.28000035],[154186.98,167311.68000035],[154199.4,167307.81000035],[154200.1730282,167307.57331475]]]},"geometry_name":"GEOM","properties":{"INSPIRE_ID":"https://databrussels.be/id/streetsurface/138207","TYPE":"SW","STREET_ID":"https://databrussels.be/id/streetname/1131","STRNAMEFRE":"Chaussée de Wavre","STRNAMEDUT":"Waversesteenweg","MUNNISCODE":"21002","HIERARCHY":"IDR","LVL":0,"ADMIN":"REGION_RBC","AREA":88},"bbox":[154162.1086011,167307.57331475,154200.799,167321.64200035]},{"type":"Feature","id":"StreetSurfaces.fid--24aa7d09_1a031580c5b_-5b53","geometry":{"type":"Polygon","coordinates":[[[154232.12570406,167461.18094044],[154231.815,167461.43000035],[154230.757,167461.98000035],[154229.678,167462.25600035],[154228.429,167462.27700035],[154227.349,167462.08700035],[154226.164,167461.57900035],[154225.21389133,167460.48618547],[154228.75,167457.98000035],[154232.12570406,167461.18094044]]]},"geometry_name":"GEOM","properties":{"INSPIRE_ID":"https://databrussels.be/id/streetsurface/138208","TYPE":"SW","STREET_ID":"https://databrussels.be/id/streetname/851","STRNAMEFRE":"Avenue de la Sablière","STRNAMEDUT":"Zandgroeflaan","MUNNISCODE":"21002","HIERARCHY":"DR","LVL":0,"ADMIN":"MUN_RBC","AREA":17},"bbox":[154225.21389133,167457.98000035,154232.12570406,167462.27700035]},{"type":"Feature","id":"StreetSurfaces.fid--24aa7d09_1a031580c5b_-5b39","geometry":{"type":"Polygon","coordinates":[[[154264.05345241,167444.49352529],[154263.58,167443.92900035],[154263.446,167443.77000035],[154263.375,167443.57400035],[154263.375,167443.36600035],[154263.446,167443.17000035],[154263.58,167443.01000035],[154263.76,167442.90600035],[154263.965,167442.87000035],[154264.171,167442.90600035],[154264.351,167443.01000035],[154264.485,167443.17000035],[154264.96007023,167443.73645431],[154268.94644144,167440.40763609],[154268.95671306,167439.09141663],[154274.13753167,167434.67836675],[154276.71,167437.83000035],[154239.76,167468.42000035],[154236.6390447,167465.4606204],[154236.683,167465.35800035],[154237.444,167464.34200035],[154238.418,167463.41000035],[154239.709,167462.45700035],[154240.704,167463.79100035],[154251.47329485,167454.94745448],[154251.03,167454.41900035],[154250.896,167454.25900035],[154250.825,167454.06400035],[154250.825,167453.85500035],[154250.896,167453.65900035],[154251.03,167453.50000035],[154251.211,167453.39500035],[154251.416,167453.35900035],[154251.621,167453.39500035],[154251.802,167453.50000035],[154251.936,167453.65900035],[154252.3872468,167454.19693403],[154255.16,167451.92000035],[154264.05345241,167444.49352529]]]},"geometry_name":"GEOM","properties":{"INSPIRE_ID":"https://databrussels.be/id/streetsurface/138209","TYPE":"SW","STREET_ID":"https://databrussels.be/id/streetname/851","STRNAMEFRE":"Avenue de la Sablière","STRNAMEDUT":"Zandgroeflaan","MUNNISCODE":"21002","HIERARCHY":"DR","LVL":0,"ADMIN":"MUN_RBC","AREA":159},"bbox":[154236.6390447,167434.67836675,154276.71,167468.42000035]},{"type":"Feature","id":"StreetSurfaces.fid--24aa7d09_1a031580c5b_-5ae9","geometry":{"type":"Polygon","coordinates":[[[154012.849,167215.77100035],[154013.12636934,167208.88698871],[154013.84647572,167197.34985876],[154013.882,167196.78100035],[154014.271,167191.55500035],[154016.005,167174.20500035],[154016.947,167167.13900035],[154018.199,167158.13000036],[154018.52945574,167155.92984521],[154021.01849911,167156.21424964],[154020.651,167158.50900035],[154019.41,167166.79900035],[154018.421,167174.84200035],[154016.573,167193.81900035],[154016.409,167195.90000035],[154016.25728633,167197.93965738],[154016.195,167199.98400035],[154016.220808,167201.63128535],[154016.311,167203.27600035],[154016.43739082,167204.77209415],[154016.623,167206.26200035],[154016.8873815,167207.7891984],[154017.22,167209.30300035],[154017.42678318,167210.3874709],[154017.605,167211.47700035],[154017.76932056,167212.67904906],[154017.902,167213.88500035],[154017.96531558,167214.7609532],[154017.947,167215.63900035],[154017.86081192,167216.39263169],[154017.705,167217.13500035],[154017.29476756,167217.82709279],[154016.734,167218.40400035],[154016.04891523,167218.81440671],[154015.299,167219.08900035],[154014.64903271,167219.23430733],[154013.987,167219.30700035],[154013.26910079,167219.33844652],[154012.776892,167219.32031949],[154012.784,167219.10700036],[154012.849,167215.77100035]]]},"geometry_name":"GEOM","properties":{"INSPIRE_ID":"https://databrussels.be/id/streetsurface/138216","TYPE":"SW","STREET_ID":"https://databrussels.be/id/streetname/1838","STRNAMEFRE":"Boulevard du Souverain","STRNAMEDUT":"Vorstlaan","MUNNISCODE":"21002","HIERARCHY":"MER","LVL":0,"ADMIN":"REGION_RBC","AREA":184},"bbox":[154012.776892,167155.92984521,154021.01849911,167219.33844652]},{"type":"Feature","id":"StreetSurfaces.fid--24aa7d09_1a031580c5b_-5aaf","geometry":{"type":"Polygon","coordinates":[[[154084.018058,167077.06181035],[154082.270058,167077.97781036],[154079.89683782,167079.21393521],[154077.03151203,167078.06298237],[154077.78832166,167075.94183202],[154079.152,167072.21900035],[154079.345,167072.27400035],[154084.36363848,167073.9321374],[154084.018058,167077.06181035]]]},"geometry_name":"GEOM","properties":{"INSPIRE_ID":"https://databrussels.be/id/streetsurface/138217","TYPE":"SW","STREET_ID":"https://databrussels.be/id/streetname/1838","STRNAMEFRE":"Boulevard du Souverain","STRNAMEDUT":"Vorstlaan","MUNNISCODE":"21002","HIERARCHY":"MER","LVL":0,"ADMIN":"REGION_RBC","AREA":33},"bbox":[154077.03151203,167072.21900035,154084.36363848,167079.21393521]},{"type":"Feature","id":"StreetSurfaces.fid--24aa7d09_1a031580c5b_-5ad6","geometry":{"type":"Polygon","coordinates":[[[154061.785,167146.72700035],[154063.0885,167148.34100035],[154064.38,167149.96000035],[154062.86735735,167153.78922043],[154058.732,167153.55200035],[154058.54,167153.44500035],[154058.76116304,167152.44029271],[154058.975,167151.43400035],[154059.377,167149.46000035],[154059.49830518,167148.7155508],[154059.591,167147.96700035],[154059.65541934,167147.22351519],[154061.785,167146.72700035]]]},"geometry_name":"GEOM","properties":{"INSPIRE_ID":"https://databrussels.be/id/streetsurface/138218","TYPE":"SW","STREET_ID":"https://databrussels.be/id/streetname/1838","STRNAMEFRE":"Boulevard du Souverain","STRNAMEDUT":"Vorstlaan","MUNNISCODE":"21002","HIERARCHY":"MER","LVL":0,"ADMIN":"REGION_RBC","AREA":29},"bbox":[154058.54,167146.72700035,154064.38,167153.78922043]},{"type":"Feature","id":"StreetSurfaces.fid--24aa7d09_1a031580c5b_-5b44","geometry":{"type":"Polygon","coordinates":[[[154606.177,167435.90200035],[154605.97,167435.98000035],[154575.6,167446.41000035],[154573.65,167447.53000035],[154572.1,167449.09000035],[154568.17,167453.62000035],[154560.27,167456.53000035],[154553.11,167458.94000035],[154548.79,167456.47000036],[154546.31,167453.84000035],[154541.44,167447.53000035],[154539.64,167444.81000035],[154538.95,167441.47000035],[154538.22,167435.71000035],[154536.99,167433.51000035],[154532.14703539,167426.79186064],[154530.334,167424.29000035],[154509.6,167396.11000035],[154485.38,167363.15000035],[154477.14,167351.13000035],[154472.56,167343.12000035],[154471.61,167341.76000035],[154464.73251836,167328.36072526],[154463.37564223,167325.91089227],[154464.74451866,167325.18371681],[154467.61213135,167330.56590597],[154472.15,167339.55000035],[154475.21,167344.91000035],[154477.85,167349.32000035],[154481.36,167354.86000035],[154492.57,167370.29000035],[154497.71,167377.60000035],[154503.5,167385.34000035],[154515.04,167400.88000035],[154525.37,167414.99000035],[154532.55,167424.98000035],[154538.16,167432.40000035],[154539.21,167434.02000035],[154539.73,167435.26000035],[154540.14,167436.70000035],[154540.37,167438.17000035],[154540.44,167439.71000035],[154540.57,167441.13000035],[154540.73,167442.40000035],[154541.11,167443.33000035],[154541.42,167444.18000035],[154542.02,167445.25000035],[154544.25,167448.23000035],[154548.32,167453.68000035],[154549.17,167454.63000035],[154549.67,167455.04000035],[154550.61,167455.67000035],[154551.67,167456.20000035],[154552.86,167456.53000035],[154554.21,167456.70000035],[154555.23,167456.60000035],[154557.15,167456.04000035],[154560.62,167454.79000035],[154565.97,167452.79000035],[154567.12,167452.24000035],[154567.78,167451.83000035],[154568.53,167451.24000035],[154570.3,167449.25000035],[154572.39,167446.90000035],[154573.19,167446.14000035],[154573.93,167445.74000035],[154574.76,167445.29000035],[154576.11,167444.70000035],[154583.13,167442.33000035],[154587.65,167440.80000035],[154599.46,167436.80000035],[154605.7200909,167434.57143164],[154606.177,167435.90200035]]]},"geometry_name":"GEOM","properties":{"INSPIRE_ID":"https://databrussels.be/id/streetsurface/138220","TYPE":"SW","STREET_ID":"https://databrussels.be/id/streetname/3499","STRNAMEFRE":"Avenue Louis Vercauteren","STRNAMEDUT":"Louis Vercauterenlaan","MUNNISCODE":"21002","HIERARCHY":"DR","LVL":0,"ADMIN":"MUN_RBC","AREA":332},"bbox":[154463.37564223,167325.18371681,154606.177,167458.94000035]},{"type":"Feature","id":"StreetSurfaces.fid--24aa7d09_1a031580c5b_-5b3e","geometry":{"type":"Polygon","coordinates":[[[154257.4783472,167438.17458081],[154257.947,167438.73400035],[154258.08,167438.89300035],[154258.152,167439.08900035],[154258.152,167439.29800035],[154258.08,167439.49300035],[154257.947,167439.65300035],[154257.766,167439.75700035],[154257.561,167439.79300035],[154257.356,167439.75700035],[154257.175,167439.65300035],[154257.041,167439.49300035],[154256.56454703,167438.92426993],[154253.62,167441.34000035],[154246.6,167447.30000035],[154245.43210329,167448.23905244],[154246.031,167448.95300035],[154246.102,167449.14900035],[154246.102,167449.35800035],[154246.031,167449.55300036],[154245.897,167449.71300035],[154245.716,167449.81700035],[154245.511,167449.85300035],[154245.306,167449.81700035],[154245.125,167449.71300035],[154244.51030945,167448.98022451],[154237.72,167454.44000035],[154234.968,167456.66600035],[154236.069,167458.02000035],[154232.12570406,167461.18094044],[154228.75,167457.98000035],[154230.42,167456.87000035],[154258.31,167433.32000035],[154262.517,167430.35300035],[154267.417,167426.44600035],[154269.77365987,167429.33261709],[154269.37,167429.72000035],[154267.73,167431.06000035],[154267.2,167431.41000035],[154266.63,167431.63000035],[154264.95,167432.12000035],[154260.97,167435.31000035],[154257.4783472,167438.17458081]]]},"geometry_name":"GEOM","properties":{"INSPIRE_ID":"https://databrussels.be/id/streetsurface/138228","TYPE":"SW","STREET_ID":"https://databrussels.be/id/streetname/851","STRNAMEFRE":"Avenue de la Sablière","STRNAMEDUT":"Zandgroeflaan","MUNNISCODE":"21002","HIERARCHY":"DR","LVL":0,"ADMIN":"MUN_RBC","AREA":165},"bbox":[154228.75,167426.44600035,154269.77365987,167461.18094044]},{"type":"Feature","id":"StreetSurfaces.fid--24aa7d09_1a031580c5b_-5b38","geometry":{"type":"Polygon","coordinates":[[[154382.792,167547.29400035],[154360.426,167522.54000035],[154363.07,167520.18000035],[154349.43,167504.69400035],[154332.39,167487.76000035],[154330.169,167484.48300035],[154319.77,167475.47000035],[154299.85,167456.47000035],[154296.78,167453.44000036],[154294.58,167455.26000035],[154286.553,167447.28900035],[154278.81,167438.11000035],[154281.14622774,167435.99886991],[154281.39,167436.30000035],[154281.19,167438.38000035],[154285.72,167444.12000035],[154288.51,167446.72000035],[154293.2,167451.11000035],[154295.02,167450.85000035],[154301.42,167456.67000035],[154307.83,167462.49000035],[154314.25,167468.30000035],[154319.82,167473.32000035],[154325.4,167478.32000035],[154330.98,167483.33000035],[154333.93,167486.29000035],[154336.89,167489.26000035],[154339.84,167492.23000035],[154342.22,167494.67000035],[154344.6,167497.12000035],[154346.97,167499.57000035],[154352.04,167504.84000035],[154357.07,167510.14000035],[154362.01,167515.53000035],[154363.69,167517.44000035],[154365.37,167519.37000035],[154367.04,167521.29000035],[154366.58,167523.81000035],[154366.23,167525.75000035],[154371.94,167532.00000035],[154384.43982476,167545.80520671],[154382.792,167547.29400035]]]},"geometry_name":"GEOM","properties":{"INSPIRE_ID":"https://databrussels.be/id/streetsurface/138229","TYPE":"SW","STREET_ID":"https://databrussels.be/id/streetname/1345","STRNAMEFRE":"Rue du Vieux Moulin","STRNAMEDUT":"Oude Molenstraat","MUNNISCODE":"21002","HIERARCHY":"DR","LVL":0,"ADMIN":"MUN_RBC","AREA":296},"bbox":[154278.81,167435.99886991,154384.43982476,167547.29400035]},{"type":"Feature","id":"StreetSurfaces.fid--24aa7d09_1a031580c5b_-5b3b","geometry":{"type":"Polygon","coordinates":[[[154278.81,167438.11000035],[154277.76,167437.97000035],[154276.71,167437.83000035],[154274.13753167,167434.67836675],[154274.84,167434.08000035],[154275.36,167433.72000035],[154275.88,167433.37000035],[154276.44,167433.13000035],[154276.94,167433.05000035],[154277.46,167433.05000035],[154277.97,167433.12000035],[154278.38,167433.24000036],[154278.78,167433.41000035],[154279.18,167433.57000035],[154281.14622774,167435.99886991],[154278.81,167438.11000035]]]},"geometry_name":"GEOM","properties":{"INSPIRE_ID":"https://databrussels.be/id/streetsurface/138230","TYPE":"SW","STREET_ID":"https://databrussels.be/id/streetname/1345","STRNAMEFRE":"Rue du Vieux Moulin","STRNAMEDUT":"Oude Molenstraat","MUNNISCODE":"21002","HIERARCHY":"DR","LVL":0,"ADMIN":"MUN_RBC","AREA":22},"bbox":[154274.13753167,167433.05000035,154281.14622774,167438.11000035]},{"type":"Feature","id":"StreetSurfaces.fid--24aa7d09_1a031580c5b_-5ad5","geometry":{"type":"Polygon","coordinates":[[[154169.757,167177.74300035],[154167.34,167175.54200035],[154160.21,167174.86000035],[154141.878,167172.89300035],[154118.554,167170.53100035],[154106.592,167169.30200036],[154090.316,167167.84700035],[154080.36015713,167167.22129239],[154078.31703114,167167.00782122],[154078.36168788,167166.33835412],[154067.67118452,167165.33616142],[154058.598,167164.59700035],[154060.15125818,167160.66496299],[154063.076442,167160.87204535],[154062.856,167162.97000036],[154069.272,167163.60500035],[154070.052,167161.60500035],[154070.956,167161.68400035],[154071.286,167163.79900035],[154077.282,167164.40200036],[154078.015,167162.39300035],[154078.92,167162.49200035],[154079.305,167164.60800035],[154094.298,167166.10300035],[154095.038,167164.10600036],[154095.947,167164.19400035],[154096.318,167166.30300036],[154102.042,167166.87700035],[154102.796,167164.87300035],[154103.698,167164.96600035],[154104.042,167167.07500035],[154110.098,167167.68100035],[154110.905,167165.68800035],[154111.808,167165.77500035],[154112.126,167167.88400035],[154118.243,167168.50200035],[154119.023,167166.50600035],[154119.927,167166.59700035],[154120.259,167168.70700035],[154125.886,167169.28200035],[154126.642,167167.27700035],[154127.532,167167.37000036],[154127.896,167169.48200035],[154133.689,167170.07000035],[154134.482,167168.07400035],[154135.379,167168.16800035],[154135.701,167170.27800035],[154142.894,167171.01400035],[154143.613,167169.01300035],[154144.527,167169.11400035],[154144.904,167171.21600035],[154151.093,167171.85600035],[154151.843,167169.85400035],[154152.754,167169.95100035],[154153.098,167172.06000035],[154166.388,167173.41400035],[154166.612,167171.36800035],[154167.104,167171.41400035],[154168.13068626,167171.60535293],[154169.09610132,167172.00369231],[154169.959,167172.59200035],[154170.13156392,167172.77966115],[154169.757,167177.74300035]]]},"geometry_name":"GEOM","properties":{"INSPIRE_ID":"https://databrussels.be/id/streetsurface/138249","TYPE":"SW","STREET_ID":"https://databrussels.be/id/streetname/2147","STRNAMEFRE":"Avenue Pierre Devis","STRNAMEDUT":"Pierre Devislaan","MUNNISCODE":"21002","HIERARCHY":"DR","LVL":0,"ADMIN":"MUN_RBC","AREA":272},"bbox":[154058.598,167160.66496299,154170.13156392,167177.74300035]},{"type":"Feature","id":"StreetSurfaces.fid--24aa7d09_1a031580c5b_-5b14","geometry":{"type":"Polygon","coordinates":[[[154196.413,167295.74800035],[154197.75790888,167299.97774799],[154194.591,167301.14600035],[154193.96,167299.35900036],[154161.89,167308.69500035],[154162.469,167310.78700035],[154159.89290462,167311.53825267],[154158.462,167306.47500035],[154196.413,167295.74800035]]]},"geometry_name":"GEOM","properties":{"INSPIRE_ID":"https://databrussels.be/id/streetsurface/138250","TYPE":"SW","STREET_ID":"https://databrussels.be/id/streetname/1131","STRNAMEFRE":"Chaussée de Wavre","STRNAMEDUT":"Waversesteenweg","MUNNISCODE":"21002","HIERARCHY":"IDR","LVL":0,"ADMIN":"REGION_RBC","AREA":128},"bbox":[154158.462,167295.74800035,154197.75790888,167311.53825267]},{"type":"Feature","id":"StreetSurfaces.fid--24aa7d09_1a031580c5b_-5acd","geometry":{"type":"Polygon","coordinates":[[[154162.1086011,167319.37670873],[154162.749,167321.64200035],[154161.975,167323.18500035],[154161.201,167324.72800035],[154164.484,167333.93200035],[154162.30309156,167334.70999695],[154162.26,167334.59000035],[154161.459,167332.38900035],[154160.029,167332.92200035],[154158.366,167327.20500035],[154158.24,167326.77900035],[154158.145,167326.34600035],[154158.079,167325.90700035],[154158.045,167325.46500036],[154158.041,167325.02200035],[154158.069,167324.57900035],[154158.127,167324.13900035],[154158.216,167323.70400035],[154158.335,167323.27700035],[154158.483,167322.85900035],[154158.66,167322.45200035],[154158.865,167322.05900035],[154159.097,167321.68100035],[154159.355,167321.32000035],[154159.638,167320.97800035],[154159.943,167320.65600035],[154160.27,167320.35600035],[154160.618,167320.08100035],[154160.984,167319.82900035],[154161.353,167319.61100035],[154162.1086011,167319.37670873]]]},"geometry_name":"GEOM","properties":{"INSPIRE_ID":"https://databrussels.be/id/streetsurface/138251","TYPE":"SW","STREET_ID":"https://databrussels.be/id/streetname/1131","STRNAMEFRE":"Chaussée de Wavre","STRNAMEDUT":"Waversesteenweg","MUNNISCODE":"21002","HIERARCHY":"IDR","LVL":0,"ADMIN":"REGION_RBC","AREA":50},"bbox":[154158.041,167319.37670873,154164.484,167334.70999695]},{"type":"Feature","id":"StreetSurfaces.fid--24aa7d09_1a031580c5b_-5b64","geometry":{"type":"Polygon","coordinates":[[[154228.75,167457.98000035],[154225.21389133,167460.48618547],[154224.597,167459.59000036],[154225.994,167458.70500035],[154224.75,167456.88000035],[154220.93,167451.01000035],[154214.16,167440.33000035],[154206.68,167428.95000035],[154200.36,167418.82000035],[154193.61,167408.60000035],[154188.93,167401.42000035],[154186.47,167397.41000035],[154184.5,167393.73000035],[154183.08,167390.80000035],[154181.58,167387.70000035],[154180.41,167385.00000035],[154179.16,167381.91000035],[154176.79,167375.14000035],[154172.09,167362.03000035],[154168.1,167350.44000035],[154166.72,167346.74000035],[154164.35,167340.41000035],[154162.30309156,167334.70999695],[154164.484,167333.93200035],[154169.3,167347.43000035],[154172.17,167354.82000035],[154180.55,167379.05000035],[154183.75,167386.26000035],[154207.27,167425.38000035],[154228.75,167457.98000035]]]},"geometry_name":"GEOM","properties":{"INSPIRE_ID":"https://databrussels.be/id/streetsurface/138252","TYPE":"SW","STREET_ID":"https://databrussels.be/id/streetname/2790","STRNAMEFRE":"Rue Emile Idiers","STRNAMEDUT":"Emile Idiersstraat","MUNNISCODE":"21002","HIERARCHY":"DR","LVL":0,"ADMIN":"MUN_RBC","AREA":367},"bbox":[154162.30309156,167333.93200035,154228.75,167460.48618547]},{"type":"Feature","id":"StreetSurfaces.fid--24aa7d09_1a031580c5b_-5b37","geometry":{"type":"Polygon","coordinates":[[[154245.69176684,167479.51635236],[154245.29,167479.05600035],[154244.096,167480.08900035],[154240.771,167476.30100035],[154237.87,167472.72400035],[154236.79,167471.30600035],[154236.324,167470.29000035],[154236.006,167469.08400035],[154236.027,167467.75000035],[154236.175,167466.54400035],[154236.6390447,167465.4606204],[154239.76,167468.42000035],[154245.23,167475.03000035],[154247.586,167478.02800035],[154245.69176684,167479.51635236]]]},"geometry_name":"GEOM","properties":{"INSPIRE_ID":"https://databrussels.be/id/streetsurface/138253","TYPE":"SW","STREET_ID":"https://databrussels.be/id/streetname/851","STRNAMEFRE":"Avenue de la Sablière","STRNAMEDUT":"Zandgroeflaan","MUNNISCODE":"21002","HIERARCHY":"DR","LVL":0,"ADMIN":"MUN_RBC","AREA":62},"bbox":[154236.006,167465.4606204,154247.586,167480.08900035]},{"type":"Feature","id":"StreetSurfaces.fid--24aa7d09_1a031580c5b_-5ab0","geometry":{"type":"Polygon","coordinates":[[[154188.52075518,167100.7596883],[154186.8793627,167105.87694456],[154186.221,167107.57600036],[154169.584,167102.34200036],[154155.815,167098.02300035],[154140.07254413,167093.06551897],[154124.191,167088.09500035],[154104.74816606,167081.99212714],[154085.347,167075.90800035],[154085.813,167074.41100036],[154084.36363848,167073.9321374],[154085.0144971,167068.03778066],[154087.604,167068.81700035],[154088.061,167067.38400035],[154094.528,167069.42300035],[154095.914,167071.68900035],[154098.629,167072.54200036],[154101.07,167071.48200035],[154129.136933,167080.30737064],[154150.931,167087.11300036],[154171.054,167093.43900035],[154179.7642069,167096.1720537],[154188.933,167099.04900035],[154188.52075518,167100.7596883]]]},"geometry_name":"GEOM","properties":{"INSPIRE_ID":"https://databrussels.be/id/streetsurface/13875","TYPE":"S","STREET_ID":"https://databrussels.be/id/streetname/4865","STRNAMEFRE":"Avenue Paul Verheyleweghen","STRNAMEDUT":"Paul Verheyleweghenlaan","MUNNISCODE":"21002","HIERARCHY":"DR","LVL":0,"ADMIN":"MUN_RBC","AREA":949},"bbox":[154084.36363848,167067.38400035,154188.933,167107.57600036]},{"type":"Feature","id":"StreetSurfaces.fid--24aa7d09_1a031580c5b_-5b6f","geometry":{"type":"Polygon","coordinates":[[[154014.009,167345.68300035],[154014.55335691,167347.30667132],[154005.012,167350.40200035],[154000,167352.18000035],[153988.51,167356.00000035],[153971.842,167361.97400035],[153959.56,167366.32200035],[153956.941,167365.36800035],[153931.262,167373.05800035],[153928.987,167375.70400035],[153919.71732249,167378.4592229],[153918.752,167375.83100035],[153921.134,167375.13500035],[153922.15620916,167374.83656126],[153928.07,167373.11000035],[153930.57,167371.55000035],[153951.29,167365.21000035],[154009.76,167346.95000035],[154014.009,167345.68300035]]]},"geometry_name":"GEOM","properties":{"INSPIRE_ID":"https://databrussels.be/id/streetsurface/138775","TYPE":"SW","STREET_ID":"https://databrussels.be/id/streetname/1131","STRNAMEFRE":"Chaussée de Wavre","STRNAMEDUT":"Waversesteenweg","MUNNISCODE":"21002","HIERARCHY":"IDR","LVL":0,"ADMIN":"REGION_RBC","AREA":231},"bbox":[153918.752,167345.68300035,154014.55335691,167378.4592229]},{"type":"Feature","id":"StreetSurfaces.fid--24aa7d09_1a031580c5b_-5b55","geometry":{"type":"Polygon","coordinates":[[[154102.354,167456.59700035],[154101.87661593,167457.23185026],[154101.22787074,167457.6901729],[154100.47,167457.92800035],[154099.68462504,167457.87403126],[154098.96278191,167457.55991508],[154098.388,167457.02200035],[154097.17887929,167454.26892575],[154096.028,167451.49100035],[154094.4064894,167447.32705878],[154092.87,167443.13100035],[154090.41699159,167436.00318409],[154088.1,167428.83000035],[154085.586,167420.80300035],[154083.904,167415.39100035],[154080.553,167404.85500035],[154077.782,167396.25000035],[154077.012,167393.79800035],[154076.91833174,167393.38772699],[154076.909,167392.96700035],[154077.03480866,167392.23774452],[154077.372,167391.57900035],[154077.8679019,167391.19230252],[154078.464,167390.99200035],[154079.02904624,167390.96556208],[154079.54810542,167391.09859479],[154080.594,167394.64500035],[154083.577,167404.46100035],[154087.571,167416.91200035],[154092.328,167430.80700035],[154094.75489079,167437.40425465],[154099.72378014,167450.14694704],[154102.354,167456.59700035]]]},"geometry_name":"GEOM","properties":{"INSPIRE_ID":"https://databrussels.be/id/streetsurface/138776","TYPE":"SW","STREET_ID":"https://databrussels.be/id/streetname/1838","STRNAMEFRE":"Boulevard du Souverain","STRNAMEDUT":"Vorstlaan","MUNNISCODE":"21002","HIERARCHY":"MER","LVL":0,"ADMIN":"REGION_RBC","AREA":237},"bbox":[154076.909,167390.96556208,154102.354,167457.92800035]},{"type":"Feature","id":"StreetSurfaces.fid--24aa7d09_1a031580c5b_-5b50","geometry":{"type":"Polygon","coordinates":[[[154163.80787867,167560.62131947],[154162.835143,167559.77369626],[154161.674,167558.69700035],[154160.386,167557.48800035],[154155.03,167552.35400035],[154153.126,167550.53600035],[154149.4403093,167546.63187128],[154145.9612127,167542.5425649],[154142.698,167538.27900035],[154139.60439099,167534.09311755],[154136.65590531,167529.80377449],[154133.856,167525.41600035],[154129.17659576,167517.85230662],[154124.922,167510.65200035],[154121.19276583,167504.09252891],[154117.621,167497.44600035],[154110.714,167484.06300035],[154109.763,167482.11800035],[154108.20420039,167478.76925118],[154106.688,167475.40100035],[154104.8390588,167471.15101904],[154103.044,167466.87800035],[154102.94798176,167466.48399426],[154102.927,167466.07900035],[154102.98315306,167465.66717253],[154103.115,167465.27300035],[154103.50667149,167464.62354303],[154103.919,167463.98700035],[154104.35551685,167463.35832822],[154104.47295691,167463.20027923],[154105.123,167465.22600035],[154110.435,167477.02700035],[154112.906,167482.49000035],[154113.851186,167484.32018335],[154120.674,167496.77700035],[154131.158,167515.43600035],[154135.75,167523.52100035],[154139.446414,167528.83564335],[154142.757,167533.39900035],[154145.61,167537.10400035],[154151.743,167544.26400035],[154153.752,167546.81800035],[154155.899,167549.25800035],[154158.827,167552.23700035],[154162.454,167555.58400035],[154165.83528408,167556.89811005],[154163.80787867,167560.62131947]]]},"geometry_name":"GEOM","properties":{"INSPIRE_ID":"https://databrussels.be/id/streetsurface/138777","TYPE":"SW","STREET_ID":"https://databrussels.be/id/streetname/1838","STRNAMEFRE":"Boulevard du Souverain","STRNAMEDUT":"Vorstlaan","MUNNISCODE":"21002","HIERARCHY":"MER","LVL":0,"ADMIN":"REGION_RBC","AREA":331},"bbox":[154102.927,167463.20027923,154165.83528408,167560.62131947]},{"type":"Feature","id":"StreetSurfaces.fid--24aa7d09_1a031580c5b_-5b56","geometry":{"type":"Polygon","coordinates":[[[154130.42610571,167590.40095074],[154129.903,167588.40100035],[154129.176,167586.39400035],[154128.229,167584.48100035],[154125.554,167579.97900035],[154120.788,167573.45700035],[154115.451,167566.33300035],[154115.37,167566.53400035],[154111.362,167560.91300035],[154106.671,167554.62300035],[154097.525,167540.02300035],[154093.03316,167532.34752035],[154089.588,167526.29000035],[154086.78,167521.19400035],[154084.153,167516.20900035],[154081.071,167510.21800035],[154075.17,167498.39800035],[154068.783,167484.80700035],[154066.791,167480.34400035],[154066.076,167478.63100035],[154064.033,167473.92900035],[154061.114,167466.86700035],[154057.055,167456.73700035],[154054.203,167449.11700035],[154053.038,167445.77400035],[154052.437,167444.20400035],[154052.339,167444.23300035],[154051.061,167440.25800035],[154049.267,167435.28800035],[154045.368,167422.59700035],[154042.676,167413.44200035],[154042.091,167411.49300035],[154040.133,167404.43900035],[154034.192,167382.64200035],[154032.617,167376.51200035],[154029.797081,167365.76020287],[154032.2334999,167365.37779835],[154032.55,167366.46000035],[154037.131,167382.95600035],[154041.437,167398.47500035],[154042.50468022,167402.10221286],[154043.719,167405.68300035],[154045.10640374,167409.17616529],[154046.628,167412.61300035],[154047.467,167414.44500035],[154048.70055349,167417.20285012],[154049.864,167419.99100035],[154050.96176492,167422.81419509],[154051.94,167425.68100035],[154052.231,167426.63900035],[154050.946,167429.24300035],[154053.307,167436.83200035],[154054.497303,167440.53554635],[154056.073,167445.45800035],[154058.70180179,167453.05523361],[154061.51,167460.58800035],[154064.35422221,167467.65205165],[154067.334,167474.66000035],[154070.54497687,167481.96360513],[154073.87,167489.21600035],[154077.41820166,167496.60954955],[154081.079,167503.94800035],[154088.391,167517.92300035],[154092.00201777,167524.54278681],[154095.736,167531.09400035],[154099.70420028,167537.77118193],[154103.803,167544.36900035],[154106.58,167548.72000035],[154110.77,167554.83300035],[154113.327,167555.30600035],[154123.269,167568.62700035],[154132.848,167581.56700035],[154135.077,167584.60500035],[154137.06681921,167587.28422534],[154130.42610571,167590.40095074]]]},"geometry_name":"GEOM","properties":{"INSPIRE_ID":"https://databrussels.be/id/streetsurface/138838","TYPE":"SW","STREET_ID":"https://databrussels.be/id/streetname/1838","STRNAMEFRE":"Boulevard du Souverain","STRNAMEDUT":"Vorstlaan","MUNNISCODE":"21002","HIERARCHY":"MER","LVL":0,"ADMIN":"REGION_RBC","AREA":846},"bbox":[154029.797081,167365.37779835,154137.06681921,167590.40095074]},{"type":"Feature","id":"StreetSurfaces.fid--24aa7d09_1a031580c5b_-5b5d","geometry":{"type":"Polygon","coordinates":[[[154017.947,167357.42900035],[154017.44905403,167355.94376081],[154020.458,167355.13400035],[154022.40984283,167355.01495223],[154024.36,167355.15900035],[154025.65290501,167355.48368402],[154026.8844039,167355.99401071],[154028.028,167356.67900035],[154029.06763405,167357.53171147],[154029.91724606,167358.57387969],[154030.543,167359.76400035],[154030.859,167360.67800035],[154032.2334999,167365.37779835],[154029.797081,167365.76020287],[154029.118,167363.17100035],[154028.49308664,167361.65440673],[154027.535,167360.32300035],[154026.477,167359.27700035],[154025.281,167358.39200035],[154023.972,167357.68600035],[154022.567,167357.24800035],[154021.106,167357.07900035],[154019.511,167357.11100035],[154017.947,167357.42900035]]]},"geometry_name":"GEOM","properties":{"INSPIRE_ID":"https://databrussels.be/id/streetsurface/138868","TYPE":"SW","STREET_ID":"https://databrussels.be/id/streetname/1838","STRNAMEFRE":"Boulevard du Souverain","STRNAMEDUT":"Vorstlaan","MUNNISCODE":"21002","HIERARCHY":"MER","LVL":0,"ADMIN":"REGION_RBC","AREA":46},"bbox":[154017.44905403,167355.01495223,154032.2334999,167365.76020287]},{"type":"Feature","id":"StreetSurfaces.fid--24aa7d09_1a031580c5b_-5b6d","geometry":{"type":"Polygon","coordinates":[[[153921.93817677,167384.50580254],[153924.83301644,167383.70347746],[153928.72040383,167382.65714538],[153928.98142851,167382.54607876],[153935.15323863,167380.86494792],[153948.62850928,167376.7098948],[153950.31568556,167377.49348151],[153972.35,167370.39000036],[153990.913,167364.46500035],[153992.726,167361.87900035],[154000,167361.56000035],[154007.001,167359.25700035],[154015.698,167356.41500035],[154017.44905403,167355.94376081],[154017.947,167357.42900035],[154007.654,167360.75600035],[153989.35,167366.79000035],[153945.32,167381.45000035],[153943.10714814,167382.17959565],[153942.03600923,167382.53275887],[153941.11492535,167382.83644774],[153931.52485663,167385.99837155],[153930.792,167386.24000035],[153928.00928735,167387.29084458],[153923.576,167388.96500035],[153921.93817677,167384.50580254]]]},"geometry_name":"GEOM","properties":{"INSPIRE_ID":"https://databrussels.be/id/streetsurface/138893","TYPE":"SW","STREET_ID":"https://databrussels.be/id/streetname/1131","STRNAMEFRE":"Chaussée de Wavre","STRNAMEDUT":"Waversesteenweg","MUNNISCODE":"21002","HIERARCHY":"IDR","LVL":0,"ADMIN":"REGION_RBC","AREA":250},"bbox":[153921.93817677,167355.94376081,154017.947,167388.96500035]},{"type":"Feature","id":"StreetSurfaces.fid--24aa7d09_1a031580c5b_-5b17","geometry":{"type":"Polygon","coordinates":[[[153576.061,167104.58800036],[153576.393,167105.20000035],[153584.369,167109.44800036],[153621.377,167129.51900035],[153747.04,167196.45600035],[153754.659,167200.72200035],[153847.278,167249.89000035],[153864.509,167258.46400035],[153911.6,167279.97600035],[153995.714,167291.76700035],[154001.007,167292.10600035],[154006.22040792,167291.85833581],[154008.03184579,167291.77228289],[154008.543,167291.74800036],[154013.691,167291.20000035],[154014.0061935,167293.55682912],[154011.891,167293.84500035],[154008.818,167294.16300035],[154006.324,167294.37800035],[154005.49,167294.41000035],[154004.28,167294.47000035],[154003.06,167294.48000035],[154001.83,167294.45000035],[154000.6,167294.41000035],[154000,167294.37000035],[153999.04,167294.31000035],[153997.49,167294.17000035],[153995.93,167294.02000035],[153994.03,167293.83000035],[153992.12,167293.63000035],[153990.22,167293.41000035],[153986.37,167292.90000035],[153982.52,167292.33000035],[153978.68,167291.77000035],[153970.12,167290.59000036],[153961.55,167289.45000035],[153952.99,167288.29000035],[153947.3,167287.49000035],[153941.62,167286.69000035],[153935.94,167285.90000035],[153928.64,167284.92000035],[153924.99,167284.39000035],[153922.36,167283.99000035],[153919.73,167283.56000035],[153917.11,167283.08000035],[153915.75,167282.80000035],[153914.4,167282.51000035],[153913.06,167282.20000035],[153911.56,167281.84000035],[153910.08,167281.45000035],[153908.61,167281.01000035],[153906.86,167280.37000035],[153905.14,167279.66000035],[153903.43,167278.91000035],[153901.71,167278.11000035],[153900.01,167277.27000035],[153898.31,167276.44000035],[153894.83,167274.86000035],[153891.33,167273.31000035],[153887.84,167271.77000035],[153878.34,167267.50000035],[153868.85,167263.21000035],[153859.42,167258.78000035],[153857.46,167257.84000035],[153855.51,167256.89000035],[153853.56,167255.92000035],[153852.06,167255.14000035],[153850.56,167254.33000035],[153849.06,167253.53000035],[153839.44,167248.31000035],[153821.42,167238.93000035],[153803.47,167229.49000035],[153773.98,167213.81000036],[153752.19,167202.00000035],[153732.78,167191.76000035],[153708.23,167178.80000035],[153689.56,167168.55000035],[153678.48,167162.59000035],[153668.59,167157.57000035],[153658.63,167152.11000036],[153642.5,167143.64000035],[153628.31,167136.10000035],[153616.48,167129.72000035],[153584.546,167112.58900035],[153577.253,167108.72600035],[153575.63,167107.84800036],[153574.838,167107.42100035],[153573.54973443,167106.52783023],[153573.39921101,167106.35475972],[153576.061,167104.58800036]]]},"geometry_name":"GEOM","properties":{"INSPIRE_ID":"https://databrussels.be/id/streetsurface/139437","TYPE":"SW","STREET_ID":"https://databrussels.be/id/streetname/2382","STRNAMEFRE":"Rue de la Vignette","STRNAMEDUT":"Kleine Wijngaardstraat","MUNNISCODE":"21002","HIERARCHY":"DR","LVL":0,"ADMIN":"MUN_RBC","AREA":1195},"bbox":[153573.39921101,167104.58800036,154014.0061935,167294.48000035]},{"type":"Feature","id":"StreetSurfaces.fid--24aa7d09_1a031580c5b_-5b6a","geometry":{"type":"Polygon","coordinates":[[[154074.48871244,167351.5827447],[154078.336,167349.92700035],[154091.838452,167343.97880535],[154096.323,167348.15000035],[154098.052,167346.30200035],[154099.154,167347.32500035],[154100.88,167345.52600035],[154097.496,167342.21900035],[154099.26,167341.66500035],[154103.628,167345.88300035],[154105.348,167344.06300035],[154106.411,167345.12300035],[154108.162,167343.35800035],[154104.654,167340.01600035],[154106.338,167339.49800035],[154110.766,167343.74400035],[154112.707,167342.01600035],[154113.582,167342.84800035],[154115.352,167341.07800035],[154111.769,167337.75000035],[154113.39,167337.28100035],[154117.848,167341.52600035],[154119.64,167339.64900035],[154120.728,167340.69500035],[154122.477,167338.98800035],[154118.872,167335.68200035],[154121.155,167334.93500035],[154125.783,167339.13800035],[154127.469,167337.45300035],[154128.599,167338.37100035],[154130.284,167336.51500035],[154131.351,167337.36800035],[154132.972,167335.57700035],[154134.252,167336.60100035],[154135.852,167334.61700035],[154132.226,167331.50300035],[154135.17,167330.60700035],[154137.559,167330.01000035],[154139.266,167329.75400035],[154140.9142709,167329.70849594],[154143.42822485,167336.37415737],[154076.752,167356.63100035],[154074.48871244,167351.5827447]]]},"geometry_name":"GEOM","properties":{"INSPIRE_ID":"https://databrussels.be/id/streetsurface/139469","TYPE":"SW","STREET_ID":"https://databrussels.be/id/streetname/1131","STRNAMEFRE":"Chaussée de Wavre","STRNAMEDUT":"Waversesteenweg","MUNNISCODE":"21002","HIERARCHY":"IDR","LVL":0,"ADMIN":"REGION_RBC","AREA":357},"bbox":[154074.48871244,167329.70849594,154143.42822485,167356.63100035]},{"type":"Feature","id":"StreetSurfaces.fid--24aa7d09_1a031580c5b_-5b5f","geometry":{"type":"Polygon","coordinates":[[[154074.48871244,167351.5827447],[154076.752,167356.63100035],[154067.84507592,167358.18217045],[154068.1212185,167357.14622068],[154068.609,167356.06200036],[154069.34474872,167354.91513671],[154070.257,167353.90300035],[154071.3288951,167353.06794877],[154072.527,167352.42700035],[154074.48871244,167351.5827447]]]},"geometry_name":"GEOM","properties":{"INSPIRE_ID":"https://databrussels.be/id/streetsurface/139470","TYPE":"SW","STREET_ID":"https://databrussels.be/id/streetname/1838","STRNAMEFRE":"Boulevard du Souverain","STRNAMEDUT":"Vorstlaan","MUNNISCODE":"21002","HIERARCHY":"MER","LVL":0,"ADMIN":"REGION_RBC","AREA":32},"bbox":[154067.84507592,167351.5827447,154076.752,167358.18217045]},{"type":"Feature","id":"StreetSurfaces.fid--24aa7d09_1a031580c5b_-5ae6","geometry":{"type":"Polygon","coordinates":[[[154017.63,167304.80400035],[154016.446,167303.87550035],[154015.262,167302.94700035],[154014.87699298,167300.06814772],[154015.63,167299.16100035],[154020.568,167298.47500035],[154020.96621172,167298.55202104],[154021.312,167298.76400035],[154021.55356023,167299.07904023],[154021.675,167299.45700035],[154022.296,167303.51000035],[154021.69685814,167304.25424964],[154017.63,167304.80400035]]]},"geometry_name":"GEOM","properties":{"INSPIRE_ID":"https://databrussels.be/id/streetsurface/139622","TYPE":"SW","STREET_ID":"https://databrussels.be/id/streetname/1838","STRNAMEFRE":"Boulevard du Souverain","STRNAMEDUT":"Vorstlaan","MUNNISCODE":"21002","HIERARCHY":"MER","LVL":0,"ADMIN":"REGION_RBC","AREA":37},"bbox":[154014.87699298,167298.47500035,154022.296,167304.80400035]},{"type":"Feature","id":"StreetSurfaces.fid--24aa7d09_1a031580c5b_-5b15","geometry":{"type":"Polygon","coordinates":[[[153564.18,167112.47400035],[153567.47773319,167110.28513377],[153571.632,167112.46600036],[153572.689,167113.01700036],[153573.56,167113.46500035],[153576.928,167115.23500035],[153579.034,167115.30700036],[153580.64,167116.17100035],[153579.737,167117.94800035],[153580.027,167118.09800035],[153582.207,167119.27200035],[153617.78,167138.38000035],[153622.08,167140.64000035],[153626.38,167142.91000035],[153630.66,167145.19000036],[153632.58,167146.23000035],[153634.5,167147.28000035],[153636.42,167148.32000035],[153639.3,167149.91000036],[153642.18,167151.51000035],[153645.07,167153.10000035],[153646.58,167153.93000035],[153648.1,167154.76000035],[153649.62,167155.57000035],[153651.06,167156.31000035],[153652.51,167157.05000035],[153653.96,167157.78000035],[153674.46,167168.79000035],[153695.84,167180.13000035],[153718.93,167192.33000035],[153740.62,167203.90000036],[153754.41,167211.38000035],[153797.78,167234.53000035],[153814.52,167243.38000036],[153825.34,167249.17000035],[153829.57,167251.32000035],[153833.79,167253.47000035],[153838,167255.64000035],[153841.8,167257.67000035],[153845.58,167259.72000035],[153849.39,167261.72000035],[153853.86,167263.94000035],[153858.36,167266.10000035],[153862.89,167268.23000035],[153867.24,167270.21000035],[153871.61,167272.16000035],[153875.98,167274.12000035],[153880.26,167276.07000035],[153884.53,167278.02000035],[153888.8,167279.99000035],[153894.12,167282.49000035],[153896.79,167283.71000035],[153898.07,167284.29000035],[153899.36,167284.86000035],[153900.65,167285.42000035],[153902.22,167286.08000036],[153903.8,167286.72000035],[153905.4,167287.30000035],[153906.69,167287.71000035],[153907.98,167288.09000035],[153909.28,167288.44000035],[153910.68,167288.78000035],[153913.5,167289.40000035],[153915.28,167289.81000035],[153917.07,167290.22000035],[153918.87,167290.59000036],[153920.87,167290.96000035],[153922.87,167291.29000035],[153924.88,167291.60000035],[153927.99,167292.02000035],[153931.1,167292.38000035],[153934.21,167292.75000035],[153941.25,167293.68000035],[153948.29,167294.64000035],[153955.33,167295.61000036],[153962.44,167296.58000036],[153969.55,167297.56000035],[153976.65,167298.55000035],[153982.57,167299.40000035],[153988.49,167300.26000035],[153994.4,167301.12000035],[153994.797,167301.16200035],[153994.899,167301.98100035],[154000,167302.28000035],[154003.672,167302.30400035],[154007.686,167302.08900035],[154008.49090434,167302.0371576],[154010.07220541,167301.90356806],[154010.848,167301.81900035],[154013.715,167301.46800035],[154014.87699298,167300.06814772],[154015.262,167302.94700035],[154008.042,167303.92200035],[154003.949,167304.17300035],[154000,167304.14700035],[153993.669,167303.70000036],[153989.4,167302.79000035],[153924.41,167293.98000035],[153912.82,167291.94000035],[153909.32,167291.12000036],[153904.82,167289.73000035],[153900.55,167288.09000035],[153857.454,167268.39300035],[153820.845,167249.47100035],[153688.122,167178.86600035],[153564.18,167112.47400035]]]},"geometry_name":"GEOM","properties":{"INSPIRE_ID":"https://databrussels.be/id/streetsurface/139656","TYPE":"SW","STREET_ID":"https://databrussels.be/id/streetname/2382","STRNAMEFRE":"Rue de la Vignette","STRNAMEDUT":"Kleine Wijngaardstraat","MUNNISCODE":"21002","HIERARCHY":"DR","LVL":0,"ADMIN":"MUN_RBC","AREA":1223},"bbox":[153564.18,167110.28513377,154015.262,167304.17300035]},{"type":"Feature","id":"StreetSurfaces.fid--24aa7d09_1a031580c5b_-5b5c","geometry":{"type":"Polygon","coordinates":[[[154076.752,167356.63100035],[154077.39259465,167358.71012526],[154076.202,167359.07700035],[154074.81363175,167359.71882338],[154073.63664996,167360.69566371],[154072.75,167361.94200035],[154072.278,167363.08800035],[154072.036,167364.30300035],[154072.034,167365.54300035],[154072.272,167366.75900035],[154074.125,167372.71000035],[154077.29278963,167383.45129971],[154075.732,167382.27400035],[154073.75,167380.65500035],[154072.96674295,167379.72872554],[154072.29,167378.72200035],[154071.70150221,167377.64650608],[154071.278,167376.49600035],[154069.829,167370.60800035],[154068.005,167361.74800035],[154067.808,167360.75700035],[154067.69796241,167359.52567754],[154067.815,167358.29500035],[154067.84507592,167358.18217045],[154076.752,167356.63100035]]]},"geometry_name":"GEOM","properties":{"INSPIRE_ID":"https://databrussels.be/id/streetsurface/139657","TYPE":"SW","STREET_ID":"https://databrussels.be/id/streetname/1838","STRNAMEFRE":"Boulevard du Souverain","STRNAMEDUT":"Vorstlaan","MUNNISCODE":"21002","HIERARCHY":"MER","LVL":0,"ADMIN":"REGION_RBC","AREA":105},"bbox":[154067.69796241,167356.63100035,154077.39259465,167383.45129971]},{"type":"Feature","id":"StreetSurfaces.fid--24aa7d09_1a031580c5b_-5ae5","geometry":{"type":"Polygon","coordinates":[[[154017.63,167304.80400035],[154021.69685814,167304.25424964],[154020.599,167305.61800035],[154021.947,167315.44800035],[154023.31,167325.05300035],[154025.164,167324.77300035],[154026.072,167331.33200035],[154026.402,167333.74300035],[154026.47343318,167334.31272449],[154026.52944,167334.88417135],[154026.54873556,167335.18479487],[154022.203,167335.85100035],[154022.33853769,167334.68632896],[154022.36355,167333.51406436],[154022.28485849,167332.34628881],[154022.11,167331.18900035],[154020.66,167323.51700035],[154019.896,167319.24700035],[154018.728,167312.42700035],[154017.63,167304.80400035]]]},"geometry_name":"GEOM","properties":{"INSPIRE_ID":"https://databrussels.be/id/streetsurface/139842","TYPE":"SW","STREET_ID":"https://databrussels.be/id/streetname/1838","STRNAMEFRE":"Boulevard du Souverain","STRNAMEDUT":"Vorstlaan","MUNNISCODE":"21002","HIERARCHY":"MER","LVL":0,"ADMIN":"REGION_RBC","AREA":99},"bbox":[154017.63,167304.25424964,154026.54873556,167335.85100035]},{"type":"Feature","id":"StreetSurfaces.fid--24aa7d09_1a031580c5b_-5b61","geometry":{"type":"Polygon","coordinates":[[[154014.009,167345.68300035],[154013.824,167344.82000035],[154014.396,167343.77500035],[154015.245,167343.60300035],[154015.130947,167342.99306435],[154015.61499397,167342.89863549],[154017.557,167342.52000035],[154018.26153275,167342.11684507],[154019.516,167341.39900035],[154020.591,167340.24500035],[154021.364,167338.87400035],[154021.906,167337.39700035],[154022.203,167335.85100035],[154026.54873556,167335.18479487],[154026.5662442,167335.45757823],[154026.58,167336.03200035],[154026.54983549,167337.13735919],[154026.416,167338.23500035],[154026.14999887,167339.36822816],[154025.733,167340.45500035],[154025.09385491,167341.5097179],[154024.309,167342.46100035],[154023.19318837,167343.51079001],[154021.955,167344.41300035],[154020.48093128,167345.25158334],[154018.911,167345.89300035],[154014.55335691,167347.30667132],[154014.009,167345.68300035]]]},"geometry_name":"GEOM","properties":{"INSPIRE_ID":"https://databrussels.be/id/streetsurface/139843","TYPE":"SW","STREET_ID":"https://databrussels.be/id/streetname/1838","STRNAMEFRE":"Boulevard du Souverain","STRNAMEDUT":"Vorstlaan","MUNNISCODE":"21002","HIERARCHY":"MER","LVL":0,"ADMIN":"REGION_RBC","AREA":64},"bbox":[154013.824,167335.18479487,154026.58,167347.30667132]},{"type":"Feature","id":"StreetSurfaces.fid--24aa7d09_1a031580c5b_-5b6c","geometry":{"type":"Polygon","coordinates":[[[153972.0563612,167455.74454067],[153972.605,167455.45900035],[153975.12,167460.29000035],[153981.76,167474.11000035],[153982.69,167476.21000035],[153988.19,167486.54000035],[154000.41,167512.26000035],[153997.77,167514.84000035],[153995.131,167517.41900035],[153993.81,167514.55000035],[153987.975,167501.87600035],[153974.83,167475.55000035],[153966.59,167458.59000035],[153967.56557618,167458.08210398],[153982.04,167487.64000035],[153990.33,167504.55000035],[153994.94,167513.85000035],[153995.88,167515.87000035],[153999.66,167512.27000035],[153992.78,167498.72000035],[153983.5,167479.16000035],[153975.86,167463.45000035],[153974.73,167461.19000035],[153973.6,167458.92000035],[153972.49,167456.66000035],[153972.0563612,167455.74454067]]]},"geometry_name":"GEOM","properties":{"INSPIRE_ID":"https://databrussels.be/id/streetsurface/140683","TYPE":"SW","STREET_ID":"https://databrussels.be/id/streetname/5693","STRNAMEFRE":"Rue Antoine Vandergoten","STRNAMEDUT":"Antoine Vandergotenstraat","MUNNISCODE":"21002","HIERARCHY":"DR","LVL":0,"ADMIN":"MUN_RBC","AREA":127},"bbox":[153966.59,167455.45900035,154000.41,167517.41900035]},{"type":"Feature","id":"StreetSurfaces.fid--24aa7d09_1a031580c5b_-5b65","geometry":{"type":"Polygon","coordinates":[[[154040.916,167363.88800035],[154040.808,167364.03200035],[154033.614,167340.86600035],[154032.503,167334.27200035],[154037.967,167332.90100035],[154039.416,167339.58500035],[154044.655,167363.03000035],[154041.071,167363.79700035],[154040.916,167363.88800035]]]},"geometry_name":"GEOM","properties":{"INSPIRE_ID":"https://databrussels.be/id/streetsurface/15292","TYPE":"IC","STREET_ID":"https://databrussels.be/id/streetname/1838","STRNAMEFRE":"Boulevard du Souverain","STRNAMEDUT":"Vorstlaan","MUNNISCODE":"21002","HIERARCHY":"MER","LVL":0,"ADMIN":"REGION_RBC","AREA":158},"bbox":[154032.503,167332.90100035,154044.655,167364.03200035]},{"type":"Feature","id":"StreetSurfaces.fid--24aa7d09_1a031580c5b_-5b69","geometry":{"type":"Polygon","coordinates":[[[154052.255,167329.93200035],[154061.19644122,167331.21779953],[154061.401,167332.07300035],[154061.696,167333.20200035],[154062.19226265,167334.26945074],[154062.94294801,167335.17620232],[154063.899,167335.86300035],[154064.98181337,167336.35787969],[154066.14447293,167336.61403024],[154067.335,167336.62000035],[154067.76355437,167336.58230119],[154074.48871244,167351.5827447],[154072.527,167352.42700035],[154071.3288951,167353.06794877],[154070.257,167353.90300035],[154069.34474872,167354.91513671],[154068.609,167356.06200036],[154068.1212185,167357.14622068],[154067.84507592,167358.18217045],[154061.369,167359.31000035],[154059.7699886,167353.68763053],[154059.50343027,167352.82646264],[154059.442,167352.62800035],[154052.255,167329.93200035]]]},"geometry_name":"GEOM","properties":{"INSPIRE_ID":"https://databrussels.be/id/streetsurface/15294","TYPE":"I","STREET_ID":"https://databrussels.be/id/streetname/1838","STRNAMEFRE":"Boulevard du Souverain","STRNAMEDUT":"Vorstlaan","MUNNISCODE":"21002","HIERARCHY":"MER","LVL":0,"ADMIN":"REGION_RBC","AREA":338},"bbox":[154052.255,167329.93200035,154074.48871244,167359.31000035]},{"type":"Feature","id":"StreetSurfaces.fid--24aa7d09_1a031580c5b_-5b67","geometry":{"type":"Polygon","coordinates":[[[154039.416,167339.58500035],[154037.967,167332.90100035],[154048.184,167330.67500035],[154049.684,167337.34200035],[154056.332,167360.55700035],[154044.655,167363.03000035],[154039.416,167339.58500035]]]},"geometry_name":"GEOM","properties":{"INSPIRE_ID":"https://databrussels.be/id/streetsurface/15700","TYPE":"S","STREET_ID":"https://databrussels.be/id/streetname/1838","STRNAMEFRE":"Boulevard du Souverain","STRNAMEDUT":"Vorstlaan","MUNNISCODE":"21002","HIERARCHY":"MER","LVL":0,"ADMIN":"REGION_RBC","AREA":342},"bbox":[154037.967,167330.67500035,154056.332,167363.03000035]},{"type":"Feature","id":"StreetSurfaces.fid--24aa7d09_1a031580c5b_-5ae2","geometry":{"type":"Polygon","coordinates":[[[154030.304,167148.63200035],[154031.09576719,167148.76966182],[154029.538,167157.18700035],[154021.01849911,167156.21424964],[154021.605,167152.55200035],[154022.40119396,167147.18911976],[154030.304,167148.63200035]]]},"geometry_name":"GEOM","properties":{"INSPIRE_ID":"https://databrussels.be/id/streetsurface/15701","TYPE":"I","STREET_ID":"https://databrussels.be/id/streetname/1838","STRNAMEFRE":"Boulevard du Souverain","STRNAMEDUT":"Vorstlaan","MUNNISCODE":"21002","HIERARCHY":"MER","LVL":0,"ADMIN":"REGION_RBC","AREA":77},"bbox":[154021.01849911,167147.18911976,154031.09576719,167157.18700035]},{"type":"Feature","id":"StreetSurfaces.fid--24aa7d09_1a031580c5b_-5abf","geometry":{"type":"Polygon","coordinates":[[[154228.96046448,167010.42153377],[154225.576,167009.35600035],[154222.41985321,167008.36273119],[154225.047,167000.00000035],[154230.575,166982.34500036],[154235.36,166967.09700035],[154237.65521227,166959.06982489],[154239.63265413,166952.6225054],[154240.14898174,166951.04074081],[154246.26367796,166931.32011719],[154248.88410722,166923.01882562],[154249.25311083,166923.1444551],[154249.50496351,166923.18032307],[154249.75771603,166923.15147085],[154249.99818372,166923.05803786],[154250.21197281,166922.90119133],[154250.37701644,166922.69366493],[154250.4540651,166922.53424886],[154250.58343219,166922.05931714],[154251.90484373,166917.22410062],[154256.284352,166917.97395583],[154256.2009677,166918.27529038],[154254.84451948,166923.17722898],[154254.65044106,166923.88239355],[154254.64101652,166924.14160212],[154254.69867758,166924.39449164],[154254.82239842,166924.62803101],[154255.01075316,166924.82715638],[154255.24615736,166924.96756037],[154255.54198328,166925.07374737],[154255.28023988,166925.86068777],[154251.75232578,166937.26809954],[154246.27925755,166954.80949273],[154244.05472227,166962.02464461],[154237.684,166982.58600035],[154234.122,166994.09500035],[154232.281,167000.00000036],[154228.96046448,167010.42153377]]]},"geometry_name":"GEOM","properties":{"INSPIRE_ID":"https://databrussels.be/id/streetsurface/15823","TYPE":"S","STREET_ID":"https://databrussels.be/id/streetname/2398","STRNAMEFRE":"Rue Jacques Bassem","STRNAMEDUT":"Jacques Bassemstraat","MUNNISCODE":"21002","HIERARCHY":"DR","LVL":0,"ADMIN":"MUN_RBC","AREA":649},"bbox":[154222.41985321,166917.22410062,154256.284352,167010.42153377]},{"type":"Feature","id":"StreetSurfaces.fid--24aa7d09_1a031580c5b_-5b57","geometry":{"type":"Polygon","coordinates":[[[154040.808,167364.03200035],[154040.765,167364.20700035],[154040.793,167364.38500035],[154041.86038841,167368.30125726],[154042.7176209,167371.44645036],[154043.30516074,167373.60213888],[154045.633,167382.14300035],[154048.48163961,167392.48889686],[154048.89415692,167393.98710724],[154049.22195184,167395.15432888],[154049.84986089,167397.39020553],[154049.97113792,167397.81767752],[154051.56092793,167403.42129992],[154051.78129864,167404.19745268],[154053.62755678,167410.56686275],[154054.04328043,167412.00093859],[154054.459,167413.43500035],[154056.68019342,167420.68721794],[154059.206,167428.93400035],[154061.341,167435.82100035],[154063.58024486,167442.6737512],[154064.658,167445.97200035],[154065.82397271,167449.23980354],[154067.37838031,167453.59625039],[154069.037,167457.95000035],[154071.984,167465.21900035],[154075.056,167472.43700035],[154078.369,167479.88500035],[154081.78,167487.28900035],[154082.7785,167489.37300035],[154083.777,167491.45700035],[154086.6535,167497.26950035],[154089.53,167503.08200035],[154092.50746781,167508.7959504],[154095.77739029,167514.77973901],[154099.45008204,167521.49955704],[154103.33215674,167528.1964545],[154106.03,167532.84900035],[154108.833706,167537.43762582],[154110.13667065,167539.57009503],[154111.503,167541.71100035],[154114.0745,167545.53150035],[154116.646,167549.35200035],[154118.5625,167552.02250035],[154120.479,167554.69300035],[154123.335,167558.60800035],[154131.16003406,167569.26003691],[154131.30260662,167569.45411762],[154131.38935042,167569.56719734],[154134.262,167573.31200035],[154136.606,167576.22000035],[154139.84,167580.06300035],[154142.34556825,167582.62028182],[154143.813,167584.11800035],[154137.06681921,167587.28422534],[154135.077,167584.60500035],[154132.848,167581.56700035],[154123.269,167568.62700035],[154113.327,167555.30600035],[154110.77,167554.83300035],[154106.58,167548.72000035],[154103.803,167544.36900035],[154099.70420028,167537.77118193],[154095.736,167531.09400035],[154092.00201777,167524.54278681],[154088.391,167517.92300035],[154081.079,167503.94800035],[154077.41820166,167496.60954955],[154073.87,167489.21600035],[154070.54497687,167481.96360513],[154067.334,167474.66000035],[154064.35422221,167467.65205165],[154061.51,167460.58800035],[154058.70180179,167453.05523361],[154056.073,167445.45800035],[154054.497303,167440.53554635],[154053.307,167436.83200035],[154050.946,167429.24300035],[154052.231,167426.63900035],[154051.94,167425.68100035],[154050.96176492,167422.81419509],[154049.864,167419.99100035],[154048.70055349,167417.20285012],[154047.467,167414.44500035],[154046.628,167412.61300035],[154045.10640374,167409.17616529],[154043.719,167405.68300035],[154042.50468022,167402.10221286],[154041.437,167398.47500035],[154037.131,167382.95600035],[154032.55,167366.46000035],[154032.2334999,167365.37779835],[154040.808,167364.03200035]]]},"geometry_name":"GEOM","properties":{"INSPIRE_ID":"https://databrussels.be/id/streetsurface/15828","TYPE":"S","STREET_ID":"https://databrussels.be/id/streetname/1838","STRNAMEFRE":"Boulevard du Souverain","STRNAMEDUT":"Vorstlaan","MUNNISCODE":"21002","HIERARCHY":"MER","LVL":0,"ADMIN":"REGION_RBC","AREA":1883},"bbox":[154032.2334999,167364.03200035,154143.813,167587.28422534]},{"type":"Feature","id":"StreetSurfaces.fid--24aa7d09_1a031580c5b_-5ae3","geometry":{"type":"Polygon","coordinates":[[[154032.503,167334.27200035],[154026.54873556,167335.18479487],[154026.52944,167334.88417135],[154026.47343318,167334.31272449],[154026.402,167333.74300035],[154026.072,167331.33200035],[154025.164,167324.77300035],[154023.31,167325.05300035],[154021.947,167315.44800035],[154020.599,167305.61800035],[154021.69685814,167304.25424964],[154028.2902681,167303.36296412],[154029.403,167311.59600036],[154031.065,167323.92600035],[154032.503,167334.27200035]]]},"geometry_name":"GEOM","properties":{"INSPIRE_ID":"https://databrussels.be/id/streetsurface/15829","TYPE":"S","STREET_ID":"https://databrussels.be/id/streetname/1838","STRNAMEFRE":"Boulevard du Souverain","STRNAMEDUT":"Vorstlaan","MUNNISCODE":"21002","HIERARCHY":"MER","LVL":0,"ADMIN":"REGION_RBC","AREA":226},"bbox":[154020.599,167303.36296412,154032.503,167335.18479487]},{"type":"Feature","id":"StreetSurfaces.fid--24aa7d09_1a031580c5b_-5b68","geometry":{"type":"Polygon","coordinates":[[[154056.332,167360.55700035],[154049.684,167337.34200035],[154048.184,167330.67500035],[154052.255,167329.93200035],[154059.442,167352.62800035],[154061.369,167359.31000035],[154056.332,167360.55700035]]]},"geometry_name":"GEOM","properties":{"INSPIRE_ID":"https://databrussels.be/id/streetsurface/15887","TYPE":"IC","STREET_ID":"https://databrussels.be/id/streetname/1838","STRNAMEFRE":"Boulevard du Souverain","STRNAMEDUT":"Vorstlaan","MUNNISCODE":"21002","HIERARCHY":"MER","LVL":0,"ADMIN":"REGION_RBC","AREA":150},"bbox":[154048.184,167329.93200035,154061.369,167360.55700035]},{"type":"Feature","id":"StreetSurfaces.fid--24aa7d09_1a031580c5b_-5adc","geometry":{"type":"Polygon","coordinates":[[[154052.255,167329.93200035],[154051.219,167325.01400035],[154050.24838531,167320.08492943],[154049.379,167315.13700035],[154048.58714808,167310.18353688],[154047.889,167305.21600035],[154047.417,167301.57300036],[154048.789,167296.44400035],[154046.895,167284.67800035],[154046.12249949,167279.20777621],[154045.513,167273.71700035],[154045.075,167268.72000036],[154044.763,167263.71300035],[154044.314,167246.65800035],[154044.2699991,167242.50991585],[154044.22599773,167238.36178593],[154044.182,167234.21400035],[154044.197,167230.06500035],[154044.626,167212.51800035],[154045.03945755,167204.59468888],[154045.594,167196.68000035],[154046.38124141,167187.67978088],[154047.338,167178.69600035],[154048.47521398,167169.75431024],[154049.79,167160.83700035],[154056.08773693,167163.52540758],[154055.86,167164.28900036],[154054.62295112,167170.49993278],[154053.608,167176.75100035],[154053.08036241,167181.17969762],[154052.651,167185.61900035],[154052.16031047,167190.73849738],[154051.725,167195.86300035],[154051.097098,167204.25737645],[154050.644,167212.66300035],[154050.30975863,167222.77511761],[154050.190166,167236.99961097],[154050.341,167248.29600035],[154050.766,167263.05500035],[154051.09758716,167268.55693195],[154051.553,167274.05000035],[154052.089,167278.63000035],[154053.23580737,167286.40233697],[154054.478,167294.16000035],[154055.6921192,167301.56382516],[154056.952,167308.96000035],[154058.16454444,167315.88242191],[154059.617,167323.76900036],[154060.499,167328.30200035],[154061.19644122,167331.21779953],[154052.255,167329.93200035]]]},"geometry_name":"GEOM","properties":{"INSPIRE_ID":"https://databrussels.be/id/streetsurface/15888","TYPE":"S","STREET_ID":"https://databrussels.be/id/streetname/1838","STRNAMEFRE":"Boulevard du Souverain","STRNAMEDUT":"Vorstlaan","MUNNISCODE":"21002","HIERARCHY":"MER","LVL":0,"ADMIN":"REGION_RBC","AREA":1099},"bbox":[154044.182,167160.83700035,154061.19644122,167331.21779953]},{"type":"Feature","id":"StreetSurfaces.fid--24aa7d09_1a031580c5b_-5adb","geometry":{"type":"Polygon","coordinates":[[[154047.882,167151.77900035],[154051.227,167152.02000035],[154049.79,167160.83700035],[154046.52188397,167160.1740424],[154047.882,167151.77900035]]]},"geometry_name":"GEOM","properties":{"INSPIRE_ID":"https://databrussels.be/id/streetsurface/15892","TYPE":"IC","STREET_ID":"https://databrussels.be/id/streetname/1838","STRNAMEFRE":"Boulevard du Souverain","STRNAMEDUT":"Vorstlaan","MUNNISCODE":"21002","HIERARCHY":"MER","LVL":0,"ADMIN":"REGION_RBC","AREA":29},"bbox":[154046.52188397,167151.77900035,154051.227,167160.83700035]},{"type":"Feature","id":"StreetSurfaces.fid--24aa7d09_1a031580c5b_-5b63","geometry":{"type":"Polygon","coordinates":[[[154040.808,167364.03200035],[154032.2334999,167365.37779835],[154030.859,167360.67800035],[154030.543,167359.76400035],[154029.91724606,167358.57387969],[154029.06763405,167357.53171147],[154028.028,167356.67900035],[154026.8844039,167355.99401071],[154025.65290501,167355.48368402],[154024.36,167355.15900035],[154022.40984283,167355.01495223],[154020.458,167355.13400035],[154017.44905403,167355.94376081],[154014.55335691,167347.30667132],[154018.911,167345.89300035],[154020.48093128,167345.25158334],[154021.955,167344.41300035],[154023.19318837,167343.51079001],[154024.309,167342.46100035],[154025.09385491,167341.5097179],[154025.733,167340.45500035],[154026.14999887,167339.36822816],[154026.416,167338.23500035],[154026.54983549,167337.13735919],[154026.58,167336.03200035],[154026.5662442,167335.45757823],[154026.54873556,167335.18479487],[154032.503,167334.27200035],[154033.4643757,167339.97795118],[154033.48613592,167340.10710227],[154033.614,167340.86600035],[154033.67040581,167341.0476374],[154033.72148138,167341.21211013],[154040.808,167364.03200035]]]},"geometry_name":"GEOM","properties":{"INSPIRE_ID":"https://databrussels.be/id/streetsurface/15935","TYPE":"I","STREET_ID":"https://databrussels.be/id/streetname/1838","STRNAMEFRE":"Boulevard du Souverain","STRNAMEDUT":"Vorstlaan","MUNNISCODE":"21002","HIERARCHY":"MER","LVL":0,"ADMIN":"REGION_RBC","AREA":382},"bbox":[154014.55335691,167334.27200035,154040.808,167365.37779835]},{"type":"Feature","id":"StreetSurfaces.fid--24aa7d09_1a031580c5b_-5b5b","geometry":{"type":"Polygon","coordinates":[[[154158.079,167563.50500035],[154154.24459027,167559.8736007],[154150.63369972,167556.45388616],[154150.50454396,167556.33181251],[154146.888,167552.66400035],[154141.90607592,167546.88026321],[154137.214,167540.85900035],[154132.7665056,167534.59389458],[154128.544,167528.17500035],[154124.4728626,167521.61799985],[154120.59342022,167514.94600922],[154116.70750018,167508.26287809],[154112.978,167501.49100035],[154109.394,167494.59600035],[154105.81,167487.70100035],[154099.818,167475.24000035],[154096.64259641,167468.22508465],[154093.592,167461.15500035],[154090.668,167454.00500035],[154087.9,167446.79300035],[154085.414,167439.78400035],[154083.12960499,167432.70756954],[154079.96,167422.88900035],[154077.72000316,167415.74393987],[154074.079,167404.13000035],[154069.752,167390.72000035],[154063.655,167372.20800035],[154063.953,167372.15900035],[154063.11273146,167367.75797031],[154062.253,167363.25500035],[154061.369,167359.31000035],[154067.84507592,167358.18217045],[154067.815,167358.29500035],[154067.69796241,167359.52567754],[154067.808,167360.75700035],[154068.005,167361.74800035],[154069.829,167370.60800035],[154071.278,167376.49600035],[154071.70150221,167377.64650608],[154072.29,167378.72200035],[154072.96674295,167379.72872554],[154073.75,167380.65500035],[154075.732,167382.27400035],[154077.29278963,167383.45129971],[154079.54810542,167391.09859479],[154079.02904624,167390.96556208],[154078.464,167390.99200035],[154077.8679019,167391.19230252],[154077.372,167391.57900035],[154077.03480866,167392.23774452],[154076.909,167392.96700035],[154076.91833174,167393.38772699],[154077.012,167393.79800035],[154077.782,167396.25000035],[154080.553,167404.85500035],[154083.904,167415.39100035],[154085.586,167420.80300035],[154088.1,167428.83000035],[154090.41699159,167436.00318409],[154092.87,167443.13100035],[154094.4064894,167447.32705878],[154096.028,167451.49100035],[154097.17887929,167454.26892575],[154098.388,167457.02200035],[154098.96278191,167457.55991508],[154099.68462504,167457.87403126],[154100.47,167457.92800035],[154101.22787074,167457.6901729],[154101.87661593,167457.23185026],[154102.354,167456.59700035],[154104.47295691,167463.20027923],[154104.35551685,167463.35832822],[154103.919,167463.98700035],[154103.50667149,167464.62354303],[154103.115,167465.27300035],[154102.98315306,167465.66717253],[154102.927,167466.07900035],[154102.94798176,167466.48399426],[154103.044,167466.87800035],[154104.8390588,167471.15101904],[154106.688,167475.40100035],[154108.20420039,167478.76925118],[154109.763,167482.11800035],[154110.714,167484.06300035],[154117.621,167497.44600035],[154121.19276583,167504.09252891],[154124.922,167510.65200035],[154129.17659576,167517.85230662],[154133.856,167525.41600035],[154136.65590531,167529.80377449],[154139.60439099,167534.09311755],[154142.698,167538.27900035],[154145.9612127,167542.5425649],[154149.4403093,167546.63187128],[154153.126,167550.53600035],[154155.03,167552.35400035],[154160.386,167557.48800035],[154161.674,167558.69700035],[154162.835143,167559.77369626],[154163.80787867,167560.62131947],[154160.567,167566.57300035],[154160.518,167566.27200035],[154160.376,167566.00300035],[154160.155,167565.79300035],[154158.079,167563.50500035]]]},"geometry_name":"GEOM","properties":{"INSPIRE_ID":"https://databrussels.be/id/streetsurface/15936","TYPE":"S","STREET_ID":"https://databrussels.be/id/streetname/1838","STRNAMEFRE":"Boulevard du Souverain","STRNAMEDUT":"Vorstlaan","MUNNISCODE":"21002","HIERARCHY":"MER","LVL":0,"ADMIN":"REGION_RBC","AREA":1438},"bbox":[154061.369,167358.18217045,154163.80787867,167566.57300035]},{"type":"Feature","id":"StreetSurfaces.fid--24aa7d09_1a031580c5b_-5ade","geometry":{"type":"Polygon","coordinates":[[[154032.834,167157.67400035],[154034.53329174,167149.37575916],[154034.728,167149.41000035],[154037.70057623,167149.94535334],[154040.84002141,167150.51075896],[154042.98128903,167150.8963955],[154043.26511365,167150.94751155],[154044.95328087,167151.25154592],[154047.71766656,167151.74940435],[154047.882,167151.77900035],[154046.52188397,167160.1740424],[154046.3584056,167160.14426342],[154044.08796481,167159.73068327],[154041.6056329,167159.27850535],[154039.97608591,167158.98166948],[154036.31769098,167158.31184134],[154032.834,167157.67400035]]]},"geometry_name":"GEOM","properties":{"INSPIRE_ID":"https://databrussels.be/id/streetsurface/15937","TYPE":"S","STREET_ID":"https://databrussels.be/id/streetname/1838","STRNAMEFRE":"Boulevard du Souverain","STRNAMEDUT":"Vorstlaan","MUNNISCODE":"21002","HIERARCHY":"MER","LVL":0,"ADMIN":"REGION_RBC","AREA":117},"bbox":[154032.834,167149.37575916,154047.882,167160.1740424]},{"type":"Feature","id":"StreetSurfaces.fid--24aa7d09_1a031580c5b_-5ac2","geometry":{"type":"Polygon","coordinates":[[[154228.96046448,167010.42153377],[154224.03065148,167025.89380038],[154220.695,167024.83700035],[154217.60868558,167023.81410757],[154217.911,167022.84900035],[154218.08237687,167022.09669059],[154218.133846,167021.32682635],[154218.06079719,167020.55763759],[154217.862,167019.81100035],[154217.42380394,167018.90552378],[154216.80070217,167018.11581002],[154216.022,167017.47900035],[154214.17391778,167018.51594812],[154215.272,167014.54400036],[154216.12163111,167012.01347985],[154217.31,167012.38100035],[154218.34465789,167012.36447731],[154219.34975605,167012.11837233],[154220.275,167011.65500035],[154221.07706777,167010.9996252],[154221.71062128,167010.18021124],[154222.143,167009.23900036],[154222.17743072,167009.13198595],[154222.32798006,167008.6551817],[154222.41985321,167008.36273119],[154225.576,167009.35600035],[154228.96046448,167010.42153377]]]},"geometry_name":"GEOM","properties":{"INSPIRE_ID":"https://databrussels.be/id/streetsurface/1594","TYPE":"I","STREET_ID":"https://databrussels.be/id/streetname/2398","STRNAMEFRE":"Rue Jacques Bassem","STRNAMEDUT":"Jacques Bassemstraat","MUNNISCODE":"21002","HIERARCHY":"DR","LVL":0,"ADMIN":"MUN_RBC","AREA":146},"bbox":[154214.17391778,167008.36273119,154228.96046448,167025.89380038]},{"type":"Feature","id":"StreetSurfaces.fid--24aa7d09_1a031580c5b_-5b40","geometry":{"type":"Polygon","coordinates":[[[154284.1311288,167433.3011693],[154282.619,167434.66800035],[154281.14622774,167435.99886991],[154279.18,167433.57000035],[154278.78,167433.41000035],[154278.38,167433.24000036],[154277.97,167433.12000035],[154277.46,167433.05000035],[154276.94,167433.05000035],[154276.44,167433.13000035],[154275.88,167433.37000035],[154275.36,167433.72000035],[154274.84,167434.08000035],[154274.13753167,167434.67836675],[154272.064,167432.13800035],[154269.77365987,167429.33261709],[154270.61,167428.53000035],[154271.13,167427.55000035],[154271.42,167426.41000035],[154271.51,167425.41000035],[154271.34,167424.23000035],[154270.96,167423.17000035],[154270.62074801,167422.44772193],[154272.021,167421.49400035],[154274.66669604,167419.69136125],[154277.93,167424.24000035],[154281.864436,167428.65541383],[154281.52397369,167430.19147465],[154284.1311288,167433.3011693]]]},"geometry_name":"GEOM","properties":{"INSPIRE_ID":"https://databrussels.be/id/streetsurface/1597","TYPE":"I","STREET_ID":"https://databrussels.be/id/streetname/1345","STRNAMEFRE":"Rue du Vieux Moulin","STRNAMEDUT":"Oude Molenstraat","MUNNISCODE":"21002","HIERARCHY":"DR","LVL":0,"ADMIN":"MUN_RBC","AREA":119},"bbox":[154269.77365987,167419.69136125,154284.1311288,167435.99886991]},{"type":"Feature","id":"StreetSurfaces.fid--24aa7d09_1a031580c5b_-5b75","geometry":{"type":"Polygon","coordinates":[[[154224.21061221,167477.65390021],[154226.425,167480.59000035],[154228.8350288,167483.78550475],[154228.179,167486.48900035],[154227.186,167490.82900035],[154228.795,167491.29400035],[154225.166,167507.17600035],[154223.651,167506.83100035],[154223.34,167508.19600035],[154224.854,167508.54100035],[154222.3,167519.72000035],[154221.207,167524.54400035],[154219.785,167524.22100035],[154219.474,167525.58600035],[154220.897,167525.91000035],[154220.406,167528.07700035],[154218.458,167527.52700035],[154213.762,167548.16600035],[154215.852,167548.64000035],[154215.31325222,167550.9494493],[154206.44654702,167548.79107995],[154206.852,167546.97700035],[154212.443,167521.81700035],[154213.975,167522.16600035],[154214.286,167520.80000035],[154212.753,167520.45200035],[154213.35,167517.82000035],[154216.423,167504.26900035],[154217.948,167504.61600035],[154218.259,167503.25100035],[154216.733,167502.90400035],[154220.614,167486.10800035],[154222.201,167486.46800035],[154224.21061221,167477.65390021]]]},"geometry_name":"GEOM","properties":{"INSPIRE_ID":"https://databrussels.be/id/streetsurface/17534","TYPE":"S","STREET_ID":"https://databrussels.be/id/streetname/851","STRNAMEFRE":"Avenue de la Sablière","STRNAMEDUT":"Zandgroeflaan","MUNNISCODE":"21002","HIERARCHY":"DR","LVL":0,"ADMIN":"MUN_RBC","AREA":569},"bbox":[154206.44654702,167477.65390021,154228.8350288,167550.9494493]},{"type":"Feature","id":"StreetSurfaces.fid--24aa7d09_1a031580c5b_-5ad0","geometry":{"type":"Polygon","coordinates":[[[154074.48871244,167351.5827447],[154067.76355437,167336.58230119],[154072.621,167336.15500035],[154073.684,167334.02600035],[154081.811,167332.12300035],[154091.073,167329.91500035],[154092.046,167329.63000035],[154099.41,167327.10000035],[154108.46,167323.94000035],[154123.09,167318.88000035],[154135.30152967,167314.56448113],[154138.882,167324.32000035],[154140.9142709,167329.70849594],[154139.266,167329.75400035],[154137.559,167330.01000035],[154135.17,167330.60700035],[154132.226,167331.50300035],[154135.852,167334.61700035],[154134.252,167336.60100035],[154132.972,167335.57700035],[154131.351,167337.36800035],[154130.284,167336.51500035],[154128.599,167338.37100035],[154127.469,167337.45300035],[154125.783,167339.13800035],[154121.155,167334.93500035],[154118.872,167335.68200035],[154122.477,167338.98800035],[154120.728,167340.69500035],[154119.64,167339.64900035],[154117.848,167341.52600035],[154113.39,167337.28100035],[154111.769,167337.75000035],[154115.352,167341.07800035],[154113.582,167342.84800035],[154112.707,167342.01600035],[154110.766,167343.74400035],[154106.338,167339.49800035],[154104.654,167340.01600035],[154108.162,167343.35800035],[154106.411,167345.12300035],[154105.348,167344.06300035],[154103.628,167345.88300035],[154099.26,167341.66500035],[154097.496,167342.21900035],[154100.88,167345.52600035],[154099.154,167347.32500035],[154098.052,167346.30200035],[154096.323,167348.15000035],[154091.838452,167343.97880535],[154078.336,167349.92700035],[154074.48871244,167351.5827447]]]},"geometry_name":"GEOM","properties":{"INSPIRE_ID":"https://databrussels.be/id/streetsurface/17535","TYPE":"S","STREET_ID":"https://databrussels.be/id/streetname/1131","STRNAMEFRE":"Chaussée de Wavre","STRNAMEDUT":"Waversesteenweg","MUNNISCODE":"21002","HIERARCHY":"IDR","LVL":0,"ADMIN":"REGION_RBC","AREA":1198},"bbox":[154067.76355437,167314.56448113,154140.9142709,167351.5827447]},{"type":"Feature","id":"StreetSurfaces.fid--24aa7d09_1a031580c5b_-5ad8","geometry":{"type":"Polygon","coordinates":[[[154053.377,167148.45700035],[154053.492,167147.60000035],[154053.587,167146.74000035],[154053.662,167145.76800035],[154053.70449565,167145.21725677],[154053.7286339,167144.79552151],[154053.901,167141.78400035],[154054.7,167135.80000035],[154055.744,167129.85400035],[154059.033,167116.19400035],[154061.507,167106.97400035],[154064.17,167097.80600035],[154066.724,167089.66900035],[154069.431,167081.58200035],[154071.4599762,167075.82499197],[154077.03151203,167078.06298237],[154076.456,167079.67600035],[154073.588,167088.02800036],[154071.42836136,167094.67073093],[154069.378,167101.34800036],[154067.13646097,167109.09376782],[154065.025,167116.87600035],[154063.57277972,167122.464847],[154062.29,167128.09500035],[154061.11077676,167133.60392706],[154060.2548057,167139.17224409],[154059.725,167144.78100035],[154059.689,167146.47800036],[154059.65541934,167147.22351519],[154053.377,167148.45700035]]]},"geometry_name":"GEOM","properties":{"INSPIRE_ID":"https://databrussels.be/id/streetsurface/17670","TYPE":"S","STREET_ID":"https://databrussels.be/id/streetname/1838","STRNAMEFRE":"Boulevard du Souverain","STRNAMEDUT":"Vorstlaan","MUNNISCODE":"21002","HIERARCHY":"MER","LVL":0,"ADMIN":"REGION_RBC","AREA":439},"bbox":[154053.377,167075.82499197,154077.03151203,167148.45700035]},{"type":"Feature","id":"StreetSurfaces.fid--24aa7d09_1a031580c5b_-5aea","geometry":{"type":"Polygon","coordinates":[[[154024.351,167269.30800035],[154025.61636355,167281.58813856],[154025.82218295,167283.58558084],[154026.028,167285.58300035],[154026.23990082,167287.41397025],[154019.85947443,167288.21554526],[154019.943775,167287.86580635],[154020.04838183,167286.88653806],[154020.024,167285.90200035],[154019.668,167281.91300035],[154019.58971183,167281.13623493],[154019.482,167280.36300035],[154019.34242505,167279.63891927],[154019.174,167278.92100035],[154017.449,167272.02000035],[154016.98,167270.16000036],[154016.82304993,167269.43433957],[154016.701,167268.70200035],[154016.60074221,167267.9491255],[154016.32691706,167264.45403873],[154016.14,167261.71400035],[154015.95619679,167258.9510963],[154015.809,167256.18600035],[154015.687,167253.04800035],[154015.444,167247.15700035],[154015.364,167244.14200035],[154014.951,167244.14100036],[154014.921,167242.38500035],[154015.29,167242.36200035],[154014.991,167233.24200035],[154014.916,167230.94700035],[154014.897,167230.24800035],[154014.83009507,167229.74204415],[154014.706,167229.24700035],[154014.57266834,167228.74879748],[154014.381,167228.27000035],[154014.06980826,167227.75325911],[154013.643,167227.32700035],[154013.02057573,167227.03688068],[154012.52181418,167226.97549898],[154012.776892,167219.32031949],[154013.26910079,167219.33844652],[154013.987,167219.30700035],[154014.64903271,167219.23430733],[154015.299,167219.08900035],[154016.04891523,167218.81440671],[154016.734,167218.40400035],[154017.29476756,167217.82709279],[154017.705,167217.13500035],[154017.86081192,167216.39263169],[154017.947,167215.63900035],[154017.96531558,167214.7609532],[154017.902,167213.88500035],[154017.76932056,167212.67904906],[154017.605,167211.47700035],[154017.42678318,167210.3874709],[154017.22,167209.30300035],[154016.8873815,167207.7891984],[154016.623,167206.26200035],[154016.43739082,167204.77209415],[154016.311,167203.27600035],[154016.220808,167201.63128535],[154016.195,167199.98400035],[154016.25728633,167197.93965738],[154016.409,167195.90000035],[154016.573,167193.81900035],[154018.421,167174.84200035],[154019.41,167166.79900035],[154020.651,167158.50900035],[154021.01849911,167156.21424964],[154029.538,167157.18700035],[154029.01743664,167160.92121664],[154028.49685606,167164.65555643],[154028.10341726,167167.47785563],[154027.71,167170.30000035],[154026.873,167177.68600035],[154026.036,167185.07200035],[154025.74889071,167188.4714866],[154025.46177131,167191.87109246],[154025.11972143,167195.92109682],[154024.86108781,167200.08916691],[154024.65253947,167203.46665552],[154024.444,167206.84400035],[154024.16432512,167215.12207222],[154024.09560036,167217.15625045],[154023.893,167223.15300035],[154023.87135343,167229.15416755],[154023.846,167236.18300035],[154024.0159063,167243.21052781],[154024.181,167250.03900035],[154024.3675,167254.14550035],[154024.554,167258.25200035],[154025.074,167268.19200035],[154025.147,167268.80800035],[154025.039,167268.75100035],[154024.919,167268.73300035],[154024.799,167268.75700035],[154024.624,167268.83100036],[154024.482,167268.95700035],[154024.41013816,167269.08181303],[154024.351,167269.30800035]]]},"geometry_name":"GEOM","properties":{"INSPIRE_ID":"https://databrussels.be/id/streetsurface/17785","TYPE":"S","STREET_ID":"https://databrussels.be/id/streetname/1838","STRNAMEFRE":"Boulevard du Souverain","STRNAMEDUT":"Vorstlaan","MUNNISCODE":"21002","HIERARCHY":"MER","LVL":0,"ADMIN":"REGION_RBC","AREA":1096},"bbox":[154012.52181418,167156.21424964,154029.538,167288.21554526]},{"type":"Feature","id":"StreetSurfaces.fid--24aa7d09_1a031580c5b_-5b62","geometry":{"type":"Polygon","coordinates":[[[154182.1857276,167413.92075471],[154183.62,167413.11000035],[154183.8,167412.95000035],[154183.98,167412.80000035],[154184.12,167412.62000035],[154184.2,167412.39000035],[154184.23,167412.14000035],[154184.24,167411.90000035],[154184.15,167411.52000035],[154183.98,167411.15000035],[154183.8,167410.78000035],[154181.74,167407.43000035],[154178.78,167402.63000035],[154177.45,167400.46000035],[154176.49,167398.88000035],[154175.51,167397.10000035],[154170.8,167385.12000035],[154170.2,167383.59000035],[154159.162,167354.92900035],[154155.89412144,167355.90401171],[154151.3017535,167344.4929991],[154152.219,167344.92800035],[154154.315,167344.20700035],[154154.47,167344.11000035],[154154.52,167343.85000035],[154154.55,167343.60000035],[154154.51,167343.15000035],[154154.38,167342.69000035],[154154.25,167342.24000035],[154152.64732871,167338.15450222],[154156.862,167336.65100035],[154162.30309156,167334.70999695],[154164.35,167340.41000035],[154166.72,167346.74000035],[154168.1,167350.44000035],[154172.09,167362.03000035],[154176.79,167375.14000035],[154179.16,167381.91000035],[154180.41,167385.00000035],[154181.58,167387.70000035],[154183.08,167390.80000035],[154184.5,167393.73000035],[154186.47,167397.41000035],[154188.93,167401.42000035],[154193.61,167408.60000035],[154200.36,167418.82000035],[154206.68,167428.95000035],[154214.16,167440.33000035],[154220.93,167451.01000035],[154224.75,167456.88000035],[154225.994,167458.70500035],[154224.597,167459.59000036],[154225.21389133,167460.48618547],[154222.515,167462.39900035],[154221.71761585,167462.96413918],[154221.135,167462.08300035],[154219.146,167461.99900035],[154216.63,167461.87600035],[154203.39,167441.71000036],[154202.94,167441.90000035],[154196.81,167431.94000035],[154196.41,167431.30000035],[154192.49,167424.93000035],[154188.14,167417.76000035],[154187.664,167416.97300035],[154187.267,167416.53800035],[154186.732,167416.28900035],[154186.144,167416.26500035],[154185.591,167416.47000035],[154184.47,167417.16000035],[154182.1857276,167413.92075471]]]},"geometry_name":"GEOM","properties":{"INSPIRE_ID":"https://databrussels.be/id/streetsurface/1788","TYPE":"S","STREET_ID":"https://databrussels.be/id/streetname/2790","STRNAMEFRE":"Rue Emile Idiers","STRNAMEDUT":"Emile Idiersstraat","MUNNISCODE":"21002","HIERARCHY":"DR","LVL":0,"ADMIN":"MUN_RBC","AREA":1414},"bbox":[154151.3017535,167334.70999695,154225.994,167462.96413918]},{"type":"Feature","id":"StreetSurfaces.fid--24aa7d09_1a031580c5b_-5adf","geometry":{"type":"Polygon","coordinates":[[[154034.08691035,167149.297259],[154034.53329174,167149.37575916],[154032.834,167157.67400035],[154029.538,167157.18700035],[154031.09576719,167148.76966182],[154031.23,167148.79300035],[154034.08691035,167149.297259]]]},"geometry_name":"GEOM","properties":{"INSPIRE_ID":"https://databrussels.be/id/streetsurface/18223","TYPE":"IC","STREET_ID":"https://databrussels.be/id/streetname/1838","STRNAMEFRE":"Boulevard du Souverain","STRNAMEDUT":"Vorstlaan","MUNNISCODE":"21002","HIERARCHY":"MER","LVL":0,"ADMIN":"REGION_RBC","AREA":29},"bbox":[154029.538,167148.76966182,154034.53329174,167157.67400035]},{"type":"Feature","id":"StreetSurfaces.fid--24aa7d09_1a031580c5b_-5ae7","geometry":{"type":"Polygon","coordinates":[[[154026.32676351,167288.16452399],[154026.50670155,167289.57286647],[154027.894,167300.43100035],[154028.2902681,167303.36296412],[154021.69685814,167304.25424964],[154022.296,167303.51000035],[154021.675,167299.45700035],[154021.55356023,167299.07904023],[154021.312,167298.76400035],[154020.96621172,167298.55202104],[154020.568,167298.47500035],[154015.63,167299.16100035],[154014.87699298,167300.06814772],[154014.0061935,167293.55682912],[154014.438,167293.49800035],[154015.9190505,167293.07524545],[154017.247,167292.29500035],[154018.09013028,167291.56565238],[154018.80130091,167290.70713419],[154019.361,167289.74300035],[154019.71300116,167288.82322087],[154019.85947443,167288.21554526],[154026.23990082,167287.41397025],[154026.32676351,167288.16452399]]]},"geometry_name":"GEOM","properties":{"INSPIRE_ID":"https://databrussels.be/id/streetsurface/18224","TYPE":"I","STREET_ID":"https://databrussels.be/id/streetname/1838","STRNAMEFRE":"Boulevard du Souverain","STRNAMEDUT":"Vorstlaan","MUNNISCODE":"21002","HIERARCHY":"MER","LVL":0,"ADMIN":"REGION_RBC","AREA":147},"bbox":[154014.0061935,167287.41397025,154028.2902681,167304.25424964]},{"type":"Feature","id":"StreetSurfaces.fid--24aa7d09_1a031580c5b_-5b6e","geometry":{"type":"Polygon","coordinates":[[[153919.71732249,167378.4592229],[153928.987,167375.70400035],[153931.262,167373.05800035],[153956.941,167365.36800035],[153959.56,167366.32200035],[153971.842,167361.97400035],[153988.51,167356.00000035],[154000,167352.18000035],[154005.012,167350.40200035],[154014.55335691,167347.30667132],[154017.44905403,167355.94376081],[154015.698,167356.41500035],[154007.001,167359.25700035],[154000,167361.56000035],[153992.726,167361.87900035],[153990.913,167364.46500035],[153972.35,167370.39000036],[153950.31568556,167377.49348151],[153948.62850928,167376.7098948],[153935.15323863,167380.86494792],[153928.98142851,167382.54607876],[153928.72040383,167382.65714538],[153924.83301644,167383.70347746],[153921.93817677,167384.50580254],[153921.164,167382.39800035],[153919.71732249,167378.4592229]]]},"geometry_name":"GEOM","properties":{"INSPIRE_ID":"https://databrussels.be/id/streetsurface/18399","TYPE":"S","STREET_ID":"https://databrussels.be/id/streetname/1131","STRNAMEFRE":"Chaussée de Wavre","STRNAMEDUT":"Waversesteenweg","MUNNISCODE":"21002","HIERARCHY":"IDR","LVL":0,"ADMIN":"REGION_RBC","AREA":835},"bbox":[153919.71732249,167347.30667132,154017.44905403,167384.50580254]},{"type":"Feature","id":"StreetSurfaces.fid--24aa7d09_1a031580c5b_-5aed","geometry":{"type":"Polygon","coordinates":[[[154485.7140795,167296.96562622],[154533.71,167305.92000035],[154542.514,167307.51900035],[154542.636,167307.64700036],[154542.758,167307.77500035],[154542.886,167307.89500035],[154543.07,167308.04100035],[154543.266,167308.17400035],[154543.468,167308.29000035],[154543.941,167308.45900036],[154544.449,167308.55100035],[154544.956,167308.64300035],[154546.384,167308.88900035],[154550.564,167309.60800035],[154553.948,167310.19100035],[154554.08428465,167310.18520101],[154552.9616612,167316.34631826],[154543.93,167314.64400035],[154543.653,167314.58700035],[154543.254,167314.58100035],[154542.872,167314.68600035],[154542.6,167314.83800035],[154542.451,167315.12300035],[154542.41406042,167315.2498798],[154537.93328021,167315.76029174],[154537.529,167315.16700035],[154537.439,167315.03500035],[154537.043,167314.60800035],[154536.474,167314.01700035],[154536.014,167313.64400035],[154534.983,167313.16400035],[154534.348,167312.91800035],[154533.171,167312.65500035],[154531.464,167312.27000035],[154529.82,167311.96000035],[154487.3816559,167304.21533124],[154484.9489632,167303.79346577],[154484.08554913,167303.65028995],[154485.7140795,167296.96562622]]]},"geometry_name":"GEOM","properties":{"INSPIRE_ID":"https://databrussels.be/id/streetsurface/18703","TYPE":"S","STREET_ID":"https://databrussels.be/id/streetname/1788","STRNAMEFRE":"Chaussée de Tervuren","STRNAMEDUT":"Tervuursesteenweg","MUNNISCODE":"21002","HIERARCHY":"IDR","LVL":0,"ADMIN":"REGION_RBC","AREA":474},"bbox":[154484.08554913,167296.96562622,154554.08428465,167316.34631826]},{"type":"Feature","id":"StreetSurfaces.fid--24aa7d09_1a031580c5b_-5acb","geometry":{"type":"Polygon","coordinates":[[[154132.94434184,166993.87205988],[154136.13459403,166985.56453857],[154137.951,166986.12400036],[154144.825,166988.23000035],[154150.668,166990.02300035],[154160.955,166993.18900035],[154174.020724,166997.20565836],[154178.425,166998.55900035],[154178.427,167000.39000035],[154179.292,167000.65600035],[154180.309,166999.13500035],[154183.13891867,167000.00400035],[154186.05209003,167000.89856525],[154189.919,167002.08600035],[154189.629,167003.82400035],[154190.534,167004.10300036],[154191.251445,167002.49145336],[154192.242,167002.79700035],[154201.154,167005.54600035],[154201.051,167007.35700035],[154201.938,167007.62900036],[154202.815,167006.05500036],[154208.02040686,167007.67113781],[154213.051,167009.23300035],[154213.543,167011.21600035],[154214.12169104,167011.39496905],[154216.12163111,167012.01347985],[154215.272,167014.54400036],[154214.17391778,167018.51594812],[154213.755,167018.75100036],[154202.828,167015.37100035],[154185.761,167010.10500035],[154168.21015704,167004.71054622],[154153.639,167000.22500035],[154136.346,166994.91500035],[154132.94434184,166993.87205988]]]},"geometry_name":"GEOM","properties":{"INSPIRE_ID":"https://databrussels.be/id/streetsurface/24346","TYPE":"S","STREET_ID":"https://databrussels.be/id/streetname/4917","STRNAMEFRE":"Avenue Guillaume Detroch","STRNAMEDUT":"Guillaume Detrochlaan","MUNNISCODE":"21002","HIERARCHY":"DR","LVL":0,"ADMIN":"MUN_RBC","AREA":738},"bbox":[154132.94434184,166985.56453857,154216.12163111,167018.75100036]},{"type":"Feature","id":"StreetSurfaces.fid--24aa7d09_1a031580c5b_-5b0d","geometry":{"type":"Polygon","coordinates":[[[154179.54952257,167175.58835628],[154179.61,167176.81000035],[154179.8,167178.68000035],[154180.21,167181.33000036],[154180.63,167183.45000035],[154188.28,167218.40000035],[154194.54,167246.91000035],[154198.89,167266.20000035],[154199.45,167268.79000035],[154200.36,167272.28000035],[154201.98,167277.99000035],[154203.12,167281.53000035],[154205.66,167289.48000035],[154204.453,167289.99600035],[154204.752,167290.84900035],[154204.90982853,167291.08597458],[154202.5,167292.05200035],[154201.1923372,167292.57606007],[154201.173,167292.47600035],[154200.896,167291.47300035],[154199.173,167292.07700035],[154196.76,167284.58000035],[154194.333,167276.77300035],[154192.253,167268.86600035],[154190.78,167262.30000035],[154186.56,167243.43000035],[154183.24,167227.60000035],[154179.76,167212.12000036],[154173.879,167184.96300035],[154172.1215129,167177.22273771],[154179.54952257,167175.58835628]]]},"geometry_name":"GEOM","properties":{"INSPIRE_ID":"https://databrussels.be/id/streetsurface/24620","TYPE":"S","STREET_ID":"https://databrussels.be/id/streetname/2398","STRNAMEFRE":"Rue Jacques Bassem","STRNAMEDUT":"Jacques Bassemstraat","MUNNISCODE":"21002","HIERARCHY":"DR","LVL":0,"ADMIN":"MUN_RBC","AREA":826},"bbox":[154172.1215129,167175.58835628,154205.66,167292.57606007]},{"type":"Feature","id":"StreetSurfaces.fid--24aa7d09_1a031580c5b_-5ad3","geometry":{"type":"Polygon","coordinates":[[[154170.78400742,167164.13414522],[154170.13156392,167172.77966115],[154169.959,167172.59200035],[154169.09610132,167172.00369231],[154168.13068626,167171.60535293],[154167.104,167171.41400035],[154166.612,167171.36800035],[154166.388,167173.41400035],[154153.098,167172.06000035],[154152.754,167169.95100035],[154151.843,167169.85400035],[154151.093,167171.85600035],[154144.904,167171.21600035],[154144.527,167169.11400035],[154143.613,167169.01300035],[154142.894,167171.01400035],[154135.701,167170.27800035],[154135.379,167168.16800035],[154134.482,167168.07400035],[154133.689,167170.07000035],[154127.896,167169.48200035],[154127.532,167167.37000036],[154126.642,167167.27700035],[154125.886,167169.28200035],[154120.259,167168.70700035],[154119.927,167166.59700035],[154119.023,167166.50600035],[154118.243,167168.50200035],[154112.126,167167.88400035],[154111.808,167165.77500035],[154110.905,167165.68800035],[154110.098,167167.68100035],[154104.042,167167.07500035],[154103.698,167164.96600035],[154102.796,167164.87300035],[154102.042,167166.87700035],[154096.318,167166.30300036],[154095.947,167164.19400035],[154095.038,167164.10600036],[154094.298,167166.10300035],[154079.305,167164.60800035],[154078.92,167162.49200035],[154078.015,167162.39300035],[154077.282,167164.40200036],[154071.286,167163.79900035],[154070.956,167161.68400035],[154070.052,167161.60500035],[154069.272,167163.60500035],[154062.856,167162.97000036],[154063.076442,167160.87204535],[154060.15125818,167160.66496299],[154062.86735735,167153.78922043],[154063.814956,167153.84357835],[154064.03,167151.79700035],[154070.184,167152.42100035],[154070.538,167154.55000035],[154071.444,167154.64100035],[154072.239,167152.63700035],[154078.217,167153.25300035],[154078.606,167155.37600035],[154079.5,167155.47400035],[154080.229,167153.45100035],[154092.175,167154.68100035],[154092.471,167156.80500036],[154093.368,167156.89700035],[154094.185,167154.88600035],[154101.773,167155.66600035],[154102.171,167157.79700035],[154103.072,167157.89000036],[154103.815,167155.87500035],[154109.789,167156.48300035],[154110.127,167158.61400035],[154111.039,167158.70800035],[154111.822,167156.69400035],[154117.792,167157.30100035],[154118.137,167159.42900036],[154119.046,167159.51800035],[154119.833,167157.50600035],[154126.796,167158.22400036],[154127.058,167159.83400035],[154127.152,167160.34800035],[154128.05,167160.43800035],[154128.832,167158.42300035],[154135.825,167159.14400035],[154136.105,167161.27400036],[154137.006,167161.36900035],[154137.824,167159.35000035],[154143.826,167159.98200036],[154144.177,167162.09900036],[154145.077,167162.19400035],[154145.851,167160.18700035],[154151.832,167160.79200035],[154152.202,167162.92400035],[154153.091,167163.01300035],[154153.851,167160.99700035],[154159.804,167161.59600035],[154160.168,167163.71568831],[154161.046,167163.81500035],[154161.811,167161.80100035],[154167.899,167162.41100035],[154167.671,167164.55600035],[154169.20835052,167164.52961687],[154170.78400742,167164.13414522]]]},"geometry_name":"GEOM","properties":{"INSPIRE_ID":"https://databrussels.be/id/streetsurface/24836","TYPE":"S","STREET_ID":"https://databrussels.be/id/streetname/2147","STRNAMEFRE":"Avenue Pierre Devis","STRNAMEDUT":"Pierre Devislaan","MUNNISCODE":"21002","HIERARCHY":"DR","LVL":0,"ADMIN":"MUN_RBC","AREA":1134},"bbox":[154060.15125818,167151.79700035,154170.78400742,167173.41400035]},{"type":"Feature","id":"StreetSurfaces.fid--24aa7d09_1a031580c5b_-5b03","geometry":{"type":"Polygon","coordinates":[[[154201.408,167293.69200035],[154201.1923372,167292.57606007],[154202.5,167292.05200035],[154204.90982853,167291.08597458],[154205.434,167291.87300035],[154206.757,167292.76900035],[154208.122,167293.32400035],[154209.828,167293.83600035],[154211.3,167293.90000035],[154211.7,167293.90000035],[154212.38,167293.83000036],[154213.05,167293.70000036],[154213.37076668,167293.63867731],[154214.598,167298.17000035],[154215.84824298,167302.78556443],[154210.08,167304.54000035],[154200.1730282,167307.57331475],[154197.75790888,167299.97774799],[154198.378,167299.74900035],[154199.039,167299.21600035],[154199.893,167298.27800035],[154200.533,167297.29700035],[154201.024,167295.99600035],[154201.429,167294.73700035],[154201.408,167293.69200035]]]},"geometry_name":"GEOM","properties":{"INSPIRE_ID":"https://databrussels.be/id/streetsurface/24838","TYPE":"I","STREET_ID":"https://databrussels.be/id/streetname/1131","STRNAMEFRE":"Chaussée de Wavre","STRNAMEDUT":"Waversesteenweg","MUNNISCODE":"21002","HIERARCHY":"IDR","LVL":0,"ADMIN":"REGION_RBC","AREA":187},"bbox":[154197.75790888,167291.08597458,154215.84824298,167307.57331475]},{"type":"Feature","id":"StreetSurfaces.fid--24aa7d09_1a031580c5b_-5b4b","geometry":{"type":"Polygon","coordinates":[[[154231.02148255,167301.21300439],[154231.912,167304.33800036],[154233.896,167303.76200035],[154235.41,167308.47700035],[154237.89,167313.90000035],[154239.22,167323.49000035],[154240.28,167333.12000035],[154241.34,167342.74000035],[154241.71,167345.33000035],[154242.09,167347.92000035],[154242.57,167350.49000035],[154242.7,167351.09000035],[154242.84,167351.69000035],[154242.99,167352.29000035],[154243.42,167353.68000035],[154243.92,167355.04000035],[154244.42,167356.41000035],[154250.8,167376.29000035],[154253.29,167384.51000035],[154255.24,167390.52000035],[154255.4,167390.90000035],[154255.57,167391.29000035],[154255.75,167391.67000035],[154256.19,167392.41000035],[154256.69,167393.12000035],[154257.18,167393.83000036],[154257.68,167394.61000035],[154258.68,167396.15000035],[154268.46,167411.04000035],[154274.66669604,167419.69136125],[154272.021,167421.49400035],[154270.62074801,167422.44772193],[154270.34,167421.85000035],[154269.24,167419.93000035],[154269.07,167419.73000035],[154268.81,167419.57000035],[154267.04,167419.01000035],[154266.74,167418.85000035],[154266.5,167418.48000035],[154263.32,167414.09000035],[154257.62,167405.71000035],[154254.1,167400.40000035],[154252.95,167398.63000035],[154251.11,167395.96000035],[154250.82,167395.51000035],[154250.39,167394.66000035],[154248.83,167390.46000035],[154246.33,167383.20000035],[154243.94,167375.38000035],[154240.85,167365.73000035],[154238.63,167359.19000035],[154237.26,167354.23000035],[154236.01,167348.88000035],[154234.77,167342.18000035],[154232.01,167328.78000035],[154230.49,167322.29000035],[154230.07,167320.75000035],[154227.238,167311.34300035],[154225.66,167306.03000035],[154225.564,167305.71500035],[154227.079,167305.22400035],[154226.332,167303.24000035],[154225.57371952,167302.12134676],[154230.092,167301.36800035],[154231.02148255,167301.21300439]]]},"geometry_name":"GEOM","properties":{"INSPIRE_ID":"https://databrussels.be/id/streetsurface/257","TYPE":"S","STREET_ID":"https://databrussels.be/id/streetname/1345","STRNAMEFRE":"Rue du Vieux Moulin","STRNAMEDUT":"Oude Molenstraat","MUNNISCODE":"21002","HIERARCHY":"DR","LVL":0,"ADMIN":"MUN_RBC","AREA":860},"bbox":[154225.564,167301.21300439,154274.66669604,167422.44772193]},{"type":"Feature","id":"StreetSurfaces.fid--24aa7d09_1a031580c5b_-5b0f","geometry":{"type":"Polygon","coordinates":[[[154181.81095176,167162.73709778],[154181.21,167164.70000035],[154180.4,167167.86000035],[154179.78,167170.78000035],[154179.52,167173.05000035],[154179.51,167174.79000035],[154179.54952257,167175.58835628],[154172.1215129,167177.22273771],[154171.766,167175.65700035],[154171.38516183,167174.5150607],[154170.77380595,167173.47809016],[154170.13156392,167172.77966115],[154170.78400742,167164.13414522],[154172.09597216,167163.49699723],[154172.22017157,167163.39925403],[154173.312,167162.54000035],[154174.32226518,167161.36777911],[154174.45481475,167161.10108086],[154174.75841705,167160.4902135],[154181.81095176,167162.73709778]]]},"geometry_name":"GEOM","properties":{"INSPIRE_ID":"https://databrussels.be/id/streetsurface/2586","TYPE":"I","STREET_ID":"https://databrussels.be/id/streetname/2398","STRNAMEFRE":"Rue Jacques Bassem","STRNAMEDUT":"Jacques Bassemstraat","MUNNISCODE":"21002","HIERARCHY":"DR","LVL":0,"ADMIN":"MUN_RBC","AREA":138},"bbox":[154170.13156392,167160.4902135,154181.81095176,167177.22273771]},{"type":"Feature","id":"StreetSurfaces.fid--24aa7d09_1a031580c5b_-5af2","geometry":{"type":"Polygon","coordinates":[[[154485.7140795,167296.96562622],[154484.08554913,167303.65028995],[154473.68152721,167301.92504084],[154473.54848082,167301.90537906],[154473.41468342,167301.89173414],[154473.28040698,167301.88413381],[154473.14592444,167301.8825935],[154473.0079073,167301.88732112],[154472.87025686,167301.89843132],[154472.73326811,167301.91590031],[154472.59723466,167301.93969063],[154472.28880394,167302.00830493],[154471.9890255,167302.10815641],[154471.70105401,167302.2381943],[154471.4279199,167302.39705016],[154471.17249743,167302.5830523],[154470.93747453,167302.79424335],[154470.72140946,167303.03320461],[154470.5314856,167303.29342666],[154470.36978063,167303.57206279],[154470.23806353,167303.86606483],[154470.13777524,167304.17221652],[154470.07001287,167304.48716866],[154469.70288721,167306.78684675],[154469.27675615,167306.72761277],[154468.84670359,167306.71531898],[154468.41788459,167306.75011274],[154467.99543943,167306.83157699],[154467.58443197,167306.9587352],[154467.3727105,167307.05065068],[154461.92540355,167305.22569769],[154462.25796956,167305.11968171],[154462.52902973,167304.97249296],[154462.7714639,167304.78179995],[154462.96243154,167304.57365444],[154463.11902819,167304.33855726],[154463.23750982,167304.08212931],[154463.31504369,167303.81050145],[154463.53101539,167302.23490397],[154463.56677776,167302.0019529],[154463.57373186,167301.76637534],[154463.55177292,167301.53172038],[154463.50123176,167301.3015232],[154463.42286981,167301.07925186],[154463.31786763,167300.86825496],[154463.21802095,167300.71291733],[154463.10371443,167300.5678892],[154462.97600526,167300.43451188],[154462.77321838,167300.26787225],[154462.57336719,167300.14657492],[154462.32311068,167300.03987227],[154456.29420503,167298.90140355],[154457.4557934,167291.81318106],[154460.40414792,167292.34777015],[154485.48544652,167296.92297124],[154485.7140795,167296.96562622]]]},"geometry_name":"GEOM","properties":{"INSPIRE_ID":"https://databrussels.be/id/streetsurface/26392","TYPE":"I","STREET_ID":"https://databrussels.be/id/streetname/1788","STRNAMEFRE":"Chaussée de Tervuren","STRNAMEDUT":"Tervuursesteenweg","MUNNISCODE":"21002","HIERARCHY":"IDR","LVL":0,"ADMIN":"REGION_RBC","AREA":244},"bbox":[154456.29420503,167291.81318106,154485.7140795,167307.05065068]},{"type":"Feature","id":"StreetSurfaces.fid--24aa7d09_1a031580c5b_-5b2d","geometry":{"type":"Polygon","coordinates":[[[154332.02833315,167276.86238661],[154331.947,167280.66400035],[154331.85754552,167284.84458965],[154318.18200657,167284.81001666],[154316.21461309,167282.79716596],[154313.79086033,167282.94129443],[154313.58,167280.86500035],[154313.23008714,167277.41948745],[154315.7341048,167277.39259617],[154317.04096864,167277.32829158],[154318.01783577,167277.23193441],[154318.50918491,167277.09354058],[154319.00893077,167276.85870714],[154319.79121459,167276.31475549],[154320.22003788,167275.8326884],[154320.5667019,167275.34625069],[154320.7781969,167274.97000587],[154320.91538654,167274.49829984],[154320.974246,167273.81886519],[154320.94252203,167273.26834786],[154320.86537439,167272.6706726],[154324.92716675,167272.86908981],[154325.06784208,167273.60768607],[154325.33618459,167274.59139348],[154325.83983954,167275.63590582],[154326.16509982,167276.13156285],[154326.52889029,167276.54265645],[154326.83326551,167276.76295906],[154327.22904357,167276.8911881],[154327.8048376,167276.95299581],[154328.3385085,167276.97095819],[154332.02833315,167276.86238661]]]},"geometry_name":"GEOM","properties":{"INSPIRE_ID":"https://databrussels.be/id/streetsurface/26393","TYPE":"I","STREET_ID":"https://databrussels.be/id/streetname/1131","STRNAMEFRE":"Chaussée de Wavre","STRNAMEDUT":"Waversesteenweg","MUNNISCODE":"21002","HIERARCHY":"IDR","LVL":0,"ADMIN":"REGION_RBC","AREA":158},"bbox":[154313.23008714,167272.6706726,154332.02833315,167284.84458965]},{"type":"Feature","id":"StreetSurfaces.fid--24aa7d09_1a031580c5b_-5b35","geometry":{"type":"Polygon","coordinates":[[[154240.903,167289.57000035],[154236.87415112,167290.49880983],[154235.90721317,167287.24087085],[154238.4,167286.54000035],[154245.75,167284.86000035],[154253.2,167283.53000035],[154260.67,167282.43000035],[154263.95,167282.02000035],[154267.24,167281.65000035],[154270.52,167281.28000035],[154302.42,167277.75000035],[154306.47,167277.52000035],[154311.32,167277.44000035],[154313.23008714,167277.41948745],[154313.79086033,167282.94129443],[154311.86261596,167283.05595749],[154310.75784352,167285.02434324],[154308.51,167285.17000036],[154299.4,167286.22000035],[154285.07,167288.29000035],[154269.84,167290.56000035],[154267.44564442,167288.58938822],[154255.32465152,167290.61475453],[154254.01478881,167290.84721448],[154253.00996094,167291.08781679],[154239.72,167295.38000035],[154238.4192135,167295.70674592],[154237.33485618,167292.05125562],[154241.095,167290.70000036],[154240.903,167289.57000035]]]},"geometry_name":"GEOM","properties":{"INSPIRE_ID":"https://databrussels.be/id/streetsurface/2698","TYPE":"S","STREET_ID":"https://databrussels.be/id/streetname/1131","STRNAMEFRE":"Chaussée de Wavre","STRNAMEDUT":"Waversesteenweg","MUNNISCODE":"21002","HIERARCHY":"IDR","LVL":0,"ADMIN":"REGION_RBC","AREA":616},"bbox":[154235.90721317,167277.41948745,154313.79086033,167295.70674592]},{"type":"Feature","id":"StreetSurfaces.fid--24aa7d09_1a031580c5b_-5ace","geometry":{"type":"Polygon","coordinates":[[[154141.548,167329.69100035],[154140.9142709,167329.70849594],[154138.882,167324.32000035],[154135.30152967,167314.56448113],[154149.539,167309.53300035],[154157.538,167312.22500035],[154159.89290462,167311.53825267],[154160.605,167314.05800035],[154162.1086011,167319.37670874],[154161.353,167319.61100035],[154160.984,167319.82900035],[154160.618,167320.08100035],[154160.27,167320.35600035],[154159.943,167320.65600035],[154159.638,167320.97800035],[154159.355,167321.32000035],[154159.097,167321.68100035],[154158.865,167322.05900035],[154158.66,167322.45200035],[154158.483,167322.85900035],[154158.335,167323.27700035],[154158.216,167323.70400035],[154158.127,167324.13900035],[154158.069,167324.57900035],[154158.041,167325.02200035],[154158.045,167325.46500036],[154158.079,167325.90700035],[154158.145,167326.34600035],[154158.24,167326.77900035],[154158.366,167327.20500035],[154160.029,167332.92200035],[154161.459,167332.38900035],[154162.26,167334.59000035],[154162.30309156,167334.70999695],[154152.64732871,167338.15450222],[154150.59,167332.91000035],[154150.4,167332.61000035],[154150.2,167332.32000035],[154149.98,167332.04000036],[154149.56,167331.66000035],[154149.08,167331.34000035],[154148.57,167331.04000035],[154147.77,167330.64000035],[154146.92,167330.31000035],[154146.05,167330.07000035],[154145.28,167329.93000035],[154144.5,167329.84000035],[154143.71,167329.83000035],[154141.548,167329.69100035]]]},"geometry_name":"GEOM","properties":{"INSPIRE_ID":"https://databrussels.be/id/streetsurface/2908","TYPE":"I","STREET_ID":"https://databrussels.be/id/streetname/1131","STRNAMEFRE":"Chaussée de Wavre","STRNAMEDUT":"Waversesteenweg","MUNNISCODE":"21002","HIERARCHY":"IDR","LVL":0,"ADMIN":"REGION_RBC","AREA":474},"bbox":[154135.30152967,167309.53300035,154162.30309156,167338.15450222]},{"type":"Feature","id":"StreetSurfaces.fid--24aa7d09_1a031580c5b_-5af7","geometry":{"type":"Polygon","coordinates":[[[154240.903,167289.57000035],[154241.095,167290.70000036],[154233.501,167293.42900035],[154230.685,167294.53800035],[154226.974,167295.51900035],[154226.313,167293.40700035],[154230.046,167292.36300035],[154232.861,167291.42400035],[154240.903,167289.57000035]]]},"geometry_name":"GEOM","properties":{"INSPIRE_ID":"https://databrussels.be/id/streetsurface/29834","TYPE":"M","STREET_ID":"https://databrussels.be/id/streetname/1131","STRNAMEFRE":"Chaussée de Wavre","STRNAMEDUT":"Waversesteenweg","MUNNISCODE":"21002","HIERARCHY":"IDR","LVL":0,"ADMIN":"REGION_RBC","AREA":28},"bbox":[154226.313,167289.57000035,154241.095,167295.51900035]},{"type":"Feature","id":"StreetSurfaces.fid--24aa7d09_1a031580c5b_-5ac9","geometry":{"type":"Polygon","coordinates":[[[154201.32624364,167098.81995905],[154196.47,167114.09000035],[154196.2142772,167114.94602159],[154189.7790481,167112.50717025],[154189.965,167111.91200035],[154190.18367056,167111.04004602],[154190.282354,167110.14652335],[154190.21355743,167109.22667176],[154189.936,167108.34700035],[154189.26427678,167107.34084923],[154188.2821921,167106.51103257],[154187.265,167106.01600035],[154186.8793627,167105.87694456],[154188.52075518,167100.7596883],[154189.86,167101.12400035],[154191.31091141,167100.78279684],[154192.621,167100.07200035],[154193.38466293,167099.44012845],[154194.00364372,167098.6659799],[154194.452,167097.78200035],[154194.76483262,167096.81333916],[154197.742,167097.68400036],[154201.32624364,167098.81995905]]]},"geometry_name":"GEOM","properties":{"INSPIRE_ID":"https://databrussels.be/id/streetsurface/30609","TYPE":"I","STREET_ID":"https://databrussels.be/id/streetname/2398","STRNAMEFRE":"Rue Jacques Bassem","STRNAMEDUT":"Jacques Bassemstraat","MUNNISCODE":"21002","HIERARCHY":"DR","LVL":0,"ADMIN":"MUN_RBC","AREA":150},"bbox":[154186.8793627,167096.81333916,154201.32624364,167114.94602159]},{"type":"Feature","id":"StreetSurfaces.fid--24aa7d09_1a031580c5b_-5b48","geometry":{"type":"Polygon","coordinates":[[[154403.75202732,167539.04177649],[154401.226,167538.50700035],[154398.29173939,167537.88565197],[154398.44,167537.57000035],[154398.89,167536.47000035],[154399.48,167534.61000035],[154400.38,167531.02000035],[154401.39,167528.15000035],[154402.18,167526.10000035],[154402.99,167524.07000035],[154403.84,167522.39000035],[154404.485,167521.18600035],[154404.854,167520.59900035],[154405.341,167520.10600035],[154407.654,167518.22500035],[154410.655,167515.77500035],[154414.504,167512.63500035],[154418.585,167509.31500035],[154421.476,167506.95400035],[154424.595,167504.40500035],[154428.985,167500.83500035],[154432.645,167497.84500035],[154436.374,167494.80600035],[154440.295,167491.61500035],[154444.245,167488.38500035],[154448.694,167484.76600035],[154453.075,167481.19500035],[154457.37,167477.80000035],[154457.86,167477.39000035],[154464.60223037,167471.71644364],[154469.92295842,167467.31005014],[154470.14086207,167467.15705092],[154470.33585899,167466.97575844],[154470.50430391,167466.76956176],[154470.64304794,167466.54231552],[154470.7494974,167466.29826783],[154470.82166233,167466.04198091],[154470.85882229,167465.76885054],[154470.85704546,167465.49320964],[154470.81636745,167465.22058103],[154470.7376033,167464.95642715],[154469.43733279,167462.64445355],[154469.24590483,167462.43532716],[154461.66514339,167454.03040133],[154454.49847288,167446.07580019],[154451.90922632,167443.19028624],[154451.06429388,167442.23400841],[154450.19963531,167441.29552895],[154449.31562545,167440.37525471],[154448.41264751,167439.47358461],[154445.50545299,167436.82810321],[154444.51268956,167435.97291992],[154443.61567922,167435.19063346],[154440.89996507,167432.87243263],[154432.88146882,167426.63981199],[154427.24555606,167422.26579411],[154419.92669844,167416.56033984],[154413.80901506,167411.80742853],[154402.68183424,167403.1594373],[154390.61444236,167393.66364494],[154387.71572578,167391.34642113],[154386.76761614,167390.55177853],[154385.75054082,167389.66930261],[154384.74171632,167388.77740627],[154383.74122988,167387.87616667],[154382.74916803,167386.96566173],[154381.96064592,167386.2457759],[154381.17699537,167385.52059004],[154379.62445123,167384.0544503],[154378.10647418,167382.56981841],[154377.35940511,167381.8154868],[154376.62039516,167381.05325805],[154375.66823881,167380.03179695],[154374.73157054,167378.99611503],[154373.81060274,167377.94644708],[154372.9055442,167376.88303111],[154371.95300897,167375.74508213],[154371.01980484,167374.59122715],[154370.10619738,167373.42179453],[154369.21244657,167372.23711705],[154368.61444627,167371.41073868],[154368.02745622,167370.57650354],[154367.45157965,167369.73455833],[154366.8869178,167368.88505108],[154366.63189703,167368.42753438],[154366.38101577,167367.9211544],[154366.20197215,167367.51481663],[154366.06129043,167367.16082828],[154365.97048283,167366.91166897],[154365.83561583,167366.50262976],[154365.71577959,167366.08586052],[154365.60739824,167365.64370501],[154365.56327933,167365.43742181],[154365.53062406,167365.27099056],[154365.51082163,167365.16296465],[154365.45915882,167364.8471499],[154365.43040985,167363.72296171],[154365.46093877,167362.59882046],[154365.55066076,167361.47784966],[154365.69932653,167360.36316403],[154365.88101681,167359.35944847],[154366.11296809,167358.36614343],[154366.39459302,167357.38576408],[154366.72517852,167356.42079283],[154366.95116344,167355.84130816],[154367.19741356,167355.27014045],[154367.46362345,167354.70799816],[154367.74946292,167354.15557851],[154367.9139199,167353.82960728],[154368.09524241,167353.51270747],[154368.29293158,167353.20575091],[154368.50644357,167352.90958209],[154368.78100858,167352.61828323],[154369.0806798,167352.35288141],[154369.40302423,167352.11553138],[154369.74542479,167351.90816017],[154376.37956344,167348.31270957],[154381.53853897,167345.44152625],[154384.46881681,167343.85675877],[154389.03784737,167341.40048862],[154404.38870039,167333.06379097],[154415.30760906,167327.07562602],[154427.31857888,167320.41756561],[154436.6151499,167315.37151941],[154444.00609218,167311.2850879],[154447.36807748,167317.11870888],[154440.7775503,167320.72925668],[154416.55970638,167333.95888809],[154402.11696814,167341.88357488],[154383.94381142,167351.88894347],[154377.8179122,167355.36338724],[154377.14561976,167355.79807309],[154376.51194304,167356.28734063],[154375.92130179,167356.82777733],[154375.37781561,167357.41561377],[154374.88527518,167358.04674992],[154374.44711587,167358.71678375],[154374.06113676,167359.41614341],[154373.73717569,167360.14630301],[154373.47766708,167360.90177576],[154373.284561,167361.67688469],[154373.15930853,167362.46580524],[154373.10285089,167363.26260907],[154373.13213138,167364.15032875],[154373.25001899,167365.03067305],[154373.45533237,167365.89482002],[154373.74601408,167366.73411003],[154374.11915118,167367.54013254],[154374.57100446,167368.30481037],[154375.45189178,167369.45505338],[154376.34820313,167370.59331847],[154377.25977567,167371.71939882],[154378.18644377,167372.83308984],[154379.12034373,167373.93366279],[154380.0716836,167375.01919602],[154381.04022121,167376.08941321],[154382.02571002,167377.14404194],[154382.91476145,167378.04462163],[154383.81455585,167378.93446783],[154384.88284126,167379.99273863],[154390.07811913,167384.68598681],[154396.04164308,167389.42439109],[154403.63274167,167395.35923873],[154413.06474139,167402.62361732],[154418.66932466,167406.99822628],[154425.68309653,167412.4518284],[154430.0435981,167415.80792854],[154439.34469644,167423.04764008],[154446.49701649,167428.70185167],[154447.56799597,167429.55683079],[154448.61964632,167430.43547627],[154449.65144469,167431.33735126],[154450.66287806,167432.26200735],[154451.4854052,167433.0453421],[154452.29331531,167433.84374392],[154453.08633244,167434.65694013],[154453.86418572,167435.48465294],[154456.90666463,167438.79963635],[154467.33521523,167450.3772031],[154478.75888123,167463.1216741],[154480.63227447,167464.95572159],[154475.03896681,167469.60335425],[154471.7385195,167472.3449717],[154467.75630394,167475.56763199],[154453.38,167487.45000035],[154441.19,167497.45000035],[154430.54,167506.22000035],[154419.61,167515.18000035],[154411.14,167521.86000035],[154409.58,167523.16000035],[154408.56,167524.41000035],[154408.09,167525.33000035],[154407.37,167527.05000035],[154406.06,167530.95000035],[154404.78,167535.39000035],[154404.25,167537.89000035],[154403.75202732,167539.04177649]]]},"geometry_name":"GEOM","properties":{"INSPIRE_ID":"https://databrussels.be/id/streetsurface/30613","TYPE":"S","STREET_ID":"https://databrussels.be/id/streetname/311","STRNAMEFRE":"Rue du Villageois","STRNAMEDUT":"Dorpelingstraat","MUNNISCODE":"21002","HIERARCHY":"DR","LVL":0,"ADMIN":"MUN_RBC","AREA":2193},"bbox":[154365.43040985,167311.2850879,154480.63227447,167539.04177649]},{"type":"Feature","id":"StreetSurfaces.fid--24aa7d09_1a031580c5b_-5ac6","geometry":{"type":"Polygon","coordinates":[[[154201.32624364,167098.81995905],[154197.742,167097.68400036],[154194.76483262,167096.81333916],[154194.86496885,167096.50327531],[154197.466,167088.16400035],[154199.25117095,167082.46680134],[154201.70911961,167074.60975509],[154207.19,167057.10000035],[154213.098,167038.21400035],[154217.60868558,167023.81410757],[154220.695,167024.83700035],[154224.03065148,167025.89380038],[154224,167025.99000036],[154213.77,167060.05000036],[154203.81,167091.01000035],[154201.32624364,167098.81995905]]]},"geometry_name":"GEOM","properties":{"INSPIRE_ID":"https://databrussels.be/id/streetsurface/30616","TYPE":"S","STREET_ID":"https://databrussels.be/id/streetname/2398","STRNAMEFRE":"Rue Jacques Bassem","STRNAMEDUT":"Jacques Bassemstraat","MUNNISCODE":"21002","HIERARCHY":"DR","LVL":0,"ADMIN":"MUN_RBC","AREA":533},"bbox":[154194.76483262,167023.81410757,154224.03065148,167098.81995905]},{"type":"Feature","id":"StreetSurfaces.fid--24aa7d09_1a031580c5b_-5b0b","geometry":{"type":"Polygon","coordinates":[[[154181.81095176,167162.73709778],[154174.75841705,167160.4902135],[154175.011,167159.98200035],[154176.56141758,167154.95709922],[154177.10875443,167153.18322686],[154178.872,167147.47400035],[154183.82662082,167131.477285],[154184.558,167129.21800036],[154189.5891407,167113.11500035],[154189.7790481,167112.50717025],[154196.2142772,167114.94602159],[154187.03,167145.69000035],[154181.81095176,167162.73709778]]]},"geometry_name":"GEOM","properties":{"INSPIRE_ID":"https://databrussels.be/id/streetsurface/30620","TYPE":"S","STREET_ID":"https://databrussels.be/id/streetname/2398","STRNAMEFRE":"Rue Jacques Bassem","STRNAMEDUT":"Jacques Bassemstraat","MUNNISCODE":"21002","HIERARCHY":"DR","LVL":0,"ADMIN":"MUN_RBC","AREA":358},"bbox":[154174.75841705,167112.50717025,154196.2142772,167162.73709778]},{"type":"Feature","id":"StreetSurfaces.fid--24aa7d09_1a031580c5b_-5b16","geometry":{"type":"Polygon","coordinates":[[[154014.0061935,167293.55682912],[154014.87699298,167300.06814772],[154013.715,167301.46800035],[154010.848,167301.81900035],[154010.07220541,167301.90356806],[154008.49090434,167302.0371576],[154007.686,167302.08900035],[154003.672,167302.30400035],[154000,167302.28000035],[153994.899,167301.98100035],[153994.797,167301.16200035],[153994.4,167301.12000035],[153988.49,167300.26000035],[153982.57,167299.40000035],[153976.65,167298.55000035],[153969.55,167297.56000035],[153962.44,167296.58000036],[153955.33,167295.61000036],[153948.29,167294.64000035],[153941.25,167293.68000035],[153934.21,167292.75000035],[153931.1,167292.38000035],[153927.99,167292.02000035],[153924.88,167291.60000035],[153922.87,167291.29000035],[153920.87,167290.96000035],[153918.87,167290.59000036],[153917.07,167290.22000035],[153915.28,167289.81000035],[153913.5,167289.40000035],[153910.68,167288.78000035],[153909.28,167288.44000035],[153907.98,167288.09000035],[153906.69,167287.71000035],[153905.4,167287.30000035],[153903.8,167286.72000035],[153902.22,167286.08000036],[153900.65,167285.42000035],[153899.36,167284.86000035],[153898.07,167284.29000035],[153896.79,167283.71000035],[153894.12,167282.49000035],[153888.8,167279.99000035],[153884.53,167278.02000035],[153880.26,167276.07000035],[153875.98,167274.12000035],[153871.61,167272.16000035],[153867.24,167270.21000035],[153862.89,167268.23000035],[153858.36,167266.10000035],[153853.86,167263.94000035],[153849.39,167261.72000035],[153845.58,167259.72000035],[153841.8,167257.67000035],[153838,167255.64000035],[153833.79,167253.47000035],[153829.57,167251.32000035],[153825.34,167249.17000035],[153814.52,167243.38000036],[153797.78,167234.53000035],[153754.41,167211.38000035],[153740.62,167203.90000036],[153718.93,167192.33000035],[153695.84,167180.13000035],[153674.46,167168.79000035],[153653.96,167157.78000035],[153652.51,167157.05000035],[153651.06,167156.31000035],[153649.62,167155.57000035],[153648.1,167154.76000035],[153646.58,167153.93000035],[153645.07,167153.10000035],[153642.18,167151.51000035],[153639.3,167149.91000036],[153636.42,167148.32000035],[153634.5,167147.28000035],[153632.58,167146.23000035],[153630.66,167145.19000036],[153626.38,167142.91000035],[153622.08,167140.64000035],[153617.78,167138.38000035],[153582.207,167119.27200035],[153580.027,167118.09800035],[153579.737,167117.94800035],[153580.64,167116.17100035],[153579.034,167115.30700036],[153576.928,167115.23500035],[153573.56,167113.46500035],[153572.689,167113.01700036],[153571.632,167112.46600036],[153567.47773319,167110.28513377],[153573.39921101,167106.35475972],[153573.54973443,167106.52783023],[153574.838,167107.42100035],[153575.63,167107.84800036],[153577.253,167108.72600035],[153584.546,167112.58900035],[153616.48,167129.72000035],[153628.31,167136.10000035],[153642.5,167143.64000035],[153658.63,167152.11000036],[153668.59,167157.57000035],[153678.48,167162.59000035],[153689.56,167168.55000035],[153708.23,167178.80000035],[153732.78,167191.76000035],[153752.19,167202.00000035],[153773.98,167213.81000036],[153803.47,167229.49000035],[153821.42,167238.93000035],[153839.44,167248.31000035],[153849.06,167253.53000035],[153850.56,167254.33000035],[153852.06,167255.14000035],[153853.56,167255.92000035],[153855.51,167256.89000035],[153857.46,167257.84000035],[153859.42,167258.78000035],[153868.85,167263.21000035],[153878.34,167267.50000035],[153887.84,167271.77000035],[153891.33,167273.31000035],[153894.83,167274.86000035],[153898.31,167276.44000035],[153900.01,167277.27000035],[153901.71,167278.11000035],[153903.43,167278.91000035],[153905.14,167279.66000035],[153906.86,167280.37000035],[153908.61,167281.01000035],[153910.08,167281.45000035],[153911.56,167281.84000035],[153913.06,167282.20000035],[153914.4,167282.51000035],[153915.75,167282.80000035],[153917.11,167283.08000035],[153919.73,167283.56000035],[153922.36,167283.99000035],[153924.99,167284.39000035],[153928.64,167284.92000035],[153935.94,167285.90000035],[153941.62,167286.69000035],[153947.3,167287.49000035],[153952.99,167288.29000035],[153961.55,167289.45000035],[153970.12,167290.59000036],[153978.68,167291.77000035],[153982.52,167292.33000035],[153986.37,167292.90000035],[153990.22,167293.41000035],[153992.12,167293.63000035],[153994.03,167293.83000035],[153995.93,167294.02000035],[153997.49,167294.17000035],[153999.04,167294.31000035],[154000,167294.37000035],[154000.6,167294.41000035],[154001.83,167294.45000035],[154003.06,167294.48000035],[154004.28,167294.47000035],[154005.49,167294.41000035],[154006.324,167294.37800035],[154008.818,167294.16300035],[154011.891,167293.84500035],[154014.0061935,167293.55682912]]]},"geometry_name":"GEOM","properties":{"INSPIRE_ID":"https://databrussels.be/id/streetsurface/30627","TYPE":"S","STREET_ID":"https://databrussels.be/id/streetname/2382","STRNAMEFRE":"Rue de la Vignette","STRNAMEDUT":"Kleine Wijngaardstraat","MUNNISCODE":"21002","HIERARCHY":"DR","LVL":0,"ADMIN":"MUN_RBC","AREA":3456},"bbox":[153567.47773319,167106.35475972,154014.87699298,167302.30400035]},{"type":"Feature","id":"StreetSurfaces.fid--24aa7d09_1a031580c5b_-5b45","geometry":{"type":"Polygon","coordinates":[[[154470.9028071,167321.91230664],[154473.29416934,167326.39089697],[154478.02,167335.35000035],[154484.38,167346.29000035],[154490.17,167355.09000035],[154494.64,167361.33000035],[154500.95,167369.79000035],[154505.75,167376.13000035],[154510.44,167382.65000035],[154520.25,167395.90000035],[154528.06,167406.52000035],[154535.29,167416.41000035],[154544.46,167428.87000035],[154551.23,167438.13000035],[154553.32,167440.94000036],[154554.12,167441.71000035],[154555.13,167442.27000035],[154556.21,167442.68000035],[154557.39,167442.84000035],[154558.96,167442.86000035],[154560.4,167442.61000035],[154562.04,167442.11000035],[154570.4,167439.22000035],[154580.6,167435.63000035],[154588.45,167433.00000035],[154597.62,167429.82000035],[154603.33298839,167427.62197391],[154604.55,167431.16400035],[154605.7200909,167434.57143164],[154599.46,167436.80000035],[154587.65,167440.80000035],[154583.13,167442.33000035],[154576.11,167444.70000035],[154574.76,167445.29000035],[154573.93,167445.74000035],[154573.19,167446.14000035],[154572.39,167446.90000035],[154570.3,167449.25000035],[154568.53,167451.24000035],[154567.78,167451.83000035],[154567.12,167452.24000035],[154565.97,167452.79000035],[154560.62,167454.79000035],[154557.15,167456.04000035],[154555.23,167456.60000035],[154554.21,167456.70000035],[154552.86,167456.53000035],[154551.67,167456.20000035],[154550.61,167455.67000035],[154549.67,167455.04000035],[154549.17,167454.63000035],[154548.32,167453.68000035],[154544.25,167448.23000035],[154542.02,167445.25000035],[154541.42,167444.18000035],[154541.11,167443.33000035],[154540.73,167442.40000035],[154540.57,167441.13000035],[154540.44,167439.71000035],[154540.37,167438.17000035],[154540.14,167436.70000035],[154539.73,167435.26000035],[154539.21,167434.02000035],[154538.16,167432.40000035],[154532.55,167424.98000035],[154525.37,167414.99000035],[154515.04,167400.88000035],[154503.5,167385.34000035],[154497.71,167377.60000035],[154492.57,167370.29000035],[154481.36,167354.86000035],[154477.85,167349.32000035],[154475.21,167344.91000035],[154472.15,167339.55000035],[154467.61213135,167330.56590597],[154464.74451866,167325.18371681],[154470.9028071,167321.91230664]]]},"geometry_name":"GEOM","properties":{"INSPIRE_ID":"https://databrussels.be/id/streetsurface/30805","TYPE":"S","STREET_ID":"https://databrussels.be/id/streetname/3499","STRNAMEFRE":"Avenue Louis Vercauteren","STRNAMEDUT":"Louis Vercauterenlaan","MUNNISCODE":"21002","HIERARCHY":"DR","LVL":0,"ADMIN":"MUN_RBC","AREA":1641},"bbox":[154464.74451866,167321.91230664,154605.7200909,167456.70000035]},{"type":"Feature","id":"StreetSurfaces.fid--24aa7d09_1a031580c5b_-5b30","geometry":{"type":"Polygon","coordinates":[[[154324.92716675,167272.86908981],[154320.86537439,167272.6706726],[154320.80698199,167272.21829714],[154320.45660314,167271.3516119],[154318.52,167267.77000035],[154307.13,167243.66000036],[154298.32,167224.72000035],[154297.88,167224.06000035],[154297.45,167223.40000035],[154296.97,167222.78000035],[154296.07,167221.88000035],[154295.06,167221.09000035],[154294,167220.36000036],[154293.02,167219.79000035],[154292.01,167219.27000035],[154291,167218.76000035],[154289.56,167218.04000035],[154289.27,167217.90000035],[154288.1,167217.33000035],[154286.65,167216.62000036],[154284.36,167215.70000035],[154280.66,167213.55000036],[154278.72,167211.38000036],[154277.04,167208.24000035],[154276.15,167205.63000035],[154275.32,167202.05000035],[154275.05,167196.26000035],[154275.02,167194.08000035],[154274.96,167189.74000035],[154274.78,167180.85000035],[154274.56,167171.96000035],[154274.33,167163.07000035],[154274.27,167160.13000035],[154274.34,167158.67000035],[154274.56,167156.91000035],[154274.91,167155.16000035],[154275.42,167153.48000035],[154276.49,167151.20000035],[154277.88,167149.05000036],[154279.48,167147.10000035],[154281.7,167145.03000035],[154284.24,167143.25000035],[154286.9,167141.69000035],[154288.13,167141.03000035],[154289.38,167140.43000035],[154290.65,167139.86000036],[154293.19,167138.86000035],[154295.8,167138.02000035],[154298.46,167137.43000035],[154300.53,167137.22000035],[154302.64,167137.15000035],[154304.75,167137.09000035],[154330.59,167136.56000035],[154332.04,167136.65000035],[154333.49,167136.75000035],[154334.92,167136.95000035],[154336.32,167137.33000035],[154337.69,167137.81000035],[154339.04,167138.36000035],[154340.2,167138.88000035],[154341.35,167139.46000035],[154342.46,167140.09000036],[154344.01,167141.14000035],[154345.48,167142.32000035],[154346.83,167143.61000035],[154347.75,167144.74000036],[154348.6,167145.93000035],[154349.44,167147.13000035],[154371.29,167182.47000035],[154397.5,167225.23000035],[154397.88,167225.55000035],[154398.27,167225.88000035],[154398.69,167226.11000035],[154399.06,167226.21000035],[154399.45,167226.25000035],[154399.83,167226.22000035],[154400.3,167226.06000035],[154400.75,167225.79000035],[154401.2,167225.51000035],[154408.19,167221.31000035],[154408.74,167221.13000035],[154409.24,167221.00000035],[154409.57,167221.04000035],[154409.92,167221.43000035],[154412.27,167225.26000035],[154412.49,167225.87000035],[154412.6,167226.30000035],[154412.55,167226.75000035],[154412.36,167227.16000035],[154411.93,167227.61000035],[154404.35,167232.04000035],[154404.02,167232.34000036],[154403.69,167232.63000036],[154403.46,167232.97000035],[154403.39,167233.36000035],[154403.41,167233.79000035],[154403.48,167234.21000035],[154403.64,167234.77000035],[154403.89,167235.30000035],[154404.14,167235.84000035],[154408.92,167243.42000035],[154410.88,167246.58000035],[154407.57,167248.71000035],[154401.05,167238.35000035],[154382.79,167208.70000035],[154361.14,167173.49000035],[154360.99,167173.34000035],[154360.67,167173.06000035],[154360.31,167172.84000035],[154359.92,167172.66000036],[154359.53,167172.47000036],[154359.36,167172.40000035],[154359.19,167172.32000035],[154359.03,167172.23000035],[154358.82,167171.99000035],[154358.65,167171.70000035],[154358.48,167171.42000035],[154346.68,167152.21000035],[154344.25,167148.53000035],[154343.64,167147.82000035],[154343.02,167147.10000036],[154342.37,167146.43000035],[154341.37,167145.56000035],[154340.31,167144.76000035],[154339.19,167144.06000035],[154337.76,167143.31000035],[154336.26,167142.69000035],[154334.88,167142.27000036],[154334.71,167142.22000035],[154333.26,167141.94000035],[154331.78,167141.79000035],[154330.29,167141.72000035],[154329.17,167141.71000035],[154328.52,167141.73000035],[154328.05,167141.75000036],[154326.93,167141.78000035],[154325.59,167141.80000035],[154324.12,167141.83000035],[154313.54,167141.99000035],[154302.45,167142.24000035],[154301.08,167142.28000035],[154300.54,167142.33000035],[154300,167142.39000036],[154299.47,167142.46000035],[154298.72,167142.58000035],[154297.97,167142.72000035],[154297.24,167142.88000035],[154295.98,167143.25000035],[154294.78,167143.68000035],[154293.53,167144.17000035],[154293.32,167144.26000035],[154293.12,167144.34000035],[154292.71,167144.51000035],[154292.3,167144.70000035],[154291.28,167145.23000035],[154289.3,167146.41000035],[154286.32,167147.98000035],[154285.35,167148.50000036],[154284.8,167148.97000035],[154284.26,167149.44000035],[154283.74,167149.94000035],[154282.74,167151.07000035],[154281.84,167152.30000035],[154281.74,167152.45000035],[154281.05,167153.59000035],[154280.46,167154.75000035],[154279.95,167155.95000036],[154279.58,167157.20000035],[154279.44,167158.06000035],[154279.37,167158.95000036],[154279.29,167159.83000035],[154279.22,167162.62000035],[154279.79,167181.82000035],[154279.98,167196.08000035],[154280.02,167199.59000035],[154280.18,167200.67000035],[154280.33,167201.76000035],[154280.53,167202.83000035],[154280.83,167204.13000035],[154281.2,167205.41000035],[154281.69,167206.63000035],[154282.43,167207.93000035],[154283.34,167209.14000035],[154284.38,167210.18000035],[154285.74,167211.00000035],[154287.28,167211.61000035],[154288.81,167212.22000035],[154289.91,167212.73000035],[154292.11,167213.77000035],[154293.25,167214.37000035],[154294.39,167214.96000035],[154295.51,167215.60000035],[154296.97,167216.48000035],[154298.39,167217.42000035],[154299.68,167218.50000035],[154300.57,167219.46000035],[154301.38,167220.50000035],[154302.11,167221.59000035],[154302.49,167222.27000035],[154302.85,167222.96000035],[154303.21,167223.66000035],[154311.08,167240.44000035],[154319.78,167258.81000035],[154324.513,167268.62700035],[154324.66156633,167270.97018242],[154324.8438039,167272.43140482],[154324.92716675,167272.86908981]]]},"geometry_name":"GEOM","properties":{"INSPIRE_ID":"https://databrussels.be/id/streetsurface/31175","TYPE":"S","STREET_ID":"https://databrussels.be/id/streetname/2505","STRNAMEFRE":"Clos du Bergoje","STRNAMEDUT":"Bergage","MUNNISCODE":"21002","HIERARCHY":"DR","LVL":0,"ADMIN":"MUN_RBC","AREA":1644},"bbox":[154274.27,167136.56000035,154412.6,167272.86908981]},{"type":"Feature","id":"StreetSurfaces.fid--24aa7d09_1a031580c5b_-5ada","geometry":{"type":"Polygon","coordinates":[[[154049.79,167160.83700035],[154051.227,167152.02000035],[154051.58431901,167151.97630708],[154051.902,167151.80700035],[154052.1201646,167151.55479891],[154052.233,167151.24100035],[154052.776495,167148.34432936],[154053.377,167148.45700035],[154059.65541934,167147.22351519],[154059.591,167147.96700035],[154059.49830518,167148.7155508],[154059.377,167149.46000035],[154058.975,167151.43400035],[154058.76116304,167152.44029271],[154058.54,167153.44500035],[154058.732,167153.55200035],[154062.86735735,167153.78922043],[154060.15125818,167160.66496299],[154056.917,167160.43600035],[154056.66519919,167161.43636774],[154056.399,167162.43300035],[154056.13619088,167163.36294345],[154056.08773693,167163.52540758],[154049.79,167160.83700035]]]},"geometry_name":"GEOM","properties":{"INSPIRE_ID":"https://databrussels.be/id/streetsurface/32152","TYPE":"I","STREET_ID":"https://databrussels.be/id/streetname/1838","STRNAMEFRE":"Boulevard du Souverain","STRNAMEDUT":"Vorstlaan","MUNNISCODE":"21002","HIERARCHY":"MER","LVL":0,"ADMIN":"REGION_RBC","AREA":129},"bbox":[154049.79,167147.22351519,154062.86735735,167163.52540758]},{"type":"Feature","id":"StreetSurfaces.fid--24aa7d09_1a031580c5b_-5b4d","geometry":{"type":"Polygon","coordinates":[[[154310.63140445,167287.7042916],[154314.2,167286.97],[154322.4,167301.47],[154328.52,167311.53],[154332.641,167318.924],[154339.35,167328.252],[154344.18,167334.93],[154346.756,167338.277],[154350.41245916,167343.19186264],[154356.03,167350.62],[154360.81396188,167357.11184898],[154358.3,167359.92],[154329.1821956,167321.63781738],[154329.85980894,167321.18155656],[154327.41160529,167317.08009594],[154324.85884496,167312.80347214],[154319.72,167303.8],[154313.97095344,167293.86514086],[154310.63140445,167287.7042916]]]},"geometry_name":"GEOM","properties":{"INSPIRE_ID":"https://databrussels.be/id/streetsurface/37962","TYPE":"S","STREET_ID":"https://databrussels.be/id/streetname/3515","STRNAMEFRE":"Montagne de Sable","STRNAMEDUT":"Zavelberg","MUNNISCODE":"21002","HIERARCHY":"DR","LVL":0,"ADMIN":"MUN_RBC","AREA":325},"bbox":[154310.63140445,167286.97,154360.81396188,167359.92]},{"type":"Feature","id":"StreetSurfaces.fid--24aa7d09_1a031580c5b_-5b06","geometry":{"type":"Polygon","coordinates":[[[154223.403,167288.826],[154219.136,167290.012],[154212.856,167291.738],[154211.756,167291.891],[154210.653,167291.761],[154209.62,167291.354],[154208.723,167290.699],[154208.023,167289.838],[154207.563,167288.827],[154204.64,167280.83],[154202.46,167271.76],[154201.22,167266.07],[154197.32,167247.75],[154194.889,167237.31],[154239.911,167227.361],[154246.148,167231.16],[154252.133,167257.458],[154247.98,167263.746],[154221.875,167269.57],[154218.443,167267.377],[154210.903,167279.1],[154222.701,167286.685],[154223.403,167288.826]]]},"geometry_name":"GEOM","properties":{"INSPIRE_ID":"https://databrussels.be/id/streetsurface/38555","TYPE":"P","STREET_ID":"https://databrussels.be/id/streetname/5208","STRNAMEFRE":"Place Communale d'Auderghem","STRNAMEDUT":"Gemeenteplein van Oudergem","MUNNISCODE":"21002","HIERARCHY":"DR","LVL":0,"ADMIN":"MUN_RBC","AREA":2096},"bbox":[154194.889,167227.361,154252.133,167291.891]},{"type":"Feature","id":"StreetSurfaces.fid--24aa7d09_1a031580c5b_-5b43","geometry":{"type":"Polygon","coordinates":[[[154354.57,167415.8],[154333.94,167443.33],[154318.247,167462.607],[154313.11,167458.04],[154307.09,167452.45],[154316.9,167441.08],[154322.045,167434.411],[154328.433,167439.34],[154336.21,167429.75],[154349.9,167413.23],[154360.93,167399.68],[154369.989,167389.082],[154368.987,167387.991],[154375.47,167382.16],[154377.87052857,167384.61674556],[154376.741,167385.423],[154373.19,167390.14],[154373.83,167390.681],[154372.13,167392.86],[154367.28,167398.76],[154360.33,167408.21],[154355.548,167414.244],[154373.494,167429.349],[154372.43,167430.97],[154367.15,167427.2],[154361.03,167421.42],[154354.57,167415.8]]]},"geometry_name":"GEOM","properties":{"INSPIRE_ID":"https://databrussels.be/id/streetsurface/38585","TYPE":"S","STREET_ID":"https://databrussels.be/id/streetname/1842","STRNAMEFRE":"Rue du Verger","STRNAMEDUT":"Boomgaardstraat","MUNNISCODE":"21002","HIERARCHY":"DR","LVL":0,"ADMIN":"MUN_RBC","AREA":790},"bbox":[154307.09,167382.16,154377.87052857,167462.607]},{"type":"Feature","id":"StreetSurfaces.fid--24aa7d09_1a031580c5b_-5b42","geometry":{"type":"Polygon","coordinates":[[[154342.01,167484.42],[154346.52,167480.25],[154349.44,167475.93],[154361.714,167458.427],[154362.157,167458.744],[154366.179,167453.091],[154369.784,167448.398],[154369.258,167448.042],[154371.448,167445.012],[154368.96,167443.09],[154369.26,167442.6],[154368.37,167441.99],[154369.03,167441.4],[154374.15,167433.29],[154374.42,167433.51],[154381.362,167424.702],[154387.25,167415.38],[154390.93,167409.39],[154396.76845411,167400.5110379],[154397.42,167401.45],[154392.50000034,167409.59000007],[154384.38,167423.17],[154381.29,167427.69],[154375.1,167435.68],[154371.5,167441.39],[154371.53,167442.02],[154371.59,167442.32],[154371.76,167442.64],[154371.99,167442.94],[154372.91,167443.96],[154373.18,167444.35],[154373.31,167444.81],[154373.41,167445.8],[154373.631,167445.943],[154363.3,167460.82],[154361.36,167463.37],[154361.12,167463.89],[154354.85,167472.14],[154351.28,167476.07],[154347.52,167481.54],[154342.98,167485.73],[154342.01,167484.42]]]},"geometry_name":"GEOM","properties":{"INSPIRE_ID":"https://databrussels.be/id/streetsurface/38795","TYPE":"S","STREET_ID":"https://databrussels.be/id/streetname/5199","STRNAMEFRE":"Rue de la Pente","STRNAMEDUT":"Hellingstraat","MUNNISCODE":"21002","HIERARCHY":"DR","LVL":0,"ADMIN":"MUN_RBC","AREA":194},"bbox":[154342.01,167400.5110379,154397.42,167485.73]},{"type":"Feature","id":"StreetSurfaces.fid--24aa7d09_1a031580c5b_-5ab8","geometry":{"type":"Polygon","coordinates":[[[154093.605,166994.56600035],[154087.631,167001.41900035],[154084.615,167005.48600036],[154081.797,167009.69300036],[154079.178,167014.02000035],[154076.816,167018.49200035],[154073.742,167024.90500035],[154068.087,167037.24300036],[154063.255,167048.62600036],[154058.071,167061.78500035],[154050.809,167082.50300035],[154045.333,167100.51300035],[154043.195,167108.27600035],[154041.192,167116.07600035],[154039.482,167123.26800035],[154037.885,167130.48600035],[154036.351,167137.89100035],[154034.922,167145.31700035],[154034.285,167148.83300035],[154034.301,167149.03200035],[154034.39,167149.21100035],[154034.49875904,167149.336053],[154031.097,167148.76300035],[154030.304,167148.63200035],[154030.44,167147.80700036],[154031.048,167147.92300035],[154031.771,167144.13000035],[154032.862,167138.27700035],[154034.593,167129.79200035],[154036.241,167122.44000035],[154037.977,167115.10900035],[154039.411,167109.47100035],[154042.092,167099.56700035],[154044.14136102,167092.58149449],[154046.62055955,167084.54266417],[154047.18779423,167082.77947812],[154050.207,167073.76100036],[154052.99123721,167065.9968084],[154055.1650053,167059.93501812],[154057.484,167053.92700036],[154058.36579284,167051.58123289],[154059.592,167048.27900035],[154060.26417476,167046.39518084],[154060.924,167044.50700035],[154062.298,167040.72600035],[154063.36173065,167038.03131225],[154065.35915376,167033.21099052],[154066.19414027,167031.22183716],[154066.25698881,167031.0863139],[154067.20522729,167029.08807492],[154067.78540051,167027.87327286],[154068.70097227,167026.02570705],[154069.85108788,167023.78479262],[154071.00155768,167021.63058353],[154073.00162254,167018.03110338],[154074.837,167014.75300035],[154075.06383423,167014.3197787],[154075.441,167013.64100035],[154075.9677523,167012.59342158],[154076.59819402,167011.38936606],[154077.163,167010.25700036],[154078.75607263,167007.0481488],[154080.33,167003.91800035],[154082.55153705,166999.68445107],[154082.97053886,166998.91175747],[154086.27387654,166992.88398601],[154089.00403757,166987.90233732],[154090.04,166986.01200035],[154098.242,166989.80500035],[154093.605,166994.56600035]]]},"geometry_name":"GEOM","properties":{"INSPIRE_ID":"https://databrussels.be/id/streetsurface/39337","TYPE":"C","STREET_ID":"https://databrussels.be/id/streetname/1838","STRNAMEFRE":"Boulevard du Souverain","STRNAMEDUT":"Vorstlaan","MUNNISCODE":"21002","HIERARCHY":"MER","LVL":0,"ADMIN":"REGION_RBC","AREA":676},"bbox":[154030.304,166986.01200035,154098.242,167149.336053]},{"type":"Feature","id":"StreetSurfaces.fid--24aa7d09_1a031580c5b_-5ab5","geometry":{"type":"Polygon","coordinates":[[[154098.242,166989.80500035],[154097.226,166993.82100035],[154096.41,166998.77900035],[154095.383,167004.94700036],[154094.727,167007.98600035],[154093.527,167012.72100035],[154092.107,167017.39400035],[154090.132,167022.75800035],[154087.87,167028.00800035],[154084.657,167034.72500035],[154081.77,167041.06600035],[154078.989,167047.45400035],[154075.764,167055.15800035],[154072.68,167062.92000035],[154069.301,167071.92100036],[154066.091,167080.98400035],[154063.496,167088.76300035],[154061.05,167096.58900035],[154055.717,167115.59000035],[154054.003,167122.43200035],[154052.406,167129.30300035],[154050.497,167138.19300035],[154048.748,167147.11600035],[154047.882,167151.77900035],[154047.71766656,167151.74940435],[154044.95328087,167151.25154592],[154043.26511365,167150.94751155],[154042.98128903,167150.8963955],[154040.84002141,167150.51075896],[154037.70057623,167149.94535334],[154034.728,167149.41000035],[154034.53329174,167149.37575916],[154034.39,167149.21100035],[154034.301,167149.03200035],[154034.285,167148.83300035],[154034.922,167145.31700035],[154036.351,167137.89100035],[154037.885,167130.48600035],[154039.482,167123.26800035],[154041.192,167116.07600035],[154043.195,167108.27600035],[154045.333,167100.51300035],[154050.809,167082.50300035],[154058.071,167061.78500035],[154063.255,167048.62600036],[154068.087,167037.24300036],[154073.742,167024.90500035],[154076.816,167018.49200035],[154079.178,167014.02000035],[154081.797,167009.69300036],[154084.615,167005.48600036],[154087.631,167001.41900035],[154093.605,166994.56600035],[154098.242,166989.80500035]]]},"geometry_name":"GEOM","properties":{"INSPIRE_ID":"https://databrussels.be/id/streetsurface/39344","TYPE":"M","STREET_ID":"https://databrussels.be/id/streetname/1838","STRNAMEFRE":"Boulevard du Souverain","STRNAMEDUT":"Vorstlaan","MUNNISCODE":"21002","HIERARCHY":"MER","LVL":0,"ADMIN":"REGION_RBC","AREA":2208},"bbox":[154034.285,166989.80500035,154098.242,167151.77900035]},{"type":"Feature","id":"StreetSurfaces.fid--24aa7d09_1a031580c5b_-5ab4","geometry":{"type":"Polygon","coordinates":[[[154095.383,167004.94700036],[154096.41,166998.77900035],[154097.226,166993.82100035],[154098.242,166989.80500035],[154107.61471072,166994.20186465],[154107.295,166994.87400035],[154107.29548147,166994.8742292],[154090.865,167029.44200035],[154089.088,167033.24100035],[154085.509,167040.99800035],[154082.057,167048.81200035],[154078.577,167057.13400035],[154077.25251477,167060.47998511],[154075.257,167065.52000035],[154072.271,167073.52400035],[154071.46,167075.82500035],[154069.431,167081.58200035],[154066.724,167089.66900035],[154064.17,167097.80600035],[154061.507,167106.97400035],[154059.033,167116.19400035],[154055.744,167129.85400035],[154054.7,167135.80000035],[154053.901,167141.78400035],[154053.70449565,167145.21725677],[154053.587,167146.74000035],[154053.492,167147.60000035],[154053.377,167148.45700035],[154052.776495,167148.34432936],[154052.233,167151.24100035],[154052.12,167151.55500036],[154051.902,167151.80700035],[154051.58431901,167151.97630708],[154051.227,167152.02000035],[154047.882,167151.77900035],[154048.748,167147.11600035],[154050.497,167138.19300035],[154052.406,167129.30300035],[154054.003,167122.43200035],[154055.717,167115.59000035],[154061.05,167096.58900035],[154063.496,167088.76300035],[154066.091,167080.98400035],[154069.301,167071.92100036],[154072.68,167062.92000035],[154075.764,167055.15800035],[154078.989,167047.45400035],[154081.77,167041.06600035],[154084.657,167034.72500035],[154087.87,167028.00800035],[154090.132,167022.75800035],[154092.107,167017.39400035],[154093.527,167012.72100035],[154094.727,167007.98600035],[154095.383,167004.94700036]]]},"geometry_name":"GEOM","properties":{"INSPIRE_ID":"https://databrussels.be/id/streetsurface/39362","TYPE":"C","STREET_ID":"https://databrussels.be/id/streetname/1838","STRNAMEFRE":"Boulevard du Souverain","STRNAMEDUT":"Vorstlaan","MUNNISCODE":"21002","HIERARCHY":"MER","LVL":0,"ADMIN":"REGION_RBC","AREA":682},"bbox":[154047.882,166989.80500035,154107.61471072,167152.02000035]},{"type":"Feature","id":"StreetSurfaces.fid--24aa7d09_1a031580c5b_-5ae0","geometry":{"type":"Polygon","coordinates":[[[154027.335,167243.49100035],[154027.181,167229.19600036],[154027.462,167215.02600035],[154027.767,167207.72600035],[154028.73,167192.90400035],[154029.393,167185.38600035],[154031.045,167170.68800035],[154032.834,167157.67400035],[154039.97608591,167158.98166948],[154046.52188397,167160.1740424],[154045.128,167169.56700035],[154044.013,167178.40400035],[154043.062,167187.30700035],[154042.275,167196.22500035],[154041.252,167212.58000036],[154040.947,167221.40000035],[154040.804,167230.22500035],[154040.861,167238.30100035],[154040.984,167246.37700035],[154041.077,167258.29400035],[154041.136,167270.61800035],[154041.311,167276.46000035],[154041.349,167277.74200035],[154041.945,167282.52100035],[154042.669,167292.58100035],[154043.385,167299.62100035],[154044.254,167306.64400035],[154045.284,167313.66100035],[154046.502,167320.64800035],[154047.352,167325.07800035],[154048.184,167330.67500035],[154037.967,167332.90100035],[154036.237,167326.74900035],[154034.97,167320.24600035],[154033.784,167313.67800035],[154031.541,167299.42100035],[154029.686,167284.61500035],[154029.236,167279.85600035],[154029.135,167277.33500035],[154028.551,167267.74300036],[154027.922,167257.94900035],[154027.335,167243.49100035]]]},"geometry_name":"GEOM","properties":{"INSPIRE_ID":"https://databrussels.be/id/streetsurface/39530","TYPE":"K","STREET_ID":"https://databrussels.be/id/streetname/1838","STRNAMEFRE":"Boulevard du Souverain","STRNAMEDUT":"Vorstlaan","MUNNISCODE":"21002","HIERARCHY":"MER","LVL":0,"ADMIN":"REGION_RBC","AREA":2242},"bbox":[154027.181,167157.67400035,154048.184,167332.90100035]},{"type":"Feature","id":"StreetSurfaces.fid--24aa7d09_1a031580c5b_-5b58","geometry":{"type":"Polygon","coordinates":[[[154088.313,167493.14000035],[154092.197,167500.88900035],[154095.701,167507.63100035],[154099.305,167514.31900035],[154106.27,167526.65400035],[154110.247,167533.34500035],[154114.37,167539.94600035],[154118.679,167546.41100035],[154123.181,167552.74300035],[154127.906,167558.92800035],[154132.821,167564.96400035],[154137.965,167570.91800035],[154143.284,167576.71700035],[154147.227,167580.68900035],[154147.15014271,167580.82290682],[154145.53255239,167583.68861018],[154145.35525017,167584.00248089],[154145.095,167584.25500035],[154144.764,167584.40100035],[154144.42,167584.42300035],[154144.089,167584.32500035],[154143.813,167584.11800035],[154139.84,167580.06300035],[154136.606,167576.22000035],[154134.262,167573.31200035],[154131.30260662,167569.45411762],[154123.335,167558.60800035],[154120.479,167554.69300035],[154116.646,167549.35200035],[154111.503,167541.71100035],[154110.13667065,167539.57009503],[154106.03,167532.84900035],[154103.33215674,167528.1964545],[154099.45008204,167521.49955704],[154095.77739029,167514.77973901],[154092.50746781,167508.7959504],[154089.53,167503.08200035],[154083.777,167491.45700035],[154081.78,167487.28900035],[154078.369,167479.88500035],[154075.056,167472.43700035],[154071.984,167465.21900035],[154069.037,167457.95000035],[154067.37838031,167453.59625039],[154064.658,167445.97200035],[154061.341,167435.82100035],[154059.206,167428.93400035],[154054.459,167413.43500035],[154053.62755678,167410.56686275],[154051.78129864,167404.19745268],[154051.56092793,167403.42129992],[154049.84986089,167397.39020553],[154048.89415692,167393.98710724],[154045.633,167382.14300035],[154040.793,167364.38500035],[154040.765,167364.20700035],[154040.808,167364.03200035],[154040.89943561,167363.91008621],[154041.071,167363.79700035],[154044.655,167363.03000035],[154046.262,167369.70200035],[154049.034,167381.03900035],[154051.605,167390.99500035],[154053.359,167397.41700035],[154057.666,167412.39400035],[154062.236,167427.35400035],[154064.495,167434.74200035],[154066.899,167442.08500035],[154069.463,167449.45100035],[154072.186,167456.75900035],[154075.098,167463.97700035],[154078.15,167471.13600035],[154081.294,167478.25900035],[154084.551,167485.33100035],[154088.313,167493.14000035]]]},"geometry_name":"GEOM","properties":{"INSPIRE_ID":"https://databrussels.be/id/streetsurface/39686","TYPE":"C","STREET_ID":"https://databrussels.be/id/streetname/1838","STRNAMEFRE":"Boulevard du Souverain","STRNAMEDUT":"Vorstlaan","MUNNISCODE":"21002","HIERARCHY":"MER","LVL":0,"ADMIN":"REGION_RBC","AREA":862},"bbox":[154040.765,167363.03000035,154147.227,167584.42300035]},{"type":"Feature","id":"StreetSurfaces.fid--24aa7d09_1a031580c5b_-5b5a","geometry":{"type":"Polygon","coordinates":[[[154109.987,167503.01600035],[154106.342,167496.14700035],[154102.806,167489.22200035],[154099.746,167482.98100035],[154096.784,167476.69400035],[154093.563,167469.61600035],[154090.471,167462.48200035],[154084.748,167447.98000035],[154080.552,167435.88800035],[154070.845,167405.11900035],[154066.558,167391.70900035],[154060.745,167373.96300036],[154056.332,167360.55700035],[154061.369,167359.31000035],[154062.253,167363.25500035],[154063.953,167372.15900035],[154063.655,167372.20800035],[154069.752,167390.72000035],[154074.079,167404.13000035],[154079.96,167422.88900035],[154085.414,167439.78400035],[154087.9,167446.79300035],[154090.668,167454.00500035],[154093.592,167461.15500035],[154096.64259641,167468.22508465],[154099.818,167475.24000035],[154105.81,167487.70100035],[154112.978,167501.49100035],[154116.70750018,167508.26287809],[154124.4728626,167521.61799985],[154128.544,167528.17500035],[154132.7665056,167534.59389458],[154137.214,167540.85900035],[154141.90607592,167546.88026321],[154146.888,167552.66400035],[154150.50454396,167556.33181251],[154150.63369972,167556.45388616],[154158.079,167563.50500035],[154160.155,167565.79300035],[154160.376,167566.00300035],[154160.518,167566.27200035],[154160.567,167566.57300035],[154160.51840696,167566.83875681],[154160.39102156,167567.07700192],[154160.197,167567.26500035],[154159.847,167567.52400035],[154157.133,167569.52300035],[154154.349,167566.64900035],[154149.081,167560.96200035],[154144.007,167555.10100035],[154139.119,167549.05100035],[154134.436,167542.84200035],[154129.97,167536.47600035],[154125.695,167529.98000035],[154121.592,167523.36200035],[154117.633,167516.65700035],[154113.755,167509.86700035],[154109.987,167503.01600035]]]},"geometry_name":"GEOM","properties":{"INSPIRE_ID":"https://databrussels.be/id/streetsurface/39695","TYPE":"C","STREET_ID":"https://databrussels.be/id/streetname/1838","STRNAMEFRE":"Boulevard du Souverain","STRNAMEDUT":"Vorstlaan","MUNNISCODE":"21002","HIERARCHY":"MER","LVL":0,"ADMIN":"REGION_RBC","AREA":825},"bbox":[154056.332,167359.31000035,154160.567,167569.52300035]},{"type":"Feature","id":"StreetSurfaces.fid--24aa7d09_1a031580c5b_-5ae1","geometry":{"type":"Polygon","coordinates":[[[154027.335,167243.49100035],[154027.922,167257.94900035],[154028.551,167267.74300036],[154029.135,167277.33500035],[154029.236,167279.85600035],[154029.686,167284.61500035],[154031.541,167299.42100035],[154033.784,167313.67800035],[154034.97,167320.24600035],[154036.237,167326.74900035],[154037.967,167332.90100035],[154032.503,167334.27200035],[154031.065,167323.92600035],[154029.403,167311.59600036],[154027.894,167300.43100035],[154026.32676351,167288.16452399],[154026.028,167285.58300035],[154024.351,167269.30800035],[154024.41013816,167269.08181303],[154024.482,167268.95700035],[154024.624,167268.83100036],[154024.799,167268.75700035],[154024.919,167268.73300035],[154025.039,167268.75100035],[154025.147,167268.80800035],[154025.074,167268.19200035],[154024.554,167258.25200035],[154024.181,167250.03900035],[154023.846,167236.18300035],[154023.893,167223.15300035],[154024.444,167206.84400035],[154024.86108781,167200.08916691],[154025.11972143,167195.92109682],[154026.036,167185.07200035],[154027.71,167170.30000035],[154029.538,167157.18700035],[154032.834,167157.67400035],[154031.045,167170.68800035],[154029.393,167185.38600035],[154028.73,167192.90400035],[154027.767,167207.72600035],[154027.462,167215.02600035],[154027.181,167229.19600036],[154027.335,167243.49100035]]]},"geometry_name":"GEOM","properties":{"INSPIRE_ID":"https://databrussels.be/id/streetsurface/39696","TYPE":"C","STREET_ID":"https://databrussels.be/id/streetname/1838","STRNAMEFRE":"Boulevard du Souverain","STRNAMEDUT":"Vorstlaan","MUNNISCODE":"21002","HIERARCHY":"MER","LVL":0,"ADMIN":"REGION_RBC","AREA":645},"bbox":[154023.846,167157.18700035,154037.967,167334.27200035]},{"type":"Feature","id":"StreetSurfaces.fid--24aa7d09_1a031580c5b_-5b59","geometry":{"type":"Polygon","coordinates":[[[154088.313,167493.14000035],[154084.551,167485.33100035],[154081.294,167478.25900035],[154078.15,167471.13600035],[154075.098,167463.97700035],[154072.186,167456.75900035],[154069.463,167449.45100035],[154066.899,167442.08500035],[154064.495,167434.74200035],[154062.236,167427.35400035],[154057.666,167412.39400035],[154053.359,167397.41700035],[154051.605,167390.99500035],[154049.034,167381.03900035],[154046.262,167369.70200035],[154044.655,167363.03000035],[154056.332,167360.55700035],[154060.745,167373.96300036],[154066.558,167391.70900035],[154070.845,167405.11900035],[154080.552,167435.88800035],[154084.748,167447.98000035],[154090.471,167462.48200035],[154093.563,167469.61600035],[154096.784,167476.69400035],[154099.746,167482.98100035],[154102.806,167489.22200035],[154106.342,167496.14700035],[154109.987,167503.01600035],[154113.755,167509.86700035],[154117.633,167516.65700035],[154121.592,167523.36200035],[154125.695,167529.98000035],[154129.97,167536.47600035],[154134.436,167542.84200035],[154139.119,167549.05100035],[154144.007,167555.10100035],[154149.081,167560.96200035],[154154.349,167566.64900035],[154157.133,167569.52300035],[154155.20946849,167571.09936818],[154153.393,167572.79800035],[154151.708,167574.60200035],[154150.136,167576.50500035],[154148.82109791,167578.27195962],[154147.227,167580.68900035],[154143.284,167576.71700035],[154137.965,167570.91800035],[154132.821,167564.96400035],[154127.906,167558.92800035],[154123.181,167552.74300035],[154118.679,167546.41100035],[154114.37,167539.94600035],[154110.247,167533.34500035],[154106.27,167526.65400035],[154099.305,167514.31900035],[154095.701,167507.63100035],[154092.197,167500.88900035],[154088.313,167493.14000035]]]},"geometry_name":"GEOM","properties":{"INSPIRE_ID":"https://databrussels.be/id/streetsurface/39710","TYPE":"K","STREET_ID":"https://databrussels.be/id/streetname/1838","STRNAMEFRE":"Boulevard du Souverain","STRNAMEDUT":"Vorstlaan","MUNNISCODE":"21002","HIERARCHY":"MER","LVL":0,"ADMIN":"REGION_RBC","AREA":3480},"bbox":[154044.655,167360.55700035,154157.133,167580.68900035]},{"type":"Feature","id":"StreetSurfaces.fid--24aa7d09_1a031580c5b_-5add","geometry":{"type":"Polygon","coordinates":[[[154041.077,167258.29400035],[154040.984,167246.37700035],[154040.861,167238.30100035],[154040.804,167230.22500035],[154040.947,167221.40000035],[154041.252,167212.58000036],[154042.275,167196.22500035],[154043.062,167187.30700035],[154044.013,167178.40400035],[154045.128,167169.56700035],[154046.52188397,167160.1740424],[154049.79,167160.83700035],[154048.47521398,167169.75431024],[154047.338,167178.69600035],[154046.38124141,167187.67978088],[154045.594,167196.68000035],[154045.03945755,167204.59468888],[154044.626,167212.51800035],[154044.197,167230.06500035],[154044.182,167234.21400035],[154044.314,167246.65800035],[154044.763,167263.71300035],[154045.075,167268.72000036],[154045.513,167273.71700035],[154046.12249949,167279.20777621],[154046.895,167284.67800035],[154048.789,167296.44400035],[154047.417,167301.57300036],[154047.889,167305.21600035],[154048.58714808,167310.18353688],[154049.379,167315.13700035],[154050.24838531,167320.08492943],[154051.219,167325.01400035],[154052.255,167329.93200035],[154048.184,167330.67500035],[154047.352,167325.07800035],[154046.502,167320.64800035],[154045.284,167313.66100035],[154044.254,167306.64400035],[154043.385,167299.62100035],[154042.669,167292.58100035],[154041.945,167282.52100035],[154041.349,167277.74200035],[154041.311,167276.46000035],[154041.136,167270.61800035],[154041.077,167258.29400035]]]},"geometry_name":"GEOM","properties":{"INSPIRE_ID":"https://databrussels.be/id/streetsurface/39711","TYPE":"C","STREET_ID":"https://databrussels.be/id/streetname/1838","STRNAMEFRE":"Boulevard du Souverain","STRNAMEDUT":"Vorstlaan","MUNNISCODE":"21002","HIERARCHY":"MER","LVL":0,"ADMIN":"REGION_RBC","AREA":637},"bbox":[154040.804,167160.1740424,154052.255,167330.67500035]},{"type":"Feature","id":"StreetSurfaces.fid--24aa7d09_1a031580c5b_-5af4","geometry":{"type":"Polygon","coordinates":[[[154416.76075418,167262.61152987],[154418.97,167261.67000035],[154421.07,167260.66000035],[154421.74,167260.28000036],[154422.42,167259.90000035],[154423.08,167259.51000035],[154424.13,167258.82000035],[154425.15,167258.08000035],[154425.35,167257.93000035],[154426.14,167257.32000035],[154427.61,167256.13000035],[154428.35,167255.48000035],[154429.04,167254.87000035],[154430.42,167253.58000035],[154432.33,167251.60000035],[154435.97,167247.48000035],[154457.2,167223.63000035],[154490.48,167185.80000035],[154512.09,167161.33000035],[154527.83,167143.08000035],[154547.73,167120.40000035],[154586.62597748,167079.70314714],[154588.874,167081.75000036],[154591.63492565,167084.26380612],[154591.52,167084.35000035],[154591.41,167084.44000035],[154591.09,167084.69000036],[154588.23,167087.69000036],[154586.23,167089.78000035],[154569.73542653,167106.35701526],[154559.12720578,167117.71681653],[154559.29931546,167119.81073894],[154544.77477072,167135.84464202],[154531.77081685,167150.81550541],[154521.0650528,167162.68477729],[154510.08681596,167174.97640449],[154506.6466431,167178.62727871],[154505.67204584,167177.69017437],[154498.38702895,167185.72616901],[154498.3355551,167188.03712114],[154485.91842754,167202.20500991],[154469.88765418,167220.54857775],[154457.62565044,167234.46154747],[154446.23508253,167247.46082876],[154435.06776319,167259.65885552],[154433.90869952,167258.59606192],[154431.97817521,167260.42388817],[154428.81963682,167262.85752848],[154423.7874951,167267.08335766],[154420.114675,167270.55305512],[154418.65546368,167267.09749227],[154418.91701861,167266.91155193],[154419.16483348,167266.69582669],[154419.26949171,167266.52454868],[154419.32245638,167266.34317393],[154419.33515473,167266.15926566],[154419.28951255,167265.94116435],[154419.14412028,167265.74541311],[154418.92737574,167265.59367089],[154418.66235417,167265.61072077],[154418.11316028,167265.81342211],[154416.76075418,167262.61152987]]]},"geometry_name":"GEOM","properties":{"INSPIRE_ID":"https://databrussels.be/id/streetsurface/3977","TYPE":"S","STREET_ID":"https://databrussels.be/id/streetname/1131","STRNAMEFRE":"Chaussée de Wavre","STRNAMEDUT":"Waversesteenweg","MUNNISCODE":"21002","HIERARCHY":"IDR","LVL":0,"ADMIN":"REGION_RBC","AREA":1832},"bbox":[154416.76075418,167079.70314714,154591.63492565,167270.55305512]},{"type":"Feature","id":"StreetSurfaces.fid--24aa7d09_1a031580c5b_-5b13","geometry":{"type":"Polygon","coordinates":[[[154200.1730282,167307.57331475],[154199.4,167307.81000035],[154186.98,167311.68000035],[154172.06,167316.28000035],[154165.194,167318.41800035],[154163.13,167319.06000035],[154162.1086011,167319.37670873],[154160.605,167314.05800035],[154159.89290462,167311.53825267],[154162.469,167310.78700035],[154161.89,167308.69500035],[154193.96,167299.35900036],[154194.591,167301.14600035],[154197.75790888,167299.97774799],[154198.606,167302.64500035],[154200.1730282,167307.57331475]]]},"geometry_name":"GEOM","properties":{"INSPIRE_ID":"https://databrussels.be/id/streetsurface/4308","TYPE":"S","STREET_ID":"https://databrussels.be/id/streetname/1131","STRNAMEFRE":"Chaussée de Wavre","STRNAMEDUT":"Waversesteenweg","MUNNISCODE":"21002","HIERARCHY":"IDR","LVL":0,"ADMIN":"REGION_RBC","AREA":384},"bbox":[154159.89290462,167299.35900036,154200.1730282,167319.37670873]},{"type":"Feature","id":"StreetSurfaces.fid--24aa7d09_1a031580c5b_-5aab","geometry":{"type":"Polygon","coordinates":[[[154622.905,166999.88200035],[154627.3665,166999.53350035],[154631.2889911,166999.08993373],[154643.35986481,166997.72492446],[154654.44191347,166996.0935214],[154653.57191738,167003.54267818],[154652.76236408,167003.39805126],[154651.45,167003.4],[154650.34,167003.57],[154646.64,167004.13],[154646.48,167004.16],[154633.26109104,167005.95437994],[154633.01238035,167005.95537566],[154632.67811318,167006.01910111],[154632.27221733,167006.17044908],[154631.96978513,167006.33161383],[154631.79568764,167006.49803776],[154631.74424006,167006.67698113],[154631.76697932,167006.80443204],[154631.8295123,167007.0337299],[154631.97674903,167007.27270037],[154624.54587933,167008.37358187],[154623.9,167008.08000035],[154622.77,167007.66000035],[154621.93,167007.40000035],[154621.07,167007.17000035],[154620.2,167006.98000035],[154619.32,167006.81000035],[154618.43,167006.67000035],[154617.53,167006.56000036],[154616.54,167006.48000035],[154615.55,167006.44000036],[154614.56,167006.39000035],[154610.45,167006.12000035],[154606.34,167005.84000035],[154602.23,167005.54000035],[154598.64,167005.23000035],[154595.05,167004.90000035],[154591.47,167004.54000035],[154585.94,167003.93000036],[154580.41,167003.26000035],[154574.9,167002.52000036],[154568.76,167001.64000035],[154562.63,167000.68000035],[154557.668,167000.00000035],[154555.297,166999.57400036],[154552.929,166999.12900036],[154548.766,166998.30100035],[154544.613,166997.42300035],[154530.219,166994.16500035],[154529.339,166993.95600035],[154528.461,166993.73800035],[154522.645,166992.24800035],[154517.741,166990.99100035],[154514.41,166990.01800036],[154511.08,166989.03800036],[154507.851,166988.09400035],[154504.628,166987.13100035],[154493.419,166983.66500035],[154481.052,166979.74800035],[154476.953,166978.44200035],[154457.508,166972.27600035],[154448.466,166969.41900035],[154433.476,166964.66800036],[154426.052,166962.35600035],[154403.045,166955.08100036],[154385.079,166949.40800036],[154371.275,166945.05500035],[154362.248,166942.19100035],[154353.413,166939.39600035],[154339.39,166934.92400036],[154333.77647756,166933.08196612],[154329.94398805,166931.8669728],[154319.58433546,166927.8755249],[154315.82145821,166926.43911893],[154314.86121382,166926.10262285],[154312.94396148,166925.47755156],[154303.33820434,166922.46961613],[154288.92410864,166917.93982392],[154287.50546752,166917.55108767],[154289.44841145,166911.78748212],[154289.53701392,166911.82010383],[154295.28554554,166913.63193813],[154305.87507525,166916.97377178],[154317.3952999,166920.56631704],[154329.6615415,166925.22106244],[154335.41328132,166927.05163838],[154378.699,166940.33650035],[154458.2235,166965.48050035],[154465.336,166967.72800035],[154478.4445,166971.90100035],[154500.6495,166978.89500035],[154512.288,166982.42900036],[154523.9945,166985.69250035],[154538.833,166989.30800036],[154557.129,166993.07300036],[154565.77289497,166994.46175306],[154582.32124553,166996.83593016],[154595.985,166998.36200035],[154608.528,166999.32400035],[154616.844,166999.70900035],[154622.905,166999.88200035]]]},"geometry_name":"GEOM","properties":{"INSPIRE_ID":"https://databrussels.be/id/streetsurface/43092","TYPE":"S","STREET_ID":"https://databrussels.be/id/streetname/2356","STRNAMEFRE":"Avenue Herrmann-Debroux","STRNAMEDUT":"Herrmann-Debrouxlaan","MUNNISCODE":"21002","HIERARCHY":"MAR","LVL":0,"ADMIN":"REGION_RBC","AREA":2520},"bbox":[154287.50546752,166911.78748212,154654.44191347,167008.37358187]},{"type":"Feature","id":"StreetSurfaces.fid--24aa7d09_1a031580c5b_-5b1b","geometry":{"type":"Polygon","coordinates":[[[154461.92540355,167305.22569769],[154467.3727105,167307.05065068],[154467.18978898,167307.13006312],[154466.85036297,167307.31909437],[154466.5317486,167307.54141784],[154466.23719972,167307.79476305],[154465.9697244,167308.07654272],[154465.73205421,167308.38387921],[154465.52661635,167308.71363385],[154465.36662662,167309.03606581],[154465.23929047,167309.37273268],[154465.14585501,167309.72033719],[154465.08723534,167310.07547493],[154465.06400557,167310.43466772],[154465.07639321,167310.79439766],[154465.15542459,167311.17027023],[154465.26669498,167311.53789104],[154465.4093691,167311.89450041],[154465.58237594,167312.23742137],[154465.78441677,167312.56407969],[154466.01397492,167312.87202321],[154466.35563156,167313.31256532],[154466.73641038,167313.7197681],[154467.15307451,167314.09017007],[154467.60208203,167314.42062257],[154468.0796161,167314.70831655],[154468.58161737,167314.95080642],[154468.56392644,167315.61500071],[154468.60021385,167316.27843891],[154468.69024007,167316.93674149],[154468.8334108,167317.58556286],[154469.02627771,167318.21351241],[154469.26892321,167318.82395606],[154469.55978164,167319.41295492],[154469.89697624,167319.97670848],[154470.44553519,167321.0559188],[154470.9028071,167321.91230664],[154464.74451866,167325.18371681],[154462.82581143,167321.58251735],[154464.51653918,167320.65340075],[154462.30889863,167316.50969165],[154462.05509394,167316.10891638],[154461.77515032,167315.72594222],[154461.47031192,167315.36247119],[154461.1419335,167315.02011866],[154460.76208534,167314.68303712],[154460.36055014,167314.37210615],[154459.93912483,167314.0887172],[154459.49969534,167313.83413849],[154459.04422821,167313.60950929],[154458.5747617,167313.41583485],[154458.02470773,167313.22394644],[154457.46233515,167313.07190171],[154456.89052601,167312.96047986],[154456.31221073,167312.89025192],[154455.73035308,167312.8615778],[154455.14793499,167312.87460443],[154454.53366581,167313.19312014],[154447.36807748,167317.11870888],[154444.00609218,167311.2850879],[154447.30736346,167309.45982415],[154449.87810276,167310.14522181],[154459.32756057,167305.0675607],[154461.66147499,167305.2681228],[154461.92540355,167305.22569769]]]},"geometry_name":"GEOM","properties":{"INSPIRE_ID":"https://databrussels.be/id/streetsurface/43375","TYPE":"I","STREET_ID":"https://databrussels.be/id/streetname/311","STRNAMEFRE":"Rue du Villageois","STRNAMEDUT":"Dorpelingstraat","MUNNISCODE":"21002","HIERARCHY":"DR","LVL":0,"ADMIN":"REGION_RBC","AREA":206},"bbox":[154444.00609218,167305.0675607,154470.9028071,167325.18371681]},{"type":"Feature","id":"StreetSurfaces.fid--24aa7d09_1a031580c5b_-5aef","geometry":{"type":"Polygon","coordinates":[[[154500.279,167270.933],[154498.653,167276.851],[154495.83,167275.85],[154476.427,167293.183],[154474.501,167292.62],[154490.34,167278.67],[154496.99,167272.41],[154501.33,167267.05],[154479.08,167246.12],[154480.736,167244.236],[154502.54,167263.84],[154509.32,167254.63],[154510.1,167255.31],[154520.66,167243.26],[154524.347,167239.247],[154525.435,167240.247],[154526.523,167241.247],[154511.516,167256.071],[154500.279,167270.933]]]},"geometry_name":"GEOM","properties":{"INSPIRE_ID":"https://databrussels.be/id/streetsurface/43905","TYPE":"S","STREET_ID":"https://databrussels.be/id/streetname/1788","STRNAMEFRE":"Chaussée de Tervuren","STRNAMEDUT":"Tervuursesteenweg","MUNNISCODE":"21002","HIERARCHY":"DR","LVL":0,"ADMIN":"MUN_RBC","AREA":238},"bbox":[154474.501,167239.247,154526.523,167293.183]},{"type":"Feature","id":"StreetSurfaces.fid--24aa7d09_1a031580c5b_-5b29","geometry":{"type":"Polygon","coordinates":[[[154332.02833315,167276.86238661],[154337.683,167276.69600035],[154363.2,167276.13000035],[154384.04,167275.52000035],[154385.34,167275.34000035],[154385.50135337,167275.31226774],[154385.755,167280.83500035],[154385.95707685,167285.23488696],[154380.65649781,167285.15680567],[154377.33,167285.12000035],[154375.5,167285.04000035],[154366.94,167284.83000035],[154349.82,167284.89000035],[154331.85754552,167284.84458965],[154331.947,167280.66400035],[154332.02833315,167276.86238661]]]},"geometry_name":"GEOM","properties":{"INSPIRE_ID":"https://databrussels.be/id/streetsurface/4961","TYPE":"S","STREET_ID":"https://databrussels.be/id/streetname/1131","STRNAMEFRE":"Chaussée de Wavre","STRNAMEDUT":"Waversesteenweg","MUNNISCODE":"21002","HIERARCHY":"IDR","LVL":0,"ADMIN":"REGION_RBC","AREA":470},"bbox":[154331.85754552,167275.31226774,154385.95707685,167285.23488696]},{"type":"Feature","id":"StreetSurfaces.fid--24aa7d09_1a031580c5b_-5aff","geometry":{"type":"Polygon","coordinates":[[[154205.1929826,167114.68449091],[154204.86253778,167112.79065439],[154205.58050612,167112.06828172],[154206.2189,167111.4259],[154206.2075086,167111.37721493],[154205.78138289,167109.55793489],[154209.77440869,167110.75824597],[154208.34425581,167112.09164885],[154208.69350541,167113.90808088],[154210.26683344,167114.43476639],[154210.36948615,167114.4691278],[154210.41686943,167114.48499227],[154211.81717171,167113.14346512],[154211.85333174,167113.10886959],[154213.96258336,167113.81373613],[154214.01002216,167113.8296074],[154214.52231137,167115.85920835],[154214.53455283,167115.90768667],[154216.23635158,167116.46113561],[154216.28391025,167116.47663912],[154216.69197348,167118.56991592],[154216.70150058,167118.61900297],[154215.14000678,167119.82218275],[154215.10039682,167119.85270245],[154214.95248875,167120.38592592],[154214.9391,167120.4341],[154214.89093024,167120.42069568],[154214.84278078,167120.40736459],[154214.79446677,167120.3944803],[154214.38656426,167122.39515219],[154214.21515627,167123.62172394],[154214.12740347,167124.47126533],[154214.05589004,167125.44353144],[154214.02665123,167126.03902516],[154214.0028326,167126.93444833],[154214.01012482,167128.13727243],[154214.04085499,167128.87140318],[154214.06851484,167129.28194944],[154214.12119721,167129.84828348],[154214.16101054,167130.1793935],[154214.21859548,167130.57351893],[154214.27639367,167130.90167562],[154214.3505195,167131.25462848],[154214.4463944,167131.62891124],[154214.51362871,167131.84712783],[154214.61718551,167132.1283897],[154214.70506651,167132.32721756],[154214.83007655,167132.56441727],[154214.9424071,167132.74414691],[154215.07710972,167132.92978787],[154215.19155122,167133.06848432],[154215.32059474,167133.20913609],[154215.45322804,167133.34031],[154215.64553907,167133.51244189],[154215.88899191,167133.70766577],[154216.14341786,167133.88972778],[154216.37063886,167134.03560758],[154216.63040421,167134.18448413],[154216.84125776,167134.29182881],[154217.051757,167134.38711625],[154217.22960066,167134.45836618],[154217.4684402,167134.5405419],[154217.68512441,167134.60137222],[154217.90222765,167134.64875746],[154218.13491234,167134.68378435],[154218.36370357,167134.70143722],[154218.58670434,167134.70156757],[154218.6088,167134.7006],[154218.65875288,167134.69842971],[154218.79982408,167134.69225311],[154218.99068444,167134.68328181],[154219.18128186,167134.67330013],[154219.37143122,167134.66190098],[154219.56106208,167134.64828121],[154219.74998194,167134.63223359],[154219.9379168,167134.61304752],[154220.12488511,167134.59022336],[154220.31070173,167134.563354],[154220.49528886,167134.53183616],[154220.67836511,167134.49515913],[154220.859849,167134.45281956],[154221.13809448,167134.37532257],[154221.41263303,167134.28437982],[154221.6836166,167134.18129778],[154221.95158949,167134.06759757],[154222.2169072,167133.94449309],[154222.47991418,167133.81349809],[154222.74106216,167133.6759301],[154223.00049941,167133.53319554],[154223.25887385,167133.38671927],[154223.51644105,167133.23771153],[154223.77354176,167133.08778597],[154224.03053148,167132.93815651],[154224.63353186,167132.59384816],[154225.2380251,167132.25790052],[154225.84384818,167131.92930689],[154226.45074554,167131.60685702],[154227.05855049,167131.28964417],[154227.66700746,167130.97645809],[154228.27595714,167130.66619215],[154228.88513658,167130.35783598],[154229.49439015,167130.05018302],[154230.10335499,167129.74221921],[154230.71206794,167129.43294522],[154238.29624667,167125.00317607],[154238.54851599,167124.8267421],[154238.88785678,167124.97770509],[154239.27360305,167125.07222165],[154241.22,167127.45],[154239.36,167127.63],[154236.71,167128.97],[154226.85786323,167134.7389318],[154219.92319339,167136.51937138],[154219.40624941,167136.61358527],[154218.85604993,167136.66417444],[154218.25069091,167136.66860945],[154217.72755268,167136.63386961],[154217.02654143,167136.53583639],[154216.26960794,167136.36610945],[154215.71856937,167136.1981792],[154215.26092215,167136.02390337],[154214.88845491,167135.85325472],[154214.45384788,167135.61330895],[154213.90884326,167135.23027848],[154213.63058431,167134.98614232],[154213.37241313,167134.71352418],[154213.11279103,167134.37324669],[154212.8979187,167134.0221531],[154212.64737649,167133.51142658],[154212.42219213,167132.94903006],[154212.19192238,167132.26571072],[154212.02118006,167131.67358136],[154211.81534193,167130.80839094],[154211.72229913,167130.30326394],[154211.65354267,167129.78353917],[154211.59979367,167129.19257473],[154211.61365629,167127.99215783],[154211.67317382,167126.96339142],[154211.79552805,167125.63631073],[154212.04266197,167123.74843309],[154212.21186342,167122.73797274],[154212.50648358,167121.29648953],[154212.9259,167119.77],[154212.9408935,167119.72230099],[154213.09735885,167119.22386179],[154212.87068946,167118.16801743],[154212.6804,167117.2818],[154212.63343566,167117.26464336],[154210.81541088,167116.60042429],[154209.30766858,167118.01048506],[154209.26255141,167117.98901502],[154207.4535,167117.1285],[154207.44169184,167117.07991432],[154207.02075614,167115.35303493],[154205.1929826,167114.68449091]]]},"geometry_name":"GEOM","properties":{"INSPIRE_ID":"https://databrussels.be/id/streetsurface/50469","TYPE":"S","STREET_ID":"https://databrussels.be/id/streetname/6057","STRNAMEFRE":"Promenade du Bergoje","STRNAMEDUT":"Bergojewandeling","MUNNISCODE":"21002","HIERARCHY":"T","LVL":0,"ADMIN":"UNKNOWN","AREA":154},"bbox":[154204.86253778,167109.55793489,154241.22,167136.66860945]},{"type":"Feature","id":"StreetSurfaces.fid--24aa7d09_1a031580c5b_-5b32","geometry":{"type":"Polygon","coordinates":[[[154241.22,167127.45],[154244.03005479,167126.29975462],[154265.62,167137.39],[154268.983,167139.117],[154266.537,167140.247],[154263.25,167138.54],[154242.55,167127.79],[154241.22,167127.45]]]},"geometry_name":"GEOM","properties":{"INSPIRE_ID":"https://databrussels.be/id/streetsurface/50470","TYPE":"S","STREET_ID":"https://databrussels.be/id/streetname/6057","STRNAMEFRE":"Promenade du Bergoje","STRNAMEDUT":"Bergojewandeling","MUNNISCODE":"21002","HIERARCHY":"T","LVL":0,"ADMIN":"UNKNOWN","AREA":58},"bbox":[154241.22,167126.29975462,154268.983,167140.247]},{"type":"Feature","id":"StreetSurfaces.fid--24aa7d09_1a031580c5b_-5aad","geometry":{"type":"Polygon","coordinates":[[[154244.03005479,167126.29975462],[154241.95581535,167123.7240213],[154242.09302399,167123.43245595],[154242.16771549,167123.17969006],[154242.20667487,167122.88889919],[154242.20447036,167122.6709712],[154242.18186529,167122.48458876],[154242.5172,167122.1676],[154242.56765522,167122.13071476],[154244.22639469,167120.9153735],[154247.20228822,167118.66485313],[154247.85305939,167118.16298918],[154249.18007175,167117.16614352],[154251.56393913,167115.51799386],[154261.80796055,167109.75258313],[154266.68840844,167107.09425512],[154271.60990429,167104.92873576],[154271.64015956,167104.91703978],[154271.66815458,167104.90616561],[154273.98648813,167104.11201096],[154276.31488724,167103.34683909],[154280.56992663,167101.73355357],[154284.2899954,167100.30388613],[154290.62179868,167098.08169622],[154297.67231091,167095.62006435],[154303.2226931,167093.56818184],[154303.70204942,167093.38183977],[154304.17836696,167093.18666343],[154304.65131136,167092.9825567],[154305.12009424,167092.76919029],[154305.58432322,167092.54634959],[154306.04330617,167092.31380894],[154306.49655816,167092.07115018],[154306.94357953,167091.81835488],[154307.38378175,167091.55510113],[154307.81657628,167091.28106702],[154308.24147084,167090.99603426],[154308.61714089,167090.72876025],[154308.65788179,167090.6997744],[154309.04734634,167090.40653695],[154309.43013753,167090.1045408],[154309.80748692,167089.79543925],[154310.18082714,167089.48108635],[154310.55179437,167089.16324362],[154310.92163245,167088.84345796],[154311.29187395,167088.5235871],[154311.66395886,167088.20528526],[154312.03922359,167087.89030287],[154312.41920439,167087.58039776],[154312.80534125,167087.27722413],[154313.19897057,167086.98253241],[154313.66242122,167086.65599256],[154314.13714782,167086.34387813],[154314.62232882,167086.04675921],[154315.11722414,167085.76570927],[154315.62121208,167085.50130578],[154316.13355626,167085.25452226],[154316.65362759,167085.02613605],[154317.18049351,167084.81701336],[154317.7137285,167084.62783899],[154318.2524,167084.45947914],[154318.79587892,167084.31271116],[154319.3435325,167084.18841231],[154319.97417147,167084.07417901],[154320.60887863,167083.98801473],[154321.24694667,167083.92739168],[154321.88805693,167083.89009661],[154322.53170568,167083.87350918],[154323.17727815,167083.87530514],[154323.82435946,167083.89316764],[154324.47244585,167083.92447632],[154325.12101881,167083.96701056],[154325.76976708,167084.01835725],[154326.41788342,167084.07598491],[154327.06515279,167084.13758406],[154327.93637606,167084.22355434],[154328.80521613,167084.31173829],[154329.67209482,167084.40155104],[154330.53723044,167084.49250033],[154333.12510184,167084.76617099],[154334.84712991,167084.94366273],[154337.43106296,167085.19117046],[154340.15109932,167085.41667978],[154341.96842561,167085.54985395],[154343.78823012,167085.67281252],[154345.60961018,167085.78832409],[154347.43205181,167085.89947183],[154348.34345016,167085.95430175],[154349.8604191,167086.01295459],[154351.37804577,167086.06462694],[154352.13738763,167086.08562931],[154353.65747938,167086.1138766],[154355.18007308,167086.11769951],[154356.70591901,167086.09032109],[154358.07404633,167086.03340935],[154359.28130963,167085.950851],[154360.48393298,167085.82859466],[154361.08194789,167085.74968289],[154362.26869256,167085.55058907],[154363.4388316,167085.28894069],[154364.58740034,167084.95554852],[154365.64764054,167084.57246693],[154366.69209506,167084.13986987],[154367.72794392,167083.68013717],[154368.2450869,167083.44703983],[154368.76286675,167083.21566713],[154369.28229058,167082.98855792],[154369.80424712,167082.76874702],[154370.32963986,167082.55886952],[154370.81262178,167082.37919063],[154370.85948415,167082.36175738],[154371.17775191,167082.25132057],[154371.49774599,167082.14614356],[154371.81935825,167082.04592956],[154372.14240725,167081.95017155],[154372.46700028,167081.85867335],[154372.79274869,167081.77112041],[154373.11956727,167081.68710932],[154373.44736348,167081.60643654],[154373.77605211,167081.52869864],[154374.10544437,167081.45358846],[154374.43545138,167081.38080252],[154374.76588803,167081.30993372],[154375.25980401,167081.20736896],[154375.75447563,167081.10873473],[154376.24979191,167081.01432713],[154376.74574916,167080.92424609],[154377.24243624,167080.8387951],[154377.73964592,167080.75816665],[154378.23747078,167080.68256428],[154378.73589974,167080.61228781],[154379.2348255,167080.54753339],[154379.73434062,167080.48850459],[154380.23443406,167080.4355012],[154380.73489856,167080.38871571],[154381.51295214,167080.32835248],[154382.29201816,167080.28123556],[154383.07187425,167080.24525533],[154383.85250892,167080.21800974],[154386.63450081,167080.12367816],[154388.5434028,167080.11473824],[154390.10636564,167080.04960223],[154391.4921309,167079.95671615],[154392.87537772,167079.82901359],[154395.63020822,167079.47200956],[154396.99993413,167079.24424064],[154399.13853643,167078.82237937],[154401.45157154,167078.28346787],[154403.75064021,167077.68370024],[154406.04080912,167077.04577865],[154406.80323083,167076.82863271],[154407.56539358,167076.61067351],[154408.89244519,167076.28887097],[154410.21914896,167075.96595167],[154411.54523061,167075.64090801],[154415.51576601,167074.64147633],[154418.15336167,167073.94411994],[154420.77994468,167073.21163376],[154422.08842221,167072.82940238],[154423.34513705,167072.44966161],[154423.39788423,167072.43372425],[154423.79781866,167072.31025517],[154424.20249611,167072.18538607],[154424.60763268,167072.06163465],[154425.01347287,167071.94051096],[154425.42037218,167071.82322891],[154425.82878973,167071.71090619],[154426.23917358,167071.60496027],[154426.65177561,167071.50670134],[154427.066955,167071.41724339],[154427.4851598,167071.33800389],[154427.90674922,167071.27009684],[154428.33207136,167071.21493604],[154428.76168897,167071.17354291],[154429.19427344,167071.14666901],[154429.6284036,167071.13486231],[154430.06276192,167071.13857457],[154430.49612341,167071.15846108],[154430.9271742,167071.19487365],[154431.3545857,167071.24856382],[154431.77714765,167071.31978716],[154432.19352778,167071.40939514],[154432.60231597,167071.51763595],[154433.00238718,167071.64516858],[154433.34562364,167071.77473727],[154433.39242384,167071.79244477],[154433.99891766,167072.07238936],[154434.57830786,167072.40076787],[154435.13294776,167072.77346424],[154435.66541265,167073.18577018],[154436.17815945,167073.6334734],[154436.67355622,167074.11205812],[154437.1541672,167074.61711584],[154437.62245299,167075.14433433],[154438.08088158,167075.6892015],[154438.53182102,167076.24720155],[154438.97792811,167076.81412955],[154439.23091114,167077.14000209],[154434.94797172,167078.96164258],[154432.84508883,167076.33963887],[154430.19748165,167075.62702852],[154427.80445207,167075.83063148],[154422.40740665,167076.54324183],[154418.84332005,167077.45945514],[154412.27521761,167079.03737806],[154403.74050309,167081.33745523],[154398.83988402,167082.05006558],[154393.76106061,167082.13914187],[154388.23672638,167082.13914187],[154381.98088509,167082.12428346],[154379.50471422,167082.40637075],[154376.2789403,167083.17375876],[154373.67488685,167083.89521738],[154371.28185728,167084.91323217],[154368.93974323,167085.727644],[154366.49579813,167086.4911551],[154363.28812019,167087.45826915],[154360.84781192,167087.64187538],[154357.7055968,167087.87456448],[154354.41790875,167087.99090903],[154351.76484633,167088.03635611],[154346.77512509,167087.94727982],[154342.40911901,167087.50189835],[154339.11813509,167087.4258881],[154336.96513584,167087.4258881],[154331.76,167087.3],[154324.64,167086.69],[154324.31,167086.69],[154321.15,167086.76],[154319.27,167087.16],[154316.89,167088.3],[154316.75,167088.37],[154314.15,167090.1],[154311.94,167091.57],[154309.96,167092.54],[154308.51,167093.26],[154302.87,167095.83],[154300.13,167097.08],[154295.51,167098.69],[154290.81,167100.33],[154288.52,167101.19],[154281.7,167103.75],[154274.98,167106.26],[154274.43,167106.51],[154268.04,167109.32],[154259.62,167113.87],[154250.74,167119.37],[154244.49,167124.24],[154244.03005479,167126.29975462]]]},"geometry_name":"GEOM","properties":{"INSPIRE_ID":"https://databrussels.be/id/streetsurface/50471","TYPE":"S","STREET_ID":"https://databrussels.be/id/streetname/6057","STRNAMEFRE":"Promenade du Bergoje","STRNAMEDUT":"Bergojewandeling","MUNNISCODE":"21002","HIERARCHY":"T","LVL":0,"ADMIN":"UNKNOWN","AREA":553},"bbox":[154241.95581535,167071.13486231,154439.23091114,167126.29975462]},{"type":"Feature","id":"StreetSurfaces.fid--24aa7d09_1a031580c5b_-5ac4","geometry":{"type":"Polygon","coordinates":[[[154288.69562281,167068.72316364],[154291.62391724,167073.90447673],[154289.61897848,167075.13031497],[154283.41578398,167079.0567],[154279.30142028,167081.52652285],[154275.25035448,167084.31298965],[154268.47747884,167089.06264896],[154262.9397707,167092.05741465],[154262.88388103,167092.08531623],[154257.68289994,167094.42471358],[154257.62487597,167094.44800201],[154254.47185352,167095.5911065],[154251.3045198,167096.69015353],[154245.75179692,167098.88697503],[154240.15609654,167100.9819432],[154237.03803536,167101.90739433],[154234.25496759,167102.59600743],[154234.19406907,167102.60991657],[154231.30803578,167103.2316148],[154228.3408535,167103.79220771],[154226.34162509,167104.12557766],[154224.63459021,167104.38224237],[154224.51124979,167104.40001923],[154224.55419784,167104.565002],[154224.51748231,167104.59893839],[154223.23116168,167105.79022402],[154221.24502046,167105.23072092],[154219.84700789,167106.50872666],[154219.86118011,167106.5566471],[154220.42893917,167108.47545681],[154219.12711353,167109.95952056],[154219.10325774,167110.05665092],[154219.0913,167110.1052],[154219.04274726,167110.09325717],[154216.99625691,167109.59062586],[154216.94770167,167109.5786932],[154216.28736468,167107.51446464],[154214.31973333,167106.90168388],[154214.27201034,167106.88676679],[154213.80109729,167104.98163932],[154213.78908737,167104.9330489],[154211.88683929,167104.2724115],[154205.96639583,167102.30467579],[154205.95791137,167102.25542584],[154205.63313086,167100.36993331],[154207.14615201,167099.00163426],[154208.9197,167099.594],[154208.95853594,167099.56250762],[154210.48768987,167098.32253149],[154210.53530606,167098.33778605],[154212.3985,167098.9369],[154212.4355091,167098.90327968],[154213.91079779,167097.56310695],[154213.95844913,167097.57825124],[154215.8124,167098.1678],[154215.82165876,167098.21693528],[154216.17506675,167100.09266541],[154216.22250276,167100.10860532],[154218.2575,167100.7924],[154218.29164639,167100.75587571],[154219.64574695,167099.30751425],[154219.69354391,167099.32202449],[154221.6083,167099.9033],[154221.64556638,167099.86996508],[154223.06300161,167098.60209472],[154223.11083864,167098.6166419],[154224.99670111,167099.1919046],[154225.00842911,167099.24050482],[154225.07417495,167099.51304273],[154225.16040489,167099.51512803],[154227.39954251,167099.48894134],[154228.35310461,167099.43506566],[154229.77082752,167099.31367827],[154231.91266515,167099.04579949],[154233.96410176,167098.70236526],[154236.147853,167098.23789087],[154237.7268884,167097.81177815],[154239.41780811,167097.26195803],[154239.83468509,167097.11530729],[154243.87379571,167095.56274366],[154247.69064594,167093.9980256],[154251.09310889,167092.6313444],[154257.07375578,167090.51317454],[154262.86651146,167088.1380243],[154267.62988887,167085.00875151],[154272.51015898,167081.61626887],[154274.64345071,167080.18323741],[154276.71829608,167078.80869702],[154278.06673684,167077.98146603],[154279.80342834,167076.82835617],[154281.72380837,167075.27416461],[154283.72768318,167073.51943221],[154285.39757885,167071.99866413],[154287.43485158,167069.95983219],[154288.69562281,167068.72316364]]]},"geometry_name":"GEOM","properties":{"INSPIRE_ID":"https://databrussels.be/id/streetsurface/50472","TYPE":"S","STREET_ID":"https://databrussels.be/id/streetname/6057","STRNAMEFRE":"Promenade du Bergoje","STRNAMEDUT":"Bergojewandeling","MUNNISCODE":"21002","HIERARCHY":"T","LVL":0,"ADMIN":"UNKNOWN","AREA":416},"bbox":[154205.63313086,167068.72316364,154291.62391724,167110.1052]},{"type":"Feature","id":"StreetSurfaces.fid--24aa7d09_1a031580c5b_-5b02","geometry":{"type":"Polygon","coordinates":[[[154201.863,167104.369],[154202.35048253,167102.83070781],[154202.81311915,167103.0055587],[154202.86132287,167103.0223317],[154204.52607264,167103.60162789],[154203.82590489,167108.89530552],[154202.3634,167110.1916],[154202.31447498,167110.18128767],[154200.72803409,167109.84836914],[154200.6791,167109.8381],[154200.63016743,167109.82782364],[154200.13827686,167109.72459753],[154200.949,167107.471],[154201.863,167104.369]]]},"geometry_name":"GEOM","properties":{"INSPIRE_ID":"https://databrussels.be/id/streetsurface/50473","TYPE":"S","STREET_ID":"https://databrussels.be/id/streetname/6057","STRNAMEFRE":"Promenade du Bergoje","STRNAMEDUT":"Bergojewandeling","MUNNISCODE":"21002","HIERARCHY":"T","LVL":0,"ADMIN":"UNKNOWN","AREA":19},"bbox":[154200.13827686,167102.83070781,154204.52607264,167110.1916]},{"type":"Feature","id":"StreetSurfaces.fid--24aa7d09_1a031580c5b_-5abb","geometry":{"type":"Polygon","coordinates":[[[154295.07630266,167066.19424831],[154289.76018131,167067.6703242],[154290.66192497,167066.3668087],[154291.48555069,167065.27415765],[154291.86424986,167064.29455329],[154291.69,167063.85],[154291.38,167062.89],[154289.81,167058.16],[154291.59,167057.27],[154293.23,167062.23],[154293.85074825,167063.85571091],[154295.26783126,167065.25799513],[154295.07630266,167066.19424831]]]},"geometry_name":"GEOM","properties":{"INSPIRE_ID":"https://databrussels.be/id/streetsurface/50474","TYPE":"S","STREET_ID":"https://databrussels.be/id/streetname/6057","STRNAMEFRE":"Promenade du Bergoje","STRNAMEDUT":"Bergojewandeling","MUNNISCODE":"21002","HIERARCHY":"T","LVL":0,"ADMIN":"UNKNOWN","AREA":24},"bbox":[154289.76018131,167057.27,154295.26783126,167067.6703242]},{"type":"Feature","id":"StreetSurfaces.fid--24aa7d09_1a031580c5b_-5aaa","geometry":{"type":"Polygon","coordinates":[[[154522.28,167046.02],[154519.93648669,167048.71837458],[154517.30341118,167049.16871163],[154516.57498947,167049.30195613],[154516.11614114,167049.38423198],[154509.78757679,167050.18407246],[154507.92588714,167050.02986426],[154505.73164189,167049.50017237],[154505.72152373,167049.49727808],[154505.28282544,167049.36362842],[154504.02590741,167048.84073187],[154502.0514306,167047.79941181],[154500.32541654,167046.96740891],[154496.87203079,167045.42492798],[154494.89381272,167044.68898786],[154488.87830613,167045.58314087],[154488.29090323,167045.70132194],[154475.90504818,167048.32733054],[154475.43760183,167048.70087056],[154456.92481113,167052.64240316],[154446.58877222,167054.99610521],[154446.53965029,167055.00528188],[154444.12556414,167055.45804853],[154441.88470834,167055.15303869],[154441.1678991,167053.29534796],[154441.14989701,167053.24869225],[154439.24610704,167052.92839551],[154439.19680267,167052.92009991],[154438.43088409,167051.00119051],[154436.82074012,167050.26752016],[154433.94702487,167049.57749195],[154432.10784711,167048.94496609],[154430.26866936,167048.25493788],[154428.25706868,167047.85242142],[154426.75173439,167047.84300772],[154426.72272868,167047.84509656],[154426.68936041,167047.84747435],[154422.70317767,167047.93827047],[154422.63935409,167047.93656401],[154417.14719309,167047.51706201],[154414.45354871,167046.81575715],[154411.77866872,167046.06109566],[154406.75896921,167045.26362178],[154406.69658313,167045.2571776],[154404.39373728,167045.43732268],[154402.20971369,167045.66733209],[154400.48548454,167045.95484384],[154398.35893526,167046.472365],[154396.28986028,167046.98988616],[154393.53109365,167047.90992377],[154389.96768674,167048.77245904],[154386.63417706,167049.46248725],[154383.2470539,167050.22228955],[154383.18586933,167050.23716604],[154369.68540422,167053.35821925],[154360.84192468,167055.19070619],[154350.54819826,167056.81078453],[154341.88390154,167058.17441319],[154331.4087,167058.9762],[154331.34626351,167058.97901672],[154322.69779214,167059.10779146],[154322.63529983,167059.10681056],[154319.81207826,167059.93140515],[154317.47005585,167061.13465218],[154312.34292569,167063.73113261],[154307.08919974,167066.01096908],[154302.1519633,167068.16414797],[154296.51844992,167070.63397081],[154295.30215671,167066.27754309],[154300.29399508,167064.83232406],[154304.52214259,167063.29146664],[154307.84386497,167062.09900262],[154306.24073243,167060.84086787],[154306.62888591,167058.84029818],[154308.43932268,167058.16529326],[154309.99981204,167059.5131282],[154309.65430174,167061.42399769],[154309.95964797,167061.22654608],[154311.45579471,167060.40140981],[154313.2592436,167059.44834703],[154315.36391465,167058.37583322],[154317.35866735,167057.39810887],[154319.02785177,167056.62001424],[154320.47453729,167056.00470767],[154321.91682734,167055.51211568],[154322.81766987,167055.2971047],[154323.7441936,167055.15088828],[154324.81963213,167055.04955531],[154327.50502312,167054.93385027],[154330.12282281,167054.88090922],[154332.1304218,167054.83737333],[154333.97148004,167054.76352004],[154335.56792602,167054.64581655],[154337.23578022,167054.45505674],[154339.89332237,167054.04060029],[154346.01863876,167052.92838332],[154352.36573187,167051.8247346],[154355.97896815,167051.2431375],[154363.07250564,167050.08733779],[154372.00883719,167048.52766315],[154382.56990816,167046.5022944],[154386.27221297,167045.73360659],[154390.69297095,167044.66118995],[154393.07504434,167043.95619473],[154395.10408049,167043.28344808],[154397.39546748,167042.46071428],[154399.14323421,167042.0010042],[154400.22343271,167041.86263949],[154401.3869691,167041.79681034],[154402.77182758,167041.77323216],[154404.21866275,167041.76435087],[154405.64844149,167041.74335183],[154406.92432866,167041.68982751],[154407.8839409,167041.61009129],[154410.90793856,167041.59292384],[154410.24350972,167038.76749621],[154412.40846183,167036.6834637],[154415.29329694,167037.4322528],[154415.93170372,167040.34350563],[154413.76675257,167042.42753917],[154415.3318962,167043.00180666],[154416.54085829,167043.50599083],[154417.98194887,167043.98778753],[154419.32595268,167044.35065914],[154420.80326121,167044.65898237],[154422.02797188,167044.83454314],[154423.55324409,167044.95275713],[154427.23068683,167045.35747065],[154433.00717081,167045.50238086],[154438.21833187,167045.89252084],[154442.12409094,167046.08501152],[154444.72572102,167046.1267317],[154447.32480142,167046.07479426],[154450.06951821,167045.89703924],[154454.40424665,167045.41728425],[154457.29299959,167045.05671394],[154461.62849725,167044.62121737],[154465.97205437,167044.51253994],[154466.64,167042.5],[154466.6,167039.97],[154465.42,167038.38],[154465.65,167037.8],[154466.88,167038.02],[154477.05,167041.25],[154483.88138778,167041.25],[154490.0559193,167040.1905807],[154494.82913869,167040.1905807],[154499.51434062,167041.10299856],[154504.94486054,167043.34441319],[154511.90763012,167044.43949392],[154518.12595264,167043.82624871],[154524.15,167042.88],[154524,167043.37],[154523.81,167043.86],[154523.63,167044.23],[154523.43,167044.6],[154523.21,167044.95],[154522.92,167045.32],[154522.28,167046.02]]]},"geometry_name":"GEOM","properties":{"INSPIRE_ID":"https://databrussels.be/id/streetsurface/50475","TYPE":"S","STREET_ID":"https://databrussels.be/id/streetname/6057","STRNAMEFRE":"Promenade du Bergoje","STRNAMEDUT":"Bergojewandeling","MUNNISCODE":"21002","HIERARCHY":"T","LVL":0,"ADMIN":"UNKNOWN","AREA":1179},"bbox":[154295.30215671,167036.6834637,154524.15,167070.63397081]},{"type":"Feature","id":"StreetSurfaces.fid--24aa7d09_1a031580c5b_-5b33","geometry":{"type":"Polygon","coordinates":[[[154244.03005479,167126.29975462],[154241.22,167127.45],[154239.27360305,167125.07222165],[154239.55533032,167125.09511279],[154239.84890926,167125.08083465],[154240.16004416,167125.02531111],[154240.46378943,167124.93193575],[154240.75012761,167124.8080855],[154240.96960972,167124.68849407],[154241.21334127,167124.52811438],[154241.43502194,167124.35123217],[154241.64711133,167124.14385765],[154241.79606717,167123.96539665],[154241.95581535,167123.7240213],[154244.03005479,167126.29975462]]]},"geometry_name":"GEOM","properties":{"INSPIRE_ID":"https://databrussels.be/id/streetsurface/50476","TYPE":"I","STREET_ID":"https://databrussels.be/id/streetname/6057","STRNAMEFRE":"Promenade du Bergoje","STRNAMEDUT":"Bergojewandeling","MUNNISCODE":"21002","HIERARCHY":"T","LVL":0,"ADMIN":"UNKNOWN","AREA":8},"bbox":[154239.27360305,167123.7240213,154244.03005479,167127.45]},{"type":"Feature","id":"StreetSurfaces.fid--24aa7d09_1a031580c5b_-5b00","geometry":{"type":"Polygon","coordinates":[[[154209.77444078,167110.75821606],[154205.73403276,167109.54188919],[154203.8259294,167108.8952838],[154204.5261,167103.6016],[154204.56325821,167103.56814454],[154205.9664,167102.3047],[154211.88683929,167104.2724115],[154210.44025019,167105.55985901],[154210.4029316,167105.59307188],[154210.82171467,167107.40039023],[154210.8329501,167107.44911444],[154209.40699827,167108.81360536],[154209.77444078,167110.75821606]]]},"geometry_name":"GEOM","properties":{"INSPIRE_ID":"https://databrussels.be/id/streetsurface/50477","TYPE":"I","STREET_ID":"https://databrussels.be/id/streetname/6057","STRNAMEFRE":"Promenade du Bergoje","STRNAMEDUT":"Bergojewandeling","MUNNISCODE":"21002","HIERARCHY":"T","LVL":0,"ADMIN":"UNKNOWN","AREA":43},"bbox":[154203.8259294,167102.3047,154211.88683929,167110.75821606]},{"type":"Feature","id":"StreetSurfaces.fid--24aa7d09_1a031580c5b_-5abc","geometry":{"type":"Polygon","coordinates":[[[154293.03706525,167073.04046487],[154291.62391724,167073.90447673],[154288.69562281,167068.72316364],[154289.76018131,167067.6703242],[154295.07630266,167066.19424831],[154295.30215671,167066.27754309],[154296.51844992,167070.63397081],[154293.03706525,167073.04046487]]]},"geometry_name":"GEOM","properties":{"INSPIRE_ID":"https://databrussels.be/id/streetsurface/50478","TYPE":"I","STREET_ID":"https://databrussels.be/id/streetname/6057","STRNAMEFRE":"Promenade du Bergoje","STRNAMEDUT":"Bergojewandeling","MUNNISCODE":"21002","HIERARCHY":"T","LVL":0,"ADMIN":"UNKNOWN","AREA":36},"bbox":[154288.69562281,167066.19424831,154296.51844992,167073.90447673]},{"type":"Feature","id":"StreetSurfaces.fid--24aa7d09_1a031580c5b_-5b70","geometry":{"type":"Polygon","coordinates":[[[154055.32191656,167611.37208661],[154052.45029736,167612.2337294],[154039.48225762,167573.09618274],[154037.15710755,167565.34795674],[154034.34245221,167554.25575951],[154020.03350545,167520.02895879],[154014.12884804,167506.93853486],[154009.63916682,167496.90152368],[154002.9308903,167482.0408139],[154001.68470606,167482.17989428],[153997.64628752,167478.02032032],[153995.53019699,167475.58370714],[153993.26281571,167472.52960563],[153998.70541376,167468.75555242],[154000,167470.72763393],[154008.98100855,167487.68450434],[154016.288,167502.596],[154026.753,167526.664],[154033.337,167542.86],[154038.048,167554.83],[154039.616,167561.849],[154040.689,167565.055],[154048.91,167591.3],[154055.32191656,167611.37208661]]]},"geometry_name":"GEOM","properties":{"INSPIRE_ID":"https://databrussels.be/id/streetsurface/50607","TYPE":"S","STREET_ID":"https://databrussels.be/id/streetname/6035","STRNAMEFRE":"Ancien Chemin de fer Bruxelles-Tervuren","STRNAMEDUT":"Voormalige Spoorlijn Brussel-Tervueren","MUNNISCODE":"21002","HIERARCHY":"T","LVL":0,"ADMIN":"UNKNOWN","AREA":548},"bbox":[153993.26281571,167468.75555242,154055.32191656,167612.2337294]},{"type":"Feature","id":"StreetSurfaces.fid--24aa7d09_1a031580c5b_-5b52","geometry":{"type":"Polygon","coordinates":[[[154232.12570406,167461.18094044],[154234.255,167463.20000035],[154236.6390447,167465.4606204],[154236.175,167466.54400035],[154236.027,167467.75000035],[154236.006,167469.08400035],[154236.324,167470.29000035],[154236.79,167471.30600035],[154237.87,167472.72400035],[154240.771,167476.30100035],[154244.096,167480.08900035],[154245.29,167479.05600035],[154245.69176684,167479.51635236],[154242.373,167482.12400035],[154238.65722852,167485.04358601],[154238.41,167484.76000035],[154239.651,167483.52200035],[154238.825,167482.65500035],[154237.788,167481.91400035],[154236.454,167481.30100035],[154235.142,167481.00500035],[154233.533,167481.09000035],[154231.988,167481.36600035],[154230.676,167481.95900035],[154229.639,167482.61500035],[154228.898,167483.52600035],[154228.8350288,167483.78550475],[154226.425,167480.59000035],[154224.21061221,167477.65390021],[154225.266,167473.02500035],[154225.647,167471.28900035],[154225.774,167470.27300035],[154225.519,167469.13000035],[154225.011,167467.94500035],[154221.71761585,167462.96413918],[154222.515,167462.39900035],[154225.21389133,167460.48618547],[154226.164,167461.57900035],[154227.349,167462.08700035],[154228.429,167462.27700035],[154229.678,167462.25600035],[154230.757,167461.98000035],[154231.815,167461.43000035],[154232.12570406,167461.18094044]]]},"geometry_name":"GEOM","properties":{"INSPIRE_ID":"https://databrussels.be/id/streetsurface/637","TYPE":"I","STREET_ID":"https://databrussels.be/id/streetname/851","STRNAMEFRE":"Avenue de la Sablière","STRNAMEDUT":"Zandgroeflaan","MUNNISCODE":"21002","HIERARCHY":"DR","LVL":0,"ADMIN":"MUN_RBC","AREA":282},"bbox":[154221.71761585,167460.48618547,154245.69176684,167485.04358601]},{"type":"Feature","id":"StreetSurfaces.fid--24aa7d09_1a031580c5b_-5b3d","geometry":{"type":"Polygon","coordinates":[[[154264.05345241,167444.49352529],[154255.16,167451.92000035],[154252.3872468,167454.19693403],[154251.936,167453.65900035],[154251.802,167453.50000035],[154251.621,167453.39500035],[154251.416,167453.35900035],[154251.211,167453.39500035],[154251.03,167453.50000035],[154250.896,167453.65900035],[154250.825,167453.85500035],[154250.825,167454.06400035],[154250.896,167454.25900035],[154251.03,167454.41900035],[154251.47329485,167454.94745448],[154240.704,167463.79100035],[154239.709,167462.45700035],[154238.418,167463.41000035],[154237.444,167464.34200035],[154236.683,167465.35800035],[154236.6390447,167465.4606204],[154232.12570406,167461.18094044],[154236.069,167458.02000035],[154234.968,167456.66600035],[154237.72,167454.44000035],[154244.51030945,167448.98022451],[154245.125,167449.71300035],[154245.306,167449.81700035],[154245.511,167449.85300035],[154245.716,167449.81700035],[154245.897,167449.71300035],[154246.031,167449.55300036],[154246.102,167449.35800035],[154246.102,167449.14900035],[154246.031,167448.95300035],[154245.43210329,167448.23905244],[154246.6,167447.30000035],[154253.62,167441.34000035],[154256.56454703,167438.92426993],[154257.041,167439.49300035],[154257.175,167439.65300035],[154257.356,167439.75700035],[154257.561,167439.79300035],[154257.766,167439.75700035],[154257.947,167439.65300035],[154258.08,167439.49300035],[154258.152,167439.29800035],[154258.152,167439.08900035],[154258.08,167438.89300035],[154257.947,167438.73400035],[154257.4783472,167438.17458081],[154260.97,167435.31000035],[154264.95,167432.12000035],[154266.63,167431.63000035],[154267.2,167431.41000035],[154267.73,167431.06000035],[154269.37,167429.72000035],[154269.77365987,167429.33261709],[154272.064,167432.13800035],[154274.13753167,167434.67836675],[154268.95671306,167439.09141663],[154268.94644144,167440.40763609],[154264.96007023,167443.73645431],[154264.485,167443.17000035],[154264.351,167443.01000035],[154264.171,167442.90600035],[154263.965,167442.87000035],[154263.76,167442.90600035],[154263.58,167443.01000035],[154263.446,167443.17000035],[154263.375,167443.36600035],[154263.375,167443.57400035],[154263.446,167443.77000035],[154263.58,167443.92900035],[154264.05345241,167444.49352529]]]},"geometry_name":"GEOM","properties":{"INSPIRE_ID":"https://databrussels.be/id/streetsurface/7286","TYPE":"S","STREET_ID":"https://databrussels.be/id/streetname/851","STRNAMEFRE":"Avenue de la Sablière","STRNAMEDUT":"Zandgroeflaan","MUNNISCODE":"21002","HIERARCHY":"DR","LVL":0,"ADMIN":"MUN_RBC","AREA":409},"bbox":[154232.12570406,167429.33261709,154274.13753167,167465.4606204]},{"type":"Feature","id":"StreetSurfaces.fid--24aa7d09_1a031580c5b_-5b3a","geometry":{"type":"Polygon","coordinates":[[[154284.1311288,167433.3011693],[154285.94778331,167435.4679912],[154288.62607988,167436.0414894],[154295.52800096,167443.95830925],[154298.49348081,167447.13480125],[154300.07892253,167448.68287893],[154302.21347956,167450.72666237],[154304.03,167452.55000035],[154306.46,167454.71000035],[154308.9,167456.87000035],[154310.87,167458.59000035],[154312.84,167460.30000035],[154314.8,167462.03000035],[154319.33,167466.19000035],[154323.8,167470.43000035],[154328.28,167474.65000035],[154332.13,167478.14000035],[154336,167481.61000035],[154339.78,167485.17000035],[154342.55,167487.97000035],[154345.27,167490.81000035],[154347.97,167493.67000035],[154352.05,167497.97000035],[154354.07,167500.13000035],[154361.63,167508.23000035],[154369.13,167516.38000035],[154376.64,167524.52000035],[154386.28,167535.34000035],[154389.357,167538.79000035],[154388.055,167539.84200035],[154389.071,167540.98500035],[154389.50965961,167541.22466019],[154387.061,167543.43700035],[154384.43982476,167545.80520671],[154371.94,167532.00000035],[154366.23,167525.75000035],[154366.58,167523.81000035],[154367.04,167521.29000035],[154365.37,167519.37000035],[154363.69,167517.44000035],[154362.01,167515.53000035],[154357.07,167510.14000035],[154352.04,167504.84000035],[154346.97,167499.57000035],[154344.6,167497.12000035],[154342.22,167494.67000035],[154339.84,167492.23000035],[154336.89,167489.26000035],[154333.93,167486.29000035],[154330.98,167483.33000035],[154325.4,167478.32000035],[154319.82,167473.32000035],[154314.25,167468.30000035],[154307.83,167462.49000035],[154301.42,167456.67000035],[154295.02,167450.85000035],[154293.2,167451.11000035],[154288.51,167446.72000035],[154285.72,167444.12000035],[154281.19,167438.38000035],[154281.39,167436.30000035],[154281.14622774,167435.99886991],[154282.619,167434.66800035],[154284.1311288,167433.3011693]]]},"geometry_name":"GEOM","properties":{"INSPIRE_ID":"https://databrussels.be/id/streetsurface/8558","TYPE":"S","STREET_ID":"https://databrussels.be/id/streetname/1345","STRNAMEFRE":"Rue du Vieux Moulin","STRNAMEDUT":"Oude Molenstraat","MUNNISCODE":"21002","HIERARCHY":"DR","LVL":0,"ADMIN":"MUN_RBC","AREA":864},"bbox":[154281.14622774,167433.3011693,154389.50965961,167545.80520671]},{"type":"Feature","id":"StreetSurfaces.fid--24aa7d09_1a031580c5b_-5afc","geometry":{"type":"Polygon","coordinates":[[[154213.37076668,167293.63867731],[154213.73,167293.57000035],[154215.09,167293.20000035],[154218.52,167292.26000035],[154219.05,167292.11000035],[154219.65895055,167291.94275337],[154220.844,167296.31800035],[154222.14798131,167301.13029418],[154221.704,167301.17100035],[154220.55,167301.47000035],[154217.63,167302.27000035],[154216.82,167302.49000035],[154215.84824298,167302.78556443],[154214.598,167298.17000035],[154213.37076668,167293.63867731]]]},"geometry_name":"GEOM","properties":{"INSPIRE_ID":"https://databrussels.be/id/streetsurface/8939","TYPE":"S","STREET_ID":"https://databrussels.be/id/streetname/1131","STRNAMEFRE":"Chaussée de Wavre","STRNAMEDUT":"Waversesteenweg","MUNNISCODE":"21002","HIERARCHY":"IDR","LVL":0,"ADMIN":"REGION_RBC","AREA":61},"bbox":[154213.37076668,167291.94275337,154222.14798131,167302.78556443]},{"type":"Feature","id":"StreetSurfaces.fid--24aa7d09_1a031580c5b_-5ab7","geometry":{"type":"Polygon","coordinates":[[[154082.49135679,167063.51945466],[154076.90093007,167061.36797266],[154077.25251477,167060.47998511],[154078.57745321,167057.13362555],[154082.057,167048.81200035],[154085.509,167040.99800035],[154089.10136106,167033.24719297],[154090.865,167029.44200035],[154104.8571463,167000.00419524],[154107.29548147,166994.8742292],[154107.615,166994.20200035],[154110.38578744,166988.37616206],[154111.16308324,166986.74203402],[154116.73197816,166988.99446742],[154111.5064188,167000.00400035],[154110.03843955,167003.09683017],[154097.74,167028.99000035],[154097.567,167029.36000035],[154093.796,167037.32400036],[154090.627,167044.19700036],[154088.78443001,167048.35428903],[154086.984,167052.53000035],[154085.62257671,167055.7809439],[154084.30693291,167058.99672335],[154082.70943608,167062.96679507],[154082.49135679,167063.51945466]]]},"geometry_name":"GEOM","properties":{"INSPIRE_ID":"https://databrussels.be/id/streetsurface/9743","TYPE":"S","STREET_ID":"https://databrussels.be/id/streetname/1838","STRNAMEFRE":"Boulevard du Souverain","STRNAMEDUT":"Vorstlaan","MUNNISCODE":"21002","HIERARCHY":"MER","LVL":0,"ADMIN":"REGION_RBC","AREA":492},"bbox":[154076.90093007,166986.74203402,154116.73197816,167063.51945466]},{"type":"Feature","id":"StreetSurfaces.fid--24aa7d09_1a031580c5b_-5ab3","geometry":{"type":"Polygon","coordinates":[[[154082.49135679,167063.51945466],[154081.157,167066.90100035],[154081.373,167066.94200035],[154085.0144971,167068.03778066],[154084.36363848,167073.9321374],[154079.345,167072.27400035],[154079.152,167072.21900035],[154077.78832166,167075.94183202],[154077.03151203,167078.06298237],[154071.4599762,167075.82499197],[154072.271,167073.52400035],[154075.31160427,167065.54079777],[154076.90093007,167061.36797266],[154082.49135679,167063.51945466]]]},"geometry_name":"GEOM","properties":{"INSPIRE_ID":"https://databrussels.be/id/streetsurface/9745","TYPE":"I","STREET_ID":"https://databrussels.be/id/streetname/1838","STRNAMEFRE":"Boulevard du Souverain","STRNAMEDUT":"Vorstlaan","MUNNISCODE":"21002","HIERARCHY":"MER","LVL":0,"ADMIN":"REGION_RBC","AREA":120},"bbox":[154071.4599762,167061.36797266,154085.0144971,167078.06298237]},{"type":"Feature","id":"StreetSurfaces.fid--24aa7d09_1a031580c5b_-5aba","geometry":{"type":"Polygon","coordinates":[[[154073.00162254,167018.03110338],[154072.80017143,167018.39365126],[154071.60708305,167020.5408306],[154071.00155768,167021.63058353],[154070.4317691,167022.69749006],[154069.85108788,167023.78479262],[154069.3185,167024.82250035],[154068.70097227,167026.02570705],[154068.23621844,167026.96355083],[154067.78540051,167027.87327286],[154067.20522729,167029.08807492],[154066.25698881,167031.0863139],[154066.19414027,167031.22183716],[154065.35915376,167033.21099052],[154063.78940709,167036.99921343],[154063.36173065,167038.03131225],[154063.035,167038.85900036],[154062.298,167040.72600035],[154061.611,167042.61650035],[154060.924,167044.50700035],[154060.22468017,167046.38043823],[154059.52527879,167048.25409456],[154058.29340573,167051.55421212],[154057.41702048,167053.90199813],[154055.1650053,167059.93501812],[154052.99123721,167065.9968084],[154050.207,167073.76100036],[154047.58810886,167081.58372372],[154047.18779423,167082.77947812],[154046.90053558,167083.67238976],[154046.62055955,167084.54266417],[154046.24186526,167085.77058484],[154044.14136102,167092.5814945],[154042.092,167099.56700035],[154040.7515,167104.51900035],[154039.411,167109.47100035],[154038.694,167112.29000035],[154037.977,167115.10900035],[154036.241,167122.44000035],[154034.593,167129.79200035],[154033.7275,167134.03450035],[154032.862,167138.27700035],[154032.3165,167141.20350035],[154031.7572971,167144.12743985],[154031.05130517,167147.90566078],[154030.44,167147.80700036],[154030.304,167148.63200035],[154022.40119396,167147.18911976],[154022.441,167146.92100035],[154022.8058128,167144.71479075],[154023.234,167142.52000035],[154024.04514575,167138.8006712],[154024.982,167135.11100036],[154026.1721038,167131.23540075],[154027.486,167127.40000035],[154028.191797,167125.49739435],[154028.916,167123.60200035],[154029.5195847,167121.99303109],[154030.104,167120.37700035],[154030.75763766,167118.42134606],[154031.372,167116.45300035],[154031.98705096,167114.33639165],[154032.56,167112.20800035],[154035.399,167101.60900035],[154037.382,167094.41500036],[154036.107,167091.88600035],[154038.17392426,167085.12973857],[154040.226,167078.88600035],[154042.34766621,167072.5731999],[154044.521,167066.27800035],[154047.72374602,167057.55278747],[154050.355,167050.61400035],[154051.71,167047.07100035],[154052.38904587,167045.2351265],[154053.034,167043.38700035],[154054.223,167039.89600035],[154054.79,167038.17800035],[154055.928,167035.18300035],[154056.768,167033.25200035],[154057.477,167031.76800035],[154060.903,167024.86500035],[154066.52,167013.54600035],[154068.15,167010.26000035],[154070.06280629,167006.47072271],[154072.01,167002.69900035],[154073.41914157,167000.00400036],[154073.98516751,166998.92146902],[154075.987,166995.15800036],[154079.056,166989.44300035],[154079.235,166989.09800035],[154079.59944365,166988.61689407],[154080.066,166988.23400035],[154080.54830083,166987.95004916],[154081.074,166987.75800036],[154081.82277508,166987.2952712],[154082.482,166986.71200035],[154083.06563527,166985.98380456],[154083.517,166985.16700035],[154084.24827449,166983.7506712],[154084.911,166982.30100035],[154085.49322696,166980.84932785],[154086.004,166979.37100035],[154086.522,166977.73900035],[154087.6352421,166974.65264592],[154088.909,166971.62900035],[154090.20925697,166968.8114129],[154091.621,166966.04800035],[154092.217,166964.88300035],[154096.778,166955.88100035],[154099.92275217,166949.42297164],[154102.869,166942.87200036],[154105.5975843,166936.27435756],[154108.138,166929.60200036],[154111.331,166920.22300036],[154111.99635062,166918.11327934],[154112.258,166917.09500035],[154112.60358614,166915.0261384],[154112.73038525,166912.93244751],[154112.637,166910.83700035],[154112.5433354,166910.34282421],[154116.303,166903.14000035],[154116.501,166903.08300035],[154116.66366213,166902.9560899],[154116.766,166902.77700035],[154120.41258744,166891.42002097],[154120.37478921,166891.24273582],[154128.944,166892.66400036],[154128.54603993,166893.04446904],[154128.302,166893.53800036],[154127.8072627,166895.10434551],[154126.38863936,166899.59572666],[154124.983,166904.04600036],[154122.26031577,166912.31995068],[154121.86707872,166913.51495662],[154121.075,166915.92200036],[154120.71612203,166917.1469658],[154119.3158501,166921.92654238],[154119.01762072,166922.88725855],[154117.888,166926.55100035],[154115.838,166932.40600036],[154113.43211162,166938.64319554],[154110.88,166944.82200036],[154108.29334192,166950.6379776],[154105.5282585,166956.37117393],[154102.25300324,166963.16217393],[154098.83,166969.88000036],[154095.05603173,166976.96105491],[154091.175,166983.98400036],[154090.03989306,166986.0119405],[154089.00394587,166987.90228702],[154086.27387654,166992.88398601],[154082.97053886,166998.91175747],[154082.65459137,166999.49440556],[154082.55153705,166999.68445107],[154082.38264647,167000.00630327],[154081.78973413,167001.13620728],[154080.38359445,167003.81586623],[154080.3304983,167003.91832361],[154079.98764654,167004.59885589],[154078.91864719,167006.72482861],[154078.75607263,167007.0481488],[154077.1466939,167010.24880118],[154076.57823254,167011.37932886],[154075.9677523,167012.59342158],[154075.42392326,167013.632059],[154075.06383423,167014.3197787],[154074.82638909,167014.74710436],[154073.00162254,167018.03110338]]]},"geometry_name":"GEOM","properties":{"INSPIRE_ID":"https://databrussels.be/id/streetsurface/9746","TYPE":"S","STREET_ID":"https://databrussels.be/id/streetname/1838","STRNAMEFRE":"Boulevard du Souverain","STRNAMEDUT":"Vorstlaan","MUNNISCODE":"21002","HIERARCHY":"MER","LVL":0,"ADMIN":"REGION_RBC","AREA":2130},"bbox":[154022.40119396,166891.24273582,154128.944,167148.63200035]},{"type":"Feature","id":"StreetSurfaces.fid--24aa7d09_1a031580c5b_-5b26","geometry":{"type":"Polygon","coordinates":[[[154416.47030812,167277.48451599],[154406.13038731,167280.22113564],[154406.12184621,167280.21424425],[154405.78774367,167280.0179742],[154405.45114456,167279.88125511],[154405.13124063,167279.78060142],[154404.6969731,167279.71419637],[154404.37531457,167279.73183152],[154403.8579739,167279.78670734],[154402.69166224,167280.14790556],[154402.17946628,167280.35698648],[154401.73763308,167280.60629342],[154401.45719419,167280.89583005],[154401.38203855,167281.19398196],[154401.34554845,167281.41785256],[154401.34115857,167281.48867895],[154392.44132667,167283.84415685],[154391.17412811,167283.54772018],[154389.79625739,167283.34961577],[154389.47688139,167285.28673618],[154385.95707685,167285.23488696],[154385.50135337,167275.31226774],[154385.98,167275.23000035],[154386.85,167275.05000035],[154387.71,167274.84000035],[154388.56,167274.59000035],[154389.36,167274.30000035],[154390.15,167273.96000035],[154390.93,167273.62000035],[154416.76075418,167262.61152987],[154418.11316028,167265.81342211],[154417.64833706,167265.98498317],[154417.32332885,167266.1237322],[154413.48490952,167267.90533626],[154406.6839432,167270.97165619],[154406.53676428,167271.19725151],[154406.48855703,167271.35131357],[154406.49777187,167271.49776145],[154406.55893562,167271.62525214],[154406.62781239,167271.71419102],[154408.57685819,167272.84666861],[154408.9992146,167272.8328545],[154414.47040576,167269.70904466],[154418.06904801,167267.44796427],[154418.37550095,167267.27785698],[154418.65546368,167267.09749227],[154420.114675,167270.55305512],[154418.89,167271.71000035],[154418.10308095,167272.6331442],[154417.25997162,167274.07057827],[154416.69319391,167275.41245142],[154416.46736625,167276.41898032],[154416.46858981,167277.46291641],[154416.47030812,167277.48451599]]]},"geometry_name":"GEOM","properties":{"INSPIRE_ID":"https://databrussels.be/id/streetsurface/9851","TYPE":"I","STREET_ID":"https://databrussels.be/id/streetname/1131","STRNAMEFRE":"Chaussée de Wavre","STRNAMEDUT":"Waversesteenweg","MUNNISCODE":"21002","HIERARCHY":"IDR","LVL":0,"ADMIN":"REGION_RBC","AREA":370},"bbox":[154385.50135337,167262.61152987,154420.114675,167285.28673618]}],"numberReturned":204,"grand_bruxelles_source":{"authority":"Paradigm / Brussels-Capital Region","service":"https://geoservices-urbis.irisnet.be/geoserver/urbisvector/wfs","layer":"urbisvector:StreetSurfaces","crs":"EPSG:31370","bbox":[154000.0,167000.0,154500.0,167500.0],"cell_id":"bxl-e154000-n167000-s500","ownership":"bbox_intersection_source_unclipped"}}
