{"type":"FeatureCollection","totalFeatures":72,"numberMatched":72,"timeStamp":"2026-08-24T03:42:11.388Z","crs":{"type":"name","properties":{"name":"urn:ogc:def:crs:EPSG::31370"}},"bbox":[154584.36940637,167934.52300035,155552.21789302,168806.1146495],"features":[{"type":"Feature","id":"StreetSurfaces.fid--481543fe_1a031752986_-404d","geometry":{"type":"Polygon","coordinates":[[[155005.18688544,167984.03886396],[155007.671,167983.15100035],[155010.15,167982.19000035],[155010.62,167983.66000035],[155011.71,167986.27000035],[155014,167990.83000035],[155014.96,167992.57000035],[155015.92,167994.30000035],[155016.93,167996.00000035],[155018.11,167997.73000035],[155019.35,167999.41000035],[155019.77,168000.00000035],[155020.56,168001.11000035],[155021.4,168002.38000035],[155022.22,168003.65000035],[155023.07,168004.90000035],[155023.91,168006.04000035],[155024.77,168007.15000035],[155025.67,168008.23000035],[155026.72,168009.40000035],[155028.9,168011.66000035],[155030.82,168013.74000035],[155031.79,168014.76000035],[155032.39,168015.37000035],[155032.95,168015.95000035],[155034.14,168017.11000035],[155035.34,168018.26000035],[155036.5,168019.31000035],[155037.15,168019.88000035],[155037.67,168020.35000035],[155038.85,168021.38000035],[155055.03,168035.78000035],[155055.53,168036.22000035],[155056.04,168036.65000035],[155056.55,168037.07000035],[155057.11,168037.50000035],[155057.68,168037.92000035],[155058.26,168038.31000035],[155058.97,168038.73000035],[155059.69,168039.12000035],[155060.44,168039.47000035],[155061.18,168039.76000035],[155061.94,168040.02000035],[155062.72,168040.21000035],[155063.49,168040.35000035],[155064.28,168040.42000035],[155065.06,168040.44000035],[155065.76,168040.40000035],[155066.45,168040.32000035],[155067.15,168040.24000035],[155070.24,168039.91000035],[155071.5,168039.85000035],[155072.76,168039.78000035],[155074.01,168039.82000035],[155075.04,168039.94000035],[155076.06,168040.13000035],[155077.06,168040.39000035],[155078.06,168040.75000035],[155079.04,168041.19000035],[155079.98,168041.69000035],[155080.89,168042.25000035],[155081.77,168042.88000035],[155082.58,168043.57000035],[155083.37,168044.43000035],[155084.09,168045.36000035],[155084.75,168046.33000035],[155085.41,168047.35000035],[155086.02,168048.40000035],[155086.53,168049.49000035],[155086.88,168050.51000035],[155087.15,168051.56000035],[155087.35,168052.62000035],[155087.48,168054.06000035],[155087.46,168055.51000035],[155087.31,168056.95000035],[155086.96,168058.61000035],[155086.42,168060.24000035],[155085.69,168061.77000035],[155084.81,168063.12000035],[155083.77,168064.38000035],[155082.62,168065.52000035],[155080.78,168066.88000035],[155078.74,168068.00000035],[155076.69,168069.12000035],[155075.52,168069.33000035],[155074.34,168069.53000035],[155073.16,168069.65000035],[155071.98,168069.65000035],[155070.8,168069.56000035],[155069.64,168069.39000035],[155068.44,168069.13000035],[155067.27,168068.77000035],[155066.15,168068.31000035],[155065.17,168067.78000035],[155064.23,168067.15000035],[155063.34,168066.48000035],[155062.4,168065.72000035],[155061.51,168064.90000035],[155060.7,168064.02000035],[155060.13,168063.25000035],[155059.61,168062.45000035],[155059.15,168061.61000035],[155058.74,168060.74000035],[155058.38,168059.85000035],[155058.08,168058.93000035],[155057.81,168057.98000035],[155057.6,168057.02000035],[155057.46,168056.04000035],[155057.39,168055.18000035],[155057.37,168054.31000035],[155057.36,168053.43000035],[155057.34,168052.29000035],[155057.33,168051.14000035],[155057.26,168050.00000035],[155057.15,168048.99000035],[155057,168047.99000035],[155056.79,168047.01000035],[155056.42,168045.78000035],[155055.95,168044.57000035],[155055.34,168043.45000035],[155054.93,168042.90000035],[155054.48,168042.36000035],[155054.03,168041.83000035],[155052.04,168039.96000035],[155050.04,168038.08000035],[155048.04,168036.22000035],[155044.47,168033.01000035],[155040.87,168029.84000035],[155037.26,168026.67000035],[155034.54,168024.22000035],[155031.83,168021.78000035],[155029.17,168019.27000035],[155027.13,168017.24000035],[155025.13,168015.17000035],[155023.19,168013.05000035],[155021.24,168010.73000035],[155019.36,168008.35000035],[155017.54,168005.93000035],[155015.85,168003.59000035],[155014.22,168001.21000035],[155013.45,168000.00000035],[155012.67,167998.77000035],[155011.41,167996.62000035],[155010.21,167994.43000035],[155009.06,167992.21000035],[155008.05,167990.12000035],[155007.07,167988.02000035],[155006.1,167985.91000035],[155005.18688544,167984.03886396]]]},"geometry_name":"GEOM","properties":{"INSPIRE_ID":"https://databrussels.be/id/streetsurface/10371","TYPE":"S","STREET_ID":"https://databrussels.be/id/streetname/431","STRNAMEFRE":"Clos Saint-Georges","STRNAMEDUT":"Sint-Georgiusgaarde","MUNNISCODE":"21019","HIERARCHY":"DR","LVL":0,"ADMIN":"MUN_RBC","AREA":1148},"bbox":[155005.18688544,167982.19000035,155087.48,168069.65000035]},{"type":"Feature","id":"StreetSurfaces.fid--481543fe_1a031752986_-4026","geometry":{"type":"Polygon","coordinates":[[[155220.27207789,168002.96924163],[155224.5100925,168005.17488396],[155230.09591457,168006.79336086],[155231.38241528,168007.25092542],[155227.06,168006.75000035],[155224.52,168006.65000035],[155223.26,168006.62000035],[155222.35,168006.63000035],[155221.44,168006.66000035],[155220.54,168006.71000035],[155219.79743642,168006.76257123],[155220.27207789,168002.96924163]]]},"geometry_name":"GEOM","properties":{"INSPIRE_ID":"https://databrussels.be/id/streetsurface/131537","TYPE":"S","STREET_ID":"https://databrussels.be/id/streetname/3880","STRNAMEFRE":"Avenue Colonel Daumerie","STRNAMEDUT":"Kolonel Daumerielaan","MUNNISCODE":"21019","HIERARCHY":"DR","LVL":0,"ADMIN":"MUN_RBC","AREA":17},"bbox":[155219.79743642,168002.96924163,155231.38241528,168007.25092542]},{"type":"Feature","id":"StreetSurfaces.fid--481543fe_1a031752986_-4040","geometry":{"type":"Polygon","coordinates":[[[155392.14607512,168449.14776899],[155382.8419609,168464.08720348],[155375.61384152,168461.16551321],[155378,168457.67000035],[155381.22,168452.24000035],[155384.21,168447.27000035],[155387.09,168441.90000035],[155390.16,168436.05000035],[155392.83,168430.49000035],[155394.86,168425.84000035],[155396.02,168423.13000035],[155397.32,168420.02000035],[155398.69,168416.61000035],[155400.33,168412.21000035],[155401.98,168407.65000035],[155404.39,168400.77000035],[155406.34,168394.87000035],[155408.13,168388.98000035],[155409.94,168382.42000035],[155414.31,168364.11000035],[155419.03,168343.39000035],[155428.62,168301.88000035],[155435.77,168271.78000035],[155443.12,168239.77000035],[155451.49,168203.32000035],[155469.22,168127.45000035],[155477.36,168092.27000035],[155488.75544621,168041.77253282],[155498.88974787,168044.11644024],[155467.63683279,168179.24399086],[155445.94067581,168272.79611098],[155438.11786211,168307.88950178],[155431.5466813,168336.27463589],[155422.21215057,168376.36240437],[155419.2315865,168388.22444159],[155415.08692254,168402.08014993],[155412.13179096,168410.78556994],[155408.40896221,168420.18956732],[155403.72569641,168429.05957223],[155399.70584813,168436.31123627],[155392.14607512,168449.14776899]]]},"geometry_name":"GEOM","properties":{"INSPIRE_ID":"https://databrussels.be/id/streetsurface/13427","TYPE":"S","STREET_ID":"https://databrussels.be/id/streetname/1484","STRNAMEFRE":"Avenue de Tervueren","STRNAMEDUT":"Tervurenlaan","MUNNISCODE":"21019","HIERARCHY":"MER","LVL":0,"ADMIN":"REGION_RBC","AREA":4416},"bbox":[155375.61384152,168041.77253282,155498.88974787,168464.08720348]},{"type":"Feature","id":"StreetSurfaces.fid--481543fe_1a031752986_-4018","geometry":{"type":"Polygon","coordinates":[[[155513.24849143,167934.95450303],[155513.23,167935.50000035],[155510.15,167949.11000035],[155504.79,167972.07000035],[155500.23,167992.29000035],[155498.42,168000.00000035],[155493.37,168021.48000035],[155493.16099276,168022.01693274],[155491.056,168021.91100035],[155493.84,168010.63000035],[155494.24,168008.10000035],[155496.18,168000.00000035],[155497.83,167993.62000035],[155501.59,167977.41000035],[155505.412,167960.54200035],[155508.6,167946.47200035],[155510.089,167939.90300035],[155511.308,167934.52300035],[155513.24849143,167934.95450303]]]},"geometry_name":"GEOM","properties":{"INSPIRE_ID":"https://databrussels.be/id/streetsurface/138822","TYPE":"SW","STREET_ID":"https://databrussels.be/id/streetname/915","STRNAMEFRE":"Avenue de Tervuren","STRNAMEDUT":"Tervuurselaan","MUNNISCODE":"21002","HIERARCHY":"MER","LVL":0,"ADMIN":"REGION_RBC","AREA":184},"bbox":[155491.056,167934.52300035,155513.24849143,168022.01693274]},{"type":"Feature","id":"StreetSurfaces.fid--481543fe_1a031752986_-4029","geometry":{"type":"Polygon","coordinates":[[[155269.41723782,168379.32352481],[155269.78,168370.43000035],[155270.61,168352.54000035],[155271.7,168325.77000035],[155274.06,168278.07000035],[155274.43,168272.61000035],[155274.44,168270.16000035],[155274.28,168266.12000035],[155274.14,168264.10000035],[155273.85,168261.51000035],[155273.47,168258.93000035],[155272.99,168256.37000035],[155272.61,168254.68000035],[155272.18,168252.99000035],[155271.73,168251.31000035],[155271.25,168249.49000035],[155270.75,168247.68000035],[155270.18,168245.90000035],[155269.59,168244.38000035],[155268.95,168242.88000035],[155268.28,168241.39000035],[155267.45,168239.56000035],[155266.58,168237.74000035],[155265.65,168235.95000035],[155264.6,168234.07000035],[155263.48,168232.22000035],[155262.29,168230.42000035],[155261.03,168228.67000035],[155259.7,168226.96000035],[155258.33,168225.28000035],[155257.38,168224.14000035],[155256.41,168223.02000035],[155255.42,168221.92000035],[155254.33,168220.73000035],[155252.09,168218.41000035],[155249.41,168215.59000035],[155246.74,168212.76000035],[155244.13,168209.88000035],[155242.29,168207.72000035],[155240.48,168205.53000035],[155238.72,168203.31000035],[155237.05,168201.11000035],[155235.42,168198.89000035],[155233.82,168196.65000035],[155232.1,168194.20000035],[155230.42,168191.74000035],[155228.79,168189.24000035],[155226.82,168186.00000035],[155224.94,168182.70000035],[155223.07,168179.40000035],[155221.75,168177.10000035],[155220.43,168174.79000035],[155219.17,168172.46000035],[155216.52,168166.68000035],[155214.2,168160.73000035],[155211.99,168154.75000035],[155210.76,168151.54000035],[155209.57,168148.33000035],[155208.5,168145.08000035],[155207.83,168142.72000035],[155207.22,168140.34000035],[155206.65,168137.96000035],[155206.1,168135.55000035],[155205.59,168133.14000035],[155205.11,168130.71000035],[155204.65,168128.11000035],[155204.24,168125.50000035],[155203.85,168122.89000035],[155203.43,168120.21000035],[155203.04,168117.54000035],[155202.71,168114.86000035],[155202.51,168112.69000035],[155202.36,168110.53000035],[155202.24,168108.36000035],[155202.14,168105.68000035],[155202.09,168102.99000035],[155202.06,168100.30000035],[155202.06,168097.50000035],[155202.09,168094.70000035],[155202.14,168091.89000035],[155202.21,168088.88000035],[155202.41,168082.86000035],[155202.54,168078.85000035],[155202.68,168074.85000035],[155202.82,168070.84000035],[155203.06,168062.62000035],[155203.29,168054.39000035],[155203.55,168046.17000035],[155203.85,168038.12000035],[155204.49,168022.02000035],[155204.76284828,168020.88767998],[155206.3,168020.96000035],[155203.87,168101.28000035],[155204.85,168113.03000035],[155207.455,168129.61600035],[155209.497,168139.11400035],[155211.377,168145.82500035],[155218.823,168165.70400035],[155222.025,168172.48400035],[155227.966,168182.96200035],[155235.046,168193.87200035],[155241.81,168203.10000035],[155253.19,168216.14000035],[155258,168220.92000035],[155263.619,168228.07200035],[155266.2,168231.83000035],[155271.54,168242.69000035],[155274.368,168250.60900035],[155275.664,168255.81900035],[155276.558,168261.15900035],[155277.06,168267.38000035],[155276.859,168277.32500035],[155274.283,168328.71800035],[155273.39,168346.39000035],[155272.93,168352.17000035],[155272.56,168363.09000035],[155271.657,168379.44700035],[155269.41723782,168379.32352481]]]},"geometry_name":"GEOM","properties":{"INSPIRE_ID":"https://databrussels.be/id/streetsurface/138845","TYPE":"SW","STREET_ID":"https://databrussels.be/id/streetname/4523","STRNAMEFRE":"Avenue Bois du Dimanche","STRNAMEDUT":"Zondagsboslaan","MUNNISCODE":"21019","HIERARCHY":"DR","LVL":0,"ADMIN":"MUN_RBC","AREA":916},"bbox":[155202.06,168020.88767998,155277.06,168379.44700035]},{"type":"Feature","id":"StreetSurfaces.fid--481543fe_1a031752986_-402c","geometry":{"type":"Polygon","coordinates":[[[155195.119,168020.43400035],[155197.36282171,168020.53954947],[155197.25,168023.60000035],[155196.45,168048.10000035],[155195.17,168084.07000035],[155194.65,168099.57000035],[155194.75,168103.65000035],[155195,168108.07000035],[155195.41,168113.66000035],[155196.17,168120.20000035],[155197.42,168128.89000035],[155198.71,168135.60000035],[155200.91,168144.53000035],[155203.77,168153.82000035],[155207.12,168162.75000035],[155210.21,168170.00000035],[155213.98,168178.28000035],[155218.76,168186.73000035],[155223.52,168194.65000035],[155230.63,168204.07000035],[155236,168211.39000035],[155241.74,168218.00000035],[155250.34,168226.67000035],[155253.62,168230.11000035],[155255.12,168231.94000035],[155256.34,168233.84000035],[155257.45,168235.84000035],[155258.54,168237.85000035],[155259.81,168239.98000035],[155261.07,168242.12000035],[155262.19,168244.33000035],[155263.15,168246.69000035],[155263.97,168249.11000035],[155264.7,168251.56000035],[155265.38,168254.10000035],[155265.96,168256.66000035],[155266.42,168259.24000035],[155266.73,168261.65000035],[155266.94,168264.08000035],[155267.06,168266.51000035],[155267.1,168268.89000035],[155267.05,168271.27000035],[155267.01,168273.66000035],[155266.4,168289.66000035],[155265.12,168316.35000035],[155264.17,168337.39000035],[155263.08,168360.90000035],[155262.17527051,168378.92363088],[155259.94,168378.80000035],[155260.59,168361.76000035],[155260.63,168357.40000035],[155261.01,168353.23000035],[155262.599,168320.98800035],[155263.68,168294.41000035],[155264.3,168283.97000035],[155264.14,168280.76900035],[155264.99,168268.26000035],[155264.93,168265.60000035],[155264.67,168264.39000035],[155264.07,168258.18000035],[155261.25,168248.49000035],[155259.77,168244.99000035],[155254.58,168236.58000035],[155251.14,168231.57000035],[155243.78,168223.48000035],[155239.69,168219.22000035],[155232.74,168211.22000035],[155229.19,168206.31000035],[155223.66,168199.46000035],[155217.71,168189.96000035],[155213.65,168182.61000035],[155203.61,168160.63000035],[155198.228,168144.09300035],[155196.414,168136.73300035],[155194.878,168128.77800035],[155192.91,168114.08000035],[155192.35,168106.38000035],[155192.04,168097.64000035],[155193.61,168059.11000035],[155194.33,168037.20000035],[155195.119,168020.43400035]]]},"geometry_name":"GEOM","properties":{"INSPIRE_ID":"https://databrussels.be/id/streetsurface/138870","TYPE":"SW","STREET_ID":"https://databrussels.be/id/streetname/4523","STRNAMEFRE":"Avenue Bois du Dimanche","STRNAMEDUT":"Zondagsboslaan","MUNNISCODE":"21019","HIERARCHY":"DR","LVL":0,"ADMIN":"MUN_RBC","AREA":924},"bbox":[155192.04,168020.43400035,155267.1,168378.92363088]},{"type":"Feature","id":"StreetSurfaces.fid--481543fe_1a031752986_-4027","geometry":{"type":"Polygon","coordinates":[[[155231.38241528,168007.25092542],[155234.03040118,168008.19272398],[155243.80907309,168008.71727969],[155244.11293762,168008.73357985],[155252.2,168009.63000035],[155259.33,168010.38000035],[155266.46,168011.09000035],[155273.6,168011.77000035],[155278.08,168012.16000035],[155282.56,168012.54000035],[155287.04,168012.97000035],[155291.37,168013.47000035],[155295.69,168014.01000035],[155300.01,168014.54000035],[155305.81,168015.18000035],[155311.61,168015.80000035],[155317.41,168016.41000035],[155335.56,168018.30000035],[155351.26,168019.94000035],[155359.12,168020.76000035],[155385.87,168023.42000035],[155399.52,168024.86000035],[155421.43,168027.27000035],[155447.16,168030.03000035],[155484.36832302,168033.90351118],[155484.318,168036.06000035],[155431.91,168030.44000035],[155426.364,168029.99800035],[155382.805,168025.32600035],[155346.18,168021.68000035],[155311.69,168018.03000035],[155277.57,168014.64000035],[155227.6,168009.08000035],[155223.32,168008.76000035],[155219.54,168008.82000035],[155219.79743642,168006.76257123],[155220.54,168006.71000035],[155221.44,168006.66000035],[155222.35,168006.63000035],[155223.26,168006.62000035],[155224.52,168006.65000035],[155227.06,168006.75000035],[155231.38241528,168007.25092542]]]},"geometry_name":"GEOM","properties":{"INSPIRE_ID":"https://databrussels.be/id/streetsurface/138871","TYPE":"SW","STREET_ID":"https://databrussels.be/id/streetname/3880","STRNAMEFRE":"Avenue Colonel Daumerie","STRNAMEDUT":"Kolonel Daumerielaan","MUNNISCODE":"21019","HIERARCHY":"DR","LVL":0,"ADMIN":"MUN_RBC","AREA":587},"bbox":[155219.54,168006.62000035,155484.36832302,168036.06000035]},{"type":"Feature","id":"StreetSurfaces.fid--481543fe_1a031752986_-4028","geometry":{"type":"Polygon","coordinates":[[[155219.54,168008.82000035],[155215.72,168009.57000035],[155212.99,168011.01000035],[155211.17,168012.43000035],[155208.09,168016.08000035],[155206.73,168018.83000035],[155206.3,168020.96000035],[155204.76284828,168020.88767998],[155204.89,168020.36000035],[155205.28,168018.70000035],[155205.8,168017.09000035],[155206.28,168015.97000035],[155206.82,168014.87000035],[155207.43,168013.81000035],[155208.21,168012.65000035],[155209.07,168011.54000035],[155210.05,168010.56000035],[155211.23,168009.70000035],[155212.53,168008.99000035],[155213.87,168008.35000035],[155214.95,168007.87000035],[155216.05,168007.45000035],[155217.17,168007.11000035],[155218.28,168006.91000035],[155219.41,168006.79000035],[155219.79743642,168006.76257123],[155219.54,168008.82000035]]]},"geometry_name":"GEOM","properties":{"INSPIRE_ID":"https://databrussels.be/id/streetsurface/138872","TYPE":"SW","STREET_ID":"https://databrussels.be/id/streetname/3880","STRNAMEFRE":"Avenue Colonel Daumerie","STRNAMEDUT":"Kolonel Daumerielaan","MUNNISCODE":"21019","HIERARCHY":"DR","LVL":0,"ADMIN":"MUN_RBC","AREA":40},"bbox":[155204.76284828,168006.76257123,155219.79743642,168020.96000035]},{"type":"Feature","id":"StreetSurfaces.fid--481543fe_1a031752986_-4023","geometry":{"type":"Polygon","coordinates":[[[155231.38241528,168007.25092542],[155235.43,168007.72000035],[155243.80907309,168008.71727969],[155234.03040118,168008.19272398],[155231.38241528,168007.25092542]]]},"geometry_name":"GEOM","properties":{"INSPIRE_ID":"https://databrussels.be/id/streetsurface/138873","TYPE":"SW","STREET_ID":"https://databrussels.be/id/streetname/3881","STRNAMEFRE":"Avenue Colonel Daumerie","STRNAMEDUT":"Kolonel Daumerielaan","MUNNISCODE":"21002","HIERARCHY":"DR","LVL":0,"ADMIN":"MUN_RBC","AREA":4},"bbox":[155231.38241528,168007.25092542,155243.80907309,168008.71727969]},{"type":"Feature","id":"StreetSurfaces.fid--481543fe_1a031752986_-4024","geometry":{"type":"Polygon","coordinates":[[[155220.80503808,167998.70982952],[155221.038,167996.84800035],[155225.85,167997.45000035],[155252.47,167999.65000035],[155276.88,168002.13000035],[155290.02,168003.68000035],[155293.01,168003.80000035],[155327.67,168007.76000035],[155375.537,168012.87200035],[155420.65,168017.42600035],[155463.14,168022.00000035],[155466.642,168022.57500035],[155484.59,168024.40400035],[155484.54333797,168026.40360568],[155438.33,168021.70000035],[155404.23,168017.92000035],[155376.17,168014.96000035],[155365.46,168013.82000035],[155344.06,168011.56000035],[155333.14,168010.39000035],[155322.22,168009.23000035],[155311.3,168008.09000035],[155302.57,168007.23000035],[155293.84,168006.39000035],[155285.12,168005.51000035],[155278.15,168004.73000035],[155271.18,168003.93000035],[155264.22,168003.15000035],[155251.5,168001.82000035],[155238.77,168000.55000035],[155233.33,168000.00000035],[155226.05,167999.26000035],[155220.80503808,167998.70982952]]]},"geometry_name":"GEOM","properties":{"INSPIRE_ID":"https://databrussels.be/id/streetsurface/138874","TYPE":"SW","STREET_ID":"https://databrussels.be/id/streetname/3881","STRNAMEFRE":"Avenue Colonel Daumerie","STRNAMEDUT":"Kolonel Daumerielaan","MUNNISCODE":"21002","HIERARCHY":"DR","LVL":0,"ADMIN":"MUN_RBC","AREA":573},"bbox":[155220.80503808,167996.84800035,155484.59,168026.40360568]},{"type":"Feature","id":"StreetSurfaces.fid--481543fe_1a031752986_-402a","geometry":{"type":"Polygon","coordinates":[[[155195.119,168020.43400035],[155195.904,168003.73200035],[155196.562,167989.74200035],[155198.00780679,167989.02659117],[155198.1,167989.29000035],[155198.32,167990.26000035],[155198.41,167991.99000035],[155198.12,168000.00000035],[155197.36282171,168020.53954947],[155195.119,168020.43400035]]]},"geometry_name":"GEOM","properties":{"INSPIRE_ID":"https://databrussels.be/id/streetsurface/138901","TYPE":"SW","STREET_ID":"https://databrussels.be/id/streetname/3880","STRNAMEFRE":"Avenue Colonel Daumerie","STRNAMEDUT":"Kolonel Daumerielaan","MUNNISCODE":"21019","HIERARCHY":"DR","LVL":0,"ADMIN":"MUN_RBC","AREA":65},"bbox":[155195.119,167989.02659117,155198.41,168020.53954947]},{"type":"Feature","id":"StreetSurfaces.fid--481543fe_1a031752986_-404e","geometry":{"type":"Polygon","coordinates":[[[155005.18688544,167984.03886396],[155006.1,167985.91000035],[155007.07,167988.02000035],[155008.05,167990.12000035],[155009.06,167992.21000035],[155010.21,167994.43000035],[155011.41,167996.62000035],[155012.67,167998.77000035],[155013.45,168000.00000035],[155014.22,168001.21000035],[155015.85,168003.59000035],[155017.54,168005.93000035],[155019.36,168008.35000035],[155021.24,168010.73000035],[155023.19,168013.05000035],[155025.13,168015.17000035],[155027.13,168017.24000035],[155029.17,168019.27000035],[155031.83,168021.78000035],[155034.54,168024.22000035],[155037.26,168026.67000035],[155040.87,168029.84000035],[155044.47,168033.01000035],[155048.04,168036.22000035],[155050.04,168038.08000035],[155052.04,168039.96000035],[155054.03,168041.83000035],[155054.48,168042.36000035],[155054.93,168042.90000035],[155055.34,168043.45000035],[155055.95,168044.57000035],[155056.42,168045.78000035],[155056.79,168047.01000035],[155057,168047.99000035],[155057.15,168048.99000035],[155057.26,168050.00000035],[155057.33,168051.14000035],[155057.34,168052.29000035],[155057.36,168053.43000035],[155057.37,168054.31000035],[155057.39,168055.18000035],[155057.46,168056.04000035],[155057.6,168057.02000035],[155057.81,168057.98000035],[155058.08,168058.93000035],[155058.38,168059.85000035],[155058.74,168060.74000035],[155059.15,168061.61000035],[155059.61,168062.45000035],[155060.13,168063.25000035],[155060.7,168064.02000035],[155061.51,168064.90000035],[155062.4,168065.72000035],[155063.34,168066.48000035],[155064.23,168067.15000035],[155065.17,168067.78000035],[155066.15,168068.31000035],[155067.27,168068.77000035],[155068.44,168069.13000035],[155069.64,168069.39000035],[155070.8,168069.56000035],[155071.98,168069.65000035],[155073.16,168069.65000035],[155074.34,168069.53000035],[155075.52,168069.33000035],[155076.69,168069.12000035],[155078.74,168068.00000035],[155080.78,168066.88000035],[155082.62,168065.52000035],[155083.77,168064.38000035],[155084.81,168063.12000035],[155085.69,168061.77000035],[155086.42,168060.24000035],[155086.96,168058.61000035],[155087.31,168056.95000035],[155087.46,168055.51000035],[155087.48,168054.06000035],[155087.35,168052.62000035],[155087.15,168051.56000035],[155086.88,168050.51000035],[155086.53,168049.49000035],[155086.02,168048.40000035],[155085.41,168047.35000035],[155084.75,168046.33000035],[155084.09,168045.36000035],[155083.37,168044.43000035],[155082.58,168043.57000035],[155081.77,168042.88000035],[155080.89,168042.25000035],[155079.98,168041.69000035],[155079.04,168041.19000035],[155078.06,168040.75000035],[155077.06,168040.39000035],[155076.06,168040.13000035],[155075.04,168039.94000035],[155074.01,168039.82000035],[155072.76,168039.78000035],[155071.5,168039.85000035],[155070.24,168039.91000035],[155067.15,168040.24000035],[155066.45,168040.32000035],[155065.76,168040.40000035],[155065.06,168040.44000035],[155064.28,168040.42000035],[155063.49,168040.35000035],[155062.72,168040.21000035],[155061.94,168040.02000035],[155061.18,168039.76000035],[155060.44,168039.47000035],[155059.69,168039.12000035],[155058.97,168038.73000035],[155058.26,168038.31000035],[155057.68,168037.92000035],[155057.11,168037.50000035],[155056.55,168037.07000035],[155056.04,168036.65000035],[155055.53,168036.22000035],[155055.03,168035.78000035],[155038.85,168021.38000035],[155037.67,168020.35000035],[155037.15,168019.88000035],[155036.5,168019.31000035],[155035.34,168018.26000035],[155034.14,168017.11000035],[155032.95,168015.95000035],[155032.39,168015.37000035],[155031.79,168014.76000035],[155030.82,168013.74000035],[155028.9,168011.66000035],[155026.72,168009.40000035],[155025.67,168008.23000035],[155024.77,168007.15000035],[155023.91,168006.04000035],[155023.07,168004.90000035],[155022.22,168003.65000035],[155021.4,168002.38000035],[155020.56,168001.11000035],[155019.77,168000.00000035],[155019.35,167999.41000035],[155018.11,167997.73000035],[155016.93,167996.00000035],[155015.92,167994.30000035],[155014.96,167992.57000035],[155014,167990.83000035],[155011.71,167986.27000035],[155010.62,167983.66000035],[155010.15,167982.19000035],[155013.13,167981.20000035],[155014.7,167985.39000035],[155017.9,167991.49000035],[155021.26,167997.01000035],[155031.54,168010.17000035],[155057,168033.55000035],[155059.55,168035.70000035],[155062.06,168036.81000035],[155064.81,168037.36000035],[155072.96,168036.79000035],[155076.22,168037.08000035],[155078.25,168037.53000035],[155081.5,168039.10000035],[155083.16,168040.17000035],[155086.97,168044.02000035],[155088.57,168046.45000035],[155089.39,168048.17000035],[155090.56,168052.34000035],[155090.48,168055.77000035],[155089.97,168059.26000035],[155088.98,168062.32000035],[155087.04,168065.25000035],[155084.21,168068.34000035],[155079.626,168071.53000035],[155077.978,168072.20800035],[155076.246,168072.62600035],[155074.471,168072.77400035],[155070.853,168072.61000035],[155066.87,168071.90000035],[155063.89,168070.48000035],[155060.57,168068.17000035],[155059.31,168067.04000035],[155056.18,168062.70000035],[155054.87,168058.42000035],[155054.6,168055.74000035],[155054.24,168047.96000035],[155053.17,168045.73000035],[155050.74,168042.87000035],[155029.72,168023.99000035],[155024.62,168019.00000035],[155019.82,168013.76000035],[155016.24,168009.32000035],[155009.13,167998.75000035],[155002.19,167985.11000035],[155005.18688544,167984.03886396]]]},"geometry_name":"GEOM","properties":{"INSPIRE_ID":"https://databrussels.be/id/streetsurface/141366","TYPE":"SW","STREET_ID":"https://databrussels.be/id/streetname/431","STRNAMEFRE":"Clos Saint-Georges","STRNAMEDUT":"Sint-Georgiusgaarde","MUNNISCODE":"21019","HIERARCHY":"DR","LVL":0,"ADMIN":"MUN_RBC","AREA":783},"bbox":[155002.19,167981.20000035,155090.56,168072.77400035]},{"type":"Feature","id":"StreetSurfaces.fid--481543fe_1a031752986_-4047","geometry":{"type":"Polygon","coordinates":[[[155380.4314479,168478.74148147],[155389.64023856,168485.72673248],[155390.15079463,168485.90969484],[155390.64507476,168486.00830835],[155391.06972396,168485.94013078],[155393.76287598,168487.92134445],[155393.32,168488.59000035],[155394.01,168489.02000035],[155396.58,168490.61000035],[155396.79,168490.70000035],[155396.90179087,168490.72647714],[155392.69647614,168496.96260916],[155392.49,168496.82000035],[155390.67,168495.58000035],[155389.95,168495.10000035],[155389.19,168494.58000035],[155386.59,168492.81000035],[155382.291,168489.88400035],[155379.976,168488.30900035],[155373.77152513,168484.0871293],[155380.4314479,168478.74148147]]]},"geometry_name":"GEOM","properties":{"INSPIRE_ID":"https://databrussels.be/id/streetsurface/14370","TYPE":"S","STREET_ID":"https://databrussels.be/id/streetname/1484","STRNAMEFRE":"Avenue de Tervueren","STRNAMEDUT":"Tervurenlaan","MUNNISCODE":"21019","HIERARCHY":"MER","LVL":0,"ADMIN":"REGION_RBC","AREA":169},"bbox":[155373.77152513,168478.74148147,155396.90179087,168496.96260916]},{"type":"Feature","id":"StreetSurfaces.fid--481543fe_1a031752986_-4021","geometry":{"type":"Polygon","coordinates":[[[155262.233,168404.25100035],[155256.08,168399.84000035],[155254.326,168398.54000035],[155246.567,168392.78600035],[155249.07420168,168389.40486616],[155259.61,168396.84000035],[155264.8823983,168400.55532351],[155262.233,168404.25100035]]]},"geometry_name":"GEOM","properties":{"INSPIRE_ID":"https://databrussels.be/id/streetsurface/143950","TYPE":"SW","STREET_ID":"https://databrussels.be/id/streetname/5867","STRNAMEFRE":"Avenue du Putdael","STRNAMEDUT":"Putdaellaan","MUNNISCODE":"21019","HIERARCHY":"DR","LVL":0,"ADMIN":"MUN_RBC","AREA":86},"bbox":[155246.567,168389.40486616,155264.8823983,168404.25100035]},{"type":"Feature","id":"StreetSurfaces.fid--481543fe_1a031752986_-402f","geometry":{"type":"Polygon","coordinates":[[[155168.91,168338.08000035],[155171.23850189,168334.87703219],[155172.64,168335.30000035],[155172.76,168335.37000035],[155174.34,168336.34000035],[155216.48,168366.15000035],[155221.3,168369.56000035],[155232.72,168377.77000035],[155233.65,168378.43000035],[155237.77,168381.38000035],[155243.3,168385.33000035],[155249.07420168,168389.40486616],[155246.567,168392.78600035],[155234.46,168383.81000035],[155230.532,168381.23900035],[155201.22,168360.13000035],[155174.51,168341.72000035],[155168.91,168338.08000035]]]},"geometry_name":"GEOM","properties":{"INSPIRE_ID":"https://databrussels.be/id/streetsurface/143951","TYPE":"SW","STREET_ID":"https://databrussels.be/id/streetname/5867","STRNAMEFRE":"Avenue du Putdael","STRNAMEDUT":"Putdaellaan","MUNNISCODE":"21019","HIERARCHY":"DR","LVL":0,"ADMIN":"MUN_RBC","AREA":387},"bbox":[155168.91,168334.87703219,155249.07420168,168392.78600035]},{"type":"Feature","id":"StreetSurfaces.fid--481543fe_1a031752986_-401b","geometry":{"type":"Polygon","coordinates":[[[155269.08638173,168394.69113759],[155270.959,168392.07900035],[155292.479,168406.79000035],[155295.444,168409.08000035],[155302.37,168413.79000035],[155308.1,168418.16000035],[155322.19,168427.72000035],[155332.62,168435.26000035],[155342.67,168442.15000035],[155346.27,168445.01000035],[155369.14,168461.18000035],[155366.56300451,168464.76510351],[155352.57,168454.97000035],[155342.8,168448.07000035],[155339.94,168446.06000035],[155330.05,168439.08000035],[155327.67,168437.40000035],[155327.41,168437.22000035],[155319.35,168431.54000035],[155316.74,168429.70000035],[155309.15,168424.36000035],[155304.77,168421.27000035],[155302.58,168419.73000035],[155292.91,168412.86000035],[155289.86,168410.69000035],[155281.67,168404.88000035],[155279.33,168403.25000035],[155276.85,168401.53000035],[155271.98,168398.15000035],[155270.35,168396.85000035],[155269.78,168396.17000035],[155269.45,168395.64000035],[155269.25,168395.11000035],[155269.08638173,168394.69113759]]]},"geometry_name":"GEOM","properties":{"INSPIRE_ID":"https://databrussels.be/id/streetsurface/143952","TYPE":"SW","STREET_ID":"https://databrussels.be/id/streetname/5867","STRNAMEFRE":"Avenue du Putdael","STRNAMEDUT":"Putdaellaan","MUNNISCODE":"21019","HIERARCHY":"DR","LVL":0,"ADMIN":"MUN_RBC","AREA":548},"bbox":[155269.08638173,168392.07900035,155369.14,168464.76510351]},{"type":"Feature","id":"StreetSurfaces.fid--481543fe_1a031752986_-401a","geometry":{"type":"Polygon","coordinates":[[[155373.72,168460.40000035],[155375.61384152,168461.16551321],[155373.44,168464.35000035],[155372.39,168465.89000035],[155372.03,168466.15000035],[155371.43,168466.47000035],[155370.71,168466.80000035],[155370.3,168466.89000035],[155369.84,168466.90000035],[155369.65,168466.89000035],[155367.07,168465.12000035],[155366.56300451,168464.76510351],[155369.14,168461.18000035],[155371.43,168460.79000035],[155373.72,168460.40000035]]]},"geometry_name":"GEOM","properties":{"INSPIRE_ID":"https://databrussels.be/id/streetsurface/143953","TYPE":"SW","STREET_ID":"https://databrussels.be/id/streetname/1484","STRNAMEFRE":"Avenue de Tervueren","STRNAMEDUT":"Tervurenlaan","MUNNISCODE":"21019","HIERARCHY":"MER","LVL":0,"ADMIN":"REGION_RBC","AREA":35},"bbox":[155366.56300451,168460.40000035,155375.61384152,168466.90000035]},{"type":"Feature","id":"StreetSurfaces.fid--481543fe_1a031752986_-4057","geometry":{"type":"Polygon","coordinates":[[[155132.90943966,168308.85742689],[155130.77,168312.27900035],[155117.95,168305.93000035],[155103.36,168299.91000035],[155098.73,168298.26000035],[155084.78,168294.30000035],[155064.72,168289.50000035],[155059.49,168288.73000035],[155045.63,168287.25000035],[155025.51,168287.05000035],[155000.85,168289.01000035],[154994.76,168289.90000035],[154990.26,168290.91000035],[154974.88,168295.29000035],[154972.62,168296.04000035],[154963.607,168299.58100035],[154962.11967489,168295.79452547],[154964.69,168294.75000035],[154975.18,168290.59000035],[154978.81,168289.50000035],[154979.11,168289.42000035],[154983.98,168288.01000035],[154986.96,168287.20000035],[154990.11,168286.47000035],[154993.46,168285.82000035],[154997.73,168285.21000035],[155000,168284.94000035],[155003.44,168284.54000035],[155007.72,168284.19000035],[155012.83,168283.75000035],[155020.41,168283.23000035],[155025.68,168283.03000035],[155029.84,168282.87000035],[155032.2,168282.85000035],[155033.69,168282.83000035],[155039.85,168282.73000035],[155043.76,168282.86000035],[155045.91,168282.95000035],[155048.61,168283.06000035],[155050.42,168283.21000035],[155052.35,168283.36000035],[155058.45,168284.18000035],[155061.96,168284.75000035],[155071.22,168286.47000035],[155076.04,168287.50000035],[155080.36,168288.43000035],[155081.67,168288.77000035],[155085.27,168289.71000035],[155096.86,168293.19000035],[155102.02,168294.88000035],[155106.01,168296.28000035],[155110.67,168298.13000035],[155115.69,168300.38000035],[155122.2,168303.21000035],[155130.61,168307.55000035],[155132.15,168308.34000035],[155132.31,168308.43000035],[155132.90943966,168308.85742689]]]},"geometry_name":"GEOM","properties":{"INSPIRE_ID":"https://databrussels.be/id/streetsurface/143968","TYPE":"SW","STREET_ID":"https://databrussels.be/id/streetname/5776","STRNAMEFRE":"Avenue Général Baron Empain","STRNAMEDUT":"Generaal Baron Empainlaan","MUNNISCODE":"21019","HIERARCHY":"DR","LVL":0,"ADMIN":"MUN_RBC","AREA":758},"bbox":[154962.11967489,168282.73000035,155132.90943966,168312.27900035]},{"type":"Feature","id":"StreetSurfaces.fid--481543fe_1a031752986_-4034","geometry":{"type":"Polygon","coordinates":[[[155152.97,168341.93600035],[155156.4942674,168341.34062691],[155156.6,168341.63000035],[155156.67,168341.91000035],[155157.01,168343.30000035],[155166.26,168380.86000035],[155167.37,168385.39000035],[155168.82,168391.33000035],[155171.44,168402.02000035],[155172.74,168407.35000035],[155178.12,168429.32000035],[155183.94,168453.27000035],[155185.1,168458.04000035],[155188.57,168472.33000035],[155189.79,168477.37000035],[155189.88,168477.76000035],[155196.2,168504.07000035],[155197.8,168510.76000035],[155199.31,168517.04000035],[155201.35,168525.30000035],[155202.96,168531.83000035],[155205.85,168543.49000035],[155210.26,168561.83000035],[155211.53,168567.13000035],[155212.94686328,168573.02721506],[155209.27,168574.58000035],[155198.44,168531.56000035],[155197.69,168527.40000035],[155192.39,168506.71000035],[155184.75,168474.48000035],[155180.58,168458.50000035],[155180.01,168455.28000035],[155167.4,168403.92000035],[155164.06,168391.07000035],[155163.68,168387.62000035],[155152.97,168341.93600035]]]},"geometry_name":"GEOM","properties":{"INSPIRE_ID":"https://databrussels.be/id/streetsurface/143969","TYPE":"SW","STREET_ID":"https://databrussels.be/id/streetname/150","STRNAMEFRE":"Avenue Saint-Jean","STRNAMEDUT":"Sint-Janslaan","MUNNISCODE":"21019","HIERARCHY":"DR","LVL":0,"ADMIN":"MUN_RBC","AREA":1003},"bbox":[155152.97,168341.34062691,155212.94686328,168574.58000035]},{"type":"Feature","id":"StreetSurfaces.fid--481543fe_1a031752986_-403c","geometry":{"type":"Polygon","coordinates":[[[155420.424,168494.45200035],[155419.02378111,168492.67441311],[155419.11,168492.46000035],[155423.72,168484.57000035],[155431.31,168471.38000035],[155435.06,168464.49000035],[155437.29,168460.38000035],[155439.58,168455.49000035],[155441.226,168452.06500035],[155442.372,168449.70600035],[155443.518,168447.34800035],[155444.49,168444.92500035],[155444.836,168443.80500035],[155445.147,168442.67300035],[155445.444,168441.53700035],[155445.811,168440.03400035],[155446.154,168438.52500035],[155446.502,168437.01800035],[155447.083,168434.67100035],[155447.679,168432.32700035],[155448.27,168429.98200035],[155448.781,168427.87800035],[155449.288,168425.77400035],[155449.817,168423.67500035],[155450.171,168422.34000035],[155450.534,168421.00800035],[155450.904,168419.67700035],[155451.421,168417.86100035],[155451.951,168416.04900035],[155452.493,168414.24100035],[155452.935,168412.80800035],[155453.384,168411.37800035],[155453.833,168409.94700035],[155454.213,168409.47900035],[155454.593,168409.01100035],[155454.971,168408.54200035],[155455.622,168407.71800035],[155456.268,168406.89100035],[155456.924,168406.07200035],[155457.779,168405.05100035],[155458.649,168404.04200035],[155459.52,168403.03200035],[155460.13,168400.78000035],[155462.94,168390.02000035],[155468.3,168367.34000035],[155472.38,168349.62000035],[155475.72,168335.11000035],[155480.7,168313.40000035],[155485.07,168294.47000035],[155492.1,168264.34000035],[155499.1,168233.95000035],[155508.22,168193.79000035],[155509.58,168187.90900035],[155506.347,168186.99300035],[155506.869,168184.86100035],[155507.173,168184.46000035],[155511.78,168178.39500035],[155515.27,168163.30000035],[155520.02,168142.99000035],[155522.757,168131.28400035],[155523.01329063,168130.16405749],[155526.423,168115.33000035],[155526.824,168114.14000035],[155527.748,168112.99300035],[155527.91646571,168112.85744321],[155528.77770194,168114.60504802],[155527.0097566,168122.09455605],[155521.87,168143.42400035],[155514.14,168180.69000035],[155503.01,168226.53000035],[155492.7,168272.20000035],[155486.545,168296.30700035],[155480.918,168320.39800035],[155475.337,168345.20900035],[155472.77,168356.14000035],[155466.47,168383.27000035],[155461.58,168402.62000035],[155457.08,168417.27000035],[155452.72,168430.26000035],[155451.764,168433.05100035],[155451.25,168434.55000035],[155449.19,168439.25000035],[155442.12,168455.13000035],[155437.64,168464.47000035],[155433,168472.94000035],[155420.424,168494.45200035]]]},"geometry_name":"GEOM","properties":{"INSPIRE_ID":"https://databrussels.be/id/streetsurface/143971","TYPE":"SW","STREET_ID":"https://databrussels.be/id/streetname/1484","STRNAMEFRE":"Avenue de Tervueren","STRNAMEDUT":"Tervurenlaan","MUNNISCODE":"21019","HIERARCHY":"MER","LVL":0,"ADMIN":"REGION_RBC","AREA":950},"bbox":[155419.02378111,168112.85744321,155528.77770194,168494.45200035]},{"type":"Feature","id":"StreetSurfaces.fid--481543fe_1a031752986_-4043","geometry":{"type":"Polygon","coordinates":[[[155420.424,168494.45200035],[155418.19,168496.73000035],[155418.15,168496.24000035],[155418.11,168495.73000035],[155418.35,168494.35000035],[155419.02378111,168492.67441311],[155420.424,168494.45200035]]]},"geometry_name":"GEOM","properties":{"INSPIRE_ID":"https://databrussels.be/id/streetsurface/143972","TYPE":"SW","STREET_ID":"https://databrussels.be/id/streetname/1484","STRNAMEFRE":"Avenue de Tervueren","STRNAMEDUT":"Tervurenlaan","MUNNISCODE":"21019","HIERARCHY":"MER","LVL":0,"ADMIN":"REGION_RBC","AREA":4},"bbox":[155418.11,168492.67441311,155420.424,168496.73000035]},{"type":"Feature","id":"StreetSurfaces.fid--481543fe_1a031752986_-4058","geometry":{"type":"Polygon","coordinates":[[[155132.38648386,168325.10121509],[155113.65,168336.71000035],[155103.1,168343.97000035],[155103,168344.04000035],[155098.64,168347.34000035],[155098.15,168347.73000035],[155096.23,168349.26000035],[155093.9,168351.16000035],[155093.45,168351.52000035],[155090.7,168353.92000035],[155087.84,168356.39000035],[155086.66,168357.49000035],[155083.71,168360.25000035],[155079.62,168364.34000035],[155075.94,168368.13000035],[155072.48,168371.81000035],[155068.93,168375.58000035],[155068.15,168376.41000035],[155064.76,168380.38000035],[155060.29,168386.00000035],[155056.2,168391.13000035],[155052.59,168396.26000035],[155050.27,168399.74000035],[155048.46,168402.59000035],[155045.76,168406.91000035],[155045.28,168407.67000035],[155043.5,168410.71000035],[155043.41,168410.88000035],[155041.5,168414.46000035],[155038.59,168419.93000035],[155037.76,168421.54000035],[155036.56,168423.86000035],[155035.44,168426.07000035],[155033.77,168429.35000035],[155031.7,168433.48000035],[155030.14,168436.69000035],[155028.6,168439.85000035],[155028.5,168440.06000035],[155024.59,168447.85000035],[155020.77,168455.42000035],[155018.29,168460.44000035],[155016.76,168463.53000035],[155016.63,168463.80000035],[155015.16,168466.69000035],[155012.61,168471.74000035],[155012.27,168472.43000035],[155007.95,168481.21000035],[155003.64,168489.68000035],[155000,168497.03000035],[154999.71,168497.61000035],[154999.11,168498.83000035],[154997.72,168501.67000035],[154995.57,168506.03000035],[154995.09,168507.02000035],[154989.51,168518.18000035],[154988.91,168519.38000035],[154986.81,168523.55000035],[154982.53,168532.04000035],[154982.17,168532.75000035],[154980.45,168536.20000035],[154974.95,168547.24000035],[154971.97,168553.16000035],[154969.75,168557.58000035],[154968.35,168560.35000035],[154966.87,168563.30000035],[154966.07,168564.71000035],[154965.03,168566.54000035],[154964.36,168567.47000035],[154960.45,168567.24000035],[154966.14,168555.24000035],[154967.81,168551.33000035],[154982.91,168521.13000035],[154984.55,168518.30000035],[154991.67,168503.60000035],[155004.46,168478.07000035],[155012.52,168461.80000035],[155014.55,168458.58000035],[155024.74,168438.78000035],[155031.62,168424.04000035],[155033.24,168420.14000035],[155036.77,168413.18000035],[155039.94,168407.74000035],[155047.72,168395.61000035],[155052.04,168388.44000035],[155060.9,168377.18000035],[155066.01,168371.91000035],[155068.45,168369.67000035],[155082.85,168354.87000035],[155092.209,168346.73100035],[155103.6,168338.23000035],[155109.41,168334.14000035],[155117.48,168329.01000035],[155130.403,168321.20200035],[155132.38648386,168325.10121509]]]},"geometry_name":"GEOM","properties":{"INSPIRE_ID":"https://databrussels.be/id/streetsurface/144109","TYPE":"SW","STREET_ID":"https://databrussels.be/id/streetname/2456","STRNAMEFRE":"Avenue des Fleurs","STRNAMEDUT":"Bloemenlaan","MUNNISCODE":"21019","HIERARCHY":"DR","LVL":0,"ADMIN":"MUN_RBC","AREA":1346},"bbox":[154960.45,168321.20200035,155132.38648386,168567.47000035]},{"type":"Feature","id":"StreetSurfaces.fid--481543fe_1a031752986_-4055","geometry":{"type":"Polygon","coordinates":[[[155136.784,168333.74800035],[155112.975,168349.39500035],[155107.973,168352.96100035],[155101.994,168357.62100035],[155096.191,168362.51100035],[155090.591,168367.61600035],[155075.53,168383.30000035],[155066.25,168394.89000035],[155064.714,168397.59700035],[155055,168411.83000035],[155052.9,168415.75000035],[155051.26,168418.38000035],[155036.88,168446.75000035],[155032.25,168456.71000035],[155022.05,168476.52000035],[155019.79,168481.42000035],[155004.46,168511.98000035],[154994.64,168531.95000035],[154986.18,168549.02000035],[154977.469,168568.53100035],[154971.86246971,168568.10570917],[154971.81,168567.89000035],[154971.8,168567.53000035],[154971.9,168567.24000035],[154972.07,168566.96000035],[154972.24,168566.67000035],[154977.17,168556.75000035],[154978.41,168554.24000035],[154981.39,168548.26000035],[154984.59,168541.81000035],[154990.76,168529.39000035],[154993.44,168523.99000035],[154995.51,168519.84000035],[154996.87,168517.08000035],[155000,168510.79000035],[155002.99,168504.78000035],[155009.11,168492.48000035],[155014.42,168481.85000035],[155025.06,168460.61000035],[155028.44,168453.88000035],[155028.74,168453.27000035],[155030.48,168449.80000035],[155032.42,168445.93000035],[155036.14,168438.61000035],[155040.84,168429.21000035],[155045.59,168419.83000035],[155046.99,168417.35000035],[155049.73,168412.51000035],[155050.75,168410.70000035],[155051.5,168409.52000035],[155053.51,168406.37000035],[155055.61,168403.08000035],[155060.76,168395.63000035],[155061.2,168395.05000035],[155063.52,168391.99000035],[155066.22,168388.42000035],[155069.06,168384.90000035],[155071.98,168381.45000035],[155074.97,168378.05000035],[155082.5,168370.09000035],[155090.42,168362.49000035],[155098.69,168355.30000035],[155103.45,168351.47000035],[155108.31,168347.77000035],[155113.26,168344.20000035],[155120.04,168339.73000035],[155126.97,168335.50000035],[155132.86,168331.91000035],[155133.91,168331.27000035],[155134.12,168331.16000035],[155134.27,168331.09000035],[155134.54,168330.95000035],[155134.69,168330.88000035],[155134.83,168330.80000035],[155134.98,168330.72000035],[155135.18726156,168330.60808179],[155136.784,168333.74800035]]]},"geometry_name":"GEOM","properties":{"INSPIRE_ID":"https://databrussels.be/id/streetsurface/144110","TYPE":"SW","STREET_ID":"https://databrussels.be/id/streetname/2456","STRNAMEFRE":"Avenue des Fleurs","STRNAMEDUT":"Bloemenlaan","MUNNISCODE":"21019","HIERARCHY":"DR","LVL":0,"ADMIN":"MUN_RBC","AREA":1274},"bbox":[154971.8,168330.60808179,155136.784,168568.53100035]},{"type":"Feature","id":"StreetSurfaces.fid--481543fe_1a031752986_-401e","geometry":{"type":"Polygon","coordinates":[[[155262.233,168404.25100035],[155264.8823983,168400.55532351],[155273.73,168406.79000035],[155293.25,168420.72000035],[155306.36,168429.85000035],[155313.73,168435.12000035],[155317.84,168438.05000035],[155318.82,168438.76000035],[155325.51,168443.49000035],[155330.52,168447.03000035],[155333.44,168449.09000035],[155346.79,168458.48000035],[155357.14,168465.76000035],[155362.8976762,168469.86428981],[155361.19,168472.24000035],[155327.953,168450.68700035],[155302.92,168433.42000035],[155262.233,168404.25100035]]]},"geometry_name":"GEOM","properties":{"INSPIRE_ID":"https://databrussels.be/id/streetsurface/144206","TYPE":"SW","STREET_ID":"https://databrussels.be/id/streetname/5867","STRNAMEFRE":"Avenue du Putdael","STRNAMEDUT":"Putdaellaan","MUNNISCODE":"21019","HIERARCHY":"DR","LVL":0,"ADMIN":"MUN_RBC","AREA":523},"bbox":[155262.233,168400.55532351,155362.8976762,168472.24000035]},{"type":"Feature","id":"StreetSurfaces.fid--481543fe_1a031752986_-401f","geometry":{"type":"Polygon","coordinates":[[[155262.17527051,168378.92363088],[155262.06,168381.22000035],[155261.94,168382.29000035],[155261.82,168382.89000035],[155261.65,168383.25000035],[155261.48,168383.51000035],[155261.29,168383.71000035],[155257.96,168385.44000035],[155256.86,168386.01000035],[155256.38,168386.13000035],[155256.06,168386.13000035],[155255.77,168386.11000035],[155255.38,168386.04000035],[155255.19,168385.98000035],[155254.96,168385.88000035],[155252.79217293,168384.39041157],[155255.58,168380.63000035],[155257.76,168379.71500035],[155259.94,168378.80000035],[155262.17527051,168378.92363088]]]},"geometry_name":"GEOM","properties":{"INSPIRE_ID":"https://databrussels.be/id/streetsurface/144235","TYPE":"SW","STREET_ID":"https://databrussels.be/id/streetname/5867","STRNAMEFRE":"Avenue du Putdael","STRNAMEDUT":"Putdaellaan","MUNNISCODE":"21019","HIERARCHY":"DR","LVL":0,"ADMIN":"MUN_RBC","AREA":43},"bbox":[155252.79217293,168378.80000035,155262.17527051,168386.13000035]},{"type":"Feature","id":"StreetSurfaces.fid--481543fe_1a031752986_-405a","geometry":{"type":"Polygon","coordinates":[[[155136.25543313,168303.50592257],[155135.17,168303.00000035],[155134.06,168302.39000035],[155129.75,168300.02000035],[155121.71,168296.17000035],[155121.04,168295.87000035],[155114.29,168292.86000035],[155113.52,168292.55000035],[155111.98,168291.93000035],[155108.64,168290.62000035],[155103.22,168288.69000035],[155098.62,168287.15000035],[155095.05,168286.09000035],[155089.24,168284.34000035],[155088.63,168284.18000035],[155084.83,168283.16000035],[155084.08,168282.96000035],[155077.58,168281.48000035],[155074.27,168280.77000035],[155071.92,168280.33000035],[155066.82,168279.38000035],[155066.37,168279.30000035],[155062.04,168278.53000035],[155057.32,168277.84000035],[155053.43,168277.38000035],[155048.78,168276.83000035],[155044.42,168276.62000035],[155040.31,168276.50000035],[155040.05,168276.50000035],[155036.52,168276.55000035],[155030.84,168276.62000035],[155025.49,168276.79000035],[155021.16,168276.91000035],[155014.88,168277.29000035],[155010.06,168277.65000035],[155005.93,168277.94000035],[155003.9,168278.09000035],[155000,168278.52000035],[154999.81,168278.54000035],[154998.18,168278.77000035],[154996.13,168279.07000035],[154991.29,168280.07000035],[154986.45,168281.08000035],[154981.66,168282.24000035],[154975.4,168284.20000035],[154971.98,168285.44000035],[154969.23,168286.45000035],[154968.16,168286.83000035],[154963.05,168288.69000035],[154962.94,168288.73000035],[154962.82,168288.76000035],[154962.71,168288.80000035],[154959.79860991,168289.88614809],[154958.26,168285.97000035],[154973.08,168280.03000035],[154983.45,168277.05000035],[155000.05,168274.11000035],[155029.45,168272.04000035],[155037.04,168272.00000035],[155045.44,168272.31000035],[155066.45,168274.71000035],[155074.74,168276.43000035],[155085.77,168279.04000035],[155097.92,168282.50000035],[155105.36,168284.82000035],[155115.7,168288.61000035],[155125.769,168293.36400035],[155134.28,168297.88000035],[155136.23,168298.56000035],[155138.62,168298.90000035],[155139.16,168298.86000035],[155136.25543313,168303.50592257]]]},"geometry_name":"GEOM","properties":{"INSPIRE_ID":"https://databrussels.be/id/streetsurface/144253","TYPE":"SW","STREET_ID":"https://databrussels.be/id/streetname/5776","STRNAMEFRE":"Avenue Général Baron Empain","STRNAMEDUT":"Generaal Baron Empainlaan","MUNNISCODE":"21019","HIERARCHY":"DR","LVL":0,"ADMIN":"MUN_RBC","AREA":803},"bbox":[154958.26,168272.00000035,155139.16,168303.50592257]},{"type":"Feature","id":"StreetSurfaces.fid--481543fe_1a031752986_-4030","geometry":{"type":"Polygon","coordinates":[[[155162.98299251,168340.24445168],[155166.928,168339.57800035],[155174.16,168368.62000035],[155174.76,168371.82000035],[155183.14,168406.84000035],[155207.513,168505.74500035],[155208.07,168508.86000035],[155212.49,168527.15000035],[155223.056,168568.75800035],[155218.92512766,168570.50251934],[155216.95,168562.42000035],[155215.17,168555.11000035],[155208.76,168528.81000035],[155208.01,168525.76000035],[155207.79,168524.83000035],[155204.36,168510.87000035],[155203.2,168506.11000035],[155193.85272965,168467.95963831],[155192.34742117,168461.81580582],[155191.29,168457.50000035],[155188.15,168444.47000035],[155187.13,168440.25000035],[155173.96550105,168386.06375994],[155173.55448396,168384.31876966],[155173.10567351,168382.54173909],[155169.96,168369.54000035],[155163.57,168343.08000035],[155163.29,168341.72000035],[155163.1,168340.78000035],[155163.01,168340.41000035],[155162.98299251,168340.24445168]]]},"geometry_name":"GEOM","properties":{"INSPIRE_ID":"https://databrussels.be/id/streetsurface/144254","TYPE":"SW","STREET_ID":"https://databrussels.be/id/streetname/150","STRNAMEFRE":"Avenue Saint-Jean","STRNAMEDUT":"Sint-Janslaan","MUNNISCODE":"21019","HIERARCHY":"DR","LVL":0,"ADMIN":"MUN_RBC","AREA":983},"bbox":[155162.98299251,168339.57800035,155223.056,168570.50251934]},{"type":"Feature","id":"StreetSurfaces.fid--481543fe_1a031752986_-4048","geometry":{"type":"Polygon","coordinates":[[[155227.416,168572.37200035],[155239.129,168568.23600035],[155263.97,168557.90000035],[155273.1,168553.22100035],[155287.923,168544.75000035],[155294.899,168540.36400035],[155300.5,168536.59100035],[155318.98,168522.42000035],[155326.92,168515.62000035],[155336.02,168507.02000035],[155345.18,168497.32000035],[155361.15,168478.18000035],[155362.84389255,168479.20499564],[155362.35,168479.84000035],[155362.09,168480.17000035],[155359.04,168484.04000035],[155353.16,168491.07000035],[155347.08,168498.02000035],[155337.46,168508.03000035],[155330.02,168515.33000035],[155321.31,168523.05000035],[155314.21,168528.88000035],[155307.95,168533.80000035],[155305.37,168535.70000035],[155304.66,168536.19000035],[155303.96,168536.67000035],[155303.25,168537.15000035],[155299.63,168539.61000035],[155295.99,168542.04000035],[155292.32,168544.41000035],[155288.96,168546.46000035],[155285.57,168548.46000035],[155282.17,168550.44000035],[155279.84,168551.79000035],[155277.51,168553.12000035],[155275.17,168554.45000035],[155272.02,168556.10000035],[155267.84,168558.19000035],[155263.77,168560.11000035],[155258.1,168562.49000035],[155252.85,168564.76000035],[155236.01,168571.54000035],[155227.9512965,168574.18286477],[155227.416,168572.37200035]]]},"geometry_name":"GEOM","properties":{"INSPIRE_ID":"https://databrussels.be/id/streetsurface/144255","TYPE":"SW","STREET_ID":"https://databrussels.be/id/streetname/1484","STRNAMEFRE":"Avenue de Tervueren","STRNAMEDUT":"Tervurenlaan","MUNNISCODE":"21019","HIERARCHY":"MER","LVL":0,"ADMIN":"REGION_RBC","AREA":335},"bbox":[155227.416,168478.18000035,155362.84389255,168574.18286477]},{"type":"Feature","id":"StreetSurfaces.fid--481543fe_1a031752986_-4042","geometry":{"type":"Polygon","coordinates":[[[155495.5,168576.03000035],[155492.81809347,168578.48071703],[155492.28,168578.29000035],[155491.57,168577.87000035],[155490.3,168576.71000035],[155491.41,168575.56000035],[155487.41,168571.34000035],[155486.3,168572.36000035],[155484.94,168570.83000035],[155486.05,168569.77000035],[155470.27,168552.67000035],[155469.2,168553.79000035],[155467.84,168552.31000035],[155468.97,168551.33000035],[155454.35,168535.30000035],[155453.21,168536.30000035],[155451.83,168534.76000035],[155452.97,168533.70000035],[155440.33,168519.95000035],[155439.15,168520.96000035],[155437.93,168519.61000035],[155433.45,168514.63000035],[155424.86,168505.31000035],[155420.24,168500.21000035],[155420.02,168499.94000035],[155419.22,168498.96000035],[155418.48,168497.68000035],[155418.19,168496.73000035],[155420.424,168494.45200035],[155430.687,168505.58100035],[155440.95,168516.71000035],[155481.4,168560.94000035],[155495.5,168576.03000035]]]},"geometry_name":"GEOM","properties":{"INSPIRE_ID":"https://databrussels.be/id/streetsurface/144388","TYPE":"SW","STREET_ID":"https://databrussels.be/id/streetname/2829","STRNAMEFRE":"Avenue Alfred Madoux","STRNAMEDUT":"Alfred Madouxlaan","MUNNISCODE":"21019","HIERARCHY":"IDR","LVL":0,"ADMIN":"REGION_RBC","AREA":352},"bbox":[155418.19,168494.45200035,155495.5,168578.48071703]},{"type":"Feature","id":"StreetSurfaces.fid--481543fe_1a031752986_-402d","geometry":{"type":"Polygon","coordinates":[[[155252.79217293,168384.39041157],[155251.54,168383.53000035],[155248.05,168381.13000035],[155245.48,168379.35000035],[155230.98,168369.00000035],[155225.81,168365.33000035],[155222.36,168362.89000035],[155213.4,168356.53000035],[155210.24,168354.32000035],[155192.7,168341.93000035],[155183.81,168335.61000035],[155176.8,168330.66000035],[155176.46,168330.36000035],[155175.88,168329.83000035],[155175.39,168329.17000035],[155177.564,168326.17500035],[155189.15,168334.57000035],[155228.51,168361.66000035],[155250.206,168377.21300035],[155255.58,168380.63000035],[155252.79217293,168384.39041157]]]},"geometry_name":"GEOM","properties":{"INSPIRE_ID":"https://databrussels.be/id/streetsurface/144397","TYPE":"SW","STREET_ID":"https://databrussels.be/id/streetname/5867","STRNAMEFRE":"Avenue du Putdael","STRNAMEDUT":"Putdaellaan","MUNNISCODE":"21019","HIERARCHY":"DR","LVL":0,"ADMIN":"MUN_RBC","AREA":410},"bbox":[155175.39,168326.17500035,155255.58,168384.39041157]},{"type":"Feature","id":"StreetSurfaces.fid--481543fe_1a031752986_-401c","geometry":{"type":"Polygon","coordinates":[[[155269.41723782,168379.32352481],[155271.657,168379.44700035],[155271.308,168385.76300035],[155270.959,168392.07900035],[155269.08638173,168394.69113759],[155269,168394.47000035],[155268.99,168393.90000035],[155268.92,168393.59000035],[155268.85,168393.23000035],[155269.41723782,168379.32352481]]]},"geometry_name":"GEOM","properties":{"INSPIRE_ID":"https://databrussels.be/id/streetsurface/144398","TYPE":"SW","STREET_ID":"https://databrussels.be/id/streetname/5867","STRNAMEFRE":"Avenue du Putdael","STRNAMEDUT":"Putdaellaan","MUNNISCODE":"21019","HIERARCHY":"DR","LVL":0,"ADMIN":"MUN_RBC","AREA":30},"bbox":[155268.85,168379.32352481,155271.657,168394.69113759]},{"type":"Feature","id":"StreetSurfaces.fid--481543fe_1a031752986_-403b","geometry":{"type":"Polygon","coordinates":[[[155484.318,168036.06000035],[155484.36832302,168033.90351118],[155486.64,168034.14000035],[155487.79,168034.86000035],[155488.82,168036.42000035],[155489.3,168037.80000035],[155489.29,168039.18000035],[155489.09,168040.29000035],[155488.75544621,168041.77253282],[155486.28,168041.20000035],[155485.299,168038.63000035],[155484.318,168036.06000035]]]},"geometry_name":"GEOM","properties":{"INSPIRE_ID":"https://databrussels.be/id/streetsurface/144399","TYPE":"SW","STREET_ID":"https://databrussels.be/id/streetname/1484","STRNAMEFRE":"Avenue de Tervueren","STRNAMEDUT":"Tervurenlaan","MUNNISCODE":"21019","HIERARCHY":"MER","LVL":0,"ADMIN":"REGION_RBC","AREA":27},"bbox":[155484.318,168033.90351118,155489.3,168041.77253282]},{"type":"Feature","id":"StreetSurfaces.fid--481543fe_1a031752986_-4019","geometry":{"type":"Polygon","coordinates":[[[155373.72,168460.40000035],[155379.03,168452.11000035],[155381.48,168448.00000035],[155388.17,168435.27000035],[155392.58,168426.00000035],[155396.16,168417.73000035],[155399.04,168410.52000035],[155401.76,168402.99000035],[155405.318,168391.48500035],[155414.28,168355.37000035],[155416.67,168345.25000035],[155427.574,168296.80800035],[155429.13,168290.74000035],[155433.38,168272.48000035],[155437.14,168257.42000035],[155440.117,168243.68900035],[155453.85,168184.49000035],[155457.49,168167.97500035],[155470.85,168110.64500035],[155472.779,168102.52500035],[155477.088,168084.38800035],[155478.781,168076.94400035],[155480.38,168069.91000035],[155486.28,168041.20000035],[155488.75544621,168041.77253282],[155477.36,168092.27000035],[155469.22,168127.45000035],[155451.49,168203.32000035],[155443.12,168239.77000035],[155435.77,168271.78000035],[155428.62,168301.88000035],[155419.03,168343.39000035],[155414.31,168364.11000035],[155409.94,168382.42000035],[155408.13,168388.98000035],[155406.34,168394.87000035],[155404.39,168400.77000035],[155401.98,168407.65000035],[155400.33,168412.21000035],[155398.69,168416.61000035],[155397.32,168420.02000035],[155396.02,168423.13000035],[155394.86,168425.84000035],[155392.83,168430.49000035],[155390.16,168436.05000035],[155387.09,168441.90000035],[155384.21,168447.27000035],[155381.22,168452.24000035],[155378,168457.67000035],[155375.61384152,168461.16551321],[155373.72,168460.40000035]]]},"geometry_name":"GEOM","properties":{"INSPIRE_ID":"https://databrussels.be/id/streetsurface/144400","TYPE":"SW","STREET_ID":"https://databrussels.be/id/streetname/1484","STRNAMEFRE":"Avenue de Tervueren","STRNAMEDUT":"Tervurenlaan","MUNNISCODE":"21019","HIERARCHY":"MER","LVL":0,"ADMIN":"REGION_RBC","AREA":904},"bbox":[155373.72,168041.20000035,155488.75544621,168461.16551321]},{"type":"Feature","id":"StreetSurfaces.fid--481543fe_1a031752986_-404a","geometry":{"type":"Polygon","coordinates":[[[155362.84389255,168479.20499564],[155361.15,168478.18000035],[155361.17,168475.21000035],[155361.19,168472.24000035],[155362.8976762,168469.86428981],[155363.06,168469.98000035],[155363.24,168470.14000035],[155363.38,168470.27000035],[155363.51,168470.40000035],[155363.87,168470.77000035],[155364.29,168471.20000035],[155364.63,168471.79000035],[155364.96,168472.60000035],[155365.14,168473.48000035],[155365.18,168473.65000035],[155365.22,168474.48000035],[155365.04,168475.66000035],[155364.71,168476.58000035],[155364.3,168477.26000035],[155364.1,168477.59000035],[155362.84389255,168479.20499564]]]},"geometry_name":"GEOM","properties":{"INSPIRE_ID":"https://databrussels.be/id/streetsurface/144506","TYPE":"SW","STREET_ID":"https://databrussels.be/id/streetname/1484","STRNAMEFRE":"Avenue de Tervueren","STRNAMEDUT":"Tervurenlaan","MUNNISCODE":"21019","HIERARCHY":"MER","LVL":0,"ADMIN":"REGION_RBC","AREA":28},"bbox":[155361.15,168469.86428981,155365.22,168479.20499564]},{"type":"Feature","id":"StreetSurfaces.fid--481543fe_1a031752986_-4051","geometry":{"type":"Polygon","coordinates":[[[155139.39,168331.59000035],[155139.77,168331.95000035],[155140.15,168332.30000035],[155140.54,168332.65000035],[155141.5,168333.44000035],[155142.51,168334.19000035],[155143.55,168334.88000035],[155144.79,168335.60000035],[155146.09,168336.25000035],[155147.41,168336.80000035],[155149.41,168337.37000035],[155151.48,168337.75000035],[155153.55,168338.12000035],[155153.72,168338.14000035],[155153.86,168338.18000035],[155154,168338.23000035],[155154.17,168338.27000035],[155154.4,168338.36000035],[155154.55,168338.44000035],[155154.69,168338.53000035],[155154.79,168338.61000035],[155154.89,168338.70000035],[155154.98,168338.79000035],[155155.16,168338.98000035],[155155.33,168339.18000035],[155155.49,168339.38000035],[155155.67,168339.61000035],[155155.83,168339.86000035],[155155.98,168340.11000035],[155156.22,168340.60000035],[155156.41,168341.11000035],[155156.4942674,168341.34062691],[155152.97,168341.93600035],[155146.72,168340.37000035],[155143.14,168338.84000035],[155141.17,168337.72000035],[155138.55,168335.47000035],[155136.784,168333.74800035],[155135.18726156,168330.60808179],[155135.32,168330.53000035],[155135.5,168330.46000035],[155135.66,168330.44000035],[155136,168330.44000035],[155136.24,168330.45000035],[155136.47,168330.46000035],[155136.7,168330.49000035],[155137.11,168330.55000035],[155137.51,168330.64000035],[155137.9,168330.76000035],[155138.41,168331.00000035],[155138.9,168331.29000035],[155139.39,168331.59000035]]]},"geometry_name":"GEOM","properties":{"INSPIRE_ID":"https://databrussels.be/id/streetsurface/144556","TYPE":"SW","STREET_ID":"https://databrussels.be/id/streetname/1446","STRNAMEFRE":"Square Alexandre","STRNAMEDUT":"Alexandersquare","MUNNISCODE":"21019","HIERARCHY":"DR","LVL":0,"ADMIN":"MUN_RBC","AREA":77},"bbox":[155135.18726156,168330.44000035,155156.4942674,168341.93600035]},{"type":"Feature","id":"StreetSurfaces.fid--481543fe_1a031752986_-4038","geometry":{"type":"Polygon","coordinates":[[[155491.056,168021.91100035],[155493.16099276,168022.01693274],[155492.79,168022.97000035],[155491.45,168024.48000035],[155490.03,168025.66000035],[155488.2,168026.29000035],[155486.78,168026.49000035],[155484.54333797,168026.40360568],[155484.59,168024.40400035],[155486.678,168024.48500035],[155487.731,168024.33600035],[155489.033,168023.88800035],[155490.055,168023.03900035],[155491.056,168021.91100035]]]},"geometry_name":"GEOM","properties":{"INSPIRE_ID":"https://databrussels.be/id/streetsurface/145033","TYPE":"SW","STREET_ID":"https://databrussels.be/id/streetname/915","STRNAMEFRE":"Avenue de Tervuren","STRNAMEDUT":"Tervuurselaan","MUNNISCODE":"21002","HIERARCHY":"MER","LVL":0,"ADMIN":"REGION_RBC","AREA":18},"bbox":[155484.54333797,168021.91100035,155493.16099276,168026.49000035]},{"type":"Feature","id":"StreetSurfaces.fid--481543fe_1a031752986_-4054","geometry":{"type":"Polygon","coordinates":[[[155130.587,168316.74000035],[155130.77,168312.27900035],[155132.90943966,168308.85742689],[155133.46,168309.25000035],[155134.44,168310.42000035],[155135.17,168311.73000035],[155135.31,168312.62000035],[155135.12,168314.24000035],[155134.89,168315.69000035],[155134.7,168318.12000035],[155134.72,168319.16000035],[155134.78,168320.85000035],[155134.81,168322.09000035],[155134.65,168322.69000035],[155134.4,168323.25000035],[155134.07,168323.73000035],[155133.72,168324.18000035],[155133.26,168324.56000035],[155132.38648386,168325.10121509],[155130.403,168321.20200035],[155130.587,168316.74000035]]]},"geometry_name":"GEOM","properties":{"INSPIRE_ID":"https://databrussels.be/id/streetsurface/145049","TYPE":"SW","STREET_ID":"https://databrussels.be/id/streetname/1446","STRNAMEFRE":"Square Alexandre","STRNAMEDUT":"Alexandersquare","MUNNISCODE":"21019","HIERARCHY":"DR","LVL":0,"ADMIN":"MUN_RBC","AREA":58},"bbox":[155130.403,168308.85742689,155135.31,168325.10121509]},{"type":"Feature","id":"StreetSurfaces.fid--481543fe_1a031752986_-4031","geometry":{"type":"Polygon","coordinates":[[[155164.41,168335.44000035],[155165.87,168334.49000035],[155167.97,168334.23000035],[155169.93,168334.61000035],[155170.96,168334.79000035],[155171.23850189,168334.87703219],[155168.91,168338.08000035],[155166.928,168339.57800035],[155162.98299251,168340.24445168],[155162.87,168339.51000035],[155162.85,168338.91000035],[155163.06,168337.62000035],[155163.37,168336.68000035],[155164.41,168335.44000035]]]},"geometry_name":"GEOM","properties":{"INSPIRE_ID":"https://databrussels.be/id/streetsurface/145051","TYPE":"SW","STREET_ID":"https://databrussels.be/id/streetname/1446","STRNAMEFRE":"Square Alexandre","STRNAMEDUT":"Alexandersquare","MUNNISCODE":"21019","HIERARCHY":"DR","LVL":0,"ADMIN":"MUN_RBC","AREA":31},"bbox":[155162.85,168334.23000035,155171.23850189,168340.24445168]},{"type":"Feature","id":"StreetSurfaces.fid--481543fe_1a031752986_-4046","geometry":{"type":"Polygon","coordinates":[[[155361.71711084,168497.28831029],[155353.07038517,168507.23075472],[155345.49157022,168514.9764992],[155342.76593998,168517.76033038],[155337.48459438,168522.83229128],[155330.58336058,168529.09265397],[155322.94762896,168535.44416329],[155316.52165854,168540.46280028],[155308.29332399,168546.60492137],[155301.20272871,168551.3054103],[155292.92947222,168556.44117101],[155284.91679403,168561.12037359],[155277.38247993,168565.15726856],[155270.06120583,168568.73772976],[155259.78685336,168573.34377381],[155250.73307707,168577.05265865],[155242.2561958,168580.18497706],[155230.87300484,168584.06676584],[155227.9512965,168574.18286477],[155236.01,168571.54000035],[155252.85,168564.76000035],[155258.1,168562.49000035],[155263.77,168560.11000035],[155267.84,168558.19000035],[155272.02,168556.10000035],[155275.17,168554.45000035],[155277.51,168553.12000035],[155279.84,168551.79000035],[155282.17,168550.44000035],[155285.57,168548.46000035],[155288.96,168546.46000035],[155292.32,168544.41000035],[155295.99,168542.04000035],[155299.63,168539.61000035],[155303.25,168537.15000035],[155303.96,168536.67000035],[155304.66,168536.19000035],[155305.37,168535.70000035],[155307.95,168533.80000035],[155314.21,168528.88000035],[155321.31,168523.05000035],[155330.02,168515.33000035],[155337.46,168508.03000035],[155347.08,168498.02000035],[155353.16,168491.07000035],[155359.04,168484.04000035],[155362.09,168480.17000035],[155362.35,168479.84000035],[155362.84389255,168479.20499564],[155371.48312867,168484.43270403],[155370.27,168485.94000035],[155370.05,168486.22000035],[155368.48,168488.17000035],[155368.85489487,168488.47373462],[155361.71711084,168497.28831029]]]},"geometry_name":"GEOM","properties":{"INSPIRE_ID":"https://databrussels.be/id/streetsurface/14663","TYPE":"S","STREET_ID":"https://databrussels.be/id/streetname/1484","STRNAMEFRE":"Avenue de Tervueren","STRNAMEDUT":"Tervurenlaan","MUNNISCODE":"21019","HIERARCHY":"MER","LVL":0,"ADMIN":"REGION_RBC","AREA":1806},"bbox":[155227.9512965,168479.20499564,155371.48312867,168584.06676584]},{"type":"Feature","id":"StreetSurfaces.fid--481543fe_1a031752986_-4045","geometry":{"type":"Polygon","coordinates":[[[155409.53093944,168482.47689177],[155397.64766069,168500.52048551],[155392.69647614,168496.96260916],[155396.90179087,168490.72647714],[155397.17,168490.79000035],[155397.5,168490.72000035],[155397.63,168490.64000035],[155398.84,168488.89000035],[155398.93,168488.69000035],[155398.96,168488.40000035],[155398.94,168488.22000035],[155398.85,168488.03000035],[155404.75520065,168479.79447191],[155405.04828773,168479.39015263],[155409.53093944,168482.47689177]]]},"geometry_name":"GEOM","properties":{"INSPIRE_ID":"https://databrussels.be/id/streetsurface/15087","TYPE":"IC","STREET_ID":"https://databrussels.be/id/streetname/1484","STRNAMEFRE":"Avenue de Tervueren","STRNAMEDUT":"Tervurenlaan","MUNNISCODE":"21019","HIERARCHY":"MER","LVL":0,"ADMIN":"REGION_RBC","AREA":124},"bbox":[155392.69647614,168479.39015263,155409.53093944,168500.52048551]},{"type":"Feature","id":"StreetSurfaces.fid--481543fe_1a031752986_-4044","geometry":{"type":"Polygon","coordinates":[[[155411.39546261,168482.99021173],[155419.02378111,168492.67441311],[155418.35,168494.35000035],[155418.11,168495.73000035],[155418.15,168496.24000035],[155418.19,168496.73000035],[155409.54462772,168505.64991061],[155409.21,168505.55000035],[155409.01,168505.52000035],[155408.13,168505.52000035],[155407.82,168505.57000035],[155407.25,168505.66000035],[155406.33,168506.47000035],[155406.05,168506.76000035],[155403.89,168509.46000035],[155403.74,168509.65000035],[155403.51326564,168509.61422044],[155402.14908887,168509.39894598],[155399.18089561,168509.25290827],[155396.33434962,168509.37460636],[155394.31,168509.88000035],[155395.95,168507.84000035],[155397.32,168506.15000035],[155397.85,168505.46000035],[155398.07,168505.17000035],[155398.71,168504.21000035],[155398.99,168503.60000035],[155399.08,168503.21000035],[155399.06,168502.68000035],[155398.89,168502.00000035],[155398.57,168501.44000035],[155398.42,168501.26000035],[155398.06,168500.81000035],[155397.64766069,168500.52048551],[155409.53093944,168482.47689177],[155411.39546261,168482.99021173]]]},"geometry_name":"GEOM","properties":{"INSPIRE_ID":"https://databrussels.be/id/streetsurface/15089","TYPE":"I","STREET_ID":"https://databrussels.be/id/streetname/1484","STRNAMEFRE":"Avenue de Tervueren","STRNAMEDUT":"Tervurenlaan","MUNNISCODE":"21019","HIERARCHY":"MER","LVL":0,"ADMIN":"REGION_RBC","AREA":328},"bbox":[155394.31,168482.47689177,155419.02378111,168509.88000035]},{"type":"Feature","id":"StreetSurfaces.fid--481543fe_1a031752986_-404b","geometry":{"type":"Polygon","coordinates":[[[155404.75520065,168479.79447191],[155398.85,168488.03000035],[155398.4,168487.70000035],[155396.08,168486.03000035],[155395.36,168485.51000035],[155395.01300844,168486.03388957],[155392.49223226,168484.32683891],[155392.4878943,168483.87068339],[155392.31474218,168483.37054793],[155392.03651737,168482.98720941],[155390.78086893,168482.07544637],[155384.02016688,168477.87020903],[155383.32760419,168477.54340703],[155382.68273955,168477.36734591],[155381.93111228,168477.33974336],[155382.8419609,168464.08720348],[155405.04828773,168479.39015263],[155404.75520065,168479.79447191]]]},"geometry_name":"GEOM","properties":{"INSPIRE_ID":"https://databrussels.be/id/streetsurface/15090","TYPE":"S","STREET_ID":"https://databrussels.be/id/streetname/1484","STRNAMEFRE":"Avenue de Tervueren","STRNAMEDUT":"Tervurenlaan","MUNNISCODE":"21019","HIERARCHY":"MER","LVL":0,"ADMIN":"REGION_RBC","AREA":253},"bbox":[155381.93111228,168464.08720348,155405.04828773,168488.03000035]},{"type":"Feature","id":"StreetSurfaces.fid--481543fe_1a031752986_-4041","geometry":{"type":"Polygon","coordinates":[[[155433.96548107,168525.3695637],[155427.99422604,168520.10448225],[155427.58638901,168519.74487692],[155425.81,168518.34000035],[155426.25,168517.90000035],[155422.7,168514.88000035],[155419.54,168512.48000035],[155417.09,168510.79000035],[155412.78,168507.82000035],[155412.61,168507.70000035],[155409.54462772,168505.64991061],[155418.19,168496.73000035],[155418.48,168497.68000035],[155419.22,168498.96000035],[155420.02,168499.94000035],[155420.24,168500.21000035],[155424.86,168505.31000035],[155433.45,168514.63000035],[155437.93,168519.61000035],[155439.15,168520.96000035],[155440.33,168519.95000035],[155452.97,168533.70000035],[155451.83,168534.76000035],[155453.21,168536.30000035],[155454.35,168535.30000035],[155468.97,168551.33000035],[155467.84,168552.31000035],[155469.2,168553.79000035],[155470.27,168552.67000035],[155486.05,168569.77000035],[155484.94,168570.83000035],[155486.3,168572.36000035],[155487.41,168571.34000035],[155491.41,168575.56000035],[155490.3,168576.71000035],[155491.57,168577.87000035],[155492.28,168578.29000035],[155492.81809347,168578.48071703],[155487.78284544,168583.08190883],[155486.95,168582.16000035],[155460.89,168553.81000035],[155448.15,168540.09000035],[155436.96,168528.03000035],[155436.523,168527.57400035],[155434.60799319,168525.92337281],[155433.96548107,168525.3695637]]]},"geometry_name":"GEOM","properties":{"INSPIRE_ID":"https://databrussels.be/id/streetsurface/15502","TYPE":"S","STREET_ID":"https://databrussels.be/id/streetname/2829","STRNAMEFRE":"Avenue Alfred Madoux","STRNAMEDUT":"Alfred Madouxlaan","MUNNISCODE":"21019","HIERARCHY":"IDR","LVL":0,"ADMIN":"REGION_RBC","AREA":872},"bbox":[155409.54462772,168496.73000035,155492.81809347,168583.08190883]},{"type":"Feature","id":"StreetSurfaces.fid--481543fe_1a031752986_-4037","geometry":{"type":"Polygon","coordinates":[[[155136.25543313,168303.50592257],[155139.16,168298.86000035],[155144.76,168296.93100035],[155148.39,168295.91000035],[155155.36,168295.01000035],[155159.54,168295.10000035],[155162.89,168296.26400035],[155167.61,168298.55000035],[155169.212,168299.46700035],[155173.29,168302.39000035],[155174.9,168305.30000035],[155178.24,168310.29000035],[155179.477,168313.82300035],[155178.627,168319.22200035],[155177.327,168324.85500035],[155177.564,168326.17500035],[155175.39,168329.17000035],[155175.26,168328.99000035],[155174.74,168328.04000035],[155174.29,168327.00000035],[155173.87,168325.73000035],[155173.69,168324.65000035],[155173.63206125,168323.52667688],[155173.69,168322.59000035],[155173.89,168321.16000035],[155173.95,168320.73000035],[155174.03,168318.88000035],[155174.03,168317.54000035],[155173.94,168316.19000035],[155173.82,168315.53000035],[155173.71,168314.94000035],[155173.39,168313.51000035],[155172.92,168312.12000035],[155172.41,168310.91000035],[155171.87,168309.61000035],[155171.07,168308.12000035],[155170.37,168307.03000035],[155169.49,168305.86000035],[155169.38,168305.71000035],[155167.79,168304.23000035],[155166.19,168302.90000035],[155164.09,168301.56000035],[155163.92,168301.48000035],[155162.83,168300.97000035],[155161.37,168300.34000035],[155159.85,168299.85000035],[155159.33,168299.67000035],[155158.6,168299.50000035],[155157.44,168299.21000035],[155155.72,168299.04000035],[155154.19,168299.02000035],[155152.24,168299.18000035],[155150.64,168299.35000035],[155149.47,168299.66000035],[155147.5,168300.22000035],[155147.24,168300.30000035],[155145.75,168300.84000035],[155144.89,168301.38000035],[155144,168301.92000035],[155143.02,168302.66000035],[155141.9,168303.64000035],[155141.26,168304.07000035],[155140.69,168304.32000035],[155140.18,168304.45000035],[155139.54,168304.50000035],[155138.48,168304.35000035],[155137.53,168304.10000035],[155136.25543313,168303.50592257]]]},"geometry_name":"GEOM","properties":{"INSPIRE_ID":"https://databrussels.be/id/streetsurface/165033","TYPE":"SW","STREET_ID":"https://databrussels.be/id/streetname/1446","STRNAMEFRE":"Square Alexandre","STRNAMEDUT":"Alexandersquare","MUNNISCODE":"21019","HIERARCHY":"DR","LVL":0,"ADMIN":"MUN_RBC","AREA":279},"bbox":[155136.25543313,168295.01000035,155179.477,168329.17000035]},{"type":"Feature","id":"StreetSurfaces.fid--481543fe_1a031752986_-4036","geometry":{"type":"Polygon","coordinates":[[[155142.77451119,168302.87480306],[155143.02,168302.66000035],[155144,168301.92000035],[155144.89,168301.38000035],[155145.75,168300.84000035],[155147.24,168300.30000035],[155147.5,168300.22000035],[155149.47,168299.66000035],[155150.64,168299.35000035],[155152.24,168299.18000035],[155154.19,168299.02000035],[155155.72,168299.04000035],[155157.44,168299.21000035],[155158.6,168299.50000035],[155159.33,168299.67000035],[155159.85,168299.85000035],[155161.37,168300.34000035],[155162.83,168300.97000035],[155163.92,168301.48000035],[155164.09,168301.56000035],[155166.19,168302.90000035],[155167.79,168304.23000035],[155169.38,168305.71000035],[155169.49,168305.86000035],[155170.37,168307.03000035],[155171.07,168308.12000035],[155171.87,168309.61000035],[155172.41,168310.91000035],[155172.92,168312.12000035],[155173.39,168313.51000035],[155173.71,168314.94000035],[155173.82,168315.53000035],[155173.94,168316.19000035],[155174.03,168317.54000035],[155174.03,168318.88000035],[155173.95,168320.73000035],[155173.89,168321.16000035],[155173.69,168322.59000035],[155173.63206125,168323.52667688],[155167.5867759,168321.35340826],[155167.888,168319.05200035],[155167.791,168316.76800035],[155167.309,168314.53300035],[155166.457,168312.41100035],[155165.258,168310.46400035],[155163.747,168308.74800035],[155161.968,168307.31200035],[155159.972,168306.19700035],[155157.817,168305.43500035],[155155.563,168305.04900035],[155153.277,168305.04900035],[155151.023,168305.43500035],[155148.868,168306.19700035],[155146.81252437,168307.36000879],[155142.77451119,168302.87480306]]]},"geometry_name":"GEOM","properties":{"INSPIRE_ID":"https://databrussels.be/id/streetsurface/20725","TYPE":"S","STREET_ID":"https://databrussels.be/id/streetname/1446","STRNAMEFRE":"Square Alexandre","STRNAMEDUT":"Alexandersquare","MUNNISCODE":"21019","HIERARCHY":"DR","LVL":0,"ADMIN":"MUN_RBC","AREA":244},"bbox":[155142.77451119,168299.02000035,155174.03,168323.52667688]},{"type":"Feature","id":"StreetSurfaces.fid--481543fe_1a031752986_-4035","geometry":{"type":"Polygon","coordinates":[[[155165.72047323,168334.58729516],[155164.41,168335.44000035],[155163.37,168336.68000035],[155163.06,168337.62000035],[155162.85,168338.91000035],[155162.87,168339.51000035],[155162.98299251,168340.24445168],[155159.949,168340.75700035],[155156.4942674,168341.34062691],[155156.41,168341.11000035],[155156.22,168340.60000035],[155155.98,168340.11000035],[155155.83,168339.86000035],[155155.67,168339.61000035],[155155.49,168339.38000035],[155155.33,168339.18000035],[155155.16,168338.98000035],[155154.98,168338.79000035],[155154.89,168338.70000035],[155154.79,168338.61000035],[155154.69,168338.53000035],[155154.55,168338.44000035],[155154.4,168338.36000035],[155154.17,168338.27000035],[155154,168338.23000035],[155153.86,168338.18000035],[155153.72,168338.14000035],[155153.55,168338.12000035],[155152.6922237,168337.96667802],[155152.25899264,168331.77596373],[155154.42,168331.96000035],[155156.698,168331.76600035],[155158.911,168331.19000035],[155160.994,168330.24800035],[155162.82869785,168329.00807783],[155165.72047323,168334.58729516]]]},"geometry_name":"GEOM","properties":{"INSPIRE_ID":"https://databrussels.be/id/streetsurface/20727","TYPE":"I","STREET_ID":"https://databrussels.be/id/streetname/1446","STRNAMEFRE":"Square Alexandre","STRNAMEDUT":"Alexandersquare","MUNNISCODE":"21019","HIERARCHY":"DR","LVL":0,"ADMIN":"MUN_RBC","AREA":104},"bbox":[155152.25899264,168329.00807783,155165.72047323,168341.34062691]},{"type":"Feature","id":"StreetSurfaces.fid--481543fe_1a031752986_-4050","geometry":{"type":"Polygon","coordinates":[[[155152.25899264,168331.77596373],[155152.6922237,168337.96667802],[155151.48,168337.75000035],[155149.41,168337.37000035],[155147.41,168336.80000035],[155146.09,168336.25000035],[155144.79,168335.60000035],[155143.55,168334.88000035],[155142.51,168334.19000035],[155141.5,168333.44000035],[155140.54,168332.65000035],[155140.15,168332.30000035],[155139.77,168331.95000035],[155139.39,168331.59000035],[155144.30888732,168327.39355804],[155145.952,168328.96800035],[155147.846,168330.24800035],[155149.929,168331.19000035],[155152.142,168331.76600035],[155152.25899264,168331.77596373]]]},"geometry_name":"GEOM","properties":{"INSPIRE_ID":"https://databrussels.be/id/streetsurface/22551","TYPE":"S","STREET_ID":"https://databrussels.be/id/streetname/1446","STRNAMEFRE":"Square Alexandre","STRNAMEDUT":"Alexandersquare","MUNNISCODE":"21019","HIERARCHY":"DR","LVL":0,"ADMIN":"MUN_RBC","AREA":75},"bbox":[155139.39,168327.39355804,155152.6922237,168337.96667802]},{"type":"Feature","id":"StreetSurfaces.fid--481543fe_1a031752986_-4032","geometry":{"type":"Polygon","coordinates":[[[155165.72047323,168334.58729516],[155162.82869785,168329.00807783],[155164.539,168327.38600035],[155165.899,168325.54800035],[155166.928,168323.50600035],[155167.5867759,168321.35340826],[155173.63206125,168323.52667688],[155173.69,168324.65000035],[155173.87,168325.73000035],[155174.29,168327.00000035],[155174.74,168328.04000035],[155175.26,168328.99000035],[155175.39,168329.17000035],[155173.237,168332.12800035],[155171.23850189,168334.87703219],[155170.96,168334.79000035],[155169.93,168334.61000035],[155167.97,168334.23000035],[155165.87,168334.49000035],[155165.72047323,168334.58729516]]]},"geometry_name":"GEOM","properties":{"INSPIRE_ID":"https://databrussels.be/id/streetsurface/22552","TYPE":"I","STREET_ID":"https://databrussels.be/id/streetname/1446","STRNAMEFRE":"Square Alexandre","STRNAMEDUT":"Alexandersquare","MUNNISCODE":"21019","HIERARCHY":"DR","LVL":0,"ADMIN":"MUN_RBC","AREA":107},"bbox":[155162.82869785,168321.35340826,155175.39,168334.87703219]},{"type":"Feature","id":"StreetSurfaces.fid--481543fe_1a031752986_-4053","geometry":{"type":"Polygon","coordinates":[[[155132.38648386,168325.10121509],[155133.26,168324.56000035],[155133.72,168324.18000035],[155134.07,168323.73000035],[155134.4,168323.25000035],[155134.65,168322.69000035],[155134.81,168322.09000035],[155134.78,168320.85000035],[155134.72,168319.16000035],[155134.7,168318.12000035],[155134.80555921,168316.76995359],[155141.049,168316.76800035],[155140.952,168319.05200035],[155141.243,168321.32000035],[155141.912,168323.50600035],[155142.941,168325.54800035],[155144.30888732,168327.39355804],[155139.39,168331.59000035],[155138.9,168331.29000035],[155138.41,168331.00000035],[155137.9,168330.76000035],[155137.51,168330.64000035],[155137.11,168330.55000035],[155136.7,168330.49000035],[155136.47,168330.46000035],[155136.24,168330.45000035],[155136,168330.44000035],[155135.83,168330.44000035],[155135.66,168330.44000035],[155135.5,168330.46000035],[155135.32,168330.53000035],[155135.18726156,168330.60808179],[155133.594,168327.47500035],[155132.38648386,168325.10121509]]]},"geometry_name":"GEOM","properties":{"INSPIRE_ID":"https://databrussels.be/id/streetsurface/22553","TYPE":"I","STREET_ID":"https://databrussels.be/id/streetname/1446","STRNAMEFRE":"Square Alexandre","STRNAMEDUT":"Alexandersquare","MUNNISCODE":"21019","HIERARCHY":"DR","LVL":0,"ADMIN":"MUN_RBC","AREA":109},"bbox":[155132.38648386,168316.76800035,155144.30888732,168331.59000035]},{"type":"Feature","id":"StreetSurfaces.fid--481543fe_1a031752986_-4052","geometry":{"type":"Polygon","coordinates":[[[155132.90943966,168308.85742689],[155134.965,168305.57000035],[155136.25543313,168303.50592257],[155137.53,168304.10000035],[155138.48,168304.35000035],[155139.54,168304.50000035],[155140.18,168304.45000035],[155140.69,168304.32000035],[155141.26,168304.07000035],[155141.9,168303.64000035],[155142.77451119,168302.87480306],[155146.81252437,168307.36000879],[155145.093,168308.74800035],[155143.582,168310.46400035],[155142.383,168312.41100035],[155141.531,168314.53300035],[155141.049,168316.76800035],[155134.80555921,168316.76995359],[155134.89,168315.69000035],[155135.12,168314.24000035],[155135.31,168312.62000035],[155135.17,168311.73000035],[155134.44,168310.42000035],[155133.46,168309.25000035],[155132.90943966,168308.85742689]]]},"geometry_name":"GEOM","properties":{"INSPIRE_ID":"https://databrussels.be/id/streetsurface/22554","TYPE":"I","STREET_ID":"https://databrussels.be/id/streetname/1446","STRNAMEFRE":"Square Alexandre","STRNAMEDUT":"Alexandersquare","MUNNISCODE":"21019","HIERARCHY":"DR","LVL":0,"ADMIN":"MUN_RBC","AREA":115},"bbox":[155132.90943966,168302.87480306,155146.81252437,168316.76995359]},{"type":"Feature","id":"StreetSurfaces.fid--481543fe_1a031752986_-4022","geometry":{"type":"Polygon","coordinates":[[[155484.49871485,168028.31583768],[155484.36832302,168033.90351118],[155447.16,168030.03000035],[155421.43,168027.27000035],[155399.52,168024.86000035],[155385.87,168023.42000035],[155359.12,168020.76000035],[155351.26,168019.94000035],[155335.56,168018.30000035],[155317.41,168016.41000035],[155311.61,168015.80000035],[155305.81,168015.18000035],[155300.01,168014.54000035],[155295.69,168014.01000035],[155291.37,168013.47000035],[155287.04,168012.97000035],[155282.56,168012.54000035],[155278.08,168012.16000035],[155273.6,168011.77000035],[155266.46,168011.09000035],[155259.33,168010.38000035],[155252.2,168009.63000035],[155244.11293762,168008.73357985],[155255.31536224,168009.3345097],[155267.69928263,168010.58700958],[155271.17964458,168010.93911607],[155277.92095361,168011.52685313],[155290.12165364,168012.61377244],[155302.8058699,168013.81503752],[155340.77908187,168017.10593894],[155356.69655668,168018.64213808],[155373.01952629,168020.11259043],[155392.03470273,168021.50233547],[155422.55812622,168024.41708108],[155441.25241883,168025.96166343],[155454.68597057,168027.42734421],[155466.62226958,168028.51739272],[155481.68668436,168028.72197846],[155484.49871485,168028.31583768]]]},"geometry_name":"GEOM","properties":{"INSPIRE_ID":"https://databrussels.be/id/streetsurface/23750","TYPE":"S","STREET_ID":"https://databrussels.be/id/streetname/3880","STRNAMEFRE":"Avenue Colonel Daumerie","STRNAMEDUT":"Kolonel Daumerielaan","MUNNISCODE":"21019","HIERARCHY":"DR","LVL":0,"ADMIN":"MUN_RBC","AREA":503},"bbox":[155244.11293762,168008.73357985,155484.49871485,168033.90351118]},{"type":"Feature","id":"StreetSurfaces.fid--481543fe_1a031752986_-403a","geometry":{"type":"Polygon","coordinates":[[[155498.88974787,168044.11644024],[155488.75544621,168041.77253282],[155489.09,168040.29000035],[155489.29,168039.18000035],[155489.3,168037.80000035],[155488.82,168036.42000035],[155487.79,168034.86000035],[155486.64,168034.14000035],[155484.36832302,168033.90351118],[155484.49871485,168028.31583768],[155488.42681159,168027.74850375],[155497.2414907,168026.25478904],[155502.77954214,168025.07697982],[155502.77947072,168025.07728859],[155503.21011878,168024.98570019],[155503.32353523,168024.94617003],[155498.88974787,168044.11644024]]]},"geometry_name":"GEOM","properties":{"INSPIRE_ID":"https://databrussels.be/id/streetsurface/23754","TYPE":"I","STREET_ID":"https://databrussels.be/id/streetname/1484","STRNAMEFRE":"Avenue de Tervueren","STRNAMEDUT":"Tervurenlaan","MUNNISCODE":"21019","HIERARCHY":"MER","LVL":0,"ADMIN":"REGION_RBC","AREA":230},"bbox":[155484.36832302,168024.94617003,155503.32353523,168044.11644024]},{"type":"Feature","id":"StreetSurfaces.fid--481543fe_1a031752986_-4039","geometry":{"type":"Polygon","coordinates":[[[155503.87630443,168022.55617384],[155503.32353523,168024.94617003],[155503.21011878,168024.98570019],[155502.77954214,168025.07697982],[155497.2414907,168026.25478904],[155488.42681159,168027.74850375],[155484.49871485,168028.31583768],[155484.54333797,168026.40360568],[155486.78,168026.49000035],[155488.2,168026.29000035],[155490.03,168025.66000035],[155491.45,168024.48000035],[155492.79,168022.97000035],[155493.16099276,168022.01693274],[155503.87630443,168022.55617384]]]},"geometry_name":"GEOM","properties":{"INSPIRE_ID":"https://databrussels.be/id/streetsurface/23796","TYPE":"I","STREET_ID":"https://databrussels.be/id/streetname/915","STRNAMEFRE":"Avenue de Tervuren","STRNAMEDUT":"Tervuurselaan","MUNNISCODE":"21002","HIERARCHY":"MER","LVL":0,"ADMIN":"REGION_RBC","AREA":57},"bbox":[155484.49871485,168022.01693274,155503.87630443,168028.31583768]},{"type":"Feature","id":"StreetSurfaces.fid--481543fe_1a031752986_-4025","geometry":{"type":"Polygon","coordinates":[[[155220.80503808,167998.70982952],[155226.05,167999.26000035],[155233.33,168000.00000035],[155238.77,168000.55000035],[155251.5,168001.82000035],[155264.22,168003.15000035],[155271.18,168003.93000035],[155278.15,168004.73000035],[155285.12,168005.51000035],[155293.84,168006.39000035],[155302.57,168007.23000035],[155311.3,168008.09000035],[155322.22,168009.23000035],[155333.14,168010.39000035],[155344.06,168011.56000035],[155365.46,168013.82000035],[155376.17,168014.96000035],[155404.23,168017.92000035],[155438.33,168021.70000035],[155484.54333797,168026.40360568],[155484.49871485,168028.31583768],[155481.68668436,168028.72197846],[155466.62226958,168028.51739272],[155454.68597057,168027.42734421],[155441.25241883,168025.96166343],[155422.55812622,168024.41708108],[155392.03470273,168021.50233547],[155373.01952629,168020.11259043],[155356.69655668,168018.64213808],[155340.77908187,168017.10593894],[155302.8058699,168013.81503752],[155290.12165364,168012.61377244],[155277.92095361,168011.52685313],[155271.17964458,168010.93911607],[155267.69928263,168010.58700958],[155255.31536224,168009.3345097],[155244.11293762,168008.73357985],[155243.80907309,168008.71727969],[155235.43,168007.72000035],[155231.38241528,168007.25092542],[155230.09591457,168006.79336086],[155224.5100925,168005.17488396],[155220.27207789,168002.96924163],[155220.80503808,167998.70982952]]]},"geometry_name":"GEOM","properties":{"INSPIRE_ID":"https://databrussels.be/id/streetsurface/23972","TYPE":"S","STREET_ID":"https://databrussels.be/id/streetname/3881","STRNAMEFRE":"Avenue Colonel Daumerie","STRNAMEDUT":"Kolonel Daumerielaan","MUNNISCODE":"21002","HIERARCHY":"DR","LVL":0,"ADMIN":"MUN_RBC","AREA":1470},"bbox":[155220.27207789,167998.70982952,155484.54333797,168028.72197846]},{"type":"Feature","id":"StreetSurfaces.fid--481543fe_1a031752986_-4017","geometry":{"type":"Polygon","coordinates":[[[155509.09224416,168000.00400035],[155509.06713824,168000.11267839],[155503.87630443,168022.55617384],[155493.16099276,168022.01693274],[155493.37,168021.48000035],[155498.42,168000.00000035],[155500.23,167992.29000035],[155504.79,167972.07000035],[155510.15,167949.11000035],[155513.23,167935.50000035],[155513.24849143,167934.95450303],[155523.5883042,167937.25374374],[155509.09316821,168000.00000035],[155509.09224416,168000.00400035]]]},"geometry_name":"GEOM","properties":{"INSPIRE_ID":"https://databrussels.be/id/streetsurface/24463","TYPE":"S","STREET_ID":"https://databrussels.be/id/streetname/915","STRNAMEFRE":"Avenue de Tervuren","STRNAMEDUT":"Tervuurselaan","MUNNISCODE":"21002","HIERARCHY":"MER","LVL":0,"ADMIN":"REGION_RBC","AREA":923},"bbox":[155493.16099276,167934.95450303,155523.5883042,168022.55617384]},{"type":"Feature","id":"StreetSurfaces.fid--481543fe_1a031752986_-403d","geometry":{"type":"Polygon","coordinates":[[[155540.32197821,168008.85824592],[155540.85183704,168008.62565165],[155552.21789302,168003.64467462],[155551.24,168007.98000035],[155541.62,168049.66000035],[155537.516,168067.20300035],[155532.424,168089.16100035],[155532.261,168090.15300035],[155532.19199797,168091.13129388],[155532.20707659,168092.1981064],[155532.52318913,168094.1231887],[155532.95751458,168095.91441167],[155527.947,168098.76300035],[155527.165,168098.93800035],[155526.741,168099.49300035],[155525.002,168107.39700035],[155525.036,168107.97600035],[155525.29,168108.38700035],[155525.843,168108.65000035],[155527.91646571,168112.85744321],[155527.748,168112.99300035],[155526.824,168114.14000035],[155526.423,168115.33000035],[155523.01329063,168130.16405749],[155522.757,168131.28400035],[155520.02,168142.99000035],[155515.27,168163.30000035],[155511.78,168178.39500035],[155507.173,168184.46000035],[155506.869,168184.86100035],[155506.347,168186.99300035],[155509.58,168187.90900035],[155508.22,168193.79000035],[155499.1,168233.95000035],[155492.1,168264.34000035],[155485.07,168294.47000035],[155480.7,168313.40000035],[155475.72,168335.11000035],[155472.38,168349.62000035],[155468.3,168367.34000035],[155462.94,168390.02000035],[155460.13,168400.78000035],[155459.52,168403.03200035],[155458.649,168404.04200035],[155457.779,168405.05100035],[155456.924,168406.07200035],[155456.268,168406.89100035],[155455.622,168407.71800035],[155454.971,168408.54200035],[155454.593,168409.01100035],[155453.833,168409.94700035],[155453.384,168411.37800035],[155452.935,168412.80800035],[155452.493,168414.24100035],[155451.951,168416.04900035],[155451.421,168417.86100035],[155450.904,168419.67700035],[155450.534,168421.00800035],[155450.171,168422.34000035],[155449.817,168423.67500035],[155449.288,168425.77400035],[155448.781,168427.87800035],[155448.27,168429.98200035],[155447.679,168432.32700035],[155447.083,168434.67100035],[155446.502,168437.01800035],[155446.154,168438.52500035],[155445.811,168440.03400035],[155445.444,168441.53700035],[155445.147,168442.67300035],[155444.836,168443.80500035],[155444.49,168444.92500035],[155443.518,168447.34800035],[155442.372,168449.70600035],[155441.226,168452.06500035],[155439.58,168455.49000035],[155437.29,168460.38000035],[155435.06,168464.49000035],[155431.31,168471.38000035],[155423.72,168484.57000035],[155419.11,168492.46000035],[155419.02378111,168492.67441311],[155411.39546261,168482.99021173],[155409.53093944,168482.47689177],[155416.00091587,168471.86987038],[155422.32547996,168460.45704132],[155425.73870469,168453.56059977],[155430.43633131,168443.51435723],[155435.48807938,168431.85040815],[155440.49568545,168418.48402423],[155444.50505317,168406.43596345],[155447.57485429,168395.83213275],[155451.09533941,168382.10019045],[155469.9283544,168299.31728491],[155480.97644446,168252.04563679],[155502.748141,168157.44825176],[155530.16490199,168038.6619432],[155536.70061298,168010.44524647],[155540.32197821,168008.85824592]]]},"geometry_name":"GEOM","properties":{"INSPIRE_ID":"https://databrussels.be/id/streetsurface/24465","TYPE":"S","STREET_ID":"https://databrussels.be/id/streetname/1484","STRNAMEFRE":"Avenue de Tervueren","STRNAMEDUT":"Tervurenlaan","MUNNISCODE":"21019","HIERARCHY":"MER","LVL":0,"ADMIN":"REGION_RBC","AREA":6606},"bbox":[155409.53093944,168003.64467462,155552.21789302,168492.67441311]},{"type":"Feature","id":"StreetSurfaces.fid--481543fe_1a031752986_-402e","geometry":{"type":"Polygon","coordinates":[[[155252.79217293,168384.39041157],[155251.074,168386.70800035],[155249.07420168,168389.40486616],[155243.3,168385.33000035],[155237.77,168381.38000035],[155233.65,168378.43000035],[155232.72,168377.77000035],[155221.3,168369.56000035],[155216.48,168366.15000035],[155174.34,168336.34000035],[155172.76,168335.37000035],[155172.64,168335.30000035],[155171.23850189,168334.87703219],[155173.237,168332.12800035],[155175.39,168329.17000035],[155175.88,168329.83000035],[155176.46,168330.36000035],[155176.8,168330.66000035],[155183.81,168335.61000035],[155192.7,168341.93000035],[155210.24,168354.32000035],[155213.4,168356.53000035],[155222.36,168362.89000035],[155225.81,168365.33000035],[155230.98,168369.00000035],[155245.48,168379.35000035],[155248.05,168381.13000035],[155251.54,168383.53000035],[155252.79217293,168384.39041157]]]},"geometry_name":"GEOM","properties":{"INSPIRE_ID":"https://databrussels.be/id/streetsurface/254","TYPE":"S","STREET_ID":"https://databrussels.be/id/streetname/5867","STRNAMEFRE":"Avenue du Putdael","STRNAMEDUT":"Putdaellaan","MUNNISCODE":"21019","HIERARCHY":"DR","LVL":0,"ADMIN":"MUN_RBC","AREA":579},"bbox":[155171.23850189,168329.17000035,155252.79217293,168389.40486616]},{"type":"Feature","id":"StreetSurfaces.fid--481543fe_1a031752986_-404c","geometry":{"type":"Polygon","coordinates":[[[155362.84389255,168479.20499564],[155364.1,168477.59000035],[155364.3,168477.26000035],[155364.71,168476.58000035],[155365.04,168475.66000035],[155365.22,168474.48000035],[155365.18,168473.65000035],[155365.14,168473.48000035],[155364.96,168472.60000035],[155364.63,168471.79000035],[155364.29,168471.20000035],[155363.87,168470.77000035],[155363.51,168470.40000035],[155363.38,168470.27000035],[155363.24,168470.14000035],[155363.06,168469.98000035],[155362.8976762,168469.86428981],[155366.56300451,168464.76510351],[155367.07,168465.12000035],[155369.65,168466.89000035],[155369.84,168466.90000035],[155370.3,168466.89000035],[155370.71,168466.80000035],[155371.43,168466.47000035],[155372.03,168466.15000035],[155372.39,168465.89000035],[155373.44,168464.35000035],[155375.61384152,168461.16551321],[155382.8419609,168464.08720348],[155381.93111228,168477.33974336],[155381.03294512,168477.55767567],[155380.54593076,168477.86333043],[155380.12839197,168478.51160092],[155380.4314479,168478.74148147],[155373.77152513,168484.0871293],[155373.57,168483.95000035],[155373.05,168483.77000035],[155372.69,168483.76000035],[155372.19,168483.92000035],[155371.92,168484.05000035],[155371.58,168484.31000035],[155371.48312867,168484.43270403],[155362.84389255,168479.20499564]]]},"geometry_name":"GEOM","properties":{"INSPIRE_ID":"https://databrussels.be/id/streetsurface/30646","TYPE":"I","STREET_ID":"https://databrussels.be/id/streetname/1484","STRNAMEFRE":"Avenue de Tervueren","STRNAMEDUT":"Tervurenlaan","MUNNISCODE":"21019","HIERARCHY":"MER","LVL":0,"ADMIN":"REGION_RBC","AREA":313},"bbox":[155362.84389255,168461.16551321,155382.8419609,168484.43270403]},{"type":"Feature","id":"StreetSurfaces.fid--481543fe_1a031752986_-402b","geometry":{"type":"Polygon","coordinates":[[[155269.41723782,168379.32352481],[155265.798,168379.12400035],[155262.17527051,168378.92363088],[155263.08,168360.90000035],[155264.17,168337.39000035],[155265.12,168316.35000035],[155266.4,168289.66000035],[155267.01,168273.66000035],[155267.05,168271.27000035],[155267.1,168268.89000035],[155267.06,168266.51000035],[155266.94,168264.08000035],[155266.73,168261.65000035],[155266.42,168259.24000035],[155265.96,168256.66000035],[155265.38,168254.10000035],[155264.7,168251.56000035],[155263.97,168249.11000035],[155263.15,168246.69000035],[155262.19,168244.33000035],[155261.07,168242.12000035],[155259.81,168239.98000035],[155258.54,168237.85000035],[155257.45,168235.84000035],[155256.34,168233.84000035],[155255.12,168231.94000035],[155253.62,168230.11000035],[155250.34,168226.67000035],[155241.74,168218.00000035],[155236,168211.39000035],[155230.63,168204.07000035],[155223.52,168194.65000035],[155218.76,168186.73000035],[155213.98,168178.28000035],[155210.21,168170.00000035],[155207.12,168162.75000035],[155203.77,168153.82000035],[155200.91,168144.53000035],[155198.71,168135.60000035],[155197.42,168128.89000035],[155196.17,168120.20000035],[155195.41,168113.66000035],[155195,168108.07000035],[155194.75,168103.65000035],[155194.65,168099.57000035],[155195.17,168084.07000035],[155196.45,168048.10000035],[155197.25,168023.60000035],[155197.36282171,168020.53954947],[155200.71,168020.69700035],[155204.76284828,168020.88767998],[155204.49,168022.02000035],[155203.85,168038.12000035],[155203.55,168046.17000035],[155203.29,168054.39000035],[155203.06,168062.62000035],[155202.82,168070.84000035],[155202.68,168074.85000035],[155202.54,168078.85000035],[155202.41,168082.86000035],[155202.21,168088.88000035],[155202.14,168091.89000035],[155202.09,168094.70000035],[155202.06,168097.50000035],[155202.06,168100.30000035],[155202.09,168102.99000035],[155202.14,168105.68000035],[155202.24,168108.36000035],[155202.36,168110.53000035],[155202.51,168112.69000035],[155202.71,168114.86000035],[155203.04,168117.54000035],[155203.43,168120.21000035],[155203.85,168122.89000035],[155204.24,168125.50000035],[155204.65,168128.11000035],[155205.11,168130.71000035],[155205.59,168133.14000035],[155206.1,168135.55000035],[155206.65,168137.96000035],[155207.22,168140.34000035],[155207.83,168142.72000035],[155208.5,168145.08000035],[155209.57,168148.33000035],[155210.76,168151.54000035],[155211.99,168154.75000035],[155214.2,168160.73000035],[155216.52,168166.68000035],[155219.17,168172.46000035],[155220.43,168174.79000035],[155221.75,168177.10000035],[155223.07,168179.40000035],[155224.94,168182.70000035],[155226.82,168186.00000035],[155228.79,168189.24000035],[155230.42,168191.74000035],[155232.1,168194.20000035],[155233.82,168196.65000035],[155235.42,168198.89000035],[155237.05,168201.11000035],[155238.72,168203.31000035],[155240.48,168205.53000035],[155242.29,168207.72000035],[155244.13,168209.88000035],[155246.74,168212.76000035],[155249.41,168215.59000035],[155252.09,168218.41000035],[155254.33,168220.73000035],[155255.42,168221.92000035],[155256.41,168223.02000035],[155257.38,168224.14000035],[155258.33,168225.28000035],[155259.7,168226.96000035],[155261.03,168228.67000035],[155262.29,168230.42000035],[155263.48,168232.22000035],[155264.6,168234.07000035],[155265.65,168235.95000035],[155266.58,168237.74000035],[155267.45,168239.56000035],[155268.28,168241.39000035],[155268.95,168242.88000035],[155269.59,168244.38000035],[155270.18,168245.90000035],[155270.75,168247.68000035],[155271.25,168249.49000035],[155271.73,168251.31000035],[155272.18,168252.99000035],[155272.61,168254.68000035],[155272.99,168256.37000035],[155273.47,168258.93000035],[155273.85,168261.51000035],[155274.14,168264.10000035],[155274.28,168266.12000035],[155274.44,168270.16000035],[155274.43,168272.61000035],[155274.06,168278.07000035],[155271.7,168325.77000035],[155270.61,168352.54000035],[155269.78,168370.43000035],[155269.41723782,168379.32352481]]]},"geometry_name":"GEOM","properties":{"INSPIRE_ID":"https://databrussels.be/id/streetsurface/3065","TYPE":"S","STREET_ID":"https://databrussels.be/id/streetname/4523","STRNAMEFRE":"Avenue Bois du Dimanche","STRNAMEDUT":"Zondagsboslaan","MUNNISCODE":"21019","HIERARCHY":"DR","LVL":0,"ADMIN":"MUN_RBC","AREA":2696},"bbox":[155194.65,168020.53954947,155274.44,168379.32352481]},{"type":"Feature","id":"StreetSurfaces.fid--481543fe_1a031752986_-4033","geometry":{"type":"Polygon","coordinates":[[[155162.98299251,168340.24445168],[155163.01,168340.41000035],[155163.1,168340.78000035],[155163.29,168341.72000035],[155163.57,168343.08000035],[155169.96,168369.54000035],[155173.10567351,168382.54173909],[155173.55448396,168384.31876966],[155173.96550105,168386.06375994],[155187.13,168440.25000035],[155188.15,168444.47000035],[155191.29,168457.50000035],[155192.34742117,168461.81580582],[155193.85272965,168467.95963831],[155203.2,168506.11000035],[155204.36,168510.87000035],[155207.79,168524.83000035],[155208.01,168525.76000035],[155208.76,168528.81000035],[155215.17,168555.11000035],[155216.95,168562.42000035],[155218.92512766,168570.50251934],[155212.94686328,168573.02721506],[155211.53,168567.13000035],[155210.26,168561.83000035],[155205.85,168543.49000035],[155202.96,168531.83000035],[155201.35,168525.30000035],[155199.31,168517.04000035],[155197.8,168510.76000035],[155196.2,168504.07000035],[155189.88,168477.76000035],[155189.79,168477.37000035],[155188.57,168472.33000035],[155185.1,168458.04000035],[155183.94,168453.27000035],[155178.12,168429.32000035],[155172.74,168407.35000035],[155171.44,168402.02000035],[155168.82,168391.33000035],[155167.37,168385.39000035],[155166.26,168380.86000035],[155157.01,168343.30000035],[155156.67,168341.91000035],[155156.6,168341.63000035],[155156.4942674,168341.34062691],[155159.949,168340.75700035],[155162.98299251,168340.24445168]]]},"geometry_name":"GEOM","properties":{"INSPIRE_ID":"https://databrussels.be/id/streetsurface/31194","TYPE":"S","STREET_ID":"https://databrussels.be/id/streetname/150","STRNAMEFRE":"Avenue Saint-Jean","STRNAMEDUT":"Sint-Janslaan","MUNNISCODE":"21019","HIERARCHY":"DR","LVL":0,"ADMIN":"MUN_RBC","AREA":1491},"bbox":[155156.4942674,168340.24445168,155218.92512766,168573.02721506]},{"type":"Feature","id":"StreetSurfaces.fid--481543fe_1a031752986_-401d","geometry":{"type":"Polygon","coordinates":[[[155269.08638173,168394.69113759],[155269.25,168395.11000035],[155269.45,168395.64000035],[155269.78,168396.17000035],[155270.35,168396.85000035],[155271.98,168398.15000035],[155276.85,168401.53000035],[155279.33,168403.25000035],[155281.67,168404.88000035],[155289.86,168410.69000035],[155292.91,168412.86000035],[155302.58,168419.73000035],[155304.77,168421.27000035],[155309.15,168424.36000035],[155316.74,168429.70000035],[155319.35,168431.54000035],[155327.41,168437.22000035],[155327.67,168437.40000035],[155330.05,168439.08000035],[155339.94,168446.06000035],[155342.8,168448.07000035],[155352.57,168454.97000035],[155366.56300451,168464.76510351],[155362.8976762,168469.86428981],[155357.14,168465.76000035],[155346.79,168458.48000035],[155333.44,168449.09000035],[155330.52,168447.03000035],[155325.51,168443.49000035],[155318.82,168438.76000035],[155317.84,168438.05000035],[155313.73,168435.12000035],[155306.36,168429.85000035],[155293.25,168420.72000035],[155273.73,168406.79000035],[155264.8823983,168400.55532351],[155266.596,168398.16500035],[155269.08638173,168394.69113759]]]},"geometry_name":"GEOM","properties":{"INSPIRE_ID":"https://databrussels.be/id/streetsurface/31195","TYPE":"S","STREET_ID":"https://databrussels.be/id/streetname/5867","STRNAMEFRE":"Avenue du Putdael","STRNAMEDUT":"Putdaellaan","MUNNISCODE":"21019","HIERARCHY":"DR","LVL":0,"ADMIN":"MUN_RBC","AREA":743},"bbox":[155264.8823983,168394.69113759,155366.56300451,168469.86428981]},{"type":"Feature","id":"StreetSurfaces.fid--481543fe_1a031752986_-4056","geometry":{"type":"Polygon","coordinates":[[[155132.38648386,168325.10121509],[155133.594,168327.47500035],[155135.18726156,168330.60808179],[155134.98,168330.72000035],[155134.83,168330.80000035],[155134.69,168330.88000035],[155134.54,168330.95000035],[155134.27,168331.09000035],[155134.12,168331.16000035],[155133.91,168331.27000035],[155132.86,168331.91000035],[155126.97,168335.50000035],[155120.04,168339.73000035],[155113.26,168344.20000035],[155108.31,168347.77000035],[155103.45,168351.47000035],[155098.69,168355.30000035],[155090.42,168362.49000035],[155082.5,168370.09000035],[155074.97,168378.05000035],[155071.98,168381.45000035],[155069.06,168384.90000035],[155066.22,168388.42000035],[155063.52,168391.99000035],[155061.2,168395.05000035],[155060.76,168395.63000035],[155055.61,168403.08000035],[155053.51,168406.37000035],[155051.5,168409.52000035],[155050.75,168410.70000035],[155049.73,168412.51000035],[155046.99,168417.35000035],[155045.59,168419.83000035],[155040.84,168429.21000035],[155036.14,168438.61000035],[155032.42,168445.93000035],[155030.48,168449.80000035],[155028.74,168453.27000035],[155028.44,168453.88000035],[155025.06,168460.61000035],[155014.42,168481.85000035],[155009.11,168492.48000035],[155002.99,168504.78000035],[155000,168510.79000035],[154996.87,168517.08000035],[154995.51,168519.84000035],[154993.44,168523.99000035],[154990.76,168529.39000035],[154984.59,168541.81000035],[154981.39,168548.26000035],[154978.41,168554.24000035],[154977.17,168556.75000035],[154972.24,168566.67000035],[154972.07,168566.96000035],[154971.9,168567.24000035],[154971.8,168567.53000035],[154971.81,168567.89000035],[154971.86246971,168568.10570917],[154964.36,168567.47000035],[154965.03,168566.54000035],[154966.07,168564.71000035],[154966.87,168563.30000035],[154968.35,168560.35000035],[154969.75,168557.58000035],[154971.97,168553.16000035],[154974.95,168547.24000035],[154980.45,168536.20000035],[154982.17,168532.75000035],[154982.53,168532.04000035],[154986.81,168523.55000035],[154988.91,168519.38000035],[154989.51,168518.18000035],[154995.09,168507.02000035],[154995.57,168506.03000035],[154997.72,168501.67000035],[154999.11,168498.83000035],[154999.71,168497.61000035],[155000,168497.03000035],[155003.64,168489.68000035],[155007.95,168481.21000035],[155012.27,168472.43000035],[155012.61,168471.74000035],[155015.16,168466.69000035],[155016.63,168463.80000035],[155016.76,168463.53000035],[155018.29,168460.44000035],[155020.77,168455.42000035],[155024.59,168447.85000035],[155028.5,168440.06000035],[155028.6,168439.85000035],[155030.14,168436.69000035],[155031.7,168433.48000035],[155033.77,168429.35000035],[155035.44,168426.07000035],[155036.56,168423.86000035],[155037.76,168421.54000035],[155038.59,168419.93000035],[155041.5,168414.46000035],[155043.41,168410.88000035],[155043.5,168410.71000035],[155045.28,168407.67000035],[155045.76,168406.91000035],[155048.46,168402.59000035],[155050.27,168399.74000035],[155052.59,168396.26000035],[155056.2,168391.13000035],[155060.29,168386.00000035],[155064.76,168380.38000035],[155068.15,168376.41000035],[155068.93,168375.58000035],[155072.48,168371.81000035],[155075.94,168368.13000035],[155079.62,168364.34000035],[155083.71,168360.25000035],[155086.66,168357.49000035],[155087.84,168356.39000035],[155090.7,168353.92000035],[155093.45,168351.52000035],[155093.9,168351.16000035],[155096.23,168349.26000035],[155098.15,168347.73000035],[155098.64,168347.34000035],[155103,168344.04000035],[155103.1,168343.97000035],[155113.65,168336.71000035],[155132.38648386,168325.10121509]]]},"geometry_name":"GEOM","properties":{"INSPIRE_ID":"https://databrussels.be/id/streetsurface/32000","TYPE":"S","STREET_ID":"https://databrussels.be/id/streetname/2456","STRNAMEFRE":"Avenue des Fleurs","STRNAMEDUT":"Bloemenlaan","MUNNISCODE":"21019","HIERARCHY":"DR","LVL":0,"ADMIN":"MUN_RBC","AREA":1833},"bbox":[154964.36,168325.10121509,155135.18726156,168568.10570917]},{"type":"Feature","id":"StreetSurfaces.fid--481543fe_1a031752986_-405b","geometry":{"type":"Polygon","coordinates":[[[155392.69647614,168496.96260916],[155397.64766069,168500.52048551],[155398.06,168500.81000035],[155398.42,168501.26000035],[155398.57,168501.44000035],[155398.89,168502.00000035],[155399.06,168502.68000035],[155399.08,168503.21000035],[155398.99,168503.60000035],[155398.71,168504.21000035],[155398.07,168505.17000035],[155397.85,168505.46000035],[155397.32,168506.15000035],[155395.95,168507.84000035],[155394.31,168509.88000035],[155392.319,168512.21900035],[155390.327,168514.55800035],[155388.325,168516.88700035],[155386.79,168518.64600035],[155385.248,168520.40000035],[155383.708,168522.15500035],[155383.439,168522.46300035],[155381.509,168524.69800035],[155378.06,168528.60000035],[155368.9,168538.04000035],[155366.86,168540.09000035],[155362.27,168544.61000035],[155358.68,168547.91000035],[155354.15,168552.25000035],[155349.5,168555.94000035],[155347.93936712,168557.2579611],[155345.51,168554.46000035],[155341.43396136,168558.3702469],[155333.11713053,168564.76321906],[155323.7523965,168571.45433125],[155313.34403527,168578.39346742],[155305.28753272,168583.31091052],[155298.94524523,168586.8868036],[155290.11733514,168591.67112798],[155283.56849412,168594.83530629],[155271.77542704,168600.03665117],[155266.2442162,168602.31947008],[155260.41791121,168604.71815134],[155250.2862992,168608.47956242],[155244.48948379,168610.55502225],[155233.88200612,168613.96532137],[155224.40722859,168616.61677764],[155213.03953435,168619.3647769],[155202.88862123,168621.36840825],[155194.00234383,168622.79941675],[155183.52167891,168624.22215019],[155172.2993716,168625.325145],[155160.34598187,168626.05636253],[155150.8154505,168626.41682442],[155141.23859315,168626.47678691],[155131.59586782,168626.19544225],[155122.89226821,168625.68523423],[155118.54148809,168625.39518269],[155113.56091147,168624.92346395],[155103.63015226,168623.97229129],[155069.82481379,168620.57165203],[155051.00382586,168618.57273054],[155031.26457667,168616.58281003],[155013.2923279,168614.73359794],[154999.97889602,168613.38573064],[154960.23270727,168609.10123664],[154959.84859238,168612.66664164],[154941.47,168610.74000035],[154926.83,168609.28000035],[154922.79712907,168608.87808966],[154912.18,168607.82000035],[154897.55,168606.27000035],[154890.84,168605.50000035],[154884.14,168604.70000035],[154878.43011853,168604.02774903],[154878.21135498,168604.03686591],[154844.27860116,168600.98580797],[154843.93071425,168601.03828583],[154842.487,168600.98300035],[154840.77202184,168600.87756532],[154842.51376505,168600.48371723],[154844.70736386,168600.41665438],[154858.60843268,168598.80118446],[154868.21586645,168598.16884984],[154879.47165577,168597.43801922],[154894.07062915,168597.44527695],[154901.98076396,168597.70600188],[154911.88397294,168598.3446754],[154918.07487371,168598.87401807],[154923.82518396,168599.40137771],[154954.75062,168602.40853791],[154956.47313375,168602.57604157],[155000.05434788,168607.11696282],[155056.57126693,168612.92570622],[155106.10112013,168617.99662048],[155121.10839598,168619.29407085],[155132.37093832,168619.85412001],[155142.54659757,168620.09404388],[155155.2317614,168619.93323502],[155163.82830071,168619.55447143],[155175.78997137,168618.64650951],[155186.68949881,168617.34142184],[155191.08311283,168616.72772294],[155204.72193191,168614.48919779],[155218.09554631,168611.57944257],[155231.05863464,168608.30921364],[155241.25901727,168605.20091231],[155246.30313382,168603.51946458],[155252.4885723,168601.20443722],[155263.90542053,168596.42073258],[155273.79178881,168592.12838949],[155279.95357137,168589.32774615],[155288.14573033,168585.36732889],[155297.12346004,168580.5982718],[155306.00878233,168575.71785707],[155311.52570986,168572.16106158],[155323.71262479,168563.8195146],[155337.02745543,168553.94480874],[155342.59775106,168549.34369697],[155351.71138202,168541.36211741],[155361.2583873,168532.26489658],[155368.81218991,168524.51270814],[155376.8426171,168515.85106087],[155390.6306852,168499.7051045],[155392.42286744,168497.36834811],[155392.69647614,168496.96260916]]]},"geometry_name":"GEOM","properties":{"INSPIRE_ID":"https://databrussels.be/id/streetsurface/39376","TYPE":"C","STREET_ID":"https://databrussels.be/id/streetname/1484","STRNAMEFRE":"Avenue de Tervueren","STRNAMEDUT":"Tervurenlaan","MUNNISCODE":"21019","HIERARCHY":"MER","LVL":0,"ADMIN":"REGION_RBC","AREA":4098},"bbox":[154840.77202184,168496.96260916,155399.08,168626.47678691]},{"type":"Feature","id":"StreetSurfaces.fid--481543fe_1a031752986_-405c","geometry":{"type":"Polygon","coordinates":[[[154999.91,168583.31000035],[155026.83,168586.07000035],[155028.93,168586.28000035],[155028.98621874,168586.78984617],[155044.76037034,168588.40725591],[155056.88722884,168589.65385695],[155098.43869299,168593.92529499],[155109.5934372,168595.05520724],[155116.20387904,168595.72478663],[155118.25091089,168595.87376032],[155127.71818331,168596.55824865],[155136.08506434,168596.94997599],[155141.53255475,168597.02949138],[155152.36207382,168597.00979035],[155158.90204263,168596.66732182],[155165.31098529,168596.34572025],[155169.93261955,168595.98174869],[155171.88104463,168595.82813287],[155179.05167508,168595.03928897],[155181.0662725,168594.81742977],[155190.22956448,168593.53362925],[155199.24944272,168592.02193531],[155206.19514618,168590.66881962],[155218.695372,168587.6665076],[155230.87300484,168584.06676584],[155242.2561958,168580.18497706],[155250.73307707,168577.05265865],[155259.78685336,168573.34377381],[155270.06120583,168568.73772976],[155277.38247993,168565.15726856],[155284.91679403,168561.12037359],[155292.92947222,168556.44117101],[155301.20272871,168551.3054103],[155308.29332399,168546.60492137],[155316.52165854,168540.46280028],[155322.94762896,168535.44416329],[155330.58336058,168529.09265397],[155337.48459438,168522.83229128],[155342.76593998,168517.76033038],[155345.49157022,168514.9764992],[155353.07038517,168507.23075472],[155361.71711084,168497.28831029],[155368.85489487,168488.47373462],[155368.48,168488.17000035],[155370.05,168486.22000035],[155370.27,168485.94000035],[155371.48312867,168484.43270403],[155371.58,168484.31000035],[155371.92,168484.05000035],[155372.19,168483.92000035],[155372.69,168483.76000035],[155373.05,168483.77000035],[155373.57,168483.95000035],[155379.976,168488.30900035],[155382.291,168489.88400035],[155386.59,168492.81000035],[155389.19,168494.58000035],[155389.95,168495.10000035],[155390.67,168495.58000035],[155392.49,168496.82000035],[155392.69647614,168496.96260916],[155392.42286744,168497.36834811],[155390.6306852,168499.7051045],[155376.8426171,168515.85106087],[155368.81218991,168524.51270814],[155361.2583873,168532.26489658],[155351.71138202,168541.36211741],[155342.59775106,168549.34369697],[155337.02745543,168553.94480874],[155323.71262479,168563.8195146],[155311.52570986,168572.16106158],[155306.00878233,168575.71785707],[155297.12346004,168580.5982718],[155288.14573033,168585.36732889],[155279.95357137,168589.32774615],[155273.79178881,168592.12838949],[155263.90542053,168596.42073258],[155252.4885723,168601.20443722],[155246.30313382,168603.51946458],[155241.25901727,168605.20091231],[155231.05863464,168608.30921364],[155218.09554631,168611.57944257],[155204.72193191,168614.48919779],[155191.08311283,168616.72772294],[155186.68949881,168617.34142184],[155175.78997137,168618.64650951],[155163.82830071,168619.55447143],[155155.2317614,168619.93323502],[155142.54659757,168620.09404388],[155132.37093832,168619.85412001],[155121.10839598,168619.29407085],[155106.10112013,168617.99662048],[155056.57126693,168612.92570622],[155000.05434788,168607.11696282],[154956.47313375,168602.57604157],[154954.75062,168602.40853791],[154923.82518396,168599.40137771],[154918.07487371,168598.87401807],[154911.88397294,168598.3446754],[154901.98076396,168597.70600188],[154894.07062915,168597.44527695],[154879.47165577,168597.43801922],[154868.21586645,168598.16884984],[154858.60843268,168598.80118446],[154844.70736386,168600.41665438],[154842.51376505,168600.48371723],[154840.77202184,168600.87756532],[154840.161,168600.84000035],[154837.852,168600.70200035],[154837.172,168600.70300035],[154835.533,168600.70500035],[154833.971,168600.73300035],[154832.408,168600.76600035],[154830.848,168600.73900035],[154828.994,168600.59100035],[154828.067,168600.50700035],[154826.746,168600.47300035],[154824.104,168600.40100035],[154822.407,168600.34100035],[154820.71,168600.27300035],[154819.014,168600.19700035],[154817.724,168600.12300035],[154815.144,168599.99400035],[154813.235,168599.98900035],[154811.393,168600.03000035],[154809.62,168600.11200035],[154807.719,168600.27500035],[154805.822,168600.50300035],[154803.93,168600.76200035],[154802.129,168601.02800035],[154800.332,168601.32300035],[154798.542,168601.65200035],[154797.06,168601.99000035],[154788.53,168603.73000035],[154777.35,168607.02000035],[154775.89,168607.35000035],[154764.74,168609.13000035],[154763.04,168609.99000035],[154762.62,168610.15000035],[154762.41,168610.24000035],[154758.5,168611.91000035],[154754.65,168613.71000035],[154750.83,168615.57000035],[154745.36,168618.33000035],[154739.95,168621.21000035],[154734.6,168624.19000035],[154729.32,168627.25000035],[154724.1,168630.41000035],[154718.93,168633.67000035],[154714.17,168636.80000035],[154709.47,168640.01000035],[154704.81,168643.29000035],[154699.7,168647.02000035],[154694.65,168650.83000035],[154689.69,168654.76000035],[154684.34,168659.19000035],[154679.09,168663.76000035],[154673.96,168668.44000035],[154669.97,168672.24000035],[154666.06,168676.11000035],[154662.23,168680.05000035],[154657.56,168685.10000035],[154653.02,168690.27000035],[154648.62,168695.55000035],[154645.13,168699.94000035],[154641.74,168704.40000035],[154638.41,168708.92000035],[154635.06,168713.65000035],[154631.78,168718.43000035],[154628.49,168723.23000035],[154623.13,168731.86000035],[154618.27,168740.49000035],[154613.6,168748.86000035],[154609.5,168757.01000035],[154606.18,168764.29000035],[154605.25,168766.59000035],[154597.69,168784.38000035],[154591.63,168799.04000035],[154591.27,168799.92000035],[154589.38,168804.48000035],[154589.19,168804.94000035],[154588.21512724,168805.78304742],[154587.49916857,168806.11034281],[154586.71134621,168806.1146495],[154586.16953103,168806.04897493],[154585.78086775,168805.82395935],[154585.57630813,168805.51711991],[154585.4331164,168805.1489126],[154585.39220447,168804.76024932],[154585.2694687,168804.10565853],[154585.105821,168803.61471544],[154584.69670176,168802.98058062],[154584.41031829,168802.26462194],[154584.36940637,168801.79413482],[154584.48974581,168800.95212103],[154588.23567556,168790.77102047],[154592.00639273,168781.57366625],[154594.73743367,168775.48680482],[154598.46598035,168767.55716439],[154602.24,168760.23000035],[154605.88,168752.54000035],[154609.63,168744.89000035],[154613.57,168737.34000035],[154616.67,168731.70000035],[154619.88,168726.11000035],[154623.24,168720.62000035],[154626.35,168715.87000035],[154629.58,168711.19000035],[154632.91,168706.58000035],[154636.98,168701.25000035],[154641.17,168696.00000035],[154645.37,168690.75000035],[154650.17,168685.00000035],[154656.17,168678.27000035],[154662.37,168671.72000035],[154668.79,168665.38000035],[154674.63,168660.01000035],[154680.63,168654.80000035],[154686.75,168649.73000035],[154691.65,168645.79000035],[154696.63,168641.95000035],[154701.68,168638.21000035],[154709.46,168632.82000035],[154717.43,168627.68000035],[154725.52,168622.76000035],[154731.31,168619.44000035],[154743.01,168613.00000035],[154750.34,168609.46000035],[154757.66,168605.92000035],[154765.09,168602.60000035],[154772.7,168599.60000035],[154780.41,168596.82000035],[154788.17,168594.20000035],[154795.85,168591.76000035],[154803.57,168589.48000035],[154811.32,168587.31000035],[154821.2,168584.65000035],[154831.12,168582.16000035],[154841.09,168579.96000035],[154850.76,168578.23000035],[154870.2,168575.31000035],[154876.24,168574.65000035],[154882.29,168573.99000035],[154888.34,168573.58000035],[154892.1,168573.51000035],[154895.87,168573.54000035],[154899.63,168573.63000035],[154903.48,168573.79000035],[154907.34,168574.01000035],[154911.19,168574.27000035],[154917.25,168574.78000035],[154923.29,168575.39000035],[154929.34,168576.00000035],[154956.98,168578.74000035],[154965.29,168579.57000035],[154977.89,168580.95000035],[154999.91,168583.31000035]]]},"geometry_name":"GEOM","properties":{"INSPIRE_ID":"https://databrussels.be/id/streetsurface/39399","TYPE":"M","STREET_ID":"https://databrussels.be/id/streetname/1484","STRNAMEFRE":"Avenue de Tervueren","STRNAMEDUT":"Tervurenlaan","MUNNISCODE":"21019","HIERARCHY":"MER","LVL":0,"ADMIN":"REGION_RBC","AREA":16043},"bbox":[154584.36940637,168483.76000035,155392.69647614,168806.1146495]},{"type":"Feature","id":"StreetSurfaces.fid--481543fe_1a031752986_-4049","geometry":{"type":"Polygon","coordinates":[[[155397.17,168490.79000035],[155396.79,168490.70000035],[155396.58,168490.61000035],[155394.01,168489.02000035],[155393.32,168488.59000035],[155393.76287598,168487.92134445],[155391.06972396,168485.94013078],[155390.64507476,168486.00830835],[155390.15079463,168485.90969484],[155389.64023856,168485.72673248],[155380.12839197,168478.51160092],[155380.54593076,168477.86333043],[155381.03294512,168477.55767567],[155381.93111228,168477.33974336],[155382.68273955,168477.36734591],[155383.32760419,168477.54340703],[155384.02016688,168477.87020903],[155390.78086893,168482.07544637],[155392.03651737,168482.98720941],[155392.31474218,168483.37054793],[155392.4878943,168483.87068339],[155392.49223226,168484.32683891],[155395.01300844,168486.03388957],[155395.36,168485.51000035],[155396.08,168486.03000035],[155398.4,168487.70000035],[155398.85,168488.03000035],[155398.94,168488.22000035],[155398.96,168488.40000035],[155398.93,168488.69000035],[155398.84,168488.89000035],[155397.63,168490.64000035],[155397.5,168490.72000035],[155397.17,168490.79000035]]]},"geometry_name":"GEOM","properties":{"INSPIRE_ID":"https://databrussels.be/id/streetsurface/39432","TYPE":"M","STREET_ID":"https://databrussels.be/id/streetname/1484","STRNAMEFRE":"Avenue de Tervueren","STRNAMEDUT":"Tervurenlaan","MUNNISCODE":"21019","HIERARCHY":"MER","LVL":0,"ADMIN":"REGION_RBC","AREA":64},"bbox":[155380.12839197,168477.33974336,155398.96,168490.79000035]},{"type":"Feature","id":"StreetSurfaces.fid--481543fe_1a031752986_-403e","geometry":{"type":"Polygon","coordinates":[[[155530.16490199,168038.6619432],[155502.748141,168157.44825176],[155480.97644446,168252.04563679],[155469.9283544,168299.31728491],[155451.09533941,168382.10019045],[155447.57485429,168395.83213275],[155444.50505317,168406.43596345],[155440.49568545,168418.48402423],[155435.48807938,168431.85040815],[155430.43633131,168443.51435723],[155425.73870469,168453.56059977],[155422.32547996,168460.45704132],[155416.00091587,168471.86987038],[155409.53093944,168482.47689177],[155405.04828773,168479.39015263],[155406.76152808,168476.58142879],[155412.87489707,168466.0936562],[155419.46283003,168453.82630632],[155422.90021829,168446.82160526],[155426.13708635,168439.76102692],[155429.61418461,168431.31829724],[155432.83137603,168422.77566856],[155436.05450959,168414.23537543],[155440.99692373,168398.36101461],[155443.37249264,168389.72893023],[155447.07167742,168374.39257105],[155451.32332583,168356.21533454],[155455.95397535,168335.67261196],[155462.86274546,168305.93782633],[155464.71798081,168297.96711884],[155472.43147617,168266.16348995],[155477.50011102,168241.97995644],[155483.49697801,168218.20081151],[155487.01027463,168202.98915859],[155492.64726514,168179.44507474],[155496.74570805,168159.72466466],[155507.97344384,168111.3748348],[155518.66130579,168064.55427445],[155530.65779709,168013.09301297],[155536.70061298,168010.44524647],[155530.16490199,168038.6619432]]]},"geometry_name":"GEOM","properties":{"INSPIRE_ID":"https://databrussels.be/id/streetsurface/39452","TYPE":"C","STREET_ID":"https://databrussels.be/id/streetname/1484","STRNAMEFRE":"Avenue de Tervueren","STRNAMEDUT":"Tervurenlaan","MUNNISCODE":"21019","HIERARCHY":"MER","LVL":0,"ADMIN":"REGION_RBC","AREA":2627},"bbox":[155405.04828773,168010.44524647,155536.70061298,168482.47689177]},{"type":"Feature","id":"StreetSurfaces.fid--481543fe_1a031752986_-403f","geometry":{"type":"Polygon","coordinates":[[[155507.97344384,168111.3748348],[155496.74570805,168159.72466466],[155492.64726514,168179.44507474],[155487.01027463,168202.98915859],[155483.49697801,168218.20081151],[155477.50011102,168241.97995644],[155472.43147617,168266.16348995],[155464.71798081,168297.96711884],[155462.86274546,168305.93782633],[155455.95397535,168335.67261196],[155451.32332583,168356.21533454],[155447.07167742,168374.39257105],[155443.37249264,168389.72893023],[155440.99692373,168398.36101461],[155436.05450959,168414.23537543],[155432.83137603,168422.77566856],[155429.61418461,168431.31829724],[155426.13708635,168439.76102692],[155422.90021829,168446.82160526],[155419.46283003,168453.82630632],[155412.87489707,168466.0936562],[155406.76152808,168476.58142879],[155405.04828773,168479.39015263],[155382.8419609,168464.08720348],[155392.14607512,168449.14776899],[155399.70584813,168436.31123627],[155403.72569641,168429.05957223],[155408.40896221,168420.18956732],[155412.13179096,168410.78556994],[155415.08692254,168402.08014993],[155419.2315865,168388.22444159],[155422.21215057,168376.36240437],[155431.5466813,168336.27463589],[155438.11786211,168307.88950178],[155445.94067581,168272.79611098],[155467.63683279,168179.24399086],[155503.32353523,168024.94617003],[155504.05678949,168024.69060164],[155513.69496237,168020.5270741],[155530.6576951,168013.09345049],[155518.66130579,168064.55427445],[155507.97344384,168111.3748348]]]},"geometry_name":"GEOM","properties":{"INSPIRE_ID":"https://databrussels.be/id/streetsurface/39456","TYPE":"M","STREET_ID":"https://databrussels.be/id/streetname/1484","STRNAMEFRE":"Avenue de Tervueren","STRNAMEDUT":"Tervurenlaan","MUNNISCODE":"21019","HIERARCHY":"MER","LVL":0,"ADMIN":"REGION_RBC","AREA":11369},"bbox":[155382.8419609,168013.09345049,155530.6576951,168479.39015263]},{"type":"Feature","id":"StreetSurfaces.fid--481543fe_1a031752986_-404f","geometry":{"type":"Polygon","coordinates":[[[155145.952,168328.96800035],[155144.30888732,168327.39355804],[155142.941,168325.54800035],[155141.912,168323.50600035],[155141.243,168321.32000035],[155140.952,168319.05200035],[155141.049,168316.76800035],[155141.531,168314.53300035],[155142.383,168312.41100035],[155143.582,168310.46400035],[155145.093,168308.74800035],[155146.81252437,168307.36000879],[155148.868,168306.19700035],[155151.023,168305.43500035],[155153.277,168305.04900035],[155155.563,168305.04900035],[155157.817,168305.43500035],[155159.972,168306.19700035],[155161.968,168307.31200035],[155163.747,168308.74800035],[155165.258,168310.46400035],[155166.457,168312.41100035],[155167.309,168314.53300035],[155167.791,168316.76800035],[155167.888,168319.05200035],[155167.5867759,168321.35340826],[155166.928,168323.50600035],[155165.899,168325.54800035],[155164.539,168327.38600035],[155162.82869785,168329.00807783],[155160.994,168330.24800035],[155158.911,168331.19000035],[155156.698,168331.76600035],[155154.42,168331.96000035],[155152.142,168331.76600035],[155149.929,168331.19000035],[155147.846,168330.24800035],[155145.952,168328.96800035]]]},"geometry_name":"GEOM","properties":{"INSPIRE_ID":"https://databrussels.be/id/streetsurface/40748","TYPE":"M","STREET_ID":"https://databrussels.be/id/streetname/1446","STRNAMEFRE":"Square Alexandre","STRNAMEDUT":"Alexandersquare","MUNNISCODE":"21019","HIERARCHY":"DR","LVL":0,"ADMIN":"MUN_RBC","AREA":568},"bbox":[155140.952,168305.04900035,155167.888,168331.96000035]},{"type":"Feature","id":"StreetSurfaces.fid--481543fe_1a031752986_-4016","geometry":{"type":"Polygon","coordinates":[[[155201.41939416,167987.33848115],[155204.28499868,167985.92081232],[155205.51,167988.70000035],[155206.93,167990.97000035],[155207.36,167991.66000035],[155207.79,167992.36000035],[155208.24,167993.05000035],[155208.76,167993.81000035],[155209.31,167994.56000035],[155209.91,167995.26000035],[155210.28,167995.62000035],[155210.66,167995.97000035],[155211.06,167996.30000035],[155211.62,167996.69000035],[155212.21,167997.04000035],[155212.82,167997.35000035],[155213.57,167997.68000035],[155214.34,167997.96000035],[155215.12,167998.17000035],[155215.9,167998.27000035],[155216.68,167998.32000035],[155217.47,167998.36000035],[155220.33,167998.66000035],[155220.80503808,167998.70982952],[155220.27207789,168002.96924163],[155214.62443401,168000.02996852],[155207.67294464,167995.32682239],[155206.23987695,167993.96047463],[155201.67603837,167987.85214539],[155201.41939416,167987.33848115]]]},"geometry_name":"GEOM","properties":{"INSPIRE_ID":"https://databrussels.be/id/streetsurface/42396","TYPE":"I","STREET_ID":"https://databrussels.be/id/streetname/3881","STRNAMEFRE":"Avenue Colonel Daumerie","STRNAMEDUT":"Kolonel Daumerielaan","MUNNISCODE":"21002","HIERARCHY":"DR","LVL":0,"ADMIN":"MUN_RBC","AREA":53},"bbox":[155201.41939416,167985.92081232,155220.80503808,168002.96924163]},{"type":"Feature","id":"StreetSurfaces.fid--481543fe_1a031752986_-4015","geometry":{"type":"Polygon","coordinates":[[[155201.41939416,167987.33848115],[155201.67603837,167987.85214539],[155206.23987695,167993.96047463],[155207.67294464,167995.32682239],[155214.62443401,168000.02996852],[155220.27207789,168002.96924163],[155219.79743642,168006.76257123],[155219.41,168006.79000035],[155218.28,168006.91000035],[155217.17,168007.11000035],[155216.05,168007.45000035],[155214.95,168007.87000035],[155213.87,168008.35000035],[155212.53,168008.99000035],[155211.23,168009.70000035],[155210.05,168010.56000035],[155209.07,168011.54000035],[155208.21,168012.65000035],[155207.43,168013.81000035],[155206.82,168014.87000035],[155206.28,168015.97000035],[155205.8,168017.09000035],[155205.28,168018.70000035],[155204.89,168020.36000035],[155204.76284828,168020.88767998],[155200.71,168020.69700035],[155197.36282171,168020.53954947],[155198.12,168000.00000035],[155198.41,167991.99000035],[155198.32,167990.26000035],[155198.1,167989.29000035],[155198.00780679,167989.02659117],[155201.41939416,167987.33848115]]]},"geometry_name":"GEOM","properties":{"INSPIRE_ID":"https://databrussels.be/id/streetsurface/42400","TYPE":"I","STREET_ID":"https://databrussels.be/id/streetname/3880","STRNAMEFRE":"Avenue Colonel Daumerie","STRNAMEDUT":"Kolonel Daumerielaan","MUNNISCODE":"21019","HIERARCHY":"DR","LVL":0,"ADMIN":"MUN_RBC","AREA":401},"bbox":[155197.36282171,167987.33848115,155220.27207789,168020.88767998]},{"type":"Feature","id":"StreetSurfaces.fid--481543fe_1a031752986_-4059","geometry":{"type":"Polygon","coordinates":[[[155132.90943966,168308.85742689],[155132.31,168308.43000035],[155132.15,168308.34000035],[155130.61,168307.55000035],[155122.2,168303.21000035],[155115.69,168300.38000035],[155110.67,168298.13000035],[155106.01,168296.28000035],[155102.02,168294.88000035],[155096.86,168293.19000035],[155085.27,168289.71000035],[155081.67,168288.77000035],[155080.36,168288.43000035],[155076.04,168287.50000035],[155071.22,168286.47000035],[155061.96,168284.75000035],[155058.45,168284.18000035],[155052.35,168283.36000035],[155050.42,168283.21000035],[155048.61,168283.06000035],[155045.91,168282.95000035],[155043.76,168282.86000035],[155039.85,168282.73000035],[155033.69,168282.83000035],[155032.2,168282.85000035],[155029.84,168282.87000035],[155025.68,168283.03000035],[155020.41,168283.23000035],[155012.83,168283.75000035],[155007.72,168284.19000035],[155003.44,168284.54000035],[155000,168284.94000035],[154997.73,168285.21000035],[154993.46,168285.82000035],[154990.11,168286.47000035],[154986.96,168287.20000035],[154983.98,168288.01000035],[154979.11,168289.42000035],[154978.81,168289.50000035],[154975.18,168290.59000035],[154964.69,168294.75000035],[154962.11967489,168295.79452547],[154960.934,168292.77600035],[154959.79860991,168289.88614809],[154962.71,168288.80000035],[154962.82,168288.76000035],[154962.94,168288.73000035],[154963.05,168288.69000035],[154968.16,168286.83000035],[154969.23,168286.45000035],[154971.98,168285.44000035],[154975.4,168284.20000035],[154981.66,168282.24000035],[154986.45,168281.08000035],[154991.29,168280.07000035],[154996.13,168279.07000035],[154998.18,168278.77000035],[154999.81,168278.54000035],[155000,168278.52000035],[155003.9,168278.09000035],[155005.93,168277.94000035],[155010.06,168277.65000035],[155014.88,168277.29000035],[155021.16,168276.91000035],[155025.49,168276.79000035],[155030.84,168276.62000035],[155036.52,168276.55000035],[155040.05,168276.50000035],[155040.31,168276.50000035],[155044.42,168276.62000035],[155048.78,168276.83000035],[155053.43,168277.38000035],[155057.32,168277.84000035],[155062.04,168278.53000035],[155066.37,168279.30000035],[155066.82,168279.38000035],[155071.92,168280.33000035],[155074.27,168280.77000035],[155077.58,168281.48000035],[155084.08,168282.96000035],[155084.83,168283.16000035],[155088.63,168284.18000035],[155089.24,168284.34000035],[155095.05,168286.09000035],[155098.62,168287.15000035],[155103.22,168288.69000035],[155108.64,168290.62000035],[155111.98,168291.93000035],[155113.52,168292.55000035],[155114.29,168292.86000035],[155121.04,168295.87000035],[155121.71,168296.17000035],[155129.75,168300.02000035],[155134.06,168302.39000035],[155135.17,168303.00000035],[155136.25543313,168303.50592257],[155134.965,168305.57000035],[155132.90943966,168308.85742689]]]},"geometry_name":"GEOM","properties":{"INSPIRE_ID":"https://databrussels.be/id/streetsurface/5186","TYPE":"S","STREET_ID":"https://databrussels.be/id/streetname/5776","STRNAMEFRE":"Avenue Général Baron Empain","STRNAMEDUT":"Generaal Baron Empainlaan","MUNNISCODE":"21019","HIERARCHY":"DR","LVL":0,"ADMIN":"MUN_RBC","AREA":1118},"bbox":[154959.79860991,168276.50000035,155136.25543313,168308.85742689]},{"type":"Feature","id":"StreetSurfaces.fid--481543fe_1a031752986_-4020","geometry":{"type":"Polygon","coordinates":[[[155259.61,168396.84000035],[155249.07420168,168389.40486616],[155251.074,168386.70800035],[155252.79217293,168384.39041157],[155254.96,168385.88000035],[155255.19,168385.98000035],[155255.38,168386.04000035],[155255.77,168386.11000035],[155256.06,168386.13000035],[155256.38,168386.13000035],[155256.86,168386.01000035],[155257.96,168385.44000035],[155261.29,168383.71000035],[155261.48,168383.51000035],[155261.65,168383.25000035],[155261.82,168382.89000035],[155261.94,168382.29000035],[155262.06,168381.22000035],[155262.17527051,168378.92363088],[155265.798,168379.12400035],[155269.41723782,168379.32352481],[155268.85,168393.23000035],[155268.92,168393.59000035],[155268.99,168393.90000035],[155269,168394.47000035],[155269.08638173,168394.69113759],[155264.8823983,168400.55532351],[155259.61,168396.84000035]]]},"geometry_name":"GEOM","properties":{"INSPIRE_ID":"https://databrussels.be/id/streetsurface/9696","TYPE":"I","STREET_ID":"https://databrussels.be/id/streetname/5867","STRNAMEFRE":"Avenue du Putdael","STRNAMEDUT":"Putdaellaan","MUNNISCODE":"21019","HIERARCHY":"DR","LVL":0,"ADMIN":"MUN_RBC","AREA":245},"bbox":[155249.07420168,168378.92363088,155269.41723782,168400.55532351]}],"numberReturned":72,"grand_bruxelles_source":{"authority":"Paradigm / Brussels-Capital Region","service":"https://geoservices-urbis.irisnet.be/geoserver/urbisvector/wfs","layer":"urbisvector:StreetSurfaces","crs":"EPSG:31370","bbox":[155000.0,168000.0,155500.0,168500.0],"cell_id":"bxl-e155000-n168000-s500","ownership":"bbox_intersection_source_unclipped"}}
