{"type":"FeatureCollection","totalFeatures":181,"numberMatched":181,"timeStamp":"2026-08-23T07:19:05.526Z","crs":{"type":"name","properties":{"name":"urn:ogc:def:crs:EPSG::31370"}},"bbox":[149485.99493467,165473.08,150010.39,166016.678],"features":[{"type":"Feature","id":"Buildings.fid--291372a6_1a02d75ff2a_dce","geometry":{"type":"Polygon","coordinates":[[[149563.56,165738.35],[149563.66,165736.867],[149564.323,165727.176],[149565.783,165727.276],[149566.033,165723.586],[149572.328,165724.009],[149571.25,165737.31],[149570.73,165737.27],[149570.57,165739.21],[149569.84,165739.11],[149565.82,165738.66],[149563.56,165738.35]]]},"geometry_name":"GEOM","properties":{"INSPIRE_ID":"https://databrussels.be/id/building/1580133","BLOCK_ID":"https://databrussels.be/id/block/28180","AREA":110},"bbox":[149563.56,165723.586,149572.328,165739.21]},{"type":"Feature","id":"Buildings.fid--291372a6_1a02d75ff2a_dd9","geometry":{"type":"Polygon","coordinates":[[[149502.83,165556.69],[149508.6,165542.29],[149527.2,165549.74],[149521.35,165564.11],[149502.83,165556.69]]]},"geometry_name":"GEOM","properties":{"INSPIRE_ID":"https://databrussels.be/id/building/1580170","BLOCK_ID":"https://databrussels.be/id/block/25923","AREA":310},"bbox":[149502.83,165542.29,149527.2,165564.11]},{"type":"Feature","id":"Buildings.fid--291372a6_1a02d75ff2a_dde","geometry":{"type":"Polygon","coordinates":[[[149551.55,165608.35],[149538.24,165603.72],[149541.5,165594.5],[149542.74,165594.94],[149545.07,165588.38],[149545.28,165588.45],[149545.515,165587.784],[149567.226,165595.616],[149564.789,165601.983],[149555.576,165598.782],[149552.41,165607.89],[149551.81,165607.68],[149551.55,165608.35]]]},"geometry_name":"GEOM","properties":{"INSPIRE_ID":"https://databrussels.be/id/building/1580174","BLOCK_ID":"https://databrussels.be/id/block/25923","AREA":313},"bbox":[149538.24,165587.784,149567.226,165608.35]},{"type":"Feature","id":"Buildings.fid--291372a6_1a02d75ff2a_dbd","geometry":{"type":"Polygon","coordinates":[[[149520.1,165833.14],[149519.52,165833.11],[149520.01,165825.95],[149518.18,165825.83],[149518.64,165819.04],[149538.88,165820.04],[149538.21,165828.1],[149534.997,165827.833],[149534.499,165833.83],[149523.68,165833.32],[149520.1,165833.14]]]},"geometry_name":"GEOM","properties":{"INSPIRE_ID":"https://databrussels.be/id/building/1580195","BLOCK_ID":"https://databrussels.be/id/block/25923","AREA":250},"bbox":[149518.18,165819.04,149538.88,165833.83]},{"type":"Feature","id":"Buildings.fid--291372a6_1a02d75ff2a_dc8","geometry":{"type":"Polygon","coordinates":[[[149525.14,165746.27],[149524.75,165746.17],[149524.45,165745.98],[149524.3,165745.75],[149524.2,165745.47],[149524.09,165745.19],[149522.18,165744.76],[149522.44,165743.61],[149519.642,165742.969],[149516.452,165742.269],[149517.793,165736.394],[149521.556,165719.913],[149528.806,165721.568],[149529.042,165720.53],[149536.63,165722.395],[149535.998,165725.664],[149537.9,165726.108],[149534.491,165740.829],[149532.302,165740.319],[149531.462,165743.94],[149527.122,165742.931],[149526.65,165744.95],[149526.6,165745.22],[149526.54,165745.49],[149526.43,165745.73],[149526.18,165745.98],[149525.85,165746.17],[149525.51,165746.27],[149525.14,165746.27]]]},"geometry_name":"GEOM","properties":{"INSPIRE_ID":"https://databrussels.be/id/building/1580225","BLOCK_ID":"https://databrussels.be/id/block/25923","AREA":386},"bbox":[149516.452,165719.913,149537.9,165746.27]},{"type":"Feature","id":"Buildings.fid--291372a6_1a02d75ff2a_d8f","geometry":{"type":"Polygon","coordinates":[[[149630,165906.38],[149630.68,165903.09],[149631.73,165903.31],[149632.53,165899.47],[149632.87,165897.85],[149640.54,165899.27],[149640.2,165900.82],[149644.38,165901.59],[149644.27,165902.16],[149642.248,165912.386],[149642.19,165912.68],[149641.96,165912.63],[149641.69,165913.94],[149637.91,165913.16],[149638.25,165911.53],[149630.56,165909.93],[149631.24,165906.64],[149630,165906.38]]]},"geometry_name":"GEOM","properties":{"INSPIRE_ID":"https://databrussels.be/id/building/1580254","BLOCK_ID":"https://databrussels.be/id/block/28180","AREA":153},"bbox":[149630,165897.85,149644.38,165913.94]},{"type":"Feature","id":"Buildings.fid--291372a6_1a02d75ff2a_d91","geometry":{"type":"Polygon","coordinates":[[[149642.248,165912.386],[149644.27,165902.16],[149644.38,165901.59],[149645.032,165898.293],[149646.31,165891.83],[149647.02,165892.15],[149647.73,165892.48],[149648.19,165892.97],[149648.25,165893.29],[149648.26,165893.66],[149648.27,165894.02],[149648.16,165894.49],[149649.08,165894.69],[149648.84,165895.81],[149649.04,165895.86],[149647.95,165900.89],[149647.62,165900.82],[149647.22,165902.65],[149648.84,165903],[149648.97,165902.39],[149649.78,165902.56],[149650.37,165899.81],[149654.997,165900.807],[149652.453,165913.828],[149647.947,165912.949],[149647.837,165913.479],[149642.248,165912.386]]]},"geometry_name":"GEOM","properties":{"INSPIRE_ID":"https://databrussels.be/id/building/1580263","BLOCK_ID":"https://databrussels.be/id/block/28180","AREA":153},"bbox":[149642.248,165891.83,149654.997,165913.828]},{"type":"Feature","id":"Buildings.fid--291372a6_1a02d75ff2a_d7c","geometry":{"type":"Polygon","coordinates":[[[149778.60599999,165637.72000001],[149780.922,165639.03699999],[149778.246,165643.43800001],[149776.175,165641.91400001],[149778.60599999,165637.72000001]]]},"geometry_name":"GEOM","properties":{"INSPIRE_ID":"https://databrussels.be/id/building/1580889","BLOCK_ID":"https://databrussels.be/id/block/28180","AREA":13},"bbox":[149776.175,165637.72000001,149780.922,165643.43800001]},{"type":"Feature","id":"Buildings.fid--291372a6_1a02d75ff2a_d58","geometry":{"type":"Polygon","coordinates":[[[149738.79,165912.04],[149732.4,165911.3],[149733.38,165905.34],[149739.77,165906.08],[149738.79,165912.04]]]},"geometry_name":"GEOM","properties":{"INSPIRE_ID":"https://databrussels.be/id/building/1580907","BLOCK_ID":"https://databrussels.be/id/block/28180","AREA":39},"bbox":[149732.4,165905.34,149739.77,165912.04]},{"type":"Feature","id":"Buildings.fid--291372a6_1a02d75ff2a_d97","geometry":{"type":"Polygon","coordinates":[[[149670.336,165968.823],[149670.526,165968.876],[149670.693,165968.658],[149671.511,165968.573],[149673.89,165969.18],[149674.606,165969.717],[149674.675,165970.217],[149675.068,165970.325],[149676.201,165969.599],[149677.985,165970.088],[149678.588,165971.29],[149678.78,165971.343],[149675.48,165983.29],[149667.002,165980.981],[149670.336,165968.823]]]},"geometry_name":"GEOM","properties":{"INSPIRE_ID":"https://databrussels.be/id/building/1581103","BLOCK_ID":"https://databrussels.be/id/block/24114","AREA":115},"bbox":[149667.002,165968.573,149678.78,165983.29]},{"type":"Feature","id":"Buildings.fid--291372a6_1a02d75ff2a_d6f","geometry":{"type":"Polygon","coordinates":[[[149625.6,165573.03],[149626.782,165570.949],[149622.055,165568.443],[149625.269,165562.368],[149625.079,165562.268],[149628.228,165556.712],[149635.086,165560.6],[149636.49,165557.961],[149639.53,165559.843],[149640.26,165559.523],[149643.927,165561.788],[149639.75,165569.31],[149638.99,165568.89],[149638.89,165569.07],[149636.27,165573.79],[149637.38,165574.41],[149636.08,165576.77],[149634.2,165575.73],[149633.74,165576.56],[149628.34,165573.56],[149627.95,165574.28],[149625.6,165573.03]]]},"geometry_name":"GEOM","properties":{"INSPIRE_ID":"https://databrussels.be/id/building/1581230","BLOCK_ID":"https://databrussels.be/id/block/28180","AREA":250},"bbox":[149622.055,165556.712,149643.927,165576.77]},{"type":"Feature","id":"Buildings.fid--291372a6_1a02d75ff2a_d93","geometry":{"type":"Polygon","coordinates":[[[149647.35,165974.34],[149650.285,165962.425],[149654.019,165963.453],[149654.361,165962.104],[149658.52,165963.136],[149654.899,165976.325],[149647.35,165974.34]]]},"geometry_name":"GEOM","properties":{"INSPIRE_ID":"https://databrussels.be/id/building/1582239","BLOCK_ID":"https://databrussels.be/id/block/24114","AREA":104},"bbox":[149647.35,165962.104,149658.52,165976.325]},{"type":"Feature","id":"Buildings.fid--291372a6_1a02d75ff2a_d54","geometry":{"type":"Polygon","coordinates":[[[149711.27,165993.296],[149711.91,165990.95],[149712.03,165990.51],[149712.16,165990.06],[149714.81999999,165980.35000032],[149727.82,165983.88],[149725.09,165993.95],[149724.71,165993.85],[149724.31,165995.33],[149723.37,165995.08],[149721,165995.68],[149720.94,165995.91],[149718.91,165996.42],[149716.88,165995.88],[149715.57,165994.43],[149711.27,165993.296]]]},"geometry_name":"GEOM","properties":{"INSPIRE_ID":"https://databrussels.be/id/building/1582330","BLOCK_ID":"https://databrussels.be/id/block/24114","AREA":180},"bbox":[149711.27,165980.35000032,149727.82,165996.42]},{"type":"Feature","id":"Buildings.fid--291372a6_1a02d75ff2a_dbf","geometry":{"type":"Polygon","coordinates":[[[149542.092,165882.327],[149523.252,165881.5],[149523.748,165870.11],[149542.589,165870.927],[149542.092,165882.327]]]},"geometry_name":"GEOM","properties":{"INSPIRE_ID":"https://databrussels.be/id/building/1582343","BLOCK_ID":"https://databrussels.be/id/block/25923","AREA":215},"bbox":[149523.252,165870.11,149542.589,165882.327]},{"type":"Feature","id":"Buildings.fid--291372a6_1a02d75ff2a_db6","geometry":{"type":"Polygon","coordinates":[[[149670.6056,165796.0718],[149669.1908,165808.8504],[149635.1798,165805.085],[149635.0978,165805.8257],[149630.7571,165805.3451],[149630.5444,165807.2667],[149618.0827,165805.8871],[149618.9448,165798.0998],[149615.7373,165797.7447],[149616.0108,165795.2744],[149622.4172,165795.9837],[149623.4173,165786.9506],[149645.2626,165789.3692],[149644.4506,165796.7031],[149649.3968,165797.2507],[149649.7825,165793.7664],[149670.6056,165796.0718]]]},"geometry_name":"GEOM","properties":{"INSPIRE_ID":"https://databrussels.be/id/building/1582376","BLOCK_ID":"https://databrussels.be/id/block/28180","AREA":753},"bbox":[149615.7373,165786.9506,149670.6056,165808.8504]},{"type":"Feature","id":"Buildings.fid--291372a6_1a02d75ff2a_d85","geometry":{"type":"Polygon","coordinates":[[[149571.021,165825.679],[149572.523,165813.267],[149582.645,165814.493],[149582.719,165813.874],[149593.28,165815.15],[149591.64,165828.1],[149586.9,165827.53],[149586.83,165828.15],[149579.21,165827.23],[149579.272,165826.671],[149571.021,165825.679]]]},"geometry_name":"GEOM","properties":{"INSPIRE_ID":"https://databrussels.be/id/building/1582380","BLOCK_ID":"https://databrussels.be/id/block/28180","AREA":271},"bbox":[149571.021,165813.267,149593.28,165828.15]},{"type":"Feature","id":"Buildings.fid--291372a6_1a02d75ff2a_d57","geometry":{"type":"Polygon","coordinates":[[[149731.309,165984.879],[149739.338,165987.151],[149738.83,165988.937],[149739.324,165989.699],[149738.737,165991.443],[149737.979,165991.939],[149735.77,165999.756],[149726.69,165997.504],[149728.542,165990.951],[149729.28,165991.158],[149731.309,165984.879]]]},"geometry_name":"GEOM","properties":{"INSPIRE_ID":"https://databrussels.be/id/building/1583208","BLOCK_ID":"https://databrussels.be/id/block/24114","AREA":120},"bbox":[149726.69,165984.879,149739.338,165999.756]},{"type":"Feature","id":"Buildings.fid--291372a6_1a02d75ff2a_dca","geometry":{"type":"Polygon","coordinates":[[[149520.32,165697.92],[149523.035,165686.829],[149535.09,165689.83],[149535.977,165690.051],[149535,165693.972],[149533.237,165693.533],[149531.467,165700.642],[149531.465,165700.651],[149520.32,165697.92]]]},"geometry_name":"GEOM","properties":{"INSPIRE_ID":"https://databrussels.be/id/building/1583211","BLOCK_ID":"https://databrussels.be/id/block/25923","AREA":138},"bbox":[149520.32,165686.829,149535.977,165700.651]},{"type":"Feature","id":"Buildings.fid--291372a6_1a02d75ff2a_dcb","geometry":{"type":"Polygon","coordinates":[[[149540.409,165648.942],[149536.967,165647.882],[149536.828,165648.342],[149532.104,165646.878],[149532.264,165646.338],[149526.68,165644.605],[149528.32,165639.12],[149528.71,165639.24],[149530.3,165633.91],[149529.84,165633.78],[149531.49,165628.275],[149545.452,165632.591],[149540.409,165648.942]]]},"geometry_name":"GEOM","properties":{"INSPIRE_ID":"https://databrussels.be/id/building/1583287","BLOCK_ID":"https://databrussels.be/id/block/25923","AREA":248},"bbox":[149526.68,165628.275,149545.452,165648.942]},{"type":"Feature","id":"Buildings.fid--291372a6_1a02d75ff2a_dc5","geometry":{"type":"Polygon","coordinates":[[[149533.171,165766.299],[149520.329,165764.713],[149520.094,165765.496],[149509.568,165763.887],[149509.99,165760.89],[149512.22,165761.21],[149512.7,165757.77],[149517.28,165758.42],[149517.19,165759.07],[149519.47,165759.38],[149520.663,165750.843],[149535.009,165752.884],[149534.84,165754.073],[149536.092,165754.251],[149535.16,165761.69],[149533.766,165761.511],[149533.171,165766.299]]]},"geometry_name":"GEOM","properties":{"INSPIRE_ID":"https://databrussels.be/id/building/1583323","BLOCK_ID":"https://databrussels.be/id/block/25923","AREA":260},"bbox":[149509.568,165750.843,149536.092,165766.299]},{"type":"Feature","id":"Buildings.fid--291372a6_1a02d75ff2a_d95","geometry":{"type":"Polygon","coordinates":[[[149658.87,165997.1],[149653.58,165995.2],[149655.61,165988.14],[149661.07,165989.45],[149658.87,165997.1]]]},"geometry_name":"GEOM","properties":{"INSPIRE_ID":"https://databrussels.be/id/building/1583996","BLOCK_ID":"https://databrussels.be/id/block/24114","AREA":43},"bbox":[149653.58,165988.14,149661.07,165997.1]},{"type":"Feature","id":"Buildings.fid--291372a6_1a02d75ff2a_dc3","geometry":{"type":"Polygon","coordinates":[[[149544.688,165849.418],[149545.429,165856.558],[149538.96,165856.48],[149539.3,165849.09],[149544.688,165849.418]]]},"geometry_name":"GEOM","properties":{"INSPIRE_ID":"https://databrussels.be/id/building/1583997","BLOCK_ID":"https://databrussels.be/id/block/25923","AREA":43},"bbox":[149538.96,165849.09,149545.429,165856.558]},{"type":"Feature","id":"Buildings.fid--291372a6_1a02d75ff2a_da8","geometry":{"type":"Polygon","coordinates":[[[149632.15,165748.25],[149625.22,165745.82],[149627.13,165740.35],[149628.8,165740.94],[149630.04,165737.39],[149635.3,165739.23],[149632.15,165748.25]]]},"geometry_name":"GEOM","properties":{"INSPIRE_ID":"https://databrussels.be/id/building/1584074","BLOCK_ID":"https://databrussels.be/id/block/28180","AREA":63},"bbox":[149625.22,165737.39,149635.3,165748.25]},{"type":"Feature","id":"Buildings.fid--291372a6_1a02d75ff2a_d55","geometry":{"type":"Polygon","coordinates":[[[149715.61,165850.67],[149714.85,165849.16],[149713.68,165849.35],[149712.7,165848.94],[149712.1,165848.17],[149711.89,165846.88],[149712.3,165845.92],[149713.18,165845.22],[149712.53,165843.7],[149722.27,165839.51],[149721.35,165837.39],[149723.81,165836.34],[149728.48,165847.61],[149726.06,165848.61],[149725.26,165846.67],[149715.61,165850.67]]]},"geometry_name":"GEOM","properties":{"INSPIRE_ID":"https://databrussels.be/id/building/1584253","BLOCK_ID":"https://databrussels.be/id/block/28180","AREA":120},"bbox":[149711.89,165836.34,149728.48,165850.67]},{"type":"Feature","id":"Buildings.fid--291372a6_1a02d75ff2a_d6d","geometry":{"type":"Polygon","coordinates":[[[149793.475,165545.368],[149795.055,165546.208],[149798.985,165538.866],[149802.98,165541.228],[149794.236,165557.581],[149794.15,165557.773],[149788.42,165554.816],[149793.475,165545.368]]]},"geometry_name":"GEOM","properties":{"INSPIRE_ID":"https://databrussels.be/id/building/1584266","BLOCK_ID":"https://databrussels.be/id/block/28180","AREA":107},"bbox":[149788.42,165538.866,149802.98,165557.773]},{"type":"Feature","id":"Buildings.fid--291372a6_1a02d75ff2a_dd8","geometry":{"type":"Polygon","coordinates":[[[149512.18,165533.24],[149518.02,165518.75],[149536.64,165526.26],[149530.74,165540.72],[149512.18,165533.24]]]},"geometry_name":"GEOM","properties":{"INSPIRE_ID":"https://databrussels.be/id/building/1584302","BLOCK_ID":"https://databrussels.be/id/block/25923","AREA":313},"bbox":[149512.18,165518.75,149536.64,165540.72]},{"type":"Feature","id":"Buildings.fid--291372a6_1a02d75ff2a_dbb","geometry":{"type":"Polygon","coordinates":[[[149503.22,165944.746],[149506.26,165944.776],[149506.34,165938.568],[149513.08,165938.658],[149513.01,165944.79],[149513.74,165944.79],[149513.59,165955.708],[149503.08,165955.577],[149503.22,165944.746]]]},"geometry_name":"GEOM","properties":{"INSPIRE_ID":"https://databrussels.be/id/building/1584310","BLOCK_ID":"https://databrussels.be/id/block/28161","AREA":156},"bbox":[149503.08,165938.568,149513.74,165955.708]},{"type":"Feature","id":"Buildings.fid--291372a6_1a02d75ff2a_d2c","geometry":{"type":"Polygon","coordinates":[[[149914.237,165897.561],[149913.63,165895.49],[149913.01,165893.42],[149912.529,165892.251],[149912.2,165891.45],[149911.47,165890.22],[149910.65,165889.04],[149909.83,165887.86],[149912.58,165883.69],[149913.95,165883.95],[149915.33,165884.21],[149916.71,165884.38],[149918.21,165884.41],[149919.51,165884.35],[149919.71,165884.34],[149921.2,165884.19],[149923.27,165883.91],[149925.32,165883.49],[149927.31,165882.88],[149928.64,165882.31],[149929.94,165881.65],[149931.2,165880.93],[149932.2,165880.28],[149933.18,165879.58],[149934.16,165878.89],[149938.42,165881.32],[149938.22,165882.26],[149938.02,165883.19],[149937.89,165884.14],[149937.88,165884.95],[149937.92,165885.77],[149937.97,165886.588],[149939.216,165892.003],[149937.019,165892.491],[149938.498,165898.919],[149937.653,165899.107],[149917.855,165903.495],[149916.434,165897.072],[149914.237,165897.561]]]},"geometry_name":"GEOM","properties":{"INSPIRE_ID":"https://databrussels.be/id/building/1584438","BLOCK_ID":"https://databrussels.be/id/block/28180","AREA":467},"bbox":[149909.83,165878.89,149939.216,165903.495]},{"type":"Feature","id":"Buildings.fid--291372a6_1a02d75ff2a_dae","geometry":{"type":"Polygon","coordinates":[[[149810.56,165756.02],[149817.75,165747.61],[149818.81,165748.52],[149817.61,165749.92],[149819.29,165751.36],[149813.3,165758.36],[149810.56,165756.02]]]},"geometry_name":"GEOM","properties":{"INSPIRE_ID":"https://databrussels.be/id/building/1585043","BLOCK_ID":"https://databrussels.be/id/block/28180","AREA":36},"bbox":[149810.56,165747.61,149819.29,165758.36]},{"type":"Feature","id":"Buildings.fid--291372a6_1a02d75ff2a_d48","geometry":{"type":"Polygon","coordinates":[[[149870.08,165664],[149876.88,165664.89],[149875.68,165674.14],[149868.88,165673.26],[149870.08,165664]]]},"geometry_name":"GEOM","properties":{"INSPIRE_ID":"https://databrussels.be/id/building/1585105","BLOCK_ID":"https://databrussels.be/id/block/28180","AREA":64},"bbox":[149868.88,165664,149876.88,165674.14]},{"type":"Feature","id":"Buildings.fid--291372a6_1a02d75ff2a_dbe","geometry":{"type":"Polygon","coordinates":[[[149520.1,165833.14],[149523.68,165833.32],[149534.499,165833.83],[149534.17,165837.78],[149534.98,165837.84],[149534.64,165841.89],[149533.97,165841.86],[149533.87,165843.07],[149527.56,165842.76],[149527.63,165841.72],[149523.1,165841.41],[149519.55,165841.18],[149520.1,165833.14]]]},"geometry_name":"GEOM","properties":{"INSPIRE_ID":"https://databrussels.be/id/building/1585118","BLOCK_ID":"https://databrussels.be/id/block/25923","AREA":127},"bbox":[149519.55,165833.14,149534.98,165843.07]},{"type":"Feature","id":"Buildings.fid--291372a6_1a02d75ff2a_dd1","geometry":{"type":"Polygon","coordinates":[[[149566.659,165802.262],[149566.768,165799.784],[149565.66,165799.674],[149565.937,165793.752],[149567.419,165793.893],[149567.439,165793.443],[149581.988,165794.828],[149581.172,165803.632],[149566.659,165802.262]]]},"geometry_name":"GEOM","properties":{"INSPIRE_ID":"https://databrussels.be/id/building/1585218","BLOCK_ID":"https://databrussels.be/id/block/28180","AREA":137},"bbox":[149565.66,165793.443,149581.988,165803.632]},{"type":"Feature","id":"Buildings.fid--291372a6_1a02d75ff2a_da3","geometry":{"type":"Polygon","coordinates":[[[149721.75,165700.57],[149737.26,165702.1],[149737.49,165699.76],[149739.66,165699.97],[149739.69,165699.74],[149745.39,165700.31],[149744.91,165705.23],[149749.44,165705.68],[149749.28,165707.34],[149749.46,165707.36],[149749.02,165711.77],[149751.01,165711.97],[149749.85,165723.65],[149742.37,165723.01],[149743.37,165713.07],[149730.08,165711.91],[149729.72,165715.44],[149724.85,165714.95],[149725.1,165712.05],[149720.63,165711.67],[149721.75,165700.57]]]},"geometry_name":"GEOM","properties":{"INSPIRE_ID":"https://databrussels.be/id/building/1585339","BLOCK_ID":"https://databrussels.be/id/block/28180","AREA":401},"bbox":[149720.63,165699.74,149751.01,165723.65]},{"type":"Feature","id":"Buildings.fid--291372a6_1a02d75ff2a_dc7","geometry":{"type":"Polygon","coordinates":[[[149533.06,165811.17],[149512.33,165810.11],[149513.36,165790.77],[149534.18,165791.98],[149533.06,165811.17]]]},"geometry_name":"GEOM","properties":{"INSPIRE_ID":"https://databrussels.be/id/building/1585340","BLOCK_ID":"https://databrussels.be/id/block/25923","AREA":401},"bbox":[149512.33,165790.77,149534.18,165811.17]},{"type":"Feature","id":"Buildings.fid--291372a6_1a02d75ff2a_d3e","geometry":{"type":"Polygon","coordinates":[[[149889.792,165574.286],[149898.606,165563.643],[149908.285,165571.655],[149899.876,165581.663],[149902.136,165583.553],[149896.187,165590.632],[149898.347,165592.452],[149892.137,165599.837],[149882.741,165591.936],[149888.232,165585.296],[149885.973,165583.236],[149891.843,165576.156],[149889.792,165574.286]]]},"geometry_name":"GEOM","properties":{"INSPIRE_ID":"https://databrussels.be/id/building/1585344","BLOCK_ID":"https://databrussels.be/id/block/25932","AREA":404},"bbox":[149882.741,165563.643,149908.285,165599.837]},{"type":"Feature","id":"Buildings.fid--291372a6_1a02d75ff2a_d35","geometry":{"type":"Polygon","coordinates":[[[149928.726,165535.341],[149931.366,165529.741],[149930.356,165529.292],[149933.408,165522.396],[149934.045,165522.679],[149939.017,165524.886],[149938.392,165526.301],[149939.27,165526.701],[149947.25,165530.34],[149946.09,165532.89],[149946.61,165533.12],[149944.55,165537.76],[149944.712,165538.222],[149943.075,165541.776],[149938.193,165539.519],[149937.818,165540.299],[149932.3,165537.896],[149932.634,165537.18],[149928.726,165535.341]]]},"geometry_name":"GEOM","properties":{"INSPIRE_ID":"https://databrussels.be/id/building/1585436","BLOCK_ID":"https://databrussels.be/id/block/28355","AREA":208},"bbox":[149928.726,165522.396,149947.25,165541.776]},{"type":"Feature","id":"Buildings.fid--291372a6_1a02d75ff2a_d36","geometry":{"type":"Polygon","coordinates":[[[149950.01,165547.568],[149951.998,165543.273],[149953.3,165542.78],[149953.74,165542.97],[149955.09,165539.91],[149957.03,165539.18],[149966.8,165543.49],[149967.36,165542.21],[149971.78,165544.15],[149967.622,165553.5],[149965.549,165552.546],[149964.864,165554.027],[149961.241,165552.508],[149962.041,165550.788],[149955.534,165548.052],[149954.874,165549.612],[149950.01,165547.568]]]},"geometry_name":"GEOM","properties":{"INSPIRE_ID":"https://databrussels.be/id/building/1585446","BLOCK_ID":"https://databrussels.be/id/block/28355","AREA":175},"bbox":[149950.01,165539.18,149971.78,165554.027]},{"type":"Feature","id":"Buildings.fid--291372a6_1a02d75ff2a_d53","geometry":{"type":"Polygon","coordinates":[[[149706.87,165921.68],[149707.67,165918.88],[149709.33,165918.19],[149709.73,165918.31],[149710.44,165915.83],[149721.016,165918.87],[149717.595,165930.798],[149707.386,165927.872],[149708.585,165923.69],[149707.92,165923.5],[149706.87,165921.68]]]},"geometry_name":"GEOM","properties":{"INSPIRE_ID":"https://databrussels.be/id/building/1586169","BLOCK_ID":"https://databrussels.be/id/block/28180","AREA":143},"bbox":[149706.87,165915.83,149721.016,165930.798]},{"type":"Feature","id":"Buildings.fid--291372a6_1a02d75ff2a_dc1","geometry":{"type":"Polygon","coordinates":[[[149533.76,165970.78],[149532.86,165966.3],[149538.93,165965.1],[149539.82,165969.58],[149533.76,165970.78]]]},"geometry_name":"GEOM","properties":{"INSPIRE_ID":"https://databrussels.be/id/building/1587114","BLOCK_ID":"https://databrussels.be/id/block/28161","AREA":28},"bbox":[149532.86,165965.1,149539.82,165970.78]},{"type":"Feature","id":"Buildings.fid--291372a6_1a02d75ff2a_d7d","geometry":{"type":"Polygon","coordinates":[[[149673.36,165652.6],[149669.61,165651.27],[149672.37,165643.48],[149676,165644.76],[149673.36,165652.6]]]},"geometry_name":"GEOM","properties":{"INSPIRE_ID":"https://databrussels.be/id/building/1587127","BLOCK_ID":"https://databrussels.be/id/block/28180","AREA":32},"bbox":[149669.61,165643.48,149676,165652.6]},{"type":"Feature","id":"Buildings.fid--291372a6_1a02d75ff2a_d5e","geometry":{"type":"Polygon","coordinates":[[[149776.91,165879.31],[149779.65,165869.17],[149780.09,165869.29],[149780.68,165867.12],[149786.67,165868.75],[149786.05,165871.02],[149798.42,165874.38],[149800.14,165868.05],[149806.19,165869.7],[149803.71,165878.82],[149805.42,165879.29],[149803.48,165886.47],[149776.91,165879.31]]]},"geometry_name":"GEOM","properties":{"INSPIRE_ID":"https://databrussels.be/id/building/1587447","BLOCK_ID":"https://databrussels.be/id/block/28180","AREA":336},"bbox":[149776.91,165867.12,149806.19,165886.47]},{"type":"Feature","id":"Buildings.fid--291372a6_1a02d75ff2a_d4b","geometry":{"type":"Polygon","coordinates":[[[149997.931,165706.517],[150000,165707.971],[150007.071,165712.927],[150002.641,165719.49],[150005.517,165721.635],[150000,165729.44],[149997.57,165732.87],[149997.157,165732.588],[149990.58,165728.09],[149992.57,165725.18],[149987.333,165721.593],[149997.931,165706.517]]]},"geometry_name":"GEOM","properties":{"INSPIRE_ID":"https://databrussels.be/id/building/1587707","BLOCK_ID":"https://databrussels.be/id/block/28180","AREA":274},"bbox":[149987.333,165706.517,150007.071,165732.87]},{"type":"Feature","id":"Buildings.fid--291372a6_1a02d75ff2a_d3a","geometry":{"type":"Polygon","coordinates":[[[149988.65,165554.58],[149990.59,165550.53],[149995.18,165552.62],[149994.67,165553.74],[150000,165556.17],[150000.93,165556.59],[150010.39,165560.9],[150006.35,165569.79],[150004.94,165569.14],[150002.56,165574.26],[150000,165573.12],[149984.75,165566.35],[149989.878,165555.153],[149988.65,165554.58]]]},"geometry_name":"GEOM","properties":{"INSPIRE_ID":"https://databrussels.be/id/building/1587708","BLOCK_ID":"https://databrussels.be/id/block/28355","AREA":328},"bbox":[149984.75,165550.53,150010.39,165574.26]},{"type":"Feature","id":"Buildings.fid--291372a6_1a02d75ff2a_db9","geometry":{"type":"Polygon","coordinates":[[[149601.89,165805.63],[149594.34,165804.9],[149595.06,165797.38],[149602.61,165798.11],[149601.89,165805.63]]]},"geometry_name":"GEOM","properties":{"INSPIRE_ID":"https://databrussels.be/id/building/1588171","BLOCK_ID":"https://databrussels.be/id/block/28180","AREA":57},"bbox":[149594.34,165797.38,149602.61,165805.63]},{"type":"Feature","id":"Buildings.fid--291372a6_1a02d75ff2a_d90","geometry":{"type":"Polygon","coordinates":[[[149642.88,165958.924],[149647.659,165960.234],[149647.276,165961.596],[149650.285,165962.425],[149647.35,165974.34],[149647.04,165975.52],[149638.907,165973.39],[149642.88,165958.924]]]},"geometry_name":"GEOM","properties":{"INSPIRE_ID":"https://databrussels.be/id/building/1588325","BLOCK_ID":"https://databrussels.be/id/block/24114","AREA":119},"bbox":[149638.907,165958.924,149650.285,165975.52]},{"type":"Feature","id":"Buildings.fid--291372a6_1a02d75ff2a_da5","geometry":{"type":"Polygon","coordinates":[[[149628.49,165722.917],[149628.962,165723.083],[149630.355,165719.128],[149633.836,165720.358],[149634.63,165718.095],[149638.029,165719.19],[149639.143,165718.341],[149640.571,165718.801],[149640.98,165720.141],[149641.408,165720.279],[149638.891,165727.446],[149637.77,165727.05],[149636.57,165730.46],[149630.55,165728.36],[149630.64,165728.11],[149627.09,165726.87],[149627.76,165724.99],[149628.49,165722.917]]]},"geometry_name":"GEOM","properties":{"INSPIRE_ID":"https://databrussels.be/id/building/1588336","BLOCK_ID":"https://databrussels.be/id/block/28180","AREA":111},"bbox":[149627.09,165718.095,149641.408,165730.46]},{"type":"Feature","id":"Buildings.fid--291372a6_1a02d75ff2a_dc6","geometry":{"type":"Polygon","coordinates":[[[149532.334,165773.2138],[149532.0964,165777.1821],[149532.7066,165777.2186],[149532.66684678,165777.88207224],[149532.3617,165782.9778],[149516.97,165781.98],[149517.0889,165780.2695],[149513.5202,165780.0092],[149513.4151,165781.2012],[149513.0609,165781.4174],[149512.0821,165781.4684],[149511.2941,165781.3569],[149510.8332,165781.0019],[149510.4004,165780.4023],[149510.2933,165779.9126],[149510.938,165771.2828],[149514.1395,165771.518],[149527.997,165772.536],[149527.9661,165772.9523],[149532.334,165773.2138]]]},"geometry_name":"GEOM","properties":{"INSPIRE_ID":"https://databrussels.be/id/building/1588346","BLOCK_ID":"https://databrussels.be/id/block/25923","AREA":214},"bbox":[149510.2933,165771.2828,149532.7066,165782.9778]},{"type":"Feature","id":"Buildings.fid--291372a6_1a02d75ff2a_dcd","geometry":{"type":"Polygon","coordinates":[[[149553.631,165628.278],[149537.378,165622.385],[149538.1,165620.42],[149536.65,165619.88],[149538.93,165613.65],[149545.96,165616.24],[149547.582,165611.816],[149555.81,165614.695],[149554.081,165619.645],[149556.407,165620.46],[149557.016,165620.75],[149557.59,165621.033],[149557.923,165621.343],[149558.054,165621.737],[149558.088,165622.268],[149558.009,165622.719],[149557.717,165623.213],[149557.236,165623.644],[149556.706,165623.897],[149556.408,165623.918],[149556.006,165623.873],[149555.262,165623.786],[149553.631,165628.278]]]},"geometry_name":"GEOM","properties":{"INSPIRE_ID":"https://databrussels.be/id/building/1588518","BLOCK_ID":"https://databrussels.be/id/block/25923","AREA":208},"bbox":[149536.65,165611.816,149558.088,165628.278]},{"type":"Feature","id":"Buildings.fid--291372a6_1a02d75ff2a_d42","geometry":{"type":"Polygon","coordinates":[[[149943.05,165641.32],[149949.13,165627.03],[149949.78,165627.31],[149950.33,165626.03],[149969.09,165634.03],[149968.59,165635.21],[149969.37,165635.55],[149963.42,165650.04],[149943.05,165641.32]]]},"geometry_name":"GEOM","properties":{"INSPIRE_ID":"https://databrussels.be/id/building/1588556","BLOCK_ID":"https://databrussels.be/id/block/25932","AREA":371},"bbox":[149943.05,165626.03,149969.37,165650.04]},{"type":"Feature","id":"Buildings.fid--291372a6_1a02d75ff2a_d56","geometry":{"type":"Polygon","coordinates":[[[149715.59,165862.8],[149713.07,165862.11],[149716.14,165850.94],[149718.65,165851.63],[149715.59,165862.8]]]},"geometry_name":"GEOM","properties":{"INSPIRE_ID":"https://databrussels.be/id/building/1589149","BLOCK_ID":"https://databrussels.be/id/block/28180","AREA":30},"bbox":[149713.07,165850.94,149718.65,165862.8]},{"type":"Feature","id":"Buildings.fid--291372a6_1a02d75ff2a_dc0","geometry":{"type":"Polygon","coordinates":[[[149524.118,165941.101],[149525.599,165941.123],[149525.823,165936.629],[149534.018,165936.65],[149533.88,165947.67],[149529.58,165947.57],[149529.52,165947.77],[149529.49,165947.9],[149529.47,165947.97],[149529.4,165948.17],[149529.14,165948.76],[149528.81,165949.32],[149528.38,165949.74],[149527.8,165950.01],[149527.12,165950.13],[149526.47,165950.11],[149525.79,165949.89],[149525.14,165949.5],[149524.66,165948.98],[149524.48,165948.59],[149524.37,165948.15],[149524.26,165947.7],[149524.019,165947.656],[149524.118,165941.101]]]},"geometry_name":"GEOM","properties":{"INSPIRE_ID":"https://databrussels.be/id/building/1589395","BLOCK_ID":"https://databrussels.be/id/block/28161","AREA":111},"bbox":[149524.019,165936.629,149534.018,165950.13]},{"type":"Feature","id":"Buildings.fid--291372a6_1a02d75ff2a_d8b","geometry":{"type":"Polygon","coordinates":[[[149609.6,165966.56],[149612.736,165953.85],[149616.886,165954.798],[149617.22,165953.98],[149617.41,165953.48],[149617.68,165953.04],[149618.09,165952.64],[149618.58,165952.31],[149619.11,165952.07],[149619.72,165951.91],[149620.36,165951.85],[149620.98,165951.9],[149621.64,165952.1],[149622.27,165952.43],[149622.81,165952.85],[149623.3,165953.47],[149623.66,165954.21],[149623.83,165954.98],[149623.78,165955.55],[149623.61,165956.14],[149623.45,165956.73],[149622.03,165962.2],[149623.14,165962.49],[149620.96,165970.94],[149613.06,165969.06],[149613.44,165967.47],[149609.6,165966.56]]]},"geometry_name":"GEOM","properties":{"INSPIRE_ID":"https://databrussels.be/id/building/1589442","BLOCK_ID":"https://databrussels.be/id/block/24114","AREA":187},"bbox":[149609.6,165951.85,149623.83,165970.94]},{"type":"Feature","id":"Buildings.fid--291372a6_1a02d75ff2a_dd4","geometry":{"type":"Polygon","coordinates":[[[149560.867,165962.531],[149563.184,165973.572],[149546.94,165976.985],[149544.66,165965.925],[149560.867,165962.531]]]},"geometry_name":"GEOM","properties":{"INSPIRE_ID":"https://databrussels.be/id/building/1589445","BLOCK_ID":"https://databrussels.be/id/block/28161","AREA":187},"bbox":[149544.66,165962.531,149563.184,165976.985]},{"type":"Feature","id":"Buildings.fid--291372a6_1a02d75ff2a_d60","geometry":{"type":"Polygon","coordinates":[[[149790.51,165891.02],[149799.88,165893.56],[149798.16,165899.73],[149788.81,165897.11],[149790.51,165891.02]]]},"geometry_name":"GEOM","properties":{"INSPIRE_ID":"https://databrussels.be/id/building/1590241","BLOCK_ID":"https://databrussels.be/id/block/28180","AREA":62},"bbox":[149788.81,165891.02,149799.88,165899.73]},{"type":"Feature","id":"Buildings.fid--291372a6_1a02d75ff2a_da6","geometry":{"type":"Polygon","coordinates":[[[149598.941,165720.415],[149614.619,165726.041],[149611.623,165734.406],[149606.93,165732.74],[149606.88,165732.9],[149600.73,165730.72],[149600.78,165730.59],[149596.127,165728.934],[149598.941,165720.415]]]},"geometry_name":"GEOM","properties":{"INSPIRE_ID":"https://databrussels.be/id/building/1590515","BLOCK_ID":"https://databrussels.be/id/block/28180","AREA":149},"bbox":[149596.127,165720.415,149614.619,165734.406]},{"type":"Feature","id":"Buildings.fid--291372a6_1a02d75ff2a_d71","geometry":{"type":"Polygon","coordinates":[[[149797.059,165571.557],[149802.725,165575.129],[149802.515,165575.489],[149808.951,165579.547],[149805.198,165585.772],[149806.808,165586.742],[149803.549,165592.152],[149802.68,165591.66],[149802.15,165592.59],[149801.81,165592.39],[149798.98,165596.89],[149798.77,165596.71],[149798.61,165597.19],[149792.57,165593.56],[149794.28,165590.84],[149790.36,165588.65],[149789.9,165588.68],[149789.44,165588.7],[149789,165588.66],[149788.41,165588.44],[149787.86,165588.1],[149787.41,165587.67],[149787.12,165587.28],[149786.89,165586.84],[149786.74,165586.39],[149786.69,165585.75],[149786.77,165585.08],[149786.99,165584.48],[149787.43,165583.85],[149788.05,165583.31],[149788.75,165582.96],[149789.31,165582.84],[149789.9,165582.83],[149790.5,165582.86],[149790.8,165582.89],[149791.1,165582.93],[149791.41,165582.96],[149792.88,165580.25],[149792.074,165579.813],[149797.059,165571.557]]]},"geometry_name":"GEOM","properties":{"INSPIRE_ID":"https://databrussels.be/id/building/1590574","BLOCK_ID":"https://databrussels.be/id/block/28180","AREA":296},"bbox":[149786.69,165571.557,149808.951,165597.19]},{"type":"Feature","id":"Buildings.fid--291372a6_1a02d75ff2a_d99","geometry":{"type":"Polygon","coordinates":[[[149669.094,165917.083],[149673.136,165901.335],[149679.29,165903.01],[149678.5,165905.91],[149686.55,165908.1],[149687.34,165905.2],[149693.444,165906.865],[149688.933,165922.546],[149683.298,165921.095],[149684.389,165917.315],[149675.522,165915.043],[149674.595,165918.662],[149669.094,165917.083]]]},"geometry_name":"GEOM","properties":{"INSPIRE_ID":"https://databrussels.be/id/building/1591538","BLOCK_ID":"https://databrussels.be/id/block/28180","AREA":280},"bbox":[149669.094,165901.335,149693.444,165922.546]},{"type":"Feature","id":"Buildings.fid--291372a6_1a02d75ff2a_d66","geometry":{"type":"Polygon","coordinates":[[[149679.85,165522.19],[149680.05,165521.76],[149676.36,165520.01],[149679.81,165512.09],[149679.21,165511.84],[149679.34,165511.56],[149676.5,165510.45],[149677.89,165506.93],[149677.39,165506.74],[149679.02,165502.9],[149682.53,165504.38],[149682.9,165503.62],[149687.78,165505.82],[149687.55,165506.28],[149689.91,165507.34],[149690.12,165506.9],[149691.55,165507.54],[149691.32,165508.01],[149698.64,165511.3],[149698.83,165510.87],[149703.52,165512.98],[149701.44,165517.61],[149700.93,165517.38],[149699.88,165519.7],[149700.38,165519.92],[149698.65,165523.74],[149702.71,165525.57],[149702.03,165527.07],[149701.61,165526.87],[149700.81,165528.63],[149700.53,165528.5],[149699.63,165530.5],[149698.34,165529.92],[149698.11,165530.45],[149690.19,165526.89],[149690.46,165526.34],[149685.48,165524.1],[149685.25,165524.62],[149679.85,165522.19]]]},"geometry_name":"GEOM","properties":{"INSPIRE_ID":"https://databrussels.be/id/building/1591550","BLOCK_ID":"https://databrussels.be/id/block/28180","AREA":444},"bbox":[149676.36,165502.9,149703.52,165530.5]},{"type":"Feature","id":"Buildings.fid--291372a6_1a02d75ff2a_d86","geometry":{"type":"Polygon","coordinates":[[[149576.243,165876.168],[149574.732,165865.641],[149576.759,165865.341],[149576.58,165864.053],[149582.313,165863.224],[149582.62,165865.5],[149595.87,165863.69],[149597.04,165872.33],[149595.16,165872.59],[149595.466,165874.846],[149589.955,165875.637],[149589.755,165874.227],[149576.243,165876.168]]]},"geometry_name":"GEOM","properties":{"INSPIRE_ID":"https://databrussels.be/id/building/1591579","BLOCK_ID":"https://databrussels.be/id/block/28180","AREA":225},"bbox":[149574.732,165863.224,149597.04,165876.168]},{"type":"Feature","id":"Buildings.fid--291372a6_1a02d75ff2a_d3f","geometry":{"type":"Polygon","coordinates":[[[149950.82,165593.9],[149948.03,165592.7],[149951.25,165585.21],[149954.03,165586.41],[149950.82,165593.9]]]},"geometry_name":"GEOM","properties":{"INSPIRE_ID":"https://databrussels.be/id/building/1592182","BLOCK_ID":"https://databrussels.be/id/block/25932","AREA":25},"bbox":[149948.03,165585.21,149954.03,165593.9]},{"type":"Feature","id":"Buildings.fid--291372a6_1a02d75ff2a_d8e","geometry":{"type":"Polygon","coordinates":[[[149629.966,165957.656],[149637.524,165959.804],[149633.213,165974.977],[149625.647,165972.853],[149629.966,165957.656]]]},"geometry_name":"GEOM","properties":{"INSPIRE_ID":"https://databrussels.be/id/building/1592280","BLOCK_ID":"https://databrussels.be/id/block/24114","AREA":124},"bbox":[149625.647,165957.656,149637.524,165974.977]},{"type":"Feature","id":"Buildings.fid--291372a6_1a02d75ff2a_d46","geometry":{"type":"Polygon","coordinates":[[[149888.96,165674.95],[149881,165668.26],[149888.83,165659.33],[149896.45,165665.74],[149896.6,165665.87],[149888.96,165674.95]]]},"geometry_name":"GEOM","properties":{"INSPIRE_ID":"https://databrussels.be/id/building/1592419","BLOCK_ID":"https://databrussels.be/id/block/28180","AREA":122},"bbox":[149881,165659.33,149896.6,165674.95]},{"type":"Feature","id":"Buildings.fid--291372a6_1a02d75ff2a_dc9","geometry":{"type":"Polygon","coordinates":[[[149520.32,165697.92],[149531.465,165700.651],[149529.827,165707.223],[149531.749,165707.701],[149530.625,165711.625],[149517.747,165708.419],[149520.32,165697.92]]]},"geometry_name":"GEOM","properties":{"INSPIRE_ID":"https://databrussels.be/id/building/1592447","BLOCK_ID":"https://databrussels.be/id/block/25923","AREA":132},"bbox":[149517.747,165697.92,149531.749,165711.625]},{"type":"Feature","id":"Buildings.fid--291372a6_1a02d75ff2a_db2","geometry":{"type":"Polygon","coordinates":[[[149695.82372189,165769.74747996],[149691.51281807,165768.44131513],[149690.57440811,165771.18120967],[149688.25,165770.42],[149687.35,165773.18],[149686.71,165773.37],[149683.85,165772.44],[149683.67,165771.84],[149684.53,165769.21],[149684.11,165769.07],[149686.83,165760.76],[149692.94,165762.76],[149695.82372189,165769.74747996]]]},"geometry_name":"GEOM","properties":{"INSPIRE_ID":"https://databrussels.be/id/building/1592454","BLOCK_ID":"https://databrussels.be/id/block/28180","AREA":84},"bbox":[149683.67,165760.76,149695.82372189,165773.37]},{"type":"Feature","id":"Buildings.fid--291372a6_1a02d75ff2a_d7a","geometry":{"type":"Polygon","coordinates":[[[149596.024,165628.167],[149612.922,165634.7],[149610.963,165639.824],[149609.927,165639.428],[149606.029,165649.563],[149600.008,165647.225],[149601.208,165644.156],[149591.294,165640.299],[149596.024,165628.167]]]},"geometry_name":"GEOM","properties":{"INSPIRE_ID":"https://databrussels.be/id/building/1592477","BLOCK_ID":"https://databrussels.be/id/block/28180","AREA":250},"bbox":[149591.294,165628.167,149612.922,165649.563]},{"type":"Feature","id":"Buildings.fid--291372a6_1a02d75ff2a_d45","geometry":{"type":"Polygon","coordinates":[[[149974.972,165659.263],[149977.034,165654.53],[149978.04,165654.97],[149979,165652.79],[149983.16,165651.22],[149985.18,165652.1],[149985.87,165650.54],[149990.92,165652.76],[149990.22,165654.35],[149990.8,165654.6],[149988.73,165659.3],[149991.42,165660.48],[149986.948,165670.245],[149983.678,165668.822],[149984.628,165666.32],[149975.785,165662.9],[149975.467,165662.322],[149976.45,165660.011],[149974.972,165659.263]]]},"geometry_name":"GEOM","properties":{"INSPIRE_ID":"https://databrussels.be/id/building/1592499","BLOCK_ID":"https://databrussels.be/id/block/25932","AREA":196},"bbox":[149974.972,165650.54,149991.42,165670.245]},{"type":"Feature","id":"Buildings.fid--291372a6_1a02d75ff2a_d32","geometry":{"type":"Polygon","coordinates":[[[149873.088,165514.057],[149875.071,165509.602],[149875.766,165509.919],[149878.3,165504.448],[149877.58,165504.108],[149878.913,165501.228],[149885.54,165504.29],[149885.81,165503.7],[149894.23,165507.59],[149894.2,165507.64],[149893.19,165509.82],[149889.81,165517.018],[149882.027,165513.552],[149880.167,165517.731],[149875.297,165515.557],[149875.487,165515.127],[149873.088,165514.057]]]},"geometry_name":"GEOM","properties":{"INSPIRE_ID":"https://databrussels.be/id/building/1592527","BLOCK_ID":"https://databrussels.be/id/block/28355","AREA":200},"bbox":[149873.088,165501.228,149894.23,165517.731]},{"type":"Feature","id":"Buildings.fid--291372a6_1a02d75ff2a_d69","geometry":{"type":"Polygon","coordinates":[[[149596.587,165528.54],[149592.958,165535.299],[149591.788,165534.669],[149588.768,165540.289],[149577.9,165534.45],[149580.94,165528.67],[149580.05,165528.2],[149578.98,165527.64],[149582.45,165521.05],[149585.99,165514.31],[149587.21,165514.77],[149588.12,165515.12],[149591.04,165509.56],[149602.008,165515.449],[149599.018,165520.998],[149600.268,165521.678],[149596.587,165528.54]]]},"geometry_name":"GEOM","properties":{"INSPIRE_ID":"https://databrussels.be/id/building/1592531","BLOCK_ID":"https://databrussels.be/id/block/25923","AREA":404},"bbox":[149577.9,165509.56,149602.008,165540.289]},{"type":"Feature","id":"Buildings.fid--291372a6_1a02d75ff2a_d41","geometry":{"type":"Polygon","coordinates":[[[149916.506,165618.381],[149921.463,165606.97],[149921.67,165607.06],[149921.72,165606.96],[149922.64,165604.87],[149927.23,165606.91],[149926.35,165608.9],[149935.61,165613],[149936.94,165610.01],[149942.61,165612.53],[149937.53,165624.177],[149930.973,165621.213],[149929.308,165624.495],[149916.506,165618.381]]]},"geometry_name":"GEOM","properties":{"INSPIRE_ID":"https://databrussels.be/id/building/1592588","BLOCK_ID":"https://databrussels.be/id/block/25932","AREA":284},"bbox":[149916.506,165604.87,149942.61,165624.495]},{"type":"Feature","id":"Buildings.fid--291372a6_1a02d75ff2a_d92","geometry":{"type":"Polygon","coordinates":[[[149649.79,165874.4],[149648.88,165878.98],[149645.58,165878.4],[149646.39,165873.8],[149649.79,165874.4]]]},"geometry_name":"GEOM","properties":{"INSPIRE_ID":"https://databrussels.be/id/building/1593165","BLOCK_ID":"https://databrussels.be/id/block/28180","AREA":16},"bbox":[149645.58,165873.8,149649.79,165878.98]},{"type":"Feature","id":"Buildings.fid--291372a6_1a02d75ff2a_d4e","geometry":{"type":"Polygon","coordinates":[[[149883.415,165960.26],[149926.673,165947.888],[149931.209,165963.767],[149887.944,165976.13],[149883.415,165960.26]]]},"geometry_name":"GEOM","properties":{"INSPIRE_ID":"https://databrussels.be/id/building/1593313","BLOCK_ID":"https://databrussels.be/id/block/28180","AREA":743},"bbox":[149883.415,165947.888,149931.209,165976.13]},{"type":"Feature","id":"Buildings.fid--291372a6_1a02d75ff2a_d78","geometry":{"type":"Polygon","coordinates":[[[149810.832,165611.666],[149815.304,165614.602],[149808.399,165625.104],[149803.926,165622.159],[149810.832,165611.666]]]},"geometry_name":"GEOM","properties":{"INSPIRE_ID":"https://databrussels.be/id/building/1593428","BLOCK_ID":"https://databrussels.be/id/block/28180","AREA":67},"bbox":[149803.926,165611.666,149815.304,165625.104]},{"type":"Feature","id":"Buildings.fid--291372a6_1a02d75ff2a_dab","geometry":{"type":"Polygon","coordinates":[[[149666.603,165742.293],[149674.624,165744.844],[149674.97,165743.748],[149679.462,165745.319],[149676.405,165754.943],[149673.83,165753.97],[149672.81,165757.98],[149672.47,165757.86],[149671.16,165761.69],[149666.06,165759.94],[149665.7,165761],[149660.47,165759.15],[149659.65,165757.69],[149661.76,165751.73],[149662.22,165751.47],[149662.87,165749.62],[149663.59,165749.48],[149664.14,165747.93],[149664.62,165748.1],[149665.94,165744.37],[149666.603,165742.293]]]},"geometry_name":"GEOM","properties":{"INSPIRE_ID":"https://databrussels.be/id/building/1593506","BLOCK_ID":"https://databrussels.be/id/block/28180","AREA":230},"bbox":[149659.65,165742.293,149679.462,165761.69]},{"type":"Feature","id":"Buildings.fid--291372a6_1a02d75ff2a_d89","geometry":{"type":"Polygon","coordinates":[[[149597.2,165914.49],[149600.47,165902.35],[149607.12,165903.73],[149608.85,165902.57],[149610.82,165902.86],[149612.24,165905.05],[149615.35,165905.7],[149615.37,165918.58],[149609.37,165917.3],[149608.2,165917.03],[149607.71,165919.17],[149602.02,165917.86],[149602.59,165915.73],[149597.2,165914.49]]]},"geometry_name":"GEOM","properties":{"INSPIRE_ID":"https://databrussels.be/id/building/1593511","BLOCK_ID":"https://databrussels.be/id/block/28180","AREA":233},"bbox":[149597.2,165902.35,149615.37,165919.17]},{"type":"Feature","id":"Buildings.fid--291372a6_1a02d75ff2a_d9b","geometry":{"type":"Polygon","coordinates":[[[149599.73,165666.17],[149602.18,165667.01],[149602.87,165668.48],[149602.51,165669.5],[149606.568,165670.933],[149602.882,165682.118],[149599.514,165681.004],[149599.463,165680.988],[149598.98,165682.45],[149589.715,165679.429],[149593.979,165666.505],[149597.81,165667.94],[149598.12,165667.04],[149599.73,165666.17]]]},"geometry_name":"GEOM","properties":{"INSPIRE_ID":"https://databrussels.be/id/building/1593605","BLOCK_ID":"https://databrussels.be/id/block/28180","AREA":183},"bbox":[149589.715,165666.17,149606.568,165682.45]},{"type":"Feature","id":"Buildings.fid--291372a6_1a02d75ff2a_d49","geometry":{"type":"Polygon","coordinates":[[[149963.63,165678.74],[149966.17,165680.6],[149962.64,165685.51],[149959.9,165683.77],[149963.63,165678.74]]]},"geometry_name":"GEOM","properties":{"INSPIRE_ID":"https://databrussels.be/id/building/1594188","BLOCK_ID":"https://databrussels.be/id/block/28180","AREA":20},"bbox":[149959.9,165678.74,149966.17,165685.51]},{"type":"Feature","id":"Buildings.fid--291372a6_1a02d75ff2a_da7","geometry":{"type":"Polygon","coordinates":[[[149647.437,165728.166],[149651.575,165729.488],[149652.954,165725.478],[149659.536,165727.592],[149655.259,165740.013],[149648.23,165737.62],[149648.87,165735.74],[149645.09,165734.45],[149647.437,165728.166]]]},"geometry_name":"GEOM","properties":{"INSPIRE_ID":"https://databrussels.be/id/building/1594412","BLOCK_ID":"https://databrussels.be/id/block/28180","AREA":121},"bbox":[149645.09,165725.478,149659.536,165740.013]},{"type":"Feature","id":"Buildings.fid--291372a6_1a02d75ff2a_da2","geometry":{"type":"Polygon","coordinates":[[[149668.18,165700.54],[149671.73,165690.35],[149677.29,165692.29],[149676.88,165693.48],[149688.12,165697.4],[149683.74,165709.96],[149669.69,165705.06],[149670.93,165701.5],[149668.18,165700.54]]]},"geometry_name":"GEOM","properties":{"INSPIRE_ID":"https://databrussels.be/id/building/1594507","BLOCK_ID":"https://databrussels.be/id/block/28180","AREA":233},"bbox":[149668.18,165690.35,149688.12,165709.96]},{"type":"Feature","id":"Buildings.fid--291372a6_1a02d75ff2a_dcc","geometry":{"type":"Polygon","coordinates":[[[149540.31,165677.85],[149532.27,165675.88],[149532.4,165675.33],[149528.86,165674.46],[149527.09,165674.03],[149527.25,165673.39],[149529.25,165665.2],[149529.26,165665.16],[149528.77,165665.04],[149530.37,165658.51],[149537.33,165660.21],[149537.689,165658.765],[149543.858,165660.259],[149543.47,165661.878],[149544.2,165662.03],[149540.31,165677.85]]]},"geometry_name":"GEOM","properties":{"INSPIRE_ID":"https://databrussels.be/id/building/1595560","BLOCK_ID":"https://databrussels.be/id/block/25923","AREA":236},"bbox":[149527.09,165658.51,149544.2,165677.85]},{"type":"Feature","id":"Buildings.fid--291372a6_1a02d75ff2a_d30","geometry":{"type":"Polygon","coordinates":[[[149963.039,165902.693],[149961.64,165897.36],[149960.38,165894.78],[149959.05,165893.08],[149961.55,165888.81],[149966.7,165889.55],[149978.43,165886.3],[149982.89,165882.75],[149987.05,165885.19],[149986.76,165890.398],[149988.272,165895.823],[149986.101,165896.414],[149987.877,165902.781],[149966.887,165908.496],[149965.21,165902.102],[149963.039,165902.693]]]},"geometry_name":"GEOM","properties":{"INSPIRE_ID":"https://databrussels.be/id/building/1595621","BLOCK_ID":"https://databrussels.be/id/block/28180","AREA":474},"bbox":[149959.05,165882.75,149988.272,165908.496]},{"type":"Feature","id":"Buildings.fid--291372a6_1a02d75ff2a_d40","geometry":{"type":"Polygon","coordinates":[[[149966.193,165587.156],[149977.311,165598.151],[149975.506,165599.786],[149987.021,165611.014],[149979.86,165618.34],[149968.42,165607.12],[149964.4,165611.22],[149954.71,165601.72],[149963.08,165593.18],[149961.6,165591.74],[149966.193,165587.156]]]},"geometry_name":"GEOM","properties":{"INSPIRE_ID":"https://databrussels.be/id/building/1595658","BLOCK_ID":"https://databrussels.be/id/block/25932","AREA":427},"bbox":[149954.71,165587.156,149987.021,165618.34]},{"type":"Feature","id":"Buildings.fid--291372a6_1a02d75ff2a_d9d","geometry":{"type":"Polygon","coordinates":[[[149628.279,165690.15],[149633.101,165676.197],[149642.16,165679.28],[149642.52,165678.21],[149659.209,165683.893],[149654.01,165698.941],[149644.614,165695.699],[149644.384,165696.389],[149637.552,165694.03],[149637.761,165693.431],[149628.279,165690.15]]]},"geometry_name":"GEOM","properties":{"INSPIRE_ID":"https://databrussels.be/id/building/1595659","BLOCK_ID":"https://databrussels.be/id/block/28180","AREA":427},"bbox":[149628.279,165676.197,149659.209,165698.941]},{"type":"Feature","id":"Buildings.fid--291372a6_1a02d75ff2a_d7e","geometry":{"type":"Polygon","coordinates":[[[149673.36,165652.6],[149676,165644.76],[149676.36,165644.89],[149680.88,165646.49],[149677.19,165656.9],[149672.43,165655.22],[149673.36,165652.6]]]},"geometry_name":"GEOM","properties":{"INSPIRE_ID":"https://databrussels.be/id/building/1596307","BLOCK_ID":"https://databrussels.be/id/block/28180","AREA":56},"bbox":[149672.43,165644.76,149680.88,165656.9]},{"type":"Feature","id":"Buildings.fid--291372a6_1a02d75ff2a_d4f","geometry":{"type":"Polygon","coordinates":[[[149946.845,165976.437],[149989.218,165964.37],[149993.783,165979.832],[149951.342,165991.965],[149946.845,165976.437]]]},"geometry_name":"GEOM","properties":{"INSPIRE_ID":"https://databrussels.be/id/building/1596447","BLOCK_ID":"https://databrussels.be/id/block/28180","AREA":712},"bbox":[149946.845,165964.37,149993.783,165991.965]},{"type":"Feature","id":"Buildings.fid--291372a6_1a02d75ff2a_d5b","geometry":{"type":"Polygon","coordinates":[[[149757.578,165928.479],[149800.589,165916.211],[149804.625,165932.03],[149762.149,165944.206],[149757.578,165928.479]]]},"geometry_name":"GEOM","properties":{"INSPIRE_ID":"https://databrussels.be/id/building/1596449","BLOCK_ID":"https://databrussels.be/id/block/28180","AREA":727},"bbox":[149757.578,165916.211,149804.625,165944.206]},{"type":"Feature","id":"Buildings.fid--291372a6_1a02d75ff2a_d34","geometry":{"type":"Polygon","coordinates":[[[149893.19,165509.82],[149893.9276,165508.2279],[149900.6556,165511.2412],[149902.9162,165512.2537],[149902.3873,165513.4347],[149898.9454,165521.1196],[149896.9998,165525.4636],[149887.5656,165521.2419],[149888.694,165518.7223],[149889.516,165516.8871],[149889.81,165517.018],[149890.182,165516.225],[149890.7292,165515.0591],[149892.3722,165511.5611],[149892.9009,165510.4354],[149893.19,165509.82]]]},"geometry_name":"GEOM","properties":{"INSPIRE_ID":"https://databrussels.be/id/building/1596489","BLOCK_ID":"https://databrussels.be/id/block/28355","AREA":146},"bbox":[149887.5656,165508.2279,149902.9162,165525.4636]},{"type":"Feature","id":"Buildings.fid--291372a6_1a02d75ff2a_d43","geometry":{"type":"Polygon","coordinates":[[[149896.012,165642.809],[149897.734,165644.273],[149899.164,165642.593],[149902.887,165645.764],[149895.889,165653.987],[149897.037,165655.383],[149894.998,165657.468],[149889.64,165653.44],[149890.56,165652.22],[149889.45,165651.381],[149893.506,165646.664],[149893.025,165646.559],[149896.012,165642.809]]]},"geometry_name":"GEOM","properties":{"INSPIRE_ID":"https://databrussels.be/id/building/1596506","BLOCK_ID":"https://databrussels.be/id/block/28180","AREA":96},"bbox":[149889.45,165642.593,149902.887,165657.468]},{"type":"Feature","id":"Buildings.fid--291372a6_1a02d75ff2a_d68","geometry":{"type":"Polygon","coordinates":[[[149582.45,165521.05],[149585.99,165514.31],[149587.21,165514.77],[149588.12,165515.12],[149591.04,165509.56],[149602.008,165515.449],[149599.018,165520.998],[149600.268,165521.678],[149596.587,165528.54],[149582.45,165521.05]]]},"geometry_name":"GEOM","properties":{"INSPIRE_ID":"https://databrussels.be/id/building/1618972","BLOCK_ID":"https://databrussels.be/id/block/25923","AREA":204},"bbox":[149582.45,165509.56,149602.008,165528.54]},{"type":"Feature","id":"Buildings.fid--291372a6_1a02d75ff2a_d6a","geometry":{"type":"Polygon","coordinates":[[[149577.9,165534.45],[149580.94,165528.67],[149580.05,165528.2],[149578.98,165527.64],[149582.45,165521.05],[149596.587,165528.54],[149592.958,165535.299],[149591.788,165534.669],[149588.768,165540.289],[149577.9,165534.45]]]},"geometry_name":"GEOM","properties":{"INSPIRE_ID":"https://databrussels.be/id/building/1636549","BLOCK_ID":"https://databrussels.be/id/block/25923","AREA":200},"bbox":[149577.9,165521.05,149596.587,165540.289]},{"type":"Feature","id":"Buildings.fid--291372a6_1a02d75ff2a_d9f","geometry":{"type":"Polygon","coordinates":[[[149779.664,165685.752],[149780.646,165683.48],[149783.353,165684.403],[149781.958,165686.731],[149779.664,165685.752]]]},"geometry_name":"GEOM","properties":{"INSPIRE_ID":"https://databrussels.be/id/building/1652497","BLOCK_ID":"https://databrussels.be/id/block/28180","AREA":7},"bbox":[149779.664,165683.48,149783.353,165686.731]},{"type":"Feature","id":"Buildings.fid--291372a6_1a02d75ff2a_d8a","geometry":{"type":"Polygon","coordinates":[[[149605.327,165950.989],[149613.018,165952.937],[149612.736,165953.85],[149609.6,165966.56],[149609.295,165967.412],[149601.496,165965.409],[149605.327,165950.989]]]},"geometry_name":"GEOM","properties":{"INSPIRE_ID":"https://databrussels.be/id/building/1654024","BLOCK_ID":"https://databrussels.be/id/block/24114","AREA":120},"bbox":[149601.496,165950.989,149613.018,165967.412]},{"type":"Feature","id":"Buildings.fid--291372a6_1a02d75ff2a_d87","geometry":{"type":"Polygon","coordinates":[[[149585.719,165952.302],[149586.172,165950.245],[149585.008,165949.89],[149586.327,165944.48],[149592.981,165946.116],[149593.229,165945.186],[149600.843,165947.125],[149598.233,165955.403],[149595.045,165954.731],[149595.077,165955.089],[149590.271,165953.892],[149590.044,165953.389],[149585.719,165952.302]]]},"geometry_name":"GEOM","properties":{"INSPIRE_ID":"https://databrussels.be/id/building/1654025","BLOCK_ID":"https://databrussels.be/id/block/24114","AREA":119},"bbox":[149585.008,165944.48,149600.843,165955.403]},{"type":"Feature","id":"Buildings.fid--291372a6_1a02d75ff2a_d88","geometry":{"type":"Polygon","coordinates":[[[149592.577,165970.244],[149592.537,165969.117],[149592.809,165968.299],[149593.298,165967.439],[149594.151,165966.88],[149595.996,165966.592],[149596.759,165966.858],[149597.526,165967.355],[149598.39,165968.846],[149601.891,165979.681],[149599.579,165980.601],[149600.014,165982.105],[149596.569,165983.178],[149596.108,165981.682],[149593.993,165982.47],[149591.017,165972.754],[149590.884,165972.824],[149590.641,165971.842],[149592.988,165971.114],[149592.577,165970.244]]]},"geometry_name":"GEOM","properties":{"INSPIRE_ID":"https://databrussels.be/id/building/1654026","BLOCK_ID":"https://databrussels.be/id/block/24114","AREA":115},"bbox":[149590.641,165966.592,149601.891,165983.178]},{"type":"Feature","id":"Buildings.fid--291372a6_1a02d75ff2a_dd3","geometry":{"type":"Polygon","coordinates":[[[149525.985,165984.679],[149526.469,165987.422],[149522.946,165987.925],[149522.584,165985.249],[149525.985,165984.679]]]},"geometry_name":"GEOM","properties":{"INSPIRE_ID":"https://databrussels.be/id/building/1654027","BLOCK_ID":"https://databrussels.be/id/block/28161","AREA":10},"bbox":[149522.584,165984.679,149526.469,165987.925]},{"type":"Feature","id":"Buildings.fid--291372a6_1a02d75ff2a_d72","geometry":{"type":"Polygon","coordinates":[[[149697.867,165593.144],[149701.87112416,165584.2229422],[149700.27380425,165583.50812695],[149702.26315194,165579.15995921],[149704.38216558,165580.09018702],[149707.01182159,165573.8877771],[149710.01658576,165575.3036795],[149711.32575817,165572.52603431],[149717.58006385,165575.34638297],[149716.73629396,165577.21146509],[149723.65981094,165580.33977916],[149724.43311109,165578.62610823],[149730.3107242,165581.24479934],[149729.61407161,165582.81455828],[149731.42931884,165583.64765056],[149729.0906461,165588.68446157],[149726.81191469,165587.59701915],[149724.74050085,165591.87552313],[149725.48,165592.266],[149723.31,165596.847],[149721.197,165595.936],[149720.22,165598.177],[149722.04,165599.127],[149719.365,165604.947],[149714.806,165602.823],[149714.459,165603.442],[149707.732,165600.319],[149709.87,165595.54],[149706.526,165594.014],[149705.437,165596.557],[149697.867,165593.144]]]},"geometry_name":"GEOM","properties":{"INSPIRE_ID":"https://databrussels.be/id/building/1711956","BLOCK_ID":"https://databrussels.be/id/block/28180","AREA":598},"bbox":[149697.867,165572.52603431,149731.42931884,165604.947]},{"type":"Feature","id":"Buildings.fid--291372a6_1a02d75ff2a_d5c","geometry":{"type":"Polygon","coordinates":[[[149773.2347509,165818.8608586],[149775.14322413,165812.16246166],[149775.87487956,165811.87759325],[149775.79579293,165811.32948841],[149775.80421683,165810.89273886],[149775.88626986,165810.47182675],[149776.02242426,165810.02665187],[149776.2757777,165809.6028258],[149776.95807791,165809.01809834],[149777.54056695,165808.69959136],[149776.42463087,165808.4404377],[149778.14529266,165802.54165027],[149779.22237533,165802.87166231],[149805.34661361,165810.87598106],[149800.53906627,165826.41894614],[149791.83073499,165823.95190598],[149792.09739692,165822.98586756],[149790.4673053,165822.55673754],[149790.10277617,165822.66218222],[149789.05621237,165822.96730724],[149788.34072538,165823.00972737],[149787.09061606,165822.7159956],[149786.40761691,165822.31215261],[149786.01355054,165821.59103855],[149785.75444544,165820.92695986],[149783.50568748,165820.32168026],[149783.27006157,165821.18205115],[149774.5410632,165818.68526588],[149774.37843118,165819.17012024],[149773.2347509,165818.8608586]]]},"geometry_name":"GEOM","properties":{"INSPIRE_ID":"https://databrussels.be/id/building/1711994","BLOCK_ID":"https://databrussels.be/id/block/28180","AREA":460},"bbox":[149773.2347509,165802.54165027,149805.34661361,165826.41894614]},{"type":"Feature","id":"Buildings.fid--291372a6_1a02d75ff2a_d76","geometry":{"type":"Polygon","coordinates":[[[149596.24,165609.86],[149599.113,165603.52],[149602.81302793,165605.26536707],[149601.43341769,165608.4308198],[149600.48994951,165608.02118738],[149599.08934834,165611.25817124],[149596.24,165609.86]]]},"geometry_name":"GEOM","properties":{"INSPIRE_ID":"https://databrussels.be/id/building/1711997","BLOCK_ID":"https://databrussels.be/id/block/28180","AREA":25},"bbox":[149596.24,165603.52,149602.81302793,165611.25817124]},{"type":"Feature","id":"Buildings.fid--291372a6_1a02d75ff2a_d3b","geometry":{"type":"Polygon","coordinates":[[[149977.424,165559.781],[149980.38939653,165552.77318436],[149983.55870115,165554.20112215],[149980.435,165561.107],[149977.424,165559.781]]]},"geometry_name":"GEOM","properties":{"INSPIRE_ID":"https://databrussels.be/id/building/1711998","BLOCK_ID":"https://databrussels.be/id/block/28355","AREA":26},"bbox":[149977.424,165552.77318436,149983.55870115,165561.107]},{"type":"Feature","id":"Buildings.fid--291372a6_1a02d75ff2a_db0","geometry":{"type":"Polygon","coordinates":[[[149697.95993888,165760.50119121],[149693.2814648,165762.4373049],[149691.28714281,165757.53545886],[149695.92267172,165755.59947051],[149697.95993888,165760.50119121]]]},"geometry_name":"GEOM","properties":{"INSPIRE_ID":"https://databrussels.be/id/building/1712000","BLOCK_ID":"https://databrussels.be/id/block/28180","AREA":27},"bbox":[149691.28714281,165755.59947051,149697.95993888,165762.4373049]},{"type":"Feature","id":"Buildings.fid--291372a6_1a02d75ff2a_d9a","geometry":{"type":"Polygon","coordinates":[[[149675.48,165983.29],[149673.38008004,165991.0421698],[149678.69217444,165992.38916316],[149680.33594607,165986.45087287],[149687.74896947,165988.32936643],[149691.38900034,165974.79999996],[149678.78,165971.343],[149675.48,165983.29]]]},"geometry_name":"GEOM","properties":{"INSPIRE_ID":"https://databrussels.be/id/building/1712003","BLOCK_ID":"https://databrussels.be/id/block/24114","AREA":219},"bbox":[149673.38008004,165971.343,149691.38900034,165992.38916316]},{"type":"Feature","id":"Buildings.fid--291372a6_1a02d75ff2a_d6b","geometry":{"type":"Polygon","coordinates":[[[149633.07585601,165534.58765927],[149636.51962173,165527.40109152],[149638.01871019,165528.05041237],[149641.09295661,165521.54490129],[149648.67484395,165524.94307179],[149649.51854065,165522.99833254],[149656.68927715,165526.19731482],[149656.36532768,165526.9508778],[149658.23472167,165527.74772245],[149656.36551176,165531.42079893],[149657.44824138,165531.93865092],[149653.84697507,165539.7502215],[149651.17663775,165538.67858679],[149650.23929895,165540.78499804],[149648.20725672,165539.88457788],[149647.47306177,165541.59915217],[149633.07585601,165534.58765927]]]},"geometry_name":"GEOM","properties":{"INSPIRE_ID":"https://databrussels.be/id/building/1712007","BLOCK_ID":"https://databrussels.be/id/block/28180","AREA":312},"bbox":[149633.07585601,165521.54490129,149658.23472167,165541.59915217]},{"type":"Feature","id":"Buildings.fid--291372a6_1a02d75ff2a_d82","geometry":{"type":"Polygon","coordinates":[[[149678.61589348,165666.83867901],[149681.6,165657.34],[149682.78,165657.75],[149683.46,165657.21],[149686.86,165658.33],[149686.61,165659.08],[149691.54000005,165660.79999977],[149688.42015047,165670.15954852],[149678.61589348,165666.83867901]]]},"geometry_name":"GEOM","properties":{"INSPIRE_ID":"https://databrussels.be/id/building/1713069","BLOCK_ID":"https://databrussels.be/id/block/28180","AREA":106},"bbox":[149678.61589348,165657.21,149691.54000005,165670.15954852]},{"type":"Feature","id":"Buildings.fid--291372a6_1a02d75ff2a_d70","geometry":{"type":"Polygon","coordinates":[[[149658.338,165580.052],[149662.30733912,165571.36116402],[149660.79505874,165570.68431753],[149662.79295489,165566.17933856],[149664.75659458,165567.04801559],[149667.49584086,165561.07409931],[149670.43701351,165562.43363246],[149671.70941331,165559.77802645],[149677.94626598,165562.65477405],[149677.1559577,165564.36711453],[149684.15476091,165567.66195962],[149685.03157366,165565.80771384],[149690.57732636,165568.42585956],[149689.8019142,165570.06986561],[149691.88935826,165571.00253806],[149689.6387551,165576.00377077],[149686.9265277,165574.76746556],[149685.00524488,165578.98288706],[149685.7919824,165579.3414268],[149683.72296247,165583.98131238],[149682.28368178,165583.34508545],[149681.148,165585.564],[149682.256,165586.133],[149679.68,165592.05],[149675.582,165590.212],[149675.201,165590.907],[149668.199,165587.37],[149669.576,165584.655],[149666.098,165582.838],[149665.654,165583.733],[149658.338,165580.052]]]},"geometry_name":"GEOM","properties":{"INSPIRE_ID":"https://databrussels.be/id/building/1713071","BLOCK_ID":"https://databrussels.be/id/block/28180","AREA":603},"bbox":[149658.338,165559.77802645,149691.88935826,165592.05]},{"type":"Feature","id":"Buildings.fid--291372a6_1a02d75ff2a_d61","geometry":{"type":"Polygon","coordinates":[[[149823.54,165943.45],[149860.383,165933.0045],[149863.277,165932.184],[149867.76,165947.964],[149825.085,165960.15],[149820.571,165944.288],[149823.54,165943.45]]]},"geometry_name":"GEOM","properties":{"INSPIRE_ID":"https://databrussels.be/id/building/1713074","BLOCK_ID":"https://databrussels.be/id/block/28180","AREA":730},"bbox":[149820.571,165932.184,149867.76,165960.15]},{"type":"Feature","id":"Buildings.fid--291372a6_1a02d75ff2a_d4c","geometry":{"type":"Polygon","coordinates":[[[149887.85599357,165749.32442354],[149883.4806369,165745.52576709],[149882.6974355,165746.46460191],[149880.50040594,165744.62723369],[149881.83156412,165743.03888995],[149879.20622728,165740.83911287],[149877.85170516,165742.45608311],[149875.0118251,165740.0323531],[149888.89291638,165723.89172725],[149888.06358342,165723.15734687],[149892.55697294,165718.07183823],[149890.8659129,165716.62779458],[149893.36874321,165713.65296598],[149900.86528249,165719.95976947],[149901.8171858,165718.82812686],[149904.15586891,165720.80264524],[149903.35708098,165721.7419327],[149907.63544529,165725.31038357],[149904.95213524,165728.50315567],[149890.51835162,165746.05319013],[149887.85599357,165749.32442354]]]},"geometry_name":"GEOM","properties":{"INSPIRE_ID":"https://databrussels.be/id/building/1714177","BLOCK_ID":"https://databrussels.be/id/block/28180","AREA":506},"bbox":[149875.0118251,165713.65296598,149907.63544529,165749.32442354]},{"type":"Feature","id":"Buildings.fid--291372a6_1a02d75ff2a_dac","geometry":{"type":"Polygon","coordinates":[[[149836.65844838,165757.86585237],[149838.69163089,165751.86682192],[149840.96736179,165752.60581625],[149843.90452035,165743.12847302],[149856.11081087,165747.06639222],[149855.67385416,165748.38825136],[149869.39692584,165752.82100574],[149870.03477998,165750.81211004],[149872.69265124,165751.67913038],[149874.26587541,165752.19232957],[149874.06629046,165752.76733386],[149871.50046853,165760.85604432],[149873.06881706,165761.3501931],[149872.23194929,165764.14081368],[149870.8911195,165763.7493935],[149869.30701222,165769.21561544],[149865.05941515,165767.61248236],[149840.71875084,165759.30462209],[149836.65844838,165757.86585237]]]},"geometry_name":"GEOM","properties":{"INSPIRE_ID":"https://databrussels.be/id/building/1714179","BLOCK_ID":"https://databrussels.be/id/block/28180","AREA":531},"bbox":[149836.65844838,165743.12847302,149874.26587541,165769.21561544]},{"type":"Feature","id":"Buildings.fid--291372a6_1a02d75ff2a_dd5","geometry":{"type":"Polygon","coordinates":[[[149553.71,165982.06],[149554.09,165982.96],[149556.57,165981.91],[149557.047,165983.028],[149560.697,165981.484],[149563.754,165988.725],[149551.979,165993.691],[149549.95,165989.07],[149551.31,165988.48],[149550.32,165986.23],[149550.16,165985.61],[149550,165984.99],[149550.02,165984.4],[149550.13,165984.07],[149550.3,165983.75],[149550.52,165983.48],[149550.86,165983.25],[149551.26,165983.09],[149551.66,165982.92],[149553.71,165982.06]]]},"geometry_name":"GEOM","properties":{"INSPIRE_ID":"https://databrussels.be/id/building/1714188","BLOCK_ID":"https://databrussels.be/id/block/28161","AREA":109},"bbox":[149549.95,165981.484,149563.754,165993.691]},{"type":"Feature","id":"Buildings.fid--291372a6_1a02d75ff2a_db3","geometry":{"type":"Polygon","coordinates":[[[149571.21,165774.181],[149571.48,165769.611],[149572.8,165769.681],[149572.98,165766.701],[149586.95000004,165767.31999954],[149586.37000024,165774.83999986],[149576.90310578,165774.31757879],[149571.21,165774.181]]]},"geometry_name":"GEOM","properties":{"INSPIRE_ID":"https://databrussels.be/id/building/1714189","BLOCK_ID":"https://databrussels.be/id/block/28180","AREA":110},"bbox":[149571.21,165766.701,149586.95000004,165774.83999986]},{"type":"Feature","id":"Buildings.fid--291372a6_1a02d75ff2a_d6c","geometry":{"type":"Polygon","coordinates":[[[149839.606,165533.326],[149845.05060717,165535.85900747],[149846.80481911,165531.84875222],[149849.97203393,165533.2500535],[149850.14019368,165533.1825167],[149850.59979784,165533.05790863],[149851.1802728,165533.12241614],[149852.12362827,165533.58236847],[149852.77645064,165534.06747615],[149853.21139994,165534.64965278],[149853.70439324,165534.96937715],[149853.99523327,165534.39182853],[149860.77200045,165537.399],[149856.729,165546.649],[149851.251,165544.366],[149850.094,165547.141],[149842.511,165543.978],[149841.419,165546.031],[149835.151,165543.2],[149839.606,165533.326]]]},"geometry_name":"GEOM","properties":{"INSPIRE_ID":"https://databrussels.be/id/building/1715313","BLOCK_ID":"https://databrussels.be/id/block/25932","AREA":246},"bbox":[149835.151,165531.84875222,149860.77200045,165547.141]},{"type":"Feature","id":"Buildings.fid--291372a6_1a02d75ff2a_d94","geometry":{"type":"Polygon","coordinates":[[[149647.9653,165837.8405],[149648.783,165830.4903],[149651.9437,165830.8419],[149652.352,165827.1721],[149653.1385,165827.2596],[149653.6321,165822.8218],[149648.1319,165822.21],[149648.8143,165816.0756],[149662.2285,165817.5678],[149661.8355,165821.1005],[149661.2012,165826.8024],[149665.1745,165827.2444],[149665.5374,165823.9814],[149672.3671,165824.7411],[149673.2575,165824.8402],[149672.8262,165828.7174],[149672.1468,165834.8251],[149663.7092,165833.8865],[149663.587,165834.9854],[149657.7956,165834.3411],[149657.2909,165838.8779],[149647.9653,165837.8405]]]},"geometry_name":"GEOM","properties":{"INSPIRE_ID":"https://databrussels.be/id/building/1715317","BLOCK_ID":"https://databrussels.be/id/block/28180","AREA":336},"bbox":[149647.9653,165816.0756,149673.2575,165838.8779]},{"type":"Feature","id":"Buildings.fid--291372a6_1a02d75ff2a_d59","geometry":{"type":"Polygon","coordinates":[[[149734.29,165855],[149740.43,165852.96],[149741.04,165854.8],[149753.35,165850.72],[149755.03,165847.32],[149761.97,165850.76],[149758.3538582,165858.24615365],[149744.21763559,165863.09810017],[149745.1544851,165866.74748584],[149738.98537634,165868.78065634],[149734.29,165855]]]},"geometry_name":"GEOM","properties":{"INSPIRE_ID":"https://databrussels.be/id/building/1715318","BLOCK_ID":"https://databrussels.be/id/block/28180","AREA":266},"bbox":[149734.29,165847.32,149761.97,165868.78065634]},{"type":"Feature","id":"Buildings.fid--291372a6_1a02d75ff2a_d8d","geometry":{"type":"Polygon","coordinates":[[[149626.76,165859.9],[149636.83,165861.81],[149637.21,165859.8],[149645.45,165861.36],[149643.25694155,165873.97555181],[149635.23815954,165872.63244215],[149635.30189614,165872.22192158],[149632.2739751,165871.72701904],[149630.78484009,165879.67732356],[149623.56464995,165878.30290426],[149626.76,165859.9]]]},"geometry_name":"GEOM","properties":{"INSPIRE_ID":"https://databrussels.be/id/building/1715320","BLOCK_ID":"https://databrussels.be/id/block/28180","AREA":277},"bbox":[149623.56464995,165859.8,149645.45,165879.67732356]},{"type":"Feature","id":"Buildings.fid--291372a6_1a02d75ff2a_db8","geometry":{"type":"Polygon","coordinates":[[[149775.42349054,165795.45977327],[149771.45235184,165794.19279364],[149772.7149948,165790.24409836],[149776.68869172,165791.51707146],[149775.42349054,165795.45977327]]]},"geometry_name":"GEOM","properties":{"INSPIRE_ID":"https://databrussels.be/id/building/1715323","BLOCK_ID":"https://databrussels.be/id/block/28180","AREA":17},"bbox":[149771.45235184,165790.24409836,149776.68869172,165795.45977327]},{"type":"Feature","id":"Buildings.fid--291372a6_1a02d75ff2a_d2d","geometry":{"type":"Polygon","coordinates":[[[149913.1,165794.318],[149912.22,165785.017],[149915.38,165784.68],[149915.3,165783.98],[149922.37,165783.22],[149922.45,165783.94],[149924.05,165783.838],[149924.301,165786.382],[149924.54,165788.8],[149923.6,165789.87],[149922.505,165790.034],[149922.972,165794.069],[149916.735,165794.806],[149916.617,165793.988],[149913.1,165794.318]]]},"geometry_name":"GEOM","properties":{"INSPIRE_ID":"https://databrussels.be/id/building/1715350","BLOCK_ID":"https://databrussels.be/id/block/28180","AREA":114},"bbox":[149912.22,165783.22,149924.54,165794.806]},{"type":"Feature","id":"Buildings.fid--291372a6_1a02d75ff2a_dcf","geometry":{"type":"Polygon","coordinates":[[[149570.628,165782.926],[149576.28550709,165783.27379822],[149576.88888941,165783.30650096],[149576.85014411,165784.38079589],[149581.04838908,165784.56765412],[149581.10916255,165783.53523574],[149585.92173794,165783.79607273],[149586.37000024,165774.83999986],[149576.90310578,165774.31757879],[149571.21,165774.181],[149568.71310229,165773.9150762],[149568.605,165775.782],[149565.19,165777.006],[149564.754,165783.833],[149570.49686127,165784.18831224],[149570.628,165782.926]]]},"geometry_name":"GEOM","properties":{"INSPIRE_ID":"https://databrussels.be/id/building/1716464","BLOCK_ID":"https://databrussels.be/id/block/28180","AREA":191},"bbox":[149564.754,165773.9150762,149586.37000024,165784.56765412]},{"type":"Feature","id":"Buildings.fid--291372a6_1a02d75ff2a_d77","geometry":{"type":"Polygon","coordinates":[[[149596.511,165616.647],[149599.08934834,165611.25817124],[149600.48994951,165608.02118738],[149601.43341769,165608.4308198],[149602.81302793,165605.26536707],[149610.72800001,165609.095],[149609.49,165611.77],[149611.44,165612.67],[149607.213,165621.766],[149598.299,165617.499],[149596.511,165616.647]]]},"geometry_name":"GEOM","properties":{"INSPIRE_ID":"https://databrussels.be/id/building/1716465","BLOCK_ID":"https://databrussels.be/id/block/28180","AREA":144},"bbox":[149596.511,165605.26536707,149611.44,165621.766]},{"type":"Feature","id":"Buildings.fid--291372a6_1a02d75ff2a_da4","geometry":{"type":"Polygon","coordinates":[[[149582.06712727,165714.25997346],[149593.529,165715.683],[149594.14,165709.547],[149587.689,165708.745],[149588.209,165704.595],[149583.053,165703.946],[149582.06712727,165714.25997346]]]},"geometry_name":"GEOM","properties":{"INSPIRE_ID":"https://databrussels.be/id/building/1716466","BLOCK_ID":"https://databrussels.be/id/block/28180","AREA":93},"bbox":[149582.06712727,165703.946,149594.14,165715.683]},{"type":"Feature","id":"Buildings.fid--291372a6_1a02d75ff2a_d6e","geometry":{"type":"Polygon","coordinates":[[[149777.247,165554.954],[149788.775,165561.147],[149779.021,165579.281],[149772.17,165575.74],[149772.4,165575.31],[149772.58,165574.97],[149769.31,165573.38],[149768.83,165573.06],[149768.35,165572.74],[149767.92,165572.38],[149767.49,165571.85],[149767.14,165571.25],[149766.89,165570.62],[149766.74,165569.73],[149766.78,165568.79],[149766.97,165567.88],[149767.17,165567.31],[149767.43,165566.76],[149767.77,165566.26],[149768.21,165565.82],[149768.72,165565.45],[149769.26,165565.15],[149769.78,165564.96],[149770.32,165564.84],[149772.165,165564.396],[149777.247,165554.954]]]},"geometry_name":"GEOM","properties":{"INSPIRE_ID":"https://databrussels.be/id/building/1717598","BLOCK_ID":"https://databrussels.be/id/block/28180","AREA":286},"bbox":[149766.74,165554.954,149788.775,165579.281]},{"type":"Feature","id":"Buildings.fid--291372a6_1a02d75ff2a_db5","geometry":{"type":"Polygon","coordinates":[[[149731.14424009,165788.03921308],[149726.36743537,165787.67970987],[149726.70046612,165782.8820367],[149731.52892647,165783.23551665],[149731.14424009,165788.03921308]]]},"geometry_name":"GEOM","properties":{"INSPIRE_ID":"https://databrussels.be/id/building/1718726","BLOCK_ID":"https://databrussels.be/id/block/28180","AREA":23},"bbox":[149726.36743537,165782.8820367,149731.52892647,165788.03921308]},{"type":"Feature","id":"Buildings.fid--291372a6_1a02d75ff2a_da0","geometry":{"type":"Polygon","coordinates":[[[149618.95,165687.55],[149620.07527848,165687.93902212],[149621.42438911,165683.62723816],[149624.21,165684.44],[149624.83,165684.61],[149622.8,165690.84],[149618.38,165689.18],[149618.95,165687.55]]]},"geometry_name":"GEOM","properties":{"INSPIRE_ID":"https://databrussels.be/id/building/1718727","BLOCK_ID":"https://databrussels.be/id/block/28180","AREA":25},"bbox":[149618.38,165683.62723816,149624.83,165690.84]},{"type":"Feature","id":"Buildings.fid--291372a6_1a02d75ff2a_d74","geometry":{"type":"Polygon","coordinates":[[[149601.2644,165594.8431],[149607.5908,165581.8305],[149627.4784,165591.4994],[149620.2876,165606.29],[149613.8549,165603.1625],[149615.4409,165599.9002],[149612.0622,165598.2576],[149611.3405,165599.7419],[149601.2644,165594.8431]]]},"geometry_name":"GEOM","properties":{"INSPIRE_ID":"https://databrussels.be/id/building/1718808","BLOCK_ID":"https://databrussels.be/id/block/28180","AREA":328},"bbox":[149601.2644,165581.8305,149627.4784,165606.29]},{"type":"Feature","id":"Buildings.fid--291372a6_1a02d75ff2a_d33","geometry":{"type":"Polygon","coordinates":[[[149914.397,165524.565],[149917.18,165518.752],[149917.94,165519.09],[149918.31,165518.27],[149921.44,165519.67],[149921.47,165519.6],[149922.16,165519.21],[149923.59,165519.85],[149924.34,165518.17],[149923.72,165517.89],[149924.55,165516.04],[149924.04,165515.81],[149928.22,165506.48],[149933.93,165509.04],[149931.60340986,165514.25693159],[149929.1559488,165519.61297263],[149928.04850431,165521.98367823],[149926.78122223,165524.81745098],[149922.213,165534.795],[149917.867,165532.725],[149918.676,165531.031],[149914.356,165528.971],[149916.077,165525.365],[149914.397,165524.565]]]},"geometry_name":"GEOM","properties":{"INSPIRE_ID":"https://databrussels.be/id/building/1718868","BLOCK_ID":"https://databrussels.be/id/block/28355","AREA":220},"bbox":[149914.356,165506.48,149933.93,165534.795]},{"type":"Feature","id":"Buildings.fid--291372a6_1a02d75ff2a_d52","geometry":{"type":"Polygon","coordinates":[[[149705.28227214,165900.40996306],[149705.31250624,165900.1890361],[149705.55316805,165899.39374206],[149706.48990889,165895.95950057],[149709.60658698,165884.23966452],[149710.4,165881.02],[149719.91,165883.74],[149720.14,165882.94],[149727.62,165885.07],[149725.48907939,165892.96300352],[149718.38900834,165890.96117468],[149718.61692953,165890.13975624],[149714.58478853,165889.02980481],[149712.81006518,165895.48795453],[149714.88451815,165896.05841022],[149713.05879096,165902.68171973],[149705.28227214,165900.40996306]]]},"geometry_name":"GEOM","properties":{"INSPIRE_ID":"https://databrussels.be/id/building/1718871","BLOCK_ID":"https://databrussels.be/id/block/28180","AREA":223},"bbox":[149705.28227214,165881.02,149727.62,165902.68171973]},{"type":"Feature","id":"Buildings.fid--291372a6_1a02d75ff2a_dda","geometry":{"type":"Polygon","coordinates":[[[149578.98962525,165564.51473606],[149563.02198579,165555.97612739],[149566.50413835,165549.33451137],[149569.04335729,165544.77013045],[149573.68954032,165547.51007104],[149578.00217544,165549.65415471],[149581.05751473,165551.27391586],[149584.74061807,165553.193947],[149578.98962525,165564.51473606]]]},"geometry_name":"GEOM","properties":{"INSPIRE_ID":"https://databrussels.be/id/building/1719885","BLOCK_ID":"https://databrussels.be/id/block/25923","AREA":227},"bbox":[149563.02198579,165544.77013045,149584.74061807,165564.51473606]},{"type":"Feature","id":"Buildings.fid--291372a6_1a02d75ff2a_da9","geometry":{"type":"Polygon","coordinates":[[[149828.00702954,165744.5488088],[149826.26412682,165743.086589],[149827.79568171,165741.24507759],[149829.47821351,165742.83031309],[149828.00702954,165744.5488088]]]},"geometry_name":"GEOM","properties":{"INSPIRE_ID":"https://databrussels.be/id/building/1719886","BLOCK_ID":"https://databrussels.be/id/block/28180","AREA":5},"bbox":[149826.26412682,165741.24507759,149829.47821351,165744.5488088]},{"type":"Feature","id":"Buildings.fid--291372a6_1a02d75ff2a_d7b","geometry":{"type":"Polygon","coordinates":[[[149709.24687133,165646.74159914],[149711.25,165641.69],[149712.24,165642.13],[149714.81,165636.41],[149713.9,165636],[149716.13,165631.04],[149726,165635.47],[149721.17,165646.2],[149722.24,165646.67],[149720.12882552,165651.62029776],[149709.24687133,165646.74159914]]]},"geometry_name":"GEOM","properties":{"INSPIRE_ID":"https://databrussels.be/id/building/1719975","BLOCK_ID":"https://databrussels.be/id/block/28180","AREA":185},"bbox":[149709.24687133,165631.04,149726,165651.62029776]},{"type":"Feature","id":"Buildings.fid--291372a6_1a02d75ff2a_d73","geometry":{"type":"Polygon","coordinates":[[[149817.734,165581.376],[149819.056,165582.255],[149818.846,165582.574],[149821.873,165584.599],[149823.44,165582.26],[149830.09,165586.69],[149819.036,165603.283],[149817.35,165602.17],[149817.11,165602.11],[149816.86,165602.04],[149816.61,165601.97],[149816.43,165601.92],[149816.24,165601.87],[149816.07,165601.81],[149815.78,165601.67],[149815.52,165601.5],[149815.27,165601.31],[149815.05,165601.13],[149814.84,165600.93],[149814.65,165600.71],[149814.51,165600.52],[149814.39,165600.32],[149814.26,165600.13],[149811.61,165598.37],[149812.48,165597.06],[149808.911,165594.694],[149817.734,165581.376]]]},"geometry_name":"GEOM","properties":{"INSPIRE_ID":"https://databrussels.be/id/building/1720985","BLOCK_ID":"https://databrussels.be/id/block/28180","AREA":244},"bbox":[149808.911,165581.376,149830.09,165603.283]},{"type":"Feature","id":"Buildings.fid--291372a6_1a02d75ff2a_daa","geometry":{"type":"Polygon","coordinates":[[[149814.29181994,165743.61979641],[149816.15714513,165741.47922867],[149818.23378241,165743.48608437],[149816.37515967,165745.51851579],[149814.29181994,165743.61979641]]]},"geometry_name":"GEOM","properties":{"INSPIRE_ID":"https://databrussels.be/id/building/1720986","BLOCK_ID":"https://databrussels.be/id/block/28180","AREA":8},"bbox":[149814.29181994,165741.47922867,149818.23378241,165745.51851579]},{"type":"Feature","id":"Buildings.fid--291372a6_1a02d75ff2a_dd0","geometry":{"type":"Polygon","coordinates":[[[149569.6291222,165742.34478316],[149565.43875166,165741.8339414],[149565.76176971,165739.43558878],[149569.92708976,165739.97390941],[149569.6291222,165742.34478316]]]},"geometry_name":"GEOM","properties":{"INSPIRE_ID":"https://databrussels.be/id/building/1720988","BLOCK_ID":"https://databrussels.be/id/block/28180","AREA":10},"bbox":[149565.43875166,165739.43558878,149569.92708976,165742.34478316]},{"type":"Feature","id":"Buildings.fid--291372a6_1a02d75ff2a_d2b","geometry":{"type":"Polygon","coordinates":[[[149904.23003844,165788.87790692],[149903.94664915,165786.59955764],[149909.33322715,165786.00428053],[149909.42985836,165788.31526632],[149904.23003844,165788.87790692]]]},"geometry_name":"GEOM","properties":{"INSPIRE_ID":"https://databrussels.be/id/building/1720990","BLOCK_ID":"https://databrussels.be/id/block/28180","AREA":12},"bbox":[149903.94664915,165786.00428053,149909.42985836,165788.87790692]},{"type":"Feature","id":"Buildings.fid--291372a6_1a02d75ff2a_db4","geometry":{"type":"Polygon","coordinates":[[[149753.45668967,165776.25625387],[149749.84760414,165775.91644731],[149750.13489934,165772.30290445],[149753.78553009,165772.6066631],[149753.45668967,165776.25625387]]]},"geometry_name":"GEOM","properties":{"INSPIRE_ID":"https://databrussels.be/id/building/1720992","BLOCK_ID":"https://databrussels.be/id/block/28180","AREA":13},"bbox":[149749.84760414,165772.30290445,149753.78553009,165776.25625387]},{"type":"Feature","id":"Buildings.fid--291372a6_1a02d75ff2a_dc2","geometry":{"type":"Polygon","coordinates":[[[149533.88,165947.67],[149534.018,165936.65],[149534.132,165936.65],[149545.523,165937.926],[149545.623,165936.976],[149552.039,165937.679],[149553.134,165937.868],[149554.233,165938.066],[149555.239,165938.398],[149556.256,165938.975],[149557.195,165939.708],[149557.921,165940.58],[149558.277,165941.388],[149558.504,165942.316],[149558.743,165943.26],[149559.82,165950.259],[149542.174,165953.507],[149536.95,165952.83],[149537.08,165951.84],[149533.79,165951.42],[149533.88,165947.67]]]},"geometry_name":"GEOM","properties":{"INSPIRE_ID":"https://databrussels.be/id/building/1722086","BLOCK_ID":"https://databrussels.be/id/block/28161","AREA":362},"bbox":[149533.79,165936.65,149559.82,165953.507]},{"type":"Feature","id":"Buildings.fid--291372a6_1a02d75ff2a_d9c","geometry":{"type":"Polygon","coordinates":[[[149611.795,165685.119],[149616.184,165672.203],[149624.63,165675.14],[149624.3,165676.08],[149626.52,165676.85],[149624.21,165684.44],[149621.42438911,165683.62723816],[149620.07527848,165687.93902212],[149618.95,165687.55],[149611.795,165685.119]]]},"geometry_name":"GEOM","properties":{"INSPIRE_ID":"https://databrussels.be/id/building/1725523","BLOCK_ID":"https://databrussels.be/id/block/28180","AREA":140},"bbox":[149611.795,165672.203,149626.52,165687.93902212]},{"type":"Feature","id":"Buildings.fid--291372a6_1a02d75ff2a_d79","geometry":{"type":"Polygon","coordinates":[[[149839.45,165613.05],[149852.97,165630.217],[149851.42,165631.38],[149853.12,165633.65],[149846.506,165638.623],[149845.17,165636.9],[149841.06,165640.1],[149836.26,165633.93],[149835.92,165633.88],[149835.58,165633.83],[149835.24,165633.76],[149834.7,165633.58],[149834.17,165633.34],[149833.7,165633.04],[149833.22,165632.61],[149832.8,165632.1],[149832.47,165631.54],[149832.28,165631.06],[149832.15,165630.54],[149832.08,165630.02],[149832.08,165629.57],[149832.12,165629.12],[149832.17,165628.66],[149827.4,165622.54],[149839.45,165613.05]]]},"geometry_name":"GEOM","properties":{"INSPIRE_ID":"https://databrussels.be/id/building/1725526","BLOCK_ID":"https://databrussels.be/id/block/28180","AREA":368},"bbox":[149827.4,165613.05,149853.12,165640.1]},{"type":"Feature","id":"Buildings.fid--291372a6_1a02d75ff2a_d5a","geometry":{"type":"Polygon","coordinates":[[[149757,165997.03],[149758.337,165992.036],[149760.25,165992.527],[149770.992,165995.33],[149769.732,166000],[149768.266,166005.423],[149757.48,166002.58],[149758.16,166000],[149758.76,165997.7],[149758.82,165997.5],[149757.2,165997.08],[149757,165997.03]]]},"geometry_name":"GEOM","properties":{"INSPIRE_ID":"https://databrussels.be/id/building/1725542","BLOCK_ID":"https://databrussels.be/id/block/24114","AREA":126},"bbox":[149757,165992.036,149770.992,166005.423]},{"type":"Feature","id":"Buildings.fid--291372a6_1a02d75ff2a_d2f","geometry":{"type":"Polygon","coordinates":[[[149946.174,165803.328],[149944.511,165783.059],[149966.986,165781.279],[149967.875,165792.518],[149966.646,165792.567],[149968.121,165807.351],[149969.197,165807.213],[149969.77,165814.416],[149962.82,165814.969],[149962.614,165812.38],[149951.249,165813.284],[149951.519,165816.573],[149943.32,165817.246],[149942.204,165803.654],[149946.174,165803.328]]]},"geometry_name":"GEOM","properties":{"INSPIRE_ID":"https://databrussels.be/id/building/1725548","BLOCK_ID":"https://databrussels.be/id/block/28180","AREA":761},"bbox":[149942.204,165781.279,149969.77,165817.246]},{"type":"Feature","id":"Buildings.fid--291372a6_1a02d75ff2a_db1","geometry":{"type":"Polygon","coordinates":[[[149742.152,165771.697],[149741.503,165778.764],[149738.6953,165778.5211],[149731.9515,165777.9378],[149732.065,165776.319],[149729.5954,165776.1778],[149729.3494,165776.4852],[149729.0652,165776.7575],[149728.7476,165776.9901],[149728.4022,165777.179],[149728.0349,165777.3208],[149727.6523,165777.4131],[149727.2608,165777.4543],[149726.8672,165777.4437],[149726.4785,165777.3815],[149726.1014,165777.2687],[149725.7423,165777.1073],[149725.4076,165776.9001],[149725.103,165776.6507],[149724.8338,165776.3635],[149724.6047,165776.0433],[149724.4197,165775.6958],[149721.772,165775.5],[149721.6468,165777.0468],[149715.0026,165776.4716],[149711.99,165776.211],[149712.641,165768.883],[149715.684,165769.209],[149715.4337,165768.9125],[149715.2269,165768.5843],[149715.0676,165768.2305],[149714.9587,165767.8582],[149714.9025,165767.4743],[149714.8999,165767.0863],[149714.9511,165766.7017],[149715.055,165766.328],[149715.2097,165765.9722],[149715.4121,165765.6412],[149715.6585,165765.3415],[149715.9439,165765.0787],[149716.263,165764.858],[149716.846,165757.665],[149721.98,165758.156],[149724.39,165758.386],[149732.75,165759.186],[149735.28,165759.428],[149738.09,165759.697],[149740.311,165759.91],[149739.8547,165765.1665],[149739.307,165771.4749],[149742.152,165771.697]]]},"geometry_name":"GEOM","properties":{"INSPIRE_ID":"https://databrussels.be/id/building/1725792","BLOCK_ID":"https://databrussels.be/id/block/28180","AREA":479},"bbox":[149711.99,165757.665,149742.152,165778.764]},{"type":"Feature","id":"Buildings.fid--291372a6_1a02d75ff2a_db7","geometry":{"type":"Polygon","coordinates":[[[149738.81288033,165806.64614377],[149735.74284374,165806.34616144],[149736.33021636,165799.19866266],[149739.15044604,165799.28921312],[149738.90596527,165798.97639804],[149738.55935538,165798.28577056],[149738.50078473,165797.80670424],[149738.50273551,165797.17831995],[149738.80363111,165796.21635298],[149739.3946731,165795.5313501],[149739.73255287,165795.2572778],[149740.33928516,165787.8887698],[149763.86473231,165790.30909527],[149763.33940531,165795.35557342],[149762.72425757,165801.9063826],[149765.81852754,165802.23661015],[149765.0915184,165809.29723261],[149762.16193177,165809.11691614],[149755.43043313,165808.40704517],[149755.45809214,165808.14251392],[149755.61134875,165806.8874023],[149752.7508756,165806.75196971],[149751.99206433,165807.40461848],[149751.00968444,165807.69414788],[149749.98579321,165807.66068097],[149749.00022035,165807.19560136],[149748.48062579,165806.56367384],[149748.35345852,165806.08899844],[149745.55529296,165805.88233342],[149745.40228625,165807.15491783],[149738.81288033,165806.64614377]]]},"geometry_name":"GEOM","properties":{"INSPIRE_ID":"https://databrussels.be/id/building/1725793","BLOCK_ID":"https://databrussels.be/id/block/28180","AREA":479},"bbox":[149735.74284374,165787.8887698,149765.81852754,165809.29723261]},{"type":"Feature","id":"Buildings.fid--291372a6_1a02d75ff2a_d67","geometry":{"type":"Polygon","coordinates":[[[149739.89,165517.76],[149741.27287834,165514.5239291],[149744.49984948,165515.74850793],[149745.30473356,165513.8536408],[149747.27711456,165514.7456743],[149750.29045491,165506.88201634],[149750.87994255,165507.0990557],[149751.25,165505.96],[149763.418,165510.827],[149762.928,165512.038],[149763.279,165512.178],[149761.979,165515.398],[149763.279,165515.918],[149761.301,165520.843],[149760.312,165520.453],[149759.058,165523.56],[149760.147,165523.99],[149757.967,165529.381],[149756.67,165528.85],[149756.42,165529.47],[149751.49,165527.48],[149751.55,165527.34],[149748.59,165526.14],[149747.43,165529.01],[149740.39,165526.16],[149739.64,165524.52],[149741.47,165520],[149740.97,165518.19],[149739.89,165517.76]]]},"geometry_name":"GEOM","properties":{"INSPIRE_ID":"https://databrussels.be/id/building/1725810","BLOCK_ID":"https://databrussels.be/id/block/28180","AREA":359},"bbox":[149739.64,165505.96,149763.418,165529.47]},{"type":"Feature","id":"Buildings.fid--291372a6_1a02d75ff2a_d47","geometry":{"type":"Polygon","coordinates":[[[149932.552,165661.036],[149947.24,165671.37],[149933.88,165690.35],[149933.87,165690.36],[149932.46,165689.37],[149919.32,165708.03],[149903.07,165696.57],[149905.86,165692.61],[149904.43,165691.6],[149907.98,165686.59],[149911.73,165689.23],[149914.84,165684.82],[149916.21,165685.79],[149927.06,165670.42],[149926.313,165669.895],[149932.552,165661.036]]]},"geometry_name":"GEOM","properties":{"INSPIRE_ID":"https://databrussels.be/id/building/1726644","BLOCK_ID":"https://databrussels.be/id/block/28180","AREA":826},"bbox":[149903.07,165661.036,149947.24,165708.03]},{"type":"Feature","id":"Buildings.fid--291372a6_1a02d75ff2a_d84","geometry":{"type":"Polygon","coordinates":[[[149688.42015047,165670.15954852],[149691.54000005,165660.79999977],[149692.24,165658.76],[149696.16,165660.1],[149695.46,165662.16],[149700.61,165663.95],[149697.52383687,165673.24312278],[149688.42015047,165670.15954852]]]},"geometry_name":"GEOM","properties":{"INSPIRE_ID":"https://databrussels.be/id/building/1726650","BLOCK_ID":"https://databrussels.be/id/block/28180","AREA":103},"bbox":[149688.42015047,165658.76,149700.61,165673.24312278]},{"type":"Feature","id":"Buildings.fid--291372a6_1a02d75ff2a_d9e","geometry":{"type":"Polygon","coordinates":[[[149834.85710068,165682.69829654],[149838.78429404,165682.76892237],[149838.77374161,165683.42709645],[149841.8626458,165683.52961882],[149841.72407943,165688.07886708],[149848.53288719,165688.37433112],[149848.13944608,165701.79713127],[149845.10910913,165701.83100128],[149841.57437019,165708.00024381],[149842.64152395,165713.10832981],[149838.49829385,165719.37847277],[149828.06018301,165712.50717835],[149830.29681594,165708.87678311],[149827.85637769,165707.34830266],[149834.19940552,165697.18876659],[149834.85710068,165682.69829654]]]},"geometry_name":"GEOM","properties":{"INSPIRE_ID":"https://databrussels.be/id/building/1726660","BLOCK_ID":"https://databrussels.be/id/block/28180","AREA":428},"bbox":[149827.85637769,165682.69829654,149848.53288719,165719.37847277]},{"type":"Feature","id":"Buildings.fid--291372a6_1a02d75ff2a_d44","geometry":{"type":"Polygon","coordinates":[[[149966.454,165657.284],[149970.822,165646.674],[149974.892,165648.446],[149970.477,165659.067],[149966.454,165657.284]]]},"geometry_name":"GEOM","properties":{"INSPIRE_ID":"https://databrussels.be/id/building/1727835","BLOCK_ID":"https://databrussels.be/id/block/25932","AREA":51},"bbox":[149966.454,165646.674,149974.892,165659.067]},{"type":"Feature","id":"Buildings.fid--291372a6_1a02d75ff2a_dad","geometry":{"type":"Polygon","coordinates":[[[149570.6661819,165750.5437879],[149564.78,165750],[149564.12,165756.36],[149571.54,165756.888],[149583.188,165757.952],[149583.21,165757.72],[149587.91,165758.15],[149588.87,165747.55],[149588.07,165747.48],[149588.15,165746.5],[149579.42,165745.72],[149579.482,165745.078],[149574.155,165744.587],[149569.476,165748.539],[149570.717,165749.996],[149570.6661819,165750.5437879]]]},"geometry_name":"GEOM","properties":{"INSPIRE_ID":"https://databrussels.be/id/building/1727976","BLOCK_ID":"https://databrussels.be/id/block/28180","AREA":250},"bbox":[149564.12,165744.587,149588.87,165758.15]},{"type":"Feature","id":"Buildings.fid--291372a6_1a02d75ff2a_daf","geometry":{"type":"Polygon","coordinates":[[[149623.7042,165775.439],[149623.7834,165773.6111],[149618.6372,165773.3883],[149618.883,165767.7097],[149622.2904,165767.8572],[149622.5412,165762.0632],[149624.2325,165762.1364],[149624.7273,165750.7064],[149630.1906,165750.9429],[149629.2732,165772.1336],[149628.9731,165772.1206],[149628.8198,165775.6604],[149623.7042,165775.439]]]},"geometry_name":"GEOM","properties":{"INSPIRE_ID":"https://databrussels.be/id/building/1728966","BLOCK_ID":"https://databrussels.be/id/block/28180","AREA":173},"bbox":[149618.6372,165750.7064,149630.1906,165775.6604]},{"type":"Feature","id":"Buildings.fid--291372a6_1a02d75ff2a_d37","geometry":{"type":"Polygon","coordinates":[[[149970.446,165555.549],[149974.312,165546.907],[149974.34,165546.92],[149974.93,165545.62],[149974.65,165544.69],[149975.22,165543.42],[149976.71,165542.96],[149978.387,165543.719],[149978.5,165543.77],[149978.77,165544.64],[149981.8,165546.01],[149980.094,165549.679],[149975.801,165559.374],[149973.348,165558.274],[149973.879,165557.088],[149970.446,165555.549]]]},"geometry_name":"GEOM","properties":{"INSPIRE_ID":"https://databrussels.be/id/building/1729046","BLOCK_ID":"https://databrussels.be/id/block/28355","AREA":92},"bbox":[149970.446,165542.96,149981.8,165559.374]},{"type":"Feature","id":"Buildings.fid--291372a6_1a02d75ff2a_d50","geometry":{"type":"Polygon","coordinates":[[[149694.81,165990.94],[149709.78,165995.04],[149709.82,165994.87],[149710.42,165995.03],[149710.77,165995.13],[149711.27,165993.296],[149711.91,165990.95],[149712.03,165990.51],[149712.16,165990.06],[149714.81999999,165980.35000032],[149698.4699995,165975.90000019],[149695.82,165985.63],[149696.23,165985.75],[149694.81,165990.94]]]},"geometry_name":"GEOM","properties":{"INSPIRE_ID":"https://databrussels.be/id/building/1729131","BLOCK_ID":"https://databrussels.be/id/block/24114","AREA":260},"bbox":[149694.81,165975.90000019,149714.81999999,165995.13]},{"type":"Feature","id":"Buildings.fid--291372a6_1a02d75ff2a_ddb","geometry":{"type":"Polygon","coordinates":[[[149571.21828612,165580.94146894],[149573.865,165575.419],[149571.544,165574.193],[149570.912,165572.276],[149572.126,165569.748],[149561.9,165564.855],[149557.37306021,165574.17132012],[149571.21828612,165580.94146894]]]},"geometry_name":"GEOM","properties":{"INSPIRE_ID":"https://databrussels.be/id/building/1729227","BLOCK_ID":"https://databrussels.be/id/block/25923","AREA":144},"bbox":[149557.37306021,165564.855,149573.865,165580.94146894]},{"type":"Feature","id":"Buildings.fid--291372a6_1a02d75ff2a_d51","geometry":{"type":"Polygon","coordinates":[[[149698.17524213,165898.33378436],[149699.95,165891.7],[149702.46,165892.42],[149706.05,165879.93],[149708.9,165880.75],[149709.79,165877.67],[149711.24,165878.09],[149710.4,165881.02],[149709.60658698,165884.23966452],[149706.48990889,165895.95950057],[149705.55316805,165899.39374206],[149705.31250624,165900.1890361],[149705.28227214,165900.40996306],[149698.17524213,165898.33378436]]]},"geometry_name":"GEOM","properties":{"INSPIRE_ID":"https://databrussels.be/id/building/1729232","BLOCK_ID":"https://databrussels.be/id/block/28180","AREA":117},"bbox":[149698.17524213,165877.67,149711.24,165900.40996306]},{"type":"Feature","id":"Buildings.fid--291372a6_1a02d75ff2a_dd2","geometry":{"type":"Polygon","coordinates":[[[149567.642,165712.465],[149570.666,165712.764],[149570.59,165713.41],[149577.6,165714.36],[149577.675,165713.714],[149582.06712727,165714.25997346],[149583.053,165703.946],[149583.19493453,165702.45998118],[149576.305,165701.6],[149576.115,165703.135],[149569.196,165702.273],[149567.924,165702.115],[149566.968,165709.778],[149567.972,165709.875],[149567.642,165712.465]]]},"geometry_name":"GEOM","properties":{"INSPIRE_ID":"https://databrussels.be/id/building/1729234","BLOCK_ID":"https://databrussels.be/id/block/28180","AREA":171},"bbox":[149566.968,165701.6,149583.19493453,165714.36]},{"type":"Feature","id":"Buildings.fid--291372a6_1a02d75ff2a_d31","geometry":{"type":"Polygon","coordinates":[[[149944.15482025,165499.26282195],[149947.35,165491.71],[149949.09,165492.5],[149948.94,165492.83],[149953.42,165494.85],[149953.54,165494.58],[149961.1,165497.99],[149955.29205837,165510.3367942],[149945.5265357,165506.36627347],[149947.80532433,165501.14339043],[149944.15482025,165499.26282195]]]},"geometry_name":"GEOM","properties":{"INSPIRE_ID":"https://databrussels.be/id/building/1729263","BLOCK_ID":"https://databrussels.be/id/block/28355","AREA":181},"bbox":[149944.15482025,165491.71,149961.1,165510.3367942]},{"type":"Feature","id":"Buildings.fid--291372a6_1a02d75ff2a_ddc","geometry":{"type":"Polygon","coordinates":[[[149551.631,165582.315],[149565.492,165588.966],[149567.821,165584.107],[149569.351,165584.837],[149571.21828612,165580.94146894],[149557.37306021,165574.17132012],[149556.3,165576.38],[149554.86,165575.68],[149551.631,165582.315]]]},"geometry_name":"GEOM","properties":{"INSPIRE_ID":"https://databrussels.be/id/building/1772927","BLOCK_ID":"https://databrussels.be/id/block/25923","AREA":153},"bbox":[149551.631,165574.17132012,149571.21828612,165588.966]},{"type":"Feature","id":"Buildings.fid--291372a6_1a02d75ff2a_d38","geometry":{"type":"Polygon","coordinates":[[[149974.8095124,165544.33459518],[149974.65,165544.69000001],[149974.92999999,165545.62000001],[149974.34000001,165546.92],[149974.31199999,165546.90699999],[149972.62726772,165550.67302597],[149969.51342821,165549.24678841],[149971.78,165544.15],[149972.20159922,165543.18967562],[149974.8095124,165544.33459518]]]},"geometry_name":"GEOM","properties":{"INSPIRE_ID":"https://databrussels.be/id/building/1774354","BLOCK_ID":"https://databrussels.be/id/block/28355","AREA":22},"bbox":[149969.51342821,165543.18967562,149974.92999999,165550.67302597]},{"type":"Feature","id":"Buildings.fid--291372a6_1a02d75ff2a_dbc","geometry":{"type":"Polygon","coordinates":[[[149528.1214,165863.1075],[149522.1587,165862.7861],[149521.9134,165862.7729],[149521.712,165862.762],[149521.77,165862.22],[149519.65,165862],[149519.664,165861.7119],[149515.9037,165861.5572],[149516.3814,165850.935],[149524.5941,165851.5084],[149524.6368,165850.6643],[149527.7724,165850.8326],[149530.48,165850.978],[149530.447,165851.6219],[149533.5885,165851.7807],[149533.5427,165852.6881],[149534.0273,165852.7141],[149535.857,165852.812],[149535.7212,165855.3787],[149535.6945,165855.8839],[149535.5398,165858.8082],[149535.5128,165859.3203],[149535.4408,165860.6812],[149535.292,165863.494],[149529.4448,165863.1788],[149528.1214,165863.1075]]]},"geometry_name":"GEOM","properties":{"INSPIRE_ID":"https://databrussels.be/id/building/1777655","BLOCK_ID":"https://databrussels.be/id/block/25923","AREA":222},"bbox":[149515.9037,165850.6643,149535.857,165863.494]},{"type":"Feature","id":"Buildings.fid--291372a6_1a02d75ff2a_d62","geometry":{"type":"Polygon","coordinates":[[[149860.0321,165836.70774245],[149860.5858,165836.82984245],[149858.2798,165847.28954245],[149847.5659,165844.92754244],[149848.741,165839.59734245],[149841.8405,165838.07604245],[149841.4575,165839.81584245],[149829.7038,165837.22444245],[149820.9425,165835.29284245],[149823.3494,165824.37544245],[149823.7892,165822.38064244],[149838.2418,165825.56704245],[149838.6834,165823.56434245],[149853.704,165826.87594245],[149860.0455,165828.27404245],[149858.2717,165836.31964245],[149860.0321,165836.70774245]]]},"geometry_name":"GEOM","properties":{"INSPIRE_ID":"https://databrussels.be/id/building/1784051","BLOCK_ID":"https://databrussels.be/id/block/28180","AREA":574},"bbox":[149820.9425,165822.38064244,149860.5858,165847.28954245]},{"type":"Feature","id":"Buildings.fid--291372a6_1a02d75ff2a_d81","geometry":{"type":"Polygon","coordinates":[[[149580.223,165649.671],[149580.957,165647.478],[149583.671,165648.386],[149582.936,165650.579],[149580.223,165649.671]]]},"geometry_name":"GEOM","properties":{"INSPIRE_ID":"https://databrussels.be/id/building/1791030","BLOCK_ID":"https://databrussels.be/id/block/28180","AREA":7},"bbox":[149580.223,165647.478,149583.671,165650.579]},{"type":"Feature","id":"Buildings.fid--291372a6_1a02d75ff2a_d75","geometry":{"type":"Polygon","coordinates":[[[149832.806,165596.846],[149838.343,165588.306],[149844.128,165592.057],[149838.59,165600.597],[149832.806,165596.846]]]},"geometry_name":"GEOM","properties":{"INSPIRE_ID":"https://databrussels.be/id/building/1793111","BLOCK_ID":"https://databrussels.be/id/block/28180","AREA":70},"bbox":[149832.806,165588.306,149844.128,165600.597]},{"type":"Feature","id":"Buildings.fid--291372a6_1a02d75ff2a_d7f","geometry":{"type":"Polygon","coordinates":[[[149644.382,165649.295],[149645.618,165646.061],[149649.992,165647.732],[149648.757,165650.966],[149644.382,165649.295]]]},"geometry_name":"GEOM","properties":{"INSPIRE_ID":"https://databrussels.be/id/building/1793113","BLOCK_ID":"https://databrussels.be/id/block/28180","AREA":16},"bbox":[149644.382,165646.061,149649.992,165650.966]},{"type":"Feature","id":"Buildings.fid--291372a6_1a02d75ff2a_d3c","geometry":{"type":"Polygon","coordinates":[[[149891.506,165564.402],[149889.528,165562.67],[149891.926,165559.932],[149893.904,165561.664],[149891.506,165564.402]]]},"geometry_name":"GEOM","properties":{"INSPIRE_ID":"https://databrussels.be/id/building/1793115","BLOCK_ID":"https://databrussels.be/id/block/25932","AREA":10},"bbox":[149889.528,165559.932,149893.904,165564.402]},{"type":"Feature","id":"Buildings.fid--291372a6_1a02d75ff2a_ddf","geometry":{"type":"Polygon","coordinates":[[[149518.918,165595.183],[149520.13,165591.827],[149524.908,165593.554],[149523.696,165596.909],[149518.918,165595.183]]]},"geometry_name":"GEOM","properties":{"INSPIRE_ID":"https://databrussels.be/id/building/1793116","BLOCK_ID":"https://databrussels.be/id/block/25923","AREA":18},"bbox":[149518.918,165591.827,149524.908,165596.909]},{"type":"Feature","id":"Buildings.fid--291372a6_1a02d75ff2a_dc4","geometry":{"type":"Polygon","coordinates":[[[149502.7374034,165705.66381446],[149503.77887541,165703.0595778],[149506.08754232,165703.98284718],[149505.04607031,165706.58708384],[149502.7374034,165705.66381446]]]},"geometry_name":"GEOM","properties":{"INSPIRE_ID":"https://databrussels.be/id/building/1797014","BLOCK_ID":"https://databrussels.be/id/block/25923","AREA":7},"bbox":[149502.7374034,165703.0595778,149506.08754232,165706.58708384]},{"type":"Feature","id":"Buildings.fid--291372a6_1a02d75ff2a_d3d","geometry":{"type":"Polygon","coordinates":[[[149858.0042,165564.5822],[149861.0941,165559.4334],[149864.1227,165561.2509],[149866.9665,165556.512],[149869.0508,165557.7628],[149871.0971,165554.3528],[149875.7056,165557.1184],[149877.0558,165554.8684],[149878.2117,165555.5621],[149879.189,165553.9337],[149883.5612,165556.5574],[149882.5396,165558.2597],[149883.5066,165558.84],[149874.9743,165573.058],[149874.3055,165572.6567],[149873.1801,165574.532],[149866.9485,165570.7924],[149867.8011,165569.3716],[149865.3236,165567.8848],[149864.8427,165568.686],[149858.0042,165564.5822]]]},"geometry_name":"GEOM","properties":{"INSPIRE_ID":"https://databrussels.be/id/building/1798348","BLOCK_ID":"https://databrussels.be/id/block/25932","AREA":281},"bbox":[149858.0042,165553.9337,149883.5612,165574.532]},{"type":"Feature","id":"Buildings.fid--291372a6_1a02d75ff2a_d83","geometry":{"type":"Polygon","coordinates":[[[149674.8013,165659.8681],[149675.4622,165657.8263],[149678.1984,165658.7119],[149677.5374,165660.7537],[149674.8013,165659.8681]]]},"geometry_name":"GEOM","properties":{"INSPIRE_ID":"https://databrussels.be/id/building/1800081","BLOCK_ID":"https://databrussels.be/id/block/28180","AREA":6},"bbox":[149674.8013,165657.8263,149678.1984,165660.7537]},{"type":"Feature","id":"Buildings.fid--291372a6_1a02d75ff2a_d39","geometry":{"type":"Polygon","coordinates":[[[149897.893,165552.555],[149896.479,165552.02],[149897.213,165550.081],[149898.627,165550.617],[149897.893,165552.555]]]},"geometry_name":"GEOM","properties":{"INSPIRE_ID":"https://databrussels.be/id/building/1805066","BLOCK_ID":"https://databrussels.be/id/block/25932","AREA":3},"bbox":[149896.479,165550.081,149898.627,165552.555]},{"type":"Feature","id":"Buildings.fid--291372a6_1a02d75ff2a_d96","geometry":{"type":"Polygon","coordinates":[[[149669.828,165870.151],[149669.206,165872.409],[149666.767,165871.736],[149667.389,165869.478],[149669.828,165870.151]]]},"geometry_name":"GEOM","properties":{"INSPIRE_ID":"https://databrussels.be/id/building/1805190","BLOCK_ID":"https://databrussels.be/id/block/28180","AREA":6},"bbox":[149666.767,165869.478,149669.828,165872.409]},{"type":"Feature","id":"Buildings.fid--291372a6_1a02d75ff2a_d80","geometry":{"type":"Polygon","coordinates":[[[149577.633,165648.951],[149578.1,165647.306],[149579.44,165647.687],[149578.972,165649.331],[149577.633,165648.951]]]},"geometry_name":"GEOM","properties":{"INSPIRE_ID":"https://databrussels.be/id/building/1805191","BLOCK_ID":"https://databrussels.be/id/block/28180","AREA":2},"bbox":[149577.633,165647.306,149579.44,165649.331]},{"type":"Feature","id":"Buildings.fid--291372a6_1a02d75ff2a_d98","geometry":{"type":"Polygon","coordinates":[[[149668.928,165997.876],[149671.278,165998.519],[149670.67,166000.741],[149668.322,166000.099],[149668.928,165997.876]]]},"geometry_name":"GEOM","properties":{"INSPIRE_ID":"https://databrussels.be/id/building/1805197","BLOCK_ID":"https://databrussels.be/id/block/24114","AREA":6},"bbox":[149668.322,165997.876,149671.278,166000.741]},{"type":"Feature","id":"Buildings.fid--291372a6_1a02d75ff2a_da1","geometry":{"type":"Polygon","coordinates":[[[149719.3724,165687.0482],[149719.5494,165685.4765],[149719.6744,165684.3653],[149719.8057,165684.3801],[149719.8834,165683.6901],[149722.6859,165684.0056],[149722.3618,165686.8849],[149721.5036,165686.7883],[149721.448,165687.2818],[149719.3724,165687.0482]]]},"geometry_name":"GEOM","properties":{"INSPIRE_ID":"https://databrussels.be/id/building/1828090","BLOCK_ID":"https://databrussels.be/id/block/28180","AREA":9},"bbox":[149719.3724,165683.6901,149722.6859,165687.2818]},{"type":"Feature","id":"Buildings.fid--291372a6_1a02d75ff2a_d4d","geometry":{"type":"MultiPolygon","coordinates":[[[[149990.2697,165738.39340036],[149985.379,165734.95450036],[149986.7475,165733.00820036],[149988.4937,165730.52490036],[149990.91,165732.22390036],[149991.2193,165731.78400036],[149993.6938,165733.52400036],[149991.6382,165736.44720036],[149990.2697,165738.39340036]]]]},"geometry_name":"GEOM","properties":{"INSPIRE_ID":"https://databrussels.be/id/building/1829984","BLOCK_ID":"https://databrussels.be/id/block/28180","AREA":34},"bbox":[149985.379,165730.52490036,149993.6938,165738.39340036]},{"type":"Feature","id":"Buildings.fid--291372a6_1a02d75ff2a_d4a","geometry":{"type":"MultiPolygon","coordinates":[[[[149951.7798,165715.62020036],[149962.5945,165708.55540036],[149970.5507,165698.08450036],[149971.1137,165697.90880036],[149971.6132,165697.83230036],[149972.1419,165698.04160036],[149980.453,165704.36860036],[149980.7592,165704.92010036],[149980.8368,165705.45040036],[149980.7159,165705.93790036],[149980.486,165706.29310036],[149971.6086,165717.97540036],[149958.9001,165726.18590036],[149958.4161,165726.35160036],[149957.7531,165726.18980036],[149957.3847,165725.94740036],[149951.658,165717.14800036],[149951.5191,165716.45580036],[149951.5865,165715.97750036],[149951.7798,165715.62020036]]]]},"geometry_name":"GEOM","properties":{"INSPIRE_ID":"https://databrussels.be/id/building/1829985","BLOCK_ID":"https://databrussels.be/id/block/28180","AREA":386},"bbox":[149951.5191,165697.83230036,149980.8368,165726.35160036]},{"type":"Feature","id":"Buildings.fid--291372a6_1a02d75ff2a_d2e","geometry":{"type":"MultiPolygon","coordinates":[[[[149950.3653,165744.89000036],[149956.1884,165746.92840036],[149956.2384,165746.81220036],[149956.2957,165746.69940036],[149956.36,165746.59050036],[149956.431,165746.48590036],[149956.5086,165746.38590035],[149956.5922,165746.29110036],[149956.6817,165746.20170036],[149956.7767,165746.11820036],[149956.8768,165746.04090036],[149956.9815,165745.97000036],[149957.0905,165745.90590036],[149957.2034,165745.84880036],[149957.3196,165745.79890036],[149957.4388,165745.75650036],[149957.5604,165745.72170036],[149957.6839,165745.69470036],[149957.8089,165745.67550036],[149957.9349,165745.66430036],[149958.0614,165745.66110036],[149958.1877,165745.66580036],[149958.3136,165745.67860036],[149958.4384,165745.69920036],[149958.5616,165745.72770036],[149958.6827,165745.76400036],[149958.7588,165745.79110036],[149965.9205,165748.50800036],[149966.0106,165748.54650036],[149966.0972,165748.59220036],[149966.1799,165748.64470036],[149966.2579,165748.70390036],[149966.3309,165748.76920036],[149966.3984,165748.84030036],[149966.4598,165748.91660036],[149966.5147,165748.99770036],[149966.5629,165749.08300036],[149966.604,165749.17190036],[149966.6376,165749.26390036],[149966.6637,165749.35840036],[149966.6819,165749.45460036],[149966.6923,165749.55200036],[149966.6947,165749.64990036],[149966.689,165749.74770035],[149966.6754,165749.84480036],[149966.654,165749.94030036],[149966.6248,165750.03390036],[149966.6168,165750.05560036],[149964.2332,165756.33870036],[149962.7257,165755.75700036],[149962.7776,165756.11490036],[149961.0072,165761.29510036],[149960.7274,165761.55000036],[149960.2501,165761.72360036],[149959.7054,165761.75050036],[149950.9734,165758.82120036],[149950.6235,165758.79070036],[149950.2661,165758.85280036],[149931.605,165768.13560036],[149917.5723,165763.55430036],[149917.0991,165763.18860036],[149916.9093,165762.77080036],[149916.7772,165762.14320036],[149916.7991,165761.84990036],[149918.5745,165756.74910036],[149918.631,165756.67910036],[149918.0277,165756.46580036],[149917.9367,165756.42940036],[149917.8491,165756.38570036],[149917.7652,165756.33500036],[149917.6858,165756.27770036],[149917.6114,165756.21400036],[149917.5424,165756.14450036],[149917.4792,165756.06960036],[149917.4224,165755.98980035],[149917.3723,165755.90560036],[149917.3292,165755.81760036],[149917.2935,165755.72640036],[149917.2653,165755.63260035],[149917.2449,165755.53680036],[149917.2323,165755.43970036],[149917.2277,165755.34180036],[149917.2311,165755.24390036],[149917.2424,165755.14660036],[149917.2617,165755.05060036],[149917.2888,165754.95640036],[149917.2963,165754.93450036],[149919.0947,165749.84710036],[149919.1311,165749.75620036],[149919.1748,165749.66850036],[149919.2255,165749.58470036],[149919.2829,165749.50530036],[149919.3465,165749.43080036],[149919.416,165749.36180036],[149919.491,165749.29870036],[149919.5708,165749.24190036],[149919.6549,165749.19180036],[149919.7429,165749.14870036],[149919.8341,165749.11290036],[149919.9279,165749.08470036],[149920.0237,165749.06430036],[149920.1209,165749.05170036],[149920.2187,165749.04710036],[149920.3166,165749.05050036],[149920.4139,165749.06190036],[149920.51,165749.08120036],[149920.6041,165749.10820036],[149920.6261,165749.11570036],[149925.6357,165750.88670036],[149925.7267,165750.92310036],[149925.8144,165750.96680036],[149925.8982,165751.01750036],[149925.9776,165751.07490036],[149926.0521,165751.13850036],[149926.1211,165751.20800036],[149926.1842,165751.28290036],[149926.241,165751.36270036],[149926.2911,165751.44690036],[149926.3342,165751.53490036],[149926.3699,165751.62610036],[149926.3981,165751.71990036],[149926.4186,165751.81570035],[149926.4312,165751.91290036],[149926.4358,165752.01070036],[149926.4324,165752.10860036],[149926.421,165752.20590036],[149926.4017,165752.30200036],[149926.3747,165752.39610036],[149926.3672,165752.41810036],[149926.1993,165752.89300036],[149926.2845,165752.88910036],[149926.9053,165753.04490036],[149930.218,165754.09010036],[149930.7153,165754.14950036],[149931.1112,165753.99900036],[149949.4138,165744.92130036],[149949.9402,165744.83870036],[149950.3653,165744.89000036]]]]},"geometry_name":"GEOM","properties":{"INSPIRE_ID":"https://databrussels.be/id/building/1829986","BLOCK_ID":"https://databrussels.be/id/block/28180","AREA":668},"bbox":[149916.7772,165744.83870036,149966.6947,165768.13560036]},{"type":"Feature","id":"Buildings.fid--291372a6_1a02d75ff2a_dd6","geometry":{"type":"Polygon","coordinates":[[[149576.768,165985.967],[149575.394,165983.097],[149576.991,165982.381],[149578.34,165985.199],[149576.768,165985.967]]]},"geometry_name":"GEOM","properties":{"INSPIRE_ID":"https://databrussels.be/id/building/39854","BLOCK_ID":null,"AREA":6},"bbox":[149575.394,165982.381,149578.34,165985.967]}],"numberReturned":172,"grand_bruxelles_source":{"authority":"Paradigm / Brussels-Capital Region","service":"https://geoservices-urbis.irisnet.be/geoserver/urbisvector/wfs","layer":"urbisvector:Buildings","crs":"EPSG:31370","bbox":[149500.0,165500.0,150000.0,166000.0],"cell_id":"bxl-e149500-n165500-s500","ownership":"polygon_or_multipolygon_centroid_global_500m_cell"}}
