{"type":"FeatureCollection","totalFeatures":309,"numberMatched":309,"timeStamp":"2026-08-23T00:56:28.463Z","crs":{"type":"name","properties":{"name":"urn:ogc:def:crs:EPSG::31370"}},"bbox":[144395.51,167406.46000036,145110.959,168249.86199815],"features":[{"type":"Feature","id":"StreetSurfaces.fid--1290087_1a02c00fa75_-2b86","geometry":{"type":"Polygon","coordinates":[[[145035.18357524,167647.94801988],[145034.919,167648.20900035],[145032.795,167650.32400035],[145032.425,167650.73000035],[145032.132,167651.19600035],[145031.865,167651.94400035],[145031.815,167652.40600035],[145031.846,167652.87000035],[145031.95,167653.32400035],[145032.127,167653.75500035],[145028.99,167656.87600035],[145028.002,167657.85000035],[145021.95,167663.83600035],[145018.848,167666.93300035],[145011.991,167673.66500035],[145011.527,167673.44800035],[145010.654,167673.33200035],[145010.098,167673.35100035],[145009.56,167673.49100035],[145008.534,167674.21200035],[145007.611,167675.37200035],[145006.88,167676.54700035],[145006.279,167678.30200035],[145005.97,167679.77000035],[145005.94980908,167680.11869438],[144998.87653296,167673.97856637],[145004.364,167668.57700035],[145016.087,167656.94700035],[145026.051,167647.09700035],[145026.768,167646.40400035],[145027.32,167646.59800035],[145028.246,167646.70300035],[145028.805,167646.61500035],[145029.335,167646.41700035],[145029.936,167646.05800035],[145030.748,167645.25500035],[145031.63016669,167643.97545145],[145032.238,167644.65800035],[145035.18357524,167647.94801988]]]},"geometry_name":"GEOM","properties":{"INSPIRE_ID":"https://databrussels.be/id/streetsurface/1352","TYPE":"S","STREET_ID":"https://databrussels.be/id/streetname/895","STRNAMEFRE":"Rue de l'Energie","STRNAMEDUT":"Wilskrachtstraat","MUNNISCODE":"21001","HIERARCHY":"DR","LVL":0,"ADMIN":"MUN_RBC","AREA":364},"bbox":[144998.87653296,167643.97545145,145035.18357524,167680.11869438]},{"type":"Feature","id":"StreetSurfaces.fid--1290087_1a02c00fa75_-2b59","geometry":{"type":"Polygon","coordinates":[[[144503.82631997,167868.34132853],[144505.06971547,167866.55796271],[144519.87767359,167876.88150191],[144518.67953718,167878.59995393],[144503.82631997,167868.34132853]]]},"geometry_name":"GEOM","properties":{"INSPIRE_ID":"https://databrussels.be/id/streetsurface/142688","TYPE":"SW","STREET_ID":"https://databrussels.be/id/streetname/2952","STRNAMEFRE":"Route de Lennik","STRNAMEDUT":"Lennikse Baan","MUNNISCODE":"21001","HIERARCHY":"DR","LVL":0,"ADMIN":"MUN_RBC","AREA":39},"bbox":[144503.82631997,167866.55796271,144519.87767359,167878.59995393]},{"type":"Feature","id":"StreetSurfaces.fid--1290087_1a02c00fa75_-2b24","geometry":{"type":"Polygon","coordinates":[[[144709.89995418,167798.09770554],[144705.113,167785.57300035],[144702.685,167779.61900035],[144700.85666243,167776.29166226],[144703.39798274,167775.25695811],[144712.26330183,167797.13528467],[144709.89995418,167798.09770554]]]},"geometry_name":"GEOM","properties":{"INSPIRE_ID":"https://databrussels.be/id/streetsurface/142689","TYPE":"SW","STREET_ID":"https://databrussels.be/id/streetname/4568","STRNAMEFRE":"Chaussée de Mons","STRNAMEDUT":"Bergense Steenweg","MUNNISCODE":"21001","HIERARCHY":"IDR","LVL":0,"ADMIN":"REGION_RBC","AREA":57},"bbox":[144700.85666243,167775.25695811,144712.26330183,167798.09770554]},{"type":"Feature","id":"StreetSurfaces.fid--1290087_1a02c00fa75_-2aee","geometry":{"type":"Polygon","coordinates":[[[144720.905,167626.60100035],[144721.823,167625.46900035],[144722.45,167624.18100035],[144722.886,167623.03900035],[144723.048,167621.61900035],[144722.978,167620.04900035],[144723.61908115,167619.79436532],[144723.81,167621.35000035],[144723.71,167622.64000035],[144723.4,167623.94000035],[144722.7,167625.47000035],[144722.03,167626.89000035],[144721.66,167627.31000035],[144721.56103343,167627.40842612],[144720.905,167626.60100035]]]},"geometry_name":"GEOM","properties":{"INSPIRE_ID":"https://databrussels.be/id/streetsurface/142690","TYPE":"SW","STREET_ID":"https://databrussels.be/id/streetname/2247","STRNAMEFRE":"Place Ernest S'Jonghers","STRNAMEDUT":"Ernest S'Jonghersplein","MUNNISCODE":"21001","HIERARCHY":"DR","LVL":0,"ADMIN":"MUN_RBC","AREA":6},"bbox":[144720.905,167619.79436532,144723.81,167627.40842612]},{"type":"Feature","id":"StreetSurfaces.fid--1290087_1a02c00fa75_-2aa6","geometry":{"type":"Polygon","coordinates":[[[144719.48999774,167585.31279934],[144719.79,167585.21000035],[144720.079,167586.77200036],[144721.748,167592.52700035],[144727.129,167610.53800035],[144727.25,167611.73000035],[144728.38,167615.92000035],[144728.97,167617.67000035],[144728.11526566,167618.00921235],[144727.85,167617.46000035],[144727.38,167616.36000035],[144726.81,167614.91000035],[144725.927,167611.52000035],[144723.562,167603.26500035],[144720.602,167592.89900035],[144721.488,167592.64200035],[144719.48999774,167585.31279934]]]},"geometry_name":"GEOM","properties":{"INSPIRE_ID":"https://databrussels.be/id/streetsurface/142691","TYPE":"SW","STREET_ID":"https://databrussels.be/id/streetname/4406","STRNAMEFRE":"Rue du Symbole","STRNAMEDUT":"Zinnebeeldstraat","MUNNISCODE":"21001","HIERARCHY":"DR","LVL":0,"ADMIN":"MUN_RBC","AREA":35},"bbox":[144719.48999774,167585.21000035,144728.97,167618.00921235]},{"type":"Feature","id":"StreetSurfaces.fid--1290087_1a02c00fa75_-2aef","geometry":{"type":"Polygon","coordinates":[[[144763.33,167704.79800035],[144763.43,167704.51000035],[144764.182,167702.35500035],[144766.389,167696.43600035],[144767.115,167693.74900035],[144770.021,167685.36800035],[144769.572,167685.25400035],[144770.529,167682.87200035],[144770.871,167681.84400035],[144771.382,167682.01800035],[144773.088,167676.94500035],[144774.414,167673.24500035],[144774.615,167672.42200035],[144777.854,167663.92200035],[144779.424,167659.54900035],[144781.031,167655.08500035],[144782.32,167651.13300035],[144783.563,167647.30600035],[144784.287,167645.60600035],[144784.764,167644.17500035],[144785.93,167640.89500035],[144785.819,167640.84700035],[144786.215,167639.80700035],[144787.219,167637.09100035],[144787.4,167636.48000035],[144787.681,167636.23300035],[144788.14,167634.97800035],[144788.378,167634.99200035],[144789.678,167631.27800035],[144789.461,167631.18600035],[144789.851,167629.95300035],[144790.512,167628.01000035],[144792.279,167623.12800035],[144793.40011256,167619.64304296],[144797.46239316,167621.18078624],[144797.134,167622.05500035],[144795.455,167621.48900035],[144788.147,167642.05200035],[144788.026,167642.01200035],[144787.369,167643.85200035],[144787.473,167643.90300035],[144787.098,167644.93500035],[144785.076,167649.72000035],[144783.806,167653.29700035],[144782.886,167656.14800035],[144781.459,167659.96100035],[144776.1,167675.06000035],[144773.41,167682.64300035],[144771.929,167686.90700035],[144771.363,167688.42300035],[144770.43,167691.91400035],[144770.068,167692.91900035],[144769.964,167692.89800036],[144769.308,167694.76700035],[144769.408,167694.80200035],[144765.54568245,167705.65749646],[144763.33,167704.79800035]]]},"geometry_name":"GEOM","properties":{"INSPIRE_ID":"https://databrussels.be/id/streetsurface/142692","TYPE":"SW","STREET_ID":"https://databrussels.be/id/streetname/267","STRNAMEFRE":"Avenue des Droits de l'Homme","STRNAMEDUT":"Mensenrechtenlaan","MUNNISCODE":"21001","HIERARCHY":"DR","LVL":0,"ADMIN":"MUN_RBC","AREA":210},"bbox":[144763.33,167619.64304296,144797.46239316,167705.65749646]},{"type":"Feature","id":"StreetSurfaces.fid--1290087_1a02c00fa75_-2aeb","geometry":{"type":"Polygon","coordinates":[[[144770.73238368,167707.66949484],[144775.76,167693.54400035],[144776.975,167690.06900035],[144779.689,167682.51300035],[144779.49,167682.44100035],[144780.138,167680.59600035],[144787.432,167659.79100035],[144788.17,167657.95400035],[144788.45,167656.91400035],[144790.841,167651.01900035],[144792.131,167647.43300035],[144792.466,167646.44900035],[144796.504,167635.17600035],[144799.303,167627.33000035],[144799.887,167625.72400035],[144800.98634934,167622.51475118],[144802.823,167623.21000035],[144801.446,167627.99300035],[144800.513,167630.19100035],[144799.861,167632.09300035],[144798.489,167635.62400035],[144797.965,167637.40400035],[144797.743,167637.79100035],[144796.91,167640.04200035],[144795.841,167642.45500035],[144795.513,167643.49100035],[144794.901,167644.70600035],[144792.522,167651.98200035],[144790.363,167657.30400035],[144789.439,167659.68400035],[144788.582,167662.89300035],[144787.439,167666.35200035],[144786.341,167669.37600035],[144783.589,167677.03700035],[144783.17,167678.10200035],[144782.308,167681.05100035],[144781.132,167684.85200035],[144779.394,167689.50200035],[144778.725,167690.55200035],[144777.893,167693.13300035],[144777.129,167695.28400035],[144774.789,167702.23500035],[144774.466,167703.58400035],[144772.912,167708.51500035],[144770.73238368,167707.66949484]]]},"geometry_name":"GEOM","properties":{"INSPIRE_ID":"https://databrussels.be/id/streetsurface/142693","TYPE":"SW","STREET_ID":"https://databrussels.be/id/streetname/267","STRNAMEFRE":"Avenue des Droits de l'Homme","STRNAMEDUT":"Mensenrechtenlaan","MUNNISCODE":"21001","HIERARCHY":"DR","LVL":0,"ADMIN":"MUN_RBC","AREA":183},"bbox":[144770.73238368,167622.51475118,144802.823,167708.51500035]},{"type":"Feature","id":"StreetSurfaces.fid--1290087_1a02c00fa75_-2b0a","geometry":{"type":"Polygon","coordinates":[[[144856.056,167677.15100035],[144858.22255299,167675.97520368],[144858.467,167676.43600035],[144860.93,167681.09200035],[144862.038,167683.17600035],[144863.52,167685.96600035],[144863.894,167686.67100035],[144866.642,167691.97600035],[144868.25,167694.86900035],[144873.253,167704.32000035],[144874.73,167707.09900035],[144875.801,167709.11300035],[144876.817,167711.03600035],[144876.86716782,167711.13086696],[144874.776,167712.13200035],[144870.635,167704.37900035],[144869.722,167702.50900035],[144868.718,167700.75900035],[144867.019,167697.64300035],[144866.324,167696.15200035],[144863.292,167690.44900035],[144861.4,167686.82400035],[144858.479,167681.59000035],[144856.878,167678.81400035],[144856.056,167677.15100035]]]},"geometry_name":"GEOM","properties":{"INSPIRE_ID":"https://databrussels.be/id/streetsurface/142694","TYPE":"SW","STREET_ID":"https://databrussels.be/id/streetname/4202","STRNAMEFRE":"Avenue Guillaume Melckmans","STRNAMEDUT":"Guillaume Melckmanslaan","MUNNISCODE":"21001","HIERARCHY":"DR","LVL":0,"ADMIN":"MUN_RBC","AREA":93},"bbox":[144856.056,167675.97520368,144876.86716782,167712.13200035]},{"type":"Feature","id":"StreetSurfaces.fid--1290087_1a02c00fa75_-2b03","geometry":{"type":"Polygon","coordinates":[[[144905.293,167655.98700035],[144904.179,167654.91400035],[144903.658,167654.69700035],[144902.757,167654.67300035],[144901.496,167654.99200035],[144900.85,167655.26000035],[144895.451,167657.46600035],[144892.499,167658.89300035],[144883.74,167662.42500035],[144880.856,167663.67800035],[144873.813,167666.68200035],[144872.689,167667.03000035],[144869.3169896,167668.43098018],[144868.57230129,167666.9864981],[144879.4,167662.63400035],[144890.9,167657.81500035],[144902.044,167653.10600035],[144905.789,167654.19900035],[144906.55343316,167655.31702595],[144905.293,167655.98700035]]]},"geometry_name":"GEOM","properties":{"INSPIRE_ID":"https://databrussels.be/id/streetsurface/142695","TYPE":"SW","STREET_ID":"https://databrussels.be/id/streetname/482","STRNAMEFRE":"Rue Van Winghen","STRNAMEDUT":"Van Winghenstraat","MUNNISCODE":"21001","HIERARCHY":"DR","LVL":0,"ADMIN":"MUN_RBC","AREA":62},"bbox":[144868.57230129,167653.10600035,144906.55343316,167668.43098018]},{"type":"Feature","id":"StreetSurfaces.fid--1290087_1a02c00fa75_-2b07","geometry":{"type":"Polygon","coordinates":[[[144864.487,167671.35500035],[144864.939,167672.36000035],[144862.77038456,167673.52159356],[144862.471,167672.95100035],[144862.197,167672.21100035],[144862.123,167671.43100035],[144862.257,167670.65400035],[144862.597,167669.93400035],[144862.825,167669.61500035],[144863.1,167669.33600035],[144863.419,167669.10100035],[144863.772,167668.92000035],[144865.234,167668.32700035],[144868.076,167667.18600035],[144868.57230129,167666.9864981],[144869.3169896,167668.43098018],[144865.218,167670.13400035],[144865.067,167670.26000035],[144864.683,167670.80100035],[144864.487,167671.35500035]]]},"geometry_name":"GEOM","properties":{"INSPIRE_ID":"https://databrussels.be/id/streetsurface/142696","TYPE":"SW","STREET_ID":"https://databrussels.be/id/streetname/4202","STRNAMEFRE":"Avenue Guillaume Melckmans","STRNAMEDUT":"Guillaume Melckmanslaan","MUNNISCODE":"21001","HIERARCHY":"DR","LVL":0,"ADMIN":"MUN_RBC","AREA":17},"bbox":[144862.123,167666.9864981,144869.3169896,167673.52159356]},{"type":"Feature","id":"StreetSurfaces.fid--1290087_1a02c00fa75_-2b6a","geometry":{"type":"Polygon","coordinates":[[[144745.495,167953.80200035],[144747.029,167953.34800035],[144748.33,167952.66800035],[144749.703,167951.54300035],[144750.803,167950.12000035],[144751.398,167948.92000035],[144751.813,167947.47500035],[144751.946,167946.23700035],[144755.3625464,167944.82599224],[144755.739,167945.85600035],[144756.29,167947.39700035],[144756.683,167949.39800035],[144756.403,167951.79600035],[144755.611,167953.75500035],[144754.484,167955.54600035],[144753.069,167956.99700035],[144751.451,167958.27300035],[144750.15359104,167958.73783736],[144745.495,167953.80200035]]]},"geometry_name":"GEOM","properties":{"INSPIRE_ID":"https://databrussels.be/id/streetsurface/142698","TYPE":"SW","STREET_ID":"https://databrussels.be/id/streetname/4568","STRNAMEFRE":"Chaussée de Mons","STRNAMEDUT":"Bergense Steenweg","MUNNISCODE":"21001","HIERARCHY":"IDR","LVL":0,"ADMIN":"REGION_RBC","AREA":77},"bbox":[144745.495,167944.82599224,144756.683,167958.73783736]},{"type":"Feature","id":"StreetSurfaces.fid--1290087_1a02c00fa75_-2b1a","geometry":{"type":"Polygon","coordinates":[[[144724.071,167876.82700035],[144728.99024371,167874.79511488],[144729.479,167875.92300035],[144727.514,167876.57800035],[144735.889,167897.40900035],[144737.73,167896.61200035],[144739.6324964,167903.00462478],[144735.55495564,167904.68548767],[144724.071,167876.82700035]]]},"geometry_name":"GEOM","properties":{"INSPIRE_ID":"https://databrussels.be/id/streetsurface/142699","TYPE":"SW","STREET_ID":"https://databrussels.be/id/streetname/4568","STRNAMEFRE":"Chaussée de Mons","STRNAMEDUT":"Bergense Steenweg","MUNNISCODE":"21001","HIERARCHY":"IDR","LVL":0,"ADMIN":"REGION_RBC","AREA":109},"bbox":[144724.071,167874.79511488,144739.6324964,167904.68548767]},{"type":"Feature","id":"StreetSurfaces.fid--1290087_1a02c00fa75_-2b7b","geometry":{"type":"Polygon","coordinates":[[[144753.45110461,167897.30825362],[144769.35,167935.80000035],[144770.49599602,167938.57599072],[144767.50260874,167939.81223728],[144765.24,167934.29000035],[144757.83,167916.71000035],[144755.03,167909.73000035],[144749.68644215,167898.86014035],[144753.45110461,167897.30825362]]]},"geometry_name":"GEOM","properties":{"INSPIRE_ID":"https://databrussels.be/id/streetsurface/142700","TYPE":"SW","STREET_ID":"https://databrussels.be/id/streetname/4568","STRNAMEFRE":"Chaussée de Mons","STRNAMEDUT":"Bergense Steenweg","MUNNISCODE":"21001","HIERARCHY":"IDR","LVL":0,"ADMIN":"REGION_RBC","AREA":151},"bbox":[144749.68644215,167897.30825362,144770.49599602,167939.81223728]},{"type":"Feature","id":"StreetSurfaces.fid--1290087_1a02c00fa75_-2acc","geometry":{"type":"Polygon","coordinates":[[[144584.657,167535.82700035],[144587.86925523,167534.55865265],[144588.477,167536.05700035],[144588.967,167537.27200035],[144591.994,167544.71400035],[144596.879,167556.42000035],[144597.687,167558.40100035],[144604.228,167574.55300035],[144604.973,167576.52100035],[144611.63302285,167592.80316598],[144609.108,167593.86900035],[144593.55,167556.69000035],[144585.4,167537.71000035],[144584.657,167535.82700035]]]},"geometry_name":"GEOM","properties":{"INSPIRE_ID":"https://databrussels.be/id/streetsurface/142719","TYPE":"SW","STREET_ID":"https://databrussels.be/id/streetname/4568","STRNAMEFRE":"Chaussée de Mons","STRNAMEDUT":"Bergense Steenweg","MUNNISCODE":"21001","HIERARCHY":"IDR","LVL":0,"ADMIN":"REGION_RBC","AREA":194},"bbox":[144584.657,167534.55865265,144611.63302285,167593.86900035]},{"type":"Feature","id":"StreetSurfaces.fid--1290087_1a02c00fa75_-2a86","geometry":{"type":"Polygon","coordinates":[[[144602.31540049,167518.6896638],[144598.231,167511.33200035],[144598.63688922,167511.30871637],[144602.42092219,167511.09164391],[144608.76,167510.72800035],[144609.007,167514.91400035],[144651.542,167512.66800035],[144652.44,167512.17800035],[144695.761,167509.88700035],[144714.789,167508.90500035],[144718.688,167508.69400035],[144722.087,167510.83400035],[144720.031,167510.93700035],[144716.603,167511.14400036],[144716.422,167509.70800035],[144716.3,167509.51600035],[144716.108,167509.39600035],[144715.973,167509.36800035],[144714.838,167509.43200035],[144714.833,167509.31200035],[144712.834,167509.41300035],[144694.801,167510.33700035],[144677.829,167511.23100035],[144655.859,167512.38600035],[144653.749,167512.51400035],[144653.856,167514.05200035],[144651.738,167514.18700035],[144629.752,167515.32300035],[144607.777,167516.48600035],[144607.899,167518.48900035],[144605.9,167518.51900035],[144602.811,167518.52800035],[144602.31540049,167518.6896638]]]},"geometry_name":"GEOM","properties":{"INSPIRE_ID":"https://databrussels.be/id/streetsurface/142720","TYPE":"SW","STREET_ID":"https://databrussels.be/id/streetname/1509","STRNAMEFRE":"Rue Hoorickx","STRNAMEDUT":"Hoorickxstraat","MUNNISCODE":"21001","HIERARCHY":"DR","LVL":0,"ADMIN":"MUN_RBC","AREA":166},"bbox":[144598.231,167508.69400035,144722.087,167518.6896638]},{"type":"Feature","id":"StreetSurfaces.fid--1290087_1a02c00fa75_-2a87","geometry":{"type":"Polygon","coordinates":[[[144750.39,167492.56600035],[144750.37,167492.03500035],[144750.628,167492.00500035],[144750.699,167491.87100035],[144745.117,167483.55300035],[144744.689,167483.58300035],[144744.673,167483.03800035],[144744.423,167483.05100035],[144742.272,167479.90900035],[144744.09229427,167478.81888645],[144757.553,167499.49100035],[144757.749,167499.79200035],[144762.139,167506.54400035],[144765.421,167511.59800035],[144767.069,167514.14300035],[144768.674,167516.68100035],[144774.028,167525.19800035],[144778.851,167532.85200035],[144782.619,167538.82400035],[144783.858,167538.05100035],[144785.193,167540.16700035],[144786.247,167541.88400035],[144786.575,167542.49200035],[144786.707,167542.76000035],[144786.828,167543.03200035],[144786.938,167543.30900035],[144787.025,167543.55500035],[144787.104,167543.80300035],[144787.174,167544.05300035],[144787.285,167544.57100035],[144787.30705882,167544.73153956],[144783.783,167546.74300035],[144783.135,167545.09600035],[144782.161,167542.87100035],[144781.309,167541.23200035],[144779.861,167538.47200035],[144770.789,167524.04500035],[144767.375,167518.42600035],[144760.314,167507.18000035],[144755.547,167500.13800035],[144755.198,167499.62500035],[144750.39,167492.56600035]]]},"geometry_name":"GEOM","properties":{"INSPIRE_ID":"https://databrussels.be/id/streetsurface/142721","TYPE":"SW","STREET_ID":"https://databrussels.be/id/streetname/763","STRNAMEFRE":"Rue des Fraises","STRNAMEDUT":"Aardbeienstraat","MUNNISCODE":"21001","HIERARCHY":"DR","LVL":0,"ADMIN":"MUN_RBC","AREA":173},"bbox":[144742.272,167478.81888645,144787.30705882,167546.74300035]},{"type":"Feature","id":"StreetSurfaces.fid--1290087_1a02c00fa75_-2a98","geometry":{"type":"Polygon","coordinates":[[[144810.77407493,167547.1830791],[144815.842,167544.02800035],[144818.447,167549.25400035],[144818.82,167549.98300035],[144819.023,167550.64000035],[144818.867,167550.72700035],[144820.261,167553.38800035],[144821.836,167556.08000035],[144824.369,167560.60400035],[144825.108,167561.38400035],[144822.81762193,167562.61425892],[144819.844,167557.05200035],[144817.04,167551.81100035],[144814.627,167547.30700035],[144814.445,167547.00700035],[144814.249,167547.13700035],[144812.928,167547.85200035],[144812.587,167547.73000035],[144810.77407493,167547.1830791]]]},"geometry_name":"GEOM","properties":{"INSPIRE_ID":"https://databrussels.be/id/streetsurface/142722","TYPE":"SW","STREET_ID":"https://databrussels.be/id/streetname/2665","STRNAMEFRE":"Place Ministre Wauters","STRNAMEDUT":"Minister Wautersplein","MUNNISCODE":"21001","HIERARCHY":"DR","LVL":0,"ADMIN":"MUN_RBC","AREA":50},"bbox":[144810.77407493,167544.02800035,144825.108,167562.61425892]},{"type":"Feature","id":"StreetSurfaces.fid--1290087_1a02c00fa75_-2a95","geometry":{"type":"Polygon","coordinates":[[[144844.5666597,167569.93456761],[144843.255,167569.68200035],[144842.493,167569.52000035],[144840.779,167569.36800036],[144839.38,167569.36000035],[144837.976,167569.49000035],[144836.538,167569.80600035],[144834.707,167570.54500035],[144833.81,167570.97800035],[144830.325,167572.99000035],[144829.579,167573.26700035],[144828.79,167573.37000035],[144828.012,167573.30200035],[144827.27,167573.05800035],[144826.6,167572.63500035],[144826.031,167572.08200035],[144825.588,167571.42200035],[144823.68,167567.86500035],[144824.993,167567.16200035],[144825.189,167567.05000035],[144822.81762193,167562.61425892],[144825.108,167561.38400035],[144826.469,167562.81800035],[144830.522,167564.70800035],[144832.336,167565.26100035],[144834.83,167565.72000035],[144835.279,167565.71200035],[144841.352,167566.86700035],[144844.55,167567.47900035],[144844.907,167567.70300035],[144844.5666597,167569.93456761]]]},"geometry_name":"GEOM","properties":{"INSPIRE_ID":"https://databrussels.be/id/streetsurface/142723","TYPE":"SW","STREET_ID":"https://databrussels.be/id/streetname/2665","STRNAMEFRE":"Place Ministre Wauters","STRNAMEDUT":"Minister Wautersplein","MUNNISCODE":"21001","HIERARCHY":"DR","LVL":0,"ADMIN":"MUN_RBC","AREA":118},"bbox":[144822.81762193,167561.38400035,144844.907,167573.37000035]},{"type":"Feature","id":"StreetSurfaces.fid--1290087_1a02c00fa75_-2b4e","geometry":{"type":"Polygon","coordinates":[[[144912.714,167758.50200035],[144913.89486941,167760.68303494],[144913.75,167760.81600035],[144913.011,167761.28400035],[144911.987,167761.67700035],[144910.962,167761.88000035],[144909.917,167761.91000035],[144909.204,167761.79700035],[144908.527,167761.54400035],[144907.904,167761.17100035],[144907.359,167760.69000035],[144906.88073382,167760.06881322],[144910.344,167757.73600035],[144910.561,167758.01400035],[144910.823,167758.24900035],[144911.124,167758.43300035],[144911.431,167758.55500035],[144911.755,167758.62300035],[144912.086,167758.63700035],[144912.415,167758.59400035],[144912.714,167758.50200035]]]},"geometry_name":"GEOM","properties":{"INSPIRE_ID":"https://databrussels.be/id/streetsurface/142725","TYPE":"SW","STREET_ID":"https://databrussels.be/id/streetname/4202","STRNAMEFRE":"Avenue Guillaume Melckmans","STRNAMEDUT":"Guillaume Melckmanslaan","MUNNISCODE":"21001","HIERARCHY":"DR","LVL":0,"ADMIN":"MUN_RBC","AREA":18},"bbox":[144906.88073382,167757.73600035,144913.89486941,167761.91000035]},{"type":"Feature","id":"StreetSurfaces.fid--1290087_1a02c00fa75_-2b43","geometry":{"type":"Polygon","coordinates":[[[144867.512,167817.08200035],[144864.436,167819.89100035],[144863.62,167820.67000035],[144862.68,167821.55600035],[144860.133,167824.10600035],[144849.144,167835.43800035],[144847.826,167836.52000035],[144840.761,167843.22000035],[144839.26861723,167841.80513578],[144849.439,167831.71400035],[144857.466,167823.83400035],[144859.336,167822.04300035],[144871.549,167809.91400035],[144877.358,167804.14800035],[144887.71,167793.95900035],[144897.83,167783.94700035],[144902.915,167778.91000035],[144903.447,167778.34400035],[144903.755,167778.00000035],[144904.730716,167777.06181189],[144905.717,167779.74300035],[144904.864,167780.21800035],[144902.708,167782.27100035],[144899.828,167785.14900035],[144899.291,167785.95400035],[144893.421,167791.37000035],[144891.257,167793.51200035],[144887.787,167797.03800035],[144886.651,167797.93800035],[144883.985,167800.54000035],[144882.97,167801.52900035],[144880.341,167804.18900035],[144876.744,167807.50200035],[144873.633,167810.44100035],[144872.41,167811.92800035],[144870.692,167814.08900035],[144867.512,167817.08200035]]]},"geometry_name":"GEOM","properties":{"INSPIRE_ID":"https://databrussels.be/id/streetsurface/142726","TYPE":"SW","STREET_ID":"https://databrussels.be/id/streetname/895","STRNAMEFRE":"Rue de l'Energie","STRNAMEDUT":"Wilskrachtstraat","MUNNISCODE":"21001","HIERARCHY":"DR","LVL":0,"ADMIN":"MUN_RBC","AREA":200},"bbox":[144839.26861723,167777.06181189,144905.717,167843.22000035]},{"type":"Feature","id":"StreetSurfaces.fid--1290087_1a02c00fa75_-2b33","geometry":{"type":"Polygon","coordinates":[[[144863.82990041,167908.87598615],[144861.184,167910.22800035],[144860.429,167910.53600035],[144860.015,167910.60800035],[144859.594,167910.60600035],[144859.192,167910.53300035],[144858.809,167910.39300035],[144858.456,167910.19000035],[144858.143,167909.93100035],[144857.77,167909.51700035],[144857.481,167909.04000035],[144856.86,167907.65600035],[144856.49686716,167906.8349359],[144858.672,167905.48500035],[144858.881,167905.58000035],[144862.393,167906.40000035],[144862.701,167906.43700035],[144862.841,167906.41300035],[144863.82990041,167908.87598615]]]},"geometry_name":"GEOM","properties":{"INSPIRE_ID":"https://databrussels.be/id/streetsurface/142727","TYPE":"SW","STREET_ID":"https://databrussels.be/id/streetname/3172","STRNAMEFRE":"Avenue de la Persévérance","STRNAMEDUT":"Volhardingslaan","MUNNISCODE":"21001","HIERARCHY":"DR","LVL":0,"ADMIN":"MUN_RBC","AREA":25},"bbox":[144856.49686716,167905.48500035,144863.82990041,167910.60800035]},{"type":"Feature","id":"StreetSurfaces.fid--1290087_1a02c00fa75_-2b35","geometry":{"type":"Polygon","coordinates":[[[144905.171,167895.83700035],[144893.158,167902.06200035],[144890.071,167903.66400035],[144886.982,167905.19500035],[144882.218,167907.58600035],[144876.087,167910.92200035],[144866.63,167915.85000035],[144865.74731498,167913.65155789],[144868.827,167912.03100035],[144869.63,167911.60900035],[144876.033,167908.27400035],[144883.03,167904.61400035],[144890.366,167900.78400035],[144899.456,167896.02900035],[144901.47,167894.95700035],[144904.02306193,167893.60074772],[144905.171,167895.83700035]]]},"geometry_name":"GEOM","properties":{"INSPIRE_ID":"https://databrussels.be/id/streetsurface/142728","TYPE":"SW","STREET_ID":"https://databrussels.be/id/streetname/5340","STRNAMEFRE":"Avenue de la Société Nationale","STRNAMEDUT":"Nationale Maatschappijlaan","MUNNISCODE":"21001","HIERARCHY":"DR","LVL":0,"ADMIN":"MUN_RBC","AREA":103},"bbox":[144865.74731498,167893.60074772,144905.171,167915.85000035]},{"type":"Feature","id":"StreetSurfaces.fid--1290087_1a02c00fa75_-2b5f","geometry":{"type":"Polygon","coordinates":[[[144916.03793426,167995.19327598],[144915.51130332,167997.40124094],[144913.054,167996.81600035],[144911.89,167996.70600035],[144910.722,167996.66700035],[144909.313,167996.70500035],[144907.909,167996.82700035],[144906.572,167997.07100035],[144905.277,167997.48500035],[144902.951,167998.49300035],[144901.466,167998.92100035],[144899.921,167998.95700035],[144898.901,167998.75800035],[144897.931,167998.38700035],[144897.038,167997.85500035],[144896.244,167997.18200035],[144895.583,167996.37900035],[144895.076,167995.47100035],[144893.60847534,167992.08958621],[144895.739,167989.94700035],[144901.49,167991.26300035],[144904.631,167992.03100035],[144909.784,167993.21300035],[144909.704,167993.52500035],[144915.189,167994.83100035],[144915.129,167994.98700035],[144916.03793426,167995.19327598]]]},"geometry_name":"GEOM","properties":{"INSPIRE_ID":"https://databrussels.be/id/streetsurface/142729","TYPE":"SW","STREET_ID":"https://databrussels.be/id/streetname/3172","STRNAMEFRE":"Avenue de la Persévérance","STRNAMEDUT":"Volhardingslaan","MUNNISCODE":"21001","HIERARCHY":"DR","LVL":0,"ADMIN":"MUN_RBC","AREA":112},"bbox":[144893.60847534,167989.94700035,144916.03793426,167998.95700035]},{"type":"Feature","id":"StreetSurfaces.fid--1290087_1a02c00fa75_-2b16","geometry":{"type":"Polygon","coordinates":[[[144755.3625464,167944.82599224],[144751.946,167946.23700035],[144751.807,167944.52500035],[144751.432,167943.20100035],[144735.55495564,167904.68548767],[144739.6324964,167903.00462478],[144739.982,167904.17900035],[144743.2,167913.52100035],[144746.909,167924.14200035],[144752.146,167936.60900035],[144754.769,167943.20200035],[144755.3625464,167944.82599224]]]},"geometry_name":"GEOM","properties":{"INSPIRE_ID":"https://databrussels.be/id/streetsurface/142740","TYPE":"SW","STREET_ID":"https://databrussels.be/id/streetname/4568","STRNAMEFRE":"Chaussée de Mons","STRNAMEDUT":"Bergense Steenweg","MUNNISCODE":"21001","HIERARCHY":"IDR","LVL":0,"ADMIN":"REGION_RBC","AREA":153},"bbox":[144735.55495564,167903.00462478,144755.3625464,167946.23700035]},{"type":"Feature","id":"StreetSurfaces.fid--1290087_1a02c00fa75_-2b7f","geometry":{"type":"Polygon","coordinates":[[[144633.05449511,168056.55204497],[144624.99562468,168038.44750499],[144594.53023448,167970.03428687],[144590.73301787,167974.14395016],[144628.80273151,168058.44071835],[144625.81,168059.77000035],[144585.56,167969.78000035],[144590.65,167967.84000035],[144595.74,167965.90000035],[144597.95,167968.67000035],[144636.341,168055.09200035],[144633.05449511,168056.55204497]]]},"geometry_name":"GEOM","properties":{"INSPIRE_ID":"https://databrussels.be/id/streetsurface/142741","TYPE":"SW","STREET_ID":"https://databrussels.be/id/streetname/535","STRNAMEFRE":"Rue Pierre Schlosser","STRNAMEDUT":"Pierre Schlosserstraat","MUNNISCODE":"21001","HIERARCHY":"DR","LVL":0,"ADMIN":"MUN_RBC","AREA":684},"bbox":[144585.56,167965.90000035,144636.341,168059.77000035]},{"type":"Feature","id":"StreetSurfaces.fid--1290087_1a02c00fa75_-2a90","geometry":{"type":"Polygon","coordinates":[[[144843.386,167577.67600035],[144843.75483117,167575.25762214],[144862.927,167579.07800035],[144874.858,167581.63100035],[144874.497,167583.41400035],[144876.485,167583.80100035],[144881.63,167584.80200035],[144883.6,167585.22500035],[144889.57,167586.34300035],[144891.546,167586.73300035],[144896.358,167587.67800035],[144898.325,167588.07100035],[144903.399,167589.06600035],[144905.351,167589.44200035],[144910.138,167590.40000035],[144912.091,167590.78000035],[144917.042,167591.76200035],[144918.983,167592.15900035],[144923.487,167593.71700035],[144925.345,167594.43000035],[144931.847,167596.91400035],[144932.522,167595.11300035],[144931.015,167594.55800035],[144931.618,167592.97600035],[144940.416,167596.32700035],[144950.024,167600.01000035],[144978.328,167610.87200035],[144979.718,167611.39300035],[144978.435,167614.81500035],[144980.321,167615.43000035],[144984.848,167617.19900035],[144986.696,167617.86800035],[144992.863,167620.23300035],[144994.74,167620.94400035],[144994.587,167620.43600035],[144998.967,167622.17600035],[144999.549,167622.44200035],[144999.42,167622.74200035],[145000.725,167623.20900035],[145011.345,167627.28500035],[145013.207,167627.99200035],[145017.909,167629.80700035],[145019.777,167630.47900035],[145024.229,167632.19000035],[145026.104,167632.89000035],[145026.809,167631.13700035],[145027.708,167631.48100035],[145028.7888595,167632.14686423],[145026.131,167635.51900035],[145019.47,167633.01400035],[145019.529,167632.94700035],[145009.285,167629.04500035],[145005.762,167627.75700035],[144986.13,167620.26100035],[144985.976,167620.66300035],[144967.333,167613.47400035],[144967.461,167613.10000035],[144953.086,167607.61000035],[144952.781,167607.73900035],[144945.577,167604.96000035],[144945.633,167604.80600035],[144945.547,167604.70800035],[144935.744,167601.00100035],[144931.901,167599.58700035],[144919.06,167594.67200035],[144879.207,167586.70600035],[144878.544,167586.79500035],[144869.785,167584.94900035],[144870.214,167582.68000035],[144865.014,167581.64300035],[144865.006,167581.56100035],[144860.39,167580.66700035],[144853.791,167579.29100035],[144852.732,167579.13200035],[144851.475,167579.00100035],[144850.876,167578.94800035],[144844.491,167577.73100035],[144843.386,167577.67600035]]]},"geometry_name":"GEOM","properties":{"INSPIRE_ID":"https://databrussels.be/id/streetsurface/142754","TYPE":"SW","STREET_ID":"https://databrussels.be/id/streetname/3315","STRNAMEFRE":"Rue des Citoyens","STRNAMEDUT":"Burgersstraat","MUNNISCODE":"21001","HIERARCHY":"DR","LVL":0,"ADMIN":"MUN_RBC","AREA":663},"bbox":[144843.386,167575.25762214,145028.7888595,167635.51900035]},{"type":"Feature","id":"StreetSurfaces.fid--1290087_1a02c00fa75_-2b88","geometry":{"type":"Polygon","coordinates":[[[144997.05,167672.39300035],[145000.724,167668.68500035],[145004.93,167664.54300035],[145013.94,167655.56500035],[145017.615,167651.95700035],[145020.349,167649.50100035],[145024.463,167645.18600035],[145022.119,167642.95200035],[145026.706,167638.44600035],[145031.63016669,167643.97545145],[145030.748,167645.25500035],[145029.936,167646.05800035],[145029.335,167646.41700035],[145028.805,167646.61500035],[145028.246,167646.70300035],[145027.32,167646.59800035],[145026.768,167646.40400035],[145026.051,167647.09700035],[145016.087,167656.94700035],[145004.364,167668.57700035],[144998.87653296,167673.97856637],[144997.05,167672.39300035]]]},"geometry_name":"GEOM","properties":{"INSPIRE_ID":"https://databrussels.be/id/streetsurface/142755","TYPE":"SW","STREET_ID":"https://databrussels.be/id/streetname/895","STRNAMEFRE":"Rue de l'Energie","STRNAMEDUT":"Wilskrachtstraat","MUNNISCODE":"21001","HIERARCHY":"DR","LVL":0,"ADMIN":"MUN_RBC","AREA":138},"bbox":[144997.05,167638.44600035,145031.63016669,167673.97856637]},{"type":"Feature","id":"StreetSurfaces.fid--1290087_1a02c00fa75_-2b87","geometry":{"type":"Polygon","coordinates":[[[145004.674,167692.12100035],[145003.978,167691.43700035],[145003.102,167690.74700035],[145002.421,167690.33400035],[145001.485,167689.88100035],[145000.654,167689.56400035],[144999.694,167689.34100035],[144998.06241295,167687.79896429],[144999.25,167687.75100035],[145001.237,167688.19100035],[145002.004,167688.50400035],[145003.443,167689.20500035],[145004.659,167690.09500035],[145005.513,167690.97900035],[145005.84322731,167691.47337736],[145004.674,167692.12100035]]]},"geometry_name":"GEOM","properties":{"INSPIRE_ID":"https://databrussels.be/id/streetsurface/142756","TYPE":"SW","STREET_ID":"https://databrussels.be/id/streetname/4839","STRNAMEFRE":"Rue Jacques Boon","STRNAMEDUT":"Jacques Boonstraat","MUNNISCODE":"21001","HIERARCHY":"DR","LVL":0,"ADMIN":"MUN_RBC","AREA":11},"bbox":[144998.06241295,167687.75100035,145005.84322731,167692.12100035]},{"type":"Feature","id":"StreetSurfaces.fid--1290087_1a02c00fa75_-2b9c","geometry":{"type":"Polygon","coordinates":[[[144964.16455839,167867.26344499],[144967.177,167865.37900035],[144969.287,167869.63400035],[144971.901,167874.46400035],[144972.48812898,167875.68147055],[144974.007,167878.83100035],[144974.675,167879.76800035],[144976.503,167882.99600035],[144977.172,167884.02900035],[144976.957,167884.15500035],[144978.705,167887.30600035],[144979.399,167888.47500035],[144981.604,167892.73400035],[144983.838,167896.81000035],[144985.539,167900.26100035],[144986.1,167901.30200035],[144986.031,167901.35100035],[144986.564,167902.50400035],[144986.719,167902.73000035],[144986.915,167902.91700035],[144987.097,167903.03600035],[144984.09604304,167904.91465441],[144983.513,167903.83300035],[144985.023,167903.00000035],[144982.269,167897.76000035],[144975.497,167885.06500035],[144972.611,167879.70600035],[144969.185,167873.20800035],[144967.665,167874.03900035],[144965.962,167870.94600035],[144964.567,167868.28900035],[144964.16455839,167867.26344499]]]},"geometry_name":"GEOM","properties":{"INSPIRE_ID":"https://databrussels.be/id/streetsurface/142759","TYPE":"SW","STREET_ID":"https://databrussels.be/id/streetname/4202","STRNAMEFRE":"Avenue Guillaume Melckmans","STRNAMEDUT":"Guillaume Melckmanslaan","MUNNISCODE":"21001","HIERARCHY":"DR","LVL":0,"ADMIN":"MUN_RBC","AREA":92},"bbox":[144964.16455839,167865.37900035,144987.097,167904.91465441]},{"type":"Feature","id":"StreetSurfaces.fid--1290087_1a02c00fa75_-2b93","geometry":{"type":"Polygon","coordinates":[[[144996.90897614,167909.19808414],[145000.1699593,167915.25178637],[144999.77247207,167916.5381101],[144999.364,167917.96300035],[144993.674,167921.01900035],[144993.03277689,167921.35737725],[144990.733,167917.08500035],[144990.571,167916.72100035],[144990.264,167916.00200035],[144990.119,167915.23300035],[144990.126,167914.73700035],[144990.147,167914.55200035],[144990.263,167913.91000035],[144990.5,167913.30200035],[144990.808,167912.80400035],[144991.198,167912.36600035],[144991.896,167911.86600035],[144996.463,167909.43400035],[144996.90897614,167909.19808414]]]},"geometry_name":"GEOM","properties":{"INSPIRE_ID":"https://databrussels.be/id/streetsurface/142760","TYPE":"SW","STREET_ID":"https://databrussels.be/id/streetname/4202","STRNAMEFRE":"Avenue Guillaume Melckmans","STRNAMEDUT":"Guillaume Melckmanslaan","MUNNISCODE":"21001","HIERARCHY":"DR","LVL":0,"ADMIN":"MUN_RBC","AREA":77},"bbox":[144990.119,167909.19808414,145000.1699593,167921.35737725]},{"type":"Feature","id":"StreetSurfaces.fid--1290087_1a02c00fa75_-2b56","geometry":{"type":"Polygon","coordinates":[[[144584.90144758,167918.5120675],[144582.047,167917.32800035],[144575.49,167913.73000035],[144569.042,167909.95000035],[144563.9,167906.74000035],[144555.03,167900.78000035],[144539.761,167890.21700035],[144539.202,167889.63900035],[144538.907,167888.89500035],[144538.915,167888.38500035],[144530.642,167882.92900035],[144530.16641999,167883.18638651],[144529.66620195,167883.39182723],[144529.147,167883.54300035],[144528.4083938,167883.65960193],[144527.66067371,167883.66665272],[144526.92,167883.56400035],[144526.25081037,167883.44857278],[144525.60296111,167883.24503008],[144524.988,167882.95700035],[144518.67953718,167878.59995393],[144519.87767359,167876.88150191],[144523.16,167879.17000035],[144526.15,167874.50000035],[144558.32,167896.91000035],[144557.381,167897.42700035],[144564.87,167902.68000035],[144572.001,167907.08300035],[144586.678,167915.12600035],[144584.90144758,167918.5120675]]]},"geometry_name":"GEOM","properties":{"INSPIRE_ID":"https://databrussels.be/id/streetsurface/142767","TYPE":"SW","STREET_ID":"https://databrussels.be/id/streetname/2952","STRNAMEFRE":"Route de Lennik","STRNAMEDUT":"Lennikse Baan","MUNNISCODE":"21001","HIERARCHY":"DR","LVL":0,"ADMIN":"MUN_RBC","AREA":352},"bbox":[144518.67953718,167874.50000035,144586.678,167918.5120675]},{"type":"Feature","id":"StreetSurfaces.fid--1290087_1a02c00fa75_-2b28","geometry":{"type":"Polygon","coordinates":[[[144702.94577084,167816.82510805],[144700.447,167817.92000035],[144694.981,167805.44500035],[144694.53633438,167804.35286423],[144697.42874109,167803.17542151],[144698.243,167805.23400035],[144702.94577084,167816.82510805]]]},"geometry_name":"GEOM","properties":{"INSPIRE_ID":"https://databrussels.be/id/streetsurface/142768","TYPE":"SW","STREET_ID":"https://databrussels.be/id/streetname/4568","STRNAMEFRE":"Chaussée de Mons","STRNAMEDUT":"Bergense Steenweg","MUNNISCODE":"21001","HIERARCHY":"IDR","LVL":0,"ADMIN":"REGION_RBC","AREA":43},"bbox":[144694.53633438,167803.17542151,144702.94577084,167817.92000035]},{"type":"Feature","id":"StreetSurfaces.fid--1290087_1a02c00fa75_-2af1","geometry":{"type":"Polygon","coordinates":[[[144728.11526566,167618.00921235],[144728.97,167617.67000035],[144729.7,167618.83000035],[144730.96,167620.25000036],[144732.99,167622.19000035],[144735.64,167625.04000035],[144734.62878787,167626.05284395],[144733.56,167624.86000035],[144730.39,167621.53000035],[144729.25,167620.12000035],[144728.56,167618.93000035],[144728.11526566,167618.00921235]]]},"geometry_name":"GEOM","properties":{"INSPIRE_ID":"https://databrussels.be/id/streetsurface/142769","TYPE":"SW","STREET_ID":"https://databrussels.be/id/streetname/2247","STRNAMEFRE":"Place Ernest S'Jonghers","STRNAMEDUT":"Ernest S'Jonghersplein","MUNNISCODE":"21001","HIERARCHY":"DR","LVL":0,"ADMIN":"MUN_RBC","AREA":13},"bbox":[144728.11526566,167617.67000035,144735.64,167626.05284395]},{"type":"Feature","id":"StreetSurfaces.fid--1290087_1a02c00fa75_-2add","geometry":{"type":"Polygon","coordinates":[[[144763.33,167704.79800035],[144765.54568245,167705.65749646],[144763.964,167710.10300035],[144762.058,167715.49700035],[144763.83,167716.14300035],[144762.485,167719.56800035],[144760.643,167720.36700035],[144761.442,167722.19200035],[144759.605,167722.99000035],[144757.766,167723.79400035],[144755.929,167724.55900035],[144755.126,167722.76400035],[144753.289,167723.54800035],[144752.889,167722.62900035],[144750.905,167723.49300035],[144750.389,167723.61700035],[144749.864,167723.66900035],[144749.338,167723.63600035],[144748.824,167723.51900035],[144748.335,167723.32100035],[144747.891,167723.05300035],[144747.495,167722.71700035],[144747.158,167722.32300035],[144746.907,167721.89200035],[144745.206,167718.25400035],[144743.83825985,167715.48812584],[144745.226,167714.84500035],[144757.673,167719.66100035],[144760.89,167709.82400035],[144761.479,167709.89700035],[144761.846,167708.99200035],[144762.341,167707.70200035],[144763.33,167704.79800035]]]},"geometry_name":"GEOM","properties":{"INSPIRE_ID":"https://databrussels.be/id/streetsurface/142770","TYPE":"SW","STREET_ID":"https://databrussels.be/id/streetname/267","STRNAMEFRE":"Avenue des Droits de l'Homme","STRNAMEDUT":"Mensenrechtenlaan","MUNNISCODE":"21001","HIERARCHY":"DR","LVL":0,"ADMIN":"MUN_RBC","AREA":134},"bbox":[144743.83825985,167704.79800035,144765.54568245,167724.55900035]},{"type":"Feature","id":"StreetSurfaces.fid--1290087_1a02c00fa75_-2adb","geometry":{"type":"Polygon","coordinates":[[[144770.73238368,167707.66949484],[144772.912,167708.51500035],[144777.424,167719.77400035],[144782.034,167730.15900035],[144784.215,167736.13500035],[144784.616,167737.01500036],[144783.03723938,167737.89056792],[144775.805,167721.06200035],[144771.088,167718.99800035],[144770.741,167718.18900035],[144771.309,167717.94500035],[144769.742,167714.28600035],[144768.905,167714.64500035],[144768.549,167713.81400035],[144769.915,167709.96600035],[144770.73238368,167707.66949484]]]},"geometry_name":"GEOM","properties":{"INSPIRE_ID":"https://databrussels.be/id/streetsurface/142771","TYPE":"SW","STREET_ID":"https://databrussels.be/id/streetname/267","STRNAMEFRE":"Avenue des Droits de l'Homme","STRNAMEDUT":"Mensenrechtenlaan","MUNNISCODE":"21001","HIERARCHY":"DR","LVL":0,"ADMIN":"MUN_RBC","AREA":98},"bbox":[144768.549,167707.66949484,144784.616,167737.89056792]},{"type":"Feature","id":"StreetSurfaces.fid--1290087_1a02c00fa75_-2aa3","geometry":{"type":"Polygon","coordinates":[[[144996.2876607,167494.47188755],[144997.78,167500.23000035],[145000.12,167507.48000035],[145001.709,167512.06200035],[144999.2725661,167512.7849762],[144998.387,167510.28500035],[144997.764,167508.37800035],[144997.322,167507.06200035],[144996.9,167505.74400035],[144996.465,167504.42500035],[144995.974,167502.82600035],[144995.387,167500.89100035],[144995.091,167499.91200035],[144994.81,167498.95700035],[144994.046,167496.04500035],[144993.799,167495.05600035],[144993.543,167494.05700035],[144993.12650609,167492.26316202],[144994.467,167492.04200035],[144995.59,167491.78000035],[144996.2876607,167494.47188755]]]},"geometry_name":"GEOM","properties":{"INSPIRE_ID":"https://databrussels.be/id/streetsurface/142783","TYPE":"SW","STREET_ID":"https://databrussels.be/id/streetname/3024","STRNAMEFRE":"Rue des Colombophiles","STRNAMEDUT":"Duivenmelkersstraat","MUNNISCODE":"21001","HIERARCHY":"DR","LVL":0,"ADMIN":"MUN_RBC","AREA":54},"bbox":[144993.12650609,167491.78000035,145001.709,167512.7849762]},{"type":"Feature","id":"StreetSurfaces.fid--1290087_1a02c00fa75_-2ac9","geometry":{"type":"Polygon","coordinates":[[[144609.108,167593.86900035],[144611.63302285,167592.80316598],[144611.988,167593.67100035],[144613.812,167592.94400035],[144614.212,167592.77500035],[144616.436,167598.41000035],[144616.744,167599.44400035],[144616.627,167601.12300035],[144616.323,167602.27900035],[144615.675,167603.44400035],[144612.85337138,167605.65670912],[144612.385,167601.63200035],[144609.108,167593.86900035]]]},"geometry_name":"GEOM","properties":{"INSPIRE_ID":"https://databrussels.be/id/streetsurface/142799","TYPE":"SW","STREET_ID":"https://databrussels.be/id/streetname/4568","STRNAMEFRE":"Chaussée de Mons","STRNAMEDUT":"Bergense Steenweg","MUNNISCODE":"21001","HIERARCHY":"IDR","LVL":0,"ADMIN":"REGION_RBC","AREA":54},"bbox":[144609.108,167592.77500035,144616.744,167605.65670912]},{"type":"Feature","id":"StreetSurfaces.fid--1290087_1a02c00fa75_-2ace","geometry":{"type":"Polygon","coordinates":[[[144609.31,167544.68000035],[144619.77038813,167570.36165688],[144619.87196076,167570.61103133],[144622.91834344,167578.0903096],[144623.64190138,167579.86674142],[144624.00569376,167580.75990052],[144625.23989952,167583.79004128],[144626.45,167586.76100035],[144623.85380797,167587.7937019],[144623.812,167587.69300035],[144618.513,167574.57400035],[144617.275,167571.48800035],[144616.489,167569.43000035],[144610.709,167555.23100035],[144609.428,167552.15200035],[144608.595,167550.08000035],[144606.895,167546.01500035],[144605.871,167543.42000035],[144604.178,167539.44300035],[144601.797,167533.57700035],[144601.56,167533.66800035],[144599.736,167534.43200035],[144598.19650319,167530.62824361],[144602.858,167528.94300035],[144606.61710722,167538.11179613],[144609.31,167544.68000035]]]},"geometry_name":"GEOM","properties":{"INSPIRE_ID":"https://databrussels.be/id/streetsurface/142800","TYPE":"SW","STREET_ID":"https://databrussels.be/id/streetname/4568","STRNAMEFRE":"Chaussée de Mons","STRNAMEDUT":"Bergense Steenweg","MUNNISCODE":"21001","HIERARCHY":"IDR","LVL":0,"ADMIN":"REGION_RBC","AREA":180},"bbox":[144598.19650319,167528.94300035,144626.45,167587.7937019]},{"type":"Feature","id":"StreetSurfaces.fid--1290087_1a02c00fa75_-2abd","geometry":{"type":"Polygon","coordinates":[[[144783.783,167546.74300035],[144787.30705882,167544.73153956],[144787.357,167545.09500035],[144787.389,167545.62400035],[144787.382,167546.14900035],[144787.335,167546.67100035],[144787.25,167547.18900035],[144787.136,167547.70100035],[144786.991,167548.20500035],[144786.814,167548.69900035],[144786.609,167549.17600035],[144786.374,167549.63900035],[144786.111,167550.08800035],[144785.557,167550.77000035],[144784.472,167551.86800035],[144784.14723323,167552.04571695],[144783.121,167550.15000035],[144784.246,167549.36300035],[144783.783,167546.74300035]]]},"geometry_name":"GEOM","properties":{"INSPIRE_ID":"https://databrussels.be/id/streetsurface/142801","TYPE":"SW","STREET_ID":"https://databrussels.be/id/streetname/2665","STRNAMEFRE":"Place Ministre Wauters","STRNAMEDUT":"Minister Wautersplein","MUNNISCODE":"21001","HIERARCHY":"DR","LVL":0,"ADMIN":"MUN_RBC","AREA":17},"bbox":[144783.121,167544.73153956,144787.389,167552.04571695]},{"type":"Feature","id":"StreetSurfaces.fid--1290087_1a02c00fa75_-2a91","geometry":{"type":"Polygon","coordinates":[[[144843.386,167577.67600035],[144842.129,167577.64700035],[144837.877,167580.19800035],[144837.063,167580.99500035],[144837.04,167582.22300035],[144833.07167127,167583.90370429],[144832.893,167583.52600035],[144832.529,167582.00600035],[144832.567,167580.05000035],[144833.129,167578.04300035],[144834.16,167576.19200035],[144835.562,167574.70100035],[144837.369,167573.63100035],[144838.577,167573.23900035],[144839.834,167573.05300035],[144842.156,167573.08100035],[144843.123,167573.19600035],[144843.638,167573.29700035],[144843.285,167575.16400035],[144843.75483117,167575.25762214],[144843.386,167577.67600035]]]},"geometry_name":"GEOM","properties":{"INSPIRE_ID":"https://databrussels.be/id/streetsurface/142802","TYPE":"SW","STREET_ID":"https://databrussels.be/id/streetname/2665","STRNAMEFRE":"Place Ministre Wauters","STRNAMEDUT":"Minister Wautersplein","MUNNISCODE":"21001","HIERARCHY":"DR","LVL":0,"ADMIN":"MUN_RBC","AREA":69},"bbox":[144832.529,167573.05300035,144843.75483117,167583.90370429]},{"type":"Feature","id":"StreetSurfaces.fid--1290087_1a02c00fa75_-2b8a","geometry":{"type":"Polygon","coordinates":[[[144991.31491821,167681.42181132],[144989.49389345,167679.70073499],[144992.085,167677.13500035],[144995.616,167673.66900035],[144997.05,167672.39300035],[144998.87653296,167673.97856637],[144991.31491821,167681.42181132]]]},"geometry_name":"GEOM","properties":{"INSPIRE_ID":"https://databrussels.be/id/streetsurface/142803","TYPE":"SW","STREET_ID":"https://databrussels.be/id/streetname/4839","STRNAMEFRE":"Rue Jacques Boon","STRNAMEDUT":"Jacques Boonstraat","MUNNISCODE":"21001","HIERARCHY":"DR","LVL":0,"ADMIN":"MUN_RBC","AREA":26},"bbox":[144989.49389345,167672.39300035,144998.87653296,167681.42181132]},{"type":"Feature","id":"StreetSurfaces.fid--1290087_1a02c00fa75_-2b99","geometry":{"type":"Polygon","coordinates":[[[145001.31631006,167842.93763226],[145001.98,167844.19700035],[145000,167845.24000035],[144991.01,167849.98000035],[144986.936,167851.88100035],[144978.557,167856.27800035],[144969.1,167861.23000035],[144968.656,167861.62800035],[144967.01831962,167858.70264204],[144968.249,167858.04100035],[144969.98,167857.15600035],[144973.525,167855.27100035],[144974.392,167856.88100035],[144978.975,167854.49600035],[144979.723,167854.05100035],[144986.246,167850.66600035],[144989.76,167848.93000035],[145000,167843.62000035],[145001.31631006,167842.93763226]]]},"geometry_name":"GEOM","properties":{"INSPIRE_ID":"https://databrussels.be/id/streetsurface/142805","TYPE":"SW","STREET_ID":"https://databrussels.be/id/streetname/5340","STRNAMEFRE":"Avenue de la Société Nationale","STRNAMEDUT":"Nationale Maatschappijlaan","MUNNISCODE":"21001","HIERARCHY":"DR","LVL":0,"ADMIN":"MUN_RBC","AREA":67},"bbox":[144967.01831962,167842.93763226,145001.98,167861.62800035]},{"type":"Feature","id":"StreetSurfaces.fid--1290087_1a02c00fa75_-2b02","geometry":{"type":"Polygon","coordinates":[[[144874.68187717,167717.90873109],[144873.844,167716.63700035],[144874.549,167714.60600035],[144874.74123088,167712.51093787],[144874.776,167712.13200035],[144876.86716782,167711.13086696],[144877.294,167711.93800035],[144877.617,167712.66600035],[144877.761,167713.44900035],[144877.717,167714.25400035],[144877.594,167714.81300035],[144877.202,167715.71100035],[144876.706,167716.41200035],[144876.101,167717.02000035],[144875.461,167717.48300035],[144874.68187717,167717.90873109]]]},"geometry_name":"GEOM","properties":{"INSPIRE_ID":"https://databrussels.be/id/streetsurface/142806","TYPE":"SW","STREET_ID":"https://databrussels.be/id/streetname/4202","STRNAMEFRE":"Avenue Guillaume Melckmans","STRNAMEDUT":"Guillaume Melckmanslaan","MUNNISCODE":"21001","HIERARCHY":"DR","LVL":0,"ADMIN":"MUN_RBC","AREA":17},"bbox":[144873.844,167711.13086696,144877.761,167717.90873109]},{"type":"Feature","id":"StreetSurfaces.fid--1290087_1a02c00fa75_-2b06","geometry":{"type":"Polygon","coordinates":[[[144883.691,167707.86400035],[144881.48508971,167708.92006599],[144875.118,167696.90200035],[144872.32,167691.59600035],[144870.318,167687.78400035],[144865.589,167678.92400035],[144864.883,167677.54800035],[144862.77038456,167673.52159356],[144864.939,167672.36000035],[144865.989,167674.69000035],[144866.856,167676.38500035],[144868.105,167678.51600035],[144869.52,167681.15900035],[144872.422,167686.48500035],[144875.278,167691.48900035],[144876.97,167694.35000035],[144878.61,167697.29000035],[144883.691,167707.86400035]]]},"geometry_name":"GEOM","properties":{"INSPIRE_ID":"https://databrussels.be/id/streetsurface/142807","TYPE":"SW","STREET_ID":"https://databrussels.be/id/streetname/4202","STRNAMEFRE":"Avenue Guillaume Melckmans","STRNAMEDUT":"Guillaume Melckmanslaan","MUNNISCODE":"21001","HIERARCHY":"DR","LVL":0,"ADMIN":"MUN_RBC","AREA":103},"bbox":[144862.77038456,167672.36000035,144883.691,167708.92006599]},{"type":"Feature","id":"StreetSurfaces.fid--1290087_1a02c00fa75_-2afc","geometry":{"type":"Polygon","coordinates":[[[144906.88073382,167760.06881322],[144906.76,167759.91200035],[144904.814,167756.36200035],[144906.321,167755.47500035],[144903.078,167749.39000035],[144896.006,167736.15100035],[144892.565,167729.71500035],[144888.041,167721.27200035],[144887.56731,167720.38936934],[144889.864,167719.23700035],[144892.955,167724.75400035],[144895.52,167729.99000035],[144898.566,167735.68600035],[144901.639,167741.37400035],[144904.389,167746.42700035],[144905.445,167748.52600035],[144910.167,167757.39800035],[144910.344,167757.73600035],[144906.88073382,167760.06881322]]]},"geometry_name":"GEOM","properties":{"INSPIRE_ID":"https://databrussels.be/id/streetsurface/142808","TYPE":"SW","STREET_ID":"https://databrussels.be/id/streetname/4202","STRNAMEFRE":"Avenue Guillaume Melckmans","STRNAMEDUT":"Guillaume Melckmanslaan","MUNNISCODE":"21001","HIERARCHY":"DR","LVL":0,"ADMIN":"MUN_RBC","AREA":118},"bbox":[144887.56731,167719.23700035,144910.344,167760.06881322]},{"type":"Feature","id":"StreetSurfaces.fid--1290087_1a02c00fa75_-2b49","geometry":{"type":"Polygon","coordinates":[[[144902.132,167769.04200035],[144902.93584387,167771.72618077],[144900.288,167774.36400035],[144899.158,167775.53700035],[144894.056,167780.57100035],[144886.716,167787.81700035],[144872.781,167801.63900035],[144867.788,167806.47200035],[144858.963,167815.18700035],[144851.754,167822.37200035],[144845.721,167828.28000035],[144835.58594127,167838.31374746],[144833.657,167836.48500035],[144837.272,167832.81900035],[144838.15794842,167831.95363828],[144842.092,167828.11100035],[144843.798,167826.44100035],[144846.539,167823.51500035],[144850.078,167819.99200035],[144855.072,167815.14600035],[144857.856,167812.44400035],[144859.707,167810.82600035],[144862.332,167808.13600035],[144864.706,167805.85900035],[144869.585,167801.09100035],[144875.738,167795.08000035],[144879.579,167791.22500035],[144882.753,167788.28400035],[144887.113,167783.67700035],[144889.807,167780.77500035],[144892.038,167778.64100035],[144896.535,167774.73800035],[144897.582,167773.74400035],[144902.132,167769.04200035]]]},"geometry_name":"GEOM","properties":{"INSPIRE_ID":"https://databrussels.be/id/streetsurface/142809","TYPE":"SW","STREET_ID":"https://databrussels.be/id/streetname/895","STRNAMEFRE":"Rue de l'Energie","STRNAMEDUT":"Wilskrachtstraat","MUNNISCODE":"21001","HIERARCHY":"DR","LVL":0,"ADMIN":"MUN_RBC","AREA":253},"bbox":[144833.657,167769.04200035,144902.93584387,167838.31374746]},{"type":"Feature","id":"StreetSurfaces.fid--1290087_1a02c00fa75_-2b4c","geometry":{"type":"Polygon","coordinates":[[[144902.132,167769.04200035],[144902.667,167767.91700035],[144903.211,167765.70900035],[144902.397,167763.08900035],[144904.06978612,167761.9622325],[144905.328,167764.32800035],[144905.654,167765.29000035],[144905.795,167766.29700035],[144905.737,167767.27600035],[144905.516,167768.23100035],[144905.14,167769.13600035],[144904.627,167769.95600035],[144903.986,167770.68000035],[144902.93584387,167771.72618077],[144902.132,167769.04200035]]]},"geometry_name":"GEOM","properties":{"INSPIRE_ID":"https://databrussels.be/id/streetsurface/142810","TYPE":"SW","STREET_ID":"https://databrussels.be/id/streetname/4202","STRNAMEFRE":"Avenue Guillaume Melckmans","STRNAMEDUT":"Guillaume Melckmanslaan","MUNNISCODE":"21001","HIERARCHY":"DR","LVL":0,"ADMIN":"MUN_RBC","AREA":22},"bbox":[144902.132,167761.9622325,144905.795,167771.72618077]},{"type":"Feature","id":"StreetSurfaces.fid--1290087_1a02c00fa75_-2b3f","geometry":{"type":"Polygon","coordinates":[[[144839.26861723,167841.80513578],[144840.761,167843.22000035],[144839.155,167844.74400035],[144838.083,167845.79600035],[144837.349,167846.43800035],[144837.162,167846.66000035],[144836.772,167847.10600035],[144836.428,167847.57500035],[144836.214,167847.96100035],[144836.049,167848.56200035],[144835.931,167849.25500035],[144835.788,167849.75100035],[144835.715,167850.41600035],[144835.716,167850.98100035],[144835.787,167852.04600035],[144835.801,167852.65200035],[144833.24200662,167853.63777045],[144832.411,167851.67100035],[144832.403,167850.74700035],[144832.543,167849.83400035],[144833.057,167848.46500035],[144833.747,167847.35500035],[144835.693,167845.40900035],[144836.853,167844.23900035],[144838,167843.06100035],[144838.402,167842.66500035],[144839.26861723,167841.80513578]]]},"geometry_name":"GEOM","properties":{"INSPIRE_ID":"https://databrussels.be/id/streetsurface/142811","TYPE":"SW","STREET_ID":"https://databrussels.be/id/streetname/3172","STRNAMEFRE":"Avenue de la Persévérance","STRNAMEDUT":"Volhardingslaan","MUNNISCODE":"21001","HIERARCHY":"DR","LVL":0,"ADMIN":"MUN_RBC","AREA":32},"bbox":[144832.403,167841.80513578,144840.761,167853.63777045]},{"type":"Feature","id":"StreetSurfaces.fid--1290087_1a02c00fa75_-2b3e","geometry":{"type":"Polygon","coordinates":[[[144856.49686716,167906.8349359],[144853.401,167899.83500035],[144849.792,167891.58300035],[144846.063,167883.06300035],[144842.013,167873.78500035],[144837.905,167864.39000035],[144833.938,167855.28500035],[144833.24200662,167853.63777045],[144835.801,167852.65200035],[144835.91,167853.04800035],[144836.312,167854.10000035],[144836.76,167855.36600035],[144837.144,167856.32100035],[144837.836,167857.93100035],[144839.383,167861.66600035],[144839.88,167862.77000035],[144844.238,167872.51200035],[144845.362,167875.37000035],[144846.413,167877.57900035],[144846.8,167878.25700035],[144847.999,167881.18900035],[144848.357,167882.12500035],[144848.853,167883.20100035],[144850.806,167887.84000035],[144854.562,167896.35700035],[144854.871,167897.24400035],[144856.663,167901.32600035],[144858.331,167905.03200035],[144858.512,167905.33200035],[144858.672,167905.48500035],[144856.49686716,167906.8349359]]]},"geometry_name":"GEOM","properties":{"INSPIRE_ID":"https://databrussels.be/id/streetsurface/142812","TYPE":"SW","STREET_ID":"https://databrussels.be/id/streetname/3172","STRNAMEFRE":"Avenue de la Persévérance","STRNAMEDUT":"Volhardingslaan","MUNNISCODE":"21001","HIERARCHY":"DR","LVL":0,"ADMIN":"MUN_RBC","AREA":143},"bbox":[144833.24200662,167852.65200035,144858.672,167906.8349359]},{"type":"Feature","id":"StreetSurfaces.fid--1290087_1a02c00fa75_-2b76","geometry":{"type":"Polygon","coordinates":[[[144865.304,167921.15400035],[144863.27442574,167922.60067666],[144862.217,167920.15600035],[144861.675,167918.83700035],[144861.536,167917.81300035],[144861.697,167916.76000035],[144861.921,167916.27800035],[144862.231,167915.84600035],[144862.996,167915.10300035],[144863.905,167914.62100035],[144865.74731498,167913.65155789],[144866.63,167915.85000035],[144865.21,167917.38000035],[144864.69,167918.91000035],[144865.304,167921.15400035]]]},"geometry_name":"GEOM","properties":{"INSPIRE_ID":"https://databrussels.be/id/streetsurface/142813","TYPE":"SW","STREET_ID":"https://databrussels.be/id/streetname/3172","STRNAMEFRE":"Avenue de la Persévérance","STRNAMEDUT":"Volhardingslaan","MUNNISCODE":"21001","HIERARCHY":"DR","LVL":0,"ADMIN":"MUN_RBC","AREA":25},"bbox":[144861.536,167913.65155789,144866.63,167922.60067666]},{"type":"Feature","id":"StreetSurfaces.fid--1290087_1a02c00fa75_-2b63","geometry":{"type":"Polygon","coordinates":[[[144893.60847534,167992.08958621],[144890.871,167985.78200035],[144887.004,167976.97200035],[144885.828,167974.37900035],[144887.964,167973.46000035],[144892.575,167984.04800035],[144892.714,167983.98500035],[144894.111,167986.96900035],[144894.294,167986.88900035],[144895.546,167989.76200035],[144895.739,167989.94700035],[144893.60847534,167992.08958621]]]},"geometry_name":"GEOM","properties":{"INSPIRE_ID":"https://databrussels.be/id/streetsurface/142814","TYPE":"SW","STREET_ID":"https://databrussels.be/id/streetname/3172","STRNAMEFRE":"Avenue de la Persévérance","STRNAMEDUT":"Volhardingslaan","MUNNISCODE":"21001","HIERARCHY":"DR","LVL":0,"ADMIN":"MUN_RBC","AREA":45},"bbox":[144885.828,167973.46000035,144895.739,167992.08958621]},{"type":"Feature","id":"StreetSurfaces.fid--1290087_1a02c00fa75_-2b80","geometry":{"type":"Polygon","coordinates":[[[144885.847,167999.89500035],[144889.38900891,167996.33293963],[144891.00780061,168000.00400035],[144891.081,168000.17000035],[144889.48,168000.87000035],[144895.867,168015.49300035],[144893.83288857,168016.45674556],[144891.739,168011.66900035],[144887.001,168000.89100035],[144885.847,167999.89500035]]]},"geometry_name":"GEOM","properties":{"INSPIRE_ID":"https://databrussels.be/id/streetsurface/142815","TYPE":"SW","STREET_ID":"https://databrussels.be/id/streetname/3172","STRNAMEFRE":"Avenue de la Persévérance","STRNAMEDUT":"Volhardingslaan","MUNNISCODE":"21001","HIERARCHY":"DR","LVL":0,"ADMIN":"MUN_RBC","AREA":50},"bbox":[144885.847,167996.33293963,144895.867,168016.45674556]},{"type":"Feature","id":"StreetSurfaces.fid--1290087_1a02c00fa75_-2a9d","geometry":{"type":"Polygon","coordinates":[[[145001.709,167512.06200035],[145002.08,167513.13000035],[145005.27,167521.55000035],[145008.53,167528.95000035],[145010.18,167532.54000035],[145014.06,167539.80000035],[145019.13,167548.57000035],[145031.06,167566.87000035],[145043.638,167586.57900035],[145055.659,167605.23700035],[145053.85062756,167606.49667587],[145051.069,167602.23600035],[145043.173,167590.11400035],[145041.337,167591.27200035],[145036.417,167583.83400035],[145031.141,167575.52700035],[145025.133,167566.39700035],[145020.319,167558.80700035],[145020.9,167555.95800035],[145019.93,167554.47000035],[145018.53,167552.28000035],[145017.15,167550.08000035],[145015.79,167547.87000035],[145014.65,167545.93000035],[145013.53,167543.99000035],[145012.43,167542.03000035],[145011.19,167539.78000035],[145009.98,167537.51000035],[145008.8,167535.23000035],[145007.68,167533.02000035],[145005.929,167529.37500035],[145005.192,167527.77700035],[145004.471,167526.17900035],[145003.717,167524.40400035],[145003.087,167522.77900035],[145002.448,167521.29400035],[145001.718,167519.51300035],[145000.984,167517.57300035],[145000.293,167515.68600035],[144999.438,167513.25200035],[144999.2725661,167512.7849762],[145001.709,167512.06200035]]]},"geometry_name":"GEOM","properties":{"INSPIRE_ID":"https://databrussels.be/id/streetsurface/142823","TYPE":"SW","STREET_ID":"https://databrussels.be/id/streetname/3024","STRNAMEFRE":"Rue des Colombophiles","STRNAMEDUT":"Duivenmelkersstraat","MUNNISCODE":"21001","HIERARCHY":"DR","LVL":0,"ADMIN":"MUN_RBC","AREA":352},"bbox":[144999.2725661,167512.06200035,145055.659,167606.49667587]},{"type":"Feature","id":"StreetSurfaces.fid--1290087_1a02c00fa75_-2b9d","geometry":{"type":"Polygon","coordinates":[[[144964.16455839,167867.26344499],[144963.967,167866.76000035],[144963.704,167865.32600035],[144963.704,167863.86900035],[144963.94,167862.59800035],[144964.386,167861.38600035],[144965.006,167860.39600035],[144965.794,167859.53300035],[144966.415,167859.02700035],[144967.01831962,167858.70264204],[144968.656,167861.62800035],[144968.269,167862.07600035],[144967.693,167863.79800035],[144967.32688665,167864.91975463],[144967.177,167865.37900035],[144964.16455839,167867.26344499]]]},"geometry_name":"GEOM","properties":{"INSPIRE_ID":"https://databrussels.be/id/streetsurface/142835","TYPE":"SW","STREET_ID":"https://databrussels.be/id/streetname/4202","STRNAMEFRE":"Avenue Guillaume Melckmans","STRNAMEDUT":"Guillaume Melckmanslaan","MUNNISCODE":"21001","HIERARCHY":"DR","LVL":0,"ADMIN":"MUN_RBC","AREA":25},"bbox":[144963.704,167858.70264204,144968.656,167867.26344499]},{"type":"Feature","id":"StreetSurfaces.fid--1290087_1a02c00fa75_-2b98","geometry":{"type":"Polygon","coordinates":[[[144987.96043794,167924.03407792],[144987.23574494,167922.71401955],[144986.37052069,167921.12531342],[144985.56159328,167919.63997834],[144982.97811428,167914.89624986],[144982.36729186,167913.81484984],[144981.38809455,167911.97915173],[144979.241,167907.95400035],[144981.37943247,167906.61530243],[144982.239,167908.23500035],[144987.471,167918.07400035],[144990.05626545,167922.92809842],[144987.96043794,167924.03407792]]]},"geometry_name":"GEOM","properties":{"INSPIRE_ID":"https://databrussels.be/id/streetsurface/142836","TYPE":"SW","STREET_ID":"https://databrussels.be/id/streetname/4202","STRNAMEFRE":"Avenue Guillaume Melckmans","STRNAMEDUT":"Guillaume Melckmanslaan","MUNNISCODE":"21001","HIERARCHY":"DR","LVL":0,"ADMIN":"MUN_RBC","AREA":45},"bbox":[144979.241,167906.61530243,144990.05626545,167924.03407792]},{"type":"Feature","id":"StreetSurfaces.fid--1290087_1a02c00fa75_-2b9f","geometry":{"type":"Polygon","coordinates":[[[144959.09,167870.32000035],[144961.26325413,167869.02414696],[144961.463,167869.32000035],[144965.667,167877.19800035],[144970.741,167886.69800035],[144978.885,167901.91500035],[144981.37943247,167906.61530243],[144979.241,167907.95400035],[144977.893,167905.40200035],[144974.669,167899.38600035],[144971.526,167893.52300035],[144969.798,167890.29700035],[144968.898,167888.61900035],[144966.362,167883.88800035],[144959.09,167870.32000035]]]},"geometry_name":"GEOM","properties":{"INSPIRE_ID":"https://databrussels.be/id/streetsurface/142837","TYPE":"SW","STREET_ID":"https://databrussels.be/id/streetname/4202","STRNAMEFRE":"Avenue Guillaume Melckmans","STRNAMEDUT":"Guillaume Melckmanslaan","MUNNISCODE":"21001","HIERARCHY":"DR","LVL":0,"ADMIN":"MUN_RBC","AREA":108},"bbox":[144959.09,167869.02414696,144981.37943247,167907.95400035]},{"type":"Feature","id":"StreetSurfaces.fid--1290087_1a02c00fa75_-2ac8","geometry":{"type":"Polygon","coordinates":[[[144526.96092007,167667.30585376],[144535.71222354,167660.57787001],[144612.385,167601.63200035],[144612.85337138,167605.65670912],[144598.7,167616.52000035],[144587.54,167625.05000035],[144545.47,167657.52000035],[144513.73,167681.78000035],[144480.35,167707.57000035],[144457.26,167725.31000035],[144434.55,167741.64000035],[144428.25,167746.09000035],[144409.39,167759.36000035],[144397.55326018,167767.56423568],[144395.51,167764.65600035],[144422.23854572,167746.00363199],[144451.454,167725.34600035],[144458.42396575,167720.66636414],[144465.6,167714.48000035],[144526.96092007,167667.30585376]]]},"geometry_name":"GEOM","properties":{"INSPIRE_ID":"https://databrussels.be/id/streetsurface/142845","TYPE":"SW","STREET_ID":"https://databrussels.be/id/streetname/1201","STRNAMEFRE":"Rue des Trèfles","STRNAMEDUT":"Klaverstraat","MUNNISCODE":"21001","HIERARCHY":"DR","LVL":0,"ADMIN":"MUN_RBC","AREA":937},"bbox":[144395.51,167601.63200035,144612.85337138,167767.56423568]},{"type":"Feature","id":"StreetSurfaces.fid--1290087_1a02c00fa75_-2b58","geometry":{"type":"Polygon","coordinates":[[[144579.95437854,167927.94106482],[144572.74207593,167924.13841552],[144570.72862638,167922.97103578],[144568.34069066,167921.13873297],[144566.97155095,167920.4996134],[144566.36362972,167920.38667259],[144559.26379553,167916.13631112],[144554.56697431,167913.29353512],[144539.70596674,167903.08551872],[144534.77957376,167899.66779445],[144525.01713817,167892.85364735],[144514.44056318,167885.93181245],[144513.87298983,167885.49384423],[144515.13045015,167883.69030567],[144530.13190445,167894.0343812],[144537.0603869,167898.83199677],[144547.65374824,167906.24946565],[144555.69299182,167911.60214648],[144561.04842039,167915.21210548],[144566.63181971,167918.60853867],[144570.88318072,167921.19258391],[144573.58832406,167922.78386202],[144580.50915022,167926.88368303],[144579.95437854,167927.94106482]]]},"geometry_name":"GEOM","properties":{"INSPIRE_ID":"https://databrussels.be/id/streetsurface/142853","TYPE":"SW","STREET_ID":"https://databrussels.be/id/streetname/2952","STRNAMEFRE":"Route de Lennik","STRNAMEDUT":"Lennikse Baan","MUNNISCODE":"21001","HIERARCHY":"DR","LVL":0,"ADMIN":"MUN_RBC","AREA":145},"bbox":[144513.87298983,167883.69030567,144580.50915022,167927.94106482]},{"type":"Feature","id":"StreetSurfaces.fid--1290087_1a02c00fa75_-2aa4","geometry":{"type":"Polygon","coordinates":[[[144636.164,167590.84500035],[144640.602,167601.69900035],[144641.42803056,167603.77011246],[144640.691,167604.08200035],[144636.407,167605.90200035],[144634.462,167606.71300035],[144633.583,167606.99400035],[144632.361,167607.18100035],[144631.29,167607.12600035],[144630.159,167606.72900035],[144629.216,167606.05000035],[144628.511,167605.10500035],[144628.333,167604.71900035],[144624.778,167595.95500035],[144622.077,167589.30400035],[144624.135,167588.47100035],[144623.85380797,167587.7937019],[144626.45,167586.76100035],[144628.937,167587.81400035],[144631.765,167586.48400035],[144632.872,167589.19700035],[144632.784,167589.41800035],[144636.164,167590.84500035]]]},"geometry_name":"GEOM","properties":{"INSPIRE_ID":"https://databrussels.be/id/streetsurface/142876","TYPE":"SW","STREET_ID":"https://databrussels.be/id/streetname/4568","STRNAMEFRE":"Chaussée de Mons","STRNAMEDUT":"Bergense Steenweg","MUNNISCODE":"21001","HIERARCHY":"IDR","LVL":0,"ADMIN":"REGION_RBC","AREA":240},"bbox":[144622.077,167586.48400035,144641.42803056,167607.18100035]},{"type":"Feature","id":"StreetSurfaces.fid--1290087_1a02c00fa75_-2ac2","geometry":{"type":"Polygon","coordinates":[[[144741.96114607,167563.07045253],[144741.753,167563.14800035],[144739.982,167557.63600035],[144738.543,167552.84200035],[144737.913,167550.77800035],[144736.205,167545.60300035],[144735.127,167543.40400035],[144733.854,167541.03900035],[144729.768,167534.53300035],[144728.061,167531.60900035],[144727.405,167530.57900035],[144725.667,167527.85600035],[144722.393,167522.20800035],[144721.636,167520.99700035],[144721.22,167520.62900035],[144720.08,167519.67400035],[144718.886,167519.13900035],[144718.189,167518.96800035],[144708.044,167519.36000035],[144705.299,167519.49500035],[144703.559,167519.47500035],[144700.792,167519.68100035],[144696.159,167520.12600035],[144694.018,167520.17500035],[144693.214,167520.24500035],[144686.312,167520.61000035],[144685.399,167520.62700035],[144683.075,167520.78800035],[144682.165,167520.75700035],[144675.535,167521.14700035],[144673.88,167521.15800035],[144671.368,167521.36000035],[144668.059,167521.46700035],[144663.635,167521.74000035],[144662.683,167521.68600035],[144652.775,167522.20800035],[144646.363,167522.54500035],[144642.024,167522.73400035],[144639.988,167523.04400035],[144631.064,167523.44000035],[144628.895,167523.63200035],[144618.013,167524.10100035],[144616.942,167524.09800035],[144605.628,167524.65700035],[144604.41548279,167522.47276461],[144607.423,167522.30800035],[144631.234,167521.09000035],[144641.594,167520.52700035],[144661.519,167519.50400035],[144665.557,167519.20100035],[144666.684,167519.12600035],[144666.692,167519.27500035],[144668.688,167519.19300035],[144685.29,167518.30900035],[144704.676,167517.31100035],[144708.118,167517.12200035],[144713.1,167516.87400035],[144715.095,167516.79900035],[144715.09,167516.68000035],[144716.206,167516.62500035],[144717.994,167516.53800036],[144722.679,167518.93400035],[144731.686,167532.05200035],[144730.898,167532.62600035],[144729.657,167533.40300035],[144730.218,167534.29800035],[144734.342,167540.82500035],[144735.195,167542.18800035],[144735.73,167543.10000035],[144736.221,167544.01000035],[144736.58,167544.90300035],[144736.93,167545.85800035],[144737.276,167546.86800035],[144738.362,167550.56800035],[144738.985,167552.72100035],[144741.96114607,167563.07045253]]]},"geometry_name":"GEOM","properties":{"INSPIRE_ID":"https://databrussels.be/id/streetsurface/142877","TYPE":"SW","STREET_ID":"https://databrussels.be/id/streetname/1509","STRNAMEFRE":"Rue Hoorickx","STRNAMEDUT":"Hoorickxstraat","MUNNISCODE":"21001","HIERARCHY":"DR","LVL":0,"ADMIN":"MUN_RBC","AREA":324},"bbox":[144604.41548279,167516.53800036,144741.96114607,167563.14800035]},{"type":"Feature","id":"StreetSurfaces.fid--1290087_1a02c00fa75_-2abc","geometry":{"type":"Polygon","coordinates":[[[144771.85108613,167558.78439193],[144770.7210448,167556.3260978],[144778.389,167552.89800035],[144780.47480445,167551.68671747],[144783.121,167550.15000035],[144784.14723323,167552.04571695],[144775.735,167556.64900035],[144771.85108613,167558.78439193]]]},"geometry_name":"GEOM","properties":{"INSPIRE_ID":"https://databrussels.be/id/streetsurface/142878","TYPE":"SW","STREET_ID":"https://databrussels.be/id/streetname/2665","STRNAMEFRE":"Place Ministre Wauters","STRNAMEDUT":"Minister Wautersplein","MUNNISCODE":"21001","HIERARCHY":"DR","LVL":0,"ADMIN":"MUN_RBC","AREA":31},"bbox":[144770.7210448,167550.15000035,144784.14723323,167558.78439193]},{"type":"Feature","id":"StreetSurfaces.fid--1290087_1a02c00fa75_-2a8f","geometry":{"type":"Polygon","coordinates":[[[144831.83042261,167603.98013229],[144832.1,167603.37200035],[144834.781,167602.05600035],[144838.346,167593.96700035],[144837.015,167591.41200035],[144833.244,167584.26800035],[144833.07167127,167583.90370429],[144837.04,167582.22300035],[144837.545,167584.12800035],[144840.26,167589.85700035],[144841.763,167592.75200035],[144843.397,167596.35700035],[144844.757,167598.89800035],[144845.235,167599.93500035],[144844.329,167600.51500035],[144841.286,167601.98500035],[144840.352,167602.39400035],[144838.664,167603.40000035],[144838.249,167603.59900035],[144837.303,167603.95600035],[144833.242,167606.06900035],[144831.83042261,167603.98013229]]]},"geometry_name":"GEOM","properties":{"INSPIRE_ID":"https://databrussels.be/id/streetsurface/142879","TYPE":"SW","STREET_ID":"https://databrussels.be/id/streetname/2665","STRNAMEFRE":"Place Ministre Wauters","STRNAMEDUT":"Minister Wautersplein","MUNNISCODE":"21001","HIERARCHY":"DR","LVL":0,"ADMIN":"MUN_RBC","AREA":120},"bbox":[144831.83042261,167582.22300035,144845.235,167606.06900035]},{"type":"Feature","id":"StreetSurfaces.fid--1290087_1a02c00fa75_-2b8b","geometry":{"type":"Polygon","coordinates":[[[144955.03178625,167727.33984252],[144955.451,167726.89700035],[144961.277,167721.04900035],[144964.945,167717.47500035],[144972.349,167710.10300035],[144976.277,167706.20500035],[144979.202,167703.28000035],[144979.874,167702.64400035],[144980.809,167702.31900035],[144981.731,167702.35900035],[144982.639,167702.86400035],[144990.25,167695.42300035],[144991.678,167693.71400035],[144991.425,167692.81800035],[144991.413,167691.89800035],[144991.871,167690.76600035],[144992.347,167690.22100035],[144993.013,167689.65800035],[144993.828,167689.09800035],[144994.577,167688.71000035],[144995.8,167688.19600035],[144997.393,167687.82600035],[144998.06241295,167687.79896429],[144999.694,167689.34100035],[144996.58,167692.49000035],[144992.696,167696.26900035],[144988.176,167700.62600035],[144984.793,167704.05500035],[144981.001,167707.82700035],[144979.403,167709.45900035],[144978.679,167708.07600035],[144978.804,167707.95100035],[144978.477,167707.60200035],[144975.971,167709.96400035],[144975.758,167710.32500035],[144973.045,167712.88800035],[144964.807,167720.95600035],[144964.717,167720.82500035],[144963.917,167721.40000035],[144962.686,167722.43500035],[144957.826,167727.50900035],[144956.354,167728.74500035],[144955.03178625,167727.33984252]]]},"geometry_name":"GEOM","properties":{"INSPIRE_ID":"https://databrussels.be/id/streetsurface/142880","TYPE":"SW","STREET_ID":"https://databrussels.be/id/streetname/895","STRNAMEFRE":"Rue de l'Energie","STRNAMEDUT":"Wilskrachtstraat","MUNNISCODE":"21001","HIERARCHY":"DR","LVL":0,"ADMIN":"MUN_RBC","AREA":162},"bbox":[144955.03178625,167687.79896429,144999.694,167728.74500035]},{"type":"Feature","id":"StreetSurfaces.fid--1290087_1a02c00fa75_-2ba1","geometry":{"type":"Polygon","coordinates":[[[145004.605,167830.17200035],[145000,167821.63000035],[144998.02,167817.95000035],[144988.67,167800.43000035],[144987.97,167799.12000035],[144979.77,167783.80000035],[144972.16,167769.49000035],[144968.72,167763.04000035],[144966.02,167758.00000035],[144959.93,167746.56000035],[144956.88,167740.63500035],[144956.33,167739.60000035],[144954.25996703,167735.7039134],[144955.859,167734.34600035],[144958.899,167739.66000035],[144963.56,167748.64000035],[144969.15,167758.73000035],[144973.57,167767.23000035],[144991.27,167800.23000035],[144990.58,167800.60000035],[145000,167818.02000035],[145006.099,167829.30400035],[145004.605,167830.17200035]]]},"geometry_name":"GEOM","properties":{"INSPIRE_ID":"https://databrussels.be/id/streetsurface/142881","TYPE":"SW","STREET_ID":"https://databrussels.be/id/streetname/2761","STRNAMEFRE":"Rue du Savoir","STRNAMEDUT":"Kennisstraat","MUNNISCODE":"21001","HIERARCHY":"DR","LVL":0,"ADMIN":"MUN_RBC","AREA":228},"bbox":[144954.25996703,167734.34600035,145006.099,167830.17200035]},{"type":"Feature","id":"StreetSurfaces.fid--1290087_1a02c00fa75_-2b9b","geometry":{"type":"Polygon","coordinates":[[[144997.94,167836.53000035],[144998.87084949,167838.29677111],[144998.73,167838.38000035],[144998.3,167838.63000035],[144994.64,167840.53000035],[144983.699,167846.17700035],[144972.14180694,167852.25973354],[144971.8331926,167852.39803468],[144965.413,167855.71800035],[144964.501,167854.20600035],[144980.248,167845.74900035],[144982.761,167844.52400035],[144997.94,167836.53000035]]]},"geometry_name":"GEOM","properties":{"INSPIRE_ID":"https://databrussels.be/id/streetsurface/142882","TYPE":"SW","STREET_ID":"https://databrussels.be/id/streetname/5340","STRNAMEFRE":"Avenue de la Société Nationale","STRNAMEDUT":"Nationale Maatschappijlaan","MUNNISCODE":"21001","HIERARCHY":"DR","LVL":0,"ADMIN":"MUN_RBC","AREA":73},"bbox":[144964.501,167836.53000035,144998.87084949,167855.71800035]},{"type":"Feature","id":"StreetSurfaces.fid--1290087_1a02c00fa75_-2b92","geometry":{"type":"Polygon","coordinates":[[[144997.94,167836.53000035],[144998.25894075,167836.29499138],[144998.57617594,167836.06123913],[144998.89,167835.83000035],[144999.19194131,167835.50330975],[144999.5,167835.17000035],[144999.62972994,167834.77043215],[144999.75,167834.40000035],[144999.72,167833.97000035],[144999.66,167833.56000035],[144999.58,167833.15000035],[144999.47,167832.76000035],[145000.80999578,167832.06129405],[145000.98,167832.49000035],[145001.23,167833.28000035],[145001.4,167834.10000035],[145001.41,167834.90000035],[145001.29,167835.49000035],[145001.08,167836.07000035],[145000.79,167836.61000035],[145000.44,167837.06000035],[145000.03,167837.47000035],[144999.58,167837.84000035],[144999.17,167838.12000035],[144998.87084949,167838.29677111],[144997.94,167836.53000035]]]},"geometry_name":"GEOM","properties":{"INSPIRE_ID":"https://databrussels.be/id/streetsurface/142883","TYPE":"SW","STREET_ID":"https://databrussels.be/id/streetname/2761","STRNAMEFRE":"Rue du Savoir","STRNAMEDUT":"Kennisstraat","MUNNISCODE":"21001","HIERARCHY":"DR","LVL":0,"ADMIN":"MUN_RBC","AREA":11},"bbox":[144997.94,167832.06129405,145001.41,167838.29677111]},{"type":"Feature","id":"StreetSurfaces.fid--1290087_1a02c00fa75_-2ba2","geometry":{"type":"Polygon","coordinates":[[[144959.09,167870.32000035],[144958.65,167869.72000035],[144958.4,167869.46000035],[144958.08,167869.25000035],[144957.73,167869.09000035],[144957.36,167868.99000035],[144957.03,167868.96000035],[144956.37,167869.04000035],[144955.99,167869.15000035],[144955.25,167869.47000035],[144954.1072489,167867.5028423],[144954.519,167867.28800035],[144956.113,167866.82600035],[144957.225,167866.73100035],[144958.331,167866.88400035],[144959.311,167867.24200035],[144960.193,167867.80000035],[144960.906,167868.49500035],[144961.26325413,167869.02414696],[144959.09,167870.32000035]]]},"geometry_name":"GEOM","properties":{"INSPIRE_ID":"https://databrussels.be/id/streetsurface/142884","TYPE":"SW","STREET_ID":"https://databrussels.be/id/streetname/4202","STRNAMEFRE":"Avenue Guillaume Melckmans","STRNAMEDUT":"Guillaume Melckmanslaan","MUNNISCODE":"21001","HIERARCHY":"DR","LVL":0,"ADMIN":"MUN_RBC","AREA":14},"bbox":[144954.1072489,167866.73100035,144961.26325413,167870.32000035]},{"type":"Feature","id":"StreetSurfaces.fid--1290087_1a02c00fa75_-2b5a","geometry":{"type":"Polygon","coordinates":[[[144488.0193136,167897.30517914],[144486.74077638,167895.44684124],[144487.90056465,167894.72290012],[144490.47425517,167893.24020849],[144497.1618149,167889.11446203],[144507.72133418,167882.70133443],[144508.08000337,167882.49015488],[144508.44851241,167882.29665688],[144508.82599033,167882.12129779],[144509.21154493,167881.96449206],[144509.63828125,167881.81566699],[144510.07227652,167881.68956828],[144510.51232137,167881.58654732],[144510.95718953,167881.50689118],[144511.92184311,167881.50282526],[144513.24617653,167882.39102707],[144515.13045015,167883.69030567],[144513.87298983,167885.49384423],[144512.06627204,167884.13204459],[144511.46884395,167883.9553842],[144510.94518955,167883.80579654],[144510.09158948,167884.09133939],[144508.51457361,167884.80885685],[144503.86720078,167887.65664688],[144492.67076061,167894.48554238],[144488.0193136,167897.30517914]]]},"geometry_name":"GEOM","properties":{"INSPIRE_ID":"https://databrussels.be/id/streetsurface/142885","TYPE":"SW","STREET_ID":"https://databrussels.be/id/streetname/2952","STRNAMEFRE":"Route de Lennik","STRNAMEDUT":"Lennikse Baan","MUNNISCODE":"21001","HIERARCHY":"DR","LVL":0,"ADMIN":"MUN_RBC","AREA":70},"bbox":[144486.74077638,167881.50282526,144515.13045015,167897.30517914]},{"type":"Feature","id":"StreetSurfaces.fid--1290087_1a02c00fa75_-2b53","geometry":{"type":"Polygon","coordinates":[[[144624.9920871,167916.66476072],[144622.21,167918.33000035],[144619.233,167919.70900035],[144616.142,167920.81000035],[144612.963,167921.62400035],[144609.724,167922.14400035],[144606.45,167922.36700035],[144603.17,167922.29000035],[144599.67,167921.93000035],[144596.12,167921.42000035],[144592.449,167920.74200035],[144588.898,167919.86800035],[144585.422,167918.72800035],[144584.90144758,167918.5120675],[144586.678,167915.12600035],[144587.361,167913.79100035],[144589.364,167914.81600035],[144590.092,167913.50400035],[144595.69934842,167916.57825351],[144596.08008748,167915.87028118],[144598.391,167916.89800035],[144600.725,167917.59900035],[144603.247,167918.03000035],[144605.912,167918.14000035],[144608.765,167917.87000035],[144611.409,167917.24800035],[144613.776,167916.35900035],[144615.832,167915.29400035],[144616.213,167915.88100035],[144622.01,167912.11700035],[144622.839,167913.36800035],[144624.9920871,167916.66476072]]]},"geometry_name":"GEOM","properties":{"INSPIRE_ID":"https://databrussels.be/id/streetsurface/142886","TYPE":"SW","STREET_ID":"https://databrussels.be/id/streetname/2952","STRNAMEFRE":"Route de Lennik","STRNAMEDUT":"Lennikse Baan","MUNNISCODE":"21001","HIERARCHY":"DR","LVL":0,"ADMIN":"MUN_RBC","AREA":192},"bbox":[144584.90144758,167912.11700035,144624.9920871,167922.36700035]},{"type":"Feature","id":"StreetSurfaces.fid--1290087_1a02c00fa75_-2b25","geometry":{"type":"Polygon","coordinates":[[[144702.94577084,167816.82510805],[144704.61,167820.92700035],[144709.97,167834.10200035],[144714.31128813,167844.16058034],[144708.76,167847.56000035],[144698.725,167822.34500035],[144701.84,167821.10000035],[144700.447,167817.92000035],[144702.94577084,167816.82510805]]]},"geometry_name":"GEOM","properties":{"INSPIRE_ID":"https://databrussels.be/id/streetsurface/142887","TYPE":"SW","STREET_ID":"https://databrussels.be/id/streetname/4568","STRNAMEFRE":"Chaussée de Mons","STRNAMEDUT":"Bergense Steenweg","MUNNISCODE":"21001","HIERARCHY":"IDR","LVL":0,"ADMIN":"REGION_RBC","AREA":173},"bbox":[144698.725,167816.82510805,144714.31128813,167847.56000035]},{"type":"Feature","id":"StreetSurfaces.fid--1290087_1a02c00fa75_-2b20","geometry":{"type":"Polygon","coordinates":[[[144709.89995418,167798.09770554],[144712.26330183,167797.13528467],[144714.613,167802.93400035],[144717.674,167810.43200035],[144715.23738452,167811.48251041],[144714.788,167810.38200035],[144712.139,167803.95600035],[144709.89995418,167798.09770554]]]},"geometry_name":"GEOM","properties":{"INSPIRE_ID":"https://databrussels.be/id/streetsurface/142888","TYPE":"SW","STREET_ID":"https://databrussels.be/id/streetname/4568","STRNAMEFRE":"Chaussée de Mons","STRNAMEDUT":"Bergense Steenweg","MUNNISCODE":"21001","HIERARCHY":"IDR","LVL":0,"ADMIN":"REGION_RBC","AREA":38},"bbox":[144709.89995418,167797.13528467,144717.674,167811.48251041]},{"type":"Feature","id":"StreetSurfaces.fid--1290087_1a02c00fa75_-2ae7","geometry":{"type":"Polygon","coordinates":[[[144720.905,167626.60100035],[144721.56103343,167627.40842612],[144719.83,167629.13000035],[144715.8,167632.89000035],[144707.41,167640.70000035],[144703.43,167644.41000035],[144702.36,167645.73000035],[144701.49,167647.40000035],[144700.88,167648.75000035],[144700.66,167649.69000035],[144700.48,167651.08000035],[144700.44,167652.43000035],[144700.61,167653.97000035],[144701.32,167656.27000035],[144701.99,167657.54000035],[144703.16,167659.11000035],[144704.04,167660.09000035],[144705.42,167661.08000035],[144706.99,167661.94000035],[144708.86,167662.64000035],[144710.19,167662.94000035],[144711.62,167663.03000035],[144713.15,167662.97000035],[144714.42,167662.85000035],[144715.86675519,167662.76906999],[144716.196,167672.09800035],[144712.769,167671.93000035],[144705.574,167671.57800035],[144691.488,167656.23600035],[144692.171,167645.42500035],[144694.218,167643.67900035],[144696.514,167643.81200035],[144700.166,167646.04700035],[144702.4,167643.39000035],[144714.57,167632.19000035],[144720.905,167626.60100035]]]},"geometry_name":"GEOM","properties":{"INSPIRE_ID":"https://databrussels.be/id/streetsurface/142889","TYPE":"SW","STREET_ID":"https://databrussels.be/id/streetname/2247","STRNAMEFRE":"Place Ernest S'Jonghers","STRNAMEDUT":"Ernest S'Jonghersplein","MUNNISCODE":"21001","HIERARCHY":"DR","LVL":0,"ADMIN":"MUN_RBC","AREA":334},"bbox":[144691.488,167626.60100035,144721.56103343,167672.09800035]},{"type":"Feature","id":"StreetSurfaces.fid--1290087_1a02c00fa75_-2ae9","geometry":{"type":"Polygon","coordinates":[[[144725.47482637,167654.98385505],[144725.79,167654.34000035],[144726.53,167653.26000035],[144727.58,167652.17000035],[144732.29,167648.06000035],[144737.51,167643.13000035],[144738.53,167641.80000035],[144739.16,167640.63000035],[144739.58,167639.44000035],[144739.89,167638.16000035],[144740,167636.88000035],[144740.01,167635.01000035],[144739.81,167633.51000035],[144739.49,167632.27000035],[144738.87,167631.07000035],[144736.92,167628.61000035],[144734.62878787,167626.05284395],[144735.64,167625.04000035],[144737.727,167627.63800035],[144739.97,167630.43000035],[144740.7,167631.80800035],[144741.075,167633.26300035],[144741.297,167634.92800035],[144741.287,167636.82900035],[144741.19,167638.06000035],[144740.815,167639.80600035],[144740.34,167641.15200035],[144738.55,167643.52000035],[144728.2,167653.23000035],[144727.21,167654.71000035],[144726.5,167656.10000035],[144725.47482637,167654.98385505]]]},"geometry_name":"GEOM","properties":{"INSPIRE_ID":"https://databrussels.be/id/streetsurface/142890","TYPE":"SW","STREET_ID":"https://databrussels.be/id/streetname/2247","STRNAMEFRE":"Place Ernest S'Jonghers","STRNAMEDUT":"Ernest S'Jonghersplein","MUNNISCODE":"21001","HIERARCHY":"DR","LVL":0,"ADMIN":"MUN_RBC","AREA":44},"bbox":[144725.47482637,167625.04000035,144741.297,167656.10000035]},{"type":"Feature","id":"StreetSurfaces.fid--1290087_1a02c00fa75_-2ae0","geometry":{"type":"Polygon","coordinates":[[[144743.83825985,167715.48812584],[144743.091,167713.97700035],[144735.12,167696.96000035],[144733.65,167693.70000035],[144733.39,167693.06000035],[144733.19,167692.39000035],[144732.77,167690.76000035],[144729.97,167680.22000035],[144727.6498479,167671.19881822],[144729.039,167670.84100035],[144734.57,167692.30000035],[144735.94,167695.44000035],[144736.5,167697.05000035],[144737.08,167697.99000035],[144738.33,167700.26000035],[144739.42,167702.49000035],[144743.787,167711.72200035],[144745.226,167714.84500035],[144743.83825985,167715.48812584]]]},"geometry_name":"GEOM","properties":{"INSPIRE_ID":"https://databrussels.be/id/streetsurface/142891","TYPE":"SW","STREET_ID":"https://databrussels.be/id/streetname/1198","STRNAMEFRE":"Rue de l'Emancipation","STRNAMEDUT":"Ontvoogdingsstraat","MUNNISCODE":"21001","HIERARCHY":"DR","LVL":0,"ADMIN":"MUN_RBC","AREA":69},"bbox":[144727.6498479,167670.84100035,144745.226,167715.48812584]},{"type":"Feature","id":"StreetSurfaces.fid--1290087_1a02c00fa75_-2ad8","geometry":{"type":"Polygon","coordinates":[[[144792.275,167754.16400035],[144790.37971526,167754.97564281],[144783.03723938,167737.89056792],[144784.616,167737.01500036],[144786.5,167740.59900035],[144786.896,167741.63000035],[144789.718,167748.08400035],[144790.19043174,167749.20734214],[144792.275,167754.16400035]]]},"geometry_name":"GEOM","properties":{"INSPIRE_ID":"https://databrussels.be/id/streetsurface/142892","TYPE":"SW","STREET_ID":"https://databrussels.be/id/streetname/3172","STRNAMEFRE":"Avenue de la Persévérance","STRNAMEDUT":"Volhardingslaan","MUNNISCODE":"21001","HIERARCHY":"DR","LVL":0,"ADMIN":"MUN_RBC","AREA":39},"bbox":[144783.03723938,167737.01500036,144792.275,167754.97564281]},{"type":"Feature","id":"StreetSurfaces.fid--1290087_1a02c00fa75_-2b13","geometry":{"type":"Polygon","coordinates":[[[144874.68187717,167717.90873109],[144873.49,167718.56000035],[144869.551,167720.66000035],[144866.22,167722.43000035],[144859.212,167726.16700035],[144851.66,167730.19000035],[144845.579,167733.42200035],[144838.852,167736.99600035],[144837.219,167737.86800035],[144829.72,167741.86300035],[144823.537,167745.16700035],[144820.44,167746.80400035],[144816.003,167749.18600035],[144813.974,167750.25800035],[144813.081,167750.74200035],[144807.124,167753.93700035],[144801.256,167757.07900035],[144798.728,167758.42200035],[144798.018,167757.27000035],[144798.562,167756.95500035],[144798.871,167756.81100035],[144799.404,167756.46900035],[144802.187,167754.95900035],[144803.039,167754.53100035],[144810.797,167750.32400035],[144813.21,167749.04300035],[144816.494,167747.23100035],[144817.66,167746.58700035],[144829.35,167740.56500035],[144830.345,167740.05700035],[144833.267,167738.41800035],[144834.458,167737.98000035],[144837.722,167736.15800035],[144837.682,167736.04500035],[144838.693,167735.48700035],[144841.84,167733.83000035],[144844.916,167732.20200035],[144853.029,167727.93300035],[144857.664,167725.46900035],[144861.231,167723.33400035],[144866.688,167720.47100035],[144867.591,167720.06200035],[144870.454,167718.62600035],[144873.844,167716.63700035],[144874.68187717,167717.90873109]]]},"geometry_name":"GEOM","properties":{"INSPIRE_ID":"https://databrussels.be/id/streetsurface/142893","TYPE":"SW","STREET_ID":"https://databrussels.be/id/streetname/2389","STRNAMEFRE":"Rue de la Volonté","STRNAMEDUT":"Wilstraat","MUNNISCODE":"21001","HIERARCHY":"DR","LVL":0,"ADMIN":"MUN_RBC","AREA":121},"bbox":[144798.018,167716.63700035,144874.68187717,167758.42200035]},{"type":"Feature","id":"StreetSurfaces.fid--1290087_1a02c00fa75_-2afe","geometry":{"type":"Polygon","coordinates":[[[144883.691,167707.86400035],[144884.005,167708.51700035],[144889.264,167718.16600035],[144889.864,167719.23700035],[144887.56731,167720.38936934],[144886.512,167718.42300035],[144883.778,167713.24800035],[144881.48508971,167708.92006599],[144883.691,167707.86400035]]]},"geometry_name":"GEOM","properties":{"INSPIRE_ID":"https://databrussels.be/id/streetsurface/142894","TYPE":"SW","STREET_ID":"https://databrussels.be/id/streetname/4202","STRNAMEFRE":"Avenue Guillaume Melckmans","STRNAMEDUT":"Guillaume Melckmanslaan","MUNNISCODE":"21001","HIERARCHY":"DR","LVL":0,"ADMIN":"MUN_RBC","AREA":32},"bbox":[144881.48508971,167707.86400035,144889.864,167720.38936934]},{"type":"Feature","id":"StreetSurfaces.fid--1290087_1a02c00fa75_-2ad5","geometry":{"type":"Polygon","coordinates":[[[144587.402,167482.80700035],[144587.42,167484.56600035],[144586.971,167484.59100035],[144590.011,167492.23500035],[144596.778,167509.05800035],[144590.5654754,167511.70150537],[144578.926,167482.93600035],[144576.5,167476.93200035],[144578.305,167476.19500035],[144578.543,167476.09800035],[144575.239,167467.93000035],[144573.583,167463.87100035],[144572.663,167461.61800035],[144570.668,167456.71700035],[144563.18,167437.99000035],[144557.076,167423.06800035],[144555.177,167423.78600035],[144554.638,167424.01600035],[144551.722,167416.34800035],[144550.347,167412.37100035],[144549.259,167409.43300035],[144549.21673218,167409.11626615],[144553.01,167406.46000036],[144576.14,167462.84000035],[144576.963,167462.65800035],[144583.219,167478.10900035],[144587.117,167477.80500035],[144587.381,167482.45500035],[144587.402,167482.80700035]]]},"geometry_name":"GEOM","properties":{"INSPIRE_ID":"https://databrussels.be/id/streetsurface/142913","TYPE":"SW","STREET_ID":"https://databrussels.be/id/streetname/4568","STRNAMEFRE":"Chaussée de Mons","STRNAMEDUT":"Bergense Steenweg","MUNNISCODE":"21001","HIERARCHY":"IDR","LVL":0,"ADMIN":"REGION_RBC","AREA":505},"bbox":[144549.21673218,167406.46000036,144596.778,167511.70150537]},{"type":"Feature","id":"StreetSurfaces.fid--1290087_1a02c00fa75_-2b95","geometry":{"type":"Polygon","coordinates":[[[145013.46728286,167971.67484873],[145012.992,167970.89800035],[145010.132,167965.75200035],[145008.41,167962.51000035],[145007.935,167961.57500035],[145007.582,167960.79900035],[145007.092,167959.83500035],[145006.548,167958.82000035],[145002.299,167951.10400035],[145001.5,167949.39200035],[145000.045,167946.75600035],[144999.466,167945.71300035],[144996.675,167940.40600035],[144994.396,167936.16100035],[144991.175,167930.19100035],[144988.373,167924.92000035],[144987.96043794,167924.03407792],[144990.05626545,167922.92809842],[144990.306,167923.39700035],[145004.878,167950.70300035],[145006.534,167953.78200035],[145011.432,167962.96000035],[145014.802,167969.21100035],[145015.52232357,167970.57328593],[145013.46728286,167971.67484873]]]},"geometry_name":"GEOM","properties":{"INSPIRE_ID":"https://databrussels.be/id/streetsurface/142917","TYPE":"SW","STREET_ID":"https://databrussels.be/id/streetname/4202","STRNAMEFRE":"Avenue Guillaume Melckmans","STRNAMEDUT":"Guillaume Melckmanslaan","MUNNISCODE":"21001","HIERARCHY":"DR","LVL":0,"ADMIN":"MUN_RBC","AREA":130},"bbox":[144987.96043794,167922.92809842,145015.52232357,167971.67484873]},{"type":"Feature","id":"StreetSurfaces.fid--1290087_1a02c00fa75_-2bb5","geometry":{"type":"Polygon","coordinates":[[[144993.03277689,167921.35737725],[144993.674,167921.01900035],[144999.364,167917.96300035],[145011.354,167940.44300035],[145012.755,167943.16600035],[145018.792,167954.41900035],[145024.831518,167965.58425864],[145019.95519454,167968.19727713],[145016.86,167962.37400035],[145013.934,167956.83100035],[145011.546,167952.39200035],[145009.98,167953.20800035],[145007.69,167948.89100035],[145003.934,167941.87700035],[145005.506,167941.04000035],[144994.704,167920.73600035],[144993.144,167921.56400035],[144993.03277689,167921.35737725]]]},"geometry_name":"GEOM","properties":{"INSPIRE_ID":"https://databrussels.be/id/streetsurface/142918","TYPE":"SW","STREET_ID":"https://databrussels.be/id/streetname/4202","STRNAMEFRE":"Avenue Guillaume Melckmans","STRNAMEDUT":"Guillaume Melckmanslaan","MUNNISCODE":"21001","HIERARCHY":"DR","LVL":0,"ADMIN":"MUN_RBC","AREA":317},"bbox":[144993.03277689,167917.96300035,145024.831518,167968.19727713]},{"type":"Feature","id":"StreetSurfaces.fid--1290087_1a02c00fa75_-2ac5","geometry":{"type":"Polygon","coordinates":[[[144628.16303486,167627.60231729],[144623.367,167629.55500035],[144619.17,167619.24700035],[144616.718,167618.52600035],[144614.266,167617.80400035],[144613.83613683,167614.1062625],[144613.96,167614.06000035],[144615.288,167613.66500035],[144616.408,167613.62500035],[144617.566,167613.67400035],[144618.925,167614.00600035],[144620.357,167614.66900035],[144622.104,167615.72900035],[144623.478,167617.13000035],[144624.406,167618.59000035],[144625.452,167620.94200035],[144628.16303486,167627.60231729]]]},"geometry_name":"GEOM","properties":{"INSPIRE_ID":"https://databrussels.be/id/streetsurface/142926","TYPE":"SW","STREET_ID":"https://databrussels.be/id/streetname/4568","STRNAMEFRE":"Chaussée de Mons","STRNAMEDUT":"Bergense Steenweg","MUNNISCODE":"21001","HIERARCHY":"IDR","LVL":0,"ADMIN":"REGION_RBC","AREA":94},"bbox":[144613.83613683,167613.62500035,144628.16303486,167629.55500035]},{"type":"Feature","id":"StreetSurfaces.fid--1290087_1a02c00fa75_-2aff","geometry":{"type":"Polygon","coordinates":[[[144880.732,167723.81900035],[144882.99427727,167722.68389803],[144900.659,167755.64300035],[144901.929,167757.93700035],[144904.06978612,167761.9622325],[144902.397,167763.08900035],[144901.524,167761.60300035],[144895.815,167751.50300035],[144894.678,167748.99100035],[144891.353,167742.98100035],[144887.566,167736.19300035],[144884.189,167730.29800035],[144880.732,167723.81900035]]]},"geometry_name":"GEOM","properties":{"INSPIRE_ID":"https://databrussels.be/id/streetsurface/142927","TYPE":"SW","STREET_ID":"https://databrussels.be/id/streetname/4202","STRNAMEFRE":"Avenue Guillaume Melckmans","STRNAMEDUT":"Guillaume Melckmanslaan","MUNNISCODE":"21001","HIERARCHY":"DR","LVL":0,"ADMIN":"MUN_RBC","AREA":103},"bbox":[144880.732,167722.68389803,144904.06978612,167763.08900035]},{"type":"Feature","id":"StreetSurfaces.fid--1290087_1a02c00fa75_-2b42","geometry":{"type":"Polygon","coordinates":[[[144825.67449819,167836.392453],[144827.923,167835.54000035],[144828.249,167835.63800035],[144832.626,167836.67600035],[144833.657,167836.48500035],[144835.58594127,167838.31374746],[144835.317,167838.58000035],[144832.463,167841.42200035],[144831.765,167841.84600035],[144830.991,167842.10700035],[144830.185,167842.19300035],[144829.38,167842.10200035],[144828.763,167841.83800035],[144828.223,167841.43800035],[144827.719,167840.87800035],[144827.353,167840.21900035],[144825.67449819,167836.392453]]]},"geometry_name":"GEOM","properties":{"INSPIRE_ID":"https://databrussels.be/id/streetsurface/142928","TYPE":"SW","STREET_ID":"https://databrussels.be/id/streetname/3172","STRNAMEFRE":"Avenue de la Persévérance","STRNAMEDUT":"Volhardingslaan","MUNNISCODE":"21001","HIERARCHY":"DR","LVL":0,"ADMIN":"MUN_RBC","AREA":42},"bbox":[144825.67449819,167835.54000035,144835.58594127,167842.19300035]},{"type":"Feature","id":"StreetSurfaces.fid--1290087_1a02c00fa75_-2b77","geometry":{"type":"Polygon","coordinates":[[[144852.09536357,167909.5666064],[144852.519,167910.55100035],[144852.678,167911.06700035],[144852.777,167912.26700035],[144852.722,167912.91700035],[144852.563,167913.55000035],[144852.305,167914.14900035],[144851.837,167914.84700035],[144851.057,167915.58800035],[144848.81221634,167916.76623257],[144848.109,167914.58900035],[144850.167,167913.34400035],[144850.536,167912.27700035],[144849.992,167910.87200035],[144852.09536357,167909.5666064]]]},"geometry_name":"GEOM","properties":{"INSPIRE_ID":"https://databrussels.be/id/streetsurface/142929","TYPE":"SW","STREET_ID":"https://databrussels.be/id/streetname/3172","STRNAMEFRE":"Avenue de la Persévérance","STRNAMEDUT":"Volhardingslaan","MUNNISCODE":"21001","HIERARCHY":"DR","LVL":0,"ADMIN":"MUN_RBC","AREA":17},"bbox":[144848.109,167909.5666064,144852.777,167916.76623257]},{"type":"Feature","id":"StreetSurfaces.fid--1290087_1a02c00fa75_-2b3c","geometry":{"type":"Polygon","coordinates":[[[144852.09536357,167909.5666064],[144849.992,167910.87200035],[144849.506,167909.61700035],[144848.257,167906.77400035],[144846.669,167903.40500035],[144846.404,167902.64400035],[144844.592,167898.55400035],[144843.044,167894.16300035],[144841.076,167889.66600035],[144838.986,167885.49300035],[144836.108,167879.09700035],[144833.205,167872.49800035],[144830.972,167867.58700035],[144826.3255836,167856.56574132],[144828.55841334,167855.57469659],[144828.768,167856.05700035],[144832.813,167865.38000035],[144836.177,167873.08100035],[144839.902,167881.63600035],[144843,167888.72300035],[144846.723,167897.22600035],[144850.517,167905.89900035],[144852.09536357,167909.5666064]]]},"geometry_name":"GEOM","properties":{"INSPIRE_ID":"https://databrussels.be/id/streetsurface/142930","TYPE":"SW","STREET_ID":"https://databrussels.be/id/streetname/3172","STRNAMEFRE":"Avenue de la Persévérance","STRNAMEDUT":"Volhardingslaan","MUNNISCODE":"21001","HIERARCHY":"DR","LVL":0,"ADMIN":"MUN_RBC","AREA":143},"bbox":[144826.3255836,167855.57469659,144852.09536357,167910.87200035]},{"type":"Feature","id":"StreetSurfaces.fid--1290087_1a02c00fa75_-2b73","geometry":{"type":"Polygon","coordinates":[[[144865.304,167921.15400035],[144868.334,167927.98000035],[144870.459,167932.90700035],[144871.031,167934.23100035],[144871.617,167935.55900035],[144873.151,167939.14200035],[144874.409,167942.05900035],[144875.431,167944.53700035],[144877.46,167949.13500035],[144877.728,167949.76700035],[144879.511,167953.95600035],[144882.629,167960.69800035],[144886.001,167968.19400035],[144886.607,167969.91600035],[144887.202,167971.25900035],[144887.675,167972.66200035],[144887.964,167973.46000035],[144885.828,167974.37900035],[144884.631,167971.64100035],[144880.864,167963.01900035],[144877.505,167955.29700035],[144874.17,167947.63500035],[144870.987,167940.32700035],[144869.579,167937.10700035],[144866.277,167929.52100035],[144864.24,167924.83300035],[144863.27442574,167922.60067666],[144865.304,167921.15400035]]]},"geometry_name":"GEOM","properties":{"INSPIRE_ID":"https://databrussels.be/id/streetsurface/142931","TYPE":"SW","STREET_ID":"https://databrussels.be/id/streetname/3172","STRNAMEFRE":"Avenue de la Persévérance","STRNAMEDUT":"Volhardingslaan","MUNNISCODE":"21001","HIERARCHY":"DR","LVL":0,"ADMIN":"MUN_RBC","AREA":140},"bbox":[144863.27442574,167921.15400035,144887.964,167974.37900035]},{"type":"Feature","id":"StreetSurfaces.fid--1290087_1a02c00fa75_-2b5e","geometry":{"type":"Polygon","coordinates":[[[144885.847,167999.89500035],[144884.693,167998.89900035],[144882.517,167998.38600035],[144877.312,167997.13400035],[144871.07109694,167995.63448998],[144871.7870419,167992.16042949],[144873.56,167992.55600035],[144873.95,167990.88800035],[144878.425,167991.95200035],[144879.66283047,167992.21048962],[144880.912,167992.40700035],[144882.15917748,167992.54801785],[144883.412,167992.62400035],[144884.925,167992.66900035],[144886.22218295,167992.97650754],[144887.4,167993.60100035],[144888.35320554,167994.46189033],[144889.042,167995.54600035],[144889.38900891,167996.33293963],[144885.847,167999.89500035]]]},"geometry_name":"GEOM","properties":{"INSPIRE_ID":"https://databrussels.be/id/streetsurface/142932","TYPE":"SW","STREET_ID":"https://databrussels.be/id/streetname/3172","STRNAMEFRE":"Avenue de la Persévérance","STRNAMEDUT":"Volhardingslaan","MUNNISCODE":"21001","HIERARCHY":"DR","LVL":0,"ADMIN":"MUN_RBC","AREA":92},"bbox":[144871.07109694,167990.88800035,144889.38900891,167999.89500035]},{"type":"Feature","id":"StreetSurfaces.fid--1290087_1a02c00fa75_-2b84","geometry":{"type":"Polygon","coordinates":[[[144781.73307589,167978.84223896],[144786.06,167977.00000035],[144837.276,168101.04900035],[144832.61,168102.14000035],[144832.02,168100.72000035],[144830.82,168097.87000035],[144829.81,168095.53000035],[144830.85,168092.63000035],[144830.44,168091.51000035],[144820.43,168067.46000035],[144807.81,168036.60000035],[144796.21,168008.34000035],[144792.74,168000.00000035],[144785.72,167983.07000035],[144783.02,167982.01000035],[144781.99,167979.66000035],[144781.73307589,167978.84223896]]]},"geometry_name":"GEOM","properties":{"INSPIRE_ID":"https://databrussels.be/id/streetsurface/142933","TYPE":"SW","STREET_ID":"https://databrussels.be/id/streetname/4568","STRNAMEFRE":"Chaussée de Mons","STRNAMEDUT":"Bergense Steenweg","MUNNISCODE":"21001","HIERARCHY":"IDR","LVL":0,"ADMIN":"REGION_RBC","AREA":383},"bbox":[144781.73307589,167977.00000035,144837.276,168102.14000035]},{"type":"Feature","id":"StreetSurfaces.fid--1290087_1a02c00fa75_-2aa1","geometry":{"type":"Polygon","coordinates":[[[144982.07,167498.74100035],[144981.514,167499.10900035],[144980.992,167499.39100035],[144980.447,167499.62500035],[144979.881,167499.80900035],[144979.301,167499.94200035],[144978.711,167500.02100035],[144978.116,167500.04800035],[144977.994,167498.08300035],[144970.70031695,167498.50041858],[144970.478,167494.83300035],[144981.284,167494.21700035],[144984.93508474,167493.61462538],[144984.909,167493.80700035],[144984.766,167494.44700035],[144984.60868908,167494.95120203],[144986.258,167504.49100035],[144987.174,167504.95600035],[144988.016,167505.49500035],[144988.829,167506.12600035],[144989.586,167506.78600035],[144990.298,167507.49100035],[144991.005,167508.21900035],[144991.667,167508.97300035],[144992.29,167509.79400035],[144992.842,167510.64900035],[144993.169,167511.25200035],[144993.959,167513.10400035],[144994.43343893,167514.22091584],[144987.956,167516.14300035],[144985.42,167514.54700035],[144982.185,167512.44500035],[144978.007,167509.71400035],[144972.034,167505.83800035],[144971.216,167505.37900035],[144971.08040952,167503.61807739],[144975.354,167503.72800035],[144980.684,167503.47300035],[144981.739,167503.44900035],[144982.894,167503.51700035],[144982.07,167498.74100035]]]},"geometry_name":"GEOM","properties":{"INSPIRE_ID":"https://databrussels.be/id/streetsurface/142955","TYPE":"SW","STREET_ID":"https://databrussels.be/id/streetname/3024","STRNAMEFRE":"Rue des Colombophiles","STRNAMEDUT":"Duivenmelkersstraat","MUNNISCODE":"21001","HIERARCHY":"DR","LVL":0,"ADMIN":"MUN_RBC","AREA":237},"bbox":[144970.478,167493.61462538,144994.43343893,167516.14300035]},{"type":"Feature","id":"StreetSurfaces.fid--1290087_1a02c00fa75_-2a9b","geometry":{"type":"Polygon","coordinates":[[[144987.956,167516.14300035],[144994.43343893,167514.22091584],[144999.459,167526.05200035],[144995.409,167527.82400035],[144995.726,167528.58400035],[144996.618,167530.67600035],[144997.453,167532.61900035],[145000,167537.74000035],[145004.13,167546.28000035],[145006.77,167550.70000035],[145008.11,167552.90000035],[145010.06,167555.97000035],[145012.06,167559.01000035],[145014.05,167562.05000035],[145015.98,167565.05000035],[145017.91,167568.06000035],[145019.83,167571.06000035],[145024.35,167578.08000035],[145026.61,167581.58000035],[145027.99,167583.71000035],[145029.36,167585.84000035],[145030.74,167587.97000035],[145032.27,167590.33000035],[145033.79,167592.68000035],[145035.32,167595.04000035],[145037.22,167597.99000035],[145039.12,167600.96000035],[145044.619,167608.93300035],[145046.113,167611.20200035],[145046.48555423,167611.79090159],[145044.512,167613.25800035],[145043.369,167612.35700035],[145043.684,167611.96500035],[145028.87,167589.08000035],[145007.09,167555.69000035],[145004.22,167550.96000035],[145000,167543.46000035],[144997.26,167538.14000035],[144993.01,167528.91000035],[144991.398,167524.38200035],[144989.683,167519.72500035],[144987.956,167516.14300035]]]},"geometry_name":"GEOM","properties":{"INSPIRE_ID":"https://databrussels.be/id/streetsurface/142956","TYPE":"SW","STREET_ID":"https://databrussels.be/id/streetname/3024","STRNAMEFRE":"Rue des Colombophiles","STRNAMEDUT":"Duivenmelkersstraat","MUNNISCODE":"21001","HIERARCHY":"DR","LVL":0,"ADMIN":"MUN_RBC","AREA":319},"bbox":[144987.956,167514.22091584,145046.48555423,167613.25800035]},{"type":"Feature","id":"StreetSurfaces.fid--1290087_1a02c00fa75_-2ac4","geometry":{"type":"Polygon","coordinates":[[[144613.83613683,167614.1062625],[144614.266,167617.80400035],[144558.421,167661.07100035],[144515.09,167694.42000035],[144502.43,167704.27000035],[144466.31,167731.72000035],[144454.54,167740.40000035],[144403.688,167776.29500035],[144401.71903462,167773.49299264],[144414.11,167764.81000035],[144444.06,167743.50000035],[144486.91,167711.43000035],[144500.9,167700.82000035],[144509.91,167694.05000035],[144533.24,167676.02000035],[144562.04,167653.80000035],[144585.87,167635.55000035],[144606.24,167619.64000035],[144612.49,167614.75000035],[144613.13,167614.37000035],[144613.83613683,167614.1062625]]]},"geometry_name":"GEOM","properties":{"INSPIRE_ID":"https://databrussels.be/id/streetsurface/142962","TYPE":"SW","STREET_ID":"https://databrussels.be/id/streetname/1201","STRNAMEFRE":"Rue des Trèfles","STRNAMEDUT":"Klaverstraat","MUNNISCODE":"21001","HIERARCHY":"DR","LVL":0,"ADMIN":"MUN_RBC","AREA":938},"bbox":[144401.71903462,167614.1062625,144614.266,167776.29500035]},{"type":"Feature","id":"StreetSurfaces.fid--1290087_1a02c00fa75_-2aab","geometry":{"type":"Polygon","coordinates":[[[144707.753,167575.89200035],[144708.22923292,167577.68543814],[144707.066,167578.04700035],[144707.118,167578.24400035],[144692.852,167582.41900035],[144692.807,167582.24200035],[144690.923,167582.76000035],[144690.94,167582.87500035],[144689.88,167583.16000035],[144685.058,167584.79400035],[144654.999,167593.61800035],[144651.427,167597.99700035],[144650.768,167598.75500035],[144650.094,167599.49600035],[144649.476,167600.05700035],[144648.584,167600.64400035],[144647.433,167601.22900035],[144641.42803056,167603.77011246],[144640.602,167601.69900035],[144636.164,167590.84500035],[144636.249,167590.64200035],[144646.645,167586.39600035],[144646.972,167586.31400035],[144647.862,167585.88100035],[144649.584,167585.94700035],[144650.72,167586.08100035],[144653.137,167586.81100035],[144654.044,167587.20600035],[144654.312,167587.29100035],[144656.626,167588.55500035],[144659.23,167590.05700035],[144662.24,167589.22300035],[144662.778,167588.96600035],[144667.164,167587.62500035],[144671.193,167586.46000035],[144677.527,167584.62900035],[144681.231,167583.67800035],[144681.419,167583.53000035],[144683.348,167582.91300035],[144688.21,167581.40000035],[144692.361,167580.07600035],[144692.906,167580.05100035],[144695.6871238,167579.32617085],[144696.812,167579.03300035],[144697.09577382,167578.94712423],[144699.482,167578.22500035],[144706.779,167575.89800035],[144707.753,167575.89200035]]]},"geometry_name":"GEOM","properties":{"INSPIRE_ID":"https://databrussels.be/id/streetsurface/142963","TYPE":"SW","STREET_ID":"https://databrussels.be/id/streetname/5666","STRNAMEFRE":"Rue de la Solidarité","STRNAMEDUT":"Solidariteitsstraat","MUNNISCODE":"21001","HIERARCHY":"DR","LVL":0,"ADMIN":"MUN_RBC","AREA":351},"bbox":[144636.164,167575.89200035,144708.22923292,167603.77011246]},{"type":"Feature","id":"StreetSurfaces.fid--1290087_1a02c00fa75_-2ab3","geometry":{"type":"Polygon","coordinates":[[[144741.20168782,167568.25424092],[144740.52813983,167565.92348421],[144741.079,167565.63100035],[144741.556,167565.21200035],[144741.798,167564.86700035],[144741.894,167564.03200035],[144741.753,167563.14800035],[144741.96114607,167563.07045253],[144742.713,167565.68500035],[144742.507,167566.94800035],[144741.20168782,167568.25424092]]]},"geometry_name":"GEOM","properties":{"INSPIRE_ID":"https://databrussels.be/id/streetsurface/142964","TYPE":"SW","STREET_ID":"https://databrussels.be/id/streetname/5666","STRNAMEFRE":"Rue de la Solidarité","STRNAMEDUT":"Solidariteitsstraat","MUNNISCODE":"21001","HIERARCHY":"DR","LVL":0,"ADMIN":"MUN_RBC","AREA":5},"bbox":[144740.52813983,167563.07045253,144742.713,167568.25424092]},{"type":"Feature","id":"StreetSurfaces.fid--1290087_1a02c00fa75_-2aba","geometry":{"type":"Polygon","coordinates":[[[144750.974,167562.83200035],[144758.359,167560.78300035],[144763.63,167559.41000035],[144768.14,167557.48000035],[144770.7210448,167556.3260978],[144771.85108613,167558.78439193],[144769.611,167560.01600035],[144763.65,167561.82500035],[144762.656,167562.10900035],[144762.26,167562.23300035],[144761.268,167562.53400035],[144759.411,167563.02500035],[144751.7505523,167565.40844508],[144750.974,167562.83200035]]]},"geometry_name":"GEOM","properties":{"INSPIRE_ID":"https://databrussels.be/id/streetsurface/142965","TYPE":"SW","STREET_ID":"https://databrussels.be/id/streetname/5666","STRNAMEFRE":"Rue de la Solidarité","STRNAMEDUT":"Solidariteitsstraat","MUNNISCODE":"21001","HIERARCHY":"DR","LVL":0,"ADMIN":"MUN_RBC","AREA":54},"bbox":[144750.974,167556.3260978,144771.85108613,167565.40844508]},{"type":"Feature","id":"StreetSurfaces.fid--1290087_1a02c00fa75_-2a8b","geometry":{"type":"Polygon","coordinates":[[[144829.27190719,167609.93192354],[144829.673,167608.84700035],[144831.83042261,167603.98013229],[144833.242,167606.06900035],[144829.27190719,167609.93192354]]]},"geometry_name":"GEOM","properties":{"INSPIRE_ID":"https://databrussels.be/id/streetsurface/142966","TYPE":"SW","STREET_ID":"https://databrussels.be/id/streetname/2665","STRNAMEFRE":"Place Ministre Wauters","STRNAMEDUT":"Minister Wautersplein","MUNNISCODE":"21001","HIERARCHY":"DR","LVL":0,"ADMIN":"MUN_RBC","AREA":7},"bbox":[144829.27190719,167603.98013229,144833.242,167609.93192354]},{"type":"Feature","id":"StreetSurfaces.fid--1290087_1a02c00fa75_-2b8e","geometry":{"type":"Polygon","coordinates":[[[144950.137,167722.13800035],[144954.813,167717.42100035],[144955.665,167716.76200035],[144962.449,167710.37000035],[144973.61320984,167698.38831322],[144972.595,167696.49900035],[144974.565,167694.42300035],[144983.915,167685.22500035],[144989.49389345,167679.70073499],[144991.31491821,167681.42181132],[144990.374,167682.34800035],[144979.08,167693.52600035],[144976.098,167696.48200035],[144976.332,167697.41200035],[144976.372,167697.87100035],[144976.336,167698.33000035],[144976.211,167698.81500035],[144976.002,167699.26900035],[144975.413,167699.93800035],[144971.986,167703.29400035],[144966.04,167709.22000035],[144962.963,167712.30400035],[144958.581,167716.60100035],[144956.254,167718.97900035],[144952.327,167722.83500035],[144951.788,167723.28000035],[144951.44239713,167723.52528664],[144950.137,167722.13800035]]]},"geometry_name":"GEOM","properties":{"INSPIRE_ID":"https://databrussels.be/id/streetsurface/142967","TYPE":"SW","STREET_ID":"https://databrussels.be/id/streetname/895","STRNAMEFRE":"Rue de l'Energie","STRNAMEDUT":"Wilskrachtstraat","MUNNISCODE":"21001","HIERARCHY":"DR","LVL":0,"ADMIN":"MUN_RBC","AREA":132},"bbox":[144950.137,167679.70073499,144991.31491821,167723.52528664]},{"type":"Feature","id":"StreetSurfaces.fid--1290087_1a02c00fa75_-2b8c","geometry":{"type":"Polygon","coordinates":[[[144955.03178625,167727.33984252],[144956.354,167728.74500035],[144954.972,167732.24400035],[144955.859,167734.34600035],[144954.25996703,167735.7039134],[144953.598,167734.45800035],[144953.26,167733.46000035],[144953.091,167732.42000035],[144953.111,167731.19900035],[144953.384,167730.06200035],[144953.867,167728.91700035],[144954.901,167727.47800035],[144955.03178625,167727.33984252]]]},"geometry_name":"GEOM","properties":{"INSPIRE_ID":"https://databrussels.be/id/streetsurface/142968","TYPE":"SW","STREET_ID":"https://databrussels.be/id/streetname/2761","STRNAMEFRE":"Rue du Savoir","STRNAMEDUT":"Kennisstraat","MUNNISCODE":"21001","HIERARCHY":"DR","LVL":0,"ADMIN":"MUN_RBC","AREA":16},"bbox":[144953.091,167727.33984252,144956.354,167735.7039134]},{"type":"Feature","id":"StreetSurfaces.fid--1290087_1a02c00fa75_-2ba6","geometry":{"type":"Polygon","coordinates":[[[144949.665,167739.60600035],[144950.98072432,167738.48867554],[144953.105,167742.45500035],[144961.91,167759.07000035],[144970.14,167774.77000035],[144976.82,167787.07000035],[144985.28,167802.92000035],[144993.96,167819.24000035],[145000,167830.38000035],[145000.22,167830.78000035],[145000.49,167831.35000035],[145000.75,167831.91000035],[145000.80999578,167832.06129405],[144999.47,167832.76000035],[144999.34,167832.37000035],[144999.22,167832.07000035],[144999.09,167831.78000035],[144998.95,167831.49000035],[144998.07,167829.82000035],[144991.55,167817.48000035],[144988.75,167812.34000035],[144986.40927939,167808.02496668],[144976.74,167790.20000035],[144972.2,167781.80000035],[144970.82,167779.14000035],[144968.04,167773.84000035],[144962.15,167762.55000035],[144960.33,167758.93000035],[144955.176,167749.46900035],[144951.867,167743.05300035],[144951.586,167742.52700035],[144949.665,167739.60600035]]]},"geometry_name":"GEOM","properties":{"INSPIRE_ID":"https://databrussels.be/id/streetsurface/142969","TYPE":"SW","STREET_ID":"https://databrussels.be/id/streetname/2761","STRNAMEFRE":"Rue du Savoir","STRNAMEDUT":"Kennisstraat","MUNNISCODE":"21001","HIERARCHY":"DR","LVL":0,"ADMIN":"MUN_RBC","AREA":151},"bbox":[144949.665,167738.48867554,145000.80999578,167832.76000035]},{"type":"Feature","id":"StreetSurfaces.fid--1290087_1a02c00fa75_-2ba0","geometry":{"type":"Polygon","coordinates":[[[144958.82256552,167854.00026054],[144961.208,167853.27300035],[144964.501,167854.20600035],[144965.413,167855.71800035],[144963.685,167856.30200035],[144962.085,167856.37000035],[144961.093,167856.12800035],[144960.178,167855.67700035],[144959.551,167855.11900035],[144959.062,167854.43600035],[144958.82256552,167854.00026054]]]},"geometry_name":"GEOM","properties":{"INSPIRE_ID":"https://databrussels.be/id/streetsurface/142970","TYPE":"SW","STREET_ID":"https://databrussels.be/id/streetname/4202","STRNAMEFRE":"Avenue Guillaume Melckmans","STRNAMEDUT":"Guillaume Melckmanslaan","MUNNISCODE":"21001","HIERARCHY":"DR","LVL":0,"ADMIN":"MUN_RBC","AREA":13},"bbox":[144958.82256552,167853.27300035,144965.413,167856.37000035]},{"type":"Feature","id":"StreetSurfaces.fid--1290087_1a02c00fa75_-2baa","geometry":{"type":"Polygon","coordinates":[[[144914.7820764,167888.01618263],[144916.758,167886.98700035],[144923.39,167883.52400035],[144929.407,167880.37900035],[144936.723,167876.56900035],[144939.372,167875.17400035],[144945.923,167871.75900035],[144951.154,167869.01900035],[144953.348,167867.89900035],[144954.1072489,167867.5028423],[144955.25,167869.47000035],[144952.934,167870.49200035],[144943.553,167875.34600035],[144943.715,167875.66500035],[144940.125,167877.54500035],[144939.048,167878.13500035],[144933.862,167880.78400035],[144933.92,167880.89700035],[144930.993,167882.43600035],[144924.241,167885.75500035],[144924.146,167885.56900035],[144916.289,167889.80300035],[144915.987,167890.32600035],[144914.7820764,167888.01618263]]]},"geometry_name":"GEOM","properties":{"INSPIRE_ID":"https://databrussels.be/id/streetsurface/142971","TYPE":"SW","STREET_ID":"https://databrussels.be/id/streetname/5340","STRNAMEFRE":"Avenue de la Société Nationale","STRNAMEDUT":"Nationale Maatschappijlaan","MUNNISCODE":"21001","HIERARCHY":"DR","LVL":0,"ADMIN":"MUN_RBC","AREA":103},"bbox":[144914.7820764,167867.5028423,144955.25,167890.32600035]},{"type":"Feature","id":"StreetSurfaces.fid--1290087_1a02c00fa75_-2b55","geometry":{"type":"Polygon","coordinates":[[[144623.45245946,167946.15697537],[144622.46,167948.89200035],[144613.58,167945.67000035],[144579.95437854,167927.94106482],[144580.50915022,167926.88368303],[144581.06,167927.21000035],[144591.19,167932.49000035],[144600.27,167936.70000035],[144608.79,167940.52000035],[144613.73,167942.49000035],[144620.51,167945.15000035],[144623.45245946,167946.15697537]]]},"geometry_name":"GEOM","properties":{"INSPIRE_ID":"https://databrussels.be/id/streetsurface/142979","TYPE":"SW","STREET_ID":"https://databrussels.be/id/streetname/2952","STRNAMEFRE":"Route de Lennik","STRNAMEDUT":"Lennikse Baan","MUNNISCODE":"21001","HIERARCHY":"DR","LVL":0,"ADMIN":"MUN_RBC","AREA":93},"bbox":[144579.95437854,167926.88368303,144623.45245946,167948.89200035]},{"type":"Feature","id":"StreetSurfaces.fid--1290087_1a02c00fa75_-2b31","geometry":{"type":"Polygon","coordinates":[[[144622.839,167913.36800035],[144688.113,167870.79300035],[144687.903,167870.36300035],[144702.83564483,167860.3696378],[144706.14025031,167863.61156176],[144705.952,167863.73300035],[144705.76,167863.90000035],[144704.25,167865.00000035],[144684.86,167877.69000035],[144658.83,167894.59000035],[144635.86,167909.72000035],[144626.37,167915.84000035],[144624.9920871,167916.66476072],[144622.839,167913.36800035]]]},"geometry_name":"GEOM","properties":{"INSPIRE_ID":"https://databrussels.be/id/streetsurface/142980","TYPE":"SW","STREET_ID":"https://databrussels.be/id/streetname/2243","STRNAMEFRE":"Rue Alexandre Pierrard","STRNAMEDUT":"Alexandre Pierrardstraat","MUNNISCODE":"21001","HIERARCHY":"DR","LVL":0,"ADMIN":"MUN_RBC","AREA":395},"bbox":[144622.839,167860.3696378,144706.14025031,167916.66476072]},{"type":"Feature","id":"StreetSurfaces.fid--1290087_1a02c00fa75_-2b23","geometry":{"type":"Polygon","coordinates":[[[144714.31128813,167844.16058034],[144715.873,167847.77900035],[144717.896,167853.15800035],[144718.067,167853.97400035],[144718.099,167854.62300035],[144717.927,167855.22000035],[144717.512,167856.03100035],[144716.882,167856.69900035],[144713.689,167858.61200035],[144713.283,167858.96700035],[144712.831,167859.27700035],[144712.379,167859.58700035],[144706.14025031,167863.61156176],[144702.83564483,167860.3696378],[144703.29562973,167860.06180246],[144704.90413847,167853.23368609],[144704.962,167852.98800035],[144707.49,167852.95000035],[144708.76,167847.56000035],[144714.31128813,167844.16058034]]]},"geometry_name":"GEOM","properties":{"INSPIRE_ID":"https://databrussels.be/id/streetsurface/142981","TYPE":"SW","STREET_ID":"https://databrussels.be/id/streetname/4568","STRNAMEFRE":"Chaussée de Mons","STRNAMEDUT":"Bergense Steenweg","MUNNISCODE":"21001","HIERARCHY":"IDR","LVL":0,"ADMIN":"REGION_RBC","AREA":160},"bbox":[144702.83564483,167844.16058034,144718.099,167863.61156176]},{"type":"Feature","id":"StreetSurfaces.fid--1290087_1a02c00fa75_-2b1e","geometry":{"type":"Polygon","coordinates":[[[144727.42506407,167812.35580485],[144724.14,167821.58900035],[144722.301,167827.42700035],[144721.827,167827.62000035],[144715.23738452,167811.48251041],[144717.674,167810.43200035],[144722.581,167810.70100035],[144727.42506407,167812.35580485]]]},"geometry_name":"GEOM","properties":{"INSPIRE_ID":"https://databrussels.be/id/streetsurface/142982","TYPE":"SW","STREET_ID":"https://databrussels.be/id/streetname/4568","STRNAMEFRE":"Chaussée de Mons","STRNAMEDUT":"Bergense Steenweg","MUNNISCODE":"21001","HIERARCHY":"IDR","LVL":0,"ADMIN":"REGION_RBC","AREA":108},"bbox":[144715.23738452,167810.43200035,144727.42506407,167827.62000035]},{"type":"Feature","id":"StreetSurfaces.fid--1290087_1a02c00fa75_-2ae1","geometry":{"type":"Polygon","coordinates":[[[144721.98,167672.66000035],[144716.186,167672.32700035],[144716.196,167672.09800035],[144715.86675519,167662.76906999],[144717.305,167662.96800035],[144718.676,167663.44000035],[144719.931,167664.16700035],[144721.023,167665.12300035],[144721.91,167666.27000035],[144722.28,167667.30000035],[144723.34,167671.11000035],[144723.61934797,167672.23739224],[144721.98,167672.66000035]]]},"geometry_name":"GEOM","properties":{"INSPIRE_ID":"https://databrussels.be/id/streetsurface/142983","TYPE":"SW","STREET_ID":"https://databrussels.be/id/streetname/2247","STRNAMEFRE":"Place Ernest S'Jonghers","STRNAMEDUT":"Ernest S'Jonghersplein","MUNNISCODE":"21001","HIERARCHY":"DR","LVL":0,"ADMIN":"MUN_RBC","AREA":56},"bbox":[144715.86675519,167662.76906999,144723.61934797,167672.66000035]},{"type":"Feature","id":"StreetSurfaces.fid--1290087_1a02c00fa75_-2ad2","geometry":{"type":"Polygon","coordinates":[[[144571.43439409,167488.45761957],[144579.67531458,167508.49610282],[144579.678,167508.49600035],[144581.144,167512.09600035],[144582.39276136,167515.17909489],[144577.352,167517.32400035],[144571.517,167502.54500035],[144569.734,167498.02800035],[144567.95,167493.51000035],[144567.99,167493.05000035],[144562.68,167480.93000035],[144537.113,167417.59200035],[144541.36266964,167414.61613557],[144542.013,167415.79100035],[144546.907,167427.03800035],[144544.648,167427.91600035],[144552,167446.29500035],[144558.304,167461.88100035],[144560.249,167466.65700035],[144561.16,167468.92100036],[144566.129,167481.10200035],[144566.367,167481.00400035],[144568.187,167480.25300035],[144571.517,167488.45300035],[144571.43439409,167488.45761957]]]},"geometry_name":"GEOM","properties":{"INSPIRE_ID":"https://databrussels.be/id/streetsurface/142995","TYPE":"SW","STREET_ID":"https://databrussels.be/id/streetname/4568","STRNAMEFRE":"Chaussée de Mons","STRNAMEDUT":"Bergense Steenweg","MUNNISCODE":"21001","HIERARCHY":"IDR","LVL":0,"ADMIN":"REGION_RBC","AREA":445},"bbox":[144537.113,167414.61613557,144582.39276136,167517.32400035]},{"type":"Feature","id":"StreetSurfaces.fid--1290087_1a02c00fa75_-2ae5","geometry":{"type":"Polygon","coordinates":[[[144623.367,167629.55500035],[144628.16303486,167627.60231729],[144628.885,167629.37600035],[144626.903,167630.28700035],[144632.795,167645.08400035],[144634.723,167644.42700035],[144635.506,167646.45900035],[144633.769,167647.10400035],[144643.981,167671.96000035],[144654.593,167697.63500035],[144661.267,167714.54000035],[144670.543,167737.49100035],[144682.446,167766.64000035],[144684.81,167765.73400035],[144685.203,167767.18900035],[144686.95598002,167772.8991214],[144687.9979422,167776.98762],[144689.18765377,167781.04272478],[144688.86260887,167781.17506752],[144685.635,167782.48900035],[144623.367,167629.55500035]]]},"geometry_name":"GEOM","properties":{"INSPIRE_ID":"https://databrussels.be/id/streetsurface/143009","TYPE":"SW","STREET_ID":"https://databrussels.be/id/streetname/4568","STRNAMEFRE":"Chaussée de Mons","STRNAMEDUT":"Bergense Steenweg","MUNNISCODE":"21001","HIERARCHY":"IDR","LVL":0,"ADMIN":"REGION_RBC","AREA":540},"bbox":[144623.367,167627.60231729,144689.18765377,167782.48900035]},{"type":"Feature","id":"StreetSurfaces.fid--1290087_1a02c00fa75_-2aa7","geometry":{"type":"Polygon","coordinates":[[[144679.389,167594.48100035],[144678.766,167594.76500035],[144677.717,167595.12300035],[144677.506,167594.56600035],[144674.113,167595.75800035],[144666.32,167598.33900035],[144665.212,167598.64000035],[144664.826,167598.67300035],[144662.169,167599.51700035],[144660.964,167602.09900035],[144659.27,167605.03000035],[144659.39,167605.08700035],[144657.292,167607.56200035],[144657.196,167607.41900035],[144656.734,167607.73300035],[144655.876,167608.15400035],[144655.586,167608.29300035],[144645.218,167612.63300035],[144644.913,167612.50800035],[144643.42137061,167608.76802769],[144647.685,167606.96300035],[144649.977,167605.99700035],[144650.434,167605.77100035],[144651.277,167605.21100035],[144652.1,167604.67200035],[144652.867,167604.06900035],[144654.448,167602.83800035],[144658.281,167599.63500035],[144659.752,167598.32200035],[144660.253,167598.00900035],[144660.719,167597.80900035],[144664.292,167596.75000035],[144668.618,167595.36300035],[144673.165,167594.06200035],[144677.941,167592.71500035],[144679.849,167592.27300035],[144679.328,167590.36500035],[144690.249,167589.12300035],[144692.598,167588.38700035],[144694.52,167587.86400035],[144698.382,167586.72600035],[144702.239,167585.59300035],[144706.033,167584.49900035],[144709.74826537,167583.40593772],[144710.35,167585.67200035],[144709.292,167585.95100035],[144704.595,167586.81400035],[144701.206,167588.05800035],[144699.659,167588.39100035],[144695.054,167589.50900035],[144695.01,167589.35700035],[144690.394,167590.75300035],[144690.502,167591.12700035],[144687.024,167592.20900035],[144683.97,167593.30900035],[144683.96,167593.17800035],[144680.54193558,167594.15234687],[144679.389,167594.48100035]]]},"geometry_name":"GEOM","properties":{"INSPIRE_ID":"https://databrussels.be/id/streetsurface/143010","TYPE":"SW","STREET_ID":"https://databrussels.be/id/streetname/5666","STRNAMEFRE":"Rue de la Solidarité","STRNAMEDUT":"Solidariteitsstraat","MUNNISCODE":"21001","HIERARCHY":"DR","LVL":0,"ADMIN":"MUN_RBC","AREA":204},"bbox":[144643.42137061,167583.40593772,144710.35,167612.63300035]},{"type":"Feature","id":"StreetSurfaces.fid--1290087_1a02c00fa75_-2af2","geometry":{"type":"Polygon","coordinates":[[[144640.844,167622.25100035],[144636.3187659,167624.19120226],[144636.103,167623.65700035],[144632.926,167615.91100035],[144632.816,167615.18700035],[144632.832,167614.45400035],[144633.148,167613.24800035],[144633.917,167611.74900035],[144635.11,167610.53200035],[144636.322,167609.74000035],[144636.784,167609.53200035],[144637.571,167611.25300035],[144642.838,167609.01500035],[144643.42137061,167608.76802769],[144644.913,167612.50800035],[144643.513,167615.95600035],[144643.788,167616.01100035],[144644.861,167618.63800035],[144644.602,167618.76600035],[144642.133,167619.69700035],[144641.818,167619.77800035],[144641.565,167620.53100035],[144641.144,167621.48400035],[144640.844,167622.25100035]]]},"geometry_name":"GEOM","properties":{"INSPIRE_ID":"https://databrussels.be/id/streetsurface/143011","TYPE":"SW","STREET_ID":"https://databrussels.be/id/streetname/4568","STRNAMEFRE":"Chaussée de Mons","STRNAMEDUT":"Bergense Steenweg","MUNNISCODE":"21001","HIERARCHY":"IDR","LVL":0,"ADMIN":"REGION_RBC","AREA":124},"bbox":[144632.816,167608.76802769,144644.913,167624.19120226]},{"type":"Feature","id":"StreetSurfaces.fid--1290087_1a02c00fa75_-2ae2","geometry":{"type":"Polygon","coordinates":[[[144725.47482637,167654.98385505],[144726.5,167656.10000035],[144726.15,167657.33000035],[144726.07,167658.39000035],[144726.32,167660.29000035],[144729.039,167670.84100035],[144727.6498479,167671.19881822],[144725.23,167661.79000035],[144724.68,167659.53000035],[144724.64,167658.29000035],[144724.76,167657.04000035],[144725.09,167655.77000035],[144725.47482637,167654.98385505]]]},"geometry_name":"GEOM","properties":{"INSPIRE_ID":"https://databrussels.be/id/streetsurface/143012","TYPE":"SW","STREET_ID":"https://databrussels.be/id/streetname/2247","STRNAMEFRE":"Place Ernest S'Jonghers","STRNAMEDUT":"Ernest S'Jonghersplein","MUNNISCODE":"21001","HIERARCHY":"DR","LVL":0,"ADMIN":"MUN_RBC","AREA":23},"bbox":[144724.64,167654.98385505,144729.039,167671.19881822]},{"type":"Feature","id":"StreetSurfaces.fid--1290087_1a02c00fa75_-2ada","geometry":{"type":"Polygon","coordinates":[[[144740.05902357,167717.2395511],[144743.595,167724.44900035],[144745.954,167727.60500035],[144749.168,167729.99800035],[144752.956,167738.77700035],[144751.938,167742.55400035],[144751.31252953,167744.47799953],[144749.70811229,167743.91503975],[144749.883,167743.42500035],[144749.972,167743.01800035],[144749.96,167741.92700035],[144749.814,167741.22400035],[144749.68,167740.83900035],[144749.512,167740.45700035],[144746.31,167733.65700035],[144746.031,167733.78900035],[144745.506,167732.70100035],[144745.624,167732.64500035],[144744.178,167729.35200035],[144744.072,167729.40200035],[144743.448,167728.31600035],[144743.779,167728.15900035],[144742.142,167724.84100035],[144741.995,167724.91100035],[144741.489,167723.82800035],[144741.527,167723.66500035],[144740.125,167720.65900035],[144739.409,167719.17000035],[144738.81322742,167717.81689496],[144740.05902357,167717.2395511]]]},"geometry_name":"GEOM","properties":{"INSPIRE_ID":"https://databrussels.be/id/streetsurface/143013","TYPE":"SW","STREET_ID":"https://databrussels.be/id/streetname/267","STRNAMEFRE":"Avenue des Droits de l'Homme","STRNAMEDUT":"Mensenrechtenlaan","MUNNISCODE":"21001","HIERARCHY":"DR","LVL":0,"ADMIN":"MUN_RBC","AREA":80},"bbox":[144738.81322742,167717.2395511,144752.956,167744.47799953]},{"type":"Feature","id":"StreetSurfaces.fid--1290087_1a02c00fa75_-2ade","geometry":{"type":"Polygon","coordinates":[[[144721.98,167672.66000035],[144723.61934797,167672.23739224],[144725.14,167678.32000035],[144726.74,167684.44000035],[144728.57,167691.69000035],[144728.99,167693.27000035],[144729.33,167694.35000035],[144729.87,167695.58000035],[144730.55,167697.05000035],[144738.634,167714.21200035],[144739.326,167715.74500035],[144740.05902357,167717.2395511],[144738.81322742,167717.81689496],[144737.473,167714.77300035],[144733.16,167705.98000035],[144727.67,167693.88000035],[144727.32,167692.06000035],[144723.79,167679.55000035],[144721.98,167672.66000035]]]},"geometry_name":"GEOM","properties":{"INSPIRE_ID":"https://databrussels.be/id/streetsurface/143014","TYPE":"SW","STREET_ID":"https://databrussels.be/id/streetname/1198","STRNAMEFRE":"Rue de l'Emancipation","STRNAMEDUT":"Ontvoogdingsstraat","MUNNISCODE":"21001","HIERARCHY":"DR","LVL":0,"ADMIN":"MUN_RBC","AREA":69},"bbox":[144721.98,167672.23739224,144740.05902357,167717.81689496]},{"type":"Feature","id":"StreetSurfaces.fid--1290087_1a02c00fa75_-2ad6","geometry":{"type":"Polygon","coordinates":[[[144783.14,167758.07600035],[144782.665,167756.99700035],[144777.68,167745.62000035],[144776.492,167742.80500035],[144775.97,167741.81000035],[144777.72247213,167740.83809382],[144784.90856656,167757.31862407],[144783.14,167758.07600035]]]},"geometry_name":"GEOM","properties":{"INSPIRE_ID":"https://databrussels.be/id/streetsurface/143015","TYPE":"SW","STREET_ID":"https://databrussels.be/id/streetname/3172","STRNAMEFRE":"Avenue de la Persévérance","STRNAMEDUT":"Volhardingslaan","MUNNISCODE":"21001","HIERARCHY":"DR","LVL":0,"ADMIN":"MUN_RBC","AREA":35},"bbox":[144775.97,167740.83809382,144784.90856656,167758.07600035]},{"type":"Feature","id":"StreetSurfaces.fid--1290087_1a02c00fa75_-2ad9","geometry":{"type":"Polygon","coordinates":[[[144756.68218964,167746.36210198],[144758.682,167740.73200035],[144756.906,167740.11500035],[144757.993,167736.99600035],[144760.684,167735.57700035],[144771.684,167730.81800035],[144773.501,167730.04000035],[144774.985,167733.44400035],[144774.576,167733.62200035],[144777.72247213,167740.83809382],[144775.97,167741.81000035],[144775.551,167741.37000035],[144763.48,167737.65000035],[144761.364,167739.35800035],[144758.694,167747.06800035],[144756.68218964,167746.36210198]]]},"geometry_name":"GEOM","properties":{"INSPIRE_ID":"https://databrussels.be/id/streetsurface/143016","TYPE":"SW","STREET_ID":"https://databrussels.be/id/streetname/267","STRNAMEFRE":"Avenue des Droits de l'Homme","STRNAMEDUT":"Mensenrechtenlaan","MUNNISCODE":"21001","HIERARCHY":"DR","LVL":0,"ADMIN":"MUN_RBC","AREA":132},"bbox":[144756.68218964,167730.04000035,144777.72247213,167747.06800035]},{"type":"Feature","id":"StreetSurfaces.fid--1290087_1a02c00fa75_-2b51","geometry":{"type":"Polygon","coordinates":[[[144792.275,167754.16400035],[144792.741,167754.93000035],[144793.043,167755.66000035],[144793.546,167756.27100035],[144794.097,167756.58200035],[144795.015,167756.98400035],[144796.113,167757.41700035],[144796.654,167757.49900035],[144797.458,167757.46500035],[144798.018,167757.27000035],[144798.728,167758.42200035],[144797.062,167759.31300035],[144796.38,167759.62700035],[144795.573,167759.85400035],[144794.781,167759.91900035],[144793.994,167759.80700035],[144793.25,167759.51700035],[144792.581,167759.08000035],[144792.108,167758.62300035],[144791.719,167758.09200035],[144790.37971526,167754.97564281],[144792.275,167754.16400035]]]},"geometry_name":"GEOM","properties":{"INSPIRE_ID":"https://databrussels.be/id/streetsurface/143017","TYPE":"SW","STREET_ID":"https://databrussels.be/id/streetname/3172","STRNAMEFRE":"Avenue de la Persévérance","STRNAMEDUT":"Volhardingslaan","MUNNISCODE":"21001","HIERARCHY":"DR","LVL":0,"ADMIN":"MUN_RBC","AREA":21},"bbox":[144790.37971526,167754.16400035,144798.728,167759.91900035]},{"type":"Feature","id":"StreetSurfaces.fid--1290087_1a02c00fa75_-2b00","geometry":{"type":"Polygon","coordinates":[[[144876.95154851,167721.35364034],[144878.603,167720.47000035],[144879.051,167720.23200035],[144879.534,167720.07400035],[144880.031,167720.00100035],[144880.534,167720.01100035],[144881.06,167720.14800035],[144881.387,167720.30800035],[144881.594,167720.45800035],[144881.832,167720.68200035],[144882.11,167721.03400035],[144882.99427727,167722.68389803],[144880.732,167723.81900035],[144879.743,167723.12600035],[144877.973,167722.90400035],[144876.95154851,167721.35364034]]]},"geometry_name":"GEOM","properties":{"INSPIRE_ID":"https://databrussels.be/id/streetsurface/143018","TYPE":"SW","STREET_ID":"https://databrussels.be/id/streetname/4202","STRNAMEFRE":"Avenue Guillaume Melckmans","STRNAMEDUT":"Guillaume Melckmanslaan","MUNNISCODE":"21001","HIERARCHY":"DR","LVL":0,"ADMIN":"MUN_RBC","AREA":14},"bbox":[144876.95154851,167720.00100035,144882.99427727,167723.81900035]},{"type":"Feature","id":"StreetSurfaces.fid--1290087_1a02c00fa75_-2b11","geometry":{"type":"Polygon","coordinates":[[[144876.95154851,167721.35364034],[144877.973,167722.90400035],[144876.224,167723.69400035],[144871.307,167726.17500035],[144870.044,167726.91500035],[144868.532,167727.70600035],[144864.342,167729.73500035],[144862.425,167730.85500035],[144854.605,167734.72500035],[144851.29,167736.42700035],[144850.329,167736.94900035],[144844.03,167740.14500035],[144843.106,167740.51700035],[144839.78,167742.45000035],[144832.739,167746.48100035],[144825.372,167750.44100035],[144822.846,167751.78300035],[144821.555,167752.51200035],[144819.701,167753.29600035],[144817.994,167754.30500035],[144805.049,167761.35900035],[144804.123,167761.78000035],[144802.442,167762.70100035],[144801.965,167762.90100035],[144801.457,167763.23300035],[144800.76723426,167762.03699189],[144803.803,167760.41000035],[144809.569,167757.34400035],[144816.669,167753.54600035],[144823.753,167749.76100035],[144829.18,167746.87400035],[144836.741,167742.83600035],[144838.641,167741.82300035],[144843.433,167739.25300035],[144851.075,167735.17600035],[144858.75,167731.07300035],[144865.275,167727.60400035],[144872.417,167723.75800035],[144875.378,167722.18100035],[144875.837,167721.95000035],[144876.95154851,167721.35364034]]]},"geometry_name":"GEOM","properties":{"INSPIRE_ID":"https://databrussels.be/id/streetsurface/143019","TYPE":"SW","STREET_ID":"https://databrussels.be/id/streetname/2389","STRNAMEFRE":"Rue de la Volonté","STRNAMEDUT":"Wilstraat","MUNNISCODE":"21001","HIERARCHY":"DR","LVL":0,"ADMIN":"MUN_RBC","AREA":117},"bbox":[144800.76723426,167721.35364034,144877.973,167763.23300035]},{"type":"Feature","id":"StreetSurfaces.fid--1290087_1a02c00fa75_-2b48","geometry":{"type":"Polygon","coordinates":[[[144825.67449819,167836.392453],[144825.201,167835.31300035],[144821.977,167827.93200035],[144819.126,167821.40000035],[144818.225,167819.39700035],[144814.828,167811.61100035],[144812.439,167806.14100035],[144810.097,167800.75300035],[144806.687,167792.95200035],[144803.082,167784.67700035],[144799.529,167776.53200035],[144797.32397497,167771.47359448],[144799.397,167770.43000035],[144800.637,167773.15900035],[144801.641,167775.29700035],[144803.321,167778.81400035],[144805.394,167784.02900035],[144806.244,167785.86900035],[144811.746,167798.49200035],[144815.51,167806.86400035],[144817.017,167810.40600035],[144819.555,167816.37500035],[144822.754,167823.63400035],[144823.237,167824.70100035],[144823.332,167825.11900035],[144824.079,167826.93500035],[144825.511,167830.20800035],[144827.101,167833.72200035],[144827.923,167835.54000035],[144825.67449819,167836.392453]]]},"geometry_name":"GEOM","properties":{"INSPIRE_ID":"https://databrussels.be/id/streetsurface/143020","TYPE":"SW","STREET_ID":"https://databrussels.be/id/streetname/3172","STRNAMEFRE":"Avenue de la Persévérance","STRNAMEDUT":"Volhardingslaan","MUNNISCODE":"21001","HIERARCHY":"DR","LVL":0,"ADMIN":"MUN_RBC","AREA":172},"bbox":[144797.32397497,167770.43000035,144827.923,167836.392453]},{"type":"Feature","id":"StreetSurfaces.fid--1290087_1a02c00fa75_-2b40","geometry":{"type":"Polygon","coordinates":[[[144818.67,167839.04800035],[144820.93844421,167838.18798714],[144823.906,167844.94200035],[144826.132,167849.99100035],[144828.55841334,167855.57469659],[144826.3255836,167856.56574132],[144825.488,167854.57900035],[144823.596,167850.19000035],[144822.158,167847.02600035],[144821.74416047,167846.07943734],[144818.67,167839.04800035]]]},"geometry_name":"GEOM","properties":{"INSPIRE_ID":"https://databrussels.be/id/streetsurface/143021","TYPE":"SW","STREET_ID":"https://databrussels.be/id/streetname/3172","STRNAMEFRE":"Avenue de la Persévérance","STRNAMEDUT":"Volhardingslaan","MUNNISCODE":"21001","HIERARCHY":"DR","LVL":0,"ADMIN":"MUN_RBC","AREA":46},"bbox":[144818.67,167838.18798714,144828.55841334,167856.56574132]},{"type":"Feature","id":"StreetSurfaces.fid--1290087_1a02c00fa75_-2aae","geometry":{"type":"Polygon","coordinates":[[[144707.753,167575.89200035],[144710.969,167574.80900035],[144716.163,167573.27000035],[144718.098,167572.54800035],[144718.786,167574.90800035],[144714.943,167576.01700035],[144712.581,167576.70500035],[144710.476,167577.34100035],[144710.218,167577.23400035],[144710.026,167577.24200035],[144708.979,167577.57400035],[144708.932,167577.46700035],[144708.22923292,167577.68543814],[144707.753,167575.89200035]]]},"geometry_name":"GEOM","properties":{"INSPIRE_ID":"https://databrussels.be/id/streetsurface/143041","TYPE":"SW","STREET_ID":"https://databrussels.be/id/streetname/5666","STRNAMEFRE":"Rue de la Solidarité","STRNAMEDUT":"Solidariteitsstraat","MUNNISCODE":"21001","HIERARCHY":"DR","LVL":0,"ADMIN":"MUN_RBC","AREA":24},"bbox":[144707.753,167572.54800035,144718.786,167577.68543814]},{"type":"Feature","id":"StreetSurfaces.fid--1290087_1a02c00fa75_-2ab1","geometry":{"type":"Polygon","coordinates":[[[144741.20168782,167568.25424092],[144741.101,167568.35500035],[144718.786,167574.90800035],[144718.098,167572.54800035],[144718.552,167572.48500035],[144719.611,167572.15700035],[144720.026,167572.30500035],[144722.644,167571.43900035],[144726.23,167570.49900035],[144727.308,167570.13100035],[144729.023,167569.41300035],[144732.476,167568.69800035],[144733.418,167568.43600035],[144739.9,167566.25700035],[144740.52813983,167565.92348421],[144741.20168782,167568.25424092]]]},"geometry_name":"GEOM","properties":{"INSPIRE_ID":"https://databrussels.be/id/streetsurface/143042","TYPE":"SW","STREET_ID":"https://databrussels.be/id/streetname/5666","STRNAMEFRE":"Rue de la Solidarité","STRNAMEDUT":"Solidariteitsstraat","MUNNISCODE":"21001","HIERARCHY":"DR","LVL":0,"ADMIN":"MUN_RBC","AREA":52},"bbox":[144718.098,167565.92348421,144741.20168782,167574.90800035]},{"type":"Feature","id":"StreetSurfaces.fid--1290087_1a02c00fa75_-2abe","geometry":{"type":"Polygon","coordinates":[[[144746.84704257,167561.25014131],[144742.181,167545.30300035],[144743.06,167544.99400035],[144742.291,167542.35200035],[144743.64,167546.42100035],[144744.331,167547.87700035],[144746.843,167556.59700035],[144747.201,167557.53900035],[144748.117,167560.77700035],[144746.84704257,167561.25014131]]]},"geometry_name":"GEOM","properties":{"INSPIRE_ID":"https://databrussels.be/id/streetsurface/143043","TYPE":"SW","STREET_ID":"https://databrussels.be/id/streetname/1509","STRNAMEFRE":"Rue Hoorickx","STRNAMEDUT":"Hoorickxstraat","MUNNISCODE":"21001","HIERARCHY":"DR","LVL":0,"ADMIN":"MUN_RBC","AREA":22},"bbox":[144742.181,167542.35200035,144748.117,167561.25014131]},{"type":"Feature","id":"StreetSurfaces.fid--1290087_1a02c00fa75_-2ab7","geometry":{"type":"Polygon","coordinates":[[[144750.974,167562.83200035],[144751.7505523,167565.40844508],[144751.527,167565.47800036],[144750.944,167565.55400035],[144750.324,167565.52900035],[144749.692,167565.39000035],[144749.081,167565.13200035],[144748.523,167564.76200035],[144748.047,167564.29800035],[144747.674,167563.77000035],[144747.41,167563.20800035],[144747.254,167562.64100035],[144746.84704257,167561.25014131],[144748.117,167560.77700035],[144748.775,167562.00000035],[144749.682,167562.82700035],[144750.135,167562.86700035],[144750.974,167562.83200035]]]},"geometry_name":"GEOM","properties":{"INSPIRE_ID":"https://databrussels.be/id/streetsurface/143044","TYPE":"SW","STREET_ID":"https://databrussels.be/id/streetname/5666","STRNAMEFRE":"Rue de la Solidarité","STRNAMEDUT":"Solidariteitsstraat","MUNNISCODE":"21001","HIERARCHY":"DR","LVL":0,"ADMIN":"MUN_RBC","AREA":12},"bbox":[144746.84704257,167560.77700035,144751.7505523,167565.55400035]},{"type":"Feature","id":"StreetSurfaces.fid--1290087_1a02c00fa75_-2a84","geometry":{"type":"Polygon","coordinates":[[[144731.357,167523.45200035],[144731.36,167523.88400035],[144733.656,167527.97400035],[144734.269,167529.02800035],[144736.008,167531.74000035],[144735.894,167531.77900035],[144734.176,167529.09000035],[144733.539,167528.06300035],[144730.826,167523.69700035],[144731.357,167523.45200035]]]},"geometry_name":"GEOM","properties":{"INSPIRE_ID":"https://databrussels.be/id/streetsurface/143045","TYPE":"SW","STREET_ID":"https://databrussels.be/id/streetname/1509","STRNAMEFRE":"Rue Hoorickx","STRNAMEDUT":"Hoorickxstraat","MUNNISCODE":"21001","HIERARCHY":"DR","LVL":0,"ADMIN":"MUN_RBC","AREA":2},"bbox":[144730.826,167523.45200035,144736.008,167531.77900035]},{"type":"Feature","id":"StreetSurfaces.fid--1290087_1a02c00fa75_-2ab9","geometry":{"type":"Polygon","coordinates":[[[144773.32309759,167561.98660856],[144776.907,167560.02200035],[144781.224,167557.65200035],[144781.38,167557.57200035],[144781.548,167557.52300035],[144781.706,167557.50600035],[144781.864,167557.51600035],[144782.019,167557.55300035],[144782.232,167557.63800035],[144782.422,167557.76500035],[144782.561,167557.91500035],[144782.665,167558.09000035],[144782.726,167558.25000035],[144782.762,167558.41800035],[144782.768,167558.61100035],[144782.737,167558.80200035],[144782.64,167559.15100035],[144781.63708752,167564.29544968],[144776.963,167566.83800035],[144775.51,167566.74400035],[144773.32309759,167561.98660856]]]},"geometry_name":"GEOM","properties":{"INSPIRE_ID":"https://databrussels.be/id/streetsurface/143046","TYPE":"SW","STREET_ID":"https://databrussels.be/id/streetname/2665","STRNAMEFRE":"Place Ministre Wauters","STRNAMEDUT":"Minister Wautersplein","MUNNISCODE":"21001","HIERARCHY":"DR","LVL":0,"ADMIN":"MUN_RBC","AREA":52},"bbox":[144773.32309759,167557.50600035,144782.768,167566.83800035]},{"type":"Feature","id":"StreetSurfaces.fid--1290087_1a02c00fa75_-2ab4","geometry":{"type":"Polygon","coordinates":[[[144753.86288412,167572.60859933],[144753.31874611,167570.72557414],[144754.62,167570.33800035],[144758.165,167569.31900035],[144761.077,167568.47100035],[144765.231,167567.19300035],[144771.475,167565.37200035],[144770.903,167563.30800035],[144771.261,167563.11700035],[144773.32309759,167561.98660856],[144775.51,167566.74400035],[144772.045,167567.38500035],[144768.382,167568.40200035],[144768.092,167568.19400035],[144767.93,167568.32000035],[144768.067,167568.54200035],[144767.187,167568.97100035],[144766.396,167569.42900035],[144766.256,167569.23400035],[144765.947,167569.37600035],[144765.797,167569.26200035],[144761.682,167570.28900035],[144761.17,167570.60100035],[144760.375,167570.85400035],[144758.739,167571.18600035],[144754.646,167572.39100035],[144753.86288412,167572.60859933]]]},"geometry_name":"GEOM","properties":{"INSPIRE_ID":"https://databrussels.be/id/streetsurface/143047","TYPE":"SW","STREET_ID":"https://databrussels.be/id/streetname/5666","STRNAMEFRE":"Rue de la Solidarité","STRNAMEDUT":"Solidariteitsstraat","MUNNISCODE":"21001","HIERARCHY":"DR","LVL":0,"ADMIN":"MUN_RBC","AREA":53},"bbox":[144753.31874611,167561.98660856,144775.51,167572.60859933]},{"type":"Feature","id":"StreetSurfaces.fid--1290087_1a02c00fa75_-2b0d","geometry":{"type":"Polygon","coordinates":[[[144829.27190719,167609.93192354],[144833.242,167606.06900035],[144841.703,167621.16700035],[144841.425,167621.42800035],[144854.372,167645.67800035],[144856.818,167650.18300035],[144856.722,167650.25800035],[144858.575,167653.64500035],[144859.682,167653.00300035],[144863.479,167660.16900035],[144857.38364708,167663.30513742],[144857.045,167662.78000035],[144854.997,167658.95000035],[144853.482,167656.06200035],[144851.292,167651.95100035],[144840.999,167632.53400035],[144837.624,167626.18300035],[144833.666,167618.74100035],[144832.117,167619.54400035],[144830.986,167617.44800035],[144829.533,167614.67300035],[144829.043,167613.16900035],[144828.932,167611.58700035],[144829.124,167610.33200035],[144829.27190719,167609.93192354]]]},"geometry_name":"GEOM","properties":{"INSPIRE_ID":"https://databrussels.be/id/streetsurface/143048","TYPE":"SW","STREET_ID":"https://databrussels.be/id/streetname/4202","STRNAMEFRE":"Avenue Guillaume Melckmans","STRNAMEDUT":"Guillaume Melckmanslaan","MUNNISCODE":"21001","HIERARCHY":"DR","LVL":0,"ADMIN":"MUN_RBC","AREA":371},"bbox":[144828.932,167606.06900035,144863.479,167663.30513742]},{"type":"Feature","id":"StreetSurfaces.fid--1290087_1a02c00fa75_-2b8f","geometry":{"type":"Polygon","coordinates":[[[144950.137,167722.13800035],[144951.44239713,167723.52528664],[144951.223,167723.68100035],[144950.599,167723.98400035],[144949.934,167724.17800035],[144949.612,167724.25300035],[144949.282,167724.25800035],[144948.663,167724.05700035],[144948.225,167723.77900035],[144947.852,167723.42000035],[144947.513,167722.96600035],[144947.34390548,167722.66878736],[144948.382,167721.41200035],[144948.946,167722.19500035],[144949.22,167722.36600035],[144949.392,167722.42400035],[144949.562,167722.44900035],[144949.639,167722.43700035],[144949.732,167722.40600035],[144949.832,167722.34900035],[144950.137,167722.13800035]]]},"geometry_name":"GEOM","properties":{"INSPIRE_ID":"https://databrussels.be/id/streetsurface/143049","TYPE":"SW","STREET_ID":"https://databrussels.be/id/streetname/2761","STRNAMEFRE":"Rue du Savoir","STRNAMEDUT":"Kennisstraat","MUNNISCODE":"21001","HIERARCHY":"DR","LVL":0,"ADMIN":"MUN_RBC","AREA":6},"bbox":[144947.34390548,167721.41200035,144951.44239713,167724.25800035]},{"type":"Feature","id":"StreetSurfaces.fid--1290087_1a02c00fa75_-2b90","geometry":{"type":"Polygon","coordinates":[[[144949.665,167739.60600035],[144949.025,167738.98800035],[144947.562,167738.58200035],[144947.046,167738.82000035],[144946.23,167739.36700035],[144944.55699333,167737.75437426],[144945.11,167737.22500035],[144945.74,167736.71300035],[144946.449,167736.32000035],[144947.42,167736.01500035],[144947.974,167735.96800035],[144948.432,167736.03400035],[144948.925,167736.21800035],[144949.518,167736.59100035],[144949.922,167736.95100035],[144950.246,167737.31900035],[144950.537,167737.77100035],[144950.862,167738.26700035],[144950.98072432,167738.48867554],[144949.665,167739.60600035]]]},"geometry_name":"GEOM","properties":{"INSPIRE_ID":"https://databrussels.be/id/streetsurface/143050","TYPE":"SW","STREET_ID":"https://databrussels.be/id/streetname/2761","STRNAMEFRE":"Rue du Savoir","STRNAMEDUT":"Kennisstraat","MUNNISCODE":"21001","HIERARCHY":"DR","LVL":0,"ADMIN":"MUN_RBC","AREA":14},"bbox":[144944.55699333,167735.96800035,144950.98072432,167739.60600035]},{"type":"Feature","id":"StreetSurfaces.fid--1290087_1a02c00fa75_-2ba9","geometry":{"type":"Polygon","coordinates":[[[144950.3981225,167832.92987581],[144951.48319449,167834.96918344],[144954.21,167840.09400035],[144961.208,167853.27300035],[144958.82256552,167854.00026054],[144957.824,167852.18300035],[144954.09,167845.16000035],[144948.536,167834.80900035],[144941.658,167821.82000035],[144936.077,167811.38500035],[144915.95,167773.34200035],[144915.59662371,167772.67695458],[144917.163,167770.18400035],[144920.778,167777.12500035],[144921.43745045,167778.25072471],[144923.963,167782.56200035],[144923.824,167782.63700035],[144927.531,167789.56100035],[144928.604,167791.35100035],[144930.17,167794.14000035],[144930.75,167795.24000035],[144933.15,167800.10000035],[144936.16,167806.20000035],[144937.014,167807.91000035],[144938.997,167811.41900035],[144941.125,167815.60800035],[144944.732,167821.85900035],[144946.094,167824.43200035],[144945.807,167824.58700035],[144948.471,167829.30800035],[144950.30933828,167832.76301284],[144950.3981225,167832.92987581]]]},"geometry_name":"GEOM","properties":{"INSPIRE_ID":"https://databrussels.be/id/streetsurface/143051","TYPE":"SW","STREET_ID":"https://databrussels.be/id/streetname/4202","STRNAMEFRE":"Avenue Guillaume Melckmans","STRNAMEDUT":"Guillaume Melckmanslaan","MUNNISCODE":"21001","HIERARCHY":"DR","LVL":0,"ADMIN":"MUN_RBC","AREA":239},"bbox":[144915.59662371,167770.18400035,144961.208,167854.00026054]},{"type":"Feature","id":"StreetSurfaces.fid--1290087_1a02c00fa75_-2b75","geometry":{"type":"Polygon","coordinates":[[[144793.062,167939.39800035],[144793.41,167939.22000035],[144797.16,167937.29000035],[144820.07,167925.96000035],[144822.92,167926.20000035],[144823.42,167926.22000035],[144823.91,167926.25000035],[144824.4,167926.22000035],[144824.93,167926.12000035],[144825.46,167925.95000035],[144825.97,167925.75000035],[144826.27,167925.60000035],[144826.57,167925.43000035],[144826.86,167925.26000035],[144829.79,167923.92000035],[144839.19037085,167919.06568705],[144842.30697494,167917.45628536],[144842.67030225,167917.26866462],[144843.20918406,167916.99038824],[144843.64059373,167916.76761004],[144846.227,167915.43200035],[144848.109,167914.58900035],[144848.81221634,167916.76623257],[144844.625,167918.96400035],[144843.687,167919.44600035],[144840.181,167921.29400035],[144830.33,167926.54000035],[144829.84,167926.78000035],[144829.34,167927.01000035],[144828.83,167927.23000035],[144828.04,167927.53000035],[144820.89,167929.47000035],[144818.65,167930.09000035],[144817.56,167930.47000035],[144817.31,167930.57000035],[144817.05,167930.68000035],[144816.8,167930.79000035],[144811.52,167933.51000035],[144794.98,167942.13000035],[144794.53918158,167942.35809537],[144793.062,167939.39800035]]]},"geometry_name":"GEOM","properties":{"INSPIRE_ID":"https://databrussels.be/id/streetsurface/143052","TYPE":"SW","STREET_ID":"https://databrussels.be/id/streetname/5340","STRNAMEFRE":"Avenue de la Société Nationale","STRNAMEDUT":"Nationale Maatschappijlaan","MUNNISCODE":"21001","HIERARCHY":"DR","LVL":0,"ADMIN":"MUN_RBC","AREA":170},"bbox":[144793.062,167914.58900035,144848.81221634,167942.35809537]},{"type":"Feature","id":"StreetSurfaces.fid--1290087_1a02c00fa75_-2b6f","geometry":{"type":"Polygon","coordinates":[[[144876.84194964,167978.18888842],[144875.778,167975.82400035],[144874.707,167972.84500035],[144855.318,167928.27200035],[144858.10364391,167926.28639918],[144858.428,167926.83400035],[144859.398,167928.98900035],[144862.462,167935.99900035],[144865.833,167943.72500035],[144867.629,167947.83600035],[144870.554,167954.56200035],[144873.51,167961.36000035],[144877.772,167971.13000035],[144880.22129465,167976.74114782],[144876.84194964,167978.18888842]]]},"geometry_name":"GEOM","properties":{"INSPIRE_ID":"https://databrussels.be/id/streetsurface/143053","TYPE":"SW","STREET_ID":"https://databrussels.be/id/streetname/3172","STRNAMEFRE":"Avenue de la Persévérance","STRNAMEDUT":"Volhardingslaan","MUNNISCODE":"21001","HIERARCHY":"DR","LVL":0,"ADMIN":"MUN_RBC","AREA":191},"bbox":[144855.318,167926.28639918,144880.22129465,167978.18888842]},{"type":"Feature","id":"StreetSurfaces.fid--1290087_1a02c00fa75_-2b71","geometry":{"type":"Polygon","coordinates":[[[144851.14686404,167923.99454895],[144851.379,167923.87500035],[144852.21,167923.61700035],[144853.072,167923.49700035],[144853.943,167923.51700035],[144854.798,167923.67900035],[144855.617,167923.97600035],[144856.91,167924.81300035],[144857.78,167925.74000035],[144858.10364391,167926.28639918],[144855.318,167928.27200035],[144854.516,167928.03700035],[144852.115,167926.99200035],[144851.14686404,167923.99454895]]]},"geometry_name":"GEOM","properties":{"INSPIRE_ID":"https://databrussels.be/id/streetsurface/143054","TYPE":"SW","STREET_ID":"https://databrussels.be/id/streetname/3172","STRNAMEFRE":"Avenue de la Persévérance","STRNAMEDUT":"Volhardingslaan","MUNNISCODE":"21001","HIERARCHY":"DR","LVL":0,"ADMIN":"MUN_RBC","AREA":22},"bbox":[144851.14686404,167923.49700035,144858.10364391,167928.27200035]},{"type":"Feature","id":"StreetSurfaces.fid--1290087_1a02c00fa75_-2b61","geometry":{"type":"Polygon","coordinates":[[[144871.07109694,167995.63448998],[144869.5,167995.25700035],[144859.26,167992.80200035],[144810.281,167981.22200035],[144803.31,167979.13200035],[144804.18250366,167976.22201758],[144826.4,167981.58000035],[144852.46,167987.66000035],[144870.194,167991.80500035],[144871.7870419,167992.16042949],[144871.07109694,167995.63448998]]]},"geometry_name":"GEOM","properties":{"INSPIRE_ID":"https://databrussels.be/id/streetsurface/143055","TYPE":"SW","STREET_ID":"https://databrussels.be/id/streetname/4385","STRNAMEFRE":"Avenue Waxweiler","STRNAMEDUT":"Waxweilerlaan","MUNNISCODE":"21001","HIERARCHY":"DR","LVL":0,"ADMIN":"MUN_RBC","AREA":237},"bbox":[144803.31,167976.22201758,144871.7870419,167995.63448998]},{"type":"Feature","id":"StreetSurfaces.fid--1290087_1a02c00fa75_-2b67","geometry":{"type":"Polygon","coordinates":[[[144781.73307589,167978.84223896],[144781.651,167978.58100035],[144777.024,167967.03900035],[144777.063,167965.85600035],[144777.371,167964.60500035],[144778.251,167962.81200035],[144779.61,167961.33200035],[144779.73076925,167961.2700004],[144786.06,167977.00000035],[144781.73307589,167978.84223896]]]},"geometry_name":"GEOM","properties":{"INSPIRE_ID":"https://databrussels.be/id/streetsurface/143056","TYPE":"SW","STREET_ID":"https://databrussels.be/id/streetname/4568","STRNAMEFRE":"Chaussée de Mons","STRNAMEDUT":"Bergense Steenweg","MUNNISCODE":"21001","HIERARCHY":"IDR","LVL":0,"ADMIN":"REGION_RBC","AREA":72},"bbox":[144777.024,167961.2700004,144786.06,167978.84223896]},{"type":"Feature","id":"StreetSurfaces.fid--1290087_1a02c00fa75_-2b82","geometry":{"type":"Polygon","coordinates":[[[144768.467,167984.49000035],[144771.70575185,167983.11122058],[144778.665,168000.00000035],[144819.134,168098.21000035],[144821.79,168099.58000035],[144822.4,168101.33000035],[144822.629,168101.98500035],[144822.811,168102.50500035],[144823.113,168103.70700035],[144823.15041319,168104.26414136],[144818.472,168105.32900035],[144775.07,168000.00000035],[144768.467,167984.49000035]]]},"geometry_name":"GEOM","properties":{"INSPIRE_ID":"https://databrussels.be/id/streetsurface/143057","TYPE":"SW","STREET_ID":"https://databrussels.be/id/streetname/4568","STRNAMEFRE":"Chaussée de Mons","STRNAMEDUT":"Bergense Steenweg","MUNNISCODE":"21001","HIERARCHY":"IDR","LVL":0,"ADMIN":"REGION_RBC","AREA":448},"bbox":[144768.467,167983.11122058,144823.15041319,168105.32900035]},{"type":"Feature","id":"StreetSurfaces.fid--1290087_1a02c00fa75_-2aa0","geometry":{"type":"Polygon","coordinates":[[[144813.99080898,167533.57181423],[144813.703,167533.01200035],[144817.102,167531.25100035],[144818.033,167530.74800035],[144818.844,167530.09500035],[144822.111,167528.27400035],[144823.584,167527.65600035],[144827.46624161,167525.38111924],[144831.04,167523.28700035],[144835.996,167521.01200035],[144836.846,167520.48000035],[144837.691,167519.78400035],[144844.174,167516.03200035],[144850.223,167512.44500035],[144856.705,167509.03800035],[144855.533,167503.66400035],[144855.484,167501.38200035],[144970.478,167494.83300035],[144970.70031695,167498.50041858],[144967.842,167498.66400035],[144965.052,167498.82500035],[144960.251,167497.78500035],[144959.295,167497.85000035],[144957.312,167496.04100035],[144952.233,167496.32000035],[144946.729,167496.62600036],[144941.679,167496.92200035],[144936.187,167497.19200035],[144931.099,167497.50000035],[144929.26,167499.48700035],[144920.206,167500.01100035],[144919.343,167501.13300035],[144913.316,167501.39300035],[144912.334,167500.44500035],[144901.569,167501.07200035],[144899.426,167499.29300035],[144894.381,167499.58100035],[144888.8,167499.89600035],[144883.735,167500.18500035],[144881.757,167502.19800036],[144875.891,167502.53000035],[144874.877,167502.60100035],[144873.903,167502.73600035],[144872.91,167502.96100035],[144871.959,167503.34400035],[144871.04,167503.77300035],[144870.163,167504.22300035],[144869.261,167504.70600035],[144868.403,167505.22900035],[144865.896,167506.79900035],[144865.621,167501.90600035],[144863.148,167502.07400035],[144863.183,167503.19000035],[144860.814,167503.32000035],[144860.866,167504.43100035],[144858.498,167504.55900035],[144858.719,167509.05900035],[144855.662,167510.72400035],[144845.558,167516.28000035],[144837.083,167520.90800035],[144836.302,167521.34800035],[144831.351,167524.06700035],[144828.108,167525.86100035],[144827.946,167525.91800035],[144824.674,167527.74300035],[144823.868,167528.16400035],[144818.296,167531.21100035],[144817.347,167531.73100035],[144813.99080898,167533.57181423]]]},"geometry_name":"GEOM","properties":{"INSPIRE_ID":"https://databrussels.be/id/streetsurface/143078","TYPE":"SW","STREET_ID":"https://databrussels.be/id/streetname/3435","STRNAMEFRE":"Rue des Plébéiens","STRNAMEDUT":"Plebejersstraat","MUNNISCODE":"21001","HIERARCHY":"DR","LVL":0,"ADMIN":"MUN_RBC","AREA":263},"bbox":[144813.703,167494.83300035,144970.70031695,167533.57181423]},{"type":"Feature","id":"StreetSurfaces.fid--1290087_1a02c00fa75_-2baf","geometry":{"type":"Polygon","coordinates":[[[144950.106,167860.61500035],[144951.49505344,167863.00614891],[144947.745,167864.95100035],[144942.141,167867.86500035],[144935.246,167871.48600035],[144927.616,167875.47900035],[144921.032,167878.91300035],[144914.559,167882.30300035],[144912.39167569,167883.44076302],[144911.23516413,167881.23031406],[144912.224,167880.74700035],[144914.379,167879.60600035],[144920.69,167876.29200035],[144921.933,167875.64800035],[144922.18,167875.49500035],[144929.029,167871.98400035],[144929.064,167872.06600035],[144932.906,167870.07400035],[144936.495,167867.84700035],[144943.493,167864.29900035],[144944.72,167863.75400035],[144947.21,167862.40700035],[144950.106,167860.61500035]]]},"geometry_name":"GEOM","properties":{"INSPIRE_ID":"https://databrussels.be/id/streetsurface/143079","TYPE":"SW","STREET_ID":"https://databrussels.be/id/streetname/5340","STRNAMEFRE":"Avenue de la Société Nationale","STRNAMEDUT":"Nationale Maatschappijlaan","MUNNISCODE":"21001","HIERARCHY":"DR","LVL":0,"ADMIN":"MUN_RBC","AREA":110},"bbox":[144911.23516413,167860.61500035,144951.49505344,167883.44076302]},{"type":"Feature","id":"StreetSurfaces.fid--1290087_1a02c00fa75_-2ba5","geometry":{"type":"Polygon","coordinates":[[[144950.106,167860.61500035],[144950.613,167860.07200035],[144950.959,167859.61800035],[144951.896,167857.25300035],[144951.856,167856.72100035],[144951.707,167856.22400035],[144955.68695901,167854.9670447],[144956.731,167856.94900035],[144956.86,167857.15800035],[144957.181,167857.99300035],[144957.333,167858.87400035],[144957.311,167859.76800035],[144957.138,167860.57700035],[144956.821,167861.34200035],[144956.37,167862.03500035],[144955.685,167862.73400035],[144954.865,167863.26900035],[144952.618,167864.41000035],[144951.773,167862.86200035],[144951.49505344,167863.00614891],[144950.106,167860.61500035]]]},"geometry_name":"GEOM","properties":{"INSPIRE_ID":"https://databrussels.be/id/streetsurface/143080","TYPE":"SW","STREET_ID":"https://databrussels.be/id/streetname/4202","STRNAMEFRE":"Avenue Guillaume Melckmans","STRNAMEDUT":"Guillaume Melckmanslaan","MUNNISCODE":"21001","HIERARCHY":"DR","LVL":0,"ADMIN":"MUN_RBC","AREA":44},"bbox":[144950.106,167854.9670447,144957.333,167864.41000035]},{"type":"Feature","id":"StreetSurfaces.fid--1290087_1a02c00fa75_-2b38","geometry":{"type":"Polygon","coordinates":[[[144914.7820764,167888.01618263],[144915.987,167890.32600035],[144913.198,167891.74700035],[144913.059,167891.46100035],[144913.01,167890.87700035],[144913.067,167890.29300035],[144913.221,167889.75200035],[144913.467,167889.24700035],[144913.798,167888.79200035],[144914.529,167888.14800035],[144914.7820764,167888.01618263]]]},"geometry_name":"GEOM","properties":{"INSPIRE_ID":"https://databrussels.be/id/streetsurface/143081","TYPE":"SW","STREET_ID":"https://databrussels.be/id/streetname/5340","STRNAMEFRE":"Avenue de la Société Nationale","STRNAMEDUT":"Nationale Maatschappijlaan","MUNNISCODE":"21001","HIERARCHY":"DR","LVL":0,"ADMIN":"MUN_RBC","AREA":6},"bbox":[144913.01,167888.01618263,144915.987,167891.74700035]},{"type":"Feature","id":"StreetSurfaces.fid--1290087_1a02c00fa75_-2b32","geometry":{"type":"Polygon","coordinates":[[[144623.45245946,167946.15697537],[144625.01,167946.69000035],[144630.5,167948.55000035],[144640.55,167951.56000035],[144649.78,167954.50000035],[144658.15,167956.57000035],[144668.3,167958.90000035],[144682.62,167962.19000035],[144692.69,167964.49000035],[144699.35,167966.01000035],[144702.61,167966.31000035],[144714.77,167967.12000035],[144728.71,167968.02000035],[144730.96,167968.16000035],[144738.2,167967.90000035],[144745.589,167967.59800035],[144747.283,167965.21600035],[144756.08630219,167965.02362098],[144760.685,167969.89600035],[144744.486,167970.56000035],[144731.475,167971.09300035],[144710.48,167969.84000035],[144698.659,167968.87800035],[144648.41,167957.19000035],[144630.38,167951.49000035],[144624.41,167949.60000035],[144622.46,167948.89200035],[144623.45245946,167946.15697537]]]},"geometry_name":"GEOM","properties":{"INSPIRE_ID":"https://databrussels.be/id/streetsurface/143094","TYPE":"SW","STREET_ID":"https://databrussels.be/id/streetname/2952","STRNAMEFRE":"Route de Lennik","STRNAMEDUT":"Lennikse Baan","MUNNISCODE":"21001","HIERARCHY":"DR","LVL":0,"ADMIN":"MUN_RBC","AREA":429},"bbox":[144622.46,167946.15697537,144760.685,167971.09300035]},{"type":"Feature","id":"StreetSurfaces.fid--1290087_1a02c00fa75_-2b2d","geometry":{"type":"Polygon","coordinates":[[[144629.42663749,167923.45484831],[144651.359,167909.01200035],[144681.89,167889.10000035],[144712.06702091,167869.42588847],[144714.959,167872.26300035],[144631.563,167926.72600035],[144629.42663749,167923.45484831]]]},"geometry_name":"GEOM","properties":{"INSPIRE_ID":"https://databrussels.be/id/streetsurface/143095","TYPE":"SW","STREET_ID":"https://databrussels.be/id/streetname/2243","STRNAMEFRE":"Rue Alexandre Pierrard","STRNAMEDUT":"Alexandre Pierrardstraat","MUNNISCODE":"21001","HIERARCHY":"DR","LVL":0,"ADMIN":"MUN_RBC","AREA":394},"bbox":[144629.42663749,167869.42588847,144714.959,167926.72600035]},{"type":"Feature","id":"StreetSurfaces.fid--1290087_1a02c00fa75_-2a9e","geometry":{"type":"Polygon","coordinates":[[[144816.39497624,167538.24813183],[144816.541,167538.16800035],[144816.638,167538.36400035],[144818.664,167537.11600035],[144824.872,167533.72200035],[144826.554,167532.73500035],[144827.557,167532.19000035],[144827.616,167532.29500035],[144829.36,167531.35300035],[144838.137,167526.55400035],[144843.019,167523.89700035],[144847.404,167521.49700035],[144849.168,167520.53700035],[144849.113,167520.43600035],[144850.071,167519.90200035],[144857.361,167515.95400035],[144864.958,167511.89400035],[144866.237,167511.25400035],[144867.654,167510.53100035],[144869.211,167509.77100035],[144870.454,167509.24500035],[144871.422,167508.88300035],[144872.45,167508.56800035],[144873.493,167508.33100035],[144874.17,167508.20800035],[144890.17,167507.29700035],[144900.65,167506.72200035],[144902.664,167506.60800035],[144902.656,167506.49500035],[144903.744,167506.41200035],[144903.802,167507.30300035],[144910.98,167506.93200035],[144915.149,167506.69000035],[144924.45,167506.16000035],[144929.042,167505.89400035],[144928.985,167504.98800035],[144930.15,167504.91500035],[144930.157,167505.02900035],[144932.135,167504.91500035],[144942.149,167504.35200035],[144952.11,167503.77100035],[144954.125,167503.66500035],[144954.118,167503.55000035],[144955.196,167503.50100035],[144955.244,167504.42100035],[144961.438,167504.09500035],[144970.572,167503.60500035],[144971.08040952,167503.61807739],[144971.216,167505.37900035],[144967.796,167504.48800035],[144958.829,167504.89000035],[144954.884,167505.46800035],[144951.716,167505.53600035],[144948.604,167505.40100035],[144945.868,167505.46300035],[144940.774,167505.88800035],[144938.949,167506.05300035],[144937.865,167506.03000035],[144930.759,167506.34100035],[144924.488,167506.83100035],[144916.116,167507.14900035],[144915.287,167507.32600035],[144911.198,167507.60900035],[144906.438,167507.67200035],[144905.06,167507.87600035],[144901.192,167507.95800035],[144891.598,167508.59700035],[144877.225,167509.53300035],[144874.704,167509.81800035],[144872.868,167510.22200035],[144870.053,167511.08700035],[144866.222,167512.84300035],[144863.114,167514.43500035],[144856.69,167517.95800035],[144854.56,167519.12800035],[144851.339,167520.85400035],[144838.012,167528.38900035],[144836.803,167529.22600035],[144833.387,167531.12800035],[144828.01,167534.18300035],[144824.09,167536.23100035],[144820.182,167538.38500035],[144817.327,167540.06100035],[144816.39497624,167538.24813183]]]},"geometry_name":"GEOM","properties":{"INSPIRE_ID":"https://databrussels.be/id/streetsurface/143104","TYPE":"SW","STREET_ID":"https://databrussels.be/id/streetname/3435","STRNAMEFRE":"Rue des Plébéiens","STRNAMEDUT":"Plebejersstraat","MUNNISCODE":"21001","HIERARCHY":"DR","LVL":0,"ADMIN":"MUN_RBC","AREA":213},"bbox":[144816.39497624,167503.50100035,144971.216,167540.06100035]},{"type":"Feature","id":"StreetSurfaces.fid--1290087_1a02c00fa75_-2aec","geometry":{"type":"Polygon","coordinates":[[[144700.85666243,167776.29166226],[144700.209,167775.11300035],[144697.644,167770.49600035],[144695.77,167767.31200035],[144693.135,167762.64100035],[144695.163,167761.71100035],[144676.19,167714.63000035],[144657.52,167669.04000035],[144648.42,167646.71000035],[144646.387,167641.88200035],[144645.51,167639.80000035],[144639.599,167626.35400035],[144639.125,167625.20600035],[144637.055,167626.01400035],[144636.3187659,167624.19120226],[144640.844,167622.25100035],[144649.443,167642.79200035],[144649.33,167642.84000035],[144697.45,167761.14000035],[144700.49,167768.14000035],[144703.39798274,167775.25695811],[144700.85666243,167776.29166226]]]},"geometry_name":"GEOM","properties":{"INSPIRE_ID":"https://databrussels.be/id/streetsurface/143117","TYPE":"SW","STREET_ID":"https://databrussels.be/id/streetname/4568","STRNAMEFRE":"Chaussée de Mons","STRNAMEDUT":"Bergense Steenweg","MUNNISCODE":"21001","HIERARCHY":"IDR","LVL":0,"ADMIN":"REGION_RBC","AREA":406},"bbox":[144636.3187659,167622.25100035,144703.39798274,167776.29166226]},{"type":"Feature","id":"StreetSurfaces.fid--1290087_1a02c00fa75_-2aa8","geometry":{"type":"Polygon","coordinates":[[[144713.536,167587.35300035],[144712.258,167585.93400035],[144711.256,167585.53600035],[144710.35,167585.67200035],[144709.74826537,167583.40593772],[144709.918,167583.35600035],[144711.87,167582.79900035],[144712.513,167582.60800035],[144713.77590058,167587.27079585],[144713.536,167587.35300035]]]},"geometry_name":"GEOM","properties":{"INSPIRE_ID":"https://databrussels.be/id/streetsurface/143118","TYPE":"SW","STREET_ID":"https://databrussels.be/id/streetname/5666","STRNAMEFRE":"Rue de la Solidarité","STRNAMEDUT":"Solidariteitsstraat","MUNNISCODE":"21001","HIERARCHY":"DR","LVL":0,"ADMIN":"MUN_RBC","AREA":9},"bbox":[144709.74826537,167582.60800035,144713.77590058,167587.35300035]},{"type":"Feature","id":"StreetSurfaces.fid--1290087_1a02c00fa75_-2aaf","geometry":{"type":"Polygon","coordinates":[[[144753.86288412,167572.60859933],[144751.389,167573.29600035],[144751.371,167573.42100035],[144749.588,167573.96300035],[144746.483,167574.83500035],[144745.235,167575.22400035],[144743.374,167575.76800035],[144742.78847298,167573.74322625],[144749.218,167571.94100035],[144751.11,167571.45300035],[144751.094,167571.33800035],[144752.159,167571.07100035],[144753.31874611,167570.72557414],[144753.86288412,167572.60859933]]]},"geometry_name":"GEOM","properties":{"INSPIRE_ID":"https://databrussels.be/id/streetsurface/143119","TYPE":"SW","STREET_ID":"https://databrussels.be/id/streetname/5666","STRNAMEFRE":"Rue de la Solidarité","STRNAMEDUT":"Solidariteitsstraat","MUNNISCODE":"21001","HIERARCHY":"DR","LVL":0,"ADMIN":"MUN_RBC","AREA":22},"bbox":[144742.78847298,167570.72557414,144753.86288412,167575.76800035]},{"type":"Feature","id":"StreetSurfaces.fid--1290087_1a02c00fa75_-2aad","geometry":{"type":"Polygon","coordinates":[[[144720.45722092,167580.30682909],[144722.249,167579.79300035],[144723.29,167579.44300035],[144723.339,167579.54900035],[144725.195,167578.93700035],[144731.462,167577.03400035],[144734.759,167576.07700035],[144742.78847298,167573.74322625],[144743.374,167575.76800035],[144740.643,167576.56700035],[144740.531,167576.26200035],[144739.439,167576.62000035],[144737.947,167577.00500035],[144737.096,167577.32800035],[144735.679,167577.78000035],[144735.754,167577.98800035],[144731.599,167579.29900035],[144730.469,167579.56900035],[144729.415,167579.88300035],[144728.04,167580.13400035],[144728.076,167580.38300035],[144726.42486476,167580.9505163],[144725.571,167581.24400035],[144725.382,167580.65000035],[144720.945,167581.91100035],[144720.45722092,167580.30682909]]]},"geometry_name":"GEOM","properties":{"INSPIRE_ID":"https://databrussels.be/id/streetsurface/143120","TYPE":"SW","STREET_ID":"https://databrussels.be/id/streetname/5666","STRNAMEFRE":"Rue de la Solidarité","STRNAMEDUT":"Solidariteitsstraat","MUNNISCODE":"21001","HIERARCHY":"DR","LVL":0,"ADMIN":"MUN_RBC","AREA":46},"bbox":[144720.45722092,167573.74322625,144743.374,167581.91100035]},{"type":"Feature","id":"StreetSurfaces.fid--1290087_1a02c00fa75_-2ab2","geometry":{"type":"Polygon","coordinates":[[[144776.963,167566.83800035],[144781.63708752,167564.29544968],[144781.559,167564.69600035],[144787.974,167576.77400035],[144792.582,167585.46900035],[144791.036,167586.33500035],[144800.43093085,167603.92341965],[144797.984,167605.21000035],[144797.522,167603.17200035],[144794.63,167597.54200035],[144792.976,167594.45500035],[144792.06,167593.27200035],[144791.553,167592.20700035],[144788.73,167586.91000035],[144786.871,167583.48000035],[144784.59,167579.18000035],[144783.988,167578.12100035],[144782.358,167575.07400035],[144782.178,167574.63400035],[144780.722,167571.86400035],[144778.5,167568.16200035],[144776.963,167566.83800035]]]},"geometry_name":"GEOM","properties":{"INSPIRE_ID":"https://databrussels.be/id/streetsurface/143121","TYPE":"SW","STREET_ID":"https://databrussels.be/id/streetname/2665","STRNAMEFRE":"Place Ministre Wauters","STRNAMEDUT":"Minister Wautersplein","MUNNISCODE":"21001","HIERARCHY":"DR","LVL":0,"ADMIN":"MUN_RBC","AREA":144},"bbox":[144776.963,167564.29544968,144800.43093085,167605.21000035]},{"type":"Feature","id":"StreetSurfaces.fid--1290087_1a02c00fa75_-2b0f","geometry":{"type":"Polygon","coordinates":[[[144823.351,167615.69300035],[144825.01980314,167614.06924528],[144825.563,167614.67700035],[144826.414,167616.00300035],[144828.028,167618.99600035],[144829.303,167621.43200035],[144830.452,167623.58100035],[144832.771,167627.94300035],[144833.94,167630.15500035],[144838.62,167638.99100035],[144843.927,167648.95400035],[144848.471,167657.56700035],[144851.368,167663.02200035],[144852.80932611,167665.75386483],[144850.7150579,167666.87496936],[144850.144,167665.80700035],[144848.114,167662.00900035],[144846.461,167658.91700035],[144843.237,167652.88800035],[144842.712,167651.90700035],[144839.278,167645.48300035],[144838.736,167644.47000035],[144836.024,167639.39700035],[144833.859,167635.34700035],[144831.109,167630.20500035],[144828.72,167625.73600035],[144823.351,167615.69300035]]]},"geometry_name":"GEOM","properties":{"INSPIRE_ID":"https://databrussels.be/id/streetsurface/143122","TYPE":"SW","STREET_ID":"https://databrussels.be/id/streetname/4202","STRNAMEFRE":"Avenue Guillaume Melckmans","STRNAMEDUT":"Guillaume Melckmanslaan","MUNNISCODE":"21001","HIERARCHY":"DR","LVL":0,"ADMIN":"MUN_RBC","AREA":145},"bbox":[144823.351,167614.06924528,144852.80932611,167666.87496936]},{"type":"Feature","id":"StreetSurfaces.fid--1290087_1a02c00fa75_-2a8a","geometry":{"type":"Polygon","coordinates":[[[144817.7984592,167611.20228876],[144820.363,167611.38400035],[144821.137,167611.45500035],[144822.057,167611.80800035],[144823.087,167612.37300035],[144824.486,167613.47200035],[144825.01980314,167614.06924528],[144823.351,167615.69300035],[144818.51,167614.20300035],[144817.7984592,167611.20228876]]]},"geometry_name":"GEOM","properties":{"INSPIRE_ID":"https://databrussels.be/id/streetsurface/143123","TYPE":"SW","STREET_ID":"https://databrussels.be/id/streetname/2665","STRNAMEFRE":"Place Ministre Wauters","STRNAMEDUT":"Minister Wautersplein","MUNNISCODE":"21001","HIERARCHY":"DR","LVL":0,"ADMIN":"MUN_RBC","AREA":20},"bbox":[144817.7984592,167611.20228876,144825.01980314,167615.69300035]},{"type":"Feature","id":"StreetSurfaces.fid--1290087_1a02c00fa75_-2b52","geometry":{"type":"Polygon","coordinates":[[[144629.42663749,167923.45484831],[144631.563,167926.72600035],[144627.193,167929.58000035],[144627.496,167931.87800035],[144627.8,167934.17700035],[144626.91441724,167936.61716229],[144625.819,167936.19200035],[144625.109,167935.58200035],[144624.499,167934.73200035],[144624.199,167933.70200035],[144623.929,167931.68200035],[144623.739,167929.15200035],[144623.809,167928.33200035],[144624.489,167926.99200035],[144624.92,167926.51000035],[144625.589,167925.98200035],[144629.42663749,167923.45484831]]]},"geometry_name":"GEOM","properties":{"INSPIRE_ID":"https://databrussels.be/id/streetsurface/143124","TYPE":"SW","STREET_ID":"https://databrussels.be/id/streetname/2952","STRNAMEFRE":"Route de Lennik","STRNAMEDUT":"Lennikse Baan","MUNNISCODE":"21001","HIERARCHY":"DR","LVL":0,"ADMIN":"MUN_RBC","AREA":48},"bbox":[144623.739,167923.45484831,144631.563,167936.61716229]},{"type":"Feature","id":"StreetSurfaces.fid--1290087_1a02c00fa75_-2b1c","geometry":{"type":"Polygon","coordinates":[[[144727.974,167835.79400035],[144723.90433647,167838.28612386],[144723.517,167837.34500035],[144723.314,167836.62100035],[144723.223,167835.70200035],[144723.377,167834.46200035],[144723.462,167834.21300035],[144724.215,167832.05800035],[144729.12,167818.83100035],[144730.98832654,167813.58885302],[144735.209,167815.06200035],[144727.974,167835.79400035]]]},"geometry_name":"GEOM","properties":{"INSPIRE_ID":"https://databrussels.be/id/streetsurface/143125","TYPE":"SW","STREET_ID":"https://databrussels.be/id/streetname/4568","STRNAMEFRE":"Chaussée de Mons","STRNAMEDUT":"Bergense Steenweg","MUNNISCODE":"21001","HIERARCHY":"IDR","LVL":0,"ADMIN":"REGION_RBC","AREA":111},"bbox":[144723.223,167813.58885302,144735.209,167838.28612386]},{"type":"Feature","id":"StreetSurfaces.fid--1290087_1a02c00fa75_-2b1b","geometry":{"type":"Polygon","coordinates":[[[144741.943,167869.44500035],[144737.37363779,167871.33236785],[144735.85,167867.70600035],[144737.967,167866.83000035],[144731.523,167851.00200035],[144729.148,167845.18700035],[144727.089,167846.02400035],[144723.90433647,167838.28612386],[144727.974,167835.79400035],[144729.205,167839.07800035],[144735.82,167854.62000035],[144741.943,167869.44500035]]]},"geometry_name":"GEOM","properties":{"INSPIRE_ID":"https://databrussels.be/id/streetsurface/143126","TYPE":"SW","STREET_ID":"https://databrussels.be/id/streetname/4568","STRNAMEFRE":"Chaussée de Mons","STRNAMEDUT":"Bergense Steenweg","MUNNISCODE":"21001","HIERARCHY":"IDR","LVL":0,"ADMIN":"REGION_RBC","AREA":121},"bbox":[144723.90433647,167835.79400035,144741.943,167871.33236785]},{"type":"Feature","id":"StreetSurfaces.fid--1290087_1a02c00fa75_-2b1d","geometry":{"type":"Polygon","coordinates":[[[144749.70811229,167743.91503975],[144751.31252953,167744.47799953],[144749.099,167751.28700035],[144747.164,167756.75300035],[144745.474,167756.15900035],[144744.894,167758.10800035],[144739.339,167773.70800035],[144739.241,167773.68100035],[144738.58,167775.57700035],[144740.438,167776.23100035],[144739.486,167778.95100035],[144737.698,167778.30100035],[144728.946,167802.98500035],[144730.557,167803.55300035],[144727.42506407,167812.35580485],[144722.581,167810.70100035],[144723.99,167806.74300035],[144724.274,167806.86800035],[144725.293,167803.90800035],[144725.009,167803.81100035],[144726.408,167799.84900035],[144728.532,167793.88200035],[144738.058,167766.89100035],[144739.483,167762.92200035],[144739.767,167763.04800035],[144740.81,167760.08900035],[144740.532,167759.99100035],[144744.748,167748.05900035],[144747.763,167748.90600035],[144749.018,167745.30300035],[144749.191,167745.36400035],[144749.70811229,167743.91503975]]]},"geometry_name":"GEOM","properties":{"INSPIRE_ID":"https://databrussels.be/id/streetsurface/143127","TYPE":"SW","STREET_ID":"https://databrussels.be/id/streetname/267","STRNAMEFRE":"Avenue des Droits de l'Homme","STRNAMEDUT":"Mensenrechtenlaan","MUNNISCODE":"21001","HIERARCHY":"DR","LVL":0,"ADMIN":"MUN_RBC","AREA":272},"bbox":[144722.581,167743.91503975,144751.31252953,167812.35580485]},{"type":"Feature","id":"StreetSurfaces.fid--1290087_1a02c00fa75_-2b4f","geometry":{"type":"Polygon","coordinates":[[[144783.14,167758.07600035],[144784.90856656,167757.31862407],[144785.517,167758.71400035],[144787.239,167757.97400035],[144788,167759.72900035],[144786.948,167760.19200035],[144789.666,167766.44400035],[144790.786,167769.04400035],[144792.479,167772.94900035],[144792.82218866,167773.73986609],[144790.615,167774.85100035],[144789.304,167772.00900035],[144788.733,167770.90700035],[144787.187,167767.36200035],[144786.751,167766.36100035],[144785.422,167763.31200035],[144783.14,167758.07600035]]]},"geometry_name":"GEOM","properties":{"INSPIRE_ID":"https://databrussels.be/id/streetsurface/143128","TYPE":"SW","STREET_ID":"https://databrussels.be/id/streetname/3172","STRNAMEFRE":"Avenue de la Persévérance","STRNAMEDUT":"Volhardingslaan","MUNNISCODE":"21001","HIERARCHY":"DR","LVL":0,"ADMIN":"MUN_RBC","AREA":49},"bbox":[144783.14,167757.31862407,144792.82218866,167774.85100035]},{"type":"Feature","id":"StreetSurfaces.fid--1290087_1a02c00fa75_-2b4b","geometry":{"type":"Polygon","coordinates":[[[144798.886,167767.69600035],[144798.928,167768.36300035],[144798.984,167769.02300035],[144799.397,167770.43000035],[144797.32397497,167771.47359448],[144796.662,167769.95500035],[144796.282,167768.40500035],[144796.27,167767.33500035],[144796.453,167766.28100035],[144796.791,167765.39700035],[144797.279,167764.58500035],[144797.593,167764.17600035],[144798.209,167763.57300035],[144798.984,167763.01700035],[144799.866,167762.52000035],[144800.76723426,167762.03699189],[144801.457,167763.23300035],[144800.687,167763.81100035],[144799.813,167764.70500035],[144799.26,167765.70000035],[144798.886,167767.69600035]]]},"geometry_name":"GEOM","properties":{"INSPIRE_ID":"https://databrussels.be/id/streetsurface/143129","TYPE":"SW","STREET_ID":"https://databrussels.be/id/streetname/3172","STRNAMEFRE":"Avenue de la Persévérance","STRNAMEDUT":"Volhardingslaan","MUNNISCODE":"21001","HIERARCHY":"DR","LVL":0,"ADMIN":"MUN_RBC","AREA":22},"bbox":[144796.27,167762.03699189,144801.457,167771.47359448]},{"type":"Feature","id":"StreetSurfaces.fid--1290087_1a02c00fa75_-2b45","geometry":{"type":"Polygon","coordinates":[[[144790.615,167774.85100035],[144792.82218866,167773.73986609],[144795.862,167780.74500035],[144798.269,167786.28100035],[144801.716,167794.20200035],[144805.532,167802.96000035],[144807.835,167808.23200035],[144809.46,167811.96300035],[144812.86,167819.73800035],[144814.107,167822.55700035],[144817.538,167830.39500035],[144820.438,167837.04900035],[144820.93844421,167838.18798714],[144818.67,167839.04800035],[144812.627,167825.40400035],[144810.769,167821.08800035],[144809.444,167817.82100035],[144806.789,167811.42100035],[144802.715,167801.91900035],[144800.513,167796.83000035],[144799.389,167794.19500035],[144798.415,167792.14900035],[144796.492,167788.01400035],[144795.071,167784.91200035],[144791.892,167777.95800035],[144791.853,167777.31100035],[144790.615,167774.85100035]]]},"geometry_name":"GEOM","properties":{"INSPIRE_ID":"https://databrussels.be/id/streetsurface/143130","TYPE":"SW","STREET_ID":"https://databrussels.be/id/streetname/3172","STRNAMEFRE":"Avenue de la Persévérance","STRNAMEDUT":"Volhardingslaan","MUNNISCODE":"21001","HIERARCHY":"DR","LVL":0,"ADMIN":"MUN_RBC","AREA":164},"bbox":[144790.615,167773.73986609,144820.93844421,167839.04800035]},{"type":"Feature","id":"StreetSurfaces.fid--1290087_1a02c00fa75_-2b6d","geometry":{"type":"Polygon","coordinates":[[[144774.5,167948.27000035],[144783.23,167944.72000035],[144789.3,167941.32000035],[144793.062,167939.39800035],[144794.53918158,167942.35809537],[144786.09,167946.73000035],[144783.234,167948.43000035],[144782.164,167951.06600035],[144778.4,167952.70800035],[144776.3199744,167952.79317202],[144774.5,167948.27000035]]]},"geometry_name":"GEOM","properties":{"INSPIRE_ID":"https://databrussels.be/id/streetsurface/143131","TYPE":"SW","STREET_ID":"https://databrussels.be/id/streetname/5340","STRNAMEFRE":"Avenue de la Société Nationale","STRNAMEDUT":"Nationale Maatschappijlaan","MUNNISCODE":"21001","HIERARCHY":"IDR","LVL":0,"ADMIN":"MUN_RBC","AREA":83},"bbox":[144774.5,167939.39800035,144794.53918158,167952.79317202]},{"type":"Feature","id":"StreetSurfaces.fid--1290087_1a02c00fa75_-2b70","geometry":{"type":"Polygon","coordinates":[[[144798.92317571,167951.14062454],[144804.09,167948.65000035],[144811.34,167944.91000035],[144826.82,167936.92000035],[144843.212,167928.13600035],[144846.148,167926.59000035],[144847.514,167925.86500035],[144848.111,167925.55800035],[144851.14686404,167923.99454895],[144852.115,167926.99200035],[144844.793,167930.70600035],[144840.321,167933.29900035],[144839.168,167933.89000035],[144800.262,167953.82200035],[144798.92317571,167951.14062454]]]},"geometry_name":"GEOM","properties":{"INSPIRE_ID":"https://databrussels.be/id/streetsurface/143132","TYPE":"SW","STREET_ID":"https://databrussels.be/id/streetname/5340","STRNAMEFRE":"Avenue de la Société Nationale","STRNAMEDUT":"Nationale Maatschappijlaan","MUNNISCODE":"21001","HIERARCHY":"DR","LVL":0,"ADMIN":"MUN_RBC","AREA":175},"bbox":[144798.92317571,167923.99454895,144852.115,167953.82200035]},{"type":"Feature","id":"StreetSurfaces.fid--1290087_1a02c00fa75_-2b60","geometry":{"type":"Polygon","coordinates":[[[144880.22129465,167976.74114782],[144881.543,167979.66800035],[144883.071,167978.99500035],[144885.362,167984.08000035],[144885.484,167984.49200035],[144885.508,167984.92000035],[144885.445,167985.33800035],[144885.31,167985.73800035],[144884.916,167986.31400035],[144884.338,167986.70500035],[144882.322,167987.57300035],[144881.107,167988.00400035],[144879.84,167988.23800035],[144878.516,167988.23500035],[144877.208,167988.02400035],[144874.734,167987.46100035],[144875.127,167985.78000035],[144874.817,167985.69900035],[144873.20171189,167985.29586673],[144873.919,167981.81400035],[144875.3804795,167980.00132785],[144876.36595037,167978.77901535],[144876.84194964,167978.18888842],[144880.22129465,167976.74114782]]]},"geometry_name":"GEOM","properties":{"INSPIRE_ID":"https://databrussels.be/id/streetsurface/143133","TYPE":"SW","STREET_ID":"https://databrussels.be/id/streetname/3172","STRNAMEFRE":"Avenue de la Persévérance","STRNAMEDUT":"Volhardingslaan","MUNNISCODE":"21001","HIERARCHY":"DR","LVL":0,"ADMIN":"MUN_RBC","AREA":95},"bbox":[144873.20171189,167976.74114782,144885.508,167988.23800035]},{"type":"Feature","id":"StreetSurfaces.fid--1290087_1a02c00fa75_-2b65","geometry":{"type":"Polygon","coordinates":[[[144873.20171189,167985.29586673],[144871.884,167984.96700035],[144856.68,167981.34000035],[144824.13,167973.65000035],[144806.23966391,167969.36095649],[144807.218,167966.09800035],[144853.049,167977.09900035],[144866.12,167980.08000035],[144873.919,167981.81400035],[144873.20171189,167985.29586673]]]},"geometry_name":"GEOM","properties":{"INSPIRE_ID":"https://databrussels.be/id/streetsurface/143134","TYPE":"SW","STREET_ID":"https://databrussels.be/id/streetname/4385","STRNAMEFRE":"Avenue Waxweiler","STRNAMEDUT":"Waxweilerlaan","MUNNISCODE":"21001","HIERARCHY":"DR","LVL":0,"ADMIN":"MUN_RBC","AREA":232},"bbox":[144806.23966391,167966.09800035,144873.919,167985.29586673]},{"type":"Feature","id":"StreetSurfaces.fid--1290087_1a02c00fa75_-2a89","geometry":{"type":"Polygon","coordinates":[[[144773.726,167506.52100035],[144774.369,167508.34400035],[144775.176,167509.97100035],[144777.836,167514.05100035],[144778.014,167514.42300035],[144781.841,167520.60500035],[144790.153,167533.76100035],[144792.209,167537.14200035],[144793.501,167539.02500035],[144794.789,167540.46100035],[144792.26170511,167541.90352866],[144792.097,167541.72300035],[144791.493,167540.92300035],[144790.944,167540.10700035],[144790.379,167539.26500035],[144789.86,167538.42800035],[144787.967,167535.30500035],[144789.087,167534.63400035],[144789.318,167534.49600035],[144784.008,167526.13200036],[144778.618,167517.61400035],[144772.157,167507.41900035],[144768.981,167502.26500035],[144766.928,167498.95300035],[144752.441,167475.56900035],[144751.64768815,167474.29421147],[144756.392,167471.45300035],[144755.323,167473.96100035],[144755.4474753,167475.36631599],[144755.48291249,167475.76639888],[144755.561,167476.64800035],[144759.38,167482.24800035],[144759.445,167482.23800035],[144759.468,167482.73400035],[144759.208,167482.78800035],[144759.142,167482.92600035],[144764.714,167491.23500035],[144765.111,167491.20300035],[144765.161,167491.74700035],[144769.93885323,167498.74038509],[144772.463,167502.43500035],[144772.499,167502.72000035],[144772.416,167502.73200035],[144773.726,167506.52100035]]]},"geometry_name":"GEOM","properties":{"INSPIRE_ID":"https://databrussels.be/id/streetsurface/143151","TYPE":"SW","STREET_ID":"https://databrussels.be/id/streetname/763","STRNAMEFRE":"Rue des Fraises","STRNAMEDUT":"Aardbeienstraat","MUNNISCODE":"21001","HIERARCHY":"DR","LVL":0,"ADMIN":"MUN_RBC","AREA":153},"bbox":[144751.64768815,167471.45300035,144794.789,167541.90352866]},{"type":"Feature","id":"StreetSurfaces.fid--1290087_1a02c00fa75_-2b09","geometry":{"type":"Polygon","coordinates":[[[144865.336,167660.70900035],[144867.06954345,167664.07157822],[144866.818,167664.17200035],[144866.729,167663.94700035],[144863.105,167665.39400035],[144862.307,167665.54200035],[144861.525,167665.56500035],[144859.989,167665.30600035],[144859.246,167664.99600035],[144858.571,167664.58300035],[144857.962,167664.01700035],[144857.479,167663.45300035],[144857.38364708,167663.30513742],[144863.479,167660.16900035],[144865.336,167660.70900035]]]},"geometry_name":"GEOM","properties":{"INSPIRE_ID":"https://databrussels.be/id/streetsurface/143153","TYPE":"SW","STREET_ID":"https://databrussels.be/id/streetname/4202","STRNAMEFRE":"Avenue Guillaume Melckmans","STRNAMEDUT":"Guillaume Melckmanslaan","MUNNISCODE":"21001","HIERARCHY":"DR","LVL":0,"ADMIN":"MUN_RBC","AREA":32},"bbox":[144857.38364708,167660.16900035,144867.06954345,167665.56500035]},{"type":"Feature","id":"StreetSurfaces.fid--1290087_1a02c00fa75_-2af9","geometry":{"type":"Polygon","coordinates":[[[144947.34390548,167722.66878736],[144946.894,167721.87800035],[144945.482,167719.26400035],[144934.88,167699.60000035],[144925.33,167681.65000035],[144914.736,167661.61100035],[144910.624,167653.91800035],[144910.815,167653.81700035],[144910.49988075,167653.21931942],[144911.586,167652.64200035],[144914.582,167657.63300035],[144921.09,167670.23000035],[144927.84,167683.00000035],[144938.65,167703.86000035],[144946.778,167718.56800035],[144948.382,167721.41200035],[144947.34390548,167722.66878736]]]},"geometry_name":"GEOM","properties":{"INSPIRE_ID":"https://databrussels.be/id/streetsurface/143154","TYPE":"SW","STREET_ID":"https://databrussels.be/id/streetname/2761","STRNAMEFRE":"Rue du Savoir","STRNAMEDUT":"Kennisstraat","MUNNISCODE":"21001","HIERARCHY":"DR","LVL":0,"ADMIN":"MUN_RBC","AREA":118},"bbox":[144910.49988075,167652.64200035,144948.382,167722.66878736]},{"type":"Feature","id":"StreetSurfaces.fid--1290087_1a02c00fa75_-2af6","geometry":{"type":"Polygon","coordinates":[[[144944.55699333,167737.75437426],[144946.23,167739.36700035],[144944.068,167741.00800035],[144943.069,167742.01000035],[144935.858,167748.74200035],[144932.685,167752.32000035],[144929.96,167754.83300035],[144922.755,167761.94900035],[144917.334,167766.94400035],[144916.47612192,167765.39385917],[144919.589,167762.35200035],[144922.152,167759.85700035],[144924.898,167757.14700035],[144940.64,167741.63300035],[144944.55699333,167737.75437426]]]},"geometry_name":"GEOM","properties":{"INSPIRE_ID":"https://databrussels.be/id/streetsurface/143155","TYPE":"SW","STREET_ID":"https://databrussels.be/id/streetname/895","STRNAMEFRE":"Rue de l'Energie","STRNAMEDUT":"Wilskrachtstraat","MUNNISCODE":"21001","HIERARCHY":"DR","LVL":0,"ADMIN":"MUN_RBC","AREA":75},"bbox":[144916.47612192,167737.75437426,144946.23,167766.94400035]},{"type":"Feature","id":"StreetSurfaces.fid--1290087_1a02c00fa75_-2b4a","geometry":{"type":"Polygon","coordinates":[[[144915.59662371,167772.67695458],[144914.857,167771.28500035],[144914.518,167770.03000035],[144914.483,167769.47300035],[144914.499,167768.99500035],[144914.59,167768.19300035],[144914.838,167767.42500035],[144915.227,167766.72700035],[144915.688,167766.16400035],[144916.47612192,167765.39385917],[144917.334,167766.94400035],[144917.14,167767.28800035],[144917.019,167767.58600035],[144916.924,167769.26100035],[144917.163,167770.18400035],[144915.59662371,167772.67695458]]]},"geometry_name":"GEOM","properties":{"INSPIRE_ID":"https://databrussels.be/id/streetsurface/143156","TYPE":"SW","STREET_ID":"https://databrussels.be/id/streetname/4202","STRNAMEFRE":"Avenue Guillaume Melckmans","STRNAMEDUT":"Guillaume Melckmanslaan","MUNNISCODE":"21001","HIERARCHY":"DR","LVL":0,"ADMIN":"MUN_RBC","AREA":13},"bbox":[144914.483,167765.39385917,144917.334,167772.67695458]},{"type":"Feature","id":"StreetSurfaces.fid--1290087_1a02c00fa75_-2bb0","geometry":{"type":"Polygon","coordinates":[[[144911.062,167779.89400035],[144913.34927496,167776.25370535],[144913.497,167776.37500035],[144914.592,167777.88100035],[144916.713,167781.86400035],[144915.201,167782.64100035],[144917.953,167787.83800035],[144922.572,167796.52900035],[144924.764,167800.57200035],[144932.418,167815.04900035],[144938.526,167826.49200035],[144945.184,167838.93600035],[144949.825,167847.59400035],[144952.971,167853.49100035],[144954.488,167852.69100035],[144955.68695901,167854.9670447],[144951.707,167856.22400035],[144949.721,167852.39900035],[144947.363,167848.29500035],[144944.708,167843.23000035],[144940.688,167835.55900035],[144938.501,167831.45200035],[144936.105,167826.99700035],[144934.11,167823.26000035],[144932.787,167820.77300035],[144931.017,167817.26900035],[144929.618,167814.77500035],[144929.344,167814.93900035],[144924.607,167806.44700035],[144924.832,167806.34800035],[144922.915,167802.50200035],[144920.335,167797.68300035],[144918.37,167793.87000035],[144917.718,167792.72600035],[144916.257,167790.05200035],[144916.226,167789.65900035],[144911.062,167779.89400035]]]},"geometry_name":"GEOM","properties":{"INSPIRE_ID":"https://databrussels.be/id/streetsurface/143157","TYPE":"SW","STREET_ID":"https://databrussels.be/id/streetname/4202","STRNAMEFRE":"Avenue Guillaume Melckmans","STRNAMEDUT":"Guillaume Melckmanslaan","MUNNISCODE":"21001","HIERARCHY":"DR","LVL":0,"ADMIN":"MUN_RBC","AREA":229},"bbox":[144911.062,167776.25370535,144955.68695901,167856.22400035]},{"type":"Feature","id":"StreetSurfaces.fid--1290087_1a02c00fa75_-2b3b","geometry":{"type":"Polygon","coordinates":[[[144901.68448143,167889.04505179],[144900.531,167886.79800035],[144902.766,167885.63900035],[144906.035,167883.77200035],[144911.23516413,167881.23031406],[144912.39167569,167883.44076302],[144909.311,167885.05800035],[144903.738,167887.96700035],[144901.82,167888.97400035],[144901.68448143,167889.04505179]]]},"geometry_name":"GEOM","properties":{"INSPIRE_ID":"https://databrussels.be/id/streetsurface/143158","TYPE":"SW","STREET_ID":"https://databrussels.be/id/streetname/5340","STRNAMEFRE":"Avenue de la Société Nationale","STRNAMEDUT":"Nationale Maatschappijlaan","MUNNISCODE":"21001","HIERARCHY":"DR","LVL":0,"ADMIN":"MUN_RBC","AREA":31},"bbox":[144900.531,167881.23031406,144912.39167569,167889.04505179]},{"type":"Feature","id":"StreetSurfaces.fid--1290087_1a02c00fa75_-2bac","geometry":{"type":"Polygon","coordinates":[[[144931.18617577,167919.88060453],[144926.14,167916.21000035],[144925.64,167915.76000035],[144925.15,167915.30000035],[144924.67,167914.84000035],[144924.01,167914.20000035],[144923.71,167913.86000035],[144923.48,167913.53000035],[144923.28,167913.18000035],[144923.09,167912.84000035],[144922.81,167912.33000035],[144922.27,167911.29000035],[144919.09,167904.69000035],[144915.7,167897.04000035],[144913.198,167891.74700035],[144915.987,167890.32600035],[144918.966,167896.57000035],[144918.813,167896.64500035],[144926.562,167912.76100035],[144927.975,167912.06000035],[144929.367,167915.05400035],[144932.426,167913.63200035],[144931.18617577,167919.88060453]]]},"geometry_name":"GEOM","properties":{"INSPIRE_ID":"https://databrussels.be/id/streetsurface/143159","TYPE":"SW","STREET_ID":"https://databrussels.be/id/streetname/4093","STRNAMEFRE":"Place du Confort","STRNAMEDUT":"Komfortplein","MUNNISCODE":"21001","HIERARCHY":"DR","LVL":0,"ADMIN":"MUN_RBC","AREA":108},"bbox":[144913.198,167890.32600035,144932.426,167919.88060453]},{"type":"Feature","id":"StreetSurfaces.fid--1290087_1a02c00fa75_-2bb8","geometry":{"type":"Polygon","coordinates":[[[145022.18125006,167994.78243341],[145021.917,167994.92100035],[145020.627,167995.58700035],[145019.314,167996.27500035],[145009.713,168001.24300035],[144998.139,168007.24400035],[144985.934,168013.57800035],[144985.431,168013.76000035],[144984.902,168013.83300035],[144984.373,168013.80600035],[144983.854,168013.70300035],[144983.541,168013.63000035],[144983.295,168013.57300035],[144969.049,168010.16600035],[144955.285,168006.87700035],[144941.466,168003.58500035],[144927.649,168000.29200035],[144915.51130332,167997.40124094],[144916.03793426,167995.19327598],[144919.531,167995.98600035],[144936.389,168000.00400035],[144938.21,168000.49300035],[144942.9,168001.62500035],[144942.965,168001.35300035],[144949.796,168002.99300035],[144954.699,168004.19900035],[144954.642,168004.38100035],[144955.621,168004.66000035],[144959.438,168005.48900035],[144960.599,168005.79200035],[144964.967,168006.82800035],[144971.802,168008.45700035],[144985.692,168011.76600035],[144992.291,168008.34900035],[145002.745,168002.94800035],[145013.222,167997.53500035],[145019.741,167993.96800035],[145021.29513683,167993.11725748],[145022.18125006,167994.78243341]]]},"geometry_name":"GEOM","properties":{"INSPIRE_ID":"https://databrussels.be/id/streetsurface/143160","TYPE":"SW","STREET_ID":"https://databrussels.be/id/streetname/4385","STRNAMEFRE":"Avenue Waxweiler","STRNAMEDUT":"Waxweilerlaan","MUNNISCODE":"21001","HIERARCHY":"DR","LVL":0,"ADMIN":"MUN_RBC","AREA":237},"bbox":[144915.51130332,167993.11725748,145022.18125006,168013.83300035]},{"type":"Feature","id":"StreetSurfaces.fid--1290087_1a02c00fa75_-2b68","geometry":{"type":"Polygon","coordinates":[[[144803.31,167979.13200035],[144788.383,167974.65600035],[144787.222,167975.82800035],[144786.06,167977.00000035],[144779.73076925,167961.2700004],[144782.152,167960.02700035],[144784.544,167959.01700035],[144786.267,167958.77400035],[144787.765,167959.12200035],[144789.531,167959.95900035],[144790.517,167960.77000035],[144794.387,167967.94500035],[144795.661,167970.02400035],[144796.752,167971.16900035],[144798.57,167972.53800035],[144800.524,167973.19500035],[144802.562,167973.94200035],[144803.548,167976.06900035],[144804.18250366,167976.22201758],[144803.31,167979.13200035]]]},"geometry_name":"GEOM","properties":{"INSPIRE_ID":"https://databrussels.be/id/streetsurface/143163","TYPE":"SW","STREET_ID":"https://databrussels.be/id/streetname/5340","STRNAMEFRE":"Avenue de la Société Nationale","STRNAMEDUT":"Nationale Maatschappijlaan","MUNNISCODE":"21001","HIERARCHY":"IDR","LVL":0,"ADMIN":"MUN_RBC","AREA":226},"bbox":[144779.73076925,167958.77400035,144804.18250366,167979.13200035]},{"type":"Feature","id":"StreetSurfaces.fid--1290087_1a02c00fa75_-2b66","geometry":{"type":"Polygon","coordinates":[[[144768.467,167984.49000035],[144762.821,167971.22800035],[144761.753,167970.56200035],[144760.685,167969.89600035],[144756.08630219,167965.02362098],[144763.116,167964.87000035],[144764.249,167965.27500035],[144765.18,167965.78300035],[144766.401,167966.63200035],[144767,167967.27800035],[144767.853,167968.36200035],[144768.351,167969.50000035],[144769.38,167972.15000035],[144770.45,167974.88000035],[144769.333,167977.35300035],[144771.70575185,167983.11122058],[144768.467,167984.49000035]]]},"geometry_name":"GEOM","properties":{"INSPIRE_ID":"https://databrussels.be/id/streetsurface/143164","TYPE":"SW","STREET_ID":"https://databrussels.be/id/streetname/4568","STRNAMEFRE":"Chaussée de Mons","STRNAMEDUT":"Bergense Steenweg","MUNNISCODE":"21001","HIERARCHY":"IDR","LVL":0,"ADMIN":"REGION_RBC","AREA":111},"bbox":[144756.08630219,167964.87000035,144771.70575185,167984.49000035]},{"type":"Feature","id":"StreetSurfaces.fid--1290087_1a02c00fa75_-2a93","geometry":{"type":"Polygon","coordinates":[[[144844.5666597,167569.93456761],[144844.907,167567.70300035],[144845.917,167568.06000035],[144846.651,167567.81300035],[144849.16,167568.39300035],[144853.494,167569.46600035],[144862.759,167571.26800035],[144866.222,167572.05500035],[144867.427,167572.27700035],[144872.221,167573.26400035],[144876.866,167574.17400035],[144876.899,167574.26500035],[144880.552,167575.24800035],[144885.675,167576.18200035],[144892.995,167577.37100035],[144901.369,167579.10500035],[144910.714,167581.10100035],[144915.643,167582.09000035],[144919.802,167582.94200035],[144919.79,167583.19200035],[144929.32,167585.09500035],[144930.87,167581.08400035],[144932.05850191,167581.5417848],[144934.837,167582.61200035],[144934.337,167583.93100035],[144936.24905091,167584.6682424],[144945.541,167588.25100035],[144954.902,167591.83600035],[144964.243,167595.40500035],[144975.482,167599.72000035],[144981.076,167601.86600035],[144984.871,167603.31600035],[144990.381,167605.45400035],[144994.208,167606.90600035],[144997.111,167607.91200035],[145002.977,167610.14700035],[145015.227,167614.67300035],[145015.17,167614.82200035],[145031.933,167621.24700035],[145033.227,167619.67500035],[145034.317,167620.52200035],[145033.96,167620.96800035],[145036.189,167622.75800035],[145031.23082459,167629.04864227],[145030.322,167628.70700035],[145030.945,167626.96500035],[145026.023,167625.07800035],[145010.705,167619.24600035],[144993.64,167612.77100035],[144994.263,167611.12500035],[144991.438,167610.05600035],[144991.502,167609.88600035],[144989.176,167609.00400035],[144987.808,167608.49600035],[144986.691,167608.05900035],[144987.311,167606.44400035],[144985.451,167605.72000035],[144980.826,167603.94700035],[144978.952,167603.21400035],[144974.264,167601.43400035],[144972.357,167600.71500035],[144967.767,167598.96600035],[144965.934,167598.25700035],[144961.129,167596.41300035],[144959.267,167595.67900035],[144954.551,167593.89200035],[144952.683,167593.18200035],[144947.896,167591.29300035],[144946.017,167590.59300035],[144939.978,167588.29600035],[144938.061,167587.58700035],[144933.496,167585.84900035],[144931.619,167585.14500035],[144930.947,167586.92600035],[144923.232,167585.46000035],[144921.807,167585.16800035],[144920.8,167584.94000035],[144912.28,167583.40000035],[144902.433,167581.45300035],[144897.377,167580.45800035],[144887.757,167578.54800035],[144870.473,167575.04300035],[144866.516,167574.23200035],[144862.553,167573.45100035],[144858.507,167572.64500035],[144854.447,167571.83300035],[144850.48,167571.05900035],[144846.555,167570.24800035],[144844.5666597,167569.93456761]]]},"geometry_name":"GEOM","properties":{"INSPIRE_ID":"https://databrussels.be/id/streetsurface/143182","TYPE":"SW","STREET_ID":"https://databrussels.be/id/streetname/3315","STRNAMEFRE":"Rue des Citoyens","STRNAMEDUT":"Burgersstraat","MUNNISCODE":"21001","HIERARCHY":"DR","LVL":0,"ADMIN":"MUN_RBC","AREA":591},"bbox":[144844.5666597,167567.70300035,145036.189,167629.04864227]},{"type":"Feature","id":"StreetSurfaces.fid--1290087_1a02c00fa75_-2bb4","geometry":{"type":"Polygon","coordinates":[[[145106.94134698,167847.68789613],[145106.832,167848.05200035],[145106.733,167848.23600035],[145106.571,167848.36800035],[145103.926,167849.74800035],[145102.44,167848.75000035],[145082.859,167858.86000035],[145082.738,167860.80400035],[145081.856,167861.26500035],[145080.194,167860.23600035],[145054.841,167873.32600035],[145054.96,167875.30000035],[145049.19,167878.31000035],[145046.93,167879.49000035],[145044.73,167878.61000035],[145023.06,167890.03000035],[145019.308,167891.98600035],[145019.348,167893.87000035],[145018.434,167894.34800035],[145016.913,167893.23400035],[145007.065,167898.37900035],[145000,167902.07100035],[144999.137,167902.52400035],[144995.417,167904.48600035],[144995.341,167906.33300035],[144993.511,167903.13000035],[144998.111,167900.64600035],[145000,167899.69100035],[145009.33,167894.84000035],[145009.609,167895.46300035],[145048.286,167875.17200035],[145049.6,167874.48400035],[145050.31,167874.11200035],[145090.18,167853.50400035],[145090.113,167853.38600035],[145090.001,167853.01400035],[145090.038,167852.69000035],[145090.186,167852.40700035],[145090.491,167852.15800035],[145105.48,167844.57000035],[145106.94134698,167847.68789613]]]},"geometry_name":"GEOM","properties":{"INSPIRE_ID":"https://databrussels.be/id/streetsurface/143186","TYPE":"SW","STREET_ID":"https://databrussels.be/id/streetname/3622","STRNAMEFRE":"Plaine des Loisirs","STRNAMEDUT":"Lustplein","MUNNISCODE":"21001","HIERARCHY":"DR","LVL":0,"ADMIN":"MUN_RBC","AREA":239},"bbox":[144993.511,167844.57000035,145106.94134698,167906.33300035]},{"type":"Feature","id":"StreetSurfaces.fid--1290087_1a02c00fa75_-2b5b","geometry":{"type":"Polygon","coordinates":[[[144486.37697301,167853.84738971],[144497.35114046,167861.2599898],[144501.23,167863.88000035],[144505.06971547,167866.55796271],[144503.82631997,167868.34132853],[144489.78,167858.64000035],[144485.28578782,167855.5335124],[144486.37697301,167853.84738971]]]},"geometry_name":"GEOM","properties":{"INSPIRE_ID":"https://databrussels.be/id/streetsurface/143199","TYPE":"SW","STREET_ID":"https://databrussels.be/id/streetname/2952","STRNAMEFRE":"Route de Lennik","STRNAMEDUT":"Lennikse Baan","MUNNISCODE":"21001","HIERARCHY":"DR","LVL":0,"ADMIN":"MUN_RBC","AREA":48},"bbox":[144485.28578782,167853.84738971,144505.06971547,167868.34132853]},{"type":"Feature","id":"StreetSurfaces.fid--1290087_1a02c00fa75_-2b2b","geometry":{"type":"Polygon","coordinates":[[[144697.42874109,167803.17542151],[144694.53633438,167804.35286423],[144685.635,167782.48900035],[144688.86260887,167781.17506752],[144689.18765377,167781.04272478],[144690.662,167786.06800035],[144697.42874109,167803.17542151]]]},"geometry_name":"GEOM","properties":{"INSPIRE_ID":"https://databrussels.be/id/streetsurface/143200","TYPE":"SW","STREET_ID":"https://databrussels.be/id/streetname/4568","STRNAMEFRE":"Chaussée de Mons","STRNAMEDUT":"Bergense Steenweg","MUNNISCODE":"21001","HIERARCHY":"IDR","LVL":0,"ADMIN":"REGION_RBC","AREA":78},"bbox":[144685.635,167781.04272478,144697.42874109,167804.35286423]},{"type":"Feature","id":"StreetSurfaces.fid--1290087_1a02c00fa75_-2b2e","geometry":{"type":"Polygon","coordinates":[[[144745.495,167953.80200035],[144750.15359104,167958.73783736],[144749.38,167959.01500035],[144747.409,167959.12400035],[144745.142,167956.72800035],[144740.709,167956.67200035],[144723.599,167956.21200035],[144712.449,167956.05200035],[144710.479,167955.96200035],[144699.259,167954.66200035],[144692.419,167953.61200035],[144686.919,167952.69200035],[144668.019,167948.57200035],[144654.119,167945.26200035],[144641.089,167941.41200035],[144628.009,167937.04200035],[144626.91441724,167936.61716229],[144627.8,167934.17700035],[144654.392,167942.31400035],[144659.41,167943.65400035],[144684.664,167949.19600035],[144690.72,167950.43200035],[144700.56,167951.96000035],[144709.335,167952.95600035],[144743.805,167953.93600035],[144745.495,167953.80200035]]]},"geometry_name":"GEOM","properties":{"INSPIRE_ID":"https://databrussels.be/id/streetsurface/143206","TYPE":"SW","STREET_ID":"https://databrussels.be/id/streetname/2952","STRNAMEFRE":"Route de Lennik","STRNAMEDUT":"Lennikse Baan","MUNNISCODE":"21001","HIERARCHY":"DR","LVL":0,"ADMIN":"MUN_RBC","AREA":359},"bbox":[144626.91441724,167934.17700035,144750.15359104,167959.12400035]},{"type":"Feature","id":"StreetSurfaces.fid--1290087_1a02c00fa75_-2b1f","geometry":{"type":"Polygon","coordinates":[[[144724.071,167876.82700035],[144719.515,167874.54500035],[144714.959,167872.26300035],[144712.06702091,167869.42588847],[144716.688,167866.38100035],[144718.17,167865.86100035],[144719.649,167865.59500035],[144720.984,167865.74700035],[144722.47,167866.10500035],[144723.992,167866.65500035],[144724.852,167867.22300035],[144725.747,167868.11000035],[144726.726,167869.57000035],[144728.99024371,167874.79511488],[144724.071,167876.82700035]]]},"geometry_name":"GEOM","properties":{"INSPIRE_ID":"https://databrussels.be/id/streetsurface/143207","TYPE":"SW","STREET_ID":"https://databrussels.be/id/streetname/4568","STRNAMEFRE":"Chaussée de Mons","STRNAMEDUT":"Bergense Steenweg","MUNNISCODE":"21001","HIERARCHY":"IDR","LVL":0,"ADMIN":"REGION_RBC","AREA":112},"bbox":[144712.06702091,167865.59500035,144728.99024371,167876.82700035]},{"type":"Feature","id":"StreetSurfaces.fid--1290087_1a02c00fa75_-2b15","geometry":{"type":"Polygon","coordinates":[[[144741.943,167869.44500035],[144753.45110461,167897.30825362],[144749.68644215,167898.86014035],[144745.673,167890.69600035],[144747.25,167889.94700035],[144739.888,167871.47500035],[144737.797,167872.34000035],[144737.37363779,167871.33236785],[144741.943,167869.44500035]]]},"geometry_name":"GEOM","properties":{"INSPIRE_ID":"https://databrussels.be/id/streetsurface/143208","TYPE":"SW","STREET_ID":"https://databrussels.be/id/streetname/4568","STRNAMEFRE":"Chaussée de Mons","STRNAMEDUT":"Bergense Steenweg","MUNNISCODE":"21001","HIERARCHY":"IDR","LVL":0,"ADMIN":"REGION_RBC","AREA":101},"bbox":[144737.37363779,167869.44500035,144753.45110461,167898.86014035]},{"type":"Feature","id":"StreetSurfaces.fid--1290087_1a02c00fa75_-2acf","geometry":{"type":"Polygon","coordinates":[[[144584.657,167535.82700035],[144579.31062746,167522.28405692],[144577.352,167517.32400035],[144582.39276136,167515.17909489],[144584.957,167521.51000035],[144585.421,167522.63200035],[144583.368,167523.46200035],[144585.289,167528.20900035],[144587.566,167533.81100035],[144587.86925523,167534.55865265],[144584.657,167535.82700035]]]},"geometry_name":"GEOM","properties":{"INSPIRE_ID":"https://databrussels.be/id/streetsurface/143225","TYPE":"SW","STREET_ID":"https://databrussels.be/id/streetname/4568","STRNAMEFRE":"Chaussée de Mons","STRNAMEDUT":"Bergense Steenweg","MUNNISCODE":"21001","HIERARCHY":"IDR","LVL":0,"ADMIN":"REGION_RBC","AREA":85},"bbox":[144577.352,167515.17909489,144587.86925523,167535.82700035]},{"type":"Feature","id":"StreetSurfaces.fid--1290087_1a02c00fa75_-2ad1","geometry":{"type":"Polygon","coordinates":[[[144598.079,167508.98400035],[144598.231,167511.33200035],[144602.31540049,167518.6896638],[144600.849,167519.16800035],[144598.60797188,167519.29651002],[144600.197,167523.24700035],[144603.462,167522.52500035],[144604.41548279,167522.47276461],[144605.628,167524.65700035],[144602.858,167528.94300035],[144598.19650319,167530.62824361],[144597.272,167528.34400035],[144592.742,167517.08400035],[144592.336,167516.14800035],[144590.889,167512.49900035],[144590.5654754,167511.70150537],[144596.778,167509.05800035],[144598.079,167508.98400035]]]},"geometry_name":"GEOM","properties":{"INSPIRE_ID":"https://databrussels.be/id/streetsurface/143226","TYPE":"SW","STREET_ID":"https://databrussels.be/id/streetname/4568","STRNAMEFRE":"Chaussée de Mons","STRNAMEDUT":"Bergense Steenweg","MUNNISCODE":"21001","HIERARCHY":"IDR","LVL":0,"ADMIN":"REGION_RBC","AREA":148},"bbox":[144590.5654754,167508.98400035,144605.628,167530.62824361]},{"type":"Feature","id":"StreetSurfaces.fid--1290087_1a02c00fa75_-2af4","geometry":{"type":"Polygon","coordinates":[[[144713.536,167587.35300035],[144713.77590058,167587.27079585],[144715.576,167593.91700035],[144716.601,167593.98300035],[144716.597,167594.10400035],[144718.875,167601.83500035],[144720.348,167606.86400035],[144721.087,167609.44400035],[144721.598,167611.22900035],[144721.991,167612.58700035],[144723.11,167616.79000035],[144723.54,167619.15000035],[144723.61908115,167619.79436532],[144722.978,167620.04900035],[144722.695,167618.60400035],[144721.2,167613.01000035],[144721.14,167612.91000035],[144720.498,167613.06000035],[144719.19,167613.48100035],[144718.756,167611.79400035],[144720.272,167611.30300035],[144719.938,167609.52200035],[144719.684,167609.51200035],[144718.971,167607.24500035],[144717.641,167602.21700035],[144717.458,167602.26200035],[144716.639,167599.38900035],[144716.822,167599.28800035],[144715.201,167594.81300035],[144715.204,167594.43000035],[144715.109,167594.02100035],[144714.874,167593.51900035],[144713.536,167587.35300035]]]},"geometry_name":"GEOM","properties":{"INSPIRE_ID":"https://databrussels.be/id/streetsurface/143228","TYPE":"SW","STREET_ID":"https://databrussels.be/id/streetname/4406","STRNAMEFRE":"Rue du Symbole","STRNAMEDUT":"Zinnebeeldstraat","MUNNISCODE":"21001","HIERARCHY":"DR","LVL":0,"ADMIN":"MUN_RBC","AREA":39},"bbox":[144713.536,167587.27079585,144723.61908115,167620.04900035]},{"type":"Feature","id":"StreetSurfaces.fid--1290087_1a02c00fa75_-2aa9","geometry":{"type":"Polygon","coordinates":[[[144720.45722092,167580.30682909],[144720.945,167581.91100035],[144719.963,167583.67800035],[144719.745,167584.53200035],[144719.79,167585.21000035],[144719.48999774,167585.31279934],[144719.402,167584.99000035],[144718.305,167580.93900035],[144719.543,167580.56900035],[144720.45722092,167580.30682909]]]},"geometry_name":"GEOM","properties":{"INSPIRE_ID":"https://databrussels.be/id/streetsurface/143229","TYPE":"SW","STREET_ID":"https://databrussels.be/id/streetname/5666","STRNAMEFRE":"Rue de la Solidarité","STRNAMEDUT":"Solidariteitsstraat","MUNNISCODE":"21001","HIERARCHY":"DR","LVL":0,"ADMIN":"MUN_RBC","AREA":7},"bbox":[144718.305,167580.30682909,144720.945,167585.31279934]},{"type":"Feature","id":"StreetSurfaces.fid--1290087_1a02c00fa75_-2af3","geometry":{"type":"Polygon","coordinates":[[[144793.40011256,167619.64304296],[144793.8,167618.40000035],[144794.911,167615.45500035],[144794.931,167614.84500035],[144796.136,167611.60400035],[144796.672,167610.71700036],[144796.754,167610.72300035],[144798.189,167606.83600035],[144797.984,167605.21000035],[144800.43093085,167603.92341965],[144801.272,167605.49800035],[144802.834,167604.68900035],[144803.531,167606.01500035],[144803.809,167606.76100035],[144803.962,167607.76800035],[144803.916,167608.26600035],[144803.792,167608.75000035],[144803.324,167609.80900035],[144801.408,167612.16700035],[144800.764,167612.94100035],[144800.315,167613.59100035],[144800.032,167614.28400035],[144799.176,167616.61900035],[144797.46239316,167621.18078624],[144793.40011256,167619.64304296]]]},"geometry_name":"GEOM","properties":{"INSPIRE_ID":"https://databrussels.be/id/streetsurface/143230","TYPE":"SW","STREET_ID":"https://databrussels.be/id/streetname/2665","STRNAMEFRE":"Place Ministre Wauters","STRNAMEDUT":"Minister Wautersplein","MUNNISCODE":"21001","HIERARCHY":"DR","LVL":0,"ADMIN":"MUN_RBC","AREA":83},"bbox":[144793.40011256,167603.92341965,144803.962,167621.18078624]},{"type":"Feature","id":"StreetSurfaces.fid--1290087_1a02c00fa75_-2b10","geometry":{"type":"Polygon","coordinates":[[[144817.7984592,167611.20228876],[144818.51,167614.20300035],[144813.16,167617.15000035],[144812.284,167617.55000035],[144811.535,167617.95700035],[144807.651,167620.09300035],[144807.183,167620.10900035],[144803.548,167622.26400035],[144802.823,167623.21000035],[144800.98634934,167622.51475118],[144800.82401981,167622.45330266],[144802.451,167617.83500035],[144802.696,167617.12600035],[144803.015,167616.38100035],[144803.591,167615.37200035],[144804.355,167614.18100035],[144804.921,167613.33200035],[144805.423,167612.66500035],[144806.577,167611.68500035],[144808.06,167610.95900035],[144809.211,167610.72600035],[144810.351,167610.67700035],[144813.758,167610.91600035],[144817.7984592,167611.20228876]]]},"geometry_name":"GEOM","properties":{"INSPIRE_ID":"https://databrussels.be/id/streetsurface/143231","TYPE":"SW","STREET_ID":"https://databrussels.be/id/streetname/2665","STRNAMEFRE":"Place Ministre Wauters","STRNAMEDUT":"Minister Wautersplein","MUNNISCODE":"21001","HIERARCHY":"DR","LVL":0,"ADMIN":"MUN_RBC","AREA":112},"bbox":[144800.82401981,167610.67700035,144818.51,167623.21000035]},{"type":"Feature","id":"StreetSurfaces.fid--1290087_1a02c00fa75_-2b0c","geometry":{"type":"Polygon","coordinates":[[[144856.056,167677.15100035],[144854.172,167673.34000035],[144850.7150579,167666.87496936],[144852.80932611,167665.75386483],[144854.465,167668.89200035],[144858.22255299,167675.97520368],[144856.056,167677.15100035]]]},"geometry_name":"GEOM","properties":{"INSPIRE_ID":"https://databrussels.be/id/streetsurface/143232","TYPE":"SW","STREET_ID":"https://databrussels.be/id/streetname/4202","STRNAMEFRE":"Avenue Guillaume Melckmans","STRNAMEDUT":"Guillaume Melckmanslaan","MUNNISCODE":"21001","HIERARCHY":"DR","LVL":0,"ADMIN":"MUN_RBC","AREA":27},"bbox":[144850.7150579,167665.75386483,144858.22255299,167677.15100035]},{"type":"Feature","id":"StreetSurfaces.fid--1290087_1a02c00fa75_-2b05","geometry":{"type":"Polygon","coordinates":[[[144865.336,167660.70900035],[144867.071,167659.74900035],[144867.472,167658.31800035],[144880.713,167651.23100035],[144881.023,167651.81100035],[144883.762,167650.34500035],[144883.451,167649.76500035],[144887.715,167647.48300035],[144889.659,167651.11400035],[144891.578,167650.08700035],[144891.791,167650.48600035],[144900.613,167645.76500035],[144900.849,167646.20500035],[144906.526,167643.16700035],[144907.263,167644.60000035],[144908.724,167647.25700035],[144911.586,167652.64200035],[144910.49988075,167653.21931942],[144908.163,167648.78700035],[144904.405,167646.03600035],[144901.047,167646.89800035],[144893.814,167650.75600035],[144894.181,167651.45600035],[144884.226,167656.48300035],[144881.985,167657.85300035],[144881.245,167656.14700035],[144870,167660.96300035],[144870.683,167662.62900035],[144867.06954345,167664.07157822],[144865.336,167660.70900035]]]},"geometry_name":"GEOM","properties":{"INSPIRE_ID":"https://databrussels.be/id/streetsurface/143233","TYPE":"SW","STREET_ID":"https://databrussels.be/id/streetname/482","STRNAMEFRE":"Rue Van Winghen","STRNAMEDUT":"Van Winghenstraat","MUNNISCODE":"21001","HIERARCHY":"DR","LVL":0,"ADMIN":"MUN_RBC","AREA":170},"bbox":[144865.336,167643.16700035,144911.586,167664.07157822]},{"type":"Feature","id":"StreetSurfaces.fid--1290087_1a02c00fa75_-2af5","geometry":{"type":"Polygon","coordinates":[[[144944.45070424,167726.17149125],[144945.245,167727.65400035],[144945.413,167728.04600035],[144945.572,167728.46300035],[144945.588,167728.68900035],[144945.559,167728.91300035],[144945.415,167729.35700035],[144945.236,167729.72700035],[144945.085,167729.91300035],[144944.905,167730.07100035],[144943.632,167731.37200035],[144940.8630849,167734.11881504],[144939.49649916,167732.7435027],[144941.789,167730.46800035],[144943.51,167728.46300035],[144943.526,167727.29100035],[144944.45070424,167726.17149125]]]},"geometry_name":"GEOM","properties":{"INSPIRE_ID":"https://databrussels.be/id/streetsurface/143234","TYPE":"SW","STREET_ID":"https://databrussels.be/id/streetname/2761","STRNAMEFRE":"Rue du Savoir","STRNAMEDUT":"Kennisstraat","MUNNISCODE":"21001","HIERARCHY":"DR","LVL":0,"ADMIN":"MUN_RBC","AREA":16},"bbox":[144939.49649916,167726.17149125,144945.588,167734.11881504]},{"type":"Feature","id":"StreetSurfaces.fid--1290087_1a02c00fa75_-2afb","geometry":{"type":"Polygon","coordinates":[[[144944.45070424,167726.17149125],[144943.526,167727.29100035],[144941.551,167722.94300035],[144940.843,167721.72900035],[144936.59,167714.43000035],[144933.75,167709.14000035],[144929.12,167700.86000035],[144920.37,167684.39000035],[144913.25,167671.07000035],[144909.756,167664.40400035],[144907.584,167660.27800035],[144906.056,167657.12800035],[144905.293,167655.98700035],[144906.55343316,167655.31702595],[144906.924,167655.85900035],[144907.299,167656.60800035],[144908.935,167659.68700035],[144911.073,167663.66500035],[144923.4,167687.21000035],[144934.58,167708.07000035],[144941.798,167721.22100035],[144942.542,167722.60900035],[144944.45070424,167726.17149125]]]},"geometry_name":"GEOM","properties":{"INSPIRE_ID":"https://databrussels.be/id/streetsurface/143235","TYPE":"SW","STREET_ID":"https://databrussels.be/id/streetname/2761","STRNAMEFRE":"Rue du Savoir","STRNAMEDUT":"Kennisstraat","MUNNISCODE":"21001","HIERARCHY":"DR","LVL":0,"ADMIN":"MUN_RBC","AREA":110},"bbox":[144905.293,167655.31702595,144944.45070424,167727.29100035]},{"type":"Feature","id":"StreetSurfaces.fid--1290087_1a02c00fa75_-2af8","geometry":{"type":"Polygon","coordinates":[[[144912.714,167758.50200035],[144918.798,167752.82200035],[144919.646,167751.99500035],[144921.236,167750.56300035],[144925.066,167746.75200035],[144927.85,167743.65300035],[144929.223,167742.33700035],[144929.363,167742.57600035],[144934.098,167737.93900035],[144936.799,167735.42100035],[144939.49649916,167732.7435027],[144940.8630849,167734.11881504],[144935.363,167739.57500035],[144929.256,167745.57300035],[144920.178,167754.56200035],[144918.558,167756.20500035],[144916.014,167758.65100035],[144914.395,167760.22400035],[144913.89486941,167760.68303494],[144912.714,167758.50200035]]]},"geometry_name":"GEOM","properties":{"INSPIRE_ID":"https://databrussels.be/id/streetsurface/143236","TYPE":"SW","STREET_ID":"https://databrussels.be/id/streetname/895","STRNAMEFRE":"Rue de l'Energie","STRNAMEDUT":"Wilskrachtstraat","MUNNISCODE":"21001","HIERARCHY":"DR","LVL":0,"ADMIN":"MUN_RBC","AREA":81},"bbox":[144912.714,167732.7435027,144940.8630849,167760.68303494]},{"type":"Feature","id":"StreetSurfaces.fid--1290087_1a02c00fa75_-2b44","geometry":{"type":"Polygon","coordinates":[[[144911.062,167779.89400035],[144910.535,167779.62000035],[144906.323,167779.59700035],[144905.717,167779.74300035],[144904.730716,167777.06181189],[144906.407,167775.45000035],[144907.409,167774.98200035],[144908.756,167774.67600035],[144910.341,167774.70500035],[144911.484,167775.03400035],[144912.558,167775.60400035],[144913.34927496,167776.25370535],[144911.062,167779.89400035]]]},"geometry_name":"GEOM","properties":{"INSPIRE_ID":"https://databrussels.be/id/streetsurface/143237","TYPE":"SW","STREET_ID":"https://databrussels.be/id/streetname/4202","STRNAMEFRE":"Avenue Guillaume Melckmans","STRNAMEDUT":"Guillaume Melckmanslaan","MUNNISCODE":"21001","HIERARCHY":"DR","LVL":0,"ADMIN":"MUN_RBC","AREA":33},"bbox":[144904.730716,167774.67600035,144913.34927496,167779.89400035]},{"type":"Feature","id":"StreetSurfaces.fid--1290087_1a02c00fa75_-2b39","geometry":{"type":"Polygon","coordinates":[[[144901.68448143,167889.04505179],[144900.441,167889.69700035],[144893.662,167893.26200035],[144885.439,167897.56500035],[144878.105,167901.41000035],[144873.518,167903.81700035],[144866.1,167907.71600035],[144863.82990041,167908.87598615],[144862.841,167906.41300035],[144864.282,167905.86300035],[144866.219,167904.83300035],[144867.303,167904.19400035],[144868.286,167903.71200035],[144879.412,167897.59900035],[144883.886,167895.31400035],[144888.343,167893.05000035],[144890.723,167891.76200035],[144895.908,167889.16900035],[144898.194,167888.00900035],[144900.531,167886.79800035],[144901.68448143,167889.04505179]]]},"geometry_name":"GEOM","properties":{"INSPIRE_ID":"https://databrussels.be/id/streetsurface/143238","TYPE":"SW","STREET_ID":"https://databrussels.be/id/streetname/5340","STRNAMEFRE":"Avenue de la Société Nationale","STRNAMEDUT":"Nationale Maatschappijlaan","MUNNISCODE":"21001","HIERARCHY":"DR","LVL":0,"ADMIN":"MUN_RBC","AREA":112},"bbox":[144862.841,167886.79800035,144901.68448143,167908.87598615]},{"type":"Feature","id":"StreetSurfaces.fid--1290087_1a02c00fa75_-2b17","geometry":{"type":"Polygon","coordinates":[[[144756.68218964,167746.36210198],[144758.694,167747.06800035],[144757.161,167751.49500035],[144756.137,167754.08800035],[144753.906,167760.68100035],[144753.559,167761.84000035],[144752.533,167764.74600035],[144752.131,167765.89000035],[144751.675,167766.86600035],[144751.2,167768.16200035],[144748.376,167776.12500035],[144748.112,167777.18500035],[144747.388,167779.50400035],[144746.942,167780.86100035],[144746.169,167782.91900035],[144745.492,167784.40200035],[144743.873,167789.16500035],[144743.434,167790.44900035],[144742.111,167794.02900035],[144741.661,167794.99100035],[144739.336,167801.36800035],[144739.112,167802.43700035],[144737.39,167807.05300035],[144737.934,167807.25900035],[144736.437,167811.03700035],[144736.3,167811.52700035],[144736.378,167811.55100035],[144735.819,167813.06800035],[144735.209,167815.06200035],[144730.98832654,167813.58885302],[144731.638,167811.76600035],[144732.215,167810.14400035],[144733.816,167810.71300035],[144744.461,167780.76900035],[144742.672,167780.11900035],[144743.69,167777.34000035],[144745.557,167777.99500035],[144746.222,167776.09600035],[144746.117,167776.06800035],[144751.647,167760.51000035],[144751.751,167760.54700035],[144752.432,167758.64200035],[144750.559,167757.97200035],[144751.39,167755.65200035],[144753.159,167756.28100035],[144756.68218964,167746.36210198]]]},"geometry_name":"GEOM","properties":{"INSPIRE_ID":"https://databrussels.be/id/streetsurface/143239","TYPE":"SW","STREET_ID":"https://databrussels.be/id/streetname/267","STRNAMEFRE":"Avenue des Droits de l'Homme","STRNAMEDUT":"Mensenrechtenlaan","MUNNISCODE":"21001","HIERARCHY":"DR","LVL":0,"ADMIN":"MUN_RBC","AREA":177},"bbox":[144730.98832654,167746.36210198,144758.694,167815.06200035]},{"type":"Feature","id":"StreetSurfaces.fid--1290087_1a02c00fa75_-2b6e","geometry":{"type":"Polygon","coordinates":[[[144774.5,167948.27000035],[144776.3199744,167952.79317202],[144775.909,167952.81000035],[144774.62,167952.43800035],[144773.373,167951.82400035],[144772.286,167950.84800035],[144771.39,167949.30000035],[144767.50260874,167939.81223728],[144770.49599602,167938.57599072],[144774.5,167948.27000035]]]},"geometry_name":"GEOM","properties":{"INSPIRE_ID":"https://databrussels.be/id/streetsurface/143240","TYPE":"SW","STREET_ID":"https://databrussels.be/id/streetname/4568","STRNAMEFRE":"Chaussée de Mons","STRNAMEDUT":"Bergense Steenweg","MUNNISCODE":"21001","HIERARCHY":"IDR","LVL":0,"ADMIN":"REGION_RBC","AREA":45},"bbox":[144767.50260874,167938.57599072,144776.3199744,167952.81000035]},{"type":"Feature","id":"StreetSurfaces.fid--1290087_1a02c00fa75_-2b69","geometry":{"type":"Polygon","coordinates":[[[144798.92317571,167951.14062454],[144800.262,167953.82200035],[144799.899,167954.12500035],[144799.729,167954.45100035],[144799.681,167954.84000035],[144799.801,167955.27200035],[144802.02,167959.52300035],[144804.239,167963.77400035],[144804.822,167964.63200035],[144805.477,167965.25800035],[144806.253,167965.74600035],[144807.218,167966.09800035],[144806.23966391,167969.36095649],[144805.61,167969.21000035],[144804.34,167968.78000035],[144803.37,167968.31000035],[144802.81,167967.88000035],[144802.34,167967.39000035],[144801.87,167966.69000035],[144799.648,167963.13300035],[144796.396,167961.74200035],[144793.516,167955.85500035],[144793.555,167954.69900035],[144794.284,167953.59400035],[144795.319,167952.97300035],[144798.8,167951.20000035],[144798.92317571,167951.14062454]]]},"geometry_name":"GEOM","properties":{"INSPIRE_ID":"https://databrussels.be/id/streetsurface/143241","TYPE":"SW","STREET_ID":"https://databrussels.be/id/streetname/5340","STRNAMEFRE":"Avenue de la Société Nationale","STRNAMEDUT":"Nationale Maatschappijlaan","MUNNISCODE":"21001","HIERARCHY":"IDR","LVL":0,"ADMIN":"MUN_RBC","AREA":94},"bbox":[144793.516,167951.14062454,144807.218,167969.36095649]},{"type":"Feature","id":"StreetSurfaces.fid--1290087_1a02c00fa75_-2ac0","geometry":{"type":"Polygon","coordinates":[[[144796.494,167541.44200035],[144798.23261179,167544.18373782],[144798.049,167544.25800035],[144797.438,167544.33300035],[144796.344,167544.46400035],[144795.6,167544.39400035],[144795.342,167544.35200035],[144795.09,167544.28500035],[144794.845,167544.19600035],[144794.608,167544.08300035],[144794.382,167543.94800035],[144794.17,167543.79300035],[144793.425,167543.11500035],[144792.784,167542.47600035],[144792.26170511,167541.90352866],[144794.789,167540.46100035],[144795.783,167541.18300035],[144796.494,167541.44200035]]]},"geometry_name":"GEOM","properties":{"INSPIRE_ID":"https://databrussels.be/id/streetsurface/143256","TYPE":"SW","STREET_ID":"https://databrussels.be/id/streetname/2665","STRNAMEFRE":"Place Ministre Wauters","STRNAMEDUT":"Minister Wautersplein","MUNNISCODE":"21001","HIERARCHY":"DR","LVL":0,"ADMIN":"MUN_RBC","AREA":13},"bbox":[144792.26170511,167540.46100035,144798.23261179,167544.46400035]},{"type":"Feature","id":"StreetSurfaces.fid--1290087_1a02c00fa75_-2ac1","geometry":{"type":"Polygon","coordinates":[[[144813.99080898,167533.57181423],[144814.27633628,167534.12719004],[144814.56210322,167534.68303198],[144814.78752855,167535.12150415],[144812.338,167536.49800035],[144809.443,167538.12200035],[144799.441,167543.69500035],[144798.23261179,167544.18373782],[144796.494,167541.44200035],[144799.058,167541.18400035],[144801.041,167540.14700035],[144800.864,167539.89800035],[144803.905,167538.19700035],[144804.892,167537.73200035],[144805.506,167537.34700035],[144805.678,167537.58900035],[144806.825,167537.01500035],[144809.808,167535.38200035],[144811.136,167534.67500035],[144812.088,167534.00100035],[144813.703,167533.01200035],[144813.99080898,167533.57181423]]]},"geometry_name":"GEOM","properties":{"INSPIRE_ID":"https://databrussels.be/id/streetsurface/143257","TYPE":"SW","STREET_ID":"https://databrussels.be/id/streetname/2665","STRNAMEFRE":"Place Ministre Wauters","STRNAMEDUT":"Minister Wautersplein","MUNNISCODE":"21001","HIERARCHY":"DR","LVL":0,"ADMIN":"MUN_RBC","AREA":46},"bbox":[144796.494,167533.01200035,144814.78752855,167544.18373782]},{"type":"Feature","id":"StreetSurfaces.fid--1290087_1a02c00fa75_-2a99","geometry":{"type":"Polygon","coordinates":[[[144810.77407493,167547.1830791],[144806.869,167546.00500035],[144806.463,167545.85300035],[144806.14,167545.68000035],[144806.009,167545.60800035],[144805.893,167545.51600035],[144805.793,167545.40500035],[144805.686,167545.21700035],[144805.624,167545.01000035],[144805.614,167544.79200035],[144805.648,167544.57600035],[144805.708,167544.40400035],[144805.797,167544.24400035],[144806.423,167543.77400035],[144811.334,167541.03900035],[144814.008,167539.55800035],[144816.39497624,167538.24813183],[144817.327,167540.06100035],[144816.598,167540.67400035],[144815.538,167542.78400035],[144815.842,167544.02800035],[144810.77407493,167547.1830791]]]},"geometry_name":"GEOM","properties":{"INSPIRE_ID":"https://databrussels.be/id/streetsurface/143258","TYPE":"SW","STREET_ID":"https://databrussels.be/id/streetname/2665","STRNAMEFRE":"Place Ministre Wauters","STRNAMEDUT":"Minister Wautersplein","MUNNISCODE":"21001","HIERARCHY":"DR","LVL":0,"ADMIN":"MUN_RBC","AREA":50},"bbox":[144805.614,167538.24813183,144817.327,167547.1830791]},{"type":"Feature","id":"StreetSurfaces.fid--1290087_1a02c00fa75_-2b96","geometry":{"type":"Polygon","coordinates":[[[144990.788,167902.52300035],[144993.458,167903.38300035],[144993.511,167903.13000035],[144995.341,167906.33300035],[144994.946,167906.53900035],[144991.849,167908.13200035],[144990.495,167908.67100035],[144989.222,167908.84100035],[144987.58,167908.60300035],[144986.534,167908.13100035],[144985.892,167907.65500035],[144985.341,167907.07500035],[144984.901,167906.40800035],[144984.09604304,167904.91465441],[144987.097,167903.03600035],[144987.3,167903.12200035],[144987.461,167903.16000035],[144990.218,167902.32900035],[144990.919,167902.26000035],[144990.788,167902.52300035]]]},"geometry_name":"GEOM","properties":{"INSPIRE_ID":"https://databrussels.be/id/streetsurface/143263","TYPE":"SW","STREET_ID":"https://databrussels.be/id/streetname/4202","STRNAMEFRE":"Avenue Guillaume Melckmans","STRNAMEDUT":"Guillaume Melckmanslaan","MUNNISCODE":"21001","HIERARCHY":"DR","LVL":0,"ADMIN":"MUN_RBC","AREA":49},"bbox":[144984.09604304,167902.26000035,144995.341,167908.84100035]},{"type":"Feature","id":"StreetSurfaces.fid--1290087_1a02c00fa75_-2bb2","geometry":{"type":"Polygon","coordinates":[[[144996.90897614,167909.19808414],[145001.465,167906.78800035],[145009.377,167902.70100035],[145024.93,167894.47000035],[145032.61,167890.46000035],[145046.2,167883.43000035],[145049.85,167881.55000035],[145074.1,167868.89000035],[145088.63,167861.27000035],[145107.391,167851.53500035],[145108.184,167851.30100035],[145108.65594482,167851.34630247],[145110.959,167856.26100035],[145037.97,167894.26000035],[145016.688,167906.38800035],[145004.753,167912.75200035],[145004.648,167912.85000035],[145000.1699593,167915.25178637],[144996.90897614,167909.19808414]]]},"geometry_name":"GEOM","properties":{"INSPIRE_ID":"https://databrussels.be/id/streetsurface/143264","TYPE":"SW","STREET_ID":"https://databrussels.be/id/streetname/3622","STRNAMEFRE":"Plaine des Loisirs","STRNAMEDUT":"Lustplein","MUNNISCODE":"21001","HIERARCHY":"DR","LVL":0,"ADMIN":"MUN_RBC","AREA":761},"bbox":[144996.90897614,167851.30100035,145110.959,167915.25178637]},{"type":"Feature","id":"StreetSurfaces.fid--1290087_1a02c00fa75_-2b34","geometry":{"type":"Polygon","coordinates":[[[144905.171,167895.83700035],[144907.81691734,167894.4888448],[144910.95,167900.90000035],[144918.23,167915.99000035],[144918.33,167916.26000035],[144918.44,167916.53000035],[144918.54,167916.80000035],[144918.66,167917.25000035],[144918.75,167917.71000035],[144918.82,167918.17000035],[144918.88,167918.63000035],[144918.91,167919.10000035],[144918.93,167919.56000035],[144918.92,167920.18000035],[144918.88,167920.81000035],[144918.85,167921.43000035],[144918.82,167922.45000035],[144918.78,167924.49000035],[144918.77,167925.84000035],[144918.77092303,167925.96368578],[144913.004,167922.97200035],[144916.023,167921.62000035],[144914.592,167918.54900035],[144915.939,167917.96000035],[144908.116,167901.80500035],[144905.171,167895.83700035]]]},"geometry_name":"GEOM","properties":{"INSPIRE_ID":"https://databrussels.be/id/streetsurface/143268","TYPE":"SW","STREET_ID":"https://databrussels.be/id/streetname/4093","STRNAMEFRE":"Place du Confort","STRNAMEDUT":"Komfortplein","MUNNISCODE":"21001","HIERARCHY":"DR","LVL":0,"ADMIN":"MUN_RBC","AREA":102},"bbox":[144905.171,167894.4888448,144918.93,167925.96368578]},{"type":"Feature","id":"StreetSurfaces.fid--1290087_1a02c00fa75_-2b36","geometry":{"type":"Polygon","coordinates":[[[144905.171,167895.83700035],[144904.02306193,167893.60074772],[144904.455,167893.39700035],[144904.87,167893.27900035],[144905.299,167893.22900035],[144905.727,167893.24700035],[144906.147,167893.33200035],[144906.548,167893.48200035],[144906.921,167893.69400035],[144907.673,167894.21800035],[144907.81691734,167894.4888448],[144905.171,167895.83700035]]]},"geometry_name":"GEOM","properties":{"INSPIRE_ID":"https://databrussels.be/id/streetsurface/143269","TYPE":"SW","STREET_ID":"https://databrussels.be/id/streetname/5340","STRNAMEFRE":"Avenue de la Société Nationale","STRNAMEDUT":"Nationale Maatschappijlaan","MUNNISCODE":"21001","HIERARCHY":"DR","LVL":0,"ADMIN":"MUN_RBC","AREA":6},"bbox":[144904.02306193,167893.22900035,144907.81691734,167895.83700035]},{"type":"Feature","id":"StreetSurfaces.fid--1290087_1a02c00fa75_-2bad","geometry":{"type":"Polygon","coordinates":[[[144931.18617577,167919.88060453],[144932.426,167913.63200035],[144934.04,167914.20400035],[144947.301,167941.44400035],[144949.832,167946.64600035],[144950.481,167947.97600035],[144949.925,167949.57000035],[144947.987,167950.49400035],[144948.92,167952.44200035],[144941.204,167956.15900035],[144933.489,167959.87600035],[144932.559,167958.01500035],[144930.55,167958.97000035],[144928.942,167958.40700035],[144912.438,167924.54000035],[144913.004,167922.97200035],[144918.77092303,167925.96368578],[144918.78,167927.18000035],[144918.83,167928.53000035],[144918.88,167929.38000035],[144919.04,167931.10000035],[144919.1,167931.63000035],[144919.16,167932.17000035],[144919.25,167932.69000035],[144919.36,167933.06000035],[144919.5,167933.43000035],[144919.63,167933.80000035],[144924.35,167943.41000035],[144929.82,167954.79000035],[144935.04,167956.29000035],[144945.18,167951.35000035],[144946.79,167946.00000035],[144940.45,167932.88000035],[144937.97,167928.04000035],[144936.74,167925.62000035],[144936.52,167925.15000035],[144936.3,167924.67000035],[144936.04,167924.22000035],[144935.79,167923.87000035],[144935.52,167923.53000035],[144935.24,167923.20000035],[144934.89,167922.82000035],[144934.52,167922.46000035],[144934.14,167922.11000035],[144933.46,167921.55000035],[144933.11,167921.28000035],[144931.18617577,167919.88060453]]]},"geometry_name":"GEOM","properties":{"INSPIRE_ID":"https://databrussels.be/id/streetsurface/143270","TYPE":"SW","STREET_ID":"https://databrussels.be/id/streetname/4093","STRNAMEFRE":"Place du Confort","STRNAMEDUT":"Komfortplein","MUNNISCODE":"21001","HIERARCHY":"DR","LVL":0,"ADMIN":"MUN_RBC","AREA":275},"bbox":[144912.438,167913.63200035,144950.481,167959.87600035]},{"type":"Feature","id":"StreetSurfaces.fid--1290087_1a02c00fa75_-2b91","geometry":{"type":"Polygon","coordinates":[[[144955.03178625,167727.33984252],[144954.901,167727.47800035],[144953.867,167728.91700035],[144953.384,167730.06200035],[144953.111,167731.19900035],[144953.091,167732.42000035],[144953.26,167733.46000035],[144953.598,167734.45800035],[144954.25996703,167735.7039134],[144950.98072432,167738.48867554],[144950.862,167738.26700035],[144950.537,167737.77100035],[144950.246,167737.31900035],[144949.922,167736.95100035],[144949.518,167736.59100035],[144948.925,167736.21800035],[144948.432,167736.03400035],[144947.974,167735.96800035],[144947.42,167736.01500035],[144946.449,167736.32000035],[144945.74,167736.71300035],[144945.11,167737.22500035],[144944.55699333,167737.75437426],[144942.628,167735.89500035],[144940.8630849,167734.11881504],[144943.632,167731.37200035],[144944.905,167730.07100035],[144945.085,167729.91300035],[144945.236,167729.72700035],[144945.415,167729.35700035],[144945.559,167728.91300035],[144945.588,167728.68900035],[144945.572,167728.46300035],[144945.413,167728.04600035],[144945.245,167727.65400035],[144944.45070424,167726.17149125],[144947.34390548,167722.66878736],[144947.513,167722.96600035],[144947.852,167723.42000035],[144948.225,167723.77900035],[144948.663,167724.05700035],[144949.282,167724.25800035],[144949.612,167724.25300035],[144949.934,167724.17800035],[144950.599,167723.98400035],[144951.223,167723.68100035],[144951.44239713,167723.52528664],[144955.03178625,167727.33984252]]]},"geometry_name":"GEOM","properties":{"INSPIRE_ID":"https://databrussels.be/id/streetsurface/1463","TYPE":"I","STREET_ID":"https://databrussels.be/id/streetname/2761","STRNAMEFRE":"Rue du Savoir","STRNAMEDUT":"Kennisstraat","MUNNISCODE":"21001","HIERARCHY":"DR","LVL":0,"ADMIN":"MUN_RBC","AREA":127},"bbox":[144940.8630849,167722.66878736,144955.03178625,167738.48867554]},{"type":"Feature","id":"StreetSurfaces.fid--1290087_1a02c00fa75_-2ad7","geometry":{"type":"Polygon","coordinates":[[[144777.72247213,167740.83809382],[144783.03723938,167737.89056792],[144790.37971526,167754.97564281],[144784.90856656,167757.31862407],[144777.72247213,167740.83809382]]]},"geometry_name":"GEOM","properties":{"INSPIRE_ID":"https://databrussels.be/id/streetsurface/1464","TYPE":"S","STREET_ID":"https://databrussels.be/id/streetname/3172","STRNAMEFRE":"Avenue de la Persévérance","STRNAMEDUT":"Volhardingslaan","MUNNISCODE":"21001","HIERARCHY":"DR","LVL":0,"ADMIN":"MUN_RBC","AREA":110},"bbox":[144777.72247213,167737.89056792,144790.37971526,167757.31862407]},{"type":"Feature","id":"StreetSurfaces.fid--1290087_1a02c00fa75_-2bb1","geometry":{"type":"Polygon","coordinates":[[[145013.03143268,167836.85675607],[145005.98,167840.52000035],[145001.31631006,167842.93763226],[144999.96,167840.36400035],[144998.87084949,167838.29677111],[144999.17,167838.12000035],[144999.58,167837.84000035],[145000.03,167837.47000035],[145000.44,167837.06000035],[145000.79,167836.61000035],[145001.08,167836.07000035],[145001.29,167835.49000035],[145001.41,167834.90000035],[145001.4,167834.10000035],[145001.23,167833.28000035],[145000.98,167832.49000035],[145000.80999578,167832.06129405],[145002.784,167831.03200035],[145004.605,167830.17200035],[145005.296,167831.13200035],[145006.21,167831.88300035],[145007.287,167832.37500035],[145008.453,167832.57400035],[145009.632,167832.46700035],[145010.54278114,167832.13416764],[145011.64,167834.21600035],[145013.03143268,167836.85675607]]]},"geometry_name":"GEOM","properties":{"INSPIRE_ID":"https://databrussels.be/id/streetsurface/1547","TYPE":"I","STREET_ID":"https://databrussels.be/id/streetname/2761","STRNAMEFRE":"Rue du Savoir","STRNAMEDUT":"Kennisstraat","MUNNISCODE":"21001","HIERARCHY":"DR","LVL":0,"ADMIN":"MUN_RBC","AREA":98},"bbox":[144998.87084949,167830.17200035,145013.03143268,167842.93763226]},{"type":"Feature","id":"StreetSurfaces.fid--1290087_1a02c00fa75_-2ba3","geometry":{"type":"Polygon","coordinates":[[[144958.82256552,167854.00026054],[144959.062,167854.43600035],[144959.551,167855.11900035],[144960.178,167855.67700035],[144961.093,167856.12800035],[144962.085,167856.37000035],[144963.685,167856.30200035],[144965.413,167855.71800035],[144967.01831962,167858.70264204],[144966.415,167859.02700035],[144965.794,167859.53300035],[144965.006,167860.39600035],[144964.386,167861.38600035],[144963.94,167862.59800035],[144963.704,167863.86900035],[144963.704,167865.32600035],[144963.967,167866.76000035],[144964.16455839,167867.26344499],[144963.115,167867.92000035],[144961.26325413,167869.02414696],[144960.906,167868.49500035],[144960.193,167867.80000035],[144959.311,167867.24200035],[144958.331,167866.88400035],[144957.225,167866.73100035],[144956.113,167866.82600035],[144954.519,167867.28800035],[144954.1072489,167867.5028423],[144951.49505344,167863.00614891],[144951.773,167862.86200035],[144952.618,167864.41000035],[144954.865,167863.26900035],[144955.685,167862.73400035],[144956.37,167862.03500035],[144956.821,167861.34200035],[144957.138,167860.57700035],[144957.311,167859.76800035],[144957.333,167858.87400035],[144957.181,167857.99300035],[144956.86,167857.15800035],[144956.731,167856.94900035],[144955.68695901,167854.9670447],[144956.675,167854.65500035],[144958.82256552,167854.00026054]]]},"geometry_name":"GEOM","properties":{"INSPIRE_ID":"https://databrussels.be/id/streetsurface/1622","TYPE":"I","STREET_ID":"https://databrussels.be/id/streetname/4202","STRNAMEFRE":"Avenue Guillaume Melckmans","STRNAMEDUT":"Guillaume Melckmanslaan","MUNNISCODE":"21001","HIERARCHY":"DR","LVL":0,"ADMIN":"MUN_RBC","AREA":113},"bbox":[144951.49505344,167854.00026054,144967.01831962,167869.02414696]},{"type":"Feature","id":"StreetSurfaces.fid--1290087_1a02c00fa75_-2b89","geometry":{"type":"Polygon","coordinates":[[[144991.31491821,167681.42181132],[144998.87653296,167673.97856637],[145005.94980908,167680.11869438],[145005.907,167680.85800035],[145005.972,167681.82400035],[145006.164,167682.77800035],[145006.466,167683.74100035],[145006.845,167684.62000035],[145007.05,167684.98100035],[145009.44202184,167689.48004206],[145005.84322731,167691.47337736],[145005.513,167690.97900035],[145004.659,167690.09500035],[145003.443,167689.20500035],[145002.004,167688.50400035],[145001.237,167688.19100035],[144999.25,167687.75100035],[144998.06241295,167687.79896429],[144991.31491821,167681.42181132]]]},"geometry_name":"GEOM","properties":{"INSPIRE_ID":"https://databrussels.be/id/streetsurface/1624","TYPE":"I","STREET_ID":"https://databrussels.be/id/streetname/4839","STRNAMEFRE":"Rue Jacques Boon","STRNAMEDUT":"Jacques Boonstraat","MUNNISCODE":"21001","HIERARCHY":"DR","LVL":0,"ADMIN":"MUN_RBC","AREA":154},"bbox":[144991.31491821,167673.97856637,145009.44202184,167691.47337736]},{"type":"Feature","id":"StreetSurfaces.fid--1290087_1a02c00fa75_-2a97","geometry":{"type":"Polygon","coordinates":[[[144810.77407493,167547.1830791],[144812.587,167547.73000035],[144812.928,167547.85200035],[144814.249,167547.13700035],[144814.445,167547.00700035],[144814.627,167547.30700035],[144817.04,167551.81100035],[144819.844,167557.05200035],[144822.81762193,167562.61425892],[144817.94443833,167565.23185118],[144813.788,167557.48900035],[144813.284,167556.61400035],[144812.743,167555.75900035],[144811.479,167554.22500035],[144809.675,167552.62800035],[144808.239,167551.76400035],[144806.402,167550.91400035],[144805.32748204,167550.57390063],[144810.77407493,167547.1830791]]]},"geometry_name":"GEOM","properties":{"INSPIRE_ID":"https://databrussels.be/id/streetsurface/17046","TYPE":"S","STREET_ID":"https://databrussels.be/id/streetname/2665","STRNAMEFRE":"Place Ministre Wauters","STRNAMEDUT":"Minister Wautersplein","MUNNISCODE":"21001","HIERARCHY":"DR","LVL":0,"ADMIN":"MUN_RBC","AREA":116},"bbox":[144805.32748204,167547.00700035,144822.81762193,167565.23185118]},{"type":"Feature","id":"StreetSurfaces.fid--1290087_1a02c00fa75_-2b27","geometry":{"type":"Polygon","coordinates":[[[144709.89995418,167798.09770554],[144708.90280769,167798.50377131],[144704.95504641,167800.11111099],[144705.27,167799.12400035],[144705.245,167797.71100035],[144704.824,167796.48500035],[144700.397,167785.20100035],[144698.771,167780.89500035],[144698.373,167779.84800035],[144697.694,167779.14600035],[144695.66387301,167778.40591788],[144700.85666243,167776.29166226],[144702.685,167779.61900035],[144705.113,167785.57300035],[144709.89995418,167798.09770554]]]},"geometry_name":"GEOM","properties":{"INSPIRE_ID":"https://databrussels.be/id/streetsurface/17049","TYPE":"S","STREET_ID":"https://databrussels.be/id/streetname/4568","STRNAMEFRE":"Chaussée de Mons","STRNAMEDUT":"Bergense Steenweg","MUNNISCODE":"21001","HIERARCHY":"IDR","LVL":0,"ADMIN":"REGION_RBC","AREA":101},"bbox":[144695.66387301,167776.29166226,144709.89995418,167800.11111099]},{"type":"Feature","id":"StreetSurfaces.fid--1290087_1a02c00fa75_-2a94","geometry":{"type":"Polygon","coordinates":[[[144844.5666597,167569.93456761],[144843.75483117,167575.25762214],[144843.285,167575.16400035],[144843.638,167573.29700035],[144843.123,167573.19600035],[144842.156,167573.08100035],[144839.834,167573.05300035],[144838.577,167573.23900035],[144837.369,167573.63100035],[144835.562,167574.70100035],[144834.16,167576.19200035],[144833.129,167578.04300035],[144832.567,167580.05000035],[144832.529,167582.00600035],[144832.893,167583.52600035],[144833.07167127,167583.90370429],[144828.88800146,167585.6756115],[144827.266,167582.68700035],[144824.834,167578.09000035],[144823.313,167575.26800035],[144818.163,167565.63900035],[144817.94443833,167565.23185118],[144822.81762193,167562.61425892],[144825.189,167567.05000035],[144824.993,167567.16200035],[144823.68,167567.86500035],[144825.588,167571.42200035],[144826.031,167572.08200035],[144826.6,167572.63500035],[144827.27,167573.05800035],[144828.012,167573.30200035],[144828.79,167573.37000035],[144829.579,167573.26700035],[144830.325,167572.99000035],[144833.81,167570.97800035],[144834.707,167570.54500035],[144836.538,167569.80600035],[144837.976,167569.49000035],[144839.38,167569.36000035],[144840.779,167569.36800036],[144842.493,167569.52000035],[144843.255,167569.68200035],[144844.5666597,167569.93456761]]]},"geometry_name":"GEOM","properties":{"INSPIRE_ID":"https://databrussels.be/id/streetsurface/17141","TYPE":"I","STREET_ID":"https://databrussels.be/id/streetname/2665","STRNAMEFRE":"Place Ministre Wauters","STRNAMEDUT":"Minister Wautersplein","MUNNISCODE":"21001","HIERARCHY":"DR","LVL":0,"ADMIN":"MUN_RBC","AREA":186},"bbox":[144817.94443833,167562.61425892,144844.5666597,167585.6756115]},{"type":"Feature","id":"StreetSurfaces.fid--1290087_1a02c00fa75_-2b62","geometry":{"type":"Polygon","coordinates":[[[144880.22129465,167976.74114782],[144881.09518905,167976.36676391],[144882.278,167975.86000035],[144885.828,167974.37900035],[144887.004,167976.97200035],[144890.871,167985.78200035],[144893.60847534,167992.08958621],[144889.38900891,167996.33293963],[144889.042,167995.54600035],[144888.35320554,167994.46189033],[144887.4,167993.60100035],[144886.22218295,167992.97650754],[144884.925,167992.66900035],[144883.412,167992.62400035],[144882.15917748,167992.54801785],[144880.912,167992.40700035],[144879.66283047,167992.21048962],[144878.425,167991.95200035],[144873.95,167990.88800035],[144873.56,167992.55600035],[144871.7870419,167992.16042949],[144872.49521997,167988.72405717],[144873.20171189,167985.29586673],[144874.817,167985.69900035],[144875.127,167985.78000035],[144874.734,167987.46100035],[144877.208,167988.02400035],[144878.516,167988.23500035],[144879.84,167988.23800035],[144881.107,167988.00400035],[144882.322,167987.57300035],[144884.338,167986.70500035],[144884.916,167986.31400035],[144885.31,167985.73800035],[144885.445,167985.33800035],[144885.508,167984.92000035],[144885.484,167984.49200035],[144885.362,167984.08000035],[144883.071,167978.99500035],[144881.543,167979.66800035],[144880.22129465,167976.74114782]]]},"geometry_name":"GEOM","properties":{"INSPIRE_ID":"https://databrussels.be/id/streetsurface/17184","TYPE":"I","STREET_ID":"https://databrussels.be/id/streetname/3172","STRNAMEFRE":"Avenue de la Persévérance","STRNAMEDUT":"Volhardingslaan","MUNNISCODE":"21001","HIERARCHY":"DR","LVL":0,"ADMIN":"MUN_RBC","AREA":178},"bbox":[144871.7870419,167974.37900035,144893.60847534,167996.33293963]},{"type":"Feature","id":"StreetSurfaces.fid--1290087_1a02c00fa75_-2a8c","geometry":{"type":"Polygon","coordinates":[[[144817.7984592,167611.20228876],[144813.758,167610.91600035],[144810.351,167610.67700035],[144809.211,167610.72600035],[144808.06,167610.95900035],[144806.577,167611.68500035],[144805.423,167612.66500035],[144804.921,167613.33200035],[144804.355,167614.18100035],[144803.591,167615.37200035],[144803.015,167616.38100035],[144802.696,167617.12600035],[144802.451,167617.83500035],[144800.82401981,167622.45330266],[144797.46239316,167621.18078624],[144799.176,167616.61900035],[144800.032,167614.28400035],[144800.315,167613.59100035],[144800.764,167612.94100035],[144801.408,167612.16700035],[144803.324,167609.80900035],[144803.792,167608.75000035],[144803.916,167608.26600035],[144803.962,167607.76800035],[144803.809,167606.76100035],[144803.531,167606.01500035],[144802.834,167604.68900035],[144801.272,167605.49800035],[144800.43093085,167603.92341965],[144805.84598318,167601.07621951],[144807.046,167602.22100035],[144809.307,167603.57200035],[144812.442,167604.66200035],[144815.76,167605.08100035],[144816.33360453,167605.0247001],[144817.7984592,167611.20228876]]]},"geometry_name":"GEOM","properties":{"INSPIRE_ID":"https://databrussels.be/id/streetsurface/17190","TYPE":"I","STREET_ID":"https://databrussels.be/id/streetname/2665","STRNAMEFRE":"Place Ministre Wauters","STRNAMEDUT":"Minister Wautersplein","MUNNISCODE":"21001","HIERARCHY":"DR","LVL":0,"ADMIN":"MUN_RBC","AREA":150},"bbox":[144797.46239316,167601.07621951,144817.7984592,167622.45330266]},{"type":"Feature","id":"StreetSurfaces.fid--1290087_1a02c00fa75_-2ba8","geometry":{"type":"Polygon","coordinates":[[[144931.18617577,167919.88060453],[144933.11,167921.28000035],[144933.46,167921.55000035],[144934.14,167922.11000035],[144934.52,167922.46000035],[144934.89,167922.82000035],[144935.24,167923.20000035],[144935.52,167923.53000035],[144935.79,167923.87000035],[144936.04,167924.22000035],[144936.3,167924.67000035],[144936.52,167925.15000035],[144936.74,167925.62000035],[144937.97,167928.04000035],[144940.45,167932.88000035],[144946.79,167946.00000035],[144945.18,167951.35000035],[144935.04,167956.29000035],[144929.82,167954.79000035],[144924.35,167943.41000035],[144919.63,167933.80000035],[144919.5,167933.43000035],[144919.36,167933.06000035],[144919.25,167932.69000035],[144919.16,167932.17000035],[144919.1,167931.63000035],[144919.04,167931.10000035],[144918.88,167929.38000035],[144918.83,167928.53000035],[144918.78,167927.18000035],[144918.77092303,167925.96368578],[144925.26,167929.33000035],[144924.91,167931.13000035],[144924.96,167931.23000035],[144932.96,167947.95000035],[144934.77,167948.49000035],[144939.22,167946.33000035],[144939.57,167944.45000035],[144931.86,167928.65000035],[144931.38,167928.06000035],[144929.72,167927.27000035],[144931.18617577,167919.88060453]]]},"geometry_name":"GEOM","properties":{"INSPIRE_ID":"https://databrussels.be/id/streetsurface/17231","TYPE":"S","STREET_ID":"https://databrussels.be/id/streetname/4093","STRNAMEFRE":"Place du Confort","STRNAMEDUT":"Komfortplein","MUNNISCODE":"21001","HIERARCHY":"DR","LVL":0,"ADMIN":"MUN_RBC","AREA":416},"bbox":[144918.77092303,167919.88060453,144946.79,167956.29000035]},{"type":"Feature","id":"StreetSurfaces.fid--1290087_1a02c00fa75_-2b7a","geometry":{"type":"Polygon","coordinates":[[[144744.94013649,167900.81668462],[144749.68644215,167898.86014035],[144755.03,167909.73000035],[144757.83,167916.71000035],[144765.24,167934.29000035],[144767.50260874,167939.81223728],[144762.34873082,167941.94075032],[144762.418,167941.78100035],[144762.465,167938.12800035],[144762.081,167937.09300035],[144760.463,167933.20800035],[144747.976,167902.56300035],[144747.338,167901.45000035],[144746.718,167900.99800035],[144745.867,167900.79900035],[144744.94013649,167900.81668462]]]},"geometry_name":"GEOM","properties":{"INSPIRE_ID":"https://databrussels.be/id/streetsurface/17388","TYPE":"S","STREET_ID":"https://databrussels.be/id/streetname/4568","STRNAMEFRE":"Chaussée de Mons","STRNAMEDUT":"Bergense Steenweg","MUNNISCODE":"21001","HIERARCHY":"IDR","LVL":0,"ADMIN":"REGION_RBC","AREA":172},"bbox":[144744.94013649,167898.86014035,144767.50260874,167941.94075032]},{"type":"Feature","id":"StreetSurfaces.fid--1290087_1a02c00fa75_-2b26","geometry":{"type":"Polygon","coordinates":[[[144709.89995418,167798.09770554],[144712.139,167803.95600035],[144714.788,167810.38200035],[144715.23738452,167811.48251041],[144709.092,167814.13200035],[144702.94577084,167816.82510805],[144698.243,167805.23400035],[144697.42874109,167803.17542151],[144698.00479209,167802.94092231],[144702.38277849,167801.15841553],[144702.971,167801.30400035],[144703.787,167801.13400035],[144704.376,167800.78300035],[144704.95504641,167800.11111099],[144708.90280769,167798.50377131],[144709.89995418,167798.09770554]]]},"geometry_name":"GEOM","properties":{"INSPIRE_ID":"https://databrussels.be/id/streetsurface/17391","TYPE":"S","STREET_ID":"https://databrussels.be/id/streetname/4568","STRNAMEFRE":"Chaussée de Mons","STRNAMEDUT":"Bergense Steenweg","MUNNISCODE":"21001","HIERARCHY":"IDR","LVL":0,"ADMIN":"REGION_RBC","AREA":194},"bbox":[144697.42874109,167798.09770554,144715.23738452,167816.82510805]},{"type":"Feature","id":"StreetSurfaces.fid--1290087_1a02c00fa75_-2b81","geometry":{"type":"Polygon","coordinates":[[[144914.20188406,168002.8911422],[144912.63513473,168002.51128594],[144912.205,168002.40700035],[144910.88562917,168002.24907672],[144909.55942955,168002.33198526],[144908.27,168002.65300035],[144907.10724955,168003.11515216],[144906.04104126,168003.76995959],[144905.103,168004.59800035],[144903.722,168006.09000035],[144903.13150795,168006.94823931],[144902.72085498,168007.90564158],[144902.506,168008.92500035],[144902.42572983,168009.69606214],[144902.436833,168010.47121135],[144902.55577639,168011.24429768],[144902.80761529,168012.01909775],[144895.867,168015.49300035],[144889.48,168000.87000035],[144891.081,168000.17000035],[144891.00780061,168000.00400035],[144889.38900891,167996.33293963],[144893.60847534,167992.08958621],[144895.076,167995.47100035],[144895.583,167996.37900035],[144896.244,167997.18200035],[144897.038,167997.85500035],[144897.931,167998.38700035],[144898.901,167998.75800035],[144899.921,167998.95700035],[144901.466,167998.92100035],[144902.951,167998.49300035],[144905.277,167997.48500035],[144906.572,167997.07100035],[144907.909,167996.82700035],[144909.313,167996.70500035],[144910.722,167996.66700035],[144911.89,167996.70600035],[144913.054,167996.81600035],[144915.51130332,167997.40124094],[144914.20188406,168002.8911422]]]},"geometry_name":"GEOM","properties":{"INSPIRE_ID":"https://databrussels.be/id/streetsurface/17498","TYPE":"I","STREET_ID":"https://databrussels.be/id/streetname/3172","STRNAMEFRE":"Avenue de la Persévérance","STRNAMEDUT":"Volhardingslaan","MUNNISCODE":"21001","HIERARCHY":"DR","LVL":0,"ADMIN":"MUN_RBC","AREA":266},"bbox":[144889.38900891,167992.08958621,144915.51130332,168015.49300035]},{"type":"Feature","id":"StreetSurfaces.fid--1290087_1a02c00fa75_-2b94","geometry":{"type":"Polygon","coordinates":[[[145015.52232357,167970.57328593],[145014.802,167969.21100035],[145011.432,167962.96000035],[145006.534,167953.78200035],[145004.878,167950.70300035],[144990.306,167923.39700035],[144990.05626545,167922.92809842],[144993.03277689,167921.35737725],[144993.144,167921.56400035],[144994.704,167920.73600035],[145005.506,167941.04000035],[145003.934,167941.87700035],[145007.69,167948.89100035],[145009.98,167953.20800035],[145011.546,167952.39200035],[145013.934,167956.83100035],[145016.86,167962.37400035],[145019.95519454,167968.19727713],[145019.129,167968.64000035],[145015.52232357,167970.57328593]]]},"geometry_name":"GEOM","properties":{"INSPIRE_ID":"https://databrussels.be/id/streetsurface/17640","TYPE":"S","STREET_ID":"https://databrussels.be/id/streetname/1499","STRNAMEFRE":"Rue du Beffroi","STRNAMEDUT":"Belfortstraat","MUNNISCODE":"21004","HIERARCHY":"DR","LVL":0,"ADMIN":"MUN_RBC","AREA":252},"bbox":[144990.05626545,167920.73600035,145019.95519454,167970.57328593]},{"type":"Feature","id":"StreetSurfaces.fid--1290087_1a02c00fa75_-2aca","geometry":{"type":"Polygon","coordinates":[[[144613.83613683,167614.1062625],[144613.326,167609.71800035],[144612.85337138,167605.65670912],[144615.675,167603.44400035],[144616.323,167602.27900035],[144616.627,167601.12300035],[144616.744,167599.44400035],[144616.436,167598.41000035],[144614.212,167592.77500035],[144613.812,167592.94400035],[144611.988,167593.67100035],[144611.63302285,167592.80316598],[144617.729,167590.23000035],[144623.85380797,167587.7937019],[144624.135,167588.47100035],[144622.077,167589.30400035],[144624.778,167595.95500035],[144628.333,167604.71900035],[144628.511,167605.10500035],[144629.216,167606.05000035],[144630.159,167606.72900035],[144631.29,167607.12600035],[144632.361,167607.18100035],[144633.583,167606.99400035],[144634.462,167606.71300035],[144636.407,167605.90200035],[144640.691,167604.08200035],[144641.42803056,167603.77011246],[144643.42137061,167608.76802769],[144642.838,167609.01500035],[144637.571,167611.25300035],[144636.784,167609.53200035],[144636.322,167609.74000035],[144635.11,167610.53200035],[144633.917,167611.74900035],[144633.148,167613.24800035],[144632.832,167614.45400035],[144632.816,167615.18700035],[144632.926,167615.91100035],[144636.103,167623.65700035],[144636.3187659,167624.19120226],[144632.128,167625.98800035],[144628.16303486,167627.60231729],[144625.452,167620.94200035],[144624.406,167618.59000035],[144623.478,167617.13000035],[144622.104,167615.72900035],[144620.357,167614.66900035],[144618.925,167614.00600035],[144617.566,167613.67400035],[144616.408,167613.62500035],[144615.288,167613.66500035],[144613.96,167614.06000035],[144613.83613683,167614.1062625]]]},"geometry_name":"GEOM","properties":{"INSPIRE_ID":"https://databrussels.be/id/streetsurface/17643","TYPE":"I","STREET_ID":"https://databrussels.be/id/streetname/4568","STRNAMEFRE":"Chaussée de Mons","STRNAMEDUT":"Bergense Steenweg","MUNNISCODE":"21001","HIERARCHY":"IDR","LVL":0,"ADMIN":"REGION_RBC","AREA":490},"bbox":[144611.63302285,167587.7937019,144643.42137061,167627.60231729]},{"type":"Feature","id":"StreetSurfaces.fid--1290087_1a02c00fa75_-2b50","geometry":{"type":"Polygon","coordinates":[[[144790.37971526,167754.97564281],[144791.719,167758.09200035],[144792.108,167758.62300035],[144792.581,167759.08000035],[144793.25,167759.51700035],[144793.994,167759.80700035],[144794.781,167759.91900035],[144795.573,167759.85400035],[144796.38,167759.62700035],[144797.062,167759.31300035],[144798.728,167758.42200035],[144800.76723426,167762.03699189],[144799.866,167762.52000035],[144798.984,167763.01700035],[144798.209,167763.57300035],[144797.593,167764.17600035],[144797.279,167764.58500035],[144796.791,167765.39700035],[144796.453,167766.28100035],[144796.27,167767.33500035],[144796.282,167768.40500035],[144796.662,167769.95500035],[144797.32397497,167771.47359448],[144792.82218866,167773.73986609],[144792.479,167772.94900035],[144790.786,167769.04400035],[144789.666,167766.44400035],[144786.948,167760.19200035],[144788,167759.72900035],[144787.239,167757.97400035],[144785.517,167758.71400035],[144784.90856656,167757.31862407],[144790.37971526,167754.97564281]]]},"geometry_name":"GEOM","properties":{"INSPIRE_ID":"https://databrussels.be/id/streetsurface/1766","TYPE":"I","STREET_ID":"https://databrussels.be/id/streetname/3172","STRNAMEFRE":"Avenue de la Persévérance","STRNAMEDUT":"Volhardingslaan","MUNNISCODE":"21001","HIERARCHY":"DR","LVL":0,"ADMIN":"MUN_RBC","AREA":128},"bbox":[144784.90856656,167754.97564281,144800.76723426,167773.73986609]},{"type":"Feature","id":"StreetSurfaces.fid--1290087_1a02c00fa75_-2a8d","geometry":{"type":"Polygon","coordinates":[[[144817.7984592,167611.20228876],[144816.33360453,167605.0247001],[144818.898,167604.77300035],[144821.204,167604.11100035],[144822.837,167603.33400035],[144824.62,167602.15700035],[144826.501,167600.46200035],[144828.07677205,167598.42543807],[144831.83042261,167603.98013229],[144829.673,167608.84700035],[144829.27190719,167609.93192354],[144825.01980314,167614.06924528],[144824.486,167613.47200035],[144823.087,167612.37300035],[144822.057,167611.80800035],[144821.137,167611.45500035],[144820.363,167611.38400035],[144817.7984592,167611.20228876]]]},"geometry_name":"GEOM","properties":{"INSPIRE_ID":"https://databrussels.be/id/streetsurface/19290","TYPE":"I","STREET_ID":"https://databrussels.be/id/streetname/2665","STRNAMEFRE":"Place Ministre Wauters","STRNAMEDUT":"Minister Wautersplein","MUNNISCODE":"21001","HIERARCHY":"DR","LVL":0,"ADMIN":"MUN_RBC","AREA":127},"bbox":[144816.33360453,167598.42543807,144831.83042261,167614.06924528]},{"type":"Feature","id":"StreetSurfaces.fid--1290087_1a02c00fa75_-2af0","geometry":{"type":"Polygon","coordinates":[[[144729.21945087,167631.47090825],[144728.91,167631.37000035],[144727.4,167631.36000035],[144726.23,167631.58000035],[144725.25630246,167631.95644953],[144721.56103343,167627.40842612],[144721.66,167627.31000035],[144722.03,167626.89000035],[144722.7,167625.47000035],[144723.4,167623.94000035],[144723.71,167622.64000035],[144723.81,167621.35000035],[144723.61908115,167619.79436532],[144725.974,167618.85900035],[144728.11526566,167618.00921235],[144728.56,167618.93000035],[144729.25,167620.12000035],[144730.39,167621.53000035],[144733.56,167624.86000035],[144734.62878787,167626.05284395],[144729.21945087,167631.47090825]]]},"geometry_name":"GEOM","properties":{"INSPIRE_ID":"https://databrussels.be/id/streetsurface/19293","TYPE":"I","STREET_ID":"https://databrussels.be/id/streetname/2247","STRNAMEFRE":"Place Ernest S'Jonghers","STRNAMEDUT":"Ernest S'Jonghersplein","MUNNISCODE":"21001","HIERARCHY":"DR","LVL":0,"ADMIN":"MUN_RBC","AREA":106},"bbox":[144721.56103343,167618.00921235,144734.62878787,167631.95644953]},{"type":"Feature","id":"StreetSurfaces.fid--1290087_1a02c00fa75_-2b2a","geometry":{"type":"Polygon","coordinates":[[[144697.42874109,167803.17542151],[144690.662,167786.06800035],[144689.18765377,167781.04272478],[144693.82550833,167779.15471227],[144693.154,167781.18500035],[144693.134,167781.93600035],[144693.581,167783.11100035],[144695.352,167787.36900035],[144700.781,167800.02300035],[144701.373,167800.70400035],[144702.171,167801.10600035],[144702.38277849,167801.15841553],[144698.00479209,167802.94092231],[144697.42874109,167803.17542151]]]},"geometry_name":"GEOM","properties":{"INSPIRE_ID":"https://databrussels.be/id/streetsurface/19297","TYPE":"S","STREET_ID":"https://databrussels.be/id/streetname/4568","STRNAMEFRE":"Chaussée de Mons","STRNAMEDUT":"Bergense Steenweg","MUNNISCODE":"21001","HIERARCHY":"IDR","LVL":0,"ADMIN":"REGION_RBC","AREA":96},"bbox":[144689.18765377,167779.15471227,144702.38277849,167803.17542151]},{"type":"Feature","id":"StreetSurfaces.fid--1290087_1a02c00fa75_-2abf","geometry":{"type":"Polygon","coordinates":[[[144788.26277008,167559.64817154],[144784.14723323,167552.04571695],[144784.472,167551.86800035],[144785.557,167550.77000035],[144786.111,167550.08800035],[144786.374,167549.63900035],[144786.609,167549.17600035],[144786.814,167548.69900035],[144786.991,167548.20500035],[144787.136,167547.70100035],[144787.25,167547.18900035],[144787.335,167546.67100035],[144787.382,167546.14900035],[144787.389,167545.62400035],[144787.357,167545.09500035],[144787.30705882,167544.73153956],[144792.26170511,167541.90352866],[144792.784,167542.47600035],[144793.425,167543.11500035],[144794.17,167543.79300035],[144794.382,167543.94800035],[144794.608,167544.08300035],[144794.845,167544.19600035],[144795.09,167544.28500035],[144795.342,167544.35200035],[144795.6,167544.39400035],[144796.344,167544.46400035],[144797.438,167544.33300035],[144798.049,167544.25800035],[144798.23261179,167544.18373782],[144801.95443328,167550.05293618],[144800.727,167549.98100035],[144798.179,167550.32300035],[144796.206,167551.03300035],[144793.816,167552.26800035],[144791.561,167553.98900035],[144790.133,167555.75000035],[144788.764,167558.13800035],[144788.26277008,167559.64817154]]]},"geometry_name":"GEOM","properties":{"INSPIRE_ID":"https://databrussels.be/id/streetsurface/19298","TYPE":"I","STREET_ID":"https://databrussels.be/id/streetname/2665","STRNAMEFRE":"Place Ministre Wauters","STRNAMEDUT":"Minister Wautersplein","MUNNISCODE":"21001","HIERARCHY":"DR","LVL":0,"ADMIN":"MUN_RBC","AREA":137},"bbox":[144784.14723323,167541.90352866,144801.95443328,167559.64817154]},{"type":"Feature","id":"StreetSurfaces.fid--1290087_1a02c00fa75_-2ae6","geometry":{"type":"Polygon","coordinates":[[[144725.25630246,167631.95644953],[144724.39,167632.62000035],[144716.63,167639.68000035],[144709.22,167646.42000035],[144708.19,167647.58000035],[144707.44,167648.65000035],[144707.08,167649.64000035],[144706.87,167650.74000035],[144706.86,167651.80000035],[144707.04,167652.98000035],[144707.61,167654.30000035],[144708.33,167655.13000035],[144709.49,167655.98000035],[144710.57,167656.42000035],[144711.84,167656.67000035],[144713.52,167656.60000035],[144714.6,167656.37000035],[144715.61932857,167655.75840321],[144715.86675519,167662.76906999],[144714.42,167662.85000035],[144713.15,167662.97000035],[144711.62,167663.03000035],[144710.19,167662.94000035],[144708.86,167662.64000035],[144706.99,167661.94000035],[144705.42,167661.08000035],[144704.04,167660.09000035],[144703.16,167659.11000035],[144701.99,167657.54000035],[144701.32,167656.27000035],[144700.61,167653.97000035],[144700.44,167652.43000035],[144700.48,167651.08000035],[144700.66,167649.69000035],[144700.88,167648.75000035],[144701.49,167647.40000035],[144702.36,167645.73000035],[144703.43,167644.41000035],[144707.41,167640.70000035],[144715.8,167632.89000035],[144719.83,167629.13000035],[144721.56103343,167627.40842612],[144725.25630246,167631.95644953]]]},"geometry_name":"GEOM","properties":{"INSPIRE_ID":"https://databrussels.be/id/streetsurface/19300","TYPE":"S","STREET_ID":"https://databrussels.be/id/streetname/2247","STRNAMEFRE":"Place Ernest S'Jonghers","STRNAMEDUT":"Ernest S'Jonghersplein","MUNNISCODE":"21001","HIERARCHY":"DR","LVL":0,"ADMIN":"MUN_RBC","AREA":279},"bbox":[144700.44,167627.40842612,144725.25630246,167663.03000035]},{"type":"Feature","id":"StreetSurfaces.fid--1290087_1a02c00fa75_-2bb7","geometry":{"type":"Polygon","coordinates":[[[145022.18125006,167994.78243341],[145024.66901741,167999.45742321],[145023.60611867,168000.00400035],[145020.308,168001.70000035],[145008.691,168007.71600035],[145006.31547853,168008.94573935],[145000,168012.21508055],[144996.496,168014.02900035],[144988.058,168018.39800035],[144986.63879216,168018.96473565],[144985.14,168019.26300035],[144983.60569546,168019.29267999],[144982.089,168019.05900035],[144975.689,168017.53500035],[144969.79865495,168016.11141956],[144967.786,168015.62500035],[144967.318,168017.57400035],[144955.629423,168014.78386435],[144956.111,168012.83400035],[144953.972,168012.33100035],[144953.495,168014.27200035],[144941.832,168011.49800035],[144942.287755,168009.54883535],[144940.135,168009.05400035],[144939.687,168010.98400035],[144928.018,168008.20000035],[144928.494,168006.27800035],[144926.325,168005.76300035],[144925.879,168007.70600035],[144914.228,168004.93200035],[144914.688,168003.00900035],[144914.20188406,168002.8911422],[144915.51130332,167997.40124094],[144927.649,168000.29200035],[144941.466,168003.58500035],[144955.285,168006.87700035],[144969.049,168010.16600035],[144983.295,168013.57300035],[144983.541,168013.63000035],[144983.854,168013.70300035],[144984.373,168013.80600035],[144984.902,168013.83300035],[144985.431,168013.76000035],[144985.934,168013.57800035],[144998.139,168007.24400035],[145009.713,168001.24300035],[145019.314,167996.27500035],[145020.627,167995.58700035],[145021.917,167994.92100035],[145022.18125006,167994.78243341]]]},"geometry_name":"GEOM","properties":{"INSPIRE_ID":"https://databrussels.be/id/streetsurface/19302","TYPE":"S","STREET_ID":"https://databrussels.be/id/streetname/4385","STRNAMEFRE":"Avenue Waxweiler","STRNAMEDUT":"Waxweilerlaan","MUNNISCODE":"21001","HIERARCHY":"DR","LVL":0,"ADMIN":"MUN_RBC","AREA":728},"bbox":[144914.20188406,167994.78243341,145024.66901741,168019.29267999]},{"type":"Feature","id":"StreetSurfaces.fid--1290087_1a02c00fa75_-2aea","geometry":{"type":"Polygon","coordinates":[[[144695.66387301,167778.40591788],[144695.206,167778.23900035],[144694.774,167778.20900035],[144694.288,167778.38300035],[144694.006,167778.60900035],[144693.82550833,167779.15471227],[144689.18765377,167781.04272478],[144687.9979422,167776.98762],[144686.95598002,167772.8991214],[144685.203,167767.18900035],[144684.81,167765.73400035],[144682.446,167766.64000035],[144670.543,167737.49100035],[144661.267,167714.54000035],[144654.593,167697.63500035],[144643.981,167671.96000035],[144633.769,167647.10400035],[144635.506,167646.45900035],[144634.723,167644.42700035],[144632.795,167645.08400035],[144626.903,167630.28700035],[144628.885,167629.37600035],[144628.16303486,167627.60231729],[144632.128,167625.98800035],[144636.3187659,167624.19120226],[144637.055,167626.01400035],[144639.125,167625.20600035],[144639.599,167626.35400035],[144645.51,167639.80000035],[144646.387,167641.88200035],[144648.42,167646.71000035],[144657.52,167669.04000035],[144676.19,167714.63000035],[144695.163,167761.71100035],[144693.135,167762.64100035],[144695.77,167767.31200035],[144697.644,167770.49600035],[144700.209,167775.11300035],[144700.85666243,167776.29166226],[144695.66387301,167778.40591788]]]},"geometry_name":"GEOM","properties":{"INSPIRE_ID":"https://databrussels.be/id/streetsurface/19303","TYPE":"S","STREET_ID":"https://databrussels.be/id/streetname/4568","STRNAMEFRE":"Chaussée de Mons","STRNAMEDUT":"Bergense Steenweg","MUNNISCODE":"21001","HIERARCHY":"IDR","LVL":0,"ADMIN":"REGION_RBC","AREA":2196},"bbox":[144626.903,167624.19120226,144700.85666243,167781.04272478]},{"type":"Feature","id":"StreetSurfaces.fid--1290087_1a02c00fa75_-2a8e","geometry":{"type":"Polygon","coordinates":[[[144831.83042261,167603.98013229],[144828.07677205,167598.42543807],[144829.264,167596.15000035],[144830.158,167592.82000035],[144830.26,167590.19000035],[144829.901,167588.00500035],[144829.419,167586.65400035],[144828.88800146,167585.6756115],[144833.07167127,167583.90370429],[144833.244,167584.26800035],[144837.015,167591.41200035],[144838.346,167593.96700035],[144834.781,167602.05600035],[144832.1,167603.37200035],[144831.83042261,167603.98013229]]]},"geometry_name":"GEOM","properties":{"INSPIRE_ID":"https://databrussels.be/id/streetsurface/19387","TYPE":"S","STREET_ID":"https://databrussels.be/id/streetname/2665","STRNAMEFRE":"Place Ministre Wauters","STRNAMEDUT":"Minister Wautersplein","MUNNISCODE":"21001","HIERARCHY":"DR","LVL":0,"ADMIN":"MUN_RBC","AREA":119},"bbox":[144828.07677205,167583.90370429,144838.346,167603.98013229]},{"type":"Feature","id":"StreetSurfaces.fid--1290087_1a02c00fa75_-2b7c","geometry":{"type":"Polygon","coordinates":[[[144931.18617577,167919.88060453],[144929.72,167927.27000035],[144925.26,167929.33000035],[144918.77092303,167925.96368578],[144918.77,167925.84000035],[144918.78,167924.49000035],[144918.82,167922.45000035],[144918.85,167921.43000035],[144918.88,167920.81000035],[144918.92,167920.18000035],[144918.93,167919.56000035],[144918.91,167919.10000035],[144918.88,167918.63000035],[144918.82,167918.17000035],[144918.75,167917.71000035],[144918.66,167917.25000035],[144918.54,167916.80000035],[144918.44,167916.53000035],[144918.33,167916.26000035],[144918.23,167915.99000035],[144910.95,167900.90000035],[144907.81691734,167894.4888448],[144913.198,167891.74700035],[144915.7,167897.04000035],[144919.09,167904.69000035],[144922.27,167911.29000035],[144922.81,167912.33000035],[144923.09,167912.84000035],[144923.28,167913.18000035],[144923.48,167913.53000035],[144923.71,167913.86000035],[144924.01,167914.20000035],[144924.67,167914.84000035],[144925.15,167915.30000035],[144925.64,167915.76000035],[144926.14,167916.21000035],[144931.18617577,167919.88060453]]]},"geometry_name":"GEOM","properties":{"INSPIRE_ID":"https://databrussels.be/id/streetsurface/19420","TYPE":"S","STREET_ID":"https://databrussels.be/id/streetname/4093","STRNAMEFRE":"Place du Confort","STRNAMEDUT":"Komfortplein","MUNNISCODE":"21001","HIERARCHY":"DR","LVL":0,"ADMIN":"MUN_RBC","AREA":280},"bbox":[144907.81691734,167891.74700035,144931.18617577,167929.33000035]},{"type":"Feature","id":"StreetSurfaces.fid--1290087_1a02c00fa75_-2b22","geometry":{"type":"Polygon","coordinates":[[[144702.94577084,167816.82510805],[144709.092,167814.13200035],[144715.23738452,167811.48251041],[144721.827,167827.62000035],[144722.301,167827.42700035],[144724.14,167821.58900035],[144727.42506407,167812.35580485],[144728.86,167812.84600035],[144730.98832654,167813.58885302],[144729.12,167818.83100035],[144724.215,167832.05800035],[144723.462,167834.21300035],[144723.377,167834.46200035],[144723.223,167835.70200035],[144723.314,167836.62100035],[144723.517,167837.34500035],[144723.90433647,167838.28612386],[144714.31128813,167844.16058034],[144709.97,167834.10200035],[144704.61,167820.92700035],[144702.94577084,167816.82510805]]]},"geometry_name":"GEOM","properties":{"INSPIRE_ID":"https://databrussels.be/id/streetsurface/19424","TYPE":"I","STREET_ID":"https://databrussels.be/id/streetname/4568","STRNAMEFRE":"Chaussée de Mons","STRNAMEDUT":"Bergense Steenweg","MUNNISCODE":"21001","HIERARCHY":"IDR","LVL":0,"ADMIN":"REGION_RBC","AREA":444},"bbox":[144702.94577084,167811.48251041,144730.98832654,167844.16058034]},{"type":"Feature","id":"StreetSurfaces.fid--1290087_1a02c00fa75_-2a9a","geometry":{"type":"Polygon","coordinates":[[[144810.77407493,167547.1830791],[144805.32748204,167550.57390063],[144805.094,167550.50000035],[144803.44,167550.14000035],[144801.95443328,167550.05293618],[144798.23261179,167544.18373782],[144799.441,167543.69500035],[144809.443,167538.12200035],[144812.338,167536.49800035],[144814.78752855,167535.12150415],[144816.39497624,167538.24813183],[144814.008,167539.55800035],[144811.334,167541.03900035],[144806.423,167543.77400035],[144805.797,167544.24400035],[144805.708,167544.40400035],[144805.648,167544.57600035],[144805.614,167544.79200035],[144805.624,167545.01000035],[144805.686,167545.21700035],[144805.793,167545.40500035],[144805.893,167545.51600035],[144806.009,167545.60800035],[144806.14,167545.68000035],[144806.463,167545.85300035],[144806.869,167546.00500035],[144810.77407493,167547.1830791]]]},"geometry_name":"GEOM","properties":{"INSPIRE_ID":"https://databrussels.be/id/streetsurface/19426","TYPE":"I","STREET_ID":"https://databrussels.be/id/streetname/2665","STRNAMEFRE":"Place Ministre Wauters","STRNAMEDUT":"Minister Wautersplein","MUNNISCODE":"21001","HIERARCHY":"DR","LVL":0,"ADMIN":"MUN_RBC","AREA":99},"bbox":[144798.23261179,167535.12150415,144816.39497624,167550.57390063]},{"type":"Feature","id":"StreetSurfaces.fid--1290087_1a02c00fa75_-2ae8","geometry":{"type":"Polygon","coordinates":[[[144725.47482637,167654.98385505],[144721.41899814,167650.5687368],[144723.44,167648.73000035],[144731.01,167641.71000035],[144732.27,167640.33000035],[144733.23,167638.63000035],[144733.57,167637.02000035],[144733.43,167635.35000035],[144732.75,167633.85000035],[144731.55,167632.60000035],[144729.83,167631.67000035],[144729.21945087,167631.47090825],[144734.62878787,167626.05284395],[144736.92,167628.61000035],[144738.87,167631.07000035],[144739.49,167632.27000035],[144739.81,167633.51000035],[144740.01,167635.01000035],[144740,167636.88000035],[144739.89,167638.16000035],[144739.58,167639.44000035],[144739.16,167640.63000035],[144738.53,167641.80000035],[144737.51,167643.13000035],[144732.29,167648.06000035],[144727.58,167652.17000035],[144726.53,167653.26000035],[144725.79,167654.34000035],[144725.47482637,167654.98385505]]]},"geometry_name":"GEOM","properties":{"INSPIRE_ID":"https://databrussels.be/id/streetsurface/19430","TYPE":"S","STREET_ID":"https://databrussels.be/id/streetname/2247","STRNAMEFRE":"Place Ernest S'Jonghers","STRNAMEDUT":"Ernest S'Jonghersplein","MUNNISCODE":"21001","HIERARCHY":"DR","LVL":0,"ADMIN":"MUN_RBC","AREA":188},"bbox":[144721.41899814,167626.05284395,144740.01,167654.98385505]},{"type":"Feature","id":"StreetSurfaces.fid--1290087_1a02c00fa75_-2abb","geometry":{"type":"Polygon","coordinates":[[[144788.26277008,167559.64817154],[144787.84027557,167560.92111834],[144781.63708752,167564.29544968],[144782.64,167559.15100035],[144782.737,167558.80200035],[144782.768,167558.61100035],[144782.762,167558.41800035],[144782.726,167558.25000035],[144782.665,167558.09000035],[144782.561,167557.91500035],[144782.422,167557.76500035],[144782.232,167557.63800035],[144782.019,167557.55300035],[144781.864,167557.51600035],[144781.706,167557.50600035],[144781.548,167557.52300035],[144781.38,167557.57200035],[144781.224,167557.65200035],[144776.907,167560.02200035],[144773.32309759,167561.98660856],[144771.85108613,167558.78439193],[144775.735,167556.64900035],[144784.14723323,167552.04571695],[144788.26277008,167559.64817154]]]},"geometry_name":"GEOM","properties":{"INSPIRE_ID":"https://databrussels.be/id/streetsurface/19592","TYPE":"I","STREET_ID":"https://databrussels.be/id/streetname/2665","STRNAMEFRE":"Place Ministre Wauters","STRNAMEDUT":"Minister Wautersplein","MUNNISCODE":"21001","HIERARCHY":"DR","LVL":0,"ADMIN":"MUN_RBC","AREA":84},"bbox":[144771.85108613,167552.04571695,144788.26277008,167564.29544968]},{"type":"Feature","id":"StreetSurfaces.fid--1290087_1a02c00fa75_-2b14","geometry":{"type":"Polygon","coordinates":[[[144760.78138918,167942.5880507],[144755.3625464,167944.82599224],[144754.769,167943.20200035],[144752.146,167936.60900035],[144746.909,167924.14200035],[144743.2,167913.52100035],[144739.982,167904.17900035],[144739.6324964,167903.00462478],[144744.248,167901.10200035],[144743.644,167901.66900035],[144743.281,167902.37800035],[144743.133,167903.17900035],[144743.353,167904.14900035],[144755.925,167935.16300035],[144757.468,167938.89500035],[144758.068,167940.02100035],[144759.984,167941.99900035],[144760.464,167942.43700035],[144760.78138918,167942.5880507]]]},"geometry_name":"GEOM","properties":{"INSPIRE_ID":"https://databrussels.be/id/streetsurface/19635","TYPE":"S","STREET_ID":"https://databrussels.be/id/streetname/4568","STRNAMEFRE":"Chaussée de Mons","STRNAMEDUT":"Bergense Steenweg","MUNNISCODE":"21001","HIERARCHY":"IDR","LVL":0,"ADMIN":"REGION_RBC","AREA":178},"bbox":[144739.6324964,167901.10200035,144760.78138918,167944.82599224]},{"type":"Feature","id":"StreetSurfaces.fid--1290087_1a02c00fa75_-2ab6","geometry":{"type":"Polygon","coordinates":[[[144805.84598318,167601.07621951],[144800.43093085,167603.92341965],[144791.036,167586.33500035],[144792.582,167585.46900035],[144787.974,167576.77400035],[144781.559,167564.69600035],[144781.63708752,167564.29544968],[144787.84027557,167560.92111834],[144787.413,167563.22700035],[144787.584,167566.29700035],[144788.3,167568.79300035],[144789.021,167570.59700035],[144789.28,167571.10600035],[144793.435,167578.90900035],[144796.598,167584.85800035],[144797.628,167586.80000035],[144803.846,167598.50700035],[144805.069,167600.33500035],[144805.84598318,167601.07621951]]]},"geometry_name":"GEOM","properties":{"INSPIRE_ID":"https://databrussels.be/id/streetsurface/19637","TYPE":"S","STREET_ID":"https://databrussels.be/id/streetname/2665","STRNAMEFRE":"Place Ministre Wauters","STRNAMEDUT":"Minister Wautersplein","MUNNISCODE":"21001","HIERARCHY":"DR","LVL":0,"ADMIN":"MUN_RBC","AREA":214},"bbox":[144781.559,167560.92111834,144805.84598318,167603.92341965]},{"type":"Feature","id":"StreetSurfaces.fid--1290087_1a02c00fa75_-2b18","geometry":{"type":"Polygon","coordinates":[[[144737.37363779,167871.33236785],[144737.797,167872.34000035],[144739.888,167871.47500035],[144747.25,167889.94700035],[144745.673,167890.69600035],[144749.68644215,167898.86014035],[144744.94013649,167900.81668462],[144744.248,167901.10200035],[144739.6324964,167903.00462478],[144737.73,167896.61200035],[144735.889,167897.40900035],[144727.514,167876.57800035],[144729.479,167875.92300035],[144728.99024371,167874.79511488],[144733.007,167873.13600035],[144737.37363779,167871.33236785]]]},"geometry_name":"GEOM","properties":{"INSPIRE_ID":"https://databrussels.be/id/streetsurface/19820","TYPE":"S","STREET_ID":"https://databrussels.be/id/streetname/4568","STRNAMEFRE":"Chaussée de Mons","STRNAMEDUT":"Bergense Steenweg","MUNNISCODE":"21001","HIERARCHY":"IDR","LVL":0,"ADMIN":"REGION_RBC","AREA":373},"bbox":[144727.514,167871.33236785,144749.68644215,167903.00462478]},{"type":"Feature","id":"StreetSurfaces.fid--1290087_1a02c00fa75_-2ab8","geometry":{"type":"Polygon","coordinates":[[[144771.85108613,167558.78439193],[144773.32309759,167561.98660856],[144771.261,167563.11700035],[144770.903,167563.30800035],[144771.475,167565.37200035],[144765.231,167567.19300035],[144761.077,167568.47100035],[144758.165,167569.31900035],[144754.62,167570.33800035],[144753.31874611,167570.72557414],[144752.519,167567.95800035],[144751.7505523,167565.40844508],[144759.411,167563.02500035],[144761.268,167562.53400035],[144762.26,167562.23300035],[144762.656,167562.10900035],[144763.65,167561.82500035],[144769.611,167560.01600035],[144771.85108613,167558.78439193]]]},"geometry_name":"GEOM","properties":{"INSPIRE_ID":"https://databrussels.be/id/streetsurface/2253","TYPE":"S","STREET_ID":"https://databrussels.be/id/streetname/5666","STRNAMEFRE":"Rue de la Solidarité","STRNAMEDUT":"Solidariteitsstraat","MUNNISCODE":"21001","HIERARCHY":"DR","LVL":0,"ADMIN":"MUN_RBC","AREA":115},"bbox":[144751.7505523,167558.78439193,144773.32309759,167570.72557414]},{"type":"Feature","id":"StreetSurfaces.fid--1290087_1a02c00fa75_-2b83","geometry":{"type":"Polygon","coordinates":[[[144781.73307589,167978.84223896],[144781.99,167979.66000035],[144783.02,167982.01000035],[144785.72,167983.07000035],[144792.74,168000.00000035],[144796.21,168008.34000035],[144807.81,168036.60000035],[144820.43,168067.46000035],[144830.44,168091.51000035],[144830.85,168092.63000035],[144829.81,168095.53000035],[144830.82,168097.87000035],[144832.02,168100.72000035],[144832.61,168102.14000035],[144827.874,168103.18900035],[144823.15041319,168104.26414136],[144823.113,168103.70700035],[144822.811,168102.50500035],[144822.629,168101.98500035],[144822.4,168101.33000035],[144821.79,168099.58000035],[144819.134,168098.21000035],[144778.665,168000.00000035],[144771.70575185,167983.11122058],[144777.264,167980.74500035],[144781.73307589,167978.84223896]]]},"geometry_name":"GEOM","properties":{"INSPIRE_ID":"https://databrussels.be/id/streetsurface/232","TYPE":"S","STREET_ID":"https://databrussels.be/id/streetname/4568","STRNAMEFRE":"Chaussée de Mons","STRNAMEDUT":"Bergense Steenweg","MUNNISCODE":"21001","HIERARCHY":"IDR","LVL":0,"ADMIN":"REGION_RBC","AREA":1684},"bbox":[144771.70575185,167978.84223896,144832.61,168104.26414136]},{"type":"Feature","id":"StreetSurfaces.fid--1290087_1a02c00fa75_-2b4d","geometry":{"type":"Polygon","coordinates":[[[144904.730716,167777.06181189],[144903.671,167774.18100035],[144902.93584387,167771.72618077],[144903.986,167770.68000035],[144904.627,167769.95600035],[144905.14,167769.13600035],[144905.516,167768.23100035],[144905.737,167767.27600035],[144905.795,167766.29700035],[144905.654,167765.29000035],[144905.328,167764.32800035],[144904.06978612,167761.9622325],[144906.88073382,167760.06881322],[144907.359,167760.69000035],[144907.904,167761.17100035],[144908.527,167761.54400035],[144909.204,167761.79700035],[144909.917,167761.91000035],[144910.962,167761.88000035],[144911.987,167761.67700035],[144913.011,167761.28400035],[144913.75,167760.81600035],[144913.89486941,167760.68303494],[144915.06,167762.83500035],[144916.47612192,167765.39385917],[144915.688,167766.16400035],[144915.227,167766.72700035],[144914.838,167767.42500035],[144914.59,167768.19300035],[144914.499,167768.99500035],[144914.483,167769.47300035],[144914.518,167770.03000035],[144914.857,167771.28500035],[144915.59662371,167772.67695458],[144913.34927496,167776.25370535],[144912.558,167775.60400035],[144911.484,167775.03400035],[144910.341,167774.70500035],[144908.756,167774.67600035],[144907.409,167774.98200035],[144906.407,167775.45000035],[144904.730716,167777.06181189]]]},"geometry_name":"GEOM","properties":{"INSPIRE_ID":"https://databrussels.be/id/streetsurface/2419","TYPE":"I","STREET_ID":"https://databrussels.be/id/streetname/4202","STRNAMEFRE":"Avenue Guillaume Melckmans","STRNAMEDUT":"Guillaume Melckmanslaan","MUNNISCODE":"21001","HIERARCHY":"DR","LVL":0,"ADMIN":"MUN_RBC","AREA":147},"bbox":[144902.93584387,167760.06881322,144916.47612192,167777.06181189]},{"type":"Feature","id":"StreetSurfaces.fid--1290087_1a02c00fa75_-2aed","geometry":{"type":"Polygon","coordinates":[[[144770.73238368,167707.66949484],[144765.54568245,167705.65749646],[144769.408,167694.80200035],[144769.308,167694.76700035],[144769.964,167692.89800036],[144770.068,167692.91900035],[144770.43,167691.91400035],[144771.363,167688.42300035],[144771.929,167686.90700035],[144773.41,167682.64300035],[144776.1,167675.06000035],[144781.459,167659.96100035],[144782.886,167656.14800035],[144783.806,167653.29700035],[144785.076,167649.72000035],[144787.098,167644.93500035],[144787.473,167643.90300035],[144787.369,167643.85200035],[144788.026,167642.01200035],[144788.147,167642.05200035],[144795.455,167621.48900035],[144797.134,167622.05500035],[144797.46239316,167621.18078624],[144800.82401981,167622.45330266],[144800.98634934,167622.51475118],[144799.887,167625.72400035],[144799.303,167627.33000035],[144796.504,167635.17600035],[144792.466,167646.44900035],[144792.131,167647.43300035],[144790.841,167651.01900035],[144788.45,167656.91400035],[144788.17,167657.95400035],[144787.432,167659.79100035],[144780.138,167680.59600035],[144779.49,167682.44100035],[144779.689,167682.51300035],[144776.975,167690.06900035],[144775.76,167693.54400035],[144770.73238368,167707.66949484]]]},"geometry_name":"GEOM","properties":{"INSPIRE_ID":"https://databrussels.be/id/streetsurface/2480","TYPE":"S","STREET_ID":"https://databrussels.be/id/streetname/267","STRNAMEFRE":"Avenue des Droits de l'Homme","STRNAMEDUT":"Mensenrechtenlaan","MUNNISCODE":"21001","HIERARCHY":"DR","LVL":0,"ADMIN":"MUN_RBC","AREA":507},"bbox":[144765.54568245,167621.18078624,144800.98634934,167707.66949484]},{"type":"Feature","id":"StreetSurfaces.fid--1290087_1a02c00fa75_-2b30","geometry":{"type":"Polygon","coordinates":[[[144623.45245946,167946.15697537],[144625.13,167941.53400035],[144626.91441724,167936.61716229],[144628.009,167937.04200035],[144641.089,167941.41200035],[144654.119,167945.26200035],[144668.019,167948.57200035],[144686.919,167952.69200035],[144692.419,167953.61200035],[144699.259,167954.66200035],[144710.479,167955.96200035],[144712.449,167956.05200035],[144723.599,167956.21200035],[144740.709,167956.67200035],[144745.142,167956.72800035],[144747.409,167959.12400035],[144749.38,167959.01500035],[144750.15359104,167958.73783736],[144756.08630219,167965.02362098],[144747.283,167965.21600035],[144745.589,167967.59800035],[144738.2,167967.90000035],[144730.96,167968.16000035],[144728.71,167968.02000035],[144714.77,167967.12000035],[144702.61,167966.31000035],[144699.35,167966.01000035],[144692.69,167964.49000035],[144682.62,167962.19000035],[144668.3,167958.90000035],[144658.15,167956.57000035],[144649.78,167954.50000035],[144640.55,167951.56000035],[144630.5,167948.55000035],[144625.01,167946.69000035],[144623.45245946,167946.15697537]]]},"geometry_name":"GEOM","properties":{"INSPIRE_ID":"https://databrussels.be/id/streetsurface/24852","TYPE":"S","STREET_ID":"https://databrussels.be/id/streetname/2952","STRNAMEFRE":"Route de Lennik","STRNAMEDUT":"Lennikse Baan","MUNNISCODE":"21001","HIERARCHY":"DR","LVL":0,"ADMIN":"MUN_RBC","AREA":1350},"bbox":[144623.45245946,167936.61716229,144756.08630219,167968.16000035]},{"type":"Feature","id":"StreetSurfaces.fid--1290087_1a02c00fa75_-2b6c","geometry":{"type":"Polygon","coordinates":[[[144760.78138918,167942.5880507],[144760.983,167942.68400035],[144761.48,167942.67600035],[144761.863,167942.55200035],[144762.209,167942.26300035],[144762.34873082,167941.94075032],[144767.50260874,167939.81223728],[144771.39,167949.30000035],[144772.286,167950.84800035],[144773.373,167951.82400035],[144774.62,167952.43800035],[144775.909,167952.81000035],[144776.3199744,167952.79317202],[144779.73076925,167961.2700004],[144779.61,167961.33200035],[144778.251,167962.81200035],[144777.371,167964.60500035],[144777.063,167965.85600035],[144777.024,167967.03900035],[144781.651,167978.58100035],[144781.73307589,167978.84223896],[144777.264,167980.74500035],[144771.70575185,167983.11122058],[144769.333,167977.35300035],[144770.45,167974.88000035],[144769.38,167972.15000035],[144768.351,167969.50000035],[144767.853,167968.36200035],[144767,167967.27800035],[144766.401,167966.63200035],[144765.18,167965.78300035],[144764.249,167965.27500035],[144763.116,167964.87000035],[144756.08630219,167965.02362098],[144750.15359104,167958.73783736],[144751.451,167958.27300035],[144753.069,167956.99700035],[144754.484,167955.54600035],[144755.611,167953.75500035],[144756.403,167951.79600035],[144756.683,167949.39800035],[144756.29,167947.39700035],[144755.739,167945.85600035],[144755.3625464,167944.82599224],[144760.78138918,167942.5880507]]]},"geometry_name":"GEOM","properties":{"INSPIRE_ID":"https://databrussels.be/id/streetsurface/24854","TYPE":"I","STREET_ID":"https://databrussels.be/id/streetname/4568","STRNAMEFRE":"Chaussée de Mons","STRNAMEDUT":"Bergense Steenweg","MUNNISCODE":"21001","HIERARCHY":"IDR","LVL":0,"ADMIN":"REGION_RBC","AREA":626},"bbox":[144750.15359104,167939.81223728,144781.73307589,167983.11122058]},{"type":"Feature","id":"StreetSurfaces.fid--1290087_1a02c00fa75_-2a92","geometry":{"type":"Polygon","coordinates":[[[144844.5666597,167569.93456761],[144846.555,167570.24800035],[144850.48,167571.05900035],[144854.447,167571.83300035],[144858.507,167572.64500035],[144862.553,167573.45100035],[144866.516,167574.23200035],[144870.473,167575.04300035],[144887.757,167578.54800035],[144897.377,167580.45800035],[144902.433,167581.45300035],[144912.28,167583.40000035],[144920.8,167584.94000035],[144921.807,167585.16800035],[144923.232,167585.46000035],[144930.947,167586.92600035],[144931.619,167585.14500035],[144933.496,167585.84900035],[144938.061,167587.58700035],[144939.978,167588.29600035],[144946.017,167590.59300035],[144947.896,167591.29300035],[144952.683,167593.18200035],[144954.551,167593.89200035],[144959.267,167595.67900035],[144961.129,167596.41300035],[144965.934,167598.25700035],[144967.767,167598.96600035],[144972.357,167600.71500035],[144974.264,167601.43400035],[144978.952,167603.21400035],[144980.826,167603.94700035],[144985.451,167605.72000035],[144987.311,167606.44400035],[144986.691,167608.05900035],[144987.808,167608.49600035],[144989.176,167609.00400035],[144991.502,167609.88600035],[144991.438,167610.05600035],[144994.263,167611.12500035],[144993.64,167612.77100035],[145010.705,167619.24600035],[145026.023,167625.07800035],[145030.945,167626.96500035],[145030.322,167628.70700035],[145031.23082459,167629.04864227],[145028.7888595,167632.14686423],[145027.708,167631.48100035],[145026.809,167631.13700035],[145026.104,167632.89000035],[145024.229,167632.19000035],[145019.777,167630.47900035],[145017.909,167629.80700035],[145013.207,167627.99200035],[145011.345,167627.28500035],[145000.725,167623.20900035],[144999.42,167622.74200035],[144999.549,167622.44200035],[144998.967,167622.17600035],[144994.587,167620.43600035],[144994.74,167620.94400035],[144992.863,167620.23300035],[144986.696,167617.86800035],[144984.848,167617.19900035],[144980.321,167615.43000035],[144978.435,167614.81500035],[144979.718,167611.39300035],[144978.328,167610.87200035],[144950.024,167600.01000035],[144940.416,167596.32700035],[144931.618,167592.97600035],[144931.015,167594.55800035],[144932.522,167595.11300035],[144931.847,167596.91400035],[144925.345,167594.43000035],[144923.487,167593.71700035],[144918.983,167592.15900035],[144917.042,167591.76200035],[144912.091,167590.78000035],[144910.138,167590.40000035],[144905.351,167589.44200035],[144903.399,167589.06600035],[144898.325,167588.07100035],[144896.358,167587.67800035],[144891.546,167586.73300035],[144889.57,167586.34300035],[144883.6,167585.22500035],[144881.63,167584.80200035],[144876.485,167583.80100035],[144874.497,167583.41400035],[144874.858,167581.63100035],[144862.927,167579.07800035],[144843.75483117,167575.25762214],[144844.5666597,167569.93456761]]]},"geometry_name":"GEOM","properties":{"INSPIRE_ID":"https://databrussels.be/id/streetsurface/250","TYPE":"S","STREET_ID":"https://databrussels.be/id/streetname/3315","STRNAMEFRE":"Rue des Citoyens","STRNAMEDUT":"Burgersstraat","MUNNISCODE":"21001","HIERARCHY":"DR","LVL":0,"ADMIN":"MUN_RBC","AREA":1417},"bbox":[144843.75483117,167569.93456761,145031.23082459,167632.89000035]},{"type":"Feature","id":"StreetSurfaces.fid--1290087_1a02c00fa75_-2b41","geometry":{"type":"Polygon","coordinates":[[[144839.26861723,167841.80513578],[144838.402,167842.66500035],[144838,167843.06100035],[144836.853,167844.23900035],[144835.693,167845.40900035],[144833.747,167847.35500035],[144833.057,167848.46500035],[144832.543,167849.83400035],[144832.403,167850.74700035],[144832.411,167851.67100035],[144833.24200662,167853.63777045],[144830.822,167854.57000035],[144828.55841334,167855.57469659],[144826.132,167849.99100035],[144823.906,167844.94200035],[144820.93844421,167838.18798714],[144825.67449819,167836.392453],[144827.353,167840.21900035],[144827.719,167840.87800035],[144828.223,167841.43800035],[144828.763,167841.83800035],[144829.38,167842.10200035],[144830.185,167842.19300035],[144830.991,167842.10700035],[144831.765,167841.84600035],[144832.463,167841.42200035],[144835.317,167838.58000035],[144835.58594127,167838.31374746],[144839.26861723,167841.80513578]]]},"geometry_name":"GEOM","properties":{"INSPIRE_ID":"https://databrussels.be/id/streetsurface/2528","TYPE":"I","STREET_ID":"https://databrussels.be/id/streetname/3172","STRNAMEFRE":"Avenue de la Persévérance","STRNAMEDUT":"Volhardingslaan","MUNNISCODE":"21001","HIERARCHY":"DR","LVL":0,"ADMIN":"MUN_RBC","AREA":154},"bbox":[144820.93844421,167836.392453,144839.26861723,167855.57469659]},{"type":"Feature","id":"StreetSurfaces.fid--1290087_1a02c00fa75_-2b3d","geometry":{"type":"Polygon","coordinates":[[[144852.09536357,167909.5666064],[144850.517,167905.89900035],[144846.723,167897.22600035],[144843,167888.72300035],[144839.902,167881.63600035],[144836.177,167873.08100035],[144832.813,167865.38000035],[144828.768,167856.05700035],[144828.55841334,167855.57469659],[144830.822,167854.57000035],[144833.24200662,167853.63777045],[144833.938,167855.28500035],[144837.905,167864.39000035],[144842.013,167873.78500035],[144846.063,167883.06300035],[144849.792,167891.58300035],[144853.401,167899.83500035],[144856.49686716,167906.8349359],[144852.09536357,167909.5666064]]]},"geometry_name":"GEOM","properties":{"INSPIRE_ID":"https://databrussels.be/id/streetsurface/2553","TYPE":"S","STREET_ID":"https://databrussels.be/id/streetname/3172","STRNAMEFRE":"Avenue de la Persévérance","STRNAMEDUT":"Volhardingslaan","MUNNISCODE":"21001","HIERARCHY":"DR","LVL":0,"ADMIN":"MUN_RBC","AREA":297},"bbox":[144828.55841334,167853.63777045,144856.49686716,167909.5666064]},{"type":"Feature","id":"StreetSurfaces.fid--1290087_1a02c00fa75_-2b12","geometry":{"type":"Polygon","coordinates":[[[144874.68187717,167717.90873109],[144876.95154851,167721.35364034],[144875.837,167721.95000035],[144875.378,167722.18100035],[144872.417,167723.75800035],[144865.275,167727.60400035],[144858.75,167731.07300035],[144851.075,167735.17600035],[144843.433,167739.25300035],[144838.641,167741.82300035],[144836.741,167742.83600035],[144829.18,167746.87400035],[144823.753,167749.76100035],[144816.669,167753.54600035],[144809.569,167757.34400035],[144803.803,167760.41000035],[144800.76723426,167762.03699189],[144798.728,167758.42200035],[144801.256,167757.07900035],[144807.124,167753.93700035],[144813.081,167750.74200035],[144813.974,167750.25800035],[144816.003,167749.18600035],[144820.44,167746.80400035],[144823.537,167745.16700035],[144829.72,167741.86300035],[144837.219,167737.86800035],[144838.852,167736.99600035],[144845.579,167733.42200035],[144851.66,167730.19000035],[144859.212,167726.16700035],[144866.22,167722.43000035],[144869.551,167720.66000035],[144873.49,167718.56000035],[144874.68187717,167717.90873109]]]},"geometry_name":"GEOM","properties":{"INSPIRE_ID":"https://databrussels.be/id/streetsurface/2583","TYPE":"S","STREET_ID":"https://databrussels.be/id/streetname/2389","STRNAMEFRE":"Rue de la Volonté","STRNAMEDUT":"Wilstraat","MUNNISCODE":"21001","HIERARCHY":"DR","LVL":0,"ADMIN":"MUN_RBC","AREA":357},"bbox":[144798.728,167717.90873109,144876.95154851,167762.03699189]},{"type":"Feature","id":"StreetSurfaces.fid--1290087_1a02c00fa75_-2b08","geometry":{"type":"Polygon","coordinates":[[[144881.48508971,167708.92006599],[144876.86716782,167711.13086696],[144876.817,167711.03600035],[144875.801,167709.11300035],[144874.73,167707.09900035],[144873.253,167704.32000035],[144868.25,167694.86900035],[144866.642,167691.97600035],[144863.894,167686.67100035],[144863.52,167685.96600035],[144862.038,167683.17600035],[144860.93,167681.09200035],[144858.467,167676.43600035],[144858.22255299,167675.97520368],[144860.716,167674.62200035],[144862.77038456,167673.52159356],[144864.883,167677.54800035],[144865.589,167678.92400035],[144870.318,167687.78400035],[144872.32,167691.59600035],[144875.118,167696.90200035],[144881.48508971,167708.92006599]]]},"geometry_name":"GEOM","properties":{"INSPIRE_ID":"https://databrussels.be/id/streetsurface/2585","TYPE":"S","STREET_ID":"https://databrussels.be/id/streetname/4202","STRNAMEFRE":"Avenue Guillaume Melckmans","STRNAMEDUT":"Guillaume Melckmanslaan","MUNNISCODE":"21001","HIERARCHY":"DR","LVL":0,"ADMIN":"MUN_RBC","AREA":205},"bbox":[144858.22255299,167673.52159356,144881.48508971,167711.13086696]},{"type":"Feature","id":"StreetSurfaces.fid--1290087_1a02c00fa75_-2b7e","geometry":{"type":"Polygon","coordinates":[[[144633.05449511,168056.55204497],[144631.076,168057.43100035],[144628.80273151,168058.44071835],[144590.73301787,167974.14395016],[144594.53023448,167970.03428687],[144624.99562468,168038.44750499],[144633.05449511,168056.55204497]]]},"geometry_name":"GEOM","properties":{"INSPIRE_ID":"https://databrussels.be/id/streetsurface/2769","TYPE":"S","STREET_ID":"https://databrussels.be/id/streetname/535","STRNAMEFRE":"Rue Pierre Schlosser","STRNAMEDUT":"Pierre Schlosserstraat","MUNNISCODE":"21001","HIERARCHY":"DR","LVL":0,"ADMIN":"MUN_RBC","AREA":459},"bbox":[144590.73301787,167970.03428687,144633.05449511,168058.44071835]},{"type":"Feature","id":"StreetSurfaces.fid--1290087_1a02c00fa75_-2a85","geometry":{"type":"Polygon","coordinates":[[[144746.84704257,167561.25014131],[144741.96114607,167563.07045253],[144738.985,167552.72100035],[144738.362,167550.56800035],[144737.276,167546.86800035],[144736.93,167545.85800035],[144736.58,167544.90300035],[144736.221,167544.01000035],[144735.73,167543.10000035],[144735.195,167542.18800035],[144734.342,167540.82500035],[144730.218,167534.29800035],[144729.657,167533.40300035],[144730.898,167532.62600035],[144731.686,167532.05200035],[144722.679,167518.93400035],[144717.994,167516.53800036],[144716.206,167516.62500035],[144715.09,167516.68000035],[144715.095,167516.79900035],[144713.1,167516.87400035],[144708.118,167517.12200035],[144704.676,167517.31100035],[144685.29,167518.30900035],[144668.688,167519.19300035],[144666.692,167519.27500035],[144666.684,167519.12600035],[144665.557,167519.20100035],[144661.519,167519.50400035],[144641.594,167520.52700035],[144631.234,167521.09000035],[144607.423,167522.30800035],[144604.41548279,167522.47276461],[144603.462,167522.52500035],[144600.197,167523.24700035],[144598.60797188,167519.29651002],[144600.849,167519.16800035],[144602.31540049,167518.6896638],[144602.811,167518.52800035],[144605.9,167518.51900035],[144607.899,167518.48900035],[144607.777,167516.48600035],[144629.752,167515.32300035],[144651.738,167514.18700035],[144653.856,167514.05200035],[144653.749,167512.51400035],[144655.859,167512.38600035],[144677.829,167511.23100035],[144694.801,167510.33700035],[144712.834,167509.41300035],[144714.833,167509.31200035],[144714.838,167509.43200035],[144715.973,167509.36800035],[144716.108,167509.39600035],[144716.3,167509.51600035],[144716.422,167509.70800035],[144716.603,167511.14400036],[144720.031,167510.93700035],[144722.087,167510.83400035],[144722.979,167511.60800035],[144723.966,167512.55100035],[144725.615,167513.88500035],[144731.357,167523.45200035],[144730.826,167523.69700035],[144733.539,167528.06300035],[144734.176,167529.09000035],[144735.894,167531.77900035],[144736.008,167531.74000035],[144738.69239543,167536.14612035],[144740.1718076,167538.57933335],[144740.399,167538.95300035],[144741.62684662,167541.15884109],[144742.22663667,167542.23637088],[144742.291,167542.35200035],[144743.06,167544.99400035],[144742.181,167545.30300035],[144746.84704257,167561.25014131]]]},"geometry_name":"GEOM","properties":{"INSPIRE_ID":"https://databrussels.be/id/streetsurface/27727","TYPE":"S","STREET_ID":"https://databrussels.be/id/streetname/1509","STRNAMEFRE":"Rue Hoorickx","STRNAMEDUT":"Hoorickxstraat","MUNNISCODE":"21001","HIERARCHY":"DR","LVL":0,"ADMIN":"MUN_RBC","AREA":1083},"bbox":[144598.60797188,167509.31200035,144746.84704257,167563.07045253]},{"type":"Feature","id":"StreetSurfaces.fid--1290087_1a02c00fa75_-2b6b","geometry":{"type":"Polygon","coordinates":[[[144798.92317571,167951.14062454],[144798.8,167951.20000035],[144795.319,167952.97300035],[144794.284,167953.59400035],[144793.555,167954.69900035],[144793.516,167955.85500035],[144796.396,167961.74200035],[144799.648,167963.13300035],[144801.87,167966.69000035],[144802.34,167967.39000035],[144802.81,167967.88000035],[144803.37,167968.31000035],[144804.34,167968.78000035],[144805.61,167969.21000035],[144806.23966391,167969.36095649],[144805.264,167972.61500035],[144804.18250366,167976.22201758],[144803.548,167976.06900035],[144802.562,167973.94200035],[144800.524,167973.19500035],[144798.57,167972.53800035],[144796.752,167971.16900035],[144795.661,167970.02400035],[144794.387,167967.94500035],[144790.517,167960.77000035],[144789.531,167959.95900035],[144787.765,167959.12200035],[144786.267,167958.77400035],[144784.544,167959.01700035],[144782.152,167960.02700035],[144779.73076925,167961.2700004],[144776.3199744,167952.79317202],[144778.4,167952.70800035],[144782.164,167951.06600035],[144783.234,167948.43000035],[144786.09,167946.73000035],[144794.53918158,167942.35809537],[144796.67,167946.62800035],[144798.92317571,167951.14062454]]]},"geometry_name":"GEOM","properties":{"INSPIRE_ID":"https://databrussels.be/id/streetsurface/28504","TYPE":"I","STREET_ID":"https://databrussels.be/id/streetname/5340","STRNAMEFRE":"Avenue de la Société Nationale","STRNAMEDUT":"Nationale Maatschappijlaan","MUNNISCODE":"21001","HIERARCHY":"IDR","LVL":0,"ADMIN":"MUN_RBC","AREA":340},"bbox":[144776.3199744,167942.35809537,144806.23966391,167976.22201758]},{"type":"Feature","id":"StreetSurfaces.fid--1290087_1a02c00fa75_-2b2f","geometry":{"type":"Polygon","coordinates":[[[144624.9920871,167916.66476072],[144626.37,167915.84000035],[144635.86,167909.72000035],[144658.83,167894.59000035],[144684.86,167877.69000035],[144704.25,167865.00000035],[144705.76,167863.90000035],[144705.952,167863.73300035],[144706.14025031,167863.61156176],[144712.06702091,167869.42588847],[144681.89,167889.10000035],[144651.359,167909.01200035],[144629.42663749,167923.45484831],[144627.201,167920.04700035],[144624.9920871,167916.66476072]]]},"geometry_name":"GEOM","properties":{"INSPIRE_ID":"https://databrussels.be/id/streetsurface/28962","TYPE":"S","STREET_ID":"https://databrussels.be/id/streetname/2243","STRNAMEFRE":"Rue Alexandre Pierrard","STRNAMEDUT":"Alexandre Pierrardstraat","MUNNISCODE":"21001","HIERARCHY":"DR","LVL":0,"ADMIN":"MUN_RBC","AREA":780},"bbox":[144624.9920871,167863.61156176,144712.06702091,167923.45484831]},{"type":"Feature","id":"StreetSurfaces.fid--1290087_1a02c00fa75_-2b21","geometry":{"type":"Polygon","coordinates":[[[144714.31128813,167844.16058034],[144723.90433647,167838.28612386],[144727.089,167846.02400035],[144729.148,167845.18700035],[144731.523,167851.00200035],[144737.967,167866.83000035],[144735.85,167867.70600035],[144737.37363779,167871.33236785],[144733.007,167873.13600035],[144728.99024371,167874.79511488],[144726.726,167869.57000035],[144725.747,167868.11000035],[144724.852,167867.22300035],[144723.992,167866.65500035],[144722.47,167866.10500035],[144720.984,167865.74700035],[144719.649,167865.59500035],[144718.17,167865.86100035],[144716.688,167866.38100035],[144712.06702091,167869.42588847],[144706.14025031,167863.61156176],[144712.379,167859.58700035],[144712.831,167859.27700035],[144713.283,167858.96700035],[144713.689,167858.61200035],[144716.882,167856.69900035],[144717.512,167856.03100035],[144717.927,167855.22000035],[144718.099,167854.62300035],[144718.067,167853.97400035],[144717.896,167853.15800035],[144715.873,167847.77900035],[144714.31128813,167844.16058034]]]},"geometry_name":"GEOM","properties":{"INSPIRE_ID":"https://databrussels.be/id/streetsurface/28963","TYPE":"I","STREET_ID":"https://databrussels.be/id/streetname/4568","STRNAMEFRE":"Chaussée de Mons","STRNAMEDUT":"Bergense Steenweg","MUNNISCODE":"21001","HIERARCHY":"IDR","LVL":0,"ADMIN":"REGION_RBC","AREA":541},"bbox":[144706.14025031,167838.28612386,144737.967,167874.79511488]},{"type":"Feature","id":"StreetSurfaces.fid--1290087_1a02c00fa75_-2b37","geometry":{"type":"Polygon","coordinates":[[[144901.68448143,167889.04505179],[144904.02306193,167893.60074772],[144901.47,167894.95700035],[144899.456,167896.02900035],[144890.366,167900.78400035],[144883.03,167904.61400035],[144876.033,167908.27400035],[144869.63,167911.60900035],[144868.827,167912.03100035],[144865.74731498,167913.65155789],[144863.82990041,167908.87598615],[144866.1,167907.71600035],[144873.518,167903.81700035],[144878.105,167901.41000035],[144885.439,167897.56500035],[144893.662,167893.26200035],[144900.441,167889.69700035],[144901.68448143,167889.04505179]]]},"geometry_name":"GEOM","properties":{"INSPIRE_ID":"https://databrussels.be/id/streetsurface/2926","TYPE":"S","STREET_ID":"https://databrussels.be/id/streetname/5340","STRNAMEFRE":"Avenue de la Société Nationale","STRNAMEDUT":"Nationale Maatschappijlaan","MUNNISCODE":"21001","HIERARCHY":"DR","LVL":0,"ADMIN":"MUN_RBC","AREA":220},"bbox":[144863.82990041,167889.04505179,144904.02306193,167913.65155789]},{"type":"Feature","id":"StreetSurfaces.fid--1290087_1a02c00fa75_-2b47","geometry":{"type":"Polygon","coordinates":[[[144825.67449819,167836.392453],[144820.93844421,167838.18798714],[144820.438,167837.04900035],[144817.538,167830.39500035],[144814.107,167822.55700035],[144812.86,167819.73800035],[144809.46,167811.96300035],[144807.835,167808.23200035],[144805.532,167802.96000035],[144801.716,167794.20200035],[144798.269,167786.28100035],[144795.862,167780.74500035],[144792.82218866,167773.73986609],[144797.32397497,167771.47359448],[144799.529,167776.53200035],[144803.082,167784.67700035],[144806.687,167792.95200035],[144810.097,167800.75300035],[144812.439,167806.14100035],[144814.828,167811.61100035],[144818.225,167819.39700035],[144819.126,167821.40000035],[144821.977,167827.93200035],[144825.201,167835.31300035],[144825.67449819,167836.392453]]]},"geometry_name":"GEOM","properties":{"INSPIRE_ID":"https://databrussels.be/id/streetsurface/298","TYPE":"S","STREET_ID":"https://databrussels.be/id/streetname/3172","STRNAMEFRE":"Avenue de la Persévérance","STRNAMEDUT":"Volhardingslaan","MUNNISCODE":"21001","HIERARCHY":"DR","LVL":0,"ADMIN":"MUN_RBC","AREA":357},"bbox":[144792.82218866,167771.47359448,144825.67449819,167838.18798714]},{"type":"Feature","id":"StreetSurfaces.fid--1290087_1a02c00fa75_-2ad0","geometry":{"type":"Polygon","coordinates":[[[144590.5654754,167511.70150537],[144590.889,167512.49900035],[144592.336,167516.14800035],[144592.742,167517.08400035],[144592.86281917,167517.38431467],[144592.98261953,167517.68209658],[144597.12496432,167527.97852093],[144597.272,167528.34400035],[144598.19650319,167530.62824361],[144593.777,167532.22600035],[144587.86925523,167534.55865265],[144587.566,167533.81100035],[144585.289,167528.20900035],[144583.368,167523.46200035],[144585.421,167522.63200035],[144584.957,167521.51000035],[144582.39276136,167515.17909489],[144590.5654754,167511.70150537]]]},"geometry_name":"GEOM","properties":{"INSPIRE_ID":"https://databrussels.be/id/streetsurface/30262","TYPE":"I","STREET_ID":"https://databrussels.be/id/streetname/4568","STRNAMEFRE":"Chaussée de Mons","STRNAMEDUT":"Bergense Steenweg","MUNNISCODE":"21001","HIERARCHY":"IDR","LVL":0,"ADMIN":"REGION_RBC","AREA":205},"bbox":[144582.39276136,167511.70150537,144598.19650319,167534.55865265]},{"type":"Feature","id":"StreetSurfaces.fid--1290087_1a02c00fa75_-2b46","geometry":{"type":"Polygon","coordinates":[[[144839.26861723,167841.80513578],[144835.58594127,167838.31374746],[144845.721,167828.28000035],[144851.754,167822.37200035],[144858.963,167815.18700035],[144867.788,167806.47200035],[144872.781,167801.63900035],[144886.716,167787.81700035],[144894.056,167780.57100035],[144899.158,167775.53700035],[144900.288,167774.36400035],[144902.93584387,167771.72618077],[144903.671,167774.18100035],[144904.730716,167777.06181189],[144903.755,167778.00000035],[144903.447,167778.34400035],[144902.915,167778.91000035],[144897.83,167783.94700035],[144887.71,167793.95900035],[144877.358,167804.14800035],[144871.549,167809.91400035],[144859.336,167822.04300035],[144857.466,167823.83400035],[144849.439,167831.71400035],[144839.26861723,167841.80513578]]]},"geometry_name":"GEOM","properties":{"INSPIRE_ID":"https://databrussels.be/id/streetsurface/3030","TYPE":"S","STREET_ID":"https://databrussels.be/id/streetname/895","STRNAMEFRE":"Rue de l'Energie","STRNAMEDUT":"Wilskrachtstraat","MUNNISCODE":"21001","HIERARCHY":"DR","LVL":0,"ADMIN":"MUN_RBC","AREA":473},"bbox":[144835.58594127,167771.72618077,144904.730716,167841.80513578]},{"type":"Feature","id":"StreetSurfaces.fid--1290087_1a02c00fa75_-2a9c","geometry":{"type":"Polygon","coordinates":[[[145053.85062756,167606.49667587],[145049.987,167609.18800035],[145046.48555423,167611.79090159],[145046.113,167611.20200035],[145044.619,167608.93300035],[145039.12,167600.96000035],[145037.22,167597.99000035],[145035.32,167595.04000035],[145033.79,167592.68000035],[145032.27,167590.33000035],[145030.74,167587.97000035],[145029.36,167585.84000035],[145027.99,167583.71000035],[145026.61,167581.58000035],[145024.35,167578.08000035],[145019.83,167571.06000035],[145017.91,167568.06000035],[145015.98,167565.05000035],[145014.05,167562.05000035],[145012.06,167559.01000035],[145010.06,167555.97000035],[145008.11,167552.90000035],[145006.77,167550.70000035],[145004.13,167546.28000035],[145000,167537.74000035],[144997.453,167532.61900035],[144996.618,167530.67600035],[144995.726,167528.58400035],[144995.409,167527.82400035],[144999.459,167526.05200035],[144994.43343893,167514.22091584],[144999.2725661,167512.7849762],[144999.438,167513.25200035],[145000.293,167515.68600035],[145000.984,167517.57300035],[145001.718,167519.51300035],[145002.448,167521.29400035],[145003.087,167522.77900035],[145003.717,167524.40400035],[145004.471,167526.17900035],[145005.192,167527.77700035],[145005.929,167529.37500035],[145007.68,167533.02000035],[145008.8,167535.23000035],[145009.98,167537.51000035],[145011.19,167539.78000035],[145012.43,167542.03000035],[145013.53,167543.99000035],[145014.65,167545.93000035],[145015.79,167547.87000035],[145017.15,167550.08000035],[145018.53,167552.28000035],[145019.93,167554.47000035],[145020.9,167555.95800035],[145020.319,167558.80700035],[145025.133,167566.39700035],[145031.141,167575.52700035],[145036.417,167583.83400035],[145041.337,167591.27200035],[145043.173,167590.11400035],[145051.069,167602.23600035],[145053.85062756,167606.49667587]]]},"geometry_name":"GEOM","properties":{"INSPIRE_ID":"https://databrussels.be/id/streetsurface/308","TYPE":"S","STREET_ID":"https://databrussels.be/id/streetname/3024","STRNAMEFRE":"Rue des Colombophiles","STRNAMEDUT":"Duivenmelkersstraat","MUNNISCODE":"21001","HIERARCHY":"DR","LVL":0,"ADMIN":"MUN_RBC","AREA":866},"bbox":[144994.43343893,167512.7849762,145053.85062756,167611.79090159]},{"type":"Feature","id":"StreetSurfaces.fid--1290087_1a02c00fa75_-2ad3","geometry":{"type":"Polygon","coordinates":[[[144578.926,167482.93600035],[144590.5654754,167511.70150537],[144582.39276136,167515.17909489],[144581.144,167512.09600035],[144579.678,167508.49600035],[144571.517,167488.45300035],[144568.187,167480.25300035],[144566.367,167481.00400035],[144566.129,167481.10200035],[144561.16,167468.92100036],[144560.249,167466.65700035],[144558.304,167461.88100035],[144552,167446.29500035],[144544.648,167427.91600035],[144546.907,167427.03800035],[144542.013,167415.79100035],[144541.36266964,167414.61613557],[144545.0615,167412.02600035],[144549.21673218,167409.11626615],[144549.259,167409.43300035],[144550.347,167412.37100035],[144551.722,167416.34800035],[144554.638,167424.01600035],[144555.177,167423.78600035],[144557.076,167423.06800035],[144563.18,167437.99000035],[144570.668,167456.71700035],[144572.663,167461.61800035],[144573.583,167463.87100035],[144575.239,167467.93000035],[144578.543,167476.09800035],[144578.305,167476.19500035],[144576.5,167476.93200035],[144578.926,167482.93600035]]]},"geometry_name":"GEOM","properties":{"INSPIRE_ID":"https://databrussels.be/id/streetsurface/30838","TYPE":"S","STREET_ID":"https://databrussels.be/id/streetname/4568","STRNAMEFRE":"Chaussée de Mons","STRNAMEDUT":"Bergense Steenweg","MUNNISCODE":"21001","HIERARCHY":"IDR","LVL":0,"ADMIN":"REGION_RBC","AREA":1232},"bbox":[144541.36266964,167409.11626615,144590.5654754,167515.17909489]},{"type":"Feature","id":"StreetSurfaces.fid--1290087_1a02c00fa75_-2b97","geometry":{"type":"Polygon","coordinates":[[[144996.90897614,167909.19808414],[144996.463,167909.43400035],[144991.896,167911.86600035],[144991.198,167912.36600035],[144990.808,167912.80400035],[144990.5,167913.30200035],[144990.263,167913.91000035],[144990.147,167914.55200035],[144990.126,167914.73700035],[144990.119,167915.23300035],[144990.264,167916.00200035],[144990.571,167916.72100035],[144990.733,167917.08500035],[144993.03277689,167921.35737725],[144990.05626545,167922.92809842],[144987.471,167918.07400035],[144982.239,167908.23500035],[144981.37943247,167906.61530243],[144984.09604304,167904.91465441],[144984.901,167906.40800035],[144985.341,167907.07500035],[144985.892,167907.65500035],[144986.534,167908.13100035],[144987.58,167908.60300035],[144989.222,167908.84100035],[144990.495,167908.67100035],[144991.849,167908.13200035],[144994.946,167906.53900035],[144995.341,167906.33300035],[144996.90897614,167909.19808414]]]},"geometry_name":"GEOM","properties":{"INSPIRE_ID":"https://databrussels.be/id/streetsurface/30840","TYPE":"I","STREET_ID":"https://databrussels.be/id/streetname/4202","STRNAMEFRE":"Avenue Guillaume Melckmans","STRNAMEDUT":"Guillaume Melckmanslaan","MUNNISCODE":"21001","HIERARCHY":"DR","LVL":0,"ADMIN":"MUN_RBC","AREA":100},"bbox":[144981.37943247,167904.91465441,144996.90897614,167922.92809842]},{"type":"Feature","id":"StreetSurfaces.fid--1290087_1a02c00fa75_-2a88","geometry":{"type":"Polygon","coordinates":[[[144744.09229427,167478.81888645],[144751.64768815,167474.29421147],[144752.441,167475.56900035],[144766.928,167498.95300035],[144768.981,167502.26500035],[144772.157,167507.41900035],[144778.618,167517.61400035],[144784.008,167526.13200036],[144789.318,167534.49600035],[144789.087,167534.63400035],[144787.967,167535.30500035],[144789.86,167538.42800035],[144790.379,167539.26500035],[144790.944,167540.10700035],[144791.493,167540.92300035],[144792.097,167541.72300035],[144792.26170511,167541.90352866],[144787.30705882,167544.73153956],[144787.285,167544.57100035],[144787.174,167544.05300035],[144787.104,167543.80300035],[144787.025,167543.55500035],[144786.938,167543.30900035],[144786.828,167543.03200035],[144786.707,167542.76000035],[144786.575,167542.49200035],[144786.247,167541.88400035],[144785.193,167540.16700035],[144783.858,167538.05100035],[144782.619,167538.82400035],[144778.851,167532.85200035],[144774.028,167525.19800035],[144768.674,167516.68100035],[144767.069,167514.14300035],[144765.421,167511.59800035],[144762.139,167506.54400035],[144757.749,167499.79200035],[144757.553,167499.49100035],[144744.09229427,167478.81888645]]]},"geometry_name":"GEOM","properties":{"INSPIRE_ID":"https://databrussels.be/id/streetsurface/30877","TYPE":"S","STREET_ID":"https://databrussels.be/id/streetname/763","STRNAMEFRE":"Rue des Fraises","STRNAMEDUT":"Aardbeienstraat","MUNNISCODE":"21001","HIERARCHY":"DR","LVL":0,"ADMIN":"MUN_RBC","AREA":620},"bbox":[144744.09229427,167474.29421147,144792.26170511,167544.73153956]},{"type":"Feature","id":"StreetSurfaces.fid--1290087_1a02c00fa75_-2bab","geometry":{"type":"Polygon","coordinates":[[[144958.82256552,167854.00026054],[144956.675,167854.65500035],[144955.68695901,167854.9670447],[144954.488,167852.69100035],[144952.971,167853.49100035],[144949.825,167847.59400035],[144945.184,167838.93600035],[144938.526,167826.49200035],[144932.418,167815.04900035],[144924.764,167800.57200035],[144922.572,167796.52900035],[144917.953,167787.83800035],[144915.201,167782.64100035],[144916.713,167781.86400035],[144914.592,167777.88100035],[144913.497,167776.37500035],[144913.34927496,167776.25370535],[144915.59662371,167772.67695458],[144915.95,167773.34200035],[144936.077,167811.38500035],[144941.658,167821.82000035],[144948.536,167834.80900035],[144954.09,167845.16000035],[144957.824,167852.18300035],[144958.82256552,167854.00026054]]]},"geometry_name":"GEOM","properties":{"INSPIRE_ID":"https://databrussels.be/id/streetsurface/3140","TYPE":"S","STREET_ID":"https://databrussels.be/id/streetname/4202","STRNAMEFRE":"Avenue Guillaume Melckmans","STRNAMEDUT":"Guillaume Melckmanslaan","MUNNISCODE":"21001","HIERARCHY":"DR","LVL":0,"ADMIN":"MUN_RBC","AREA":432},"bbox":[144913.34927496,167772.67695458,144958.82256552,167854.9670447]},{"type":"Feature","id":"StreetSurfaces.fid--1290087_1a02c00fa75_-2b8d","geometry":{"type":"Polygon","coordinates":[[[144955.03178625,167727.33984252],[144951.44239713,167723.52528664],[144951.788,167723.28000035],[144952.327,167722.83500035],[144956.254,167718.97900035],[144958.581,167716.60100035],[144962.963,167712.30400035],[144966.04,167709.22000035],[144971.986,167703.29400035],[144975.413,167699.93800035],[144976.002,167699.26900035],[144976.211,167698.81500035],[144976.336,167698.33000035],[144976.372,167697.87100035],[144976.332,167697.41200035],[144976.098,167696.48200035],[144979.08,167693.52600035],[144990.374,167682.34800035],[144991.31491821,167681.42181132],[144998.06241295,167687.79896429],[144997.393,167687.82600035],[144995.8,167688.19600035],[144994.577,167688.71000035],[144993.828,167689.09800035],[144993.013,167689.65800035],[144992.347,167690.22100035],[144991.871,167690.76600035],[144991.413,167691.89800035],[144991.425,167692.81800035],[144991.678,167693.71400035],[144990.25,167695.42300035],[144982.639,167702.86400035],[144981.731,167702.35900035],[144980.809,167702.31900035],[144979.874,167702.64400035],[144979.202,167703.28000035],[144976.277,167706.20500035],[144972.349,167710.10300035],[144964.945,167717.47500035],[144961.277,167721.04900035],[144955.451,167726.89700035],[144955.03178625,167727.33984252]]]},"geometry_name":"GEOM","properties":{"INSPIRE_ID":"https://databrussels.be/id/streetsurface/3200","TYPE":"S","STREET_ID":"https://databrussels.be/id/streetname/895","STRNAMEFRE":"Rue de l'Energie","STRNAMEDUT":"Wilskrachtstraat","MUNNISCODE":"21001","HIERARCHY":"DR","LVL":0,"ADMIN":"MUN_RBC","AREA":372},"bbox":[144951.44239713,167681.42181132,144998.06241295,167727.33984252]},{"type":"Feature","id":"StreetSurfaces.fid--1290087_1a02c00fa75_-2ae3","geometry":{"type":"Polygon","coordinates":[[[144725.47482637,167654.98385505],[144725.09,167655.77000035],[144724.76,167657.04000035],[144724.64,167658.29000035],[144724.68,167659.53000035],[144725.23,167661.79000035],[144727.6498479,167671.19881822],[144725.51,167671.75000035],[144723.61934797,167672.23739224],[144723.34,167671.11000035],[144722.28,167667.30000035],[144721.91,167666.27000035],[144721.023,167665.12300035],[144719.931,167664.16700035],[144718.676,167663.44000035],[144717.305,167662.96800035],[144715.86675519,167662.76906999],[144715.61932857,167655.75840321],[144715.9,167655.59000035],[144721.41899814,167650.5687368],[144725.47482637,167654.98385505]]]},"geometry_name":"GEOM","properties":{"INSPIRE_ID":"https://databrussels.be/id/streetsurface/32092","TYPE":"I","STREET_ID":"https://databrussels.be/id/streetname/2247","STRNAMEFRE":"Place Ernest S'Jonghers","STRNAMEDUT":"Ernest S'Jonghersplein","MUNNISCODE":"21001","HIERARCHY":"DR","LVL":0,"ADMIN":"MUN_RBC","AREA":135},"bbox":[144715.61932857,167650.5687368,144727.6498479,167672.23739224]},{"type":"Feature","id":"StreetSurfaces.fid--1290087_1a02c00fa75_-2b9a","geometry":{"type":"Polygon","coordinates":[[[145001.31631006,167842.93763226],[145000,167843.62000035],[144989.76,167848.93000035],[144986.246,167850.66600035],[144979.723,167854.05100035],[144978.975,167854.49600035],[144974.392,167856.88100035],[144973.525,167855.27100035],[144969.98,167857.15600035],[144968.249,167858.04100035],[144967.01831962,167858.70264204],[144965.413,167855.71800035],[144971.8331926,167852.39803468],[144972.14180694,167852.25973354],[144983.699,167846.17700035],[144994.64,167840.53000035],[144998.3,167838.63000035],[144998.73,167838.38000035],[144998.87084949,167838.29677111],[144999.96,167840.36400035],[145001.31631006,167842.93763226]]]},"geometry_name":"GEOM","properties":{"INSPIRE_ID":"https://databrussels.be/id/streetsurface/3250","TYPE":"S","STREET_ID":"https://databrussels.be/id/streetname/5340","STRNAMEFRE":"Avenue de la Société Nationale","STRNAMEDUT":"Nationale Maatschappijlaan","MUNNISCODE":"21001","HIERARCHY":"DR","LVL":0,"ADMIN":"MUN_RBC","AREA":182},"bbox":[144965.413,167838.29677111,145001.31631006,167858.70264204]},{"type":"Feature","id":"StreetSurfaces.fid--1290087_1a02c00fa75_-2b04","geometry":{"type":"Polygon","coordinates":[[[144867.06954345,167664.07157822],[144870.683,167662.62900035],[144870,167660.96300035],[144881.245,167656.14700035],[144881.985,167657.85300035],[144884.226,167656.48300035],[144894.181,167651.45600035],[144893.814,167650.75600035],[144901.047,167646.89800035],[144904.405,167646.03600035],[144908.163,167648.78700035],[144910.49988075,167653.21931942],[144906.55343316,167655.31702595],[144905.789,167654.19900035],[144902.044,167653.10600035],[144890.9,167657.81500035],[144879.4,167662.63400035],[144868.57230129,167666.9864981],[144867.06954345,167664.07157822]]]},"geometry_name":"GEOM","properties":{"INSPIRE_ID":"https://databrussels.be/id/streetsurface/3280","TYPE":"S","STREET_ID":"https://databrussels.be/id/streetname/482","STRNAMEFRE":"Rue Van Winghen","STRNAMEDUT":"Van Winghenstraat","MUNNISCODE":"21001","HIERARCHY":"DR","LVL":0,"ADMIN":"MUN_RBC","AREA":227},"bbox":[144867.06954345,167646.03600035,144910.49988075,167666.9864981]},{"type":"Feature","id":"StreetSurfaces.fid--1290087_1a02c00fa75_-2afa","geometry":{"type":"Polygon","coordinates":[[[144944.45070424,167726.17149125],[144942.542,167722.60900035],[144941.798,167721.22100035],[144934.58,167708.07000035],[144923.4,167687.21000035],[144911.073,167663.66500035],[144908.935,167659.68700035],[144907.299,167656.60800035],[144906.924,167655.85900035],[144906.55343316,167655.31702595],[144910.49988075,167653.21931942],[144910.815,167653.81700035],[144910.624,167653.91800035],[144914.736,167661.61100035],[144925.33,167681.65000035],[144934.88,167699.60000035],[144945.482,167719.26400035],[144946.894,167721.87800035],[144947.34390548,167722.66878736],[144944.45070424,167726.17149125]]]},"geometry_name":"GEOM","properties":{"INSPIRE_ID":"https://databrussels.be/id/streetsurface/3334","TYPE":"S","STREET_ID":"https://databrussels.be/id/streetname/2761","STRNAMEFRE":"Rue du Savoir","STRNAMEDUT":"Kennisstraat","MUNNISCODE":"21001","HIERARCHY":"DR","LVL":0,"ADMIN":"MUN_RBC","AREA":338},"bbox":[144906.55343316,167653.21931942,144947.34390548,167726.17149125]},{"type":"Feature","id":"StreetSurfaces.fid--1290087_1a02c00fa75_-2adc","geometry":{"type":"Polygon","coordinates":[[[144770.73238368,167707.66949484],[144769.915,167709.96600035],[144768.549,167713.81400035],[144768.905,167714.64500035],[144769.742,167714.28600035],[144771.309,167717.94500035],[144770.741,167718.18900035],[144771.088,167718.99800035],[144775.805,167721.06200035],[144783.03723938,167737.89056792],[144777.72247213,167740.83809382],[144774.576,167733.62200035],[144774.985,167733.44400035],[144773.501,167730.04000035],[144771.684,167730.81800035],[144760.684,167735.57700035],[144757.993,167736.99600035],[144756.906,167740.11500035],[144758.682,167740.73200035],[144756.68218964,167746.36210198],[144754.134,167745.46800035],[144751.31252953,167744.47799953],[144751.938,167742.55400035],[144752.956,167738.77700035],[144749.168,167729.99800035],[144745.954,167727.60500035],[144743.595,167724.44900035],[144740.05902357,167717.2395511],[144743.83825985,167715.48812584],[144745.206,167718.25400035],[144746.907,167721.89200035],[144747.158,167722.32300035],[144747.495,167722.71700035],[144747.891,167723.05300035],[144748.335,167723.32100035],[144748.824,167723.51900035],[144749.338,167723.63600035],[144749.864,167723.66900035],[144750.389,167723.61700035],[144750.905,167723.49300035],[144752.889,167722.62900035],[144753.289,167723.54800035],[144755.126,167722.76400035],[144755.929,167724.55900035],[144757.766,167723.79400035],[144759.605,167722.99000035],[144761.442,167722.19200035],[144760.643,167720.36700035],[144762.485,167719.56800035],[144763.83,167716.14300035],[144762.058,167715.49700035],[144763.964,167710.10300035],[144765.54568245,167705.65749646],[144770.73238368,167707.66949484]]]},"geometry_name":"GEOM","properties":{"INSPIRE_ID":"https://databrussels.be/id/streetsurface/343","TYPE":"I","STREET_ID":"https://databrussels.be/id/streetname/267","STRNAMEFRE":"Avenue des Droits de l'Homme","STRNAMEDUT":"Mensenrechtenlaan","MUNNISCODE":"21001","HIERARCHY":"DR","LVL":0,"ADMIN":"MUN_RBC","AREA":601},"bbox":[144740.05902357,167705.65749646,144783.03723938,167746.36210198]},{"type":"Feature","id":"StreetSurfaces.fid--1290087_1a02c00fa75_-2b78","geometry":{"type":"Polygon","coordinates":[[[144852.09536357,167909.5666064],[144856.49686716,167906.8349359],[144856.86,167907.65600035],[144857.481,167909.04000035],[144857.77,167909.51700035],[144858.143,167909.93100035],[144858.456,167910.19000035],[144858.809,167910.39300035],[144859.192,167910.53300035],[144859.594,167910.60600035],[144860.015,167910.60800035],[144860.429,167910.53600035],[144861.184,167910.22800035],[144863.82990041,167908.87598615],[144865.74731498,167913.65155789],[144863.905,167914.62100035],[144862.996,167915.10300035],[144862.231,167915.84600035],[144861.921,167916.27800035],[144861.697,167916.76000035],[144861.536,167917.81300035],[144861.675,167918.83700035],[144862.217,167920.15600035],[144863.27442574,167922.60067666],[144858.10364391,167926.28639918],[144857.78,167925.74000035],[144856.91,167924.81300035],[144855.617,167923.97600035],[144854.798,167923.67900035],[144853.943,167923.51700035],[144853.072,167923.49700035],[144852.21,167923.61700035],[144851.379,167923.87500035],[144851.14686404,167923.99454895],[144848.81221634,167916.76623257],[144851.057,167915.58800035],[144851.837,167914.84700035],[144852.305,167914.14900035],[144852.563,167913.55000035],[144852.722,167912.91700035],[144852.777,167912.26700035],[144852.678,167911.06700035],[144852.519,167910.55100035],[144852.09536357,167909.5666064]]]},"geometry_name":"GEOM","properties":{"INSPIRE_ID":"https://databrussels.be/id/streetsurface/3464","TYPE":"I","STREET_ID":"https://databrussels.be/id/streetname/3172","STRNAMEFRE":"Avenue de la Persévérance","STRNAMEDUT":"Volhardingslaan","MUNNISCODE":"21001","HIERARCHY":"DR","LVL":0,"ADMIN":"MUN_RBC","AREA":186},"bbox":[144848.81221634,167906.8349359,144865.74731498,167926.28639918]},{"type":"Feature","id":"StreetSurfaces.fid--1290087_1a02c00fa75_-2ac7","geometry":{"type":"Polygon","coordinates":[[[144397.55326018,167767.56423568],[144409.39,167759.36000035],[144428.25,167746.09000035],[144434.55,167741.64000035],[144457.26,167725.31000035],[144480.35,167707.57000035],[144513.73,167681.78000035],[144545.47,167657.52000035],[144587.54,167625.05000035],[144598.7,167616.52000035],[144612.85337138,167605.65670912],[144613.326,167609.71800035],[144613.83613683,167614.1062625],[144613.13,167614.37000035],[144612.49,167614.75000035],[144606.24,167619.64000035],[144585.87,167635.55000035],[144562.04,167653.80000035],[144533.24,167676.02000035],[144509.91,167694.05000035],[144500.9,167700.82000035],[144486.91,167711.43000035],[144444.06,167743.50000035],[144414.11,167764.81000035],[144401.71903462,167773.49299264],[144399.599,167770.47600035],[144397.55326018,167767.56423568]]]},"geometry_name":"GEOM","properties":{"INSPIRE_ID":"https://databrussels.be/id/streetsurface/353","TYPE":"S","STREET_ID":"https://databrussels.be/id/streetname/1201","STRNAMEFRE":"Rue des Trèfles","STRNAMEDUT":"Klaverstraat","MUNNISCODE":"21001","HIERARCHY":"DR","LVL":0,"ADMIN":"MUN_RBC","AREA":1907},"bbox":[144397.55326018,167605.65670912,144613.83613683,167773.49299264]},{"type":"Feature","id":"StreetSurfaces.fid--1290087_1a02c00fa75_-2aaa","geometry":{"type":"Polygon","coordinates":[[[144641.42803056,167603.77011246],[144647.433,167601.22900035],[144648.584,167600.64400035],[144649.476,167600.05700035],[144650.094,167599.49600035],[144650.768,167598.75500035],[144651.427,167597.99700035],[144654.999,167593.61800035],[144685.058,167584.79400035],[144689.88,167583.16000035],[144690.94,167582.87500035],[144690.923,167582.76000035],[144692.807,167582.24200035],[144692.852,167582.41900035],[144707.118,167578.24400035],[144707.066,167578.04700035],[144708.22923292,167577.68543814],[144709.74826537,167583.40593772],[144706.033,167584.49900035],[144702.239,167585.59300035],[144698.382,167586.72600035],[144694.52,167587.86400035],[144692.598,167588.38700035],[144690.249,167589.12300035],[144679.328,167590.36500035],[144679.849,167592.27300035],[144677.941,167592.71500035],[144673.165,167594.06200035],[144668.618,167595.36300035],[144664.292,167596.75000035],[144660.719,167597.80900035],[144660.253,167598.00900035],[144659.752,167598.32200035],[144658.281,167599.63500035],[144654.448,167602.83800035],[144652.867,167604.06900035],[144652.1,167604.67200035],[144651.277,167605.21100035],[144650.434,167605.77100035],[144649.977,167605.99700035],[144647.685,167606.96300035],[144643.42137061,167608.76802769],[144641.42803056,167603.77011246]]]},"geometry_name":"GEOM","properties":{"INSPIRE_ID":"https://databrussels.be/id/streetsurface/3680","TYPE":"S","STREET_ID":"https://databrussels.be/id/streetname/5666","STRNAMEFRE":"Rue de la Solidarité","STRNAMEDUT":"Solidariteitsstraat","MUNNISCODE":"21001","HIERARCHY":"DR","LVL":0,"ADMIN":"MUN_RBC","AREA":398},"bbox":[144641.42803056,167577.68543814,144709.74826537,167608.76802769]},{"type":"Feature","id":"StreetSurfaces.fid--1290087_1a02c00fa75_-2bb6","geometry":{"type":"Polygon","coordinates":[[[145001.22763884,168043.27265679],[144991.34,168047.66600035],[144991.64247913,168047.42941739],[144991.833,168047.09600035],[144991.87613459,168046.90187434],[144991.880748,168046.70306735],[144991.84634733,168046.50721887],[144991.774,168046.32200035],[144990.687,168044.18000035],[144990.681,168044.09500035],[144990.481492,168043.70743435],[144991.69746095,168043.07711159],[144990.17139275,168040.12976231],[144990.97,168039.72400035],[144989.862,168037.53800035],[144989.8443715,168036.46854639],[144989.691,168035.41000035],[144989.3704221,168034.25746317],[144988.906,168033.15500035],[144988.2588157,168032.05760224],[144987.59,168031.22600035],[144986.80540693,168030.47539016],[144985.93,168029.83300035],[144984.816,168027.68300035],[144984.103,168028.03200035],[144984.011,168028.09100035],[144982.50135191,168025.12476198],[144981.272418,168025.74888635],[144981.071,168025.35100035],[144981.013,168025.30100035],[144980.074,168023.46500035],[144979.84234575,168023.14674998],[144979.508,168022.93900035],[144979.25058612,168022.89385713],[144978.99040266,168022.91844139],[144978.746,168023.01100035],[144971.598,168026.70200035],[144971.332687,168026.34847235],[144957.057,168033.68800035],[144959.83784107,168039.05943627],[144956.041788,168041.02468735],[144955.872,168040.69400035],[144953.747,168036.57000035],[144953.51613983,168036.25303055],[144953.185,168036.04300035],[144952.9295232,168035.98923976],[144952.66903397,168036.00667407],[144952.423,168036.09400035],[144941.227,168041.83300035],[144940.91509079,168042.06860681],[144940.716,168042.40500035],[144940.67381534,168042.79520089],[144940.787,168043.17100035],[144942.32113164,168046.0892755],[144942.018,168046.24500035],[144942.17082,168046.53906435],[144939.954005,168047.69872435],[144940.632,168048.97300035],[144939.454873,168049.57498835],[144940.979266,168052.54009535],[144944.037236,168059.29956135],[144944.400622,168060.03753135],[144945.79728509,168059.32090138],[144947.838,168063.26200035],[144950.189,168067.72100035],[144950.33389511,168067.94700281],[144950.53369568,168068.12631101],[144950.774,168068.24600035],[144950.45008257,168068.16989599],[144953.50543488,168074.03126182],[144943.55165013,168079.1018391],[144943.073,168079.34800035],[144941.42696279,168079.91163789],[144939.70561843,168080.16481643],[144937.967,168080.09900035],[144936.18195519,168079.74416263],[144934.514,168079.01600035],[144933.21355793,168078.14409509],[144932.03206923,168077.11674275],[144930.988,168075.95000035],[144930.4155498,168075.08489041],[144929.99283823,168074.20581351],[144929.555,168073.21800035],[144926.18,168065.51600035],[144922.6271974,168057.35004288],[144916.756,168043.92900035],[144918.593,168043.12000035],[144913.059,168030.45900035],[144911.03,168025.83000035],[144904.831,168011.64700035],[144902.992,168012.45900035],[144902.80761529,168012.01909775],[144902.55577639,168011.24429768],[144902.436833,168010.47121135],[144902.42572983,168009.69606214],[144902.506,168008.92500035],[144902.72085498,168007.90564158],[144903.13150795,168006.94823931],[144903.722,168006.09000035],[144905.103,168004.59800035],[144906.04104126,168003.76995959],[144907.10724955,168003.11515216],[144908.27,168002.65300035],[144909.55942955,168002.33198526],[144910.88562917,168002.24907672],[144912.205,168002.40700035],[144914.688,168003.00900035],[144914.228,168004.93200035],[144925.879,168007.70600035],[144926.325,168005.76300035],[144928.494,168006.27800035],[144928.018,168008.20000035],[144939.687,168010.98400035],[144940.135,168009.05400035],[144942.287755,168009.54883535],[144941.832,168011.49800035],[144953.495,168014.27200035],[144953.972,168012.33100035],[144956.111,168012.83400035],[144955.629423,168014.78386435],[144967.318,168017.57400035],[144967.786,168015.62500035],[144975.689,168017.53500035],[144982.089,168019.05900035],[144983.60569546,168019.29267999],[144985.14,168019.26300035],[144986.63879216,168018.96473565],[144988.058,168018.39800035],[144996.496,168014.02900035],[145008.691,168007.71600035],[145020.308,168001.70000035],[145023.60611867,168000.00400035],[145024.66901741,167999.45742321],[145025.683,167998.93600035],[145026.70217832,167998.6489301],[145027.7609308,167998.63562748],[145028.787,167998.89700035],[145029.77343738,167999.28442067],[145030.63217328,167999.90548898],[145030.71272544,168000.00400035],[145031.33141034,168000.76062184],[145031.559,168001.16300035],[145030.025,168001.99400035],[145038.423,168017.68900035],[145039.953,168016.85100035],[145040.665,168018.19300035],[145041.18231065,168019.48160966],[145041.50365938,168020.83248318],[145041.622,168022.21600035],[145041.52482644,168024.11337988],[145041.08202529,168025.90922991],[145041.00635333,168026.09462988],[145040.31153358,168027.58619097],[145039.265,168029.04600035],[145037.92311137,168030.35950727],[145036.358,168031.39700035],[145034.98361316,168032.11421108],[145032.221,168033.53300035],[145029.931,168029.07900035],[145019.786,168034.31100035],[145008.158,168040.27600035],[145001.457,168043.71700035],[145001.22763884,168043.27265679]]]},"geometry_name":"GEOM","properties":{"INSPIRE_ID":"https://databrussels.be/id/streetsurface/37696","TYPE":"P","STREET_ID":"https://databrussels.be/id/streetname/2086","STRNAMEFRE":"Place de la Roue","STRNAMEDUT":"Radplein","MUNNISCODE":"21001","HIERARCHY":"DR","LVL":0,"ADMIN":"MUN_RBC","AREA":4166},"bbox":[144902.42572983,167998.63562748,145041.622,168080.16481643]},{"type":"Feature","id":"StreetSurfaces.fid--1290087_1a02c00fa75_-2af7","geometry":{"type":"Polygon","coordinates":[[[144944.55699333,167737.75437426],[144940.64,167741.63300035],[144924.898,167757.14700035],[144922.152,167759.85700035],[144919.589,167762.35200035],[144916.47612192,167765.39385917],[144915.06,167762.83500035],[144913.89486941,167760.68303494],[144914.395,167760.22400035],[144916.014,167758.65100035],[144918.558,167756.20500035],[144920.178,167754.56200035],[144929.256,167745.57300035],[144935.363,167739.57500035],[144940.8630849,167734.11881504],[144942.628,167735.89500035],[144944.55699333,167737.75437426]]]},"geometry_name":"GEOM","properties":{"INSPIRE_ID":"https://databrussels.be/id/streetsurface/3832","TYPE":"S","STREET_ID":"https://databrussels.be/id/streetname/895","STRNAMEFRE":"Rue de l'Energie","STRNAMEDUT":"Wilskrachtstraat","MUNNISCODE":"21001","HIERARCHY":"DR","LVL":0,"ADMIN":"MUN_RBC","AREA":200},"bbox":[144913.89486941,167734.11881504,144944.55699333,167765.39385917]},{"type":"Feature","id":"StreetSurfaces.fid--1290087_1a02c00fa75_-2b2c","geometry":{"type":"Polygon","coordinates":[[[144657.3650042,167706.10999727],[144669.96399968,167700.97499673],[144686.9630001,167742.63899663],[144712.87699693,167806.15499752],[144724.99599507,167836.54499408],[144744.05400014,167883.25600441],[144749.72199408,167897.15100137],[144778.4459968,167972.31500411],[144770.45300082,167975.40900538],[144746.0540058,167921.83900399],[144729.58100237,167883.11400364],[144712.56600372,167841.40899404],[144696.67000342,167802.4469975],[144676.25400513,167752.40500218],[144657.3650042,167706.10999727]]]},"geometry_name":"GEOM","properties":{"INSPIRE_ID":"https://databrussels.be/id/streetsurface/38743","TYPE":"MS","STREET_ID":"https://databrussels.be/id/streetname/5250","STRNAMEFRE":"Station STIB La Roue","STRNAMEDUT":"Station MIVB Het Rad","MUNNISCODE":"21001","HIERARCHY":"IDR","LVL":-1,"ADMIN":"MUN_RBC","AREA":3741},"bbox":[144657.3650042,167700.97499673,144778.4459968,167975.40900538]},{"type":"Feature","id":"StreetSurfaces.fid--1290087_1a02c00fa75_-2b85","geometry":{"type":"Polygon","coordinates":[[[144770.45300082,167975.40900538],[144778.4459968,167972.31500411],[144833.36200182,168104.3209966],[144842.51500183,168107.02799841],[144847.24109478,168104.65230264],[144851.07709593,168111.81020333],[144846.28250543,168114.27059847],[144842.77299382,168126.87999737],[144857.72600147,168163.36200386],[144861.20700485,168171.9989961],[144866.10600425,168182.69900073],[144871.39099409,168193.14100572],[144875.51600499,168200.23099733],[144879.51200107,168207.06300177],[144883.50900096,168213.1220045],[144888.14900457,168219.18099475],[144895.24000104,168227.55999983],[144906.84199885,168238.77499407],[144910.25700165,168239.58120243],[144900.91199768,168249.86199815],[144894.72400452,168242.12699498],[144884.41100047,168229.62299974],[144876.29000604,168219.30999457],[144872.80900266,168214.41100549],[144868.81299403,168207.96600051],[144866.36300497,168203.58299824],[144863.14099739,168197.26599588],[144857.85500374,168186.17900426],[144852.57000135,168173.54599674],[144847.28399515,168160.65500204],[144837.10000591,168136.42000082],[144831.42799673,168122.36799528],[144824.33800407,168105.86700004],[144814.79900106,168082.01899827],[144809.38400515,168069.2570034],[144799.45799534,168045.40800443],[144770.45300082,167975.40900538]]]},"geometry_name":"GEOM","properties":{"INSPIRE_ID":"https://databrussels.be/id/streetsurface/38969","TYPE":"MT","STREET_ID":"https://databrussels.be/id/streetname/5103","STRNAMEFRE":"Tunnel STIB La Roue - Bizet","STRNAMEDUT":"Tunnel MIVB Het Rad - Bizet","MUNNISCODE":"21001","HIERARCHY":"IDR","LVL":-1,"ADMIN":"MUN_RBC","AREA":2891},"bbox":[144770.45300082,167972.31500411,144910.25700165,168249.86199815]},{"type":"Feature","id":"StreetSurfaces.fid--1290087_1a02c00fa75_-2ad4","geometry":{"type":"Polygon","coordinates":[[[144537.14199399,167418.26700025],[144547.13000167,167408.87899446],[144552.26099435,167419.50700151],[144561.65600066,167441.80400139],[144578.2059964,167482.33999765],[144627.29800269,167602.57099533],[144633.56199689,167617.7860061],[144645.45600333,167645.25400531],[144660.79800031,167679.24199867],[144669.96399968,167700.97499673],[144657.3650042,167706.10999727],[144649.6549951,167687.21300084],[144635.90400097,167649.58199973],[144623.91499637,167617.17700579],[144612.3930023,167588.54100291],[144584.49600185,167520.21800431],[144566.42299891,167476.27199523],[144552.39500312,167444.59900578],[144537.14199399,167418.26700025]]]},"geometry_name":"GEOM","properties":{"INSPIRE_ID":"https://databrussels.be/id/streetsurface/39020","TYPE":"MT","STREET_ID":"https://databrussels.be/id/streetname/5832","STRNAMEFRE":"Tunnel STIB CERIA - La Roue","STRNAMEDUT":"Tunnel MIVB COOVI - Het Rad","MUNNISCODE":"21001","HIERARCHY":"IDR","LVL":-1,"ADMIN":"MUN_RBC","AREA":3077},"bbox":[144537.14199399,167408.87899446,144669.96399968,167706.10999727]},{"type":"Feature","id":"StreetSurfaces.fid--1290087_1a02c00fa75_-2b72","geometry":{"type":"Polygon","coordinates":[[[144880.22129465,167976.74114782],[144877.772,167971.13000035],[144873.51,167961.36000035],[144870.554,167954.56200035],[144867.629,167947.83600035],[144865.833,167943.72500035],[144862.462,167935.99900035],[144859.398,167928.98900035],[144858.428,167926.83400035],[144858.10364391,167926.28639918],[144863.27442574,167922.60067666],[144864.24,167924.83300035],[144866.277,167929.52100035],[144869.579,167937.10700035],[144870.987,167940.32700035],[144874.17,167947.63500035],[144877.505,167955.29700035],[144880.864,167963.01900035],[144884.631,167971.64100035],[144885.828,167974.37900035],[144882.278,167975.86000035],[144881.09518905,167976.36676391],[144880.22129465,167976.74114782]]]},"geometry_name":"GEOM","properties":{"INSPIRE_ID":"https://databrussels.be/id/streetsurface/3971","TYPE":"S","STREET_ID":"https://databrussels.be/id/streetname/3172","STRNAMEFRE":"Avenue de la Persévérance","STRNAMEDUT":"Volhardingslaan","MUNNISCODE":"21001","HIERARCHY":"DR","LVL":0,"ADMIN":"MUN_RBC","AREA":339},"bbox":[144858.10364391,167922.60067666,144885.828,167976.74114782]},{"type":"Feature","id":"StreetSurfaces.fid--1290087_1a02c00fa75_-2b57","geometry":{"type":"Polygon","coordinates":[[[144584.90144758,167918.5120675],[144582.679,167922.74800035],[144580.50915022,167926.88368303],[144573.58832406,167922.78386202],[144570.88318072,167921.19258391],[144566.63181971,167918.60853867],[144561.04842039,167915.21210548],[144555.69299182,167911.60214648],[144547.65374824,167906.24946565],[144537.0603869,167898.83199677],[144530.13190445,167894.0343812],[144515.13045015,167883.69030567],[144518.67953718,167878.59995393],[144524.988,167882.95700035],[144525.60296111,167883.24503008],[144526.25081037,167883.44857278],[144526.92,167883.56400035],[144527.66067371,167883.66665272],[144528.4083938,167883.65960193],[144529.147,167883.54300035],[144529.66620195,167883.39182723],[144530.16641999,167883.18638651],[144530.642,167882.92900035],[144538.915,167888.38500035],[144538.907,167888.89500035],[144539.202,167889.63900035],[144539.761,167890.21700035],[144555.03,167900.78000035],[144563.9,167906.74000035],[144569.042,167909.95000035],[144575.49,167913.73000035],[144582.047,167917.32800035],[144584.90144758,167918.5120675]]]},"geometry_name":"GEOM","properties":{"INSPIRE_ID":"https://databrussels.be/id/streetsurface/405","TYPE":"S","STREET_ID":"https://databrussels.be/id/streetname/2952","STRNAMEFRE":"Route de Lennik","STRNAMEDUT":"Lennikse Baan","MUNNISCODE":"21001","HIERARCHY":"DR","LVL":0,"ADMIN":"MUN_RBC","AREA":661},"bbox":[144515.13045015,167878.59995393,144584.90144758,167926.88368303]},{"type":"Feature","id":"StreetSurfaces.fid--1290087_1a02c00fa75_-2ab0","geometry":{"type":"Polygon","coordinates":[[[144741.20168782,167568.25424092],[144741.968,167570.90600035],[144742.78847298,167573.74322625],[144734.759,167576.07700035],[144731.462,167577.03400035],[144725.195,167578.93700035],[144723.339,167579.54900035],[144723.29,167579.44300035],[144722.249,167579.79300035],[144720.45722092,167580.30682909],[144718.786,167574.90800035],[144741.101,167568.35500035],[144741.20168782,167568.25424092]]]},"geometry_name":"GEOM","properties":{"INSPIRE_ID":"https://databrussels.be/id/streetsurface/4086","TYPE":"S","STREET_ID":"https://databrussels.be/id/streetname/5666","STRNAMEFRE":"Rue de la Solidarité","STRNAMEDUT":"Solidariteitsstraat","MUNNISCODE":"21001","HIERARCHY":"DR","LVL":0,"ADMIN":"MUN_RBC","AREA":132},"bbox":[144718.786,167568.25424092,144742.78847298,167580.30682909]},{"type":"Feature","id":"StreetSurfaces.fid--1290087_1a02c00fa75_-2ae4","geometry":{"type":"Polygon","coordinates":[[[144715.9,167655.59000035],[144714.6,167656.37000035],[144713.52,167656.60000035],[144711.84,167656.67000035],[144710.57,167656.42000035],[144709.49,167655.98000035],[144708.33,167655.13000035],[144707.61,167654.30000035],[144707.04,167652.98000035],[144706.86,167651.80000035],[144706.87,167650.74000035],[144707.08,167649.64000035],[144707.44,167648.65000035],[144708.19,167647.58000035],[144709.22,167646.42000035],[144716.63,167639.68000035],[144724.39,167632.62000035],[144725.25630246,167631.95644953],[144726.23,167631.58000035],[144727.4,167631.36000035],[144728.91,167631.37000035],[144729.83,167631.67000035],[144731.55,167632.60000035],[144732.75,167633.85000035],[144733.43,167635.35000035],[144733.57,167637.02000035],[144733.23,167638.63000035],[144732.27,167640.33000035],[144731.01,167641.71000035],[144723.44,167648.73000035],[144715.9,167655.59000035]]]},"geometry_name":"GEOM","properties":{"INSPIRE_ID":"https://databrussels.be/id/streetsurface/41463","TYPE":"P","STREET_ID":"https://databrussels.be/id/streetname/2247","STRNAMEFRE":"Place Ernest S'Jonghers","STRNAMEDUT":"Ernest S'Jonghersplein","MUNNISCODE":"21001","HIERARCHY":"DR","LVL":0,"ADMIN":"MUN_RBC","AREA":335},"bbox":[144706.86,167631.36000035,144733.57,167656.67000035]},{"type":"Feature","id":"StreetSurfaces.fid--1290087_1a02c00fa75_-2b29","geometry":{"type":"Polygon","coordinates":[[[144702.971,167801.30400035],[144702.171,167801.10600035],[144701.373,167800.70400035],[144700.781,167800.02300035],[144695.352,167787.36900035],[144693.581,167783.11100035],[144693.134,167781.93600035],[144693.154,167781.18500035],[144694.006,167778.60900035],[144694.288,167778.38300035],[144694.774,167778.20900035],[144695.206,167778.23900035],[144697.694,167779.14600035],[144698.373,167779.84800035],[144698.771,167780.89500035],[144700.397,167785.20100035],[144704.824,167796.48500035],[144705.245,167797.71100035],[144705.27,167799.12400035],[144704.95504641,167800.11111099],[144704.376,167800.78300035],[144703.787,167801.13400035],[144702.971,167801.30400035]]]},"geometry_name":"GEOM","properties":{"INSPIRE_ID":"https://databrussels.be/id/streetsurface/41473","TYPE":"M","STREET_ID":"https://databrussels.be/id/streetname/4568","STRNAMEFRE":"Chaussée de Mons","STRNAMEDUT":"Bergense Steenweg","MUNNISCODE":"21001","HIERARCHY":"IDR","LVL":0,"ADMIN":"REGION_RBC","AREA":123},"bbox":[144693.134,167778.20900035,144705.27,167801.30400035]},{"type":"Feature","id":"StreetSurfaces.fid--1290087_1a02c00fa75_-2a96","geometry":{"type":"Polygon","coordinates":[[[144807.046,167602.22100035],[144805.069,167600.33500035],[144803.846,167598.50700035],[144797.628,167586.80000035],[144796.598,167584.85800035],[144793.435,167578.90900035],[144789.28,167571.10600035],[144789.021,167570.59700035],[144788.3,167568.79300035],[144787.584,167566.29700035],[144787.413,167563.22700035],[144787.84027557,167560.92111834],[144788.764,167558.13800035],[144790.133,167555.75000035],[144791.561,167553.98900035],[144793.816,167552.26800035],[144796.206,167551.03300035],[144798.179,167550.32300035],[144800.727,167549.98100035],[144803.44,167550.14000035],[144805.094,167550.50000035],[144806.402,167550.91400035],[144808.239,167551.76400035],[144809.675,167552.62800035],[144811.479,167554.22500035],[144812.743,167555.75900035],[144813.284,167556.61400035],[144813.788,167557.48900035],[144818.163,167565.63900035],[144823.313,167575.26800035],[144824.834,167578.09000035],[144827.266,167582.68700035],[144829.419,167586.65400035],[144829.901,167588.00500035],[144830.26,167590.19000035],[144830.158,167592.82000035],[144829.264,167596.15000035],[144828.07677205,167598.42543807],[144826.501,167600.46200035],[144824.62,167602.15700035],[144822.837,167603.33400035],[144821.204,167604.11100035],[144818.898,167604.77300035],[144815.76,167605.08100035],[144812.442,167604.66200035],[144809.307,167603.57200035],[144807.046,167602.22100035]]]},"geometry_name":"GEOM","properties":{"INSPIRE_ID":"https://databrussels.be/id/streetsurface/41474","TYPE":"P","STREET_ID":"https://databrussels.be/id/streetname/2665","STRNAMEFRE":"Place Ministre Wauters","STRNAMEDUT":"Minister Wautersplein","MUNNISCODE":"21001","HIERARCHY":"DR","LVL":0,"ADMIN":"MUN_RBC","AREA":1482},"bbox":[144787.413,167549.98100035,144830.26,167605.08100035]},{"type":"Feature","id":"StreetSurfaces.fid--1290087_1a02c00fa75_-2b79","geometry":{"type":"Polygon","coordinates":[[[144760.78138918,167942.5880507],[144760.464,167942.43700035],[144759.984,167941.99900035],[144758.068,167940.02100035],[144757.468,167938.89500035],[144755.925,167935.16300035],[144743.353,167904.14900035],[144743.133,167903.17900035],[144743.281,167902.37800035],[144743.644,167901.66900035],[144744.248,167901.10200035],[144744.94013649,167900.81668462],[144745.867,167900.79900035],[144746.718,167900.99800035],[144747.338,167901.45000035],[144747.976,167902.56300035],[144760.463,167933.20800035],[144762.081,167937.09300035],[144762.465,167938.12800035],[144762.418,167941.78100035],[144762.34873082,167941.94075032],[144762.209,167942.26300035],[144761.863,167942.55200035],[144761.48,167942.67600035],[144760.983,167942.68400035],[144760.78138918,167942.5880507]]]},"geometry_name":"GEOM","properties":{"INSPIRE_ID":"https://databrussels.be/id/streetsurface/41490","TYPE":"M","STREET_ID":"https://databrussels.be/id/streetname/4568","STRNAMEFRE":"Chaussée de Mons","STRNAMEDUT":"Bergense Steenweg","MUNNISCODE":"21001","HIERARCHY":"IDR","LVL":0,"ADMIN":"REGION_RBC","AREA":212},"bbox":[144743.133,167900.79900035,144762.465,167942.68400035]},{"type":"Feature","id":"StreetSurfaces.fid--1290087_1a02c00fa75_-2ba7","geometry":{"type":"Polygon","coordinates":[[[144934.77,167948.49000035],[144932.96,167947.95000035],[144924.96,167931.23000035],[144924.91,167931.13000035],[144925.26,167929.33000035],[144929.72,167927.27000035],[144931.38,167928.06000035],[144931.86,167928.65000035],[144939.57,167944.45000035],[144939.22,167946.33000035],[144934.77,167948.49000035]]]},"geometry_name":"GEOM","properties":{"INSPIRE_ID":"https://databrussels.be/id/streetsurface/41503","TYPE":"P","STREET_ID":"https://databrussels.be/id/streetname/4093","STRNAMEFRE":"Place du Confort","STRNAMEDUT":"Komfortplein","MUNNISCODE":"21001","HIERARCHY":"DR","LVL":0,"ADMIN":"MUN_RBC","AREA":154},"bbox":[144924.91,167927.27000035,144939.57,167948.49000035]},{"type":"Feature","id":"StreetSurfaces.fid--1290087_1a02c00fa75_-2ab5","geometry":{"type":"Polygon","coordinates":[[[144746.84704257,167561.25014131],[144747.254,167562.64100035],[144747.41,167563.20800035],[144747.674,167563.77000035],[144748.047,167564.29800035],[144748.523,167564.76200035],[144749.081,167565.13200035],[144749.692,167565.39000035],[144750.324,167565.52900035],[144750.944,167565.55400035],[144751.527,167565.47800036],[144751.7505523,167565.40844508],[144752.519,167567.95800035],[144753.31874611,167570.72557414],[144752.159,167571.07100035],[144751.094,167571.33800035],[144751.11,167571.45300035],[144749.218,167571.94100035],[144742.78847298,167573.74322625],[144741.968,167570.90600035],[144741.20168782,167568.25424092],[144742.507,167566.94800035],[144742.713,167565.68500035],[144741.96114607,167563.07045253],[144746.84704257,167561.25014131]]]},"geometry_name":"GEOM","properties":{"INSPIRE_ID":"https://databrussels.be/id/streetsurface/43990","TYPE":"I","STREET_ID":"https://databrussels.be/id/streetname/5666","STRNAMEFRE":"Rue de la Solidarité","STRNAMEDUT":"Solidariteitsstraat","MUNNISCODE":"21001","HIERARCHY":"DR","LVL":0,"ADMIN":"MUN_RBC","AREA":92},"bbox":[144741.20168782,167561.25014131,144753.31874611,167573.74322625]},{"type":"Feature","id":"StreetSurfaces.fid--1290087_1a02c00fa75_-2aac","geometry":{"type":"Polygon","coordinates":[[[144720.45722092,167580.30682909],[144719.543,167580.56900035],[144718.305,167580.93900035],[144719.402,167584.99000035],[144719.48999774,167585.31279934],[144713.77590058,167587.27079585],[144712.513,167582.60800035],[144711.87,167582.79900035],[144709.918,167583.35600035],[144709.74826537,167583.40593772],[144708.22923292,167577.68543814],[144708.932,167577.46700035],[144708.979,167577.57400035],[144710.026,167577.24200035],[144710.218,167577.23400035],[144710.476,167577.34100035],[144712.581,167576.70500035],[144714.943,167576.01700035],[144718.786,167574.90800035],[144720.45722092,167580.30682909]]]},"geometry_name":"GEOM","properties":{"INSPIRE_ID":"https://databrussels.be/id/streetsurface/43991","TYPE":"I","STREET_ID":"https://databrussels.be/id/streetname/5666","STRNAMEFRE":"Rue de la Solidarité","STRNAMEDUT":"Solidariteitsstraat","MUNNISCODE":"21001","HIERARCHY":"DR","LVL":0,"ADMIN":"MUN_RBC","AREA":91},"bbox":[144708.22923292,167574.90800035,144720.45722092,167587.27079585]},{"type":"Feature","id":"StreetSurfaces.fid--1290087_1a02c00fa75_-2b19","geometry":{"type":"Polygon","coordinates":[[[144756.68218964,167746.36210198],[144753.159,167756.28100035],[144751.39,167755.65200035],[144750.559,167757.97200035],[144752.432,167758.64200035],[144751.751,167760.54700035],[144751.647,167760.51000035],[144746.117,167776.06800035],[144746.222,167776.09600035],[144745.557,167777.99500035],[144743.69,167777.34000035],[144742.672,167780.11900035],[144744.461,167780.76900035],[144733.816,167810.71300035],[144732.215,167810.14400035],[144731.638,167811.76600035],[144730.98832654,167813.58885302],[144728.86,167812.84600035],[144727.42506407,167812.35580485],[144730.557,167803.55300035],[144728.946,167802.98500035],[144737.698,167778.30100035],[144739.486,167778.95100035],[144740.438,167776.23100035],[144738.58,167775.57700035],[144739.241,167773.68100035],[144739.339,167773.70800035],[144744.894,167758.10800035],[144745.474,167756.15900035],[144747.164,167756.75300035],[144749.099,167751.28700035],[144751.31252953,167744.47799953],[144754.134,167745.46800035],[144756.68218964,167746.36210198]]]},"geometry_name":"GEOM","properties":{"INSPIRE_ID":"https://databrussels.be/id/streetsurface/4511","TYPE":"S","STREET_ID":"https://databrussels.be/id/streetname/267","STRNAMEFRE":"Avenue des Droits de l'Homme","STRNAMEDUT":"Mensenrechtenlaan","MUNNISCODE":"21001","HIERARCHY":"DR","LVL":0,"ADMIN":"MUN_RBC","AREA":458},"bbox":[144727.42506407,167744.47799953,144756.68218964,167813.58885302]},{"type":"Feature","id":"StreetSurfaces.fid--1290087_1a02c00fa75_-2ac6","geometry":{"type":"Polygon","coordinates":[[[144502.95176199,167617.65993188],[144494.17737099,167624.35766974],[144484.57921675,167611.8442576],[144497.63884007,167610.69972303],[144502.95176199,167617.65993188]]]},"geometry_name":"GEOM","properties":{"INSPIRE_ID":"https://databrussels.be/id/streetsurface/45141","TYPE":"I","STREET_ID":"https://databrussels.be/id/streetname/7444","STRNAMEFRE":"Clos Marie Koré","STRNAMEDUT":"Marie Koréhoek","MUNNISCODE":"21001","HIERARCHY":"DR","LVL":0,"ADMIN":"MUN_RBC","AREA":136},"bbox":[144484.57921675,167610.69972303,144502.95176199,167624.35766974]},{"type":"Feature","id":"StreetSurfaces.fid--1290087_1a02c00fa75_-2acb","geometry":{"type":"Polygon","coordinates":[[[144559.9544648,167563.13246521],[144497.63884007,167610.69972303],[144484.57921675,167611.8442576],[144477.67517434,167602.87516964],[144504.68457513,167582.24382254],[144509.59672146,167588.49134921],[144568.324123,167543.77988287],[144572.47520347,167551.1088713],[144574.5338694,167556.14121819],[144559.9544648,167563.13246521]]]},"geometry_name":"GEOM","properties":{"INSPIRE_ID":"https://databrussels.be/id/streetsurface/45142","TYPE":"S","STREET_ID":"https://databrussels.be/id/streetname/7444","STRNAMEFRE":"Clos Marie Koré","STRNAMEDUT":"Marie Koréhoek","MUNNISCODE":"21001","HIERARCHY":"DR","LVL":0,"ADMIN":"MUN_RBC","AREA":1369},"bbox":[144477.67517434,167543.77988287,144574.5338694,167611.8442576]},{"type":"Feature","id":"StreetSurfaces.fid--1290087_1a02c00fa75_-2ac3","geometry":{"type":"Polygon","coordinates":[[[144494.17737099,167624.35766974],[144502.95176199,167617.65993188],[144535.71222354,167660.57787001],[144526.96092007,167667.30585376],[144494.17737099,167624.35766974]]]},"geometry_name":"GEOM","properties":{"INSPIRE_ID":"https://databrussels.be/id/streetsurface/45144","TYPE":"S","STREET_ID":"https://databrussels.be/id/streetname/7444","STRNAMEFRE":"Clos Marie Koré","STRNAMEDUT":"Marie Koréhoek","MUNNISCODE":"21001","HIERARCHY":"DR","LVL":0,"ADMIN":"MUN_RBC","AREA":596},"bbox":[144494.17737099,167617.65993188,144535.71222354,167667.30585376]},{"type":"Feature","id":"StreetSurfaces.fid--1290087_1a02c00fa75_-2b5c","geometry":{"type":"Polygon","coordinates":[[[144498.00751051,167876.68707683],[144503.82631997,167868.34132853],[144518.67953718,167878.59995393],[144515.13045015,167883.69030567],[144513.24617653,167882.39102707],[144511.92184311,167881.50282526],[144510.95718953,167881.50689118],[144510.51232137,167881.58654732],[144510.07227652,167881.68956828],[144509.63828125,167881.81566699],[144509.21154493,167881.96449206],[144508.82599033,167882.12129779],[144508.44851241,167882.29665688],[144508.08000337,167882.49015488],[144507.72133418,167882.70133443],[144497.1618149,167889.11446203],[144490.47425517,167893.24020849],[144487.90056465,167894.72290012],[144486.74077638,167895.44684124],[144484.55292822,167892.26694336],[144485.5339373,167891.67626147],[144485.96528146,167891.41707998],[144488.49062461,167889.89967869],[144491.59449385,167887.96260207],[144494.91519459,167885.9976656],[144496.79503312,167884.71523432],[144497.38130141,167884.25178235],[144497.90007104,167883.71384526],[144498.34195667,167883.11115519],[144498.69896389,167882.45461572],[144498.9646339,167881.75610467],[144499.13416032,167881.0282592],[144499.20139467,167880.37256075],[144499.19050596,167879.71351421],[144499.10164743,167879.06039471],[144498.93606964,167878.422394],[144498.69610286,167877.80849103],[144498.38512429,167877.22732561],[144498.00751051,167876.68707683]]]},"geometry_name":"GEOM","properties":{"INSPIRE_ID":"https://databrussels.be/id/streetsurface/45671","TYPE":"I","STREET_ID":"https://databrussels.be/id/streetname/2952","STRNAMEFRE":"Route de Lennik","STRNAMEDUT":"Lennikse Baan","MUNNISCODE":"21001","HIERARCHY":"DR","LVL":0,"ADMIN":"MUN_RBC","AREA":266},"bbox":[144484.55292822,167868.34132853,144518.67953718,167895.44684124]},{"type":"Feature","id":"StreetSurfaces.fid--1290087_1a02c00fa75_-2b5d","geometry":{"type":"Polygon","coordinates":[[[144498.00751051,167876.68707683],[144497.55895011,167876.20429133],[144497.28845721,167875.91315986],[144496.80182964,167875.53920512],[144496.27805701,167875.21934459],[144495.72312721,167874.95723497],[144495.14338434,167874.75587277],[144494.54545616,167874.61756],[144493.93617832,167874.54387791],[144493.27211911,167874.5379132],[144492.61181543,167874.60868938],[144491.96410597,167874.75525906],[144491.33766083,167874.97566027],[144490.74086546,167875.26694277],[144490.18170843,167875.62520753],[144489.00421904,167876.30745997],[144483.18141377,167879.88588177],[144482.62986198,167880.22483952],[144480.07946272,167881.79219475],[144478.13682754,167882.94110887],[144475.94499233,167879.75530372],[144477.9965808,167878.52320633],[144480.55574066,167876.9558307],[144484.21971338,167874.73708267],[144484.53790031,167874.53675504],[144485.09006793,167874.16525679],[144485.60394007,167873.74236739],[144486.07475093,167873.27200883],[144486.49813406,167872.75854339],[144486.87016285,167872.2067331],[144487.18738702,167871.62169561],[144487.44686451,167871.00885675],[144487.64618885,167870.37390019],[144487.79347033,167869.65897845],[144487.86452102,167868.93250978],[144487.85854824,167868.20259933],[144487.77561861,167867.47739067],[144487.61665738,167866.76497487],[144487.38343806,167866.07330033],[144487.07856267,167865.41008398],[144486.04120374,167863.66396739],[144485.19458425,167863.07898942],[144483.4631887,167861.84792063],[144481.89651745,167860.77068549],[144485.28578782,167855.5335124],[144489.78,167858.64000035],[144503.82631997,167868.34132853],[144498.00751051,167876.68707683]]]},"geometry_name":"GEOM","properties":{"INSPIRE_ID":"https://databrussels.be/id/streetsurface/45672","TYPE":"I","STREET_ID":"https://databrussels.be/id/streetname/2952","STRNAMEFRE":"Route de Lennik","STRNAMEDUT":"Lennikse Baan","MUNNISCODE":"21001","HIERARCHY":"DR","LVL":0,"ADMIN":"MUN_RBC","AREA":269},"bbox":[144475.94499233,167855.5335124,144503.82631997,167882.94110887]},{"type":"Feature","id":"StreetSurfaces.fid--1290087_1a02c00fa75_-2b7d","geometry":{"type":"Polygon","coordinates":[[[144524.52873643,168113.35793021],[144523.32602356,168110.55574231],[144504.67003257,168068.88886687],[144503.18410812,168065.60467888],[144483.42287785,168021.2613828],[144474.32663913,168001.12577293],[144480.62247118,167998.23883091],[144489.99165095,168019.03115235],[144496.78239314,168034.15558438],[144508.82934966,168061.16114201],[144512.74207808,168069.94055356],[144527.39681342,168102.86491864],[144529.48318548,168107.50360432],[144530.6880061,168110.11698957],[144524.52873643,168113.35793021]]]},"geometry_name":"GEOM","properties":{"INSPIRE_ID":"https://databrussels.be/id/streetsurface/45681","TYPE":"S","STREET_ID":"https://databrussels.be/id/streetname/3665","STRNAMEFRE":"Avenue Eugène Baie","STRNAMEDUT":"Eugène Baielaan","MUNNISCODE":"21001","HIERARCHY":"DR","LVL":0,"ADMIN":"MUN_RBC","AREA":850},"bbox":[144474.32663913,167998.23883091,144530.6880061,168113.35793021]},{"type":"Feature","id":"StreetSurfaces.fid--1290087_1a02c00fa75_-2bb3","geometry":{"type":"Polygon","coordinates":[[[144996.90897614,167909.19808414],[144995.341,167906.33300035],[144995.417,167904.48600035],[144999.137,167902.52400035],[145000,167902.07100035],[145007.065,167898.37900035],[145016.913,167893.23400035],[145018.434,167894.34800035],[145019.348,167893.87000035],[145019.308,167891.98600035],[145023.06,167890.03000035],[145044.73,167878.61000035],[145046.93,167879.49000035],[145049.19,167878.31000035],[145054.96,167875.30000035],[145054.841,167873.32600035],[145080.194,167860.23600035],[145081.856,167861.26500035],[145082.738,167860.80400035],[145082.859,167858.86000035],[145102.44,167848.75000035],[145103.926,167849.74800035],[145106.571,167848.36800035],[145106.733,167848.23600035],[145106.832,167848.05200035],[145106.94134698,167847.68789613],[145108.22,167850.41600035],[145108.65594482,167851.34630247],[145108.184,167851.30100035],[145107.391,167851.53500035],[145088.63,167861.27000035],[145074.1,167868.89000035],[145049.85,167881.55000035],[145046.2,167883.43000035],[145032.61,167890.46000035],[145024.93,167894.47000035],[145009.377,167902.70100035],[145001.465,167906.78800035],[144996.90897614,167909.19808414]]]},"geometry_name":"GEOM","properties":{"INSPIRE_ID":"https://databrussels.be/id/streetsurface/4650","TYPE":"S","STREET_ID":"https://databrussels.be/id/streetname/3622","STRNAMEFRE":"Plaine des Loisirs","STRNAMEDUT":"Lustplein","MUNNISCODE":"21001","HIERARCHY":"DR","LVL":0,"ADMIN":"MUN_RBC","AREA":581},"bbox":[144995.341,167847.68789613,145108.65594482,167909.19808414]},{"type":"Feature","id":"StreetSurfaces.fid--1290087_1a02c00fa75_-2adf","geometry":{"type":"Polygon","coordinates":[[[144743.83825985,167715.48812584],[144740.05902357,167717.2395511],[144739.326,167715.74500035],[144738.634,167714.21200035],[144730.55,167697.05000035],[144729.87,167695.58000035],[144729.33,167694.35000035],[144728.99,167693.27000035],[144728.57,167691.69000035],[144726.74,167684.44000035],[144725.14,167678.32000035],[144723.61934797,167672.23739224],[144725.51,167671.75000035],[144727.6498479,167671.19881822],[144729.97,167680.22000035],[144732.77,167690.76000035],[144733.19,167692.39000035],[144733.39,167693.06000035],[144733.65,167693.70000035],[144735.12,167696.96000035],[144743.091,167713.97700035],[144743.83825985,167715.48812584]]]},"geometry_name":"GEOM","properties":{"INSPIRE_ID":"https://databrussels.be/id/streetsurface/4728","TYPE":"S","STREET_ID":"https://databrussels.be/id/streetname/1198","STRNAMEFRE":"Rue de l'Emancipation","STRNAMEDUT":"Ontvoogdingsstraat","MUNNISCODE":"21001","HIERARCHY":"DR","LVL":0,"ADMIN":"MUN_RBC","AREA":200},"bbox":[144723.61934797,167671.19881822,144743.83825985,167717.2395511]},{"type":"Feature","id":"StreetSurfaces.fid--1290087_1a02c00fa75_-2b74","geometry":{"type":"Polygon","coordinates":[[[144794.53918158,167942.35809537],[144794.98,167942.13000035],[144811.52,167933.51000035],[144816.8,167930.79000035],[144817.05,167930.68000035],[144817.31,167930.57000035],[144817.56,167930.47000035],[144818.65,167930.09000035],[144820.89,167929.47000035],[144828.04,167927.53000035],[144828.83,167927.23000035],[144829.34,167927.01000035],[144829.84,167926.78000035],[144830.33,167926.54000035],[144840.181,167921.29400035],[144843.687,167919.44600035],[144844.625,167918.96400035],[144848.81221634,167916.76623257],[144851.14686404,167923.99454895],[144848.111,167925.55800035],[144847.514,167925.86500035],[144846.148,167926.59000035],[144843.212,167928.13600035],[144826.82,167936.92000035],[144811.34,167944.91000035],[144804.09,167948.65000035],[144798.92317571,167951.14062454],[144796.67,167946.62800035],[144794.53918158,167942.35809537]]]},"geometry_name":"GEOM","properties":{"INSPIRE_ID":"https://databrussels.be/id/streetsurface/5225","TYPE":"S","STREET_ID":"https://databrussels.be/id/streetname/5340","STRNAMEFRE":"Avenue de la Société Nationale","STRNAMEDUT":"Nationale Maatschappijlaan","MUNNISCODE":"21001","HIERARCHY":"DR","LVL":0,"ADMIN":"MUN_RBC","AREA":525},"bbox":[144794.53918158,167916.76623257,144851.14686404,167951.14062454]},{"type":"Feature","id":"StreetSurfaces.fid--1290087_1a02c00fa75_-2acd","geometry":{"type":"Polygon","coordinates":[[[144587.86925523,167534.55865265],[144593.777,167532.22600035],[144598.19650319,167530.62824361],[144599.736,167534.43200035],[144601.56,167533.66800035],[144601.797,167533.57700035],[144604.178,167539.44300035],[144605.871,167543.42000035],[144606.895,167546.01500035],[144608.595,167550.08000035],[144609.428,167552.15200035],[144610.709,167555.23100035],[144616.489,167569.43000035],[144617.275,167571.48800035],[144618.513,167574.57400035],[144623.812,167587.69300035],[144623.85380797,167587.7937019],[144617.729,167590.23000035],[144611.63302285,167592.80316598],[144604.973,167576.52100035],[144604.228,167574.55300035],[144597.687,167558.40100035],[144596.879,167556.42000035],[144591.994,167544.71400035],[144588.967,167537.27200035],[144588.477,167536.05700035],[144587.86925523,167534.55865265]]]},"geometry_name":"GEOM","properties":{"INSPIRE_ID":"https://databrussels.be/id/streetsurface/5296","TYPE":"S","STREET_ID":"https://databrussels.be/id/streetname/4568","STRNAMEFRE":"Chaussée de Mons","STRNAMEDUT":"Bergense Steenweg","MUNNISCODE":"21001","HIERARCHY":"IDR","LVL":0,"ADMIN":"REGION_RBC","AREA":823},"bbox":[144587.86925523,167530.62824361,144623.85380797,167592.80316598]},{"type":"Feature","id":"StreetSurfaces.fid--1290087_1a02c00fa75_-2ba4","geometry":{"type":"Polygon","coordinates":[[[145004.605,167830.17200035],[145002.784,167831.03200035],[145000.80999578,167832.06129405],[145000.75,167831.91000035],[145000.49,167831.35000035],[145000.22,167830.78000035],[145000,167830.38000035],[144993.96,167819.24000035],[144985.28,167802.92000035],[144976.82,167787.07000035],[144970.14,167774.77000035],[144961.91,167759.07000035],[144953.105,167742.45500035],[144950.98072432,167738.48867554],[144954.25996703,167735.7039134],[144956.33,167739.60000035],[144956.88,167740.63500035],[144959.93,167746.56000035],[144966.02,167758.00000035],[144968.72,167763.04000035],[144972.16,167769.49000035],[144979.77,167783.80000035],[144987.97,167799.12000035],[144988.67,167800.43000035],[144998.02,167817.95000035],[145000,167821.63000035],[145004.605,167830.17200035]]]},"geometry_name":"GEOM","properties":{"INSPIRE_ID":"https://databrussels.be/id/streetsurface/5415","TYPE":"S","STREET_ID":"https://databrussels.be/id/streetname/2761","STRNAMEFRE":"Rue du Savoir","STRNAMEDUT":"Kennisstraat","MUNNISCODE":"21001","HIERARCHY":"DR","LVL":0,"ADMIN":"MUN_RBC","AREA":444},"bbox":[144950.98072432,167735.7039134,145004.605,167832.06129405]},{"type":"Feature","id":"StreetSurfaces.fid--1290087_1a02c00fa75_-2afd","geometry":{"type":"Polygon","coordinates":[[[144906.88073382,167760.06881322],[144904.06978612,167761.9622325],[144901.929,167757.93700035],[144900.659,167755.64300035],[144882.99427727,167722.68389803],[144887.56731,167720.38936934],[144888.041,167721.27200035],[144892.565,167729.71500035],[144896.006,167736.15100035],[144903.078,167749.39000035],[144906.321,167755.47500035],[144904.814,167756.36200035],[144906.76,167759.91200035],[144906.88073382,167760.06881322]]]},"geometry_name":"GEOM","properties":{"INSPIRE_ID":"https://databrussels.be/id/streetsurface/5507","TYPE":"S","STREET_ID":"https://databrussels.be/id/streetname/4202","STRNAMEFRE":"Avenue Guillaume Melckmans","STRNAMEDUT":"Guillaume Melckmanslaan","MUNNISCODE":"21001","HIERARCHY":"DR","LVL":0,"ADMIN":"MUN_RBC","AREA":218},"bbox":[144882.99427727,167720.38936934,144906.88073382,167761.9622325]},{"type":"Feature","id":"StreetSurfaces.fid--1290087_1a02c00fa75_-2bae","geometry":{"type":"Polygon","coordinates":[[[144914.7820764,167888.01618263],[144913.614,167885.77700035],[144912.39167569,167883.44076302],[144914.559,167882.30300035],[144921.032,167878.91300035],[144927.616,167875.47900035],[144935.246,167871.48600035],[144942.141,167867.86500035],[144947.745,167864.95100035],[144951.49505344,167863.00614891],[144954.1072489,167867.5028423],[144953.348,167867.89900035],[144951.154,167869.01900035],[144945.923,167871.75900035],[144939.372,167875.17400035],[144936.723,167876.56900035],[144929.407,167880.37900035],[144923.39,167883.52400035],[144916.758,167886.98700035],[144914.7820764,167888.01618263]]]},"geometry_name":"GEOM","properties":{"INSPIRE_ID":"https://databrussels.be/id/streetsurface/5508","TYPE":"S","STREET_ID":"https://databrussels.be/id/streetname/5340","STRNAMEFRE":"Avenue de la Société Nationale","STRNAMEDUT":"Nationale Maatschappijlaan","MUNNISCODE":"21001","HIERARCHY":"DR","LVL":0,"ADMIN":"MUN_RBC","AREA":229},"bbox":[144912.39167569,167863.00614891,144954.1072489,167888.01618263]},{"type":"Feature","id":"StreetSurfaces.fid--1290087_1a02c00fa75_-2a9f","geometry":{"type":"Polygon","coordinates":[[[144813.99080898,167533.57181423],[144817.347,167531.73100035],[144818.296,167531.21100035],[144823.868,167528.16400035],[144824.674,167527.74300035],[144827.946,167525.91800035],[144828.108,167525.86100035],[144831.351,167524.06700035],[144836.302,167521.34800035],[144837.083,167520.90800035],[144845.558,167516.28000035],[144855.662,167510.72400035],[144858.719,167509.05900035],[144858.498,167504.55900035],[144860.866,167504.43100035],[144860.814,167503.32000035],[144863.183,167503.19000035],[144863.148,167502.07400035],[144865.621,167501.90600035],[144865.896,167506.79900035],[144868.403,167505.22900035],[144869.261,167504.70600035],[144870.163,167504.22300035],[144871.04,167503.77300035],[144871.959,167503.34400035],[144872.91,167502.96100035],[144873.903,167502.73600035],[144874.877,167502.60100035],[144875.891,167502.53000035],[144881.757,167502.19800036],[144883.735,167500.18500035],[144888.8,167499.89600035],[144894.381,167499.58100035],[144899.426,167499.29300035],[144901.569,167501.07200035],[144912.334,167500.44500035],[144913.316,167501.39300035],[144919.343,167501.13300035],[144920.206,167500.01100035],[144929.26,167499.48700035],[144931.099,167497.50000035],[144936.187,167497.19200035],[144941.679,167496.92200035],[144946.729,167496.62600036],[144952.233,167496.32000035],[144957.312,167496.04100035],[144959.295,167497.85000035],[144960.251,167497.78500035],[144965.052,167498.82500035],[144967.842,167498.66400035],[144970.70031695,167498.50041858],[144977.994,167498.08300035],[144978.116,167500.04800035],[144978.711,167500.02100035],[144979.301,167499.94200035],[144979.881,167499.80900035],[144980.447,167499.62500035],[144980.992,167499.39100035],[144981.514,167499.10900035],[144982.07,167498.74100035],[144982.894,167503.51700035],[144981.739,167503.44900035],[144980.684,167503.47300035],[144975.354,167503.72800035],[144971.08040952,167503.61807739],[144970.572,167503.60500035],[144961.438,167504.09500035],[144955.244,167504.42100035],[144955.196,167503.50100035],[144954.118,167503.55000035],[144954.125,167503.66500035],[144952.11,167503.77100035],[144942.149,167504.35200035],[144932.135,167504.91500035],[144930.157,167505.02900035],[144930.15,167504.91500035],[144928.985,167504.98800035],[144929.042,167505.89400035],[144924.45,167506.16000035],[144915.149,167506.69000035],[144910.98,167506.93200035],[144903.802,167507.30300035],[144903.744,167506.41200035],[144902.656,167506.49500035],[144902.664,167506.60800035],[144900.65,167506.72200035],[144890.17,167507.29700035],[144874.17,167508.20800035],[144873.493,167508.33100035],[144872.45,167508.56800035],[144871.422,167508.88300035],[144870.454,167509.24500035],[144869.211,167509.77100035],[144867.654,167510.53100035],[144866.237,167511.25400035],[144864.958,167511.89400035],[144857.361,167515.95400035],[144850.071,167519.90200035],[144849.113,167520.43600035],[144849.168,167520.53700035],[144847.404,167521.49700035],[144843.019,167523.89700035],[144838.137,167526.55400035],[144829.36,167531.35300035],[144827.616,167532.29500035],[144827.557,167532.19000035],[144826.554,167532.73500035],[144824.872,167533.72200035],[144818.664,167537.11600035],[144816.638,167538.36400035],[144816.541,167538.16800035],[144816.39497624,167538.24813183],[144814.78752855,167535.12150415],[144814.56210322,167534.68303198],[144814.27633628,167534.12719004],[144813.99080898,167533.57181423]]]},"geometry_name":"GEOM","properties":{"INSPIRE_ID":"https://databrussels.be/id/streetsurface/5775","TYPE":"S","STREET_ID":"https://databrussels.be/id/streetname/3435","STRNAMEFRE":"Rue des Plébéiens","STRNAMEDUT":"Plebejersstraat","MUNNISCODE":"21001","HIERARCHY":"DR","LVL":0,"ADMIN":"MUN_RBC","AREA":1081},"bbox":[144813.99080898,167496.04100035,144982.894,167538.36400035]},{"type":"Feature","id":"StreetSurfaces.fid--1290087_1a02c00fa75_-2b3a","geometry":{"type":"Polygon","coordinates":[[[144901.68448143,167889.04505179],[144901.82,167888.97400035],[144903.738,167887.96700035],[144909.311,167885.05800035],[144912.39167569,167883.44076302],[144913.614,167885.77700035],[144914.7820764,167888.01618263],[144914.529,167888.14800035],[144913.798,167888.79200035],[144913.467,167889.24700035],[144913.221,167889.75200035],[144913.067,167890.29300035],[144913.01,167890.87700035],[144913.059,167891.46100035],[144913.198,167891.74700035],[144907.81691734,167894.4888448],[144907.673,167894.21800035],[144906.921,167893.69400035],[144906.548,167893.48200035],[144906.147,167893.33200035],[144905.727,167893.24700035],[144905.299,167893.22900035],[144904.87,167893.27900035],[144904.455,167893.39700035],[144904.02306193,167893.60074772],[144901.68448143,167889.04505179]]]},"geometry_name":"GEOM","properties":{"INSPIRE_ID":"https://databrussels.be/id/streetsurface/5799","TYPE":"I","STREET_ID":"https://databrussels.be/id/streetname/5340","STRNAMEFRE":"Avenue de la Société Nationale","STRNAMEDUT":"Nationale Maatschappijlaan","MUNNISCODE":"21001","HIERARCHY":"DR","LVL":0,"ADMIN":"MUN_RBC","AREA":81},"bbox":[144901.68448143,167883.44076302,144914.7820764,167894.4888448]},{"type":"Feature","id":"StreetSurfaces.fid--1290087_1a02c00fa75_-2b0e","geometry":{"type":"Polygon","coordinates":[[[144829.27190719,167609.93192354],[144829.124,167610.33200035],[144828.932,167611.58700035],[144829.043,167613.16900035],[144829.533,167614.67300035],[144830.986,167617.44800035],[144832.117,167619.54400035],[144833.666,167618.74100035],[144837.624,167626.18300035],[144840.999,167632.53400035],[144851.292,167651.95100035],[144853.482,167656.06200035],[144854.997,167658.95000035],[144857.045,167662.78000035],[144857.38364708,167663.30513742],[144852.80932611,167665.75386483],[144851.368,167663.02200035],[144848.471,167657.56700035],[144843.927,167648.95400035],[144838.62,167638.99100035],[144833.94,167630.15500035],[144832.771,167627.94300035],[144830.452,167623.58100035],[144829.303,167621.43200035],[144828.028,167618.99600035],[144826.414,167616.00300035],[144825.563,167614.67700035],[144825.01980314,167614.06924528],[144829.27190719,167609.93192354]]]},"geometry_name":"GEOM","properties":{"INSPIRE_ID":"https://databrussels.be/id/streetsurface/5821","TYPE":"S","STREET_ID":"https://databrussels.be/id/streetname/4202","STRNAMEFRE":"Avenue Guillaume Melckmans","STRNAMEDUT":"Guillaume Melckmanslaan","MUNNISCODE":"21001","HIERARCHY":"DR","LVL":0,"ADMIN":"MUN_RBC","AREA":291},"bbox":[144825.01980314,167609.93192354,144857.38364708,167665.75386483]},{"type":"Feature","id":"StreetSurfaces.fid--1290087_1a02c00fa75_-2aa2","geometry":{"type":"Polygon","coordinates":[[[144993.12650609,167492.26316202],[144993.543,167494.05700035],[144993.799,167495.05600035],[144994.046,167496.04500035],[144994.81,167498.95700035],[144995.091,167499.91200035],[144995.387,167500.89100035],[144995.974,167502.82600035],[144996.465,167504.42500035],[144996.9,167505.74400035],[144997.322,167507.06200035],[144997.764,167508.37800035],[144998.387,167510.28500035],[144999.2725661,167512.7849762],[144994.43343893,167514.22091584],[144993.959,167513.10400035],[144993.169,167511.25200035],[144992.842,167510.64900035],[144992.29,167509.79400035],[144991.667,167508.97300035],[144991.005,167508.21900035],[144990.298,167507.49100035],[144989.586,167506.78600035],[144988.829,167506.12600035],[144988.016,167505.49500035],[144987.174,167504.95600035],[144986.258,167504.49100035],[144984.62787363,167495.06216762],[144984.60868908,167494.95120203],[144984.766,167494.44700035],[144984.909,167493.80700035],[144984.93508474,167493.61462538],[144993.12650609,167492.26316202]]]},"geometry_name":"GEOM","properties":{"INSPIRE_ID":"https://databrussels.be/id/streetsurface/6415","TYPE":"I","STREET_ID":"https://databrussels.be/id/streetname/3024","STRNAMEFRE":"Rue des Colombophiles","STRNAMEDUT":"Duivenmelkersstraat","MUNNISCODE":"21001","HIERARCHY":"DR","LVL":0,"ADMIN":"MUN_RBC","AREA":170},"bbox":[144984.60868908,167492.26316202,144999.2725661,167514.22091584]},{"type":"Feature","id":"StreetSurfaces.fid--1290087_1a02c00fa75_-2b64","geometry":{"type":"Polygon","coordinates":[[[144871.7870419,167992.16042949],[144870.194,167991.80500035],[144852.46,167987.66000035],[144826.4,167981.58000035],[144804.18250366,167976.22201758],[144805.264,167972.61500035],[144806.23966391,167969.36095649],[144824.13,167973.65000035],[144856.68,167981.34000035],[144871.884,167984.96700035],[144873.20171189,167985.29586673],[144872.49521997,167988.72405717],[144871.7870419,167992.16042949]]]},"geometry_name":"GEOM","properties":{"INSPIRE_ID":"https://databrussels.be/id/streetsurface/8102","TYPE":"S","STREET_ID":"https://databrussels.be/id/streetname/4385","STRNAMEFRE":"Avenue Waxweiler","STRNAMEDUT":"Waxweilerlaan","MUNNISCODE":"21001","HIERARCHY":"DR","LVL":0,"ADMIN":"MUN_RBC","AREA":494},"bbox":[144804.18250366,167969.36095649,144873.20171189,167992.16042949]},{"type":"Feature","id":"StreetSurfaces.fid--1290087_1a02c00fa75_-2b9e","geometry":{"type":"Polygon","coordinates":[[[144964.16455839,167867.26344499],[144964.567,167868.28900035],[144965.962,167870.94600035],[144967.665,167874.03900035],[144969.185,167873.20800035],[144972.611,167879.70600035],[144975.497,167885.06500035],[144982.269,167897.76000035],[144985.023,167903.00000035],[144983.513,167903.83300035],[144984.09604304,167904.91465441],[144981.37943247,167906.61530243],[144978.885,167901.91500035],[144970.741,167886.69800035],[144965.667,167877.19800035],[144961.463,167869.32000035],[144961.26325413,167869.02414696],[144963.115,167867.92000035],[144964.16455839,167867.26344499]]]},"geometry_name":"GEOM","properties":{"INSPIRE_ID":"https://databrussels.be/id/streetsurface/818","TYPE":"S","STREET_ID":"https://databrussels.be/id/streetname/4202","STRNAMEFRE":"Avenue Guillaume Melckmans","STRNAMEDUT":"Guillaume Melckmanslaan","MUNNISCODE":"21001","HIERARCHY":"DR","LVL":0,"ADMIN":"MUN_RBC","AREA":196},"bbox":[144961.26325413,167867.26344499,144985.023,167906.61530243]},{"type":"Feature","id":"StreetSurfaces.fid--1290087_1a02c00fa75_-2b0b","geometry":{"type":"Polygon","coordinates":[[[144862.77038456,167673.52159356],[144860.716,167674.62200035],[144858.22255299,167675.97520368],[144854.465,167668.89200035],[144852.80932611,167665.75386483],[144857.38364708,167663.30513742],[144857.479,167663.45300035],[144857.962,167664.01700035],[144858.571,167664.58300035],[144859.246,167664.99600035],[144859.989,167665.30600035],[144861.525,167665.56500035],[144862.307,167665.54200035],[144863.105,167665.39400035],[144866.729,167663.94700035],[144866.818,167664.17200035],[144867.06954345,167664.07157822],[144868.57230129,167666.9864981],[144868.076,167667.18600035],[144865.234,167668.32700035],[144863.772,167668.92000035],[144863.419,167669.10100035],[144863.1,167669.33600035],[144862.825,167669.61500035],[144862.597,167669.93400035],[144862.257,167670.65400035],[144862.123,167671.43100035],[144862.197,167672.21100035],[144862.471,167672.95100035],[144862.77038456,167673.52159356]]]},"geometry_name":"GEOM","properties":{"INSPIRE_ID":"https://databrussels.be/id/streetsurface/8367","TYPE":"I","STREET_ID":"https://databrussels.be/id/streetname/4202","STRNAMEFRE":"Avenue Guillaume Melckmans","STRNAMEDUT":"Guillaume Melckmanslaan","MUNNISCODE":"21001","HIERARCHY":"DR","LVL":0,"ADMIN":"MUN_RBC","AREA":96},"bbox":[144852.80932611,167663.30513742,144868.57230129,167675.97520368]},{"type":"Feature","id":"StreetSurfaces.fid--1290087_1a02c00fa75_-2b01","geometry":{"type":"Polygon","coordinates":[[[144874.68187717,167717.90873109],[144875.461,167717.48300035],[144876.101,167717.02000035],[144876.706,167716.41200035],[144877.202,167715.71100035],[144877.594,167714.81300035],[144877.717,167714.25400035],[144877.761,167713.44900035],[144877.617,167712.66600035],[144877.294,167711.93800035],[144876.86716782,167711.13086696],[144881.48508971,167708.92006599],[144883.778,167713.24800035],[144886.512,167718.42300035],[144887.56731,167720.38936934],[144882.99427727,167722.68389803],[144882.11,167721.03400035],[144881.832,167720.68200035],[144881.594,167720.45800035],[144881.387,167720.30800035],[144881.06,167720.14800035],[144880.534,167720.01100035],[144880.031,167720.00100035],[144879.534,167720.07400035],[144879.051,167720.23200035],[144878.603,167720.47000035],[144876.95154851,167721.35364034],[144874.68187717,167717.90873109]]]},"geometry_name":"GEOM","properties":{"INSPIRE_ID":"https://databrussels.be/id/streetsurface/8375","TYPE":"I","STREET_ID":"https://databrussels.be/id/streetname/4202","STRNAMEFRE":"Avenue Guillaume Melckmans","STRNAMEDUT":"Guillaume Melckmanslaan","MUNNISCODE":"21001","HIERARCHY":"DR","LVL":0,"ADMIN":"MUN_RBC","AREA":92},"bbox":[144874.68187717,167708.92006599,144887.56731,167722.68389803]},{"type":"Feature","id":"StreetSurfaces.fid--1290087_1a02c00fa75_-2aa5","geometry":{"type":"Polygon","coordinates":[[[144719.48999774,167585.31279934],[144721.488,167592.64200035],[144720.602,167592.89900035],[144723.562,167603.26500035],[144725.927,167611.52000035],[144726.81,167614.91000035],[144727.38,167616.36000035],[144727.85,167617.46000035],[144728.11526566,167618.00921235],[144725.974,167618.85900035],[144723.61908115,167619.79436532],[144723.54,167619.15000035],[144723.11,167616.79000035],[144721.991,167612.58700035],[144721.598,167611.22900035],[144721.087,167609.44400035],[144720.348,167606.86400035],[144718.875,167601.83500035],[144716.597,167594.10400035],[144716.601,167593.98300035],[144715.576,167593.91700035],[144713.77590058,167587.27079585],[144719.48999774,167585.31279934]]]},"geometry_name":"GEOM","properties":{"INSPIRE_ID":"https://databrussels.be/id/streetsurface/864","TYPE":"S","STREET_ID":"https://databrussels.be/id/streetname/4406","STRNAMEFRE":"Rue du Symbole","STRNAMEDUT":"Zinnebeeldstraat","MUNNISCODE":"21001","HIERARCHY":"DR","LVL":0,"ADMIN":"MUN_RBC","AREA":154},"bbox":[144713.77590058,167585.31279934,144728.11526566,167619.79436532]},{"type":"Feature","id":"StreetSurfaces.fid--1290087_1a02c00fa75_-2b54","geometry":{"type":"Polygon","coordinates":[[[144623.45245946,167946.15697537],[144620.51,167945.15000035],[144613.73,167942.49000035],[144608.79,167940.52000035],[144600.27,167936.70000035],[144591.19,167932.49000035],[144581.06,167927.21000035],[144580.50915022,167926.88368303],[144582.679,167922.74800035],[144584.90144758,167918.5120675],[144585.422,167918.72800035],[144588.898,167919.86800035],[144592.449,167920.74200035],[144596.12,167921.42000035],[144599.67,167921.93000035],[144603.17,167922.29000035],[144606.45,167922.36700035],[144609.724,167922.14400035],[144612.963,167921.62400035],[144616.142,167920.81000035],[144619.233,167919.70900035],[144622.21,167918.33000035],[144624.9920871,167916.66476072],[144627.201,167920.04700035],[144629.42663749,167923.45484831],[144625.589,167925.98200035],[144624.92,167926.51000035],[144624.489,167926.99200035],[144623.809,167928.33200035],[144623.739,167929.15200035],[144623.929,167931.68200035],[144624.199,167933.70200035],[144624.499,167934.73200035],[144625.109,167935.58200035],[144625.819,167936.19200035],[144626.91441724,167936.61716229],[144625.13,167941.53400035],[144623.45245946,167946.15697537]]]},"geometry_name":"GEOM","properties":{"INSPIRE_ID":"https://databrussels.be/id/streetsurface/937","TYPE":"I","STREET_ID":"https://databrussels.be/id/streetname/2952","STRNAMEFRE":"Route de Lennik","STRNAMEDUT":"Lennikse Baan","MUNNISCODE":"21001","HIERARCHY":"DR","LVL":0,"ADMIN":"MUN_RBC","AREA":752},"bbox":[144580.50915022,167916.66476072,144629.42663749,167946.15697537]}],"numberReturned":309,"grand_bruxelles_source":{"authority":"Paradigm / Brussels-Capital Region","service":"https://geoservices-urbis.irisnet.be/geoserver/urbisvector/wfs","layer":"urbisvector:StreetSurfaces","crs":"EPSG:31370","bbox":[144500.0,167500.0,145000.0,168000.0],"cell_id":"bxl-e144500-n167500-s500","ownership":"bbox_intersection_source_unclipped"}}
