{"type":"FeatureCollection","totalFeatures":238,"numberMatched":238,"timeStamp":"2026-08-23T03:17:54.227Z","crs":{"type":"name","properties":{"name":"urn:ogc:def:crs:EPSG::31370"}},"bbox":[150417.673,169420.08400034,151267.99100001,170187.514],"features":[{"type":"Feature","id":"StreetSurfaces.fid-6b1d3889_1a02c238f6c_-ee0","geometry":{"type":"Polygon","coordinates":[[[150956.45419674,169823.04145745],[150956.96384227,169822.60135226],[150964.97143337,169815.62766949],[150973.82000001,169807.88000034],[150982.15999999,169800.69000036],[150990.49000001,169793.49000036],[151000,169785.27000035],[151025.25999999,169763.43000034],[151071.73849101,169723.09700636],[151076.33050699,169719.13977236],[151079.12367916,169716.7252546],[151081.48699999,169719.46400036],[151083.89121644,169722.25074731],[151045.65,169755.26000034],[151000,169794.72000035],[150993.70999999,169800.16000034],[150986.78,169806.14000036],[150979.85999999,169812.13000034],[150968.59609034,169821.85082535],[150961.02171925,169828.33549145],[150956.45419674,169823.04145745]]]},"geometry_name":"GEOM","properties":{"INSPIRE_ID":"https://databrussels.be/id/streetsurface/10512","TYPE":"S","STREET_ID":"https://databrussels.be/id/streetname/2285","STRNAMEFRE":"Rue de la Tourelle","STRNAMEDUT":"Torekenstraat","MUNNISCODE":"21005","HIERARCHY":"DR","LVL":0,"ADMIN":"MUN_RBC","AREA":1165},"bbox":[150956.45419674,169716.7252546,151083.89121644,169828.33549145]},{"type":"Feature","id":"StreetSurfaces.fid-6b1d3889_1a02c238f6c_-ee4","geometry":{"type":"Polygon","coordinates":[[[150901.97267288,169696.69688215],[150908.15397184,169695.17256281],[150909.54737665,169700.82298757],[150910.1218658,169703.21075408],[150910.7709812,169705.90869189],[150912.40922654,169712.71778012],[150915.25623933,169724.55090481],[150917.30036329,169733.04239666],[150919.33383396,169732.53797858],[150925.73056109,169758.59785984],[150928.90131856,169771.65293562],[150929.65730654,169774.68680563],[150931.36774245,169781.70612002],[150929.31108444,169782.21263688],[150929.83309427,169784.21251056],[150929.84559654,169784.26331207],[150931.86393009,169783.76822289],[150934.93228666,169796.34390387],[150938.09750053,169809.20129351],[150939.49244289,169814.87626973],[150937.74967985,169815.29135552],[150938.88048823,169819.87090539],[150932.47032795,169821.42494117],[150931.88808106,169819.06774955],[150931.39718737,169816.99476382],[150929.67375738,169817.40945319],[150924.90019485,169797.56932425],[150922.078833,169786.11722476],[150923.74653604,169785.6934492],[150923.49237004,169784.67441158],[150923.23575343,169783.62511927],[150921.57011248,169784.05404755],[150919.19340252,169774.29794257],[150915.49713103,169759.12666813],[150912.7621568,169748.33129734],[150909.48989548,169735.01136649],[150911.19456936,169734.63034459],[150910.67641074,169732.52822685],[150908.96844222,169732.93752165],[150902.01941799,169704.71199152],[150903.77335846,169704.29642104],[150901.97267288,169696.69688215]]]},"geometry_name":"GEOM","properties":{"INSPIRE_ID":"https://databrussels.be/id/streetsurface/10893","TYPE":"S","STREET_ID":"https://databrussels.be/id/streetname/436","STRNAMEFRE":"Rue Froissart","STRNAMEDUT":"Froissartstraat","MUNNISCODE":"21005","HIERARCHY":"IDR","LVL":0,"ADMIN":"MUN_RE_RBC","AREA":1178},"bbox":[150901.97267288,169695.17256281,150939.49244289,169821.42494117]},{"type":"Feature","id":"StreetSurfaces.fid-6b1d3889_1a02c238f6c_-ee6","geometry":{"type":"Polygon","coordinates":[[[150556.44400001,170034.41500035],[150553.380177,170035.55494508],[150553.27000001,170035.33000034],[150552.95,170034.34000036],[150548.58,170021.07000035],[150543.89000001,170006.82000035],[150541.65,170000.00000035],[150539.2,169992.56000034],[150535.50999999,169981.33000034],[150531.80999999,169970.09000036],[150528.12000001,169958.86000034],[150526.85892737,169955.0524531],[150529.52000001,169954.28000034],[150530.87000001,169958.93000034],[150540.63,169989.04000036],[150541.77000001,169988.78000034],[150545.32000001,170000.00000035],[150553.80999999,170025.77000035],[150556.44400001,170034.41500035]]]},"geometry_name":"GEOM","properties":{"INSPIRE_ID":"https://databrussels.be/id/streetsurface/155051","TYPE":"SW","STREET_ID":"https://databrussels.be/id/streetname/1529","STRNAMEFRE":"Rue du Remorqueur","STRNAMEDUT":"Stoomslepersstraat","MUNNISCODE":"21004","HIERARCHY":"DC","LVL":0,"ADMIN":"MUN_RBC","AREA":261},"bbox":[150526.85892737,169954.28000034,150556.44400001,170035.55494508]},{"type":"Feature","id":"StreetSurfaces.fid-6b1d3889_1a02c238f6c_-f1e","geometry":{"type":"Polygon","coordinates":[[[150841.246,170020.74300035],[150871.522,170010.69300035],[150875.87000001,170009.25000035],[150881.54000001,170007.55000035],[150956.32000001,169996.97000035],[150968.35,169994.77000035],[150967.72253232,169999.11697921],[150965.09642999,169999.50998234],[150962.10891099,169999.93251435],[150961.11775501,170000.07269534],[150959.038836,170000.37071635],[150950.010921,170001.64385234],[150949.76579847,170000.00400034],[150949.74224801,169999.84644934],[150948.60542462,170000.00400034],[150940.988643,170001.07960135],[150914.75940499,170004.83761035],[150892.24570301,170008.00108834],[150889.111433,170008.47213034],[150885.67205901,170008.92424835],[150881.68424158,170009.68701886],[150877.78083201,170010.80411335],[150874.00547199,170012.05181235],[150851.582655,170019.50121335],[150848.74363699,170020.45249135],[150849.36732299,170022.33442434],[150847.105248,170023.09386934],[150845.94669526,170023.31905049],[150844.76646197,170023.31967968],[150843.60766978,170023.09573389],[150842.512657,170022.65539535],[150841.72241132,170022.23927501],[150841.246,170020.74300035]]]},"geometry_name":"GEOM","properties":{"INSPIRE_ID":"https://databrussels.be/id/streetsurface/155064","TYPE":"SW","STREET_ID":"https://databrussels.be/id/streetname/5751","STRNAMEFRE":"Rue Juste Lipse","STRNAMEDUT":"Justus Lipsiusstraat","MUNNISCODE":"21004","HIERARCHY":"DR","LVL":0,"ADMIN":"REGION_RBC","AREA":304},"bbox":[150841.246,169994.77000035,150968.35,170023.31967968]},{"type":"Feature","id":"StreetSurfaces.fid-6b1d3889_1a02c238f6c_-ef7","geometry":{"type":"Polygon","coordinates":[[[150656.37000001,170012.55100035],[150625.75999999,170022.66100034],[150625.04000001,170022.72100035],[150624.74000001,170022.64100036],[150624.53,170022.46100034],[150624.35999999,170022.21100034],[150624.29000001,170021.97100035],[150624.42,170021.75100035],[150624.67999999,170021.54100035],[150624.95,170021.33100034],[150661.29000001,170009.53100034],[150679.45,170003.59100036],[150690.2,170000.00100035],[150699.27000001,169996.98100034],[150719.07000001,169990.33100034],[150729.22268801,169986.98941504],[150729.42,169987.58000034],[150729.76459119,169988.63149575],[150695.21099999,170000.00100035],[150656.37000001,170012.55100035]]]},"geometry_name":"GEOM","properties":{"INSPIRE_ID":"https://databrussels.be/id/streetsurface/155122","TYPE":"M","STREET_ID":"https://databrussels.be/id/streetname/1550","STRNAMEFRE":"Rue Belliard","STRNAMEDUT":"Belliardstraat","MUNNISCODE":"21004","HIERARCHY":"MAR","LVL":0,"ADMIN":"REGION_RBC","AREA":167},"bbox":[150624.29000001,169986.98941504,150729.76459119,170022.72100035]},{"type":"Feature","id":"StreetSurfaces.fid-6b1d3889_1a02c238f6c_-eeb","geometry":{"type":"Polygon","coordinates":[[[150514.80999999,169958.55000035],[150518.7311455,169957.41177525],[150528.98199999,169988.79600035],[150532.7,170000.00000035],[150545.01800001,170037.11400036],[150546.548,170036.60900034],[150546.7,170037.32000035],[150546.8440511,170037.98718444],[150544.34300001,170038.91800035],[150537.59000001,170017.66000034],[150534.74000001,170018.58000034],[150514.80999999,169958.55000035]]]},"geometry_name":"GEOM","properties":{"INSPIRE_ID":"https://databrussels.be/id/streetsurface/155437","TYPE":"SW","STREET_ID":"https://databrussels.be/id/streetname/1529","STRNAMEFRE":"Rue du Remorqueur","STRNAMEDUT":"Stoomslepersstraat","MUNNISCODE":"21004","HIERARCHY":"DC","LVL":0,"ADMIN":"MUN_RBC","AREA":276},"bbox":[150514.80999999,169957.41177525,150546.8440511,170038.91800035]},{"type":"Feature","id":"StreetSurfaces.fid-6b1d3889_1a02c238f6c_-ef6","geometry":{"type":"Polygon","coordinates":[[[150804.51829968,169956.26143552],[150804.35699999,169956.31800035],[150795.77000001,169959.16000034],[150748.86099999,169974.78500034],[150686.053,169995.38200034],[150683.81800001,169995.26000034],[150675.55999999,169997.94000036],[150669.24000001,170000.00000035],[150663,170002.03000034],[150627.74000001,170013.60000035],[150625.80683887,170014.23853597],[150625.04000001,170011.90200035],[150662.85999999,169999.49000036],[150677.52000001,169995.05000035],[150686.06600001,169992.33100034],[150730.83,169978.09200035],[150735.09833889,169976.65982889],[150747.797,169972.39900035],[150803.53,169953.82000035],[150804.51829968,169956.26143552]]]},"geometry_name":"GEOM","properties":{"INSPIRE_ID":"https://databrussels.be/id/streetsurface/155527","TYPE":"SW","STREET_ID":"https://databrussels.be/id/streetname/1550","STRNAMEFRE":"Rue Belliard","STRNAMEDUT":"Belliardstraat","MUNNISCODE":"21004","HIERARCHY":"MAR","LVL":0,"ADMIN":"REGION_RBC","AREA":479},"bbox":[150625.04000001,169953.82000035,150804.51829968,170014.23853597]},{"type":"Feature","id":"StreetSurfaces.fid-6b1d3889_1a02c238f6c_-f17","geometry":{"type":"Polygon","coordinates":[[[150991.98625066,170007.55686539],[150986.22015393,170009.01157097],[150984.03984394,170000.00400034],[150981.95964615,169991.42112571],[150987.67,169990.01600036],[150989.423,169997.13900036],[150990.67,170002.20800034],[150991.98625066,170007.55686539]]]},"geometry_name":"GEOM","properties":{"INSPIRE_ID":"https://databrussels.be/id/streetsurface/155736","TYPE":"SW","STREET_ID":"https://databrussels.be/id/streetname/4110","STRNAMEFRE":"Rue Froissart","STRNAMEDUT":"Froissartstraat","MUNNISCODE":"21004","HIERARCHY":"IDR","LVL":0,"ADMIN":"MUN_RE_RBC","AREA":107},"bbox":[150981.95964615,169990.01600036,150991.98625066,170009.01157097]},{"type":"Feature","id":"StreetSurfaces.fid-6b1d3889_1a02c238f6c_-ef3","geometry":{"type":"Polygon","coordinates":[[[150631.53900001,170031.70500034],[150631.17939465,170030.60921895],[150634.80999999,170029.36100033],[150640.54000001,170027.41100034],[150651.95,170023.63100034],[150663.39000001,170019.92100035],[150674.82000001,170016.21100034],[150684,170013.19100036],[150693.17999999,170010.16100034],[150702.35999999,170007.14100036],[150712.29000001,170003.88100034],[150722.20999999,170000.61100034],[150724.07000001,170000.00100035],[150732.57374065,169997.20341464],[150732.92,169998.26000034],[150631.53900001,170031.70500034]]]},"geometry_name":"GEOM","properties":{"INSPIRE_ID":"https://databrussels.be/id/streetsurface/155959","TYPE":"SW","STREET_ID":"https://databrussels.be/id/streetname/1562","STRNAMEFRE":"Tunnel Belliard","STRNAMEDUT":"Belliard Tunnel","MUNNISCODE":"21004","HIERARCHY":"MER","LVL":0,"ADMIN":"REGION_RBC","AREA":125},"bbox":[150631.17939465,169997.20341464,150732.92,170031.70500034]},{"type":"Feature","id":"StreetSurfaces.fid-6b1d3889_1a02c238f6c_-eee","geometry":{"type":"Polygon","coordinates":[[[150514.18856015,169945.94545075],[150513.13271365,169946.67216335],[150511.95200038,169947.17100128],[150511.09385753,169947.43594438],[150510.8054791,169946.57363056],[150510.39999905,169945.24600064],[150509.90499907,169943.8810007],[150516.28987045,169941.79962422],[150516.15127761,169942.84138812],[150515.75900097,169943.93600069],[150515.07614822,169945.02072889],[150514.18856015,169945.94545075]]]},"geometry_name":"GEOM","properties":{"INSPIRE_ID":"https://databrussels.be/id/streetsurface/156675","TYPE":"SW","STREET_ID":"https://databrussels.be/id/streetname/297","STRNAMEFRE":"Rue Wiertz","STRNAMEDUT":"Wiertzstraat","MUNNISCODE":"21004","HIERARCHY":"DC","LVL":0,"ADMIN":"MUN_RBC","AREA":19},"bbox":[150509.90499907,169941.79962422,150516.28987045,169947.43594438]},{"type":"Feature","id":"StreetSurfaces.fid-6b1d3889_1a02c238f6c_-e64","geometry":{"type":"Polygon","coordinates":[[[150515.04500096,169936.49800004],[150515.77100096,169938.73500003],[150515.98400097,169939.42600006],[150516.23880525,169940.54399229],[150516.30461903,169941.6887633],[150516.2898705,169941.79962565],[150509.90499935,169943.8810016],[150507.74899905,169937.30000066],[150506.52791603,169933.53774551],[150506.61893568,169933.48304667],[150508.7198982,169932.2360773],[150506.55888596,169925.63956958],[150488.10016577,169869.293287],[150491.56365318,169868.15764293],[150492.21700084,169869.1699998],[150493.64605038,169871.86344527],[150494.83300092,169874.67199997],[150496.68300095,169880.31900004],[150498.15500124,169884.76700019],[150495.60100117,169889.33400074],[150508.47800109,169928.68899974],[150513.19800072,169930.78599933],[150515.04500096,169936.49800004]]]},"geometry_name":"GEOM","properties":{"INSPIRE_ID":"https://databrussels.be/id/streetsurface/156676","TYPE":"SW","STREET_ID":"https://databrussels.be/id/streetname/297","STRNAMEFRE":"Rue Wiertz","STRNAMEDUT":"Wiertzstraat","MUNNISCODE":"21004","HIERARCHY":"DC","LVL":0,"ADMIN":"MUN_RBC","AREA":218},"bbox":[150488.10016577,169868.15764293,150516.30461903,169943.8810016]},{"type":"Feature","id":"StreetSurfaces.fid-6b1d3889_1a02c238f6c_-efd","geometry":{"type":"Polygon","coordinates":[[[150804.51829968,169956.26143552],[150803.53,169953.82000035],[150805.56017504,169952.01305407],[150806.89500001,169950.82500035],[150813.21723046,169949.98734192],[150813.00340726,169950.45564561],[150812.802,169950.7],[150812.228,169951.33500034],[150811.627,169951.94400035],[150810.998,169952.52400035],[150810.34400001,169953.07600035],[150809.66500001,169953.59700035],[150808.96400001,169954.08700034],[150808.24100001,169954.54500035],[150807.498,169954.96900035],[150806.73599999,169955.36000034],[150805.95799999,169955.71500036],[150805.16400001,169956.03500034],[150804.51829968,169956.26143552]]]},"geometry_name":"GEOM","properties":{"INSPIRE_ID":"https://databrussels.be/id/streetsurface/156677","TYPE":"SW","STREET_ID":"https://databrussels.be/id/streetname/1550","STRNAMEFRE":"Rue Belliard","STRNAMEDUT":"Belliardstraat","MUNNISCODE":"21004","HIERARCHY":"MAR","LVL":0,"ADMIN":"REGION_RBC","AREA":28},"bbox":[150803.53,169949.98734192,150813.21723046,169956.26143552]},{"type":"Feature","id":"StreetSurfaces.fid-6b1d3889_1a02c238f6c_-edc","geometry":{"type":"Polygon","coordinates":[[[150937.82382748,169843.42556373],[150931.36300001,169845.00100035],[150930.2,169840.23000034],[150928.64000001,169834.13200034],[150926.48,169825.69000036],[150925.83599999,169823.03300034],[150932.47120189,169821.42472934],[150934.46148055,169829.46945411],[150936.97232253,169839.84357597],[150937.62837557,169842.62065756],[150937.82382748,169843.42556373]]]},"geometry_name":"GEOM","properties":{"INSPIRE_ID":"https://databrussels.be/id/streetsurface/156678","TYPE":"SW","STREET_ID":"https://databrussels.be/id/streetname/436","STRNAMEFRE":"Rue Froissart","STRNAMEDUT":"Froissartstraat","MUNNISCODE":"21005","HIERARCHY":"IDR","LVL":0,"ADMIN":"MUN_RE_RBC","AREA":153},"bbox":[150925.83599999,169821.42472934,150937.82382748,169845.00100035]},{"type":"Feature","id":"StreetSurfaces.fid-6b1d3889_1a02c238f6c_-f19","geometry":{"type":"Polygon","coordinates":[[[150972.84932325,169993.66286873],[150972.61004372,169994.60681185],[150972.12253599,169995.75475534],[150971.46033013,169996.87120348],[150970.584956,169997.82968835],[150969.73500071,169998.41905924],[150968.79436646,169998.849163],[150967.72253232,169999.11697921],[150968.35,169994.77000035],[150972.84932325,169993.66286873]]]},"geometry_name":"GEOM","properties":{"INSPIRE_ID":"https://databrussels.be/id/streetsurface/156707","TYPE":"SW","STREET_ID":"https://databrussels.be/id/streetname/4110","STRNAMEFRE":"Rue Froissart","STRNAMEDUT":"Froissartstraat","MUNNISCODE":"21004","HIERARCHY":"IDR","LVL":0,"ADMIN":"MUN_RE_RBC","AREA":15},"bbox":[150967.72253232,169993.66286873,150972.84932325,169999.11697921]},{"type":"Feature","id":"StreetSurfaces.fid-6b1d3889_1a02c238f6c_-f04","geometry":{"type":"Polygon","coordinates":[[[150977.38,169948.20000035],[150971.86003194,169949.04288298],[150971.87356601,169948.62875534],[150972.25221164,169947.38967558],[150972.933371,169946.28753535],[150973.49917667,169945.63260998],[150974.20784128,169945.13576211],[150975.016416,169944.82710334],[150976.70351102,169944.58513044],[150977.38,169948.20000035]]]},"geometry_name":"GEOM","properties":{"INSPIRE_ID":"https://databrussels.be/id/streetsurface/156708","TYPE":"SW","STREET_ID":"https://databrussels.be/id/streetname/1550","STRNAMEFRE":"Rue Belliard","STRNAMEDUT":"Belliardstraat","MUNNISCODE":"21004","HIERARCHY":"MAR","LVL":0,"ADMIN":"REGION_RBC","AREA":16},"bbox":[150971.86003194,169944.58513044,150977.38,169949.04288298]},{"type":"Feature","id":"StreetSurfaces.fid-6b1d3889_1a02c238f6c_-f18","geometry":{"type":"Polygon","coordinates":[[[150981.95964615,169991.42112571],[150981.24185901,169988.45954333],[150980.77000001,169986.47000035],[150982.47072301,169985.92738334],[150974.39456,169952.97621034],[150972.649437,169953.40393134],[150972.020151,169950.74931535],[150971.83867071,169949.6965139],[150971.86003194,169949.04288298],[150977.38,169948.20000035],[150987.67,169990.01600036],[150981.95964615,169991.42112571]]]},"geometry_name":"GEOM","properties":{"INSPIRE_ID":"https://databrussels.be/id/streetsurface/156709","TYPE":"SW","STREET_ID":"https://databrussels.be/id/streetname/4110","STRNAMEFRE":"Rue Froissart","STRNAMEDUT":"Froissartstraat","MUNNISCODE":"21004","HIERARCHY":"IDR","LVL":0,"ADMIN":"MUN_RE_RBC","AREA":192},"bbox":[150971.83867071,169948.20000035,150987.67,169991.42112571]},{"type":"Feature","id":"StreetSurfaces.fid-6b1d3889_1a02c238f6c_-f08","geometry":{"type":"Polygon","coordinates":[[[150977.38,169948.20000035],[150976.70351102,169944.58513044],[150980.308652,169944.06122335],[150980.53171201,169945.64156934],[150991.967536,169944.02744135],[150991.65,169942.55000035],[150993.75999999,169942.20000035],[150994.02000001,169943.79000036],[151000,169942.94000036],[151013,169941.07000035],[151012.8,169939.50000035],[151014.92,169939.16000034],[151015.17,169940.72000035],[151017.05564399,169940.46331583],[151017.347,169942.51100034],[150977.38,169948.20000035]]]},"geometry_name":"GEOM","properties":{"INSPIRE_ID":"https://databrussels.be/id/streetsurface/156710","TYPE":"SW","STREET_ID":"https://databrussels.be/id/streetname/1550","STRNAMEFRE":"Rue Belliard","STRNAMEDUT":"Belliardstraat","MUNNISCODE":"21004","HIERARCHY":"MAR","LVL":0,"ADMIN":"REGION_RBC","AREA":95},"bbox":[150976.70351102,169939.16000034,151017.347,169948.20000035]},{"type":"Feature","id":"StreetSurfaces.fid-6b1d3889_1a02c238f6c_-e40","geometry":{"type":"Polygon","coordinates":[[[150681.4500006,169554.37999951],[150681.68000076,169554.63999969],[150681.87000086,169554.93999981],[150681.98000102,169555.26000003],[150681.97000127,169555.39999978],[150687.17000039,169557.53999943],[150688.22000034,169557.92999941],[150686.06000049,169563.11000167],[150678.73999867,169559.72000081],[150681.14999905,169554.7899999],[150681.21669364,169554.21296362],[150681.4500006,169554.37999951]]]},"geometry_name":"GEOM","properties":{"INSPIRE_ID":"https://databrussels.be/id/streetsurface/156764","TYPE":"SW","STREET_ID":"https://databrussels.be/id/streetname/648","STRNAMEFRE":"Rue Jenner","STRNAMEDUT":"Jennerstraat","MUNNISCODE":"21004","HIERARCHY":"DR","LVL":0,"ADMIN":"MUN_RBC","AREA":43},"bbox":[150678.73999867,169554.21296362,150688.22000034,169563.11000167]},{"type":"Feature","id":"StreetSurfaces.fid-6b1d3889_1a02c238f6c_-e43","geometry":{"type":"Polygon","coordinates":[[[150749.94400001,169530.99100036],[150749.46600001,169531.13800036],[150747.79000001,169525.96000034],[150746.84000001,169523.93800036],[150745.83299999,169522.34900035],[150750.96866822,169519.50129498],[150751.31500001,169520.96600036],[150753.153,169528.77000035],[150753.43740046,169529.9779034],[150749.94400001,169530.99100036]]]},"geometry_name":"GEOM","properties":{"INSPIRE_ID":"https://databrussels.be/id/streetsurface/156765","TYPE":"SW","STREET_ID":"https://databrussels.be/id/streetname/1748","STRNAMEFRE":"Avenue du Maelbeek","STRNAMEDUT":"Maelbeeklaan","MUNNISCODE":"21005","HIERARCHY":"IDR","LVL":0,"ADMIN":"REGION_RBC","AREA":48},"bbox":[150745.83299999,169519.50129498,150753.43740046,169531.13800036]},{"type":"Feature","id":"StreetSurfaces.fid-6b1d3889_1a02c238f6c_-e9b","geometry":{"type":"Polygon","coordinates":[[[150762.60599999,169513.05000035],[150760.09858542,169514.43988592],[150759.253,169510.77300035],[150759.00699999,169508.76500036],[150758.94782116,169507.75290471],[150758.99100001,169506.74000036],[150759.30792534,169505.27302779],[150759.822,169503.86300036],[150760.104,169503.39200036],[150761.28085814,169502.06689443],[150762.702,169501.00800034],[150763.476,169500.60500034],[150768.68499999,169497.85100035],[150771.31400001,169496.44500035],[150771.76800001,169496.21000034],[150775.66676972,169494.16142653],[150777.51800001,169497.62600035],[150772.57000001,169500.27000035],[150763.352,169505.62100035],[150762.979,169509.33600034],[150762.60599999,169513.05000035]]]},"geometry_name":"GEOM","properties":{"INSPIRE_ID":"https://databrussels.be/id/streetsurface/156766","TYPE":"SW","STREET_ID":"https://databrussels.be/id/streetname/2170","STRNAMEFRE":"Chaussée de Wavre","STRNAMEDUT":"Steenweg op Waver","MUNNISCODE":"21005","HIERARCHY":"IDR","LVL":0,"ADMIN":"REGION_RBC","AREA":105},"bbox":[150758.94782116,169494.16142653,150777.51800001,169514.43988592]},{"type":"Feature","id":"StreetSurfaces.fid-6b1d3889_1a02c238f6c_-e97","geometry":{"type":"Polygon","coordinates":[[[150824.196,169489.00500034],[150826.50401571,169487.77427513],[150828.31199999,169491.17500035],[150855.451204,169542.12800482],[150861.93782919,169554.37217313],[150859.69246618,169555.56728652],[150848.55,169534.52000035],[150840.45999999,169519.51000034],[150824.196,169489.00500034]]]},"geometry_name":"GEOM","properties":{"INSPIRE_ID":"https://databrussels.be/id/streetsurface/156767","TYPE":"SW","STREET_ID":"https://databrussels.be/id/streetname/1257","STRNAMEFRE":"Rue Gray","STRNAMEDUT":"Graystraat","MUNNISCODE":"21005","HIERARCHY":"DC","LVL":0,"ADMIN":"MUN_RBC","AREA":194},"bbox":[150824.196,169487.77427513,150861.93782919,169555.56728652]},{"type":"Feature","id":"StreetSurfaces.fid-6b1d3889_1a02c238f6c_-ec6","geometry":{"type":"Polygon","coordinates":[[[150887.39104915,169544.96694452],[150886.5957774,169548.10683368],[150888.73775829,169548.6470368],[150887.84219763,169552.02888326],[150887.51221765,169553.16383637],[150887.15501658,169554.29051856],[150886.7708014,169555.40827705],[150886.31895755,169556.64552877],[150885.82889184,169557.86814492],[150885.30107744,169559.07494508],[150884.73602395,169560.26476406],[150884.44252131,169560.89783266],[150884.11952996,169561.5163763],[150883.76776668,169562.11902232],[150883.38801208,169562.70443337],[150882.94522706,169563.23754756],[150882.46385024,169563.73609112],[150881.94657228,169564.19727744],[150881.39628448,169564.61852874],[150880.81606267,169564.99749044],[150880.20914999,169565.33204434],[150879.68666413,169565.458463],[150879.15512004,169565.53867534],[150878.61859584,169565.57206596],[150878.0812079,169565.55837867],[150877.54707918,169565.49771848],[150877.02030766,169565.3905508],[150876.37809784,169565.14155373],[150875.75955571,169564.83850487],[150875.16922059,169564.48362823],[150874.61142482,169564.07952816],[150874.09026194,169563.62917026],[150873.60955664,169563.13585961],[150873.01826791,169562.53501085],[150872.47126787,169561.89358077],[150871.12256637,169559.75930175],[150866.77532088,169551.7973774],[150868.39595001,169550.93478389],[150870.41009073,169549.86274051],[150871.578,169551.83000034],[150878.54400001,169548.16500036],[150885.50999999,169544.50000035],[150887.39104915,169544.96694452]]]},"geometry_name":"GEOM","properties":{"INSPIRE_ID":"https://databrussels.be/id/streetsurface/156768","TYPE":"SW","STREET_ID":"https://databrussels.be/id/streetname/2170","STRNAMEFRE":"Chaussée de Wavre","STRNAMEDUT":"Steenweg op Waver","MUNNISCODE":"21005","HIERARCHY":"DC","LVL":0,"ADMIN":"MUN_RE_RBC","AREA":266},"bbox":[150866.77532088,169544.50000035,150888.73775829,169565.57206596]},{"type":"Feature","id":"StreetSurfaces.fid-6b1d3889_1a02c238f6c_-ee3","geometry":{"type":"Polygon","coordinates":[[[150917.35,169704.27000035],[150945.73,169818.21000034],[150938.88048823,169819.87090539],[150937.74967985,169815.29135552],[150939.49244289,169814.87626973],[150938.09750053,169809.20129351],[150934.93228666,169796.34390387],[150931.86393009,169783.76822289],[150929.84559654,169784.26331207],[150929.31108444,169782.21263688],[150931.36774245,169781.70612002],[150929.65730654,169774.68680563],[150928.90131856,169771.65293562],[150925.73056109,169758.59785984],[150919.33383396,169732.53797858],[150917.30036329,169733.04239666],[150917.23245861,169732.76472431],[150915.25623933,169724.55090481],[150912.40922654,169712.71778012],[150910.7709812,169705.90869189],[150917.35,169704.27000035]]]},"geometry_name":"GEOM","properties":{"INSPIRE_ID":"https://databrussels.be/id/streetsurface/156834","TYPE":"SW","STREET_ID":"https://databrussels.be/id/streetname/436","STRNAMEFRE":"Rue Froissart","STRNAMEDUT":"Froissartstraat","MUNNISCODE":"21005","HIERARCHY":"IDR","LVL":0,"ADMIN":"MUN_RE_RBC","AREA":661},"bbox":[150910.7709812,169704.27000035,150945.73,169819.87090539]},{"type":"Feature","id":"StreetSurfaces.fid-6b1d3889_1a02c238f6c_-ece","geometry":{"type":"Polygon","coordinates":[[[151074.8881489,169694.37515425],[151073.261798,169694.27931534],[151057.16716001,169693.29906634],[151057.06933801,169695.00754036],[151054.67096601,169694.85582835],[151054.76605501,169693.15601534],[151039.134705,169692.20672435],[151039.02048099,169693.88392635],[151036.63113999,169693.72942435],[151036.711127,169692.05129036],[151035.883058,169691.99133636],[151022.30609601,169691.17363135],[151021.02435801,169691.11629035],[151020.92117,169692.77082135],[151018.546049,169692.63111235],[151018.64008801,169690.93279935],[151005.067841,169690.09702934],[151004.947598,169691.79086634],[151000,169691.48231422],[150999.06324401,169691.42389435],[150999.165084,169689.73898336],[150983.68029599,169688.80112335],[150983.590112,169690.47604734],[150981.194894,169690.33000034],[150981.29533899,169688.63859934],[150952.50991199,169686.91147634],[150952.40005801,169688.63252136],[150950.00466499,169688.49781834],[150950.117664,169686.76250636],[150944.822045,169686.431685],[150931.0753156,169685.64125427],[150924.10028719,169685.23082864],[150924.16698568,169682.66681628],[150924.51900001,169682.68500034],[150973.35,169685.21000034],[151029.85999999,169688.83000034],[151042.09000001,169689.74000036],[151066.099,169690.89500035],[151075.06900001,169691.44900035],[151074.8881489,169694.37515425]]]},"geometry_name":"GEOM","properties":{"INSPIRE_ID":"https://databrussels.be/id/streetsurface/156835","TYPE":"SW","STREET_ID":"https://databrussels.be/id/streetname/4534","STRNAMEFRE":"Rue du Cornet","STRNAMEDUT":"Hoornstraat","MUNNISCODE":"21005","HIERARCHY":"DR","LVL":0,"ADMIN":"MUN_RBC","AREA":455},"bbox":[150924.10028719,169682.66681628,151075.06900001,169695.00754036]},{"type":"Feature","id":"StreetSurfaces.fid-6b1d3889_1a02c238f6c_-f1f","geometry":{"type":"Polygon","coordinates":[[[150824.07371917,169971.37095345],[150824.54127278,169969.72891463],[150825.25810296,169968.27928304],[150826.20969,169966.97170535],[150826.94402127,169966.32181484],[150827.80738499,169965.85683836],[150828.721837,169965.47067934],[150833.201388,169964.84197334],[150839.84000001,169963.92000035],[150840.50469501,169963.82743434],[150840.725739,169965.42422134],[150841.45857532,169965.32277445],[150841.68699999,169967.14100036],[150832.38,169968.31000034],[150832.37000001,169968.57000035],[150827.75999999,169969.37000035],[150826.92999999,169970.03000034],[150826.30499999,169971.18500034],[150824.07371917,169971.37095345]]]},"geometry_name":"GEOM","properties":{"INSPIRE_ID":"https://databrussels.be/id/streetsurface/156857","TYPE":"SW","STREET_ID":"https://databrussels.be/id/streetname/1550","STRNAMEFRE":"Rue Belliard","STRNAMEDUT":"Belliardstraat","MUNNISCODE":"21004","HIERARCHY":"MAR","LVL":0,"ADMIN":"REGION_RBC","AREA":58},"bbox":[150824.07371917,169963.82743434,150841.68699999,169971.37095345]},{"type":"Feature","id":"StreetSurfaces.fid-6b1d3889_1a02c238f6c_-f20","geometry":{"type":"Polygon","coordinates":[[[150824.07371917,169971.37095345],[150826.30499999,169971.18500034],[150825.67999999,169972.34000036],[150825.87000001,169973.56000034],[150833.99777226,169998.50099143],[150832.02423999,169997.51732634],[150830.345507,169992.22985934],[150829.212707,169988.89140636],[150826.76431301,169981.40247935],[150824.74284899,169975.21940736],[150824.20759001,169973.47361235],[150824.00641196,169972.38423201],[150824.07371917,169971.37095345]]]},"geometry_name":"GEOM","properties":{"INSPIRE_ID":"https://databrussels.be/id/streetsurface/156858","TYPE":"SW","STREET_ID":"https://databrussels.be/id/streetname/133","STRNAMEFRE":"Chaussée d'Etterbeek","STRNAMEDUT":"Etterbeeksesteenweg","MUNNISCODE":"21004","HIERARCHY":"IDR","LVL":0,"ADMIN":"REGION_RBC","AREA":44},"bbox":[150824.00641196,169971.18500034,150833.99777226,169998.50099143]},{"type":"Feature","id":"StreetSurfaces.fid-6b1d3889_1a02c238f6c_-f02","geometry":{"type":"Polygon","coordinates":[[[150957.43299999,169951.24600035],[150870.9,169963.47000035],[150858.497,169965.02800034],[150841.68699999,169967.14100036],[150841.45857532,169965.32277445],[150855.99312601,169963.31074935],[150855.772082,169961.71396235],[150857.86706901,169961.42395235],[150858.088113,169963.02073935],[150859.92184601,169962.73227536],[150866.82895701,169961.74447235],[150866.614553,169960.24527735],[150870.67628701,169959.66439835],[150870.904215,169961.19487835],[150876.346187,169960.43436834],[150876.114693,169958.79101936],[150878.23376401,169958.49251136],[150878.46450801,169960.13053535],[150891.03692901,169958.32726034],[150918.09207699,169954.51607236],[150917.865785,169952.90965234],[150920.022931,169952.60578035],[150920.24922299,169954.21220035],[150938.913938,169951.57776734],[150938.67785599,169949.97791034],[150940.84897599,169949.67207035],[150941.07245901,169951.27888535],[150953.29293201,169949.55741934],[150953.06664,169947.95099934],[150956.48052278,169947.47009469],[150957.43299999,169951.24600035]]]},"geometry_name":"GEOM","properties":{"INSPIRE_ID":"https://databrussels.be/id/streetsurface/156859","TYPE":"SW","STREET_ID":"https://databrussels.be/id/streetname/1550","STRNAMEFRE":"Rue Belliard","STRNAMEDUT":"Belliardstraat","MUNNISCODE":"21004","HIERARCHY":"MAR","LVL":0,"ADMIN":"REGION_RBC","AREA":283},"bbox":[150841.45857532,169947.47009469,150957.43299999,169967.14100036]},{"type":"Feature","id":"StreetSurfaces.fid-6b1d3889_1a02c238f6c_-f03","geometry":{"type":"Polygon","coordinates":[[[150957.43299999,169951.24600035],[150956.48052278,169947.47009469],[150957.08833101,169947.38447434],[150958.952914,169947.14526736],[150959.7785434,169947.26409413],[150960.53941381,169947.60594198],[150961.176548,169948.14431335],[150961.93755434,169948.85839571],[150962.5377326,169949.71211127],[150962.84384294,169950.41969794],[150957.43299999,169951.24600035]]]},"geometry_name":"GEOM","properties":{"INSPIRE_ID":"https://databrussels.be/id/streetsurface/156860","TYPE":"SW","STREET_ID":"https://databrussels.be/id/streetname/1550","STRNAMEFRE":"Rue Belliard","STRNAMEDUT":"Belliardstraat","MUNNISCODE":"21004","HIERARCHY":"MAR","LVL":0,"ADMIN":"REGION_RBC","AREA":18},"bbox":[150956.48052278,169947.14526736,150962.84384294,169951.24600035]},{"type":"Feature","id":"StreetSurfaces.fid-6b1d3889_1a02c238f6c_-f12","geometry":{"type":"Polygon","coordinates":[[[150968.73958559,169932.36827427],[150967.39842355,169931.40707096],[150966.31218822,169930.16500801],[150965.93637347,169929.49727088],[150972.80412319,169928.37011353],[150973.80000086,169929.06999947],[150974.4856859,169932.73400918],[150972.03967013,169933.07021236],[150970.89935281,169933.06338164],[150969.78396735,169932.82613574],[150968.73958559,169932.36827427]]]},"geometry_name":"GEOM","properties":{"INSPIRE_ID":"https://databrussels.be/id/streetsurface/156861","TYPE":"SW","STREET_ID":"https://databrussels.be/id/streetname/1550","STRNAMEFRE":"Rue Belliard","STRNAMEDUT":"Belliardstraat","MUNNISCODE":"21004","HIERARCHY":"MAR","LVL":0,"ADMIN":"REGION_RBC","AREA":28},"bbox":[150965.93637347,169928.37011353,150974.4856859,169933.07021236]},{"type":"Feature","id":"StreetSurfaces.fid-6b1d3889_1a02c238f6c_-e51","geometry":{"type":"Polygon","coordinates":[[[150499.88189254,169851.3176567],[150499.65,169850.83000034],[150498.67,169849.50000035],[150497.55999999,169848.30000035],[150496.2,169847.23000034],[150494.67999999,169846.32000035],[150493.19000001,169845.36000034],[150490.84000001,169843.53000034],[150490.27128479,169843.03895108],[150493.15999999,169840.89000036],[150500.40999999,169847.79000036],[150502.10999999,169850.42000035],[150499.88189254,169851.3176567]]]},"geometry_name":"GEOM","properties":{"INSPIRE_ID":"https://databrussels.be/id/streetsurface/156970","TYPE":"SW","STREET_ID":"https://databrussels.be/id/streetname/297","STRNAMEFRE":"Rue Wiertz","STRNAMEDUT":"Wiertzstraat","MUNNISCODE":"21004","HIERARCHY":"DC","LVL":0,"ADMIN":"MUN_RBC","AREA":36},"bbox":[150490.27128479,169840.89000036,150502.10999999,169851.3176567]},{"type":"Feature","id":"StreetSurfaces.fid-6b1d3889_1a02c238f6c_-ea8","geometry":{"type":"Polygon","coordinates":[[[150838.5175798,169717.52609127],[150838.60770952,169719.9633212],[150838.68052581,169723.33125095],[150838.60171072,169721.94746972],[150836.23930254,169716.96268583],[150823.95857622,169693.73475825],[150824.10496864,169693.65622704],[150824.21091219,169693.8078258],[150824.41290455,169694.09234661],[150824.6170016,169694.37536145],[150824.82319212,169694.65685474],[150830.24414708,169701.23437832],[150833.77566677,169705.5262598],[150834.25320507,169706.07536453],[150834.70841631,169706.64311584],[150835.14057311,169707.22860651],[150835.5489849,169707.83090099],[150835.93299909,169708.44903684],[150836.29200204,169709.08202634],[150836.71624311,169709.91912261],[150837.09739547,169710.77669683],[150837.43447412,169711.65253279],[150837.72660795,169712.54436713],[150837.95154962,169713.35698817],[150838.13967907,169714.17891214],[150838.29061482,169715.00847233],[150838.40405079,169715.84398654],[150838.47975695,169716.68376049],[150838.5175798,169717.52609127]]]},"geometry_name":"GEOM","properties":{"INSPIRE_ID":"https://databrussels.be/id/streetsurface/156971","TYPE":"SW","STREET_ID":"https://databrussels.be/id/streetname/1748","STRNAMEFRE":"Avenue du Maelbeek","STRNAMEDUT":"Maelbeeklaan","MUNNISCODE":"21005","HIERARCHY":"IDR","LVL":0,"ADMIN":"REGION_RBC","AREA":70},"bbox":[150823.95857622,169693.65622704,150838.68052581,169723.33125095]},{"type":"Feature","id":"StreetSurfaces.fid-6b1d3889_1a02c238f6c_-ea1","geometry":{"type":"Polygon","coordinates":[[[150848.23694378,169698.19177619],[150855.7181295,169691.6009686],[150856.55563116,169691.02384894],[150857.42363731,169690.49371551],[150858.31951473,169690.01217655],[150859.24054565,169689.58069287],[150860.02040801,169689.27677322],[150860.81148667,169689.00337424],[150861.61258769,169688.76090855],[150862.42250199,169688.54974209],[150863.24000721,169688.37019357],[150863.83435082,169688.26367026],[150868.14200001,169693.53300034],[150864.98699999,169697.63000034],[150865.39500001,169699.51800035],[150857.45799999,169701.46700035],[150854.06400001,169702.30000035],[150850.404,169703.32600035],[150848.23694378,169698.19177619]]]},"geometry_name":"GEOM","properties":{"INSPIRE_ID":"https://databrussels.be/id/streetsurface/156972","TYPE":"SW","STREET_ID":"https://databrussels.be/id/streetname/652","STRNAMEFRE":"Place Jourdan","STRNAMEDUT":"Jourdanplein","MUNNISCODE":"21005","HIERARCHY":"IDR","LVL":0,"ADMIN":"MUN_RE_RBC","AREA":171},"bbox":[150848.23694378,169688.26367026,150868.14200001,169703.32600035]},{"type":"Feature","id":"StreetSurfaces.fid-6b1d3889_1a02c238f6c_-ea4","geometry":{"type":"Polygon","coordinates":[[[150850.404,169703.32600035],[150847.59000001,169705.95700034],[150846.525,169708.33800036],[150846.277,169710.33200034],[150846.47000001,169711.67200035],[150846.926,169713.42200035],[150845.43965479,169713.99599539],[150845.37629236,169713.63959033],[150845.21750231,169712.89506601],[150845.03335835,169712.15640388],[150844.79508008,169711.48588711],[150844.56023499,169710.81416019],[150844.32882921,169710.1412407],[150844.10086881,169709.46714625],[150843.88377161,169708.69697815],[150843.72197337,169707.91332554],[150843.61629275,169707.12015361],[150843.56726451,169706.32147576],[150843.57513671,169705.5213332],[150843.63986952,169704.72377458],[150843.85620819,169703.81902184],[150844.16809784,169702.94260598],[150844.57195858,169702.10458663],[150845.06315481,169701.31458272],[150845.6360485,169700.58166203],[150846.33106568,169699.87082498],[150848.23694378,169698.19177619],[150850.404,169703.32600035]]]},"geometry_name":"GEOM","properties":{"INSPIRE_ID":"https://databrussels.be/id/streetsurface/156973","TYPE":"SW","STREET_ID":"https://databrussels.be/id/streetname/1748","STRNAMEFRE":"Avenue du Maelbeek","STRNAMEDUT":"Maelbeeklaan","MUNNISCODE":"21005","HIERARCHY":"IDR","LVL":0,"ADMIN":"REGION_RBC","AREA":51},"bbox":[150843.56726451,169698.19177619,150850.404,169713.99599539]},{"type":"Feature","id":"StreetSurfaces.fid-6b1d3889_1a02c238f6c_-ebf","geometry":{"type":"Polygon","coordinates":[[[151060.851,169499.76100034],[151061.063204,169501.6213221],[151058.88,169501.86000034],[151042.45,169503.76000034],[151037.63,169504.42000035],[151033.99000001,169505.44000036],[151028.58,169507.36000034],[151025.59000001,169508.80000035],[151017.95,169512.40000035],[151004.85999999,169519.00000035],[151000,169521.48000034],[150994.33,169524.39000036],[150975.92,169533.80000035],[150957.30999999,169543.24000036],[150948.92,169547.52000035],[150939.73,169551.98],[150929.34491138,169557.43132975],[150920.127316,169562.07435246],[150919.19078914,169560.21567141],[151026.673,169506.05900034],[151038.49400001,169502.38400034],[151060.851,169499.76100034]]]},"geometry_name":"GEOM","properties":{"INSPIRE_ID":"https://databrussels.be/id/streetsurface/156974","TYPE":"SW","STREET_ID":"https://databrussels.be/id/streetname/153","STRNAMEFRE":"Chaussée Saint-Pierre","STRNAMEDUT":"Sint-Pieterssteenweg","MUNNISCODE":"21005","HIERARCHY":"DR","LVL":0,"ADMIN":"MUN_RBC","AREA":292},"bbox":[150919.19078914,169499.76100034,151061.063204,169562.07435246]},{"type":"Feature","id":"StreetSurfaces.fid-6b1d3889_1a02c238f6c_-f00","geometry":{"type":"Polygon","coordinates":[[[150853.74594274,169948.39844416],[150855.888415,169948.02764136],[150856.109866,169949.59077934],[150853.95804999,169949.89562835],[150853.74594274,169948.39844416]]]},"geometry_name":"GEOM","properties":{"INSPIRE_ID":"https://databrussels.be/id/streetsurface/157015","TYPE":"SW","STREET_ID":"https://databrussels.be/id/streetname/1550","STRNAMEFRE":"Rue Belliard","STRNAMEDUT":"Belliardstraat","MUNNISCODE":"21004","HIERARCHY":"MAR","LVL":0,"ADMIN":"REGION_RBC","AREA":3},"bbox":[150853.74594274,169948.02764136,150856.109866,169949.89562835]},{"type":"Feature","id":"StreetSurfaces.fid-6b1d3889_1a02c238f6c_-f10","geometry":{"type":"Polygon","coordinates":[[[150952.503,169931.70200034],[150952.65862663,169931.6764584],[150959.27754171,169930.59014079],[150959.28025899,169930.82860335],[150959.21838133,169931.33756553],[150959.096506,169931.83557934],[150958.53500319,169933.05629326],[150957.707304,169934.11475536],[150956.92227962,169934.74983314],[150956.03870699,169935.23859335],[150955.56390178,169935.44165539],[150955.063006,169935.56726436],[150953.53299274,169935.7852008],[150952.503,169931.70200034]]]},"geometry_name":"GEOM","properties":{"INSPIRE_ID":"https://databrussels.be/id/streetsurface/157016","TYPE":"SW","STREET_ID":"https://databrussels.be/id/streetname/1550","STRNAMEFRE":"Rue Belliard","STRNAMEDUT":"Belliardstraat","MUNNISCODE":"21004","HIERARCHY":"MAR","LVL":0,"ADMIN":"REGION_RBC","AREA":23},"bbox":[150952.503,169930.59014079,150959.28025899,169935.7852008]},{"type":"Feature","id":"StreetSurfaces.fid-6b1d3889_1a02c238f6c_-f0f","geometry":{"type":"Polygon","coordinates":[[[150952.503,169931.70200034],[150953.53299274,169935.7852008],[150948.880898,169936.44784936],[150948.659447,169934.88471135],[150938.96979699,169936.25745036],[150939.19124801,169937.82058834],[150937.03686199,169938.12580134],[150936.815411,169936.56266335],[150920.17200401,169938.91689335],[150920.39528101,169940.47348734],[150918.25852201,169940.78614034],[150918.027403,169939.22437235],[150897.36560199,169942.15154234],[150897.58705299,169943.71468035],[150895.419541,169944.02175335],[150895.19809001,169942.45861534],[150876.70702601,169945.07825636],[150876.93729701,169946.64014434],[150874.752648,169946.94964534],[150874.52362101,169945.38099536],[150856.2709101,169947.97331788],[150952.503,169931.70200034]]]},"geometry_name":"GEOM","properties":{"INSPIRE_ID":"https://databrussels.be/id/streetsurface/157017","TYPE":"SW","STREET_ID":"https://databrussels.be/id/streetname/1550","STRNAMEFRE":"Rue Belliard","STRNAMEDUT":"Belliardstraat","MUNNISCODE":"21004","HIERARCHY":"MAR","LVL":0,"ADMIN":"REGION_RBC","AREA":149},"bbox":[150856.2709101,169931.70200034,150953.53299274,169947.97331788]},{"type":"Feature","id":"StreetSurfaces.fid-6b1d3889_1a02c238f6c_-edb","geometry":{"type":"Polygon","coordinates":[[[150944.66511623,169841.75772994],[150944.71619934,169841.46156031],[150944.88429899,169840.881813],[150945.1205713,169840.3263494],[150945.42162022,169839.80315347],[150945.78311859,169839.31974541],[150946.1998704,169838.8830735],[150946.66588545,169838.49941427],[150956.96353852,169829.66606936],[150958.05057706,169830.88173114],[150958.32862806,169830.64113465],[150961.02171925,169828.33549145],[150962.527,169830.08000034],[150950.69500001,169840.28800036],[150944.66511623,169841.75772994]]]},"geometry_name":"GEOM","properties":{"INSPIRE_ID":"https://databrussels.be/id/streetsurface/157018","TYPE":"SW","STREET_ID":"https://databrussels.be/id/streetname/436","STRNAMEFRE":"Rue Froissart","STRNAMEDUT":"Froissartstraat","MUNNISCODE":"21005","HIERARCHY":"IDR","LVL":0,"ADMIN":"MUN_RE_RBC","AREA":69},"bbox":[150944.66511623,169828.33549145,150962.527,169841.75772994]},{"type":"Feature","id":"StreetSurfaces.fid-6b1d3889_1a02c238f6c_-eda","geometry":{"type":"Polygon","coordinates":[[[150955.68058827,169888.17633456],[150955.17367079,169886.0925016],[150956.91025178,169885.6610386],[150948.58558924,169851.74262554],[150946.74269605,169852.14198913],[150944.68226934,169843.51842307],[150944.61115036,169843.00562782],[150944.59306535,169842.48824033],[150944.62820552,169841.97173084],[150944.66511623,169841.75772994],[150950.69500072,169840.28799914],[150972.4420011,169928.1159999],[150972.80412402,169928.37011563],[150965.93637395,169929.49727298],[150965.74616306,169928.96449369],[150964.82823579,169925.31492561],[150966.5808008,169924.87412661],[150957.41657927,169887.74372455],[150955.68058827,169888.17633456]]]},"geometry_name":"GEOM","properties":{"INSPIRE_ID":"https://databrussels.be/id/streetsurface/157019","TYPE":"SW","STREET_ID":"https://databrussels.be/id/streetname/436","STRNAMEFRE":"Rue Froissart","STRNAMEDUT":"Froissartstraat","MUNNISCODE":"21005","HIERARCHY":"IDR","LVL":0,"ADMIN":"MUN_RE_RBC","AREA":472},"bbox":[150944.59306535,169840.28799914,150972.80412402,169929.49727298]},{"type":"Feature","id":"StreetSurfaces.fid-6b1d3889_1a02c238f6c_-ee1","geometry":{"type":"Polygon","coordinates":[[[150956.45419674,169823.04145745],[150954.65,169820.95000035],[151077.54000001,169714.89000036],[151079.12367916,169716.7252546],[151076.33050699,169719.13977236],[151071.73849101,169723.09700636],[151025.25999999,169763.43000034],[151000,169785.27000035],[150990.49000001,169793.49000036],[150982.15999999,169800.69000036],[150973.82000001,169807.88000034],[150964.97143337,169815.62766949],[150956.96384227,169822.60135226],[150956.45419674,169823.04145745]]]},"geometry_name":"GEOM","properties":{"INSPIRE_ID":"https://databrussels.be/id/streetsurface/157172","TYPE":"SW","STREET_ID":"https://databrussels.be/id/streetname/2285","STRNAMEFRE":"Rue de la Tourelle","STRNAMEDUT":"Torekenstraat","MUNNISCODE":"21005","HIERARCHY":"DR","LVL":0,"ADMIN":"MUN_RBC","AREA":418},"bbox":[150954.65,169714.89000036,151079.12367916,169823.04145745]},{"type":"Feature","id":"StreetSurfaces.fid-6b1d3889_1a02c238f6c_-eb4","geometry":{"type":"Polygon","coordinates":[[[150777.79391224,169614.76521765],[150778.76700001,169614.28500034],[150779.79300001,169616.27200035],[150780.43235638,169617.50336722],[150777.79391224,169614.76521765]]]},"geometry_name":"GEOM","properties":{"INSPIRE_ID":"https://databrussels.be/id/streetsurface/157450","TYPE":"SW","STREET_ID":"https://databrussels.be/id/streetname/1748","STRNAMEFRE":"Avenue du Maelbeek","STRNAMEDUT":"Maelbeeklaan","MUNNISCODE":"21005","HIERARCHY":"IDR","LVL":0,"ADMIN":"REGION_RBC","AREA":2},"bbox":[150777.79391224,169614.28500034,150780.43235638,169617.50336722]},{"type":"Feature","id":"StreetSurfaces.fid-6b1d3889_1a02c238f6c_-ea5","geometry":{"type":"Polygon","coordinates":[[[150832.20781448,169689.30951094],[150835.32000001,169687.64000036],[150839.75,169688.11000034],[150844.17999999,169688.58000034],[150845.4212257,169691.52073205],[150844.77448569,169692.00004896],[150844.35737454,169692.31116967],[150843.91942499,169692.59219993],[150843.4628038,169692.84174933],[150842.98977011,169693.05858323],[150842.50266425,169693.24162883],[150842.00389618,169693.38998053],[150841.41331413,169693.50336422],[150840.81610001,169693.57392132],[150840.21535529,169693.6012854],[150839.61419979,169693.58531436],[150839.01575546,169693.52609114],[150838.42313016,169693.4239233],[150837.75608928,169693.28085606],[150837.10112604,169693.08997668],[150836.46166277,169692.85228255],[150835.84104078,169692.56901566],[150835.24250296,169692.24165615],[150834.66917678,169691.87191453],[150834.11686065,169691.4524061],[150833.59735544,169690.99289029],[150833.11355239,169690.49592446],[150832.668144,169689.96427438],[150832.26360912,169689.40089886],[150832.20781448,169689.30951094]]]},"geometry_name":"GEOM","properties":{"INSPIRE_ID":"https://databrussels.be/id/streetsurface/157451","TYPE":"SW","STREET_ID":"https://databrussels.be/id/streetname/1748","STRNAMEFRE":"Avenue du Maelbeek","STRNAMEDUT":"Maelbeeklaan","MUNNISCODE":"21005","HIERARCHY":"IDR","LVL":0,"ADMIN":"REGION_RBC","AREA":55},"bbox":[150832.20781448,169687.64000036,150845.4212257,169693.6012854]},{"type":"Feature","id":"StreetSurfaces.fid-6b1d3889_1a02c238f6c_-ee9","geometry":{"type":"Polygon","coordinates":[[[150521.87640538,169939.97780315],[150524.05899999,169939.26600035],[150524.65,169941.66000034],[150526.04000001,169942.29000036],[150527.33199999,169946.74200035],[150529.52000001,169954.28000034],[150526.85892737,169955.0524531],[150525.00999999,169949.47000035],[150521.90999999,169940.08000034],[150521.87640538,169939.97780315]]]},"geometry_name":"GEOM","properties":{"INSPIRE_ID":"https://databrussels.be/id/streetsurface/157477","TYPE":"SW","STREET_ID":"https://databrussels.be/id/streetname/297","STRNAMEFRE":"Rue Wiertz","STRNAMEDUT":"Wiertzstraat","MUNNISCODE":"21004","HIERARCHY":"DC","LVL":0,"ADMIN":"MUN_RBC","AREA":45},"bbox":[150521.87640538,169939.26600035,150529.52000001,169955.0524531]},{"type":"Feature","id":"StreetSurfaces.fid-6b1d3889_1a02c238f6c_-ef9","geometry":{"type":"Polygon","coordinates":[[[150831.1711498,169952.19934009],[150838.69525003,169950.93251466],[150838.85155001,169952.03577634],[150834.215306,169952.63255736],[150833.24091547,169952.65715908],[150832.27618301,169952.51811434],[150831.1711498,169952.19934009]]]},"geometry_name":"GEOM","properties":{"INSPIRE_ID":"https://databrussels.be/id/streetsurface/157481","TYPE":"SW","STREET_ID":"https://databrussels.be/id/streetname/1550","STRNAMEFRE":"Rue Belliard","STRNAMEDUT":"Belliardstraat","MUNNISCODE":"21004","HIERARCHY":"MAR","LVL":0,"ADMIN":"REGION_RBC","AREA":6},"bbox":[150831.1711498,169950.93251466,150838.85155001,169952.65715908]},{"type":"Feature","id":"StreetSurfaces.fid-6b1d3889_1a02c238f6c_-ee2","geometry":{"type":"Polygon","coordinates":[[[150897.07680449,169705.92779894],[150902.01941799,169704.71199152],[150908.96844222,169732.93752165],[150910.67641074,169732.52822685],[150911.19456936,169734.63034459],[150909.48989548,169735.01136649],[150912.7621568,169748.33129734],[150915.49713103,169759.12666813],[150919.19340252,169774.29794257],[150921.57011248,169784.05404755],[150923.23575343,169783.62511927],[150923.49237004,169784.67441158],[150923.74653604,169785.6934492],[150922.078833,169786.11722476],[150924.90019485,169797.56932425],[150929.67375738,169817.40945319],[150931.39718737,169816.99476382],[150931.88808106,169819.06774955],[150932.47120189,169821.42472934],[150925.83599999,169823.03300034],[150922.88,169810.84000036],[150897.849,169709.06700035],[150897.07680449,169705.92779894]]]},"geometry_name":"GEOM","properties":{"INSPIRE_ID":"https://databrussels.be/id/streetsurface/157482","TYPE":"SW","STREET_ID":"https://databrussels.be/id/streetname/436","STRNAMEFRE":"Rue Froissart","STRNAMEDUT":"Froissartstraat","MUNNISCODE":"21005","HIERARCHY":"IDR","LVL":0,"ADMIN":"MUN_RE_RBC","AREA":632},"bbox":[150897.07680449,169704.71199152,150932.47120189,169823.03300034]},{"type":"Feature","id":"StreetSurfaces.fid-6b1d3889_1a02c238f6c_-e48","geometry":{"type":"Polygon","coordinates":[[[150742.03700028,169507.68999938],[150743.26615949,169508.08415727],[150744.4550004,169508.58699943],[150745.52199538,169509.19092323],[150746.50400062,169509.92499954],[150747.41136911,169510.85530626],[150748.1910008,169511.89499973],[150748.82269619,169513.00424091],[150749.3560009,169514.16399993],[150750.24400094,169516.50999998],[150750.63000097,169518.06900012],[150750.96866953,169519.50129539],[150745.83300049,169522.34900123],[150744.5629992,169520.65400094],[150742.58499925,169518.45700103],[150740.33299935,169516.4910011],[150739.36199935,169515.68300113],[150737.23336127,169514.40485102],[150737.0376569,169514.28679594],[150737.5041131,169512.90051609],[150740.0712162,169507.22891671],[150740.83172646,169507.36140682],[150742.03700028,169507.68999938]]]},"geometry_name":"GEOM","properties":{"INSPIRE_ID":"https://databrussels.be/id/streetsurface/157560","TYPE":"SW","STREET_ID":"https://databrussels.be/id/streetname/2170","STRNAMEFRE":"Chaussée de Wavre","STRNAMEDUT":"Steenweg op Waver","MUNNISCODE":"21005","HIERARCHY":"IDR","LVL":0,"ADMIN":"REGION_RBC","AREA":118},"bbox":[150737.0376569,169507.22891671,150750.96866953,169522.34900123]},{"type":"Feature","id":"StreetSurfaces.fid-6b1d3889_1a02c238f6c_-eca","geometry":{"type":"Polygon","coordinates":[[[150868.39595001,169550.93478389],[150863.88214963,169542.37994004],[150861.91457323,169538.70951762],[150855.05336601,169525.91025414],[150853.37000001,169526.79500035],[150847.003,169514.69700035],[150844.029,169508.95900034],[150845.53,169508.16000034],[150842.55999999,169502.40000035],[150839.58,169496.65000035],[150835.03099999,169487.81900035],[150834.20599999,169486.24600035],[150833.14502561,169484.23306421],[150835.57000001,169482.94000036],[150837.50999999,169487.42000035],[150839.67999999,169491.45000035],[150843.40999999,169498.96000034],[150856.424,169523.37400035],[150857.8,169526.47000035],[150863.88,169537.67000035],[150868.2,169546.14000036],[150870.41009073,169549.86274051],[150868.39595001,169550.93478389]]]},"geometry_name":"GEOM","properties":{"INSPIRE_ID":"https://databrussels.be/id/streetsurface/157563","TYPE":"SW","STREET_ID":"https://databrussels.be/id/streetname/1257","STRNAMEFRE":"Rue Gray","STRNAMEDUT":"Graystraat","MUNNISCODE":"21005","HIERARCHY":"DC","LVL":0,"ADMIN":"MUN_RBC","AREA":213},"bbox":[150833.14502561,169482.94000036,150870.41009073,169550.93478389]},{"type":"Feature","id":"StreetSurfaces.fid-6b1d3889_1a02c238f6c_-ed2","geometry":{"type":"Polygon","coordinates":[[[151261.82000001,169603.19000036],[151000,169592.90000035],[150972.07000001,169591.50000035],[150924.104,169589.89900035],[150924.23691076,169585.90476154],[150924.99937498,169585.93923792],[150936.05105489,169586.42553253],[150942.96981418,169586.65735118],[150942.93500463,169588.57552899],[150944.08654,169588.58947864],[151000,169590.72000035],[151000.57,169590.747],[151168.41500001,169597.14700035],[151171.33299999,169595.35600034],[151173.88499999,169595.45400034],[151176.39200001,169597.45100035],[151254.21259699,169600.59280235],[151254.314887,169598.65856234],[151256.29336801,169598.69750635],[151260.150457,169599.66151735],[151261.922879,169600.26315235],[151262.84129667,169600.69452323],[151261.82000001,169603.19000036]]]},"geometry_name":"GEOM","properties":{"INSPIRE_ID":"https://databrussels.be/id/streetsurface/157637","TYPE":"SW","STREET_ID":"https://databrussels.be/id/streetname/1632","STRNAMEFRE":"Rue Général Leman","STRNAMEDUT":"Generaal Lemanstraat","MUNNISCODE":"21005","HIERARCHY":"DC","LVL":0,"ADMIN":"MUN_RBC","AREA":810},"bbox":[150924.104,169585.90476154,151262.84129667,169603.19000036]},{"type":"Feature","id":"StreetSurfaces.fid-6b1d3889_1a02c238f6c_-e49","geometry":{"type":"Polygon","coordinates":[[[150417.90824456,169507.0008865],[150432.30817754,169509.14391915],[150436.64831629,169509.78982905],[150436.91111186,169509.82757191],[150461.53,169513.37000035],[150466.58825095,169514.08982066],[150490.77698169,169517.49113051],[150496.94552453,169518.35866088],[150498.1115876,169523.83541838],[150500.14102967,169533.36404072],[150508.06025555,169570.54633542],[150509.64868023,169578.00429601],[150511.3596036,169586.1976621],[150518.54079621,169620.58736171],[150519.14696648,169623.49022399],[150525.5095372,169655.40977887],[150526.1227999,169655.96031834],[150525.94000001,169657.00000035],[150525.73044336,169657.48582517],[150525.37688849,169657.88496024],[150525.04013324,169658.26512987],[150524.83824217,169658.49304868],[150511.2593864,169673.80154707],[150481.55414615,169707.2905707],[150460.60958395,169731.0017825],[150460.08464766,169731.5943863],[150458.34000001,169729.99000036],[150524.795,169654.79600035],[150523.3,169653.51000034],[150508.53699999,169582.55500034],[150495.74000001,169522.14000036],[150495,169520.71000034],[150494.00999999,169519.68000034],[150492.32000001,169519.13000034],[150472.13299999,169516.51300036],[150465.60999999,169515.85000035],[150436.25999999,169511.29000036],[150417.673,169508.70500034],[150417.90824456,169507.0008865]]]},"geometry_name":"GEOM","properties":{"INSPIRE_ID":"https://databrussels.be/id/streetsurface/157931","TYPE":"SW","STREET_ID":"https://databrussels.be/id/streetname/3485","STRNAMEFRE":"Rue Vautier","STRNAMEDUT":"Vautierstraat","MUNNISCODE":"21009","HIERARCHY":"DR","LVL":0,"ADMIN":"MUN_RBC","AREA":647},"bbox":[150417.673,169507.0008865,150526.1227999,169731.5943863]},{"type":"Feature","id":"StreetSurfaces.fid-6b1d3889_1a02c238f6c_-eb7","geometry":{"type":"Polygon","coordinates":[[[150777.15200045,169615.08199901],[150777.79391229,169614.76521627],[150780.43235712,169617.50336653],[150782.59000087,169621.36099986],[150785.27300088,169626.26699988],[150786.22100136,169627.81500069],[150784.68500137,169628.73200067],[150787.9110003,169633.90699896],[150789.5010004,169632.90099899],[150790.38400137,169634.50000068],[150788.86500137,169635.43600067],[150790.03800085,169637.32199983],[150793.59700038,169643.38299898],[150795.16400037,169642.50399898],[150796.05900087,169644.04099986],[150796.19200087,169644.27899987],[150807.85900087,169665.08599986],[150812.56692634,169673.46561243],[150813.13016043,169677.87284166],[150815.36722183,169678.44984435],[150817.56800087,169682.36699985],[150818.63613508,169684.30295817],[150818.67237959,169684.36864933],[150820.61390827,169687.82667014],[150822.04881798,169690.44308391],[150822.51687354,169691.22690234],[150823.00005058,169692.0014908],[150823.2242473,169692.34583885],[150823.95857622,169693.73475825],[150822.29229287,169694.62862453],[150817.16999962,169685.0800017],[150814.74099963,169686.46000172],[150807.63999913,169673.96000084],[150804.06999865,169667.25999998],[150805.50999863,169666.43999995],[150804.31999869,169664.28999983],[150804.54999864,169664.18999995],[150801.14999912,169658.04000083],[150798.14999914,169653.10000087],[150791.30999918,169643.31000091],[150783.70999916,169631.22000088],[150778.81999905,169622.62000102],[150770.46999919,169618.86000134],[150768.07699902,169607.70600056],[150767.3154702,169604.10387751],[150774.4550771,169611.3002082],[150776.04370751,169612.94887208],[150777.15200045,169615.08199901]]]},"geometry_name":"GEOM","properties":{"INSPIRE_ID":"https://databrussels.be/id/streetsurface/157934","TYPE":"SW","STREET_ID":"https://databrussels.be/id/streetname/1861","STRNAMEFRE":"Avenue du Maelbeek","STRNAMEDUT":"Maalbeeklaan","MUNNISCODE":"21004","HIERARCHY":"IDR","LVL":0,"ADMIN":"REGION_RBC","AREA":362},"bbox":[150767.3154702,169604.10387751,150823.95857622,169694.62862453]},{"type":"Feature","id":"StreetSurfaces.fid-6b1d3889_1a02c238f6c_-eb6","geometry":{"type":"Polygon","coordinates":[[[150773.94000001,169552.67000035],[150778.37000001,169572.54000036],[150779.79000001,169577.65000035],[150783.49000001,169589.64000036],[150788.98,169602.73000034],[150793.08,169611.11000034],[150803.10999999,169629.26000034],[150811.39000001,169643.48000034],[150833.55999999,169683.74000036],[150835.32000001,169687.64000036],[150832.20781448,169689.30951094],[150831.90219913,169688.80893328],[150828.82726688,169683.27278838],[150828.20641415,169682.15649018],[150829.76060848,169681.26472619],[150828.36118442,169678.73298527],[150826.45999999,169675.22900034],[150822.09000001,169667.29800035],[150820.54504099,169668.20042635],[150819.624,169666.59600035],[150821.197,169665.69300035],[150817.698,169659.35400034],[150810.44500001,169646.23400034],[150808.86969099,169647.10486335],[150807.91600001,169645.35800034],[150805.50599999,169641.28100034],[150804.451,169639.56900035],[150800.34200001,169632.59200036],[150799.30699999,169630.86200034],[150796.153,169625.71700035],[150791.86700001,169618.69800035],[150791.03,169617.07200035],[150792.58800001,169616.20300034],[150787.86400001,169607.23900036],[150787.43199999,169606.29400035],[150784.526,169599.12500035],[150784.41440899,169598.84862634],[150783.09100001,169599.38900036],[150782.73699999,169599.52100035],[150782.06700001,169597.82900034],[150783.73299999,169597.16100034],[150781.75699999,169592.29900035],[150781.397,169591.33500034],[150776.70332999,169576.41310834],[150774.98699999,169576.92200035],[150774.48099999,169575.19700035],[150776.16199999,169574.66500036],[150775.99100001,169574.10000035],[150775.73099999,169573.11500036],[150771.73399999,169555.70600034],[150771.708129,169555.59331736],[150771.56800001,169555.62800034],[150769.754,169556.07700034],[150769.21003547,169553.75408646],[150773.94000001,169552.67000035]]]},"geometry_name":"GEOM","properties":{"INSPIRE_ID":"https://databrussels.be/id/streetsurface/157935","TYPE":"SW","STREET_ID":"https://databrussels.be/id/streetname/1748","STRNAMEFRE":"Avenue du Maelbeek","STRNAMEDUT":"Maelbeeklaan","MUNNISCODE":"21005","HIERARCHY":"IDR","LVL":0,"ADMIN":"REGION_RBC","AREA":459},"bbox":[150769.21003547,169552.67000035,150835.32000001,169689.30951094]},{"type":"Feature","id":"StreetSurfaces.fid-6b1d3889_1a02c238f6c_-ea3","geometry":{"type":"Polygon","coordinates":[[[150859.38362737,169682.81932466],[150859.01771578,169682.9598792],[150857.87131194,169683.40549537],[150856.74101145,169683.89050707],[150855.62816765,169684.41433358],[150854.53411296,169684.97634771],[150853.51512348,169685.55062803],[150852.51672572,169686.16000423],[150851.54012795,169686.80373882],[150850.58651206,169687.48105275],[150849.65703212,169688.19112633],[150848.75281302,169688.93310021],[150847.68121235,169689.77546513],[150846.66988858,169690.59531346],[150845.4212257,169691.52073205],[150844.17999999,169688.58000034],[150846.50999999,169685.15000035],[150851.37000001,169676.67000035],[150852.45999999,169674.35000035],[150859.38362737,169682.81932466]]]},"geometry_name":"GEOM","properties":{"INSPIRE_ID":"https://databrussels.be/id/streetsurface/157936","TYPE":"SW","STREET_ID":"https://databrussels.be/id/streetname/652","STRNAMEFRE":"Place Jourdan","STRNAMEDUT":"Jourdanplein","MUNNISCODE":"21005","HIERARCHY":"IDR","LVL":0,"ADMIN":"MUN_RE_RBC","AREA":99},"bbox":[150844.17999999,169674.35000035,150859.38362737,169691.52073205]},{"type":"Feature","id":"StreetSurfaces.fid-6b1d3889_1a02c238f6c_-e3d","geometry":{"type":"Polygon","coordinates":[[[150526.1227999,169655.96031834],[150525.5095372,169655.40977887],[150519.14696648,169623.49022399],[150521.73,169635.86000034],[150523.35,169643.64000036],[150525.92,169654.17000035],[150526.08,169655.13000034],[150526.1227999,169655.96031834]]]},"geometry_name":"GEOM","properties":{"INSPIRE_ID":"https://databrussels.be/id/streetsurface/158139","TYPE":"SW","STREET_ID":"https://databrussels.be/id/streetname/1549","STRNAMEFRE":"Rue Vautier","STRNAMEDUT":"Vautierstraat","MUNNISCODE":"21004","HIERARCHY":"DR","LVL":0,"ADMIN":"MUN_RBC","AREA":7},"bbox":[150519.14696648,169623.49022399,150526.1227999,169655.96031834]},{"type":"Feature","id":"StreetSurfaces.fid-6b1d3889_1a02c238f6c_-e66","geometry":{"type":"Polygon","coordinates":[[[150516.51999905,169923.66000065],[150515.66999905,169921.04000067],[150512.52999904,169911.40000066],[150509.39999905,169901.76000065],[150501.26999905,169876.74000067],[150500.34999905,169873.69000064],[150499.41999903,169870.63000063],[150498.87999902,169867.53000051],[150498.85037046,169866.92473148],[150502.00351555,169866.89823343],[150502.04000104,169871.24000033],[150503.37000101,169876.02000007],[150504.02000086,169877.02999979],[150508.07000096,169889.88000006],[150523.71000094,169937.85000004],[150524.05900126,169939.266001],[150521.87640474,169939.97780441],[150518.81999905,169930.68000065],[150516.51999905,169923.66000065]]]},"geometry_name":"GEOM","properties":{"INSPIRE_ID":"https://databrussels.be/id/streetsurface/158140","TYPE":"SW","STREET_ID":"https://databrussels.be/id/streetname/297","STRNAMEFRE":"Rue Wiertz","STRNAMEDUT":"Wiertzstraat","MUNNISCODE":"21004","HIERARCHY":"DC","LVL":0,"ADMIN":"MUN_RBC","AREA":186},"bbox":[150498.85037046,169866.89823343,150524.05900126,169939.97780441]},{"type":"Feature","id":"StreetSurfaces.fid-6b1d3889_1a02c238f6c_-f1c","geometry":{"type":"Polygon","coordinates":[[[150972.84932325,169993.66286873],[150968.35,169994.77000035],[150966.17999999,169983.64000036],[150961.55999999,169967.70000035],[150957.43299999,169951.24600035],[150962.84384294,169950.41969794],[150962.95208299,169950.66989936],[150963.403475,169952.31368634],[150964.17216201,169955.41484035],[150962.43579199,169955.85674535],[150969.070224,169982.85288934],[150970.54316299,169988.71751136],[150972.26963301,169988.29525434],[150972.79834199,169990.43903734],[150972.90379126,169990.96172496],[150972.98863058,169991.96772963],[150972.97661555,169992.92282449],[150972.91649599,169993.39787635],[150972.84932325,169993.66286873]]]},"geometry_name":"GEOM","properties":{"INSPIRE_ID":"https://databrussels.be/id/streetsurface/158174","TYPE":"SW","STREET_ID":"https://databrussels.be/id/streetname/4110","STRNAMEFRE":"Rue Froissart","STRNAMEDUT":"Froissartstraat","MUNNISCODE":"21004","HIERARCHY":"IDR","LVL":0,"ADMIN":"MUN_RE_RBC","AREA":173},"bbox":[150957.43299999,169950.41969794,150972.98863058,169994.77000035]},{"type":"Feature","id":"StreetSurfaces.fid-6b1d3889_1a02c238f6c_-f14","geometry":{"type":"Polygon","coordinates":[[[150989.88000016,169930.51000134],[150989.63999901,169928.92000049],[150978.38394914,169930.58227934],[150978.60623798,169932.1598452],[150976.35010214,169932.47774833],[150974.48568504,169932.73401035],[150973.79999902,169929.07000054],[151014.57200084,169923.01499921],[151015.09358449,169926.67810975],[151013.6600003,169927.1300013],[151011.01000013,169927.51000134],[151010.87999899,169925.91000043],[151000.00000014,169927.45000135],[150992.01000013,169928.59000133],[150992.24000099,169930.1600002],[150990.78000014,169930.37000133],[150989.88000016,169930.51000134]]]},"geometry_name":"GEOM","properties":{"INSPIRE_ID":"https://databrussels.be/id/streetsurface/158175","TYPE":"SW","STREET_ID":"https://databrussels.be/id/streetname/1550","STRNAMEFRE":"Rue Belliard","STRNAMEDUT":"Belliardstraat","MUNNISCODE":"21004","HIERARCHY":"MAR","LVL":0,"ADMIN":"REGION_RBC","AREA":109},"bbox":[150973.79999902,169923.01499921,151015.09358449,169932.73401035]},{"type":"Feature","id":"StreetSurfaces.fid-6b1d3889_1a02c238f6c_-eb0","geometry":{"type":"Polygon","coordinates":[[[150838.68052581,169723.33125095],[150838.80780714,169729.21832105],[150836.95461931,169731.26154227],[150837.43956103,169741.8902972],[150837.786611,169748.273331],[150838.33055,169759.674169],[150838.56800799,169765.07359134],[150839.55999999,169788.06000034],[150840.89000001,169818.47000035],[150841.47000001,169830.02000035],[150841.60999999,169832.57000035],[150841.75999999,169835.12000035],[150841.88,169837.68000034],[150841.98,169840.65000035],[150842.05,169843.61000034],[150842.08,169846.58000034],[150842.09000001,169848.60000035],[150842.07000001,169850.61000034],[150842.00999999,169852.62000035],[150841.89000001,169854.84000035],[150841.72000001,169857.05000035],[150841.52000001,169859.26000034],[150841.24000001,169861.71000034],[150840.90999999,169864.16000034],[150840.55999999,169866.61000034],[150840.10999999,169869.73000034],[150839.62000001,169872.85000035],[150839.12000001,169875.97000035],[150838.49000001,169879.77000035],[150837.83,169883.57000035],[150837.05,169887.34000036],[150836.42,169890.04000035],[150835.72000001,169892.74000036],[150834.90999999,169895.39000036],[150834.15999999,169897.40000035],[150833.35,169899.38000034],[150832.53,169901.36000034],[150833.39000001,169903.92000035],[150831.91700001,169907.58700034],[150831.029,169909.78700034],[150830.14100001,169911.94000036],[150829.03399999,169914.50300034],[150827.88900001,169917.09800035],[150826.70699999,169919.75500034],[150824.40699999,169925.09200036],[150822.15263758,169930.41751009],[150821.79334366,169931.20441565],[150819.28693349,169936.69381582],[150819.12594173,169937.04641103],[150818.48670704,169938.44642726],[150817.42002449,169940.78261608],[150813.21723046,169949.98734192],[150806.89500001,169950.82500035],[150808.34427276,169949.535083],[150810.25999999,169947.83000034],[150814.89300001,169936.89500035],[150815.09000001,169936.43000034],[150830.47000001,169901.17000035],[150833.80999999,169892.64000036],[150835.27000001,169887.30000035],[150839.63,169862.03000034],[150840.38,169855.16000034],[150840.4,169847.43000034],[150835.25,169741.90000035],[150834.63897297,169722.01232637],[150838.68052581,169723.33125095]]]},"geometry_name":"GEOM","properties":{"INSPIRE_ID":"https://databrussels.be/id/streetsurface/158289","TYPE":"SW","STREET_ID":"https://databrussels.be/id/streetname/133","STRNAMEFRE":"Chaussée d'Etterbeek","STRNAMEDUT":"Etterbeeksesteenweg","MUNNISCODE":"21004","HIERARCHY":"IDR","LVL":0,"ADMIN":"REGION_RBC","AREA":577},"bbox":[150806.89500001,169722.01232637,150842.09000001,169950.82500035]},{"type":"Feature","id":"StreetSurfaces.fid-6b1d3889_1a02c238f6c_-f01","geometry":{"type":"Polygon","coordinates":[[[150826.14060321,169948.27507085],[150830.33,169947.72000035],[150831.85,169948.57000035],[150833.60999999,169948.86000034],[150839.29000001,169948.06000034],[150839.57611985,169950.33851377],[150838.63009901,169950.47263836],[150838.69525003,169950.93251466],[150831.1711498,169952.19934009],[150830.4388206,169951.98808156],[150828.74454401,169951.10136734],[150827.53453221,169950.06560215],[150826.49884932,169948.8555199],[150826.14060321,169948.27507085]]]},"geometry_name":"GEOM","properties":{"INSPIRE_ID":"https://databrussels.be/id/streetsurface/158290","TYPE":"SW","STREET_ID":"https://databrussels.be/id/streetname/4433","STRNAMEFRE":"Rue Belliard","STRNAMEDUT":"Belliardstraat","MUNNISCODE":"21005","HIERARCHY":"MAR","LVL":0,"ADMIN":"REGION_RBC","AREA":38},"bbox":[150826.14060321,169947.72000035,150839.57611985,169952.19934009]},{"type":"Feature","id":"StreetSurfaces.fid-6b1d3889_1a02c238f6c_-ecc","geometry":{"type":"Polygon","coordinates":[[[150897.07680449,169705.92779894],[150894.403,169695.05800034],[150893.455,169694.488],[150892.957,169694.271],[150890.93250439,169693.96655735],[150891.06603196,169688.10291233],[150891.24855804,169688.1090077],[150891.84318991,169688.1569207],[150892.43747827,169688.21737366],[150893.02953264,169688.31749511],[150893.69155936,169688.44248838],[150894.34022532,169688.60290838],[150894.9789279,169688.79927825],[150895.60567638,169689.03098595],[150896.21851729,169689.2973093],[150896.80872664,169689.59399302],[150897.46087979,169690.01419309],[150898.08502448,169690.48356606],[150898.67357121,169690.99686942],[150899.22343464,169691.55141228],[150899.73173224,169692.14428759],[150900.19740964,169692.77456677],[150900.59429746,169693.3777774],[150900.95196634,169694.00359306],[150901.26969903,169694.65060017],[150901.54624556,169695.31625344],[150901.78051803,169695.99793421],[150901.97267288,169696.69688215],[150903.77335846,169704.29642104],[150902.01941799,169704.71199152],[150897.07680449,169705.92779894]]]},"geometry_name":"GEOM","properties":{"INSPIRE_ID":"https://databrussels.be/id/streetsurface/158291","TYPE":"SW","STREET_ID":"https://databrussels.be/id/streetname/652","STRNAMEFRE":"Place Jourdan","STRNAMEDUT":"Jourdanplein","MUNNISCODE":"21005","HIERARCHY":"IDR","LVL":0,"ADMIN":"MUN_RE_RBC","AREA":122},"bbox":[150890.93250439,169688.10291233,150903.77335846,169705.92779894]},{"type":"Feature","id":"StreetSurfaces.fid-6b1d3889_1a02c238f6c_-ed3","geometry":{"type":"Polygon","coordinates":[[[150917.44440943,169585.77924867],[150918.29511043,169585.69860931],[150919.14934131,169585.67659829],[150920.00306634,169585.7133196],[150924.23691076,169585.90476154],[150924.104,169589.89900035],[150919.65,169589.75000035],[150917.58199999,169591.65300034],[150915.51500001,169593.55600034],[150907.62081201,169593.12652963],[150907.82387578,169592.65457106],[150908.26636372,169591.82661826],[150908.77202834,169591.0356665],[150909.33779403,169590.2865266],[150909.9602196,169589.58375508],[150910.63551927,169588.93162644],[150911.35958562,169588.33410713],[150911.91076126,169587.92610054],[150912.48339488,169587.54880132],[150913.0757776,169587.20333544],[150913.6861416,169586.89073385],[150914.3126654,169586.61192944],[150914.95347928,169586.36775424],[150915.7696377,169586.11461333],[150916.60125739,169585.91813539],[150917.44440943,169585.77924867]]]},"geometry_name":"GEOM","properties":{"INSPIRE_ID":"https://databrussels.be/id/streetsurface/158292","TYPE":"SW","STREET_ID":"https://databrussels.be/id/streetname/652","STRNAMEFRE":"Place Jourdan","STRNAMEDUT":"Jourdanplein","MUNNISCODE":"21005","HIERARCHY":"DC","LVL":0,"ADMIN":"MUN_RE_RBC","AREA":80},"bbox":[150907.62081201,169585.67659829,150924.23691076,169593.55600034]},{"type":"Feature","id":"StreetSurfaces.fid-6b1d3889_1a02c238f6c_-ed1","geometry":{"type":"Polygon","coordinates":[[[150915.51500001,169593.55600034],[150910.94000001,169677.65000035],[150903.74803911,169677.25873283],[150903.28335519,169675.4387772],[150903.18253583,169674.93771405],[150903.0977729,169674.4336862],[150903.02915292,169673.92720805],[150902.97674591,169673.41879647],[150902.9720281,169673.35232137],[150902.94075033,169672.91160945],[150902.92088978,169672.40353473],[150902.91718432,169671.89508548],[150902.9296377,169671.38677527],[150903.13878946,169667.3737086],[150903.74121189,169655.34729539],[150903.96828705,169650.75795419],[150904.03610047,169649.46259087],[150904.65219798,169637.44153494],[150905.39546404,169623.4432338],[150905.57785362,169619.49453843],[150906.69291848,169598.11097136],[150906.7958907,169596.33609144],[150906.90173261,169595.57550696],[150907.05826651,169594.82371684],[150907.26478974,169594.08409572],[150907.52037526,169593.35996363],[150907.62081201,169593.12652963],[150915.51500001,169593.55600034]]]},"geometry_name":"GEOM","properties":{"INSPIRE_ID":"https://databrussels.be/id/streetsurface/158293","TYPE":"SW","STREET_ID":"https://databrussels.be/id/streetname/652","STRNAMEFRE":"Place Jourdan","STRNAMEDUT":"Jourdanplein","MUNNISCODE":"21005","HIERARCHY":"DC","LVL":0,"ADMIN":"MUN_RE_RBC","AREA":709},"bbox":[150902.91718432,169593.12652963,150915.51500001,169677.65000035]},{"type":"Feature","id":"StreetSurfaces.fid-6b1d3889_1a02c238f6c_-ed6","geometry":{"type":"Polygon","coordinates":[[[150924.59000001,169575.35000035],[150941.73,169575.80000035],[151200.049,169585.58500034],[151214.80999999,169586.00000035],[151267.99100001,169588.10400034],[151266.21314175,169592.45180663],[151265.47430699,169592.49377336],[151262.06900001,169592.42700035],[151260.199,169592.43500034],[151254.61400001,169592.32000035],[151229.696,169591.37000035],[151228.58499999,169591.32800034],[151228.622,169590.35500034],[151228.672,169589.01400036],[151206.57000001,169588.21000034],[151205.45999999,169588.17000035],[151176.78800001,169587.04200036],[151174.126,169589.13400034],[151171.574,169589.03700034],[151168.81199999,169586.72800035],[151132.54000001,169585.30000035],[151114.37000001,169584.51000034],[151069.95,169582.88000034],[151055.822,169582.48700034],[151055.81099999,169582.83600034],[151055.23199999,169583.82100035],[151052.93299999,169583.75700034],[151052.41300001,169582.74200036],[151052.423,169582.39200035],[151000,169580.37000035],[150986.87000001,169579.68000034],[150945.1875754,169578.27773004],[150935.00571719,169577.90435295],[150934.9438531,169579.83442803],[150925.7660086,169579.4957668],[150925.34348496,169579.48017573],[150924.45326494,169579.44304887],[150924.59000001,169575.35000035]]]},"geometry_name":"GEOM","properties":{"INSPIRE_ID":"https://databrussels.be/id/streetsurface/158294","TYPE":"SW","STREET_ID":"https://databrussels.be/id/streetname/1632","STRNAMEFRE":"Rue Général Leman","STRNAMEDUT":"Generaal Lemanstraat","MUNNISCODE":"21005","HIERARCHY":"DC","LVL":0,"ADMIN":"MUN_RBC","AREA":918},"bbox":[150924.45326494,169575.35000035,151267.99100001,169592.49377336]},{"type":"Feature","id":"StreetSurfaces.fid-6b1d3889_1a02c238f6c_-eef","geometry":{"type":"Polygon","coordinates":[[[150452.01123483,169974.21184968],[150465.56799967,169969.40999941],[150466.32300093,169971.30299999],[150476.19999969,169968.04999939],[150487.77999969,169964.2399994],[150499.35999968,169960.44999939],[150504.75999968,169958.6899994],[150510.15999968,169956.9399994],[150513.6949997,169955.78799941],[150513.12999904,169953.82300063],[150514.81000094,169958.55000001],[150465.3100003,169974.56000129],[150451.06199637,169979.30727569],[150451.17842989,169966.94835357],[150461.09094107,169960.84339324],[150464.56799948,169958.75399949],[150477.29186096,169954.57988137],[150509.90499969,169943.88099939],[150510.40000093,169945.24600002],[150481.59300032,169954.67000131],[150464.52500031,169960.26000129],[150465.21800096,169962.39600004],[150452.47100031,169966.5710013],[150452.08505731,169966.6970493],[150452.01123483,169974.21184968]]]},"geometry_name":"GEOM","properties":{"INSPIRE_ID":"https://databrussels.be/id/streetsurface/158314","TYPE":"SW","STREET_ID":"https://databrussels.be/id/streetname/567","STRNAMEFRE":"Rue Montoyer","STRNAMEDUT":"Montoyerstraat","MUNNISCODE":"21004","HIERARCHY":"DC","LVL":0,"ADMIN":"MUN_RE_RBC","AREA":323},"bbox":[150451.06199637,169943.88099939,150514.81000094,169979.30727569]},{"type":"Feature","id":"StreetSurfaces.fid-6b1d3889_1a02c238f6c_-eec","geometry":{"type":"Polygon","coordinates":[[[150514.80999999,169958.55000035],[150513.13,169953.82300035],[150514.33199999,169953.48900036],[150514.64300001,169953.44900035],[150514.955,169953.40800034],[150515.26300001,169953.40500034],[150515.56700001,169953.45900034],[150515.86800001,169953.55100035],[150516.16400001,169953.65400034],[150516.50599999,169953.76500036],[150516.84300001,169953.89200035],[150517.14400001,169954.06600036],[150517.374,169954.28500034],[150517.575,169954.54300035],[150517.75699999,169954.81200034],[150518.04400001,169955.37800034],[150518.46600001,169956.60000035],[150518.7311455,169957.41177525],[150514.80999999,169958.55000035]]]},"geometry_name":"GEOM","properties":{"INSPIRE_ID":"https://databrussels.be/id/streetsurface/158315","TYPE":"SW","STREET_ID":"https://databrussels.be/id/streetname/297","STRNAMEFRE":"Rue Wiertz","STRNAMEDUT":"Wiertzstraat","MUNNISCODE":"21004","HIERARCHY":"DC","LVL":0,"ADMIN":"MUN_RBC","AREA":19},"bbox":[150513.13,169953.40500034,150518.7311455,169958.55000035]},{"type":"Feature","id":"StreetSurfaces.fid-6b1d3889_1a02c238f6c_-edf","geometry":{"type":"Polygon","coordinates":[[[150961.02171925,169828.33549145],[150968.59609034,169821.85082535],[150979.85999999,169812.13000034],[150986.78,169806.14000036],[150993.70999999,169800.16000034],[151000,169794.72000035],[151045.65,169755.26000034],[151083.89121644,169722.25074731],[151085.43399999,169724.03900036],[150962.527,169830.08000034],[150961.02171925,169828.33549145]]]},"geometry_name":"GEOM","properties":{"INSPIRE_ID":"https://databrussels.be/id/streetsurface/158321","TYPE":"SW","STREET_ID":"https://databrussels.be/id/streetname/2285","STRNAMEFRE":"Rue de la Tourelle","STRNAMEDUT":"Torekenstraat","MUNNISCODE":"21005","HIERARCHY":"DR","LVL":0,"ADMIN":"MUN_RBC","AREA":376},"bbox":[150961.02171925,169722.25074731,151085.43399999,169830.08000034]},{"type":"Feature","id":"StreetSurfaces.fid-6b1d3889_1a02c238f6c_-ebb","geometry":{"type":"Polygon","coordinates":[[[150773.42100091,169607.34499995],[150775.0669996,169606.61699942],[150775.83900092,169608.26499993],[150774.1510004,169609.02800125],[150774.60000091,169610.05799996],[150775.01400092,169610.96699993],[150776.04370763,169612.94887232],[150774.45507567,169611.30020961],[150767.31546915,169604.1038793],[150767.11299903,169603.21200058],[150765.64999902,169596.39000055],[150756.54099879,169556.6589996],[150759.9149267,169555.88523409],[150760.41300097,169557.73000008],[150758.64000025,169558.20200132],[150764.69100096,169581.57300009],[150764.96100097,169582.53800007],[150769.05800095,169595.78700005],[150770.75099969,169595.2399994],[150771.28000095,169596.96900004],[150769.59900031,169597.50700129],[150770.62500095,169600.81400005],[150770.95400095,169601.75600001],[150773.42100091,169607.34499995]]]},"geometry_name":"GEOM","properties":{"INSPIRE_ID":"https://databrussels.be/id/streetsurface/158405","TYPE":"SW","STREET_ID":"https://databrussels.be/id/streetname/1748","STRNAMEFRE":"Avenue du Maelbeek","STRNAMEDUT":"Maelbeeklaan","MUNNISCODE":"21005","HIERARCHY":"IDR","LVL":0,"ADMIN":"REGION_RBC","AREA":157},"bbox":[150756.54099879,169555.88523409,150776.04370763,169612.94887232]},{"type":"Feature","id":"StreetSurfaces.fid-6b1d3889_1a02c238f6c_-e99","geometry":{"type":"Polygon","coordinates":[[[150776.64000001,169551.46000034],[150775,169552.38000034],[150773.94000001,169552.67000035],[150769.21003547,169553.75408646],[150764.76400001,169534.76800035],[150763.01082504,169527.2019287],[150769.33,169525.37000035],[150777.17999999,169535.55000035],[150776.64000001,169551.46000034]]]},"geometry_name":"GEOM","properties":{"INSPIRE_ID":"https://databrussels.be/id/streetsurface/158406","TYPE":"SW","STREET_ID":"https://databrussels.be/id/streetname/2170","STRNAMEFRE":"Chaussée de Wavre","STRNAMEDUT":"Steenweg op Waver","MUNNISCODE":"21005","HIERARCHY":"IDR","LVL":0,"ADMIN":"REGION_RBC","AREA":262},"bbox":[150763.01082504,169525.37000035,150777.17999999,169553.75408646]},{"type":"Feature","id":"StreetSurfaces.fid-6b1d3889_1a02c238f6c_-ec0","geometry":{"type":"Polygon","coordinates":[[[150894.63488963,169546.76477806],[150896.474,169539.37700035],[150896.64035299,169538.71158835],[150899.15,169528.67300035],[150899.36900001,169527.77500035],[150899.295,169526.90200035],[150898.98914826,169525.92753932],[150898.828,169524.91900036],[150898.8150064,169523.90054904],[150898.95,169522.89100036],[150899.22000001,169521.75400035],[150900.971,169522.14000036],[150901.078,169521.72500035],[150902.178,169517.28200034],[150903.205,169513.40100035],[150903.48699999,169512.43700034],[150903.577,169512.21700036],[150903.89500001,169511.48000034],[150904.346,169510.58800036],[150906.746,169506.05700034],[150907.24500001,169505.18000034],[150907.98,169503.90300034],[150911.301,169498.23800036],[150912.08299999,169496.98300034],[150912.95999999,169495.71200034],[150915.955,169491.65800034],[150917.548,169489.75000035],[150919.26800001,169487.85300035],[150920.94400001,169486.11300036],[150923.471,169483.52900035],[150928.33800001,169478.66000034],[150927.074,169477.38200034],[150935.18399999,169469.39500035],[150936.448,169470.65800034],[150936.67999999,169470.42700035],[150950.51500001,169456.84800035],[150954.223,169453.20800034],[150960.303,169447.23400034],[150966.176,169441.46300036],[150964.94100001,169440.19400035],[150973.976,169431.30900034],[150974.721,169430.59200036],[150977.099,169428.26700036],[150977.86600001,169427.58000034],[150978.71867528,169426.91652037],[150981.05,169430.40000035],[150955.52000001,169454.37000035],[150918.02000001,169491.83000034],[150913.79000001,169497.54000036],[150907.8,169508.02000035],[150904.99000001,169512.77000035],[150896.44000001,169547.21300036],[150894.63488963,169546.76477806]]]},"geometry_name":"GEOM","properties":{"INSPIRE_ID":"https://databrussels.be/id/streetsurface/158408","TYPE":"SW","STREET_ID":"https://databrussels.be/id/streetname/2170","STRNAMEFRE":"Chaussée de Wavre","STRNAMEDUT":"Steenweg op Waver","MUNNISCODE":"21005","HIERARCHY":"DR","LVL":0,"ADMIN":"MUN_RBC","AREA":345},"bbox":[150894.63488963,169426.91652037,150981.05,169547.21300036]},{"type":"Feature","id":"StreetSurfaces.fid-6b1d3889_1a02c238f6c_-ed8","geometry":{"type":"Polygon","coordinates":[[[150952.503,169931.70200034],[150931.36300001,169845.00100035],[150937.82382748,169843.42556373],[150940.31641593,169853.69049184],[150938.71431799,169854.07828535],[150947.08987999,169888.10645934],[150948.841853,169887.66029335],[150949.33524499,169889.75042035],[150947.61958499,169890.17034134],[150956.75721099,169927.29764234],[150958.50554299,169926.88539335],[150959.193857,169929.80450834],[150959.27438831,169930.31340631],[150959.27754171,169930.59014079],[150952.65862663,169931.6764584],[150952.503,169931.70200034]]]},"geometry_name":"GEOM","properties":{"INSPIRE_ID":"https://databrussels.be/id/streetsurface/158466","TYPE":"SW","STREET_ID":"https://databrussels.be/id/streetname/436","STRNAMEFRE":"Rue Froissart","STRNAMEDUT":"Froissartstraat","MUNNISCODE":"21005","HIERARCHY":"IDR","LVL":0,"ADMIN":"MUN_RE_RBC","AREA":482},"bbox":[150931.36300001,169843.42556373,150959.27754171,169931.70200034]},{"type":"Feature","id":"StreetSurfaces.fid-6b1d3889_1a02c238f6c_-ede","geometry":{"type":"Polygon","coordinates":[[[150956.45419674,169823.04145745],[150953.97027636,169825.18645076],[150953.70156829,169825.43085634],[150953.47554709,169825.60478208],[150954.63022225,169826.948918],[150953.82666522,169827.67698116],[150953.73902481,169827.7703708],[150953.24769289,169828.18138222],[150952.86065213,169828.51563576],[150952.45399537,169828.82572649],[150952.02922877,169829.11050589],[150951.58792555,169829.36891922],[150951.1317202,169829.60000938],[150950.6623024,169829.80292045],[150949.990604,169830.04676246],[150949.29967079,169830.22910545],[150948.59512091,169830.34846677],[150947.88268319,169830.40387586],[150947.16815063,169830.39488217],[150946.45733325,169830.32155884],[150945.77969012,169830.1713224],[150945.11815898,169829.96120875],[150944.47801931,169829.69289474],[150943.86437989,169829.36852171],[150943.28213799,169828.99067839],[150942.73594032,169828.56238024],[150942.22155879,169828.05553164],[150941.74747601,169827.51080292],[150941.31647284,169826.93138931],[150940.93107744,169826.32068951],[150940.59355044,169825.68228573],[150940.3058717,169825.01992268],[150940.07266817,169824.44315833],[150939.87130296,169823.85452173],[150939.70237677,169823.2557689],[150939.56639357,169822.64868606],[150938.88048823,169819.87090539],[150945.73,169818.21000034],[150950.19000001,169819.58000034],[150954.65,169820.95000035],[150956.45419674,169823.04145745]]]},"geometry_name":"GEOM","properties":{"INSPIRE_ID":"https://databrussels.be/id/streetsurface/158467","TYPE":"SW","STREET_ID":"https://databrussels.be/id/streetname/436","STRNAMEFRE":"Rue Froissart","STRNAMEDUT":"Froissartstraat","MUNNISCODE":"21005","HIERARCHY":"IDR","LVL":0,"ADMIN":"MUN_RE_RBC","AREA":146},"bbox":[150938.88048823,169818.21000034,150956.45419674,169830.40387586]},{"type":"Feature","id":"StreetSurfaces.fid-6b1d3889_1a02c238f6c_-ecb","geometry":{"type":"Polygon","coordinates":[[[151074.21400001,169705.29800035],[150954.65999999,169698.02000035],[150923.80999999,169696.39000036],[150923.88683225,169693.43642753],[150931.30696473,169693.76970229],[150937.96258099,169694.08250035],[150949.57008901,169694.79882435],[150949.700141,169693.08459236],[150952.07715199,169693.20985335],[150951.964468,169694.94467935],[150980.71274099,169696.69084734],[150980.80745399,169694.91955735],[150983.19642899,169695.05960335],[150983.08880301,169696.81538636],[150998.65041399,169697.77819234],[150998.75309401,169696.02586035],[151004.61675601,169696.39130534],[151004.531441,169698.11295635],[151018.08751299,169698.96035534],[151018.218628,169697.21061434],[151020.61647401,169697.35706734],[151020.494509,169699.11385635],[151023.50817599,169699.31858336],[151030.486849,169699.76325034],[151036.15076101,169700.11522035],[151036.23843701,169698.32162234],[151038.64644699,169698.46567735],[151038.55473101,169700.27277936],[151042.03017299,169700.51412035],[151052.004987,169701.12858135],[151054.28299,169701.25091135],[151054.400721,169699.43709234],[151056.79804499,169699.61111935],[151056.67516401,169701.40837935],[151058.069805,169701.50476636],[151071.50530701,169702.33866435],[151074.38658657,169702.49943012],[151074.21400001,169705.29800035]]]},"geometry_name":"GEOM","properties":{"INSPIRE_ID":"https://databrussels.be/id/streetsurface/158468","TYPE":"SW","STREET_ID":"https://databrussels.be/id/streetname/4534","STRNAMEFRE":"Rue du Cornet","STRNAMEDUT":"Hoornstraat","MUNNISCODE":"21005","HIERARCHY":"DR","LVL":0,"ADMIN":"MUN_RBC","AREA":469},"bbox":[150923.80999999,169693.08459236,151074.38658657,169705.29800035]},{"type":"Feature","id":"StreetSurfaces.fid-6b1d3889_1a02c238f6c_-e4e","geometry":{"type":"Polygon","coordinates":[[[150464.59849689,169735.52096666],[150465.726,169733.49300035],[150469.223,169729.01800036],[150484.278,169712.01900035],[150489.80699999,169705.73100034],[150499.56600001,169694.77000035],[150514.19500001,169678.16300036],[150514.996,169677.74800035],[150516.202,169678.91200034],[150528.31400001,169665.34700035],[150536.99500001,169655.74400035],[150538.05999999,169654.34700035],[150538.26800001,169653.82600035],[150538.33299999,169653.34000036],[150538.36199999,169652.95700034],[150538.274,169652.56800035],[150538.154,169652.34600035],[150529.70999999,169645.00000035],[150526.30999999,169628.60000035],[150522.9,169612.19000036],[150519.49000001,169595.79000036],[150517.6,169586.70000035],[150515.70999999,169577.62000035],[150513.8,169568.54000036],[150512.85,169564.12000035],[150512.05999999,169560.41000034],[150510.30999999,169552.29000036],[150508.57000001,169544.16000034],[150506.87000001,169536.04000036],[150505.19000001,169527.92000035],[150503.50999999,169519.79000036],[150502.72000001,169517.95000035],[150501.94000001,169516.10000035],[150500.87000001,169514.49000036],[150499.75,169513.43000034],[150498.45,169512.51000034],[150497.05999999,169511.82000035],[150496.04000001,169511.53000034],[150494.98,169511.34000036],[150493.92,169511.15000035],[150474.5,169508.37000035],[150464.79000001,169506.97000035],[150452.03,169505.09000036],[150451.35,169504.99000036],[150445.64000001,169504.17000035],[150441.20999999,169503.54000036],[150436.78,169502.92000035],[150432.34000001,169502.31000034],[150418.83401935,169500.35557119],[150419.23,169497.51000034],[150433.12000001,169500.72000035],[150435.45999999,169500.86000034],[150442.80999999,169502.00000035],[150491.9,169509.06000034],[150496.37000001,169509.83000034],[150498.77000001,169510.68000034],[150499.80999999,169511.37000035],[150501.73,169513.02000035],[150502.17,169512.74000036],[150508.05499999,169520.26600036],[150506.07000001,169522.18000034],[150514.55999999,169562.28000034],[150531.58,169643.71000034],[150542.59300001,169652.51100034],[150515.89000001,169682.46000034],[150491.65,169709.94000036],[150477.24000001,169725.12000035],[150470.24000001,169735.09000036],[150468.26300001,169738.76000034],[150464.59849689,169735.52096666]]]},"geometry_name":"GEOM","properties":{"INSPIRE_ID":"https://databrussels.be/id/streetsurface/158871","TYPE":"SW","STREET_ID":"https://databrussels.be/id/streetname/1549","STRNAMEFRE":"Rue Vautier","STRNAMEDUT":"Vautierstraat","MUNNISCODE":"21004","HIERARCHY":"DR","LVL":0,"ADMIN":"MUN_RBC","AREA":860},"bbox":[150418.83401935,169497.51000034,150542.59300001,169738.76000034]},{"type":"Feature","id":"StreetSurfaces.fid-6b1d3889_1a02c238f6c_-e42","geometry":{"type":"Polygon","coordinates":[[[150749.94400001,169530.99100036],[150753.43740046,169529.9779034],[150756.71300001,169543.89000036],[150756.95999999,169544.87100035],[150757.18399999,169545.85100035],[150757.447,169546.82800034],[150758.49400001,169550.72500035],[150759.30899999,169553.64100035],[150759.91492691,169555.88523506],[150756.54100001,169556.65900034],[150752.8,169540.34000036],[150749.94400001,169530.99100036]]]},"geometry_name":"GEOM","properties":{"INSPIRE_ID":"https://databrussels.be/id/streetsurface/158872","TYPE":"SW","STREET_ID":"https://databrussels.be/id/streetname/2170","STRNAMEFRE":"Chaussée de Wavre","STRNAMEDUT":"Steenweg op Waver","MUNNISCODE":"21005","HIERARCHY":"IDR","LVL":0,"ADMIN":"REGION_RBC","AREA":86},"bbox":[150749.94400001,169529.9779034,150759.91492691,169556.65900034]},{"type":"Feature","id":"StreetSurfaces.fid-6b1d3889_1a02c238f6c_-e9a","geometry":{"type":"Polygon","coordinates":[[[150762.60599999,169513.05000035],[150769.33,169525.37000035],[150763.01082504,169527.2019287],[150762.654,169525.66200034],[150761.73299999,169521.70400035],[150761.352,169520.04300036],[150761.16300001,169519.16500036],[150761.05499999,169518.69400035],[150760.40899999,169515.78600034],[150760.09858542,169514.43988592],[150762.60599999,169513.05000035]]]},"geometry_name":"GEOM","properties":{"INSPIRE_ID":"https://databrussels.be/id/streetsurface/158873","TYPE":"SW","STREET_ID":"https://databrussels.be/id/streetname/2170","STRNAMEFRE":"Chaussée de Wavre","STRNAMEDUT":"Steenweg op Waver","MUNNISCODE":"21005","HIERARCHY":"IDR","LVL":0,"ADMIN":"REGION_RBC","AREA":63},"bbox":[150760.09858542,169513.05000035,150769.33,169527.2019287]},{"type":"Feature","id":"StreetSurfaces.fid-6b1d3889_1a02c238f6c_-ec9","geometry":{"type":"Polygon","coordinates":[[[150875.85330445,169570.19266027],[150876.79046657,169570.81546549],[150877.42944813,169571.20822173],[150866.73,169568.22000035],[150861.88,169559.70000035],[150860.749,169557.56300036],[150859.69246618,169555.56728652],[150861.93782919,169554.37217313],[150863.71907433,169553.42409039],[150865.70118825,169557.18980911],[150866.07118897,169557.86965031],[150866.44972846,169558.54477433],[150866.83674658,169559.21507394],[150867.23218185,169559.88044267],[150867.81937475,169560.86852285],[150868.43106515,169561.84162758],[150869.06687135,169562.79914961],[150869.72639659,169563.74049143],[150870.4092293,169564.66506562],[150871.1149434,169565.57229524],[150871.69477528,169566.28605733],[150872.29855582,169566.97967854],[150872.9255859,169567.65235573],[150873.57513948,169568.30331002],[150874.24646444,169568.93178764],[150874.93878346,169569.53706089],[150875.85330445,169570.19266027]]]},"geometry_name":"GEOM","properties":{"INSPIRE_ID":"https://databrussels.be/id/streetsurface/158874","TYPE":"SW","STREET_ID":"https://databrussels.be/id/streetname/2170","STRNAMEFRE":"Chaussée de Wavre","STRNAMEDUT":"Steenweg op Waver","MUNNISCODE":"21005","HIERARCHY":"DC","LVL":0,"ADMIN":"MUN_RE_RBC","AREA":85},"bbox":[150859.69246618,169553.42409039,150877.42944813,169571.20822173]},{"type":"Feature","id":"StreetSurfaces.fid-6b1d3889_1a02c238f6c_-ec4","geometry":{"type":"Polygon","coordinates":[[[150887.3925545,169544.9671081],[150885.50999999,169544.50000035],[150895.09000001,169507.21000034],[150897.96700001,169501.31800036],[150901.31500001,169496.02200035],[150906.19400001,169489.16900036],[150909.877,169484.73000034],[150913.82000001,169480.52000035],[150932.92999999,169461.23000034],[150933.98,169459.80000035],[150954.99000001,169439.27000035],[150974.146,169420.08400034],[150976.3234551,169423.33756739],[150976.2579299,169423.42693392],[150975.16700001,169424.59500035],[150971.78199999,169427.85900034],[150971.124,169428.50600034],[150969.98,169427.32500035],[150969.873967,169427.21553835],[150969.50599999,169427.57500035],[150958.56099999,169438.26700036],[150958.29400001,169438.52800034],[150959.53800001,169439.80400034],[150956.73399999,169442.54800035],[150956.53299999,169442.47900034],[150955.425,169441.32600035],[150946.39400001,169450.15400035],[150936.42,169459.96800036],[150936.18599999,169460.19600035],[150937.43199999,169461.47900034],[150934.56300001,169464.28700034],[150933.33,169463.03000034],[150922.00899999,169474.17400035],[150918.45599999,169477.73700034],[150914.25,169482.01900035],[150910.899,169485.74700035],[150908.45899999,169488.92600035],[150907.29200001,169490.55200035],[150905.86300001,169492.57400035],[150905.651,169492.87600035],[150907.08399999,169493.91200034],[150905.052,169497.35100035],[150904.55599999,169498.22700035],[150902.01700001,169502.55300035],[150900.323,169505.65100035],[150898.728,169508.75800034],[150897.96900001,169510.60400034],[150897.33099999,169512.51800035],[150896.56900001,169515.54700035],[150894.84300001,169515.12900034],[150893.628,169520.15200034],[150893.53099999,169520.50300034],[150895.273,169520.95300034],[150892.53900001,169531.64900035],[150890.80599999,169531.22100035],[150888.897,169538.90700034],[150887.3925545,169544.9671081]]]},"geometry_name":"GEOM","properties":{"INSPIRE_ID":"https://databrussels.be/id/streetsurface/158875","TYPE":"SW","STREET_ID":"https://databrussels.be/id/streetname/2170","STRNAMEFRE":"Chaussée de Wavre","STRNAMEDUT":"Steenweg op Waver","MUNNISCODE":"21005","HIERARCHY":"DR","LVL":0,"ADMIN":"MUN_RBC","AREA":368},"bbox":[150885.50999999,169420.08400034,150976.3234551,169544.9671081]},{"type":"Feature","id":"StreetSurfaces.fid-6b1d3889_1a02c238f6c_-e4f","geometry":{"type":"Polygon","coordinates":[[[150500.599999,169855.11000029],[150500.57999899,169853.65000037],[150500.32999902,169852.26000053],[150499.88189163,169851.31765713],[150502.10999963,169850.41999942],[150502.95000095,169853.37000007],[150503.000001,169856.35000032],[150501.95000098,169860.53000058],[150502.00351558,169866.89823543],[150498.85037146,169866.92473244],[150498.80999901,169866.1000004],[150498.82999899,169864.66000034],[150498.919999,169863.23000029],[150499.39999902,169861.00000013],[150500.07999904,169858.79000005],[150500.50999901,169856.57000016],[150500.599999,169855.11000029]]]},"geometry_name":"GEOM","properties":{"INSPIRE_ID":"https://databrussels.be/id/streetsurface/158911","TYPE":"SW","STREET_ID":"https://databrussels.be/id/streetname/297","STRNAMEFRE":"Rue Wiertz","STRNAMEDUT":"Wiertzstraat","MUNNISCODE":"21004","HIERARCHY":"DC","LVL":0,"ADMIN":"MUN_RBC","AREA":42},"bbox":[150498.80999901,169850.41999942,150503.000001,169866.92473244]},{"type":"Feature","id":"StreetSurfaces.fid-6b1d3889_1a02c238f6c_-eae","geometry":{"type":"Polygon","coordinates":[[[150812.56692538,169673.46561293],[150815.36722131,169678.44984547],[150813.13015928,169677.8728424],[150812.56692538,169673.46561293]]]},"geometry_name":"GEOM","properties":{"INSPIRE_ID":"https://databrussels.be/id/streetsurface/158912","TYPE":"SW","STREET_ID":"https://databrussels.be/id/streetname/1748","STRNAMEFRE":"Avenue du Maelbeek","STRNAMEDUT":"Maelbeeklaan","MUNNISCODE":"21005","HIERARCHY":"IDR","LVL":0,"ADMIN":"REGION_RBC","AREA":5},"bbox":[150812.56692538,169673.46561293,150815.36722131,169678.44984547]},{"type":"Feature","id":"StreetSurfaces.fid-6b1d3889_1a02c238f6c_-ea6","geometry":{"type":"Polygon","coordinates":[[[150845.43965479,169713.99599539],[150846.926,169713.42200035],[150847.41300001,169715.78500034],[150847.94300001,169719.16900035],[150848.33800001,169722.50600034],[150848.525,169726.08300034],[150848.56099999,169728.77200035],[150849.18299999,169741.89700035],[150851.22000001,169753.02000035],[150852.92999999,169786.54000036],[150853.37000001,169798.74000036],[150854.77000001,169826.57000035],[150855.4,169849.82000035],[150855.33,169856.18000034],[150849.098,169894.57500035],[150840.34000001,169915.60000035],[150833.95999999,169930.26000034],[150830.25999999,169939.34000036],[150828.9,169942.83000034],[150828.62000001,169944.65000035],[150828.92999999,169945.77000035],[150829.53,169946.85000035],[150830.33,169947.72000035],[150826.14060321,169948.27507085],[150825.662307,169947.50011035],[150825.0959008,169945.94871525],[150824.81849101,169944.32062234],[150824.78581903,169943.56083359],[150824.84247899,169942.80245634],[150824.97536042,169941.84420303],[150825.245893,169940.91537634],[150827.001529,169936.80533334],[150828.595841,169933.07360035],[150833.11761701,169922.63849434],[150837.92258799,169911.42111634],[150839.27837901,169908.24553036],[150842.08,169906.57000035],[150842.65999999,169905.25000035],[150843.24000001,169903.92000035],[150843.80999999,169902.59000036],[150844.64000001,169900.46000034],[150845.42999999,169898.32000035],[150846.22000001,169896.17000035],[150847.08,169892.90000035],[150847.94000001,169889.62000035],[150848.70999999,169886.33000034],[150849.30999999,169883.03000034],[150849.80999999,169879.72000035],[150850.3,169876.41000034],[150850.75,169873.48000034],[150851.63,169867.62000035],[150850,169865.52000035],[150850.5,169862.30000035],[150850.72000001,169860.68000034],[150850.92999999,169858.55000035],[150851.08,169856.40000035],[150851.17999999,169854.26000034],[150851.2,169852.56000034],[150851.19000001,169850.86000034],[150851.19000001,169849.16000034],[150853.14000001,169847.51000034],[150852.82000001,169837.75000035],[150852.20999999,169823.34000036],[150850.12000001,169821.28000034],[150850.07000001,169820.09000036],[150849.08,169798.88000034],[150849.05,169797.24000036],[150850.87000001,169795.17000035],[150849.732777,169767.54490434],[150849.348667,169759.19694435],[150847.281722,169757.15137135],[150847.237212,169756.486254],[150847.13984,169754.500182],[150846.829229,169748.201995],[150846.759015,169746.761105],[150846.54784014,169741.03258874],[150846.43835813,169739.03558756],[150846.33427626,169737.13708737],[150845.83517724,169719.83172726],[150845.82185293,169719.46665494],[150845.81464802,169718.13338961],[150845.80065295,169717.38376267],[150845.76303415,169716.63494944],[150845.70182901,169715.88769423],[150845.61709838,169715.14273978],[150845.50954296,169714.38910686],[150845.43965479,169713.99599539]]]},"geometry_name":"GEOM","properties":{"INSPIRE_ID":"https://databrussels.be/id/streetsurface/158913","TYPE":"SW","STREET_ID":"https://databrussels.be/id/streetname/1138","STRNAMEFRE":"Chaussée d'Etterbeek","STRNAMEDUT":"Steenweg op Etterbeek","MUNNISCODE":"21005","HIERARCHY":"IDR","LVL":0,"ADMIN":"REGION_RBC","AREA":708},"bbox":[150824.78581903,169713.42200035,150855.4,169948.27507085]},{"type":"Feature","id":"StreetSurfaces.fid-6b1d3889_1a02c238f6c_-e9e","geometry":{"type":"Polygon","coordinates":[[[150887.47015571,169688.07362724],[150889.02885139,169688.07768803],[150891.06603196,169688.10291233],[150890.93250439,169693.96655735],[150890.849,169693.95400034],[150890.26199999,169693.91300036],[150888.10999999,169693.97800035],[150885.88299999,169693.93700034],[150868.14200001,169693.53300034],[150863.83435082,169688.26367026],[150864.06386951,169688.22253398],[150864.90055039,169688.08656478],[150865.74123638,169687.97807704],[150866.58502507,169687.8971872],[150867.43101073,169687.84398211],[150868.27828526,169687.81851886],[150869.1259392,169687.82082479],[150870.04766175,169687.79463632],[150881.05684303,169688.00306994],[150887.47015571,169688.07362724]]]},"geometry_name":"GEOM","properties":{"INSPIRE_ID":"https://databrussels.be/id/streetsurface/158914","TYPE":"SW","STREET_ID":"https://databrussels.be/id/streetname/652","STRNAMEFRE":"Place Jourdan","STRNAMEDUT":"Jourdanplein","MUNNISCODE":"21005","HIERARCHY":"IDR","LVL":0,"ADMIN":"MUN_RE_RBC","AREA":146},"bbox":[150863.83435082,169687.79463632,150891.06603196,169693.97800035]},{"type":"Feature","id":"StreetSurfaces.fid-6b1d3889_1a02c238f6c_-ebd","geometry":{"type":"Polygon","coordinates":[[[151061.77686522,169507.8777521],[151061.99100001,169509.75500034],[151045.80999999,169511.60000035],[151041.34000001,169511.93000034],[151029.08699999,169515.70100035],[151024.41700001,169517.51900035],[151019.11800001,169520.51800035],[151000,169530.74900035],[150923.28,169569.43000034],[150922.27542792,169567.73633803],[150922.57442549,169567.55194775],[150923.17787077,169567.22829641],[150932.30117033,169562.66658399],[150948.7,169554.33000034],[151000,169528.26500036],[151018.97000001,169518.86000034],[151028.39400001,169513.92300035],[151041.14400001,169510.14100036],[151061.77686522,169507.8777521]]]},"geometry_name":"GEOM","properties":{"INSPIRE_ID":"https://databrussels.be/id/streetsurface/158915","TYPE":"SW","STREET_ID":"https://databrussels.be/id/streetname/153","STRNAMEFRE":"Chaussée Saint-Pierre","STRNAMEDUT":"Sint-Pieterssteenweg","MUNNISCODE":"21005","HIERARCHY":"DR","LVL":0,"ADMIN":"MUN_RBC","AREA":301},"bbox":[150922.27542792,169507.8777521,151061.99100001,169569.43000034]},{"type":"Feature","id":"StreetSurfaces.fid-6b1d3889_1a02c238f6c_-e74","geometry":{"type":"Polygon","coordinates":[[[150702.45100095,169507.10600001],[150702.53300099,169508.41300029],[150702.49713678,169508.57993206],[150700.99999964,169508.64000162],[150699.91999917,169507.0000009],[150700.22056963,169503.95779983],[150701.26600063,169504.79899956],[150702.01800082,169505.87099978],[150702.45100095,169507.10600001]]]},"geometry_name":"GEOM","properties":{"INSPIRE_ID":"https://databrussels.be/id/streetsurface/159209","TYPE":"SW","STREET_ID":"https://databrussels.be/id/streetname/3845","STRNAMEFRE":"Chaussée de Wavre","STRNAMEDUT":"Waverse Steenweg","MUNNISCODE":"21009","HIERARCHY":"IDR","LVL":0,"ADMIN":"REGION_RBC","AREA":8},"bbox":[150699.91999917,169503.95779983,150702.53300099,169508.64000162]},{"type":"Feature","id":"StreetSurfaces.fid-6b1d3889_1a02c238f6c_-e71","geometry":{"type":"Polygon","coordinates":[[[150707.38438458,169497.6161152],[150707.59500001,169495.63800036],[150735.35,169498.38000034],[150739.35,169498.48000034],[150738.89560268,169500.75228299],[150736.56900001,169500.53300034],[150733.603,169500.26500036],[150733.21800001,169500.23700034],[150727.51500001,169499.68600034],[150717.53,169498.70900034],[150714.521,169498.40900034],[150713.29000001,169498.27000035],[150707.38438458,169497.6161152]]]},"geometry_name":"GEOM","properties":{"INSPIRE_ID":"https://databrussels.be/id/streetsurface/159210","TYPE":"SW","STREET_ID":"https://databrussels.be/id/streetname/3845","STRNAMEFRE":"Chaussée de Wavre","STRNAMEDUT":"Waverse Steenweg","MUNNISCODE":"21009","HIERARCHY":"IDR","LVL":0,"ADMIN":"REGION_RBC","AREA":66},"bbox":[150707.38438458,169495.63800036,150739.35,169500.75228299]},{"type":"Feature","id":"StreetSurfaces.fid-6b1d3889_1a02c238f6c_-efb","geometry":{"type":"Polygon","coordinates":[[[150839.63092768,169950.77497553],[150838.69525003,169950.93251466],[150838.63009901,169950.47263836],[150839.57611985,169950.33851377],[150839.63092768,169950.77497553]]]},"geometry_name":"GEOM","properties":{"INSPIRE_ID":"https://databrussels.be/id/streetsurface/159325","TYPE":"I","STREET_ID":"https://databrussels.be/id/streetname/1550","STRNAMEFRE":"Rue Belliard","STRNAMEDUT":"Belliardstraat","MUNNISCODE":"21004","HIERARCHY":"MAR","LVL":0,"ADMIN":"REGION_RBC","AREA":0},"bbox":[150838.63009901,169950.33851377,150839.63092768,169950.93251466]},{"type":"Feature","id":"StreetSurfaces.fid-6b1d3889_1a02c238f6c_-efe","geometry":{"type":"Polygon","coordinates":[[[150839.63092768,169950.77497553],[150839.57611985,169950.33851377],[150846.75999999,169949.32000035],[150853.74594274,169948.39844416],[150839.63092768,169950.77497553]]]},"geometry_name":"GEOM","properties":{"INSPIRE_ID":"https://databrussels.be/id/streetsurface/159328","TYPE":"S","STREET_ID":"https://databrussels.be/id/streetname/4433","STRNAMEFRE":"Rue Belliard","STRNAMEDUT":"Belliardstraat","MUNNISCODE":"21005","HIERARCHY":"MAR","LVL":0,"ADMIN":"REGION_RBC","AREA":3},"bbox":[150839.57611985,169948.39844416,150853.74594274,169950.77497553]},{"type":"Feature","id":"StreetSurfaces.fid-6b1d3889_1a02c238f6c_-f0a","geometry":{"type":"Polygon","coordinates":[[[150840.41712971,169957.03302482],[150839.63092768,169950.77497553],[150853.74594274,169948.39844416],[150853.95804999,169949.89562835],[150856.109866,169949.59077934],[150855.888415,169948.02764136],[150856.2709101,169947.97331788],[150874.52362101,169945.38099536],[150874.752648,169946.94964534],[150876.93729701,169946.64014434],[150876.70702601,169945.07825636],[150895.19809001,169942.45861534],[150895.419541,169944.02175335],[150897.58705299,169943.71468035],[150897.36560199,169942.15154234],[150918.027403,169939.22437235],[150918.25852201,169940.78614034],[150920.39528101,169940.47348734],[150920.17200401,169938.91689335],[150936.815411,169936.56266335],[150937.03686199,169938.12580134],[150939.19124801,169937.82058834],[150938.96979699,169936.25745036],[150948.659447,169934.88471135],[150948.880898,169936.44784936],[150953.53299274,169935.7852008],[150954.96800001,169941.47400035],[150956.48052278,169947.47009469],[150953.06664,169947.95099934],[150953.29293201,169949.55741934],[150941.07245901,169951.27888535],[150940.84897599,169949.67207035],[150938.67785599,169949.97791034],[150938.913938,169951.57776734],[150920.24922299,169954.21220035],[150920.022931,169952.60578035],[150917.865785,169952.90965234],[150918.09207699,169954.51607236],[150891.03692901,169958.32726034],[150878.46450801,169960.13053535],[150878.23376401,169958.49251136],[150876.114693,169958.79101936],[150876.346187,169960.43436834],[150870.904215,169961.19487835],[150870.67628701,169959.66439835],[150866.614553,169960.24527735],[150866.82895701,169961.74447235],[150859.92184601,169962.73227536],[150858.088113,169963.02073935],[150857.86706901,169961.42395235],[150855.772082,169961.71396235],[150855.99312601,169963.31074935],[150841.45857532,169965.32277445],[150840.8330107,169960.34337453],[150948.12556307,169945.25416762],[150953.46404231,169944.5720075],[150952.81254311,169941.03489915],[150866.9207211,169953.26641394],[150848.29625218,169955.87467316],[150840.41712971,169957.03302482]]]},"geometry_name":"GEOM","properties":{"INSPIRE_ID":"https://databrussels.be/id/streetsurface/159421","TYPE":"S","STREET_ID":"https://databrussels.be/id/streetname/1550","STRNAMEFRE":"Rue Belliard","STRNAMEDUT":"Belliardstraat","MUNNISCODE":"21004","HIERARCHY":"MAR","LVL":0,"ADMIN":"REGION_RBC","AREA":1307},"bbox":[150839.63092768,169934.88471135,150956.48052278,169965.32277445]},{"type":"Feature","id":"StreetSurfaces.fid-6b1d3889_1a02c238f6c_-f13","geometry":{"type":"Polygon","coordinates":[[[151015.84718723,169931.97071012],[150976.87767832,169937.39150208],[150977.54283791,169941.03733257],[150992.10753961,169938.88193594],[151002.01612406,169937.66665911],[151016.36211367,169935.58910278],[151017.05564399,169940.46331583],[151015.17,169940.72000035],[151014.92,169939.16000034],[151012.8,169939.50000035],[151013,169941.07000035],[151000,169942.94000036],[150994.02000001,169943.79000036],[150993.75999999,169942.20000035],[150991.65,169942.55000035],[150991.967536,169944.02744135],[150980.53171201,169945.64156934],[150980.308652,169944.06122335],[150976.70351102,169944.58513044],[150975.59000001,169938.63500034],[150974.48568492,169932.73400937],[150976.350102,169932.47774736],[150978.60623701,169932.15984534],[150978.38394899,169930.58227834],[150989.64000001,169928.92000035],[150989.88,169930.51000034],[150990.78,169930.37000035],[150992.24000001,169930.16000034],[150992.00999999,169928.59000036],[151000,169927.45000035],[151010.88,169925.91000034],[151011.00999999,169927.51000034],[151013.65999999,169927.13000034],[151015.09358351,169926.6781099],[151015.84718723,169931.97071012]]]},"geometry_name":"GEOM","properties":{"INSPIRE_ID":"https://databrussels.be/id/streetsurface/159613","TYPE":"S","STREET_ID":"https://databrussels.be/id/streetname/1550","STRNAMEFRE":"Rue Belliard","STRNAMEDUT":"Belliardstraat","MUNNISCODE":"21004","HIERARCHY":"MAR","LVL":0,"ADMIN":"REGION_RBC","AREA":450},"bbox":[150974.48568492,169925.91000034,151017.05564399,169945.64156934]},{"type":"Feature","id":"StreetSurfaces.fid-6b1d3889_1a02c238f6c_-e47","geometry":{"type":"Polygon","coordinates":[[[150692.19959924,169548.34416479],[150691.74953098,169549.42856072],[150691.01499913,169548.18600086],[150695.71999908,169537.21199996],[150703.68399909,169518.16199996],[150705.95999904,169509.42500009],[150705.97706261,169508.44030825],[150706.23399997,169508.42999934],[150705.201001,169517.43900045],[150705.74800012,169517.50199934],[150705.31000099,169521.31600045],[150704.66400092,169522.71200077],[150704.16499958,169522.48100125],[150692.3050009,169548.08700077],[150692.19959924,169548.34416479]]]},"geometry_name":"GEOM","properties":{"INSPIRE_ID":"https://databrussels.be/id/streetsurface/159696","TYPE":"SW","STREET_ID":"https://databrussels.be/id/streetname/738","STRNAMEFRE":"Rue Jenner","STRNAMEDUT":"Jennerstraat","MUNNISCODE":"21009","HIERARCHY":"DR","LVL":0,"ADMIN":"MUN_RBC","AREA":64},"bbox":[150691.01499913,169508.42999934,150706.23399997,169549.42856072]},{"type":"Feature","id":"StreetSurfaces.fid-6b1d3889_1a02c238f6c_-e4a","geometry":{"type":"Polygon","coordinates":[[[150739.60100009,169507.14699935],[150740.07121716,169507.22891687],[150737.50411496,169512.90051683],[150737.03765848,169514.28679668],[150736.28099949,169513.8330012],[150737.65599523,169506.95174464],[150739.60100009,169507.14699935]]]},"geometry_name":"GEOM","properties":{"INSPIRE_ID":"https://databrussels.be/id/streetsurface/159697","TYPE":"SW","STREET_ID":"https://databrussels.be/id/streetname/3845","STRNAMEFRE":"Chaussée de Wavre","STRNAMEDUT":"Waverse Steenweg","MUNNISCODE":"21009","HIERARCHY":"IDR","LVL":0,"ADMIN":"REGION_RBC","AREA":11},"bbox":[150736.28099949,169506.95174464,150740.07121716,169514.28679668]},{"type":"Feature","id":"StreetSurfaces.fid-6b1d3889_1a02c238f6c_-e76","geometry":{"type":"Polygon","coordinates":[[[150626.21400001,169496.50100035],[150626.54404032,169494.67966668],[150632.828,169495.77100035],[150653.25899999,169498.95500034],[150673.74100001,169501.78500034],[150694.27000001,169504.26000034],[150695.94000001,169503.05000035],[150696.6,169503.12000035],[150697.25,169503.19000036],[150697.90999999,169503.28000034],[150698.48,169503.36000034],[150699.05,169503.45000035],[150700.22057061,169503.95779993],[150699.92,169507.00000035],[150652.748,169501.30900034],[150626.21400001,169496.50100035]]]},"geometry_name":"GEOM","properties":{"INSPIRE_ID":"https://databrussels.be/id/streetsurface/159878","TYPE":"SW","STREET_ID":"https://databrussels.be/id/streetname/3845","STRNAMEFRE":"Chaussée de Wavre","STRNAMEDUT":"Waverse Steenweg","MUNNISCODE":"21009","HIERARCHY":"IDR","LVL":0,"ADMIN":"REGION_RBC","AREA":164},"bbox":[150626.21400001,169494.67966668,150700.22057061,169507.00000035]},{"type":"Feature","id":"StreetSurfaces.fid-6b1d3889_1a02c238f6c_-eb5","geometry":{"type":"Polygon","coordinates":[[[150777.79391224,169614.76521765],[150777.152,169615.08200034],[150776.04370675,169612.9488728],[150777.79391224,169614.76521765]]]},"geometry_name":"GEOM","properties":{"INSPIRE_ID":"https://databrussels.be/id/streetsurface/160386","TYPE":"S","STREET_ID":"https://databrussels.be/id/streetname/1861","STRNAMEFRE":"Avenue du Maelbeek","STRNAMEDUT":"Maalbeeklaan","MUNNISCODE":"21004","HIERARCHY":"IDR","LVL":0,"ADMIN":"REGION_RBC","AREA":1},"bbox":[150776.04370675,169612.9488728,150777.79391224,169615.08200034]},{"type":"Feature","id":"StreetSurfaces.fid-6b1d3889_1a02c238f6c_-e56","geometry":{"type":"Polygon","coordinates":[[[150495.60099876,169889.33400051],[150498.15499914,169884.76699985],[150500.47794797,169892.67430981],[150500.24866071,169892.61373614],[150500.01200016,169892.62900146],[150499.76946149,169892.80936312],[150499.6160152,169893.06976596],[150499.57575455,169893.36932315],[150499.65500097,169893.66100007],[150509.11800096,169922.60200004],[150509.26030848,169922.86770438],[150509.48928847,169923.0637102],[150509.77376349,169923.16332985],[150510.07499993,169923.15299929],[150510.26139593,169923.07401871],[150510.40966127,169922.93618258],[150510.47780185,169922.80865759],[150510.51518886,169922.60892419],[150513.19767692,169930.78585791],[150508.47799928,169928.68900136],[150495.60099876,169889.33400051]]]},"geometry_name":"GEOM","properties":{"INSPIRE_ID":"https://databrussels.be/id/streetsurface/160400","TYPE":"S","STREET_ID":"https://databrussels.be/id/streetname/297","STRNAMEFRE":"Rue Wiertz","STRNAMEDUT":"Wiertzstraat","MUNNISCODE":"21004","HIERARCHY":"DC","LVL":0,"ADMIN":"MUN_RBC","AREA":129},"bbox":[150495.60099876,169884.76699985,150513.19767692,169930.78585791]},{"type":"Feature","id":"StreetSurfaces.fid-6b1d3889_1a02c238f6c_-e55","geometry":{"type":"Polygon","coordinates":[[[150500.82292314,169892.99077596],[150500.903,169893.21400036],[150504.05699999,169902.86900035],[150510.38699999,169922.17400035],[150510.48699999,169922.52300035],[150510.50440433,169922.66653763],[150510.47780278,169922.80865806],[150510.40966201,169922.93618335],[150510.26139636,169923.07401968],[150510.075,169923.15300034],[150509.77376318,169923.16333086],[150509.48928781,169923.06371101],[150509.26030755,169922.86770491],[150509.11800001,169922.60200035],[150499.655,169893.66100034],[150499.57575347,169893.36932303],[150499.61601427,169893.06976546],[150499.76946085,169892.80936228],[150500.01199999,169892.62900034],[150500.24866095,169892.61373512],[150500.4779474,169892.67430862],[150500.67618978,169892.80446774],[150500.82292314,169892.99077596]]]},"geometry_name":"GEOM","properties":{"INSPIRE_ID":"https://databrussels.be/id/streetsurface/160401","TYPE":"M","STREET_ID":"https://databrussels.be/id/streetname/297","STRNAMEFRE":"Rue Wiertz","STRNAMEDUT":"Wiertzstraat","MUNNISCODE":"21004","HIERARCHY":"DC","LVL":0,"ADMIN":"MUN_RBC","AREA":42},"bbox":[150499.57575347,169892.61373512,150510.50440433,169923.16333086]},{"type":"Feature","id":"StreetSurfaces.fid-6b1d3889_1a02c238f6c_-e45","geometry":{"type":"Polygon","coordinates":[[[150685.64000092,169547.29000074],[150685.28000093,169548.25000071],[150685.01000082,169548.6400009],[150684.7000006,169548.87000114],[150684.35000045,169549.05000123],[150683.97000034,169549.19000129],[150683.58000021,169549.27000133],[150683.17000008,169549.30000135],[150682.76796161,169549.33887097],[150685.5699991,169543.89999989],[150700.99999909,169508.63999995],[150702.49713576,169508.57993085],[150702.25800097,169509.69300057],[150692.10000091,169532.36000077],[150690.59000092,169535.86000074],[150685.64000092,169547.29000074]]]},"geometry_name":"GEOM","properties":{"INSPIRE_ID":"https://databrussels.be/id/streetsurface/160466","TYPE":"SW","STREET_ID":"https://databrussels.be/id/streetname/738","STRNAMEFRE":"Rue Jenner","STRNAMEDUT":"Jennerstraat","MUNNISCODE":"21009","HIERARCHY":"DR","LVL":0,"ADMIN":"MUN_RBC","AREA":65},"bbox":[150682.76796161,169508.57993085,150702.49713576,169549.33887097]},{"type":"Feature","id":"StreetSurfaces.fid-6b1d3889_1a02c238f6c_-e4c","geometry":{"type":"Polygon","coordinates":[[[150710.53000004,169504.55999934],[150711.25000007,169504.61999935],[150711.96000052,169504.66999914],[150712.78243752,169506.30259744],[150731.13800011,169508.12899934],[150731.50099978,169508.1559991],[150733.02399931,169506.48899926],[150735.9950001,169506.78499936],[150737.6559974,169506.95174405],[150736.28100054,169513.83300165],[150734.70399962,169513.19600128],[150729.37599969,169511.49100131],[150720.56699984,169510.05400135],[150706.2339999,169508.43000135],[150706.51663217,169505.77158486],[150706.71999917,169505.48999976],[150707.01999929,169505.17999965],[150707.27999933,169504.94999959],[150707.56999943,169504.74999951],[150707.87999954,169504.58999943],[150708.4899998,169504.45999934],[150709.15000002,169504.47999934],[150709.81000009,169504.52999934],[150710.53000004,169504.55999934]]]},"geometry_name":"GEOM","properties":{"INSPIRE_ID":"https://databrussels.be/id/streetsurface/160468","TYPE":"SW","STREET_ID":"https://databrussels.be/id/streetname/3845","STRNAMEFRE":"Chaussée de Wavre","STRNAMEDUT":"Waverse Steenweg","MUNNISCODE":"21009","HIERARCHY":"IDR","LVL":0,"ADMIN":"REGION_RBC","AREA":119},"bbox":[150706.2339999,169504.45999934,150737.6559974,169513.83300165]},{"type":"Feature","id":"StreetSurfaces.fid-6b1d3889_1a02c238f6c_-e4b","geometry":{"type":"Polygon","coordinates":[[[150706.05999901,169507.20000028],[150706.119999,169506.70000023],[150706.25999904,169506.23000006],[150706.5166343,169505.77158476],[150706.23400099,169508.43000046],[150705.97706368,169508.44031023],[150705.97999899,169508.27000033],[150706.019999,169507.70000028],[150706.05999901,169507.20000028]]]},"geometry_name":"GEOM","properties":{"INSPIRE_ID":"https://databrussels.be/id/streetsurface/160469","TYPE":"SW","STREET_ID":"https://databrussels.be/id/streetname/3845","STRNAMEFRE":"Chaussée de Wavre","STRNAMEDUT":"Waverse Steenweg","MUNNISCODE":"21009","HIERARCHY":"IDR","LVL":0,"ADMIN":"REGION_RBC","AREA":1},"bbox":[150705.97706368,169505.77158476,150706.5166343,169508.44031023]},{"type":"Feature","id":"StreetSurfaces.fid-6b1d3889_1a02c238f6c_-e6f","geometry":{"type":"Polygon","coordinates":[[[150741.219999,169491.29000024],[150742.199999,169482.10000025],[150743.49999931,169475.11999911],[150746.79484143,169476.0620185],[150746.41300097,169477.77600056],[150746.03800113,169479.75199949],[150748.05200112,169480.03199951],[150747.631001,169483.00100049],[150747.13209133,169486.52530974],[150745.16385479,169493.40449823],[150743.35851309,169499.71552383],[150742.80100062,169500.13200118],[150741.41855779,169500.67656538],[150739.94300013,169500.85100137],[150738.89560151,169500.75228378],[150739.34999898,169498.48000013],[150740.31999912,169496.90999981],[150740.84999902,169495.01000008],[150741.219999,169491.29000024]]]},"geometry_name":"GEOM","properties":{"INSPIRE_ID":"https://databrussels.be/id/streetsurface/160470","TYPE":"SW","STREET_ID":"https://databrussels.be/id/streetname/3845","STRNAMEFRE":"Chaussée de Wavre","STRNAMEDUT":"Waverse Steenweg","MUNNISCODE":"21009","HIERARCHY":"IDR","LVL":0,"ADMIN":"REGION_RBC","AREA":113},"bbox":[150738.89560151,169475.11999911,150748.05200112,169500.85100137]},{"type":"Feature","id":"StreetSurfaces.fid-6b1d3889_1a02c238f6c_-e39","geometry":{"type":"Polygon","coordinates":[[[150526.1227999,169655.96031834],[150526.65696821,169656.43985301],[150525.73044336,169657.48582517],[150525.94000001,169657.00000035],[150526.1227999,169655.96031834]]]},"geometry_name":"GEOM","properties":{"INSPIRE_ID":"https://databrussels.be/id/streetsurface/160573","TYPE":"S","STREET_ID":"https://databrussels.be/id/streetname/3485","STRNAMEFRE":"Rue Vautier","STRNAMEDUT":"Vautierstraat","MUNNISCODE":"21009","HIERARCHY":"DR","LVL":0,"ADMIN":"MUN_RBC","AREA":0},"bbox":[150525.73044336,169655.96031834,150526.65696821,169657.48582517]},{"type":"Feature","id":"StreetSurfaces.fid-6b1d3889_1a02c238f6c_-eac","geometry":{"type":"Polygon","coordinates":[[[150823.2242473,169692.34583885],[150823.00005058,169692.0014908],[150822.51687354,169691.22690234],[150822.04881798,169690.44308391],[150820.61390827,169687.82667014],[150818.67237959,169684.36864933],[150818.63613508,169684.30295817],[150817.568,169682.367],[150815.36727814,169678.4499463],[150817.52126492,169679.00552187],[150817.25920736,169681.06348373],[150823.2242473,169692.34583885]]]},"geometry_name":"GEOM","properties":{"INSPIRE_ID":"https://databrussels.be/id/streetsurface/160574","TYPE":"S","STREET_ID":"https://databrussels.be/id/streetname/1861","STRNAMEFRE":"Avenue du Maelbeek","STRNAMEDUT":"Maalbeeklaan","MUNNISCODE":"21004","HIERARCHY":"IDR","LVL":0,"ADMIN":"REGION_RBC","AREA":6},"bbox":[150815.36727814,169678.4499463,150823.2242473,169692.34583885]},{"type":"Feature","id":"StreetSurfaces.fid-6b1d3889_1a02c238f6c_-ef8","geometry":{"type":"Polygon","coordinates":[[[150840.41712971,169957.03302482],[150840.8330107,169960.34337453],[150839.22485137,169960.5695398],[150838.74318407,169957.27912046],[150840.41712971,169957.03302482]]]},"geometry_name":"GEOM","properties":{"INSPIRE_ID":"https://databrussels.be/id/streetsurface/160585","TYPE":"M","STREET_ID":"https://databrussels.be/id/streetname/1550","STRNAMEFRE":"Rue Belliard","STRNAMEDUT":"Belliardstraat","MUNNISCODE":"21004","HIERARCHY":"MAR","LVL":0,"ADMIN":"REGION_RBC","AREA":6},"bbox":[150838.74318407,169957.03302482,150840.8330107,169960.5695398]},{"type":"Feature","id":"StreetSurfaces.fid-6b1d3889_1a02c238f6c_-e8a","geometry":{"type":"Polygon","coordinates":[[[150584.06940153,169826.16516479],[150582.79724553,169825.18259728],[150585.42691136,169822.6873947],[150586.77691219,169824.27634032],[150596.24118279,169835.45106683],[150597.98695287,169836.79991439],[150595.19661822,169841.81461723],[150593.96677441,169839.48625806],[150591.06526445,169835.06739661],[150584.06940153,169826.16516479]]]},"geometry_name":"GEOM","properties":{"INSPIRE_ID":"https://databrussels.be/id/streetsurface/163711","TYPE":"S","STREET_ID":"https://databrussels.be/id/streetname/3949","STRNAMEFRE":"Parc Leopold","STRNAMEDUT":"Park Leopold","MUNNISCODE":"21004","HIERARCHY":"T","LVL":0,"ADMIN":"UNKNOWN","AREA":74},"bbox":[150582.79724553,169822.6873947,150597.98695287,169841.81461723]},{"type":"Feature","id":"StreetSurfaces.fid-6b1d3889_1a02c238f6c_-e8b","geometry":{"type":"Polygon","coordinates":[[[150645.73141898,169833.24474233],[150632.21036337,169817.19803627],[150636.36307282,169810.61516925],[150636.94168293,169804.87520095],[150634.13183408,169797.42428722],[150625.448925,169788.25059101],[150619.32334887,169785.16070191],[150611.10607046,169784.71456812],[150607.42454381,169785.88223614],[150603.57887266,169787.75989326],[150599.00844645,169790.95675163],[150596.4733761,169792.94978341],[150586.77410942,169802.75834666],[150585.51838007,169804.01522735],[150582.43985493,169800.88378964],[150583.29325575,169800.57331058],[150584.22423846,169799.95235246],[150588.27724317,169796.34077207],[150593.52797725,169791.87590658],[150604.76677245,169784.67779491],[150609.26497166,169779.39785563],[150611.96550887,169776.4881651],[150614.07746745,169775.24115487],[150616.7236781,169775.11857649],[150620.01323074,169775.86760772],[150624.76691421,169777.59984348],[150630.80900306,169778.45233211],[150659.84757474,169782.57004062],[150671.2811108,169774.61075962],[150675.4187926,169773.29085475],[150682.7,169777.4],[150681.13,169778.79],[150680.75,169778.37],[150678.59,169780.29],[150678.98,169780.73],[150671.88,169787.01],[150671.49,169786.57],[150669.34,169788.47],[150669.71,169788.89],[150668.12,169790.3],[150672.2,169794.93],[150670.53,169796.4],[150671.25,169797.22],[150671.33,169797.15],[150680.58417748,169807.58408511],[150675.46785338,169823.02869712],[150673.1410466,169822.27553921],[150671.17737179,169821.86624059],[150668.31367935,169821.86624059],[150664.54996929,169822.43925866],[150661.27717793,169823.25785591],[150658.33166571,169824.32203233],[150656.36799089,169825.2224893],[150652.7679204,169827.35084215],[150649.24966969,169829.72477416],[150645.73141898,169833.24474233]]]},"geometry_name":"GEOM","properties":{"INSPIRE_ID":"https://databrussels.be/id/streetsurface/163712","TYPE":"S","STREET_ID":"https://databrussels.be/id/streetname/3949","STRNAMEFRE":"Parc Leopold","STRNAMEDUT":"Park Leopold","MUNNISCODE":"21004","HIERARCHY":"T","LVL":0,"ADMIN":"UNKNOWN","AREA":2265},"bbox":[150582.43985493,169773.29085475,150682.7,169833.24474233]},{"type":"Feature","id":"StreetSurfaces.fid-6b1d3889_1a02c238f6c_-e86","geometry":{"type":"Polygon","coordinates":[[[150605.0548083,169842.56852907],[150603.79743574,169837.57068443],[150607.05825605,169836.3326116],[150610.18226566,169834.40130713],[150612.96937228,169832.22475766],[150616.15031778,169829.7688275],[150621.2291716,169837.65092646],[150618.11479988,169837.3749029],[150614.53137709,169838.23326044],[150611.13171956,169839.52079675],[150607.54829677,169841.23751183],[150605.0548083,169842.56852907]]]},"geometry_name":"GEOM","properties":{"INSPIRE_ID":"https://databrussels.be/id/streetsurface/163713","TYPE":"S","STREET_ID":"https://databrussels.be/id/streetname/3949","STRNAMEFRE":"Parc Leopold","STRNAMEDUT":"Park Leopold","MUNNISCODE":"21004","HIERARCHY":"T","LVL":0,"ADMIN":"UNKNOWN","AREA":90},"bbox":[150603.79743574,169829.7688275,150621.2291716,169842.56852907]},{"type":"Feature","id":"StreetSurfaces.fid-6b1d3889_1a02c238f6c_-e91","geometry":{"type":"Polygon","coordinates":[[[150573.84155987,169865.26913977],[150572.34081016,169862.21124103],[150569.12491791,169858.29498476],[150565.42664182,169856.20273826],[150563.95711627,169855.37137532],[150565.212249,169850.67706159],[150568.91052509,169853.35942891],[150572.44800657,169857.11474314],[150575.449506,169861.35288349],[150576.72778299,169863.15782047],[150573.84155987,169865.26913977]]]},"geometry_name":"GEOM","properties":{"INSPIRE_ID":"https://databrussels.be/id/streetsurface/163714","TYPE":"S","STREET_ID":"https://databrussels.be/id/streetname/3949","STRNAMEFRE":"Parc Leopold","STRNAMEDUT":"Park Leopold","MUNNISCODE":"21004","HIERARCHY":"T","LVL":0,"ADMIN":"UNKNOWN","AREA":57},"bbox":[150563.95711627,169850.67706159,150576.72778299,169865.26913977]},{"type":"Feature","id":"StreetSurfaces.fid-6b1d3889_1a02c238f6c_-e8d","geometry":{"type":"Polygon","coordinates":[[[150575.52128931,169817.46312735],[150580.39872589,169815.80005962],[150581.29494071,169817.82408164],[150585.42691136,169822.6873947],[150582.79724553,169825.18259728],[150580.72031512,169824.86646113],[150575.52128931,169817.46312735]]]},"geometry_name":"GEOM","properties":{"INSPIRE_ID":"https://databrussels.be/id/streetsurface/163715","TYPE":"I","STREET_ID":"https://databrussels.be/id/streetname/3949","STRNAMEFRE":"Parc Leopold","STRNAMEDUT":"Park Leopold","MUNNISCODE":"21004","HIERARCHY":"T","LVL":0,"ADMIN":"UNKNOWN","AREA":45},"bbox":[150575.52128931,169815.80005962,150585.42691136,169825.18259728]},{"type":"Feature","id":"StreetSurfaces.fid-6b1d3889_1a02c238f6c_-e8f","geometry":{"type":"Polygon","coordinates":[[[150575.52128931,169817.46312735],[150576.37886058,169814.45887596],[150575.215277,169809.87335836],[150574.57099066,169806.74955002],[150580.28435135,169811.75905755],[150580.39872589,169815.80005962],[150575.52128931,169817.46312735]]]},"geometry_name":"GEOM","properties":{"INSPIRE_ID":"https://databrussels.be/id/streetsurface/163716","TYPE":"S","STREET_ID":"https://databrussels.be/id/streetname/3949","STRNAMEFRE":"Parc Leopold","STRNAMEDUT":"Park Leopold","MUNNISCODE":"21004","HIERARCHY":"T","LVL":0,"ADMIN":"UNKNOWN","AREA":32},"bbox":[150574.57099066,169806.74955002,150580.39872589,169817.46312735]},{"type":"Feature","id":"StreetSurfaces.fid-6b1d3889_1a02c238f6c_-e93","geometry":{"type":"Polygon","coordinates":[[[150563.95711627,169855.37137532],[150561.99109264,169855.37137532],[150560.2223519,169856.42451255],[150556.3632812,169854.22497136],[150557.00645965,169850.7915412],[150558.24684347,169847.72036788],[150560.57224014,169844.84914936],[150563.67992015,169846.44933269],[150565.212249,169850.67706159],[150563.95711627,169855.37137532]]]},"geometry_name":"GEOM","properties":{"INSPIRE_ID":"https://databrussels.be/id/streetsurface/163717","TYPE":"I","STREET_ID":"https://databrussels.be/id/streetname/3949","STRNAMEFRE":"Parc Leopold","STRNAMEDUT":"Park Leopold","MUNNISCODE":"21004","HIERARCHY":"T","LVL":0,"ADMIN":"UNKNOWN","AREA":69},"bbox":[150556.3632812,169844.84914936,150565.212249,169856.42451255]},{"type":"Feature","id":"StreetSurfaces.fid-6b1d3889_1a02c238f6c_-e6a","geometry":{"type":"Polygon","coordinates":[[[150546.87113494,169871.12196944],[150547.99538393,169866.28552086],[150548.91169515,169865.69592357],[150550.19805205,169864.86822166],[150554.66967365,169867.44329427],[150554.73092874,169869.28263186],[150555.87050722,169870.84391659],[150553.46209098,169874.40091506],[150550.80733846,169872.60340261],[150548.33540439,169871.47119302],[150546.87113494,169871.12196944]]]},"geometry_name":"GEOM","properties":{"INSPIRE_ID":"https://databrussels.be/id/streetsurface/163718","TYPE":"I","STREET_ID":"https://databrussels.be/id/streetname/3949","STRNAMEFRE":"Parc Leopold","STRNAMEDUT":"Park Leopold","MUNNISCODE":"21004","HIERARCHY":"T","LVL":0,"ADMIN":"UNKNOWN","AREA":51},"bbox":[150546.87113494,169864.86822166,150555.87050722,169874.40091506]},{"type":"Feature","id":"StreetSurfaces.fid-6b1d3889_1a02c238f6c_-e68","geometry":{"type":"Polygon","coordinates":[[[150546.87113494,169871.12196944],[150543.34178359,169871.15250541],[150541.68023926,169865.73412344],[150544.46734588,169866.21694956],[150547.99538393,169866.28552086],[150546.87113494,169871.12196944]]]},"geometry_name":"GEOM","properties":{"INSPIRE_ID":"https://databrussels.be/id/streetsurface/163719","TYPE":"S","STREET_ID":"https://databrussels.be/id/streetname/3949","STRNAMEFRE":"Parc Leopold","STRNAMEDUT":"Park Leopold","MUNNISCODE":"21004","HIERARCHY":"T","LVL":0,"ADMIN":"UNKNOWN","AREA":24},"bbox":[150541.68023926,169865.73412344,150547.99538393,169871.15250541]},{"type":"Feature","id":"StreetSurfaces.fid-6b1d3889_1a02c238f6c_-e94","geometry":{"type":"Polygon","coordinates":[[[150550.19805205,169864.86822166],[150552.03809222,169863.29316919],[150554.3964132,169859.43056026],[150555.9346668,169856.91111014],[150556.3632812,169854.22497136],[150560.2223519,169856.42451255],[150559.28260051,169857.15766453],[150558.21501179,169858.52402959],[150555.69480236,169863.87124671],[150554.70442962,169865.97255542],[150554.66967365,169867.44329427],[150550.19805205,169864.86822166]]]},"geometry_name":"GEOM","properties":{"INSPIRE_ID":"https://databrussels.be/id/streetsurface/163720","TYPE":"S","STREET_ID":"https://databrussels.be/id/streetname/3949","STRNAMEFRE":"Parc Leopold","STRNAMEDUT":"Park Leopold","MUNNISCODE":"21004","HIERARCHY":"T","LVL":0,"ADMIN":"UNKNOWN","AREA":42},"bbox":[150550.19805205,169854.22497136,150560.2223519,169867.44329427]},{"type":"Feature","id":"StreetSurfaces.fid-6b1d3889_1a02c238f6c_-e92","geometry":{"type":"Polygon","coordinates":[[[150575.52128931,169817.46312735],[150580.72031512,169824.86646113],[150578.01654018,169824.69096118],[150575.78072938,169825.21210683],[150574.05159598,169826.30673453],[150572.96993381,169828.40740629],[150568.47403072,169837.13879846],[150563.67992015,169846.44933269],[150560.57224014,169844.84914936],[150565.98757178,169834.33215569],[150569.57865146,169827.35800068],[150573.93350556,169820.83984811],[150575.52128931,169817.46312735]]]},"geometry_name":"GEOM","properties":{"INSPIRE_ID":"https://databrussels.be/id/streetsurface/163721","TYPE":"S","STREET_ID":"https://databrussels.be/id/streetname/3949","STRNAMEFRE":"Parc Leopold","STRNAMEDUT":"Park Leopold","MUNNISCODE":"21004","HIERARCHY":"T","LVL":0,"ADMIN":"UNKNOWN","AREA":116},"bbox":[150560.57224014,169817.46312735,150580.72031512,169846.44933269]},{"type":"Feature","id":"StreetSurfaces.fid-6b1d3889_1a02c238f6c_-e61","geometry":{"type":"Polygon","coordinates":[[[150506.183,169871.17],[150512.37749854,169869.08138009],[150514.13585305,169872.65464577],[150516.44057584,169874.85418696],[150519.44207527,169876.08807593],[150515.44299293,169879.66712031],[150513.06388897,169878.12667508],[150510.43757696,169877.05372816],[150507.264,169874.366],[150506.183,169871.17]]]},"geometry_name":"GEOM","properties":{"INSPIRE_ID":"https://databrussels.be/id/streetsurface/163722","TYPE":"S","STREET_ID":"https://databrussels.be/id/streetname/3949","STRNAMEFRE":"Parc Leopold","STRNAMEDUT":"Park Leopold","MUNNISCODE":"21004","HIERARCHY":"T","LVL":0,"ADMIN":"UNKNOWN","AREA":66},"bbox":[150506.183,169869.08138009,150519.44207527,169879.66712031]},{"type":"Feature","id":"StreetSurfaces.fid-6b1d3889_1a02c238f6c_-e5c","geometry":{"type":"Polygon","coordinates":[[[150515.44299293,169879.66712031],[150519.44207527,169876.08807593],[150521.1703439,169876.2074139],[150523.45320695,169875.41293365],[150526.79160938,169879.15292008],[150525.79510323,169881.05100287],[150525.3531915,169883.26258735],[150525.1489118,169884.28492235],[150518.58012864,169884.69902242],[150518.12071546,169882.95165171],[150517.07937892,169881.20428101],[150515.44299293,169879.66712031]]]},"geometry_name":"GEOM","properties":{"INSPIRE_ID":"https://databrussels.be/id/streetsurface/163723","TYPE":"I","STREET_ID":"https://databrussels.be/id/streetname/3949","STRNAMEFRE":"Parc Leopold","STRNAMEDUT":"Park Leopold","MUNNISCODE":"21004","HIERARCHY":"T","LVL":0,"ADMIN":"UNKNOWN","AREA":70},"bbox":[150515.44299293,169875.41293365,150526.79160938,169884.69902242]},{"type":"Feature","id":"StreetSurfaces.fid-6b1d3889_1a02c238f6c_-e57","geometry":{"type":"Polygon","coordinates":[[[150518.58012864,169884.69902242],[150525.1489118,169884.28492235],[150524.45296044,169886.92155533],[150524.17731254,169889.46597233],[150524.00667335,169892.50901247],[150524.18231295,169894.52853006],[150524.82986676,169897.62912771],[150525.12443866,169899.03958797],[150526.93691687,169903.94481237],[150528.40703904,169906.85709688],[150529.78527858,169908.54315634],[150531.62293129,169910.07593766],[150527.7026055,169913.81592408],[150525.98746296,169911.21019583],[150524.39483061,169907.89938818],[150522.46529526,169903.27038859],[150521.60772399,169900.35810408],[150520.16822937,169891.80518431],[150518.58012864,169884.69902242]]]},"geometry_name":"GEOM","properties":{"INSPIRE_ID":"https://databrussels.be/id/streetsurface/163724","TYPE":"S","STREET_ID":"https://databrussels.be/id/streetname/3949","STRNAMEFRE":"Parc Leopold","STRNAMEDUT":"Park Leopold","MUNNISCODE":"21004","HIERARCHY":"T","LVL":0,"ADMIN":"UNKNOWN","AREA":124},"bbox":[150518.58012864,169884.28492235,150531.62293129,169913.81592408]},{"type":"Feature","id":"StreetSurfaces.fid-6b1d3889_1a02c238f6c_-e52","geometry":{"type":"Polygon","coordinates":[[[150527.7026055,169913.81592408],[150531.62293129,169910.07593766],[150534.20425909,169911.30407869],[150536.88201824,169912.15137537],[150537.14474516,169918.82711702],[150535.16902677,169920.42412755],[150530.13079557,169919.83400674],[150529.38042071,169917.09799208],[150528.8999755,169915.34619414],[150527.7026055,169913.81592408]]]},"geometry_name":"GEOM","properties":{"INSPIRE_ID":"https://databrussels.be/id/streetsurface/163725","TYPE":"I","STREET_ID":"https://databrussels.be/id/streetname/3949","STRNAMEFRE":"Parc Leopold","STRNAMEDUT":"Park Leopold","MUNNISCODE":"21004","HIERARCHY":"T","LVL":0,"ADMIN":"UNKNOWN","AREA":69},"bbox":[150527.7026055,169910.07593766,150537.14474516,169920.42412755]},{"type":"Feature","id":"StreetSurfaces.fid-6b1d3889_1a02c238f6c_-ee7","geometry":{"type":"Polygon","coordinates":[[[150524.74949998,169928.94195381],[150526.11093026,169928.43619448],[150527.9868674,169927.61287195],[150529.38042071,169925.68156748],[150530.61317941,169922.30178467],[150530.13079557,169919.83400674],[150535.16902677,169920.42412755],[150533.95739025,169922.4553158],[150533.23949142,169924.44767852],[150532.06033092,169927.72016664],[150529.16892728,169930.56470454],[150526.00373385,169931.90465964],[150524.74949998,169928.94195381]]]},"geometry_name":"GEOM","properties":{"INSPIRE_ID":"https://databrussels.be/id/streetsurface/163726","TYPE":"S","STREET_ID":"https://databrussels.be/id/streetname/3949","STRNAMEFRE":"Parc Leopold","STRNAMEDUT":"Park Leopold","MUNNISCODE":"21004","HIERARCHY":"T","LVL":0,"ADMIN":"UNKNOWN","AREA":45},"bbox":[150524.74949998,169919.83400674,150535.16902677,169931.90465964]},{"type":"Feature","id":"StreetSurfaces.fid-6b1d3889_1a02c238f6c_-ea9","geometry":{"type":"Polygon","coordinates":[[[150823.95857622,169693.73475825],[150823.2242473,169692.34583885],[150823.49816714,169692.7665576],[150824.01103565,169693.52181466],[150824.10496864,169693.65622704],[150823.95857622,169693.73475825]]]},"geometry_name":"GEOM","properties":{"INSPIRE_ID":"https://databrussels.be/id/streetsurface/164968","TYPE":"SW","STREET_ID":"https://databrussels.be/id/streetname/1748","STRNAMEFRE":"Avenue du Maelbeek","STRNAMEDUT":"Maelbeeklaan","MUNNISCODE":"21005","HIERARCHY":"IDR","LVL":0,"ADMIN":"REGION_RBC","AREA":0},"bbox":[150823.2242473,169692.34583885,150824.10496864,169693.73475825]},{"type":"Feature","id":"StreetSurfaces.fid-6b1d3889_1a02c238f6c_-ec2","geometry":{"type":"Polygon","coordinates":[[[150919.190789,169560.21567114],[150920.127316,169562.07435246],[150920.86951845,169563.54214587],[150921.00273329,169563.87557095],[150920.78311072,169563.9925599],[150920.45563555,169564.12909541],[150922.27542792,169567.73633803],[150923.28,169569.43],[150924.59,169575.35],[150924.45326494,169579.44304887],[150916.4749785,169579.11031227],[150915.46422474,169579.03910872],[150914.45623966,169578.9358654],[150913.45203862,169578.8006863],[150912.45263318,169578.63370761],[150911.33327273,169578.40178345],[150910.22203835,169578.13361415],[150909.12010334,169577.82948285],[150908.02863117,169577.48971067],[150906.93332132,169577.11923756],[150905.84942163,169576.71660192],[150904.77787628,169576.2821545],[150903.7196187,169575.81627373],[150892.8300572,169571.09315945],[150892.22360851,169570.76823401],[150891.66706639,169570.36373751],[150891.17080341,169569.8872088],[150890.74406872,169569.34752921],[150890.39481562,169568.75475706],[150890.12955334,169568.11994017],[150889.97228558,169567.54875833],[150889.88313393,169566.96306742],[150889.86333042,169566.37096129],[150889.91314871,169565.78062241],[150890.03190035,169565.20020885],[150890.21794427,169564.63774151],[150892.49441693,169555.42796074],[150892.70315961,169554.5293302],[150893.31834504,169552.11870777],[150894.63488963,169546.76477806],[150896.44,169547.213],[150894.44,169555.27],[150896.09,169557.65],[150906.475,169559.513],[150916.88,169561.38],[150919.190789,169560.21567114]]]},"geometry_name":"GEOM","properties":{"INSPIRE_ID":"https://databrussels.be/id/streetsurface/164994","TYPE":"SW","STREET_ID":"https://databrussels.be/id/streetname/652","STRNAMEFRE":"Place Jourdan","STRNAMEDUT":"Jourdanplein","MUNNISCODE":"21005","HIERARCHY":"DC","LVL":0,"ADMIN":"MUN_RE_RBC","AREA":560},"bbox":[150889.86333042,169546.76477806,150924.59,169579.44304887]},{"type":"Feature","id":"StreetSurfaces.fid-6b1d3889_1a02c238f6c_-ecf","geometry":{"type":"Polygon","coordinates":[[[150917.35,169704.27],[150910.7709812,169705.90869189],[150909.54737665,169700.82298757],[150906.65786811,169689.10568152],[150904.02855557,169678.35738828],[150903.74803911,169677.25873283],[150910.94,169677.65],[150915.13,169682.2],[150924.16698568,169682.66681628],[150923.81,169696.39],[150917.35,169704.27]]]},"geometry_name":"GEOM","properties":{"INSPIRE_ID":"https://databrussels.be/id/streetsurface/164995","TYPE":"SW","STREET_ID":"https://databrussels.be/id/streetname/652","STRNAMEFRE":"Place Jourdan","STRNAMEDUT":"Jourdanplein","MUNNISCODE":"21005","HIERARCHY":"DC","LVL":0,"ADMIN":"MUN_RE_RBC","AREA":377},"bbox":[150903.74803911,169677.25873283,150924.16698568,169705.90869189]},{"type":"Feature","id":"StreetSurfaces.fid-6b1d3889_1a02c238f6c_-ec8","geometry":{"type":"Polygon","coordinates":[[[150866.73,169568.22],[150877.42944813,169571.20822173],[150874.07,169584.28],[150863.13,169582.332],[150865.16,169570.93],[150866.73,169568.22]]]},"geometry_name":"GEOM","properties":{"INSPIRE_ID":"https://databrussels.be/id/streetsurface/165006","TYPE":"SW","STREET_ID":"https://databrussels.be/id/streetname/652","STRNAMEFRE":"Place Jourdan","STRNAMEDUT":"Jourdanplein","MUNNISCODE":"21005","HIERARCHY":"DR","LVL":0,"ADMIN":"MUN_RE_RBC","AREA":162},"bbox":[150863.13,169568.22,150877.42944813,169584.28]},{"type":"Feature","id":"StreetSurfaces.fid-6b1d3889_1a02c238f6c_-ef5","geometry":{"type":"Polygon","coordinates":[[[150804.51829968,169956.26143552],[150808.21093957,169965.38350786],[150807.748,169965.13600034],[150806.81600001,169964.81300036],[150806.077,169964.91800035],[150799.147,169966.94200035],[150773.78257003,169975.43542975],[150768.12511356,169977.19029058],[150763.37825501,169978.66269716],[150759.89200001,169977.02000035],[150757.54000001,169977.84100036],[150745.12000001,169981.80100035],[150741.25999999,169983.04100035],[150738.90999999,169983.80100035],[150719.07000001,169990.33100034],[150699.27000001,169996.98100034],[150690.2,170000.00100035],[150679.45,170003.59100036],[150661.29000001,170009.53100034],[150627.82785976,170020.39652745],[150625.80683887,170014.23853597],[150627.74000001,170013.60000035],[150663,170002.03000034],[150669.24000001,170000.00000035],[150675.55999999,169997.94000036],[150683.81800001,169995.26000034],[150686.053,169995.38200034],[150748.86099999,169974.78500034],[150795.77000001,169959.16000034],[150804.35699999,169956.31800035],[150804.51829968,169956.26143552]]]},"geometry_name":"GEOM","properties":{"INSPIRE_ID":"https://databrussels.be/id/streetsurface/22572","TYPE":"S","STREET_ID":"https://databrussels.be/id/streetname/1550","STRNAMEFRE":"Rue Belliard","STRNAMEDUT":"Belliardstraat","MUNNISCODE":"21004","HIERARCHY":"MAR","LVL":0,"ADMIN":"REGION_RBC","AREA":1247},"bbox":[150625.80683887,169956.26143552,150808.21093957,170020.39652745]},{"type":"Feature","id":"StreetSurfaces.fid-6b1d3889_1a02c238f6c_-e70","geometry":{"type":"Polygon","coordinates":[[[150737.65599504,169506.95174562],[150737.81499901,169506.15600015],[150738.89560177,169500.75228189],[150739.9430001,169500.85099932],[150741.41855729,169500.6765634],[150742.80099962,169500.13199939],[150743.35851154,169499.71552276],[150743.1636709,169500.39664377],[150740.07121778,169507.22891902],[150739.60099983,169507.14700133],[150737.65599504,169506.95174562]]]},"geometry_name":"GEOM","properties":{"INSPIRE_ID":"https://databrussels.be/id/streetsurface/22623","TYPE":"I","STREET_ID":"https://databrussels.be/id/streetname/3845","STRNAMEFRE":"Chaussée de Wavre","STRNAMEDUT":"Waverse Steenweg","MUNNISCODE":"21009","HIERARCHY":"IDR","LVL":0,"ADMIN":"REGION_RBC","AREA":22},"bbox":[150737.65599504,169499.71552276,150743.35851154,169507.22891902]},{"type":"Feature","id":"StreetSurfaces.fid-6b1d3889_1a02c238f6c_-eed","geometry":{"type":"Polygon","coordinates":[[[150526.85892737,169955.0524531],[150522.16500001,169956.41500036],[150518.7311455,169957.41177525],[150518.46600001,169956.60000035],[150518.04400001,169955.37800034],[150517.75699999,169954.81200034],[150517.575,169954.54300035],[150517.374,169954.28500034],[150517.14400001,169954.06600036],[150516.84300001,169953.89200035],[150516.50599999,169953.76500036],[150516.16400001,169953.65400034],[150515.86800001,169953.55100035],[150515.56700001,169953.45900034],[150515.26300001,169953.40500034],[150514.955,169953.40800034],[150514.64300001,169953.44900035],[150514.33199999,169953.48900036],[150513.13,169953.82300035],[150512.35799999,169951.21600035],[150511.09385817,169947.43594312],[150511.952,169947.17100035],[150513.13271308,169946.6721625],[150514.18855944,169945.94545003],[150515.07614734,169945.02072834],[150515.75899999,169943.93600034],[150516.15127661,169942.841388],[150516.28986933,169941.79962496],[150516.98199999,169941.57400035],[150521.87640538,169939.97780315],[150521.90999999,169940.08000034],[150525.00999999,169949.47000035],[150526.85892737,169955.0524531]]]},"geometry_name":"GEOM","properties":{"INSPIRE_ID":"https://databrussels.be/id/streetsurface/25646","TYPE":"I","STREET_ID":"https://databrussels.be/id/streetname/297","STRNAMEFRE":"Rue Wiertz","STRNAMEDUT":"Wiertzstraat","MUNNISCODE":"21004","HIERARCHY":"DC","LVL":0,"ADMIN":"MUN_RBC","AREA":159},"bbox":[150511.09385817,169939.97780315,150526.85892737,169957.41177525]},{"type":"Feature","id":"StreetSurfaces.fid-6b1d3889_1a02c238f6c_-e9f","geometry":{"type":"Polygon","coordinates":[[[150859.38362737,169682.81932466],[150859.71906312,169682.69047654],[150860.4288654,169682.44421124],[150861.14635956,169682.22134803],[150861.87077427,169682.02212651],[150862.70704745,169681.85229744],[150863.55099425,169681.72600992],[150864.40034921,169681.64360296],[150865.25283232,169681.60529776],[150866.1061552,169681.61119715],[150866.95802721,169681.66128529],[150877.59662712,169681.66467544],[150885.3171733,169681.64916696],[150890.52306021,169681.64519763],[150893.11834838,169681.63998243],[150893.78998338,169681.57930632],[150894.45101623,169681.44584951],[150895.09358413,169681.24119944],[150895.71004389,169680.96779037],[150896.29306288,169680.62887444],[150896.83570624,169680.22848295],[150897.22164828,169679.88123464],[150898.08502448,169690.48356606],[150897.46087979,169690.01419309],[150896.80872664,169689.59399302],[150896.21851729,169689.2973093],[150895.60567638,169689.03098595],[150894.9789279,169688.79927825],[150894.34022532,169688.60290838],[150893.69155936,169688.44248838],[150893.02953264,169688.31749511],[150892.43747827,169688.21737366],[150891.84318991,169688.1569207],[150891.24855804,169688.1090077],[150891.06603196,169688.10291233],[150889.02885139,169688.07768803],[150887.47015571,169688.07362724],[150881.05684303,169688.00306994],[150870.04766175,169687.79463632],[150869.1259392,169687.82082479],[150868.27828526,169687.81851886],[150867.43101073,169687.84398211],[150866.58502507,169687.8971872],[150865.74123638,169687.97807704],[150864.90055039,169688.08656478],[150864.06386951,169688.22253398],[150863.83435082,169688.26367026],[150859.38362737,169682.81932466]]]},"geometry_name":"GEOM","properties":{"INSPIRE_ID":"https://databrussels.be/id/streetsurface/25648","TYPE":"S","STREET_ID":"https://databrussels.be/id/streetname/652","STRNAMEFRE":"Place Jourdan","STRNAMEDUT":"Jourdanplein","MUNNISCODE":"21005","HIERARCHY":"IDR","LVL":0,"ADMIN":"MUN_RE_RBC","AREA":237},"bbox":[150859.38362737,169679.88123464,150898.08502448,169690.48356606]},{"type":"Feature","id":"StreetSurfaces.fid-6b1d3889_1a02c238f6c_-e98","geometry":{"type":"Polygon","coordinates":[[[150776.64000001,169551.46000034],[150777.17999999,169535.55000035],[150782.8,169541.12000035],[150792.60999999,169549.39000036],[150837.14000001,169565.44000036],[150842.38,169566.55000035],[150865.15999999,169570.93000034],[150864.14500001,169576.63100034],[150863.13,169582.33200034],[150832.95999999,169576.96000034],[150786.52000001,169560.15000035],[150777.67,169552.39000036],[150776.64000001,169551.46000034]]]},"geometry_name":"GEOM","properties":{"INSPIRE_ID":"https://databrussels.be/id/streetsurface/25747","TYPE":"S","STREET_ID":"https://databrussels.be/id/streetname/2170","STRNAMEFRE":"Chaussée de Wavre","STRNAMEDUT":"Steenweg op Waver","MUNNISCODE":"21005","HIERARCHY":"DR","LVL":0,"ADMIN":"MUN_RBC","AREA":1142},"bbox":[150776.64000001,169535.55000035,150865.15999999,169582.33200034]},{"type":"Feature","id":"StreetSurfaces.fid-6b1d3889_1a02c238f6c_-ed4","geometry":{"type":"Polygon","coordinates":[[[150902.94075033,169672.91160945],[150902.9720281,169673.35232137],[150899.0473508,169673.3502226],[150899.05010061,169668.20811504],[150899.71047766,169655.07298244],[150899.92497446,169651.20192423],[150900.58109661,169638.58896319],[150901.09370348,169628.69538874],[150901.42878682,169622.01266249],[150901.60393718,169618.7143592],[150902.13007988,169608.71165817],[150902.46925101,169601.52648047],[150902.5695531,169600.07112813],[150902.58846049,169599.69539935],[150902.96695278,169592.89627011],[150903.18862183,169588.43518314],[150903.19222107,169587.76754585],[150903.13886609,169587.10203422],[150903.0289457,169586.44349796],[150902.86326092,169585.79673598],[150902.64301913,169585.1664614],[150902.36982528,169584.55726716],[150901.91452941,169583.76686417],[150913.0757776,169587.20333544],[150912.48339488,169587.54880132],[150911.91076126,169587.92610054],[150911.35958562,169588.33410713],[150910.63551927,169588.93162644],[150909.9602196,169589.58375508],[150909.33779403,169590.2865266],[150908.77202834,169591.0356665],[150908.26636372,169591.82661826],[150907.82387578,169592.65457106],[150907.62081201,169593.12652963],[150907.52037526,169593.35996363],[150907.26478974,169594.08409572],[150907.05826651,169594.82371684],[150906.90173261,169595.57550696],[150906.7958907,169596.33609144],[150906.69291848,169598.11097136],[150905.57785362,169619.49453843],[150905.39546404,169623.4432338],[150904.65219798,169637.44153494],[150904.03610047,169649.46259087],[150903.96828705,169650.75795419],[150903.74121189,169655.34729539],[150903.13878946,169667.3737086],[150902.9296377,169671.38677527],[150902.91718432,169671.89508548],[150902.92088978,169672.40353473],[150902.94075033,169672.91160945]]]},"geometry_name":"GEOM","properties":{"INSPIRE_ID":"https://databrussels.be/id/streetsurface/25882","TYPE":"S","STREET_ID":"https://databrussels.be/id/streetname/652","STRNAMEFRE":"Place Jourdan","STRNAMEDUT":"Jourdanplein","MUNNISCODE":"21005","HIERARCHY":"DC","LVL":0,"ADMIN":"MUN_RE_RBC","AREA":379},"bbox":[150899.0473508,169583.76686417,150913.0757776,169673.35232137]},{"type":"Feature","id":"StreetSurfaces.fid-6b1d3889_1a02c238f6c_-e50","geometry":{"type":"Polygon","coordinates":[[[150495.70852284,169866.95113353],[150495.65699999,169866.18800036],[150495.62437124,169865.50775362],[150495.58469548,169864.73090228],[150495.44379814,169864.59500507],[150495.34400001,169864.57700034],[150494.77238309,169864.7624972],[150493.48371005,169858.60183507],[150493.58399999,169858.57400035],[150494.58901923,169857.80293483],[150495.30687103,169856.75924214],[150495.66741207,169855.54490453],[150495.63541281,169854.27857846],[150495.24928856,169853.18403276],[150499.88189254,169851.3176567],[150500.33,169852.26000034],[150500.58,169853.65000035],[150500.6,169855.11000034],[150500.50999999,169856.57000035],[150500.08,169858.79000036],[150499.4,169861.00000035],[150498.92,169863.23000034],[150498.83,169864.66000034],[150498.80999999,169866.10000035],[150498.85037146,169866.92473143],[150495.70852284,169866.95113353]]]},"geometry_name":"GEOM","properties":{"INSPIRE_ID":"https://databrussels.be/id/streetsurface/26122","TYPE":"I","STREET_ID":"https://databrussels.be/id/streetname/297","STRNAMEFRE":"Rue Wiertz","STRNAMEDUT":"Wiertzstraat","MUNNISCODE":"21004","HIERARCHY":"DC","LVL":0,"ADMIN":"MUN_RBC","AREA":72},"bbox":[150493.48371005,169851.3176567,150500.6,169866.95113353]},{"type":"Feature","id":"StreetSurfaces.fid-6b1d3889_1a02c238f6c_-ec1","geometry":{"type":"Polygon","coordinates":[[[150892.8300572,169571.09315945],[150901.98187567,169575.06256487],[150899.28350117,169581.28390812],[150898.46807881,169580.87510792],[150892.36000514,169578.31260528],[150890.17425957,169577.39085587],[150892.8300572,169571.09315945]]]},"geometry_name":"GEOM","properties":{"INSPIRE_ID":"https://databrussels.be/id/streetsurface/26123","TYPE":"S","STREET_ID":"https://databrussels.be/id/streetname/652","STRNAMEFRE":"Place Jourdan","STRNAMEDUT":"Jourdanplein","MUNNISCODE":"21005","HIERARCHY":"DC","LVL":0,"ADMIN":"MUN_RE_RBC","AREA":67},"bbox":[150890.17425957,169571.09315945,150901.98187567,169581.28390812]},{"type":"Feature","id":"StreetSurfaces.fid-6b1d3889_1a02c238f6c_-ed0","geometry":{"type":"Polygon","coordinates":[[[150898.18716651,169678.66376705],[150898.43736938,169678.20887016],[150898.64861086,169677.73462372],[150898.78352779,169677.26617882],[150898.89211801,169676.7909406],[150898.97404373,169676.31038741],[150899.02905008,169675.8260141],[150899.05696597,169675.33932744],[150899.05770455,169674.85184139],[150899.07140416,169674.10090184],[150899.0473508,169673.3502226],[150902.9720281,169673.35232137],[150902.97674591,169673.41879647],[150903.02915292,169673.92720805],[150903.0977729,169674.4336862],[150903.18253583,169674.93771405],[150903.28335519,169675.4387772],[150903.74803911,169677.25873283],[150904.02855557,169678.35738828],[150906.65786811,169689.10568152],[150908.15397184,169695.17256281],[150901.97267288,169696.69688215],[150901.78051803,169695.99793421],[150901.54624556,169695.31625344],[150901.26969903,169694.65060017],[150900.95196634,169694.00359306],[150900.59429746,169693.3777774],[150900.19740964,169692.77456677],[150899.73173224,169692.14428759],[150899.22343464,169691.55141228],[150898.67357121,169690.99686942],[150898.08502448,169690.48356606],[150897.22164828,169679.88123464],[150897.57716454,169679.50289505],[150897.89975893,169679.09612053],[150898.18716651,169678.66376705]]]},"geometry_name":"GEOM","properties":{"INSPIRE_ID":"https://databrussels.be/id/streetsurface/26124","TYPE":"I","STREET_ID":"https://databrussels.be/id/streetname/652","STRNAMEFRE":"Place Jourdan","STRNAMEDUT":"Jourdanplein","MUNNISCODE":"21005","HIERARCHY":"IDR","LVL":0,"ADMIN":"MUN_RE_RBC","AREA":158},"bbox":[150897.22164828,169673.3502226,150908.15397184,169696.69688215]},{"type":"Feature","id":"StreetSurfaces.fid-6b1d3889_1a02c238f6c_-ea2","geometry":{"type":"Polygon","coordinates":[[[150863.83435082,169688.26367026],[150863.24000721,169688.37019357],[150862.42250199,169688.54974209],[150861.61258769,169688.76090855],[150860.81148667,169689.00337424],[150860.02040801,169689.27677322],[150859.24054565,169689.58069287],[150858.31951473,169690.01217655],[150857.42363731,169690.49371551],[150856.55563116,169691.02384894],[150855.7181295,169691.6009686],[150848.23694378,169698.19177619],[150845.4212257,169691.52073205],[150846.66988858,169690.59531346],[150847.68121235,169689.77546513],[150848.75281302,169688.93310021],[150849.65703212,169688.19112633],[150850.58651206,169687.48105275],[150851.54012795,169686.80373882],[150852.51672572,169686.16000423],[150853.51512348,169685.55062803],[150854.53411296,169684.97634771],[150855.62816765,169684.41433358],[150856.74101145,169683.89050707],[150857.87131194,169683.40549537],[150859.01771578,169682.9598792],[150859.38362737,169682.81932466],[150863.83435082,169688.26367026]]]},"geometry_name":"GEOM","properties":{"INSPIRE_ID":"https://databrussels.be/id/streetsurface/26125","TYPE":"I","STREET_ID":"https://databrussels.be/id/streetname/652","STRNAMEFRE":"Place Jourdan","STRNAMEDUT":"Jourdanplein","MUNNISCODE":"21005","HIERARCHY":"IDR","LVL":0,"ADMIN":"MUN_RE_RBC","AREA":114},"bbox":[150845.4212257,169682.81932466,150863.83435082,169698.19177619]},{"type":"Feature","id":"StreetSurfaces.fid-6b1d3889_1a02c238f6c_-eba","geometry":{"type":"Polygon","coordinates":[[[150777.79391224,169614.76521765],[150776.04370675,169612.9488728],[150775.01400001,169610.96700036],[150774.6,169610.05800034],[150774.151,169609.02800034],[150775.83900001,169608.26500036],[150775.06700001,169606.61700035],[150773.421,169607.34500035],[150770.954,169601.75600034],[150770.625,169600.81400036],[150769.599,169597.50700034],[150771.28,169596.96900035],[150770.751,169595.24000036],[150769.05799999,169595.78700034],[150764.96099999,169582.53800036],[150764.69100001,169581.57300035],[150758.64000001,169558.20200034],[150760.41300001,169557.73000034],[150759.91492691,169555.88523506],[150765.24000001,169554.66400036],[150769.21003547,169553.75408646],[150769.754,169556.07700034],[150771.56800001,169555.62800034],[150771.708129,169555.59331736],[150771.73399999,169555.70600034],[150775.73099999,169573.11500036],[150775.99100001,169574.10000035],[150776.16199999,169574.66500036],[150774.48099999,169575.19700035],[150774.98699999,169576.92200035],[150776.70332999,169576.41310834],[150781.397,169591.33500034],[150781.75699999,169592.29900035],[150783.73299999,169597.16100034],[150782.06700001,169597.82900034],[150782.73699999,169599.52100035],[150783.09100001,169599.38900036],[150784.41440899,169598.84862634],[150784.526,169599.12500035],[150787.43199999,169606.29400035],[150787.86400001,169607.23900036],[150792.58800001,169616.20300034],[150791.03,169617.07200035],[150791.86700001,169618.69800035],[150796.153,169625.71700035],[150799.30699999,169630.86200034],[150800.34200001,169632.59200036],[150804.451,169639.56900035],[150805.50599999,169641.28100034],[150807.91600001,169645.35800034],[150808.86969099,169647.10486335],[150810.44500001,169646.23400034],[150817.698,169659.35400034],[150821.197,169665.69300035],[150819.624,169666.59600035],[150820.54504099,169668.20042635],[150822.09000001,169667.29800035],[150826.45999999,169675.22900034],[150828.36118442,169678.73298527],[150829.76060848,169681.26472619],[150828.20641415,169682.15649018],[150828.82726688,169683.27278838],[150831.90219913,169688.80893328],[150832.20781448,169689.30951094],[150824.10496864,169693.65622704],[150824.01103565,169693.52181466],[150823.49816714,169692.7665576],[150823.2242473,169692.34583885],[150817.25876737,169681.06328408],[150817.52082491,169679.00532221],[150815.36722131,169678.44984547],[150812.56692538,169673.46561293],[150809.53369257,169649.73097435],[150794.31210959,169628.05542203],[150780.43235638,169617.50336722],[150779.79300001,169616.27200035],[150778.76700001,169614.28500034],[150777.79391224,169614.76521765]]]},"geometry_name":"GEOM","properties":{"INSPIRE_ID":"https://databrussels.be/id/streetsurface/27264","TYPE":"S","STREET_ID":"https://databrussels.be/id/streetname/1748","STRNAMEFRE":"Avenue du Maelbeek","STRNAMEDUT":"Maelbeeklaan","MUNNISCODE":"21005","HIERARCHY":"IDR","LVL":0,"ADMIN":"REGION_RBC","AREA":1360},"bbox":[150758.64000001,169553.75408646,150832.20781448,169693.65622704]},{"type":"Feature","id":"StreetSurfaces.fid-6b1d3889_1a02c238f6c_-e4d","geometry":{"type":"Polygon","coordinates":[[[150464.59849689,169735.52096666],[150463.302,169734.37500035],[150460.08464766,169731.5943863],[150460.60958395,169731.0017825],[150481.55414615,169707.2905707],[150511.2593864,169673.80154707],[150524.83824217,169658.49304868],[150525.04013324,169658.26512987],[150525.37688849,169657.88496024],[150525.73044336,169657.48582517],[150526.65696821,169656.43985301],[150526.1227999,169655.96031834],[150526.08,169655.13000034],[150525.92,169654.17000035],[150523.35,169643.64000036],[150521.73,169635.86000034],[150519.14696648,169623.49022399],[150518.54079621,169620.58736171],[150524.75325983,169625.4536524],[150517.30530155,169591.03388246],[150511.3596036,169586.1976621],[150509.64868023,169578.00429601],[150508.06025555,169570.54633542],[150500.14102967,169533.36404072],[150498.1115876,169523.83541838],[150499.31780865,169523.50459785],[150499.22183301,169522.80714575],[150499.04000001,169522.06000034],[150498.35,169520.48000034],[150497.92999999,169519.75000035],[150496.94508452,169518.35846123],[150496.04000001,169517.79000036],[150494.89000001,169517.06000034],[150494.22000001,169516.78000034],[150492.83,169516.33000034],[150490.77698169,169517.49113051],[150466.58825095,169514.08982066],[150465.64300001,169512.59200036],[150462.85699999,169512.19500035],[150461.53,169513.37000035],[150436.91111186,169509.82757191],[150436.64831629,169509.78982905],[150435.703,169508.29200036],[150433.60799999,169507.99400035],[150432.30817754,169509.14391915],[150417.90824456,169507.0008865],[150418.451,169503.10800034],[150418.83401935,169500.35557119],[150432.34000001,169502.31000034],[150436.78,169502.92000035],[150441.20999999,169503.54000036],[150445.64000001,169504.17000035],[150451.35,169504.99000036],[150452.03,169505.09000036],[150464.79000001,169506.97000035],[150474.5,169508.37000035],[150493.92,169511.15000035],[150494.98,169511.34000036],[150496.04000001,169511.53000034],[150497.05999999,169511.82000035],[150498.45,169512.51000034],[150499.75,169513.43000034],[150500.87000001,169514.49000036],[150501.94000001,169516.10000035],[150502.72000001,169517.95000035],[150503.50999999,169519.79000036],[150505.19000001,169527.92000035],[150506.87000001,169536.04000036],[150508.57000001,169544.16000034],[150510.30999999,169552.29000036],[150512.05999999,169560.41000034],[150512.85,169564.12000035],[150513.8,169568.54000036],[150515.70999999,169577.62000035],[150517.6,169586.70000035],[150519.49000001,169595.79000036],[150522.9,169612.19000036],[150526.30999999,169628.60000035],[150529.70999999,169645.00000035],[150538.154,169652.34600035],[150538.274,169652.56800035],[150538.36199999,169652.95700034],[150538.33299999,169653.34000036],[150538.26800001,169653.82600035],[150538.05999999,169654.34700035],[150536.99500001,169655.74400035],[150528.31400001,169665.34700035],[150516.202,169678.91200034],[150514.996,169677.74800035],[150514.19500001,169678.16300036],[150499.56600001,169694.77000035],[150489.80699999,169705.73100034],[150484.278,169712.01900035],[150469.223,169729.01800036],[150465.726,169733.49300035],[150464.59849689,169735.52096666]]]},"geometry_name":"GEOM","properties":{"INSPIRE_ID":"https://databrussels.be/id/streetsurface/27265","TYPE":"S","STREET_ID":"https://databrussels.be/id/streetname/1549","STRNAMEFRE":"Rue Vautier","STRNAMEDUT":"Vautierstraat","MUNNISCODE":"21004","HIERARCHY":"DR","LVL":0,"ADMIN":"MUN_RBC","AREA":1853},"bbox":[150417.90824456,169500.35557119,150538.36199999,169735.52096666]},{"type":"Feature","id":"StreetSurfaces.fid-6b1d3889_1a02c238f6c_-eaa","geometry":{"type":"Polygon","coordinates":[[[150836.23930254,169716.96268583],[150838.60171072,169721.94746972],[150838.68052581,169723.33125095],[150834.63897298,169722.01232602],[150834.52000036,169718.14000129],[150832.28999913,169714.07000083],[150826.19999912,169701.99000079],[150824.15999913,169698.42000085],[150822.6899991,169695.37000078],[150822.29229287,169694.62862453],[150823.95857622,169693.73475825],[150836.23930254,169716.96268583]]]},"geometry_name":"GEOM","properties":{"INSPIRE_ID":"https://databrussels.be/id/streetsurface/27266","TYPE":"SW","STREET_ID":"https://databrussels.be/id/streetname/1861","STRNAMEFRE":"Avenue du Maelbeek","STRNAMEDUT":"Maalbeeklaan","MUNNISCODE":"21004","HIERARCHY":"IDR","LVL":0,"ADMIN":"REGION_RBC","AREA":69},"bbox":[150822.29229287,169693.73475825,150838.68052581,169723.33125095]},{"type":"Feature","id":"StreetSurfaces.fid-6b1d3889_1a02c238f6c_-e3f","geometry":{"type":"Polygon","coordinates":[[[150518.54079621,169620.58736171],[150511.3596036,169586.1976621],[150517.30530155,169591.03388246],[150524.75325983,169625.4536524],[150518.54079621,169620.58736171]]]},"geometry_name":"GEOM","properties":{"INSPIRE_ID":"https://databrussels.be/id/streetsurface/27270","TYPE":"S","STREET_ID":"https://databrussels.be/id/streetname/3485","STRNAMEFRE":"Rue Vautier","STRNAMEDUT":"Vautierstraat","MUNNISCODE":"21009","HIERARCHY":"DR","LVL":0,"ADMIN":"MUN_RBC","AREA":174},"bbox":[150511.3596036,169586.1976621,150524.75325983,169625.4536524]},{"type":"Feature","id":"StreetSurfaces.fid-6b1d3889_1a02c238f6c_-f11","geometry":{"type":"Polygon","coordinates":[[[150962.84384294,169950.41969794],[150962.5377326,169949.71211127],[150961.93755434,169948.85839571],[150961.176548,169948.14431335],[150960.53941381,169947.60594198],[150959.7785434,169947.26409413],[150958.952914,169947.14526736],[150957.08833101,169947.38447434],[150956.48052278,169947.47009469],[150954.96800001,169941.47400035],[150953.53299274,169935.7852008],[150955.063006,169935.56726436],[150955.56390178,169935.44165539],[150956.03870699,169935.23859335],[150956.92227962,169934.74983314],[150957.707304,169934.11475536],[150958.53500319,169933.05629326],[150959.096506,169931.83557934],[150959.21838133,169931.33756553],[150959.28025899,169930.82860335],[150959.27754171,169930.59014079],[150965.93637455,169929.49727172],[150966.31218901,169930.16500734],[150967.39842415,169931.40707012],[150968.739586,169932.36827334],[150969.78396757,169932.82613474],[150970.89935284,169933.06338061],[150972.03966999,169933.07021135],[150974.48568492,169932.73400937],[150975.59000001,169938.63500034],[150976.70351102,169944.58513044],[150975.016416,169944.82710334],[150974.20784128,169945.13576211],[150973.49917667,169945.63260998],[150972.933371,169946.28753535],[150972.25221164,169947.38967558],[150971.87356601,169948.62875534],[150971.86003194,169949.04288298],[150967.40599999,169949.72300035],[150962.84384294,169950.41969794]]]},"geometry_name":"GEOM","properties":{"INSPIRE_ID":"https://databrussels.be/id/streetsurface/27333","TYPE":"I","STREET_ID":"https://databrussels.be/id/streetname/1550","STRNAMEFRE":"Rue Belliard","STRNAMEDUT":"Belliardstraat","MUNNISCODE":"21004","HIERARCHY":"MAR","LVL":0,"ADMIN":"REGION_RBC","AREA":335},"bbox":[150953.53299274,169929.49727172,150976.70351102,169950.41969794]},{"type":"Feature","id":"StreetSurfaces.fid-6b1d3889_1a02c238f6c_-e60","geometry":{"type":"Polygon","coordinates":[[[150506.61893671,169933.48304838],[150506.52791672,169933.53774711],[150490.20199935,169883.25600161],[150486.78814614,169884.37595345],[150482.45013573,169871.1458742],[150488.10016642,169869.29328574],[150506.55888786,169925.63956896],[150508.7199008,169932.23607827],[150506.61893671,169933.48304838]]]},"geometry_name":"GEOM","properties":{"INSPIRE_ID":"https://databrussels.be/id/streetsurface/27334","TYPE":"SW","STREET_ID":"https://databrussels.be/id/streetname/4390","STRNAMEFRE":"Rue Wiertz","STRNAMEDUT":"Wiertzstraat","MUNNISCODE":"21009","HIERARCHY":"DC","LVL":0,"ADMIN":"MUN_RBC","AREA":210},"bbox":[150482.45013573,169869.29328574,150508.7199008,169933.53774711]},{"type":"Feature","id":"StreetSurfaces.fid-6b1d3889_1a02c238f6c_-f21","geometry":{"type":"Polygon","coordinates":[[[150823.67675066,170020.948255],[150823.946,170020.36100034],[150824.129,170019.80700034],[150824.34500001,170019.20100035],[150824.46300001,170018.63500034],[150824.58399999,170017.95200034],[150824.66600001,170017.38000034],[150824.73299999,170016.71700035],[150824.78800001,170015.84500035],[150824.849,170015.18700033],[150824.83399999,170014.63500034],[150824.75699999,170013.91000034],[150824.63199999,170013.18900036],[150824.427,170012.46200033],[150824.21700001,170011.46600036],[150823.823,170009.99500035],[150822.91800001,170007.06200034],[150820.577,170000.00100035],[150811.73465214,169972.39928113],[150824.07371917,169971.37095345],[150824.00641196,169972.38423201],[150824.20759001,169973.47361235],[150824.74284899,169975.21940736],[150826.76431301,169981.40247935],[150829.212707,169988.89140636],[150830.345507,169992.22985934],[150832.02423999,169997.51732634],[150833.99777226,169998.50099143],[150837.77199428,170010.08261978],[150836.79465301,170012.01490635],[150838.47497699,170017.12585434],[150839.22332301,170019.35221134],[150839.77595432,170020.41248471],[150840.05581865,170020.75690476],[150823.67675066,170020.948255]]]},"geometry_name":"GEOM","properties":{"INSPIRE_ID":"https://databrussels.be/id/streetsurface/28241","TYPE":"S","STREET_ID":"https://databrussels.be/id/streetname/133","STRNAMEFRE":"Chaussée d'Etterbeek","STRNAMEDUT":"Etterbeeksesteenweg","MUNNISCODE":"21004","HIERARCHY":"IDR","LVL":0,"ADMIN":"REGION_RBC","AREA":633},"bbox":[150811.73465214,169971.37095345,150840.05581865,170020.948255]},{"type":"Feature","id":"StreetSurfaces.fid-6b1d3889_1a02c238f6c_-ee5","geometry":{"type":"Polygon","coordinates":[[[150511.09385817,169947.43594312],[150512.35799999,169951.21600035],[150513.13,169953.82300035],[150513.69500001,169955.78800036],[150510.15999999,169956.94000036],[150504.75999999,169958.69000036],[150499.35999999,169960.45000035],[150487.78,169964.24000036],[150476.2,169968.05000035],[150466.323,169971.30300034],[150465.56800001,169969.41000034],[150452.01123383,169974.21184966],[150452.085057,169966.69704834],[150452.471,169966.57100035],[150465.21800001,169962.39600035],[150464.525,169960.26000034],[150481.59300001,169954.67000035],[150510.4,169945.24600035],[150510.80548005,169946.57363025],[150511.09385817,169947.43594312]]]},"geometry_name":"GEOM","properties":{"INSPIRE_ID":"https://databrussels.be/id/streetsurface/28785","TYPE":"S","STREET_ID":"https://databrussels.be/id/streetname/567","STRNAMEFRE":"Rue Montoyer","STRNAMEDUT":"Montoyerstraat","MUNNISCODE":"21004","HIERARCHY":"DC","LVL":0,"ADMIN":"MUN_RE_RBC","AREA":640},"bbox":[150452.01123383,169945.24600035,150513.69500001,169974.21184966]},{"type":"Feature","id":"StreetSurfaces.fid-6b1d3889_1a02c238f6c_-ed7","geometry":{"type":"Polygon","coordinates":[[[150910.22203835,169578.13361415],[150911.33327273,169578.40178345],[150912.45263318,169578.63370761],[150913.45203862,169578.8006863],[150914.45623966,169578.9358654],[150915.46422474,169579.03910872],[150916.4749785,169579.11031227],[150924.45307519,169579.44304095],[150924.23691076,169585.90476154],[150920.00306634,169585.7133196],[150919.14934131,169585.67659829],[150918.29511043,169585.69860931],[150917.44440943,169585.77924867],[150916.60125739,169585.91813539],[150915.7696377,169586.11461333],[150914.95347928,169586.36775424],[150914.3126654,169586.61192944],[150913.6861416,169586.89073385],[150913.0757776,169587.20333544],[150901.91452941,169583.76686417],[150901.37030352,169583.03484682],[150900.74455024,169582.37117215],[150900.0457812,169581.78486758],[150899.28350117,169581.28390812],[150901.98187567,169575.06256487],[150903.7196187,169575.81627373],[150904.77787628,169576.2821545],[150905.84942163,169576.71660192],[150906.93332132,169577.11923756],[150908.02863117,169577.48971067],[150909.12010334,169577.82948285],[150910.22203835,169578.13361415]]]},"geometry_name":"GEOM","properties":{"INSPIRE_ID":"https://databrussels.be/id/streetsurface/28849","TYPE":"I","STREET_ID":"https://databrussels.be/id/streetname/652","STRNAMEFRE":"Place Jourdan","STRNAMEDUT":"Jourdanplein","MUNNISCODE":"21005","HIERARCHY":"DC","LVL":0,"ADMIN":"MUN_RE_RBC","AREA":180},"bbox":[150899.28350117,169575.06256487,150924.45307519,169587.20333544]},{"type":"Feature","id":"StreetSurfaces.fid-6b1d3889_1a02c238f6c_-ec7","geometry":{"type":"Polygon","coordinates":[[[150877.74909438,169571.40469541],[150877.42944813,169571.20822173],[150876.79046657,169570.81546549],[150875.85330445,169570.19266027],[150874.93878346,169569.53706089],[150874.24646444,169568.93178764],[150873.57513948,169568.30331002],[150872.9255859,169567.65235573],[150872.29855582,169566.97967854],[150871.69477528,169566.28605733],[150871.1149434,169565.57229524],[150870.4092293,169564.66506562],[150869.72639659,169563.74049143],[150869.06687135,169562.79914961],[150868.43106515,169561.84162758],[150867.81937475,169560.86852285],[150867.23218185,169559.88044267],[150866.83674658,169559.21507394],[150866.44972846,169558.54477433],[150866.07118897,169557.86965031],[150865.70118825,169557.18980911],[150863.71907433,169553.42409039],[150866.77532088,169551.7973774],[150871.12256637,169559.75930175],[150872.47126787,169561.89358077],[150873.01826791,169562.53501085],[150873.60955664,169563.13585961],[150874.09026194,169563.62917026],[150874.61142482,169564.07952816],[150875.16922059,169564.48362823],[150875.75955571,169564.83850487],[150876.37809784,169565.14155373],[150877.02030766,169565.3905508],[150877.54707918,169565.49771848],[150878.0812079,169565.55837867],[150878.61859584,169565.57206596],[150879.15512004,169565.53867534],[150879.68666413,169565.458463],[150880.20914999,169565.33204434],[150880.81606267,169564.99749044],[150881.39628448,169564.61852874],[150881.94657228,169564.19727744],[150882.46385024,169563.73609112],[150882.94522706,169563.23754756],[150883.38801208,169562.70443337],[150883.76776668,169562.11902232],[150884.11952996,169561.5163763],[150884.44252131,169560.89783266],[150884.73602395,169560.26476406],[150885.30107744,169559.07494508],[150885.82889184,169557.86814492],[150886.31895755,169556.64552877],[150886.7708014,169555.40827705],[150887.15501658,169554.29051856],[150887.51221765,169553.16383637],[150887.84219763,169552.02888326],[150888.73775829,169548.6470368],[150886.5957774,169548.10683368],[150887.39104915,169544.96694452],[150894.63437092,169546.76499932],[150893.31834504,169552.11870777],[150892.70315961,169554.5293302],[150892.49441693,169555.42796074],[150890.21794427,169564.63774151],[150890.03190035,169565.20020885],[150889.91314871,169565.78062241],[150889.86333042,169566.37096129],[150889.88313393,169566.96306742],[150889.97228558,169567.54875833],[150890.12955334,169568.11994017],[150890.39481562,169568.75475706],[150890.74406872,169569.34752921],[150891.17080341,169569.8872088],[150891.66706639,169570.36373751],[150892.22360851,169570.76823401],[150892.8300572,169571.09315945],[150890.17425957,169577.39085587],[150884.9617082,169575.19267408],[150884.63642955,169575.04121229],[150884.31185006,169574.88825793],[150883.9879766,169574.73381424],[150883.66481598,169574.57788447],[150882.41103148,169573.96083689],[150881.16996178,169573.31859917],[150879.94211292,169572.6514332],[150878.72798553,169571.95961099],[150877.74909438,169571.40469541]]]},"geometry_name":"GEOM","properties":{"INSPIRE_ID":"https://databrussels.be/id/streetsurface/28851","TYPE":"I","STREET_ID":"https://databrussels.be/id/streetname/2170","STRNAMEFRE":"Chaussée de Wavre","STRNAMEDUT":"Steenweg op Waver","MUNNISCODE":"21005","HIERARCHY":"DC","LVL":0,"ADMIN":"MUN_RE_RBC","AREA":328},"bbox":[150863.71907433,169544.96694452,150894.63437092,169577.39085587]},{"type":"Feature","id":"StreetSurfaces.fid-6b1d3889_1a02c238f6c_-e65","geometry":{"type":"Polygon","coordinates":[[[150515.04499905,169936.49800066],[150513.2169976,169930.84475521],[150510.48699906,169922.52300066],[150510.38699904,169922.17400063],[150504.05699904,169902.86900066],[150500.90299904,169893.21400067],[150500.82292216,169892.99077634],[150500.67618895,169892.80446841],[150500.47794664,169892.67430953],[150498.15499904,169884.76700064],[150496.68299904,169880.31900066],[150494.83299904,169874.67200066],[150493.64604857,169871.86344613],[150492.2169991,169869.17000083],[150491.56365166,169868.15764364],[150494.76847363,169867.10681445],[150494.90354331,169867.32168292],[150495.33073139,169868.03538388],[150495.6059998,169868.109999],[150495.7877574,169867.8913083],[150495.70852184,169866.95113253],[150498.85037241,169866.92473039],[150498.880001,169867.5300003],[150499.42000098,169870.63000018],[150500.35000095,169873.69000005],[150501.27000096,169876.74000005],[150509.40000095,169901.76000003],[150512.53000095,169911.40000004],[150515.67000096,169921.04000005],[150516.52000096,169923.66000003],[150518.82000096,169930.68000003],[150521.87640665,169939.97780379],[150516.9820003,169941.5740013],[150516.28986824,169941.79962572],[150516.304617,169941.68876322],[150516.23880324,169940.54399258],[150515.98399901,169939.42600056],[150515.77099905,169938.73500065],[150515.04499905,169936.49800066]]]},"geometry_name":"GEOM","properties":{"INSPIRE_ID":"https://databrussels.be/id/streetsurface/28933","TYPE":"S","STREET_ID":"https://databrussels.be/id/streetname/297","STRNAMEFRE":"Rue Wiertz","STRNAMEDUT":"Wiertzstraat","MUNNISCODE":"21004","HIERARCHY":"DC","LVL":0,"ADMIN":"MUN_RBC","AREA":426},"bbox":[150491.56365166,169866.92473039,150521.87640665,169941.79962572]},{"type":"Feature","id":"StreetSurfaces.fid-6b1d3889_1a02c238f6c_-ead","geometry":{"type":"Polygon","coordinates":[[[150826.14060321,169948.27507085],[150813.21723046,169949.98734192],[150817.42002449,169940.78261608],[150818.48670704,169938.44642726],[150819.12594173,169937.04641103],[150819.28693349,169936.69381582],[150821.79334366,169931.20441565],[150822.15263758,169930.41751009],[150839.91020405,169891.52587541],[150845.5114814,169855.62297067],[150844.74010348,169829.72868804],[150838.68052581,169723.33125095],[150838.60770952,169719.9633212],[150838.58246669,169719.68636401],[150838.5175798,169717.52609127],[150838.47975695,169716.68376049],[150845.43965479,169713.99599539],[150845.50954296,169714.38910686],[150845.61709838,169715.14273978],[150845.70182901,169715.88769423],[150845.76303415,169716.63494944],[150845.80065295,169717.38376267],[150845.81464802,169718.13338961],[150845.82185293,169719.46665494],[150845.83517724,169719.83172726],[150846.33427626,169737.13708737],[150846.43835813,169739.03558756],[150846.54784014,169741.03258874],[150846.759015,169746.761105],[150846.829229,169748.201995],[150847.13984,169754.500182],[150847.237212,169756.486254],[150847.281722,169757.15137135],[150849.348667,169759.19694435],[150849.732777,169767.54490434],[150850.87000001,169795.17000035],[150849.05,169797.24000036],[150849.08,169798.88000034],[150850.07000001,169820.09000036],[150850.12000001,169821.28000034],[150852.20999999,169823.34000036],[150852.82000001,169837.75000035],[150853.14000001,169847.51000034],[150851.19000001,169849.16000034],[150851.19000001,169850.86000034],[150851.2,169852.56000034],[150851.17999999,169854.26000034],[150851.08,169856.40000035],[150850.92999999,169858.55000035],[150850.72000001,169860.68000034],[150850.5,169862.30000035],[150850,169865.52000035],[150851.63,169867.62000035],[150850.75,169873.48000034],[150850.3,169876.41000034],[150849.80999999,169879.72000035],[150849.30999999,169883.03000034],[150848.70999999,169886.33000034],[150847.94000001,169889.62000035],[150847.08,169892.90000035],[150846.22000001,169896.17000035],[150845.42999999,169898.32000035],[150844.64000001,169900.46000034],[150843.80999999,169902.59000036],[150843.24000001,169903.92000035],[150842.65999999,169905.25000035],[150842.08,169906.57000035],[150839.27837901,169908.24553036],[150837.92258799,169911.42111634],[150833.11761701,169922.63849434],[150828.595841,169933.07360035],[150827.001529,169936.80533334],[150825.245893,169940.91537634],[150824.97536042,169941.84420303],[150824.84247899,169942.80245634],[150824.78581903,169943.56083359],[150824.81849101,169944.32062234],[150825.0959008,169945.94871525],[150825.662307,169947.50011035],[150826.14060321,169948.27507085]]]},"geometry_name":"GEOM","properties":{"INSPIRE_ID":"https://databrussels.be/id/streetsurface/30159","TYPE":"S","STREET_ID":"https://databrussels.be/id/streetname/1138","STRNAMEFRE":"Chaussée d'Etterbeek","STRNAMEDUT":"Steenweg op Etterbeek","MUNNISCODE":"21005","HIERARCHY":"IDR","LVL":0,"ADMIN":"REGION_RBC","AREA":1748},"bbox":[150813.21723046,169713.99599539,150853.14000001,169949.98734192]},{"type":"Feature","id":"StreetSurfaces.fid-6b1d3889_1a02c238f6c_-eab","geometry":{"type":"Polygon","coordinates":[[[150844.74010348,169829.72868804],[150845.5114814,169855.62297067],[150839.91020405,169891.52587541],[150822.15263758,169930.41751009],[150824.40699999,169925.09200036],[150826.70699999,169919.75500034],[150827.88900001,169917.09800035],[150829.03399999,169914.50300034],[150830.14100001,169911.94000036],[150831.029,169909.78700034],[150831.91700001,169907.58700034],[150833.39000001,169903.92000035],[150832.53,169901.36000034],[150833.35,169899.38000034],[150834.15999999,169897.40000035],[150834.90999999,169895.39000036],[150835.72000001,169892.74000036],[150836.42,169890.04000035],[150837.05,169887.34000036],[150837.83,169883.57000035],[150838.49000001,169879.77000035],[150839.12000001,169875.97000035],[150839.62000001,169872.85000035],[150840.10999999,169869.73000034],[150840.55999999,169866.61000034],[150840.90999999,169864.16000034],[150841.24000001,169861.71000034],[150841.52000001,169859.26000034],[150841.72000001,169857.05000035],[150841.89000001,169854.84000035],[150842.00999999,169852.62000035],[150842.07000001,169850.61000034],[150842.09000001,169848.60000035],[150842.08,169846.58000034],[150842.05,169843.61000034],[150841.98,169840.65000035],[150841.88,169837.68000034],[150841.75999999,169835.12000035],[150841.60999999,169832.57000035],[150841.47000001,169830.02000035],[150840.89000001,169818.47000035],[150839.55999999,169788.06000034],[150838.56800799,169765.07359134],[150838.33055,169759.674169],[150837.786611,169748.273331],[150837.43956103,169741.8902972],[150836.95461931,169731.26154227],[150838.80780714,169729.21832105],[150838.68052581,169723.33125095],[150844.74010348,169829.72868804]]]},"geometry_name":"GEOM","properties":{"INSPIRE_ID":"https://databrussels.be/id/streetsurface/30161","TYPE":"S","STREET_ID":"https://databrussels.be/id/streetname/133","STRNAMEFRE":"Chaussée d'Etterbeek","STRNAMEDUT":"Etterbeeksesteenweg","MUNNISCODE":"21004","HIERARCHY":"IDR","LVL":0,"ADMIN":"REGION_RBC","AREA":521},"bbox":[150822.15263758,169723.33125095,150845.5114814,169930.41751009]},{"type":"Feature","id":"StreetSurfaces.fid-6b1d3889_1a02c238f6c_-e9c","geometry":{"type":"Polygon","coordinates":[[[150759.91492691,169555.88523506],[150759.30899999,169553.64100035],[150758.49400001,169550.72500035],[150757.447,169546.82800034],[150757.18399999,169545.85100035],[150756.95999999,169544.87100035],[150756.71300001,169543.89000036],[150753.43740046,169529.9779034],[150763.01082504,169527.2019287],[150764.76400001,169534.76800035],[150769.21003547,169553.75408646],[150765.24000001,169554.66400036],[150759.91492691,169555.88523506]]]},"geometry_name":"GEOM","properties":{"INSPIRE_ID":"https://databrussels.be/id/streetsurface/30165","TYPE":"I","STREET_ID":"https://databrussels.be/id/streetname/2170","STRNAMEFRE":"Chaussée de Wavre","STRNAMEDUT":"Steenweg op Waver","MUNNISCODE":"21005","HIERARCHY":"IDR","LVL":0,"ADMIN":"REGION_RBC","AREA":266},"bbox":[150753.43740046,169527.2019287,150769.21003547,169555.88523506]},{"type":"Feature","id":"StreetSurfaces.fid-6b1d3889_1a02c238f6c_-e44","geometry":{"type":"Polygon","coordinates":[[[150750.9686687,169519.50129587],[150760.09858542,169514.43988592],[150760.40899999,169515.78600034],[150761.05499999,169518.69400035],[150761.16300001,169519.16500036],[150761.352,169520.04300036],[150761.73299999,169521.70400035],[150762.654,169525.66200034],[150763.01082504,169527.2019287],[150753.43740046,169529.9779034],[150750.9686687,169519.50129587]]]},"geometry_name":"GEOM","properties":{"INSPIRE_ID":"https://databrussels.be/id/streetsurface/30240","TYPE":"S","STREET_ID":"https://databrussels.be/id/streetname/2170","STRNAMEFRE":"Chaussée de Wavre","STRNAMEDUT":"Steenweg op Waver","MUNNISCODE":"21005","HIERARCHY":"IDR","LVL":0,"ADMIN":"REGION_RBC","AREA":119},"bbox":[150750.9686687,169514.43988592,150763.01082504,169529.9779034]},{"type":"Feature","id":"StreetSurfaces.fid-6b1d3889_1a02c238f6c_-ed9","geometry":{"type":"Polygon","coordinates":[[[150937.82382748,169843.42556373],[150941.029,169842.64400035],[150944.66511623,169841.75772994],[150944.62820552,169841.97173084],[150944.59306535,169842.48824033],[150944.61115036,169843.00562782],[150944.68226934,169843.51842307],[150946.74269605,169852.14198913],[150948.58559001,169851.74262434],[150956.910253,169885.66103934],[150955.17367201,169886.09250234],[150955.68058901,169888.17633335],[150957.41658001,169887.74372336],[150966.58080201,169924.87412735],[150964.82823701,169925.31492635],[150965.74616399,169928.96449334],[150965.93637455,169929.49727172],[150959.27754171,169930.59014079],[150959.27438831,169930.31340631],[150959.193857,169929.80450834],[150958.50554299,169926.88539335],[150956.75721099,169927.29764234],[150947.61958499,169890.17034134],[150949.33524499,169889.75042035],[150948.841853,169887.66029335],[150947.08987999,169888.10645934],[150938.71431799,169854.07828535],[150940.31641593,169853.69049184],[150937.82382748,169843.42556373]]]},"geometry_name":"GEOM","properties":{"INSPIRE_ID":"https://databrussels.be/id/streetsurface/30403","TYPE":"S","STREET_ID":"https://databrussels.be/id/streetname/436","STRNAMEFRE":"Rue Froissart","STRNAMEDUT":"Froissartstraat","MUNNISCODE":"21005","HIERARCHY":"IDR","LVL":0,"ADMIN":"MUN_RE_RBC","AREA":852},"bbox":[150937.82382748,169841.75772994,150966.58080201,169930.59014079]},{"type":"Feature","id":"StreetSurfaces.fid-6b1d3889_1a02c238f6c_-f0e","geometry":{"type":"Polygon","coordinates":[[[150952.503,169931.70200034],[150856.2709101,169947.97331788],[150855.888415,169948.02764136],[150853.74594274,169948.39844416],[150846.75999999,169949.32000035],[150839.57611985,169950.33851377],[150839.29000001,169948.06000034],[150952.503,169931.70200034]]]},"geometry_name":"GEOM","properties":{"INSPIRE_ID":"https://databrussels.be/id/streetsurface/30405","TYPE":"SW","STREET_ID":"https://databrussels.be/id/streetname/4433","STRNAMEFRE":"Rue Belliard","STRNAMEDUT":"Belliardstraat","MUNNISCODE":"21005","HIERARCHY":"MAR","LVL":0,"ADMIN":"REGION_RBC","AREA":154},"bbox":[150839.29000001,169931.70200034,150952.503,169950.33851377]},{"type":"Feature","id":"StreetSurfaces.fid-6b1d3889_1a02c238f6c_-e72","geometry":{"type":"Polygon","coordinates":[[[150707.38438458,169497.6161152],[150713.29000001,169498.27000035],[150714.521,169498.40900034],[150717.53,169498.70900034],[150727.51500001,169499.68600034],[150733.21800001,169500.23700034],[150733.603,169500.26500036],[150736.56900001,169500.53300034],[150738.89560268,169500.75228299],[150737.81500001,169506.15600034],[150737.65599623,169506.95174483],[150735.99500001,169506.78500034],[150733.024,169506.48900036],[150731.501,169508.15600034],[150731.13800001,169508.12900034],[150714.696,169506.49300035],[150712.78243659,169506.30259835],[150711.95999999,169504.67000035],[150711.25,169504.62000035],[150710.53,169504.56000034],[150709.80999999,169504.53000034],[150709.15,169504.48000034],[150708.49000001,169504.46000034],[150707.88,169504.59000036],[150707.57000001,169504.75000035],[150707.28,169504.95000035],[150707.02000001,169505.18000034],[150706.72000001,169505.49000036],[150706.51663327,169505.77158505],[150706.91400001,169502.03400034],[150707.38438458,169497.6161152]]]},"geometry_name":"GEOM","properties":{"INSPIRE_ID":"https://databrussels.be/id/streetsurface/30409","TYPE":"S","STREET_ID":"https://databrussels.be/id/streetname/3845","STRNAMEFRE":"Chaussée de Wavre","STRNAMEDUT":"Waverse Steenweg","MUNNISCODE":"21009","HIERARCHY":"IDR","LVL":0,"ADMIN":"REGION_RBC","AREA":235},"bbox":[150706.51663327,169497.6161152,150738.89560268,169508.15600034]},{"type":"Feature","id":"StreetSurfaces.fid-6b1d3889_1a02c238f6c_-f07","geometry":{"type":"Polygon","coordinates":[[[150840.41712971,169957.03302482],[150848.29625218,169955.87467316],[150866.9207211,169953.26641394],[150952.81254311,169941.03489915],[150953.46404231,169944.5720075],[150948.12556307,169945.25416762],[150840.8330107,169960.34337453],[150840.41712971,169957.03302482]]]},"geometry_name":"GEOM","properties":{"INSPIRE_ID":"https://databrussels.be/id/streetsurface/30410","TYPE":"M","STREET_ID":"https://databrussels.be/id/streetname/1550","STRNAMEFRE":"Rue Belliard","STRNAMEDUT":"Belliardstraat","MUNNISCODE":"21004","HIERARCHY":"MAR","LVL":0,"ADMIN":"REGION_RBC","AREA":390},"bbox":[150840.41712971,169941.03489915,150953.46404231,169960.34337453]},{"type":"Feature","id":"StreetSurfaces.fid-6b1d3889_1a02c238f6c_-f0d","geometry":{"type":"Polygon","coordinates":[[[151015.84718723,169931.97071012],[151015.95999999,169932.76300036],[151016.36211367,169935.58910278],[151002.01612406,169937.66665911],[150992.10753961,169938.88193594],[150977.54283791,169941.03733257],[150976.87767832,169937.39150208],[151015.84718723,169931.97071012]]]},"geometry_name":"GEOM","properties":{"INSPIRE_ID":"https://databrussels.be/id/streetsurface/30411","TYPE":"M","STREET_ID":"https://databrussels.be/id/streetname/1550","STRNAMEFRE":"Rue Belliard","STRNAMEDUT":"Belliardstraat","MUNNISCODE":"21004","HIERARCHY":"MAR","LVL":0,"ADMIN":"REGION_RBC","AREA":144},"bbox":[150976.87767832,169931.97071012,151016.36211367,169941.03733257]},{"type":"Feature","id":"StreetSurfaces.fid-6b1d3889_1a02c238f6c_-eb3","geometry":{"type":"Polygon","coordinates":[[[150812.56692538,169673.46561293],[150807.85899999,169665.08600034],[150796.19200001,169644.27900034],[150796.05899999,169644.04100036],[150795.16400001,169642.50400034],[150793.597,169643.38300034],[150790.03800001,169637.32200035],[150788.86500001,169635.43600034],[150790.38399999,169634.50000035],[150789.501,169632.90100035],[150787.91099999,169633.90700034],[150784.68499999,169628.73200034],[150786.221,169627.81500036],[150785.273,169626.26700035],[150782.59000001,169621.36100034],[150780.43235638,169617.50336722],[150794.31210959,169628.05542203],[150809.53369257,169649.73097435],[150812.56692538,169673.46561293]]]},"geometry_name":"GEOM","properties":{"INSPIRE_ID":"https://databrussels.be/id/streetsurface/30412","TYPE":"S","STREET_ID":"https://databrussels.be/id/streetname/1861","STRNAMEFRE":"Avenue du Maelbeek","STRNAMEDUT":"Maalbeeklaan","MUNNISCODE":"21004","HIERARCHY":"IDR","LVL":0,"ADMIN":"REGION_RBC","AREA":386},"bbox":[150780.43235638,169617.50336722,150812.56692538,169673.46561293]},{"type":"Feature","id":"StreetSurfaces.fid-6b1d3889_1a02c238f6c_-e41","geometry":{"type":"Polygon","coordinates":[[[150681.97999892,169555.26000031],[150681.86999903,169554.94000069],[150681.67999914,169554.64000088],[150681.44999924,169554.38000103],[150681.21669266,169554.21296572],[150681.31037481,169553.4024265],[150681.42267005,169552.4276174],[150689.14949434,169555.69374427],[150688.22000058,169557.93000163],[150687.16999965,169557.54000129],[150681.96999893,169555.40000123],[150681.97999892,169555.26000031]]]},"geometry_name":"GEOM","properties":{"INSPIRE_ID":"https://databrussels.be/id/streetsurface/30418","TYPE":"S","STREET_ID":"https://databrussels.be/id/streetname/648","STRNAMEFRE":"Rue Jenner","STRNAMEDUT":"Jennerstraat","MUNNISCODE":"21004","HIERARCHY":"DR","LVL":0,"ADMIN":"MUN_RBC","AREA":19},"bbox":[150681.21669266,169552.4276174,150689.14949434,169557.93000163]},{"type":"Feature","id":"StreetSurfaces.fid-6b1d3889_1a02c238f6c_-ea7","geometry":{"type":"Polygon","coordinates":[[[150838.40405079,169715.84398654],[150838.29061482,169715.00847233],[150838.13967907,169714.17891214],[150837.95154962,169713.35698817],[150837.72660795,169712.54436713],[150837.43447412,169711.65253279],[150837.09739547,169710.77669683],[150836.71624311,169709.91912261],[150836.29200204,169709.08202634],[150835.93299909,169708.44903684],[150835.5489849,169707.83090099],[150835.14057311,169707.22860651],[150834.70841631,169706.64311584],[150834.25320507,169706.07536453],[150833.77566677,169705.5262598],[150830.24414708,169701.23437832],[150824.82319212,169694.65685474],[150824.6170016,169694.37536145],[150824.41290455,169694.09234661],[150824.21091219,169693.8078258],[150824.10496864,169693.65622704],[150832.20781448,169689.30951094],[150832.26360912,169689.40089886],[150832.668144,169689.96427438],[150833.11355239,169690.49592446],[150833.59735544,169690.99289029],[150834.11686065,169691.4524061],[150834.66917678,169691.87191453],[150835.24250296,169692.24165615],[150835.84104078,169692.56901566],[150836.46166277,169692.85228255],[150837.10112604,169693.08997668],[150837.75608928,169693.28085606],[150838.42313016,169693.4239233],[150839.01575546,169693.52609114],[150839.61419979,169693.58531436],[150840.21535529,169693.6012854],[150840.81610001,169693.57392132],[150841.41331413,169693.50336422],[150842.00389618,169693.38998053],[150842.50266425,169693.24162883],[150842.98977011,169693.05858323],[150843.4628038,169692.84174933],[150843.91942499,169692.59219993],[150844.35737454,169692.31116967],[150844.77448569,169692.00004896],[150845.4212257,169691.52073205],[150848.23694378,169698.19177619],[150846.33106568,169699.87082498],[150845.6360485,169700.58166203],[150845.06315481,169701.31458272],[150844.57195858,169702.10458663],[150844.16809784,169702.94260598],[150843.85620819,169703.81902184],[150843.63986952,169704.72377458],[150843.57513671,169705.5213332],[150843.56726451,169706.32147576],[150843.61629275,169707.12015361],[150843.72197337,169707.91332554],[150843.88377161,169708.69697815],[150844.10086881,169709.46714625],[150844.32882921,169710.1412407],[150844.56023499,169710.81416019],[150844.79508008,169711.48588711],[150845.03335835,169712.15640388],[150845.21750231,169712.89506601],[150845.37629236,169713.63959033],[150845.43965479,169713.99599539],[150838.47975695,169716.68376049],[150838.40405079,169715.84398654]]]},"geometry_name":"GEOM","properties":{"INSPIRE_ID":"https://databrussels.be/id/streetsurface/30451","TYPE":"I","STREET_ID":"https://databrussels.be/id/streetname/1748","STRNAMEFRE":"Avenue du Maelbeek","STRNAMEDUT":"Maelbeeklaan","MUNNISCODE":"21005","HIERARCHY":"IDR","LVL":0,"ADMIN":"REGION_RBC","AREA":312},"bbox":[150824.10496864,169689.30951094,150848.23694378,169716.68376049]},{"type":"Feature","id":"StreetSurfaces.fid-6b1d3889_1a02c238f6c_-e46","geometry":{"type":"Polygon","coordinates":[[[150685.63999906,169547.29],[150690.58999908,169535.85999996],[150692.09999907,169532.35999996],[150702.25799909,169509.69299995],[150702.49713483,169508.57993163],[150705.97706361,169508.44030823],[150705.96008718,169509.42500185],[150703.68400097,169518.1620006],[150695.72000091,169537.21200074],[150691.01500092,169548.18600074],[150691.74953091,169549.42855982],[150689.14949358,169555.69374613],[150681.42267065,169552.42761845],[150681.25763135,169552.35786891],[150682.53403566,169549.79347607],[150682.76796161,169549.33887097],[150683.16999991,169549.29999935],[150683.57999992,169549.26999935],[150683.96999979,169549.18999938],[150684.34999967,169549.04999942],[150684.69999955,169548.86999947],[150685.00999939,169548.63999955],[150685.27999919,169548.24999978],[150685.63999906,169547.29]]]},"geometry_name":"GEOM","properties":{"INSPIRE_ID":"https://databrussels.be/id/streetsurface/31753","TYPE":"S","STREET_ID":"https://databrussels.be/id/streetname/738","STRNAMEFRE":"Rue Jenner","STRNAMEDUT":"Jennerstraat","MUNNISCODE":"21009","HIERARCHY":"DR","LVL":0,"ADMIN":"MUN_RBC","AREA":260},"bbox":[150681.25763135,169508.44030823,150705.97706361,169555.69374613]},{"type":"Feature","id":"StreetSurfaces.fid-6b1d3889_1a02c238f6c_-ec5","geometry":{"type":"Polygon","coordinates":[[[150895.09000001,169507.21000034],[150868.45,169456.55000035],[150873.04000001,169453.65000035],[150897.96700001,169501.31800036],[150895.09000001,169507.21000034]]]},"geometry_name":"GEOM","properties":{"INSPIRE_ID":"https://databrussels.be/id/streetsurface/38281","TYPE":"S","STREET_ID":"https://databrussels.be/id/streetname/1449","STRNAMEFRE":"Clos des Etangs","STRNAMEDUT":"Vijversgaarde","MUNNISCODE":"21005","HIERARCHY":"DR","LVL":0,"ADMIN":"MUN_RBC","AREA":297},"bbox":[150868.45,169453.65000035,150897.96700001,169507.21000034]},{"type":"Feature","id":"StreetSurfaces.fid-6b1d3889_1a02c238f6c_-ea0","geometry":{"type":"Polygon","coordinates":[[[150874.07,169584.28],[150877.42944813,169571.20822173],[150877.74909438,169571.40469541],[150878.72798553,169571.95961099],[150879.94211292,169572.6514332],[150881.16996178,169573.31859917],[150882.41103148,169573.96083689],[150883.66481598,169574.57788447],[150883.9879766,169574.73381424],[150884.31185006,169574.88825793],[150884.63642955,169575.04121229],[150884.9617082,169575.19267408],[150892.36000514,169578.31260528],[150898.46807881,169580.87510792],[150899.28350117,169581.28390812],[150900.0457812,169581.78486758],[150900.74455024,169582.37117215],[150901.37030352,169583.03484682],[150901.91452941,169583.76686417],[150902.36982528,169584.55726716],[150902.64301913,169585.1664614],[150902.86326092,169585.79673598],[150903.0289457,169586.44349796],[150903.13886609,169587.10203422],[150903.19222107,169587.76754585],[150903.18862183,169588.43518314],[150902.96695278,169592.89627011],[150902.58846049,169599.69539935],[150902.5695531,169600.07112813],[150902.46925101,169601.52648047],[150902.13007988,169608.71165817],[150901.60393718,169618.7143592],[150901.42878682,169622.01266249],[150901.09370348,169628.69538874],[150900.58109661,169638.58896319],[150899.92497446,169651.20192423],[150899.71047766,169655.07298244],[150899.05010061,169668.20811504],[150899.0473508,169673.3502226],[150899.07140416,169674.10090184],[150899.05770455,169674.85184139],[150899.05696597,169675.33932744],[150899.02905008,169675.8260141],[150898.97404373,169676.31038741],[150898.89211801,169676.7909406],[150898.78352779,169677.26617882],[150898.64861086,169677.73462372],[150898.43736938,169678.20887016],[150898.18716651,169678.66376705],[150897.89975893,169679.09612053],[150897.57716454,169679.50289505],[150897.22164828,169679.88123464],[150896.83570624,169680.22848295],[150896.29306288,169680.62887444],[150895.71004389,169680.96779037],[150895.09358413,169681.24119944],[150894.45101623,169681.44584951],[150893.78998338,169681.57930632],[150893.11834838,169681.63998243],[150890.52306021,169681.64519763],[150885.3171733,169681.64916696],[150877.59662712,169681.66467544],[150866.95802721,169681.66128529],[150866.1061552,169681.61119715],[150865.25283232,169681.60529776],[150864.40034921,169681.64360296],[150863.55099425,169681.72600992],[150862.70704745,169681.85229744],[150861.87077427,169682.02212651],[150861.14635956,169682.22134803],[150860.4288654,169682.44421124],[150859.71906312,169682.69047654],[150859.38362737,169682.81932466],[150852.45999999,169674.35000035],[150875.14,169586.101],[150874.07,169584.28]]]},"geometry_name":"GEOM","properties":{"INSPIRE_ID":"https://databrussels.be/id/streetsurface/38447","TYPE":"P","STREET_ID":"https://databrussels.be/id/streetname/652","STRNAMEFRE":"Place Jourdan","STRNAMEDUT":"Jourdanplein","MUNNISCODE":"21005","HIERARCHY":"DR","LVL":0,"ADMIN":"MUN_RE_RBC","AREA":3846},"bbox":[150852.45999999,169571.20822173,150903.19222107,169682.81932466]},{"type":"Feature","id":"StreetSurfaces.fid-6b1d3889_1a02c238f6c_-e73","geometry":{"type":"Polygon","coordinates":[[[150707.38438458,169497.6161152],[150706.91400001,169502.03400034],[150706.51663327,169505.77158505],[150706.25999999,169506.23000034],[150706.12000001,169506.70000035],[150706.05999999,169507.20000035],[150706.02000001,169507.70000035],[150705.98,169508.27000035],[150705.97706363,169508.44030923],[150703.61700001,169508.53500034],[150702.49713581,169508.57993185],[150702.53299999,169508.41300036],[150702.451,169507.10600034],[150702.01800001,169505.87100035],[150701.26600001,169504.79900035],[150700.22057061,169503.95779993],[150700.51300001,169500.99800035],[150700.92009718,169496.87828673],[150704.70999999,169497.32000035],[150707.38438458,169497.6161152]]]},"geometry_name":"GEOM","properties":{"INSPIRE_ID":"https://databrussels.be/id/streetsurface/3927","TYPE":"I","STREET_ID":"https://databrussels.be/id/streetname/3845","STRNAMEFRE":"Chaussée de Wavre","STRNAMEDUT":"Waverse Steenweg","MUNNISCODE":"21009","HIERARCHY":"IDR","LVL":0,"ADMIN":"REGION_RBC","AREA":64},"bbox":[150700.22057061,169496.87828673,150707.38438458,169508.57993185]},{"type":"Feature","id":"StreetSurfaces.fid-6b1d3889_1a02c238f6c_-ef0","geometry":{"type":"Polygon","coordinates":[[[150773.78257003,169975.43542975],[150799.147,169966.94200035],[150806.077,169964.91800035],[150806.81600001,169964.81300036],[150807.748,169965.13600034],[150808.71500001,169965.65300034],[150809.4,169966.14600035],[150809.879,169966.82900034],[150810.79400001,169969.46300036],[150811.73465214,169972.39928113],[150811.16850326,169972.44646353],[150732.92,169998.26000034],[150732.57374065,169997.20341464],[150731.1715368,169992.91949428],[150730.81742106,169991.84413089],[150729.42,169987.58000034],[150729.22268801,169986.98941504],[150738.90999999,169983.80100035],[150741.25999999,169983.04100035],[150745.12000001,169981.80100035],[150757.54000001,169977.84100036],[150759.89200001,169977.02000035],[150763.37825501,169978.66269716],[150773.78257003,169975.43542975]]]},"geometry_name":"GEOM","properties":{"INSPIRE_ID":"https://databrussels.be/id/streetsurface/41042","TYPE":"P","STREET_ID":"https://databrussels.be/id/streetname/1550","STRNAMEFRE":"Rue Belliard","STRNAMEDUT":"Belliardstraat","MUNNISCODE":"21004","HIERARCHY":"MAR","LVL":0,"ADMIN":"REGION_RBC","AREA":834},"bbox":[150729.22268801,169964.81300036,150811.73465214,169998.26000034]},{"type":"Feature","id":"StreetSurfaces.fid-6b1d3889_1a02c238f6c_-efa","geometry":{"type":"Polygon","coordinates":[[[150804.51829968,169956.26143552],[150805.16400001,169956.03500034],[150805.95799999,169955.71500036],[150806.73599999,169955.36000034],[150807.498,169954.96900035],[150808.24100001,169954.54500035],[150808.96400001,169954.08700034],[150809.66500001,169953.59700035],[150810.34400001,169953.07600035],[150810.998,169952.52400035],[150811.627,169951.94400035],[150812.228,169951.33500034],[150812.802,169950.7],[150813.00340726,169950.45564561],[150810.62794759,169955.65824522],[150826.62122912,169952.96536726],[150828.67560108,169952.61951319],[150831.1711498,169952.19934009],[150832.27618301,169952.51811434],[150833.24091547,169952.65715908],[150834.215306,169952.63255736],[150838.85155001,169952.03577634],[150838.69525003,169950.93251466],[150839.63092768,169950.77497553],[150840.41712971,169957.03302482],[150838.74318407,169957.27912046],[150839.22485137,169960.5695398],[150840.8330107,169960.34337453],[150841.45857532,169965.32277445],[150840.725739,169965.42422134],[150840.50469501,169963.82743434],[150839.84000001,169963.92000035],[150833.201388,169964.84197334],[150828.721837,169965.47067934],[150827.80738499,169965.85683836],[150826.94402127,169966.32181484],[150826.20969,169966.97170535],[150825.25810296,169968.27928304],[150824.54127278,169969.72891463],[150824.07371917,169971.37095345],[150811.73465214,169972.39928113],[150810.79400001,169969.46300036],[150809.879,169966.82900034],[150809.4,169966.14600035],[150808.71500001,169965.65300034],[150808.21093957,169965.38350786],[150804.51829968,169956.26143552]]]},"geometry_name":"GEOM","properties":{"INSPIRE_ID":"https://databrussels.be/id/streetsurface/42401","TYPE":"I","STREET_ID":"https://databrussels.be/id/streetname/1550","STRNAMEFRE":"Rue Belliard","STRNAMEDUT":"Belliardstraat","MUNNISCODE":"21004","HIERARCHY":"MAR","LVL":0,"ADMIN":"REGION_RBC","AREA":494},"bbox":[150804.51829968,169950.45564561,150841.45857532,169972.39928113]},{"type":"Feature","id":"StreetSurfaces.fid-6b1d3889_1a02c238f6c_-eff","geometry":{"type":"Polygon","coordinates":[[[150826.14060321,169948.27507085],[150826.49884932,169948.8555199],[150827.53453221,169950.06560215],[150828.74454401,169951.10136734],[150830.4388206,169951.98808156],[150831.1711498,169952.19934009],[150828.67560108,169952.61951319],[150826.62122912,169952.96536726],[150810.62794759,169955.65824522],[150813.21723046,169949.98734192],[150826.14060321,169948.27507085]]]},"geometry_name":"GEOM","properties":{"INSPIRE_ID":"https://databrussels.be/id/streetsurface/42428","TYPE":"I","STREET_ID":"https://databrussels.be/id/streetname/4433","STRNAMEFRE":"Rue Belliard","STRNAMEDUT":"Belliardstraat","MUNNISCODE":"21005","HIERARCHY":"MAR","LVL":0,"ADMIN":"REGION_RBC","AREA":81},"bbox":[150810.62794759,169948.27507085,150831.1711498,169955.65824522]},{"type":"Feature","id":"StreetSurfaces.fid-6b1d3889_1a02c238f6c_-e9d","geometry":{"type":"Polygon","coordinates":[[[150771.31400046,169496.44500124],[150768.68500047,169497.85100123],[150763.47600048,169500.60500123],[150762.70200045,169501.00800125],[150761.28085873,169502.06689521],[150760.10400076,169503.39200102],[150759.82200086,169503.86300086],[150759.3079263,169505.27302813],[150758.99100099,169506.74000055],[150758.94782217,169507.75290476],[150759.007001,169508.76500029],[150759.253001,169510.77300023],[150760.09858639,169514.4398857],[150750.9686687,169519.50129587],[150750.62999902,169518.06900057],[150750.24399903,169516.51000058],[150749.35599906,169514.16400069],[150748.82269442,169513.00424181],[150748.19099913,169511.89500085],[150747.41136758,169510.85530757],[150746.50399928,169509.92500104],[150745.52199428,169509.1909249],[150744.45499952,169508.58700122],[150743.2661588,169508.08415913],[150742.0369997,169507.69000131],[150740.83172603,169507.36140877],[150740.07121682,169507.22891885],[150743.16366901,169500.39664308],[150743.35851119,169499.71552328],[150743.92881906,169499.28948745],[150744.82399924,169498.2029997],[150745.49801016,169496.89431647],[150745.86599903,169495.46900009],[150747.13208933,169486.52530946],[150752.70834491,169477.75273317],[150759.62105665,169479.7286647],[150759.17100096,169481.50500061],[150759.01400096,169482.12800058],[150758.86700096,169482.69800059],[150758.12900097,169485.70800058],[150758.08566787,169486.67929615],[150758.32083066,169487.62268957],[150758.81500087,169488.45999984],[150759.47781005,169489.15791916],[150760.28993275,169489.67450806],[150761.20300031,169489.97899939],[150762.17430246,169490.06745788],[150763.13974021,169489.92895624],[150764.04699962,169489.57099942],[150764.22199953,169489.47799946],[150766.86999953,169488.05899946],[150766.04499912,169486.49800083],[150770.35954285,169484.22896184],[150775.6667706,169494.16142606],[150771.76800046,169496.21000124],[150771.31400046,169496.44500124]]]},"geometry_name":"GEOM","properties":{"INSPIRE_ID":"https://databrussels.be/id/streetsurface/42430","TYPE":"I","STREET_ID":"https://databrussels.be/id/streetname/2170","STRNAMEFRE":"Chaussée de Wavre","STRNAMEDUT":"Steenweg op Waver","MUNNISCODE":"21005","HIERARCHY":"IDR","LVL":0,"ADMIN":"REGION_RBC","AREA":663},"bbox":[150740.07121682,169477.75273317,150775.6667706,169519.50129587]},{"type":"Feature","id":"StreetSurfaces.fid-6b1d3889_1a02c238f6c_-ef1","geometry":{"type":"Polygon","coordinates":[[[150754.123,170047.22200035],[150752.802,170043.10200034],[150751.45599999,170038.90000035],[150748.801,170031.10400034],[150745.05799999,170019.55100035],[150742.65,170011.45400034],[150740.88499999,170006.25400034],[150739.101,170000.92900034],[150732.92,169998.26000034],[150811.16850326,169972.44646353],[150811.73465214,169972.39928113],[150820.577,170000.00100035],[150822.91800001,170007.06200034],[150823.823,170009.99500035],[150824.21700001,170011.46600036],[150824.427,170012.46200033],[150824.63199999,170013.18900036],[150824.75699999,170013.91000034],[150824.83399999,170014.63500034],[150824.849,170015.18700033],[150824.78800001,170015.84500035],[150824.73299999,170016.71700035],[150824.66600001,170017.38000034],[150824.58399999,170017.95200034],[150824.46300001,170018.63500034],[150824.34500001,170019.20100035],[150824.129,170019.80700034],[150823.946,170020.36100034],[150823.576,170021.16800035],[150823.21199999,170021.95900034],[150822.798,170022.56700035],[150822.41700001,170023.12200035],[150821.95999999,170023.71800035],[150821.425,170024.22100035],[150820.99300001,170024.65700034],[150820.475,170025.11300036],[150819.979,170025.50500034],[150819.45599999,170025.91200034],[150818.821,170026.31200034],[150818.23499999,170026.67500035],[150817.71500001,170026.97600035],[150817.16900001,170027.21600035],[150816.55799999,170027.46700036],[150816.024,170027.65400034],[150815.19400001,170027.90500034],[150813.06300001,170028.62800034],[150804.10799999,170031.57700034],[150794.777,170034.62500035],[150782.41400001,170038.68300034],[150775.401,170040.99600035],[150771.72000001,170042.31400036],[150769.09300001,170043.42900034],[150767.03199999,170044.41100034],[150764.677,170045.60100035],[150762.18499999,170046.96600036],[150759.91600001,170048.42000035],[150758.81099999,170049.27100035],[150758,170049.90100035],[150755.57000001,170051.41100034],[150751.65,170054.21100034],[150748.04000001,170057.20100035],[150745.55999999,170059.60100034],[150743.32000001,170062.01100034],[150740.62000001,170065.13100034],[150738.55999999,170067.81100034],[150735.62000001,170071.87100035],[150733.54000001,170075.26100034],[150732.49000001,170077.30100035],[150731.69000001,170078.84100036],[150727.88,170086.15100035],[150726.00999999,170090.15100035],[150723.77000001,170094.44100035],[150722.94000001,170096.03000034],[150721.51900001,170099.37800034],[150720.93861306,170100.56533839],[150717.03,170098.59800035],[150721.70999999,170089.30000035],[150730.42,170072.30000034],[150732.63,170068.93000034],[150740.77000001,170058.53000034],[150743.85999999,170055.28000034],[150749.35999999,170050.51000034],[150753.84000001,170047.42000035],[150754.123,170047.22200035]]]},"geometry_name":"GEOM","properties":{"INSPIRE_ID":"https://databrussels.be/id/streetsurface/42460","TYPE":"P","STREET_ID":"https://databrussels.be/id/streetname/5903","STRNAMEFRE":"Place Jean Rey","STRNAMEDUT":"Jean Reyplein","MUNNISCODE":"21004","HIERARCHY":"IDR","LVL":0,"ADMIN":"REGION_RBC","AREA":4460},"bbox":[150717.03,169972.39928113,150824.849,170100.56533839]},{"type":"Feature","id":"StreetSurfaces.fid-6b1d3889_1a02c238f6c_-f1a","geometry":{"type":"Polygon","coordinates":[[[150972.84932325,169993.66286873],[150978.00999999,169992.39300035],[150981.95964615,169991.42112571],[150984.03984394,170000.00400034],[150986.22015393,170009.01157097],[150977.90833538,170011.10852655],[150977.56433699,170009.70099734],[150977.493114,170009.40957435],[150977.17890921,170008.46055113],[150976.77543099,170007.54590634],[150976.54628747,170007.07408861],[150976.27821701,170006.62324835],[150975.68067391,170005.80991317],[150974.973858,170005.08950836],[150974.15741189,170004.51760329],[150973.241488,170004.12422935],[150971.71599109,170003.89338476],[150970.175932,170003.98637935],[150966.95205779,170004.45468272],[150967.72253232,169999.11697921],[150968.79436646,169998.849163],[150969.73500071,169998.41905924],[150970.584956,169997.82968835],[150971.46033013,169996.87120348],[150972.12253599,169995.75475534],[150972.61004372,169994.60681185],[150972.84932325,169993.66286873]]]},"geometry_name":"GEOM","properties":{"INSPIRE_ID":"https://databrussels.be/id/streetsurface/4300","TYPE":"I","STREET_ID":"https://databrussels.be/id/streetname/4110","STRNAMEFRE":"Rue Froissart","STRNAMEDUT":"Froissartstraat","MUNNISCODE":"21004","HIERARCHY":"IDR","LVL":0,"ADMIN":"MUN_RE_RBC","AREA":217},"bbox":[150966.95205779,169991.42112571,150986.22015393,170011.10852655]},{"type":"Feature","id":"StreetSurfaces.fid-6b1d3889_1a02c238f6c_-ef4","geometry":{"type":"Polygon","coordinates":[[[150628.29611745,170021.82336077],[150656.37000001,170012.55100035],[150695.21099999,170000.00100035],[150729.76459119,169988.63149575],[150730.81742106,169991.84413089],[150731.1715368,169992.91949428],[150731.60761781,169994.25178009],[150732.57374065,169997.20341464],[150724.07000001,170000.00100035],[150722.20999999,170000.61100034],[150712.29000001,170003.88100034],[150702.35999999,170007.14100036],[150693.17999999,170010.16100034],[150684,170013.19100036],[150674.82000001,170016.21100034],[150663.39000001,170019.92100035],[150651.95,170023.63100034],[150640.54000001,170027.41100034],[150634.80999999,170029.36100033],[150631.17939465,170030.60921895],[150628.29611745,170021.82336077]]]},"geometry_name":"GEOM","properties":{"INSPIRE_ID":"https://databrussels.be/id/streetsurface/43526","TYPE":"A","STREET_ID":"https://databrussels.be/id/streetname/1562","STRNAMEFRE":"Tunnel Belliard","STRNAMEDUT":"Belliard Tunnel","MUNNISCODE":"21004","HIERARCHY":"MER","LVL":0,"ADMIN":"REGION_RBC","AREA":971},"bbox":[150628.29611745,169988.63149575,150732.57374065,170030.60921895]},{"type":"Feature","id":"StreetSurfaces.fid-6b1d3889_1a02c238f6c_-edd","geometry":{"type":"Polygon","coordinates":[[[150937.82382748,169843.42556373],[150937.62837557,169842.62065756],[150936.97232253,169839.84357597],[150934.46148055,169829.46945411],[150932.47120189,169821.42472934],[150935.78299999,169820.62200035],[150938.88048823,169819.87090539],[150939.56639357,169822.64868606],[150939.70237677,169823.2557689],[150939.87130296,169823.85452173],[150940.07266817,169824.44315833],[150940.3058717,169825.01992268],[150940.59355044,169825.68228573],[150940.93107744,169826.32068951],[150941.31647284,169826.93138931],[150941.74747601,169827.51080292],[150942.22155879,169828.05553164],[150942.73594032,169828.56238024],[150943.28213799,169828.99067839],[150943.86437989,169829.36852171],[150944.47801931,169829.69289474],[150945.11815898,169829.96120875],[150945.77969012,169830.1713224],[150946.45733325,169830.32155884],[150947.16815063,169830.39488217],[150947.88268319,169830.40387586],[150948.59512091,169830.34846677],[150949.29967079,169830.22910545],[150949.990604,169830.04676246],[150950.6623024,169829.80292045],[150951.1317202,169829.60000938],[150951.58792555,169829.36891922],[150952.02922877,169829.11050589],[150952.45399537,169828.82572649],[150952.86065213,169828.51563576],[150953.24769289,169828.18138222],[150953.73902481,169827.7703708],[150953.82666522,169827.67698116],[150954.63022225,169826.948918],[150953.47554709,169825.60478208],[150953.70156829,169825.43085634],[150953.97027636,169825.18645076],[150956.45419674,169823.04145745],[150961.02171925,169828.33549145],[150958.32862806,169830.64113465],[150958.05057706,169830.88173114],[150956.96353852,169829.66606936],[150946.66588545,169838.49941427],[150946.1998704,169838.8830735],[150945.78311859,169839.31974541],[150945.42162022,169839.80315347],[150945.1205713,169840.3263494],[150944.88429899,169840.881813],[150944.71619934,169841.46156031],[150944.66511623,169841.75772994],[150941.029,169842.64400035],[150937.82382748,169843.42556373]]]},"geometry_name":"GEOM","properties":{"INSPIRE_ID":"https://databrussels.be/id/streetsurface/4443","TYPE":"I","STREET_ID":"https://databrussels.be/id/streetname/436","STRNAMEFRE":"Rue Froissart","STRNAMEDUT":"Froissartstraat","MUNNISCODE":"21005","HIERARCHY":"IDR","LVL":0,"ADMIN":"MUN_RE_RBC","AREA":275},"bbox":[150932.47120189,169819.87090539,150961.02171925,169843.42556373]},{"type":"Feature","id":"StreetSurfaces.fid-6b1d3889_1a02c238f6c_-f1d","geometry":{"type":"Polygon","coordinates":[[[150841.72241132,170022.23927501],[150842.512657,170022.65539535],[150843.60766978,170023.09573389],[150844.76646197,170023.31967968],[150845.94669526,170023.31905049],[150847.105248,170023.09386934],[150849.36732299,170022.33442434],[150848.74363699,170020.45249135],[150851.582655,170019.50121335],[150874.00547199,170012.05181235],[150877.78083201,170010.80411335],[150881.68424158,170009.68701886],[150885.67205901,170008.92424835],[150889.111433,170008.47213034],[150892.24570301,170008.00108834],[150914.75940499,170004.83761035],[150940.988643,170001.07960135],[150948.60542462,170000.00400034],[150949.74224801,169999.84644934],[150949.76579847,170000.00400034],[150950.010921,170001.64385234],[150959.038836,170000.37071635],[150961.11775501,170000.07269534],[150962.10891099,169999.93251435],[150965.09642999,169999.50998234],[150967.72253232,169999.11697921],[150966.95205779,170004.45468272],[150965.82974999,170004.61771034],[150950.22000001,170006.77000035],[150928.85999999,170009.86000034],[150912.668399,170012.16723334],[150893.428844,170014.89763035],[150884.77000001,170016.13000034],[150883.67999999,170016.27000035],[150877.27000001,170018.28000034],[150867.28,170021.59000036],[150847.3,170028.13000034],[150843.957917,170029.26087531],[150843.051,170026.41200033],[150841.72241132,170022.23927501]]]},"geometry_name":"GEOM","properties":{"INSPIRE_ID":"https://databrussels.be/id/streetsurface/5049","TYPE":"S","STREET_ID":"https://databrussels.be/id/streetname/5751","STRNAMEFRE":"Rue Juste Lipse","STRNAMEDUT":"Justus Lipsiusstraat","MUNNISCODE":"21004","HIERARCHY":"DR","LVL":0,"ADMIN":"REGION_RBC","AREA":842},"bbox":[150841.72241132,169999.11697921,150967.72253232,170029.26087531]},{"type":"Feature","id":"StreetSurfaces.fid-6b1d3889_1a02c238f6c_-e5f","geometry":{"type":"Polygon","coordinates":[[[150523.45320695,169875.41293365],[150525.85418773,169874.44399689],[150529.85750819,169872.06305375],[150533.47971402,169869.8649691],[150534.62313824,169873.16838089],[150531.78443596,169874.11985962],[150529.80490154,169875.62772989],[150528.22044765,169877.13157271],[150526.79160938,169879.15292008],[150523.45320695,169875.41293365]]]},"geometry_name":"GEOM","properties":{"INSPIRE_ID":"https://databrussels.be/id/streetsurface/51786","TYPE":"S","STREET_ID":"https://databrussels.be/id/streetname/3949","STRNAMEFRE":"Parc Leopold","STRNAMEDUT":"Park Leopold","MUNNISCODE":"21004","HIERARCHY":"T","LVL":0,"ADMIN":"UNKNOWN","AREA":36},"bbox":[150523.45320695,169869.8649691,150534.62313824,169879.15292008]},{"type":"Feature","id":"StreetSurfaces.fid-6b1d3889_1a02c238f6c_-e58","geometry":{"type":"Polygon","coordinates":[[[150559.4801253,169885.47939608],[150566.89199125,169884.16120414],[150565.44584708,169887.18628759],[150564.3126279,169889.73070458],[150562.87313327,169893.01085661],[150561.37238356,169897.79313433],[150560.14728175,169902.72869018],[150558.95280748,169906.49933223],[150557.78896076,169909.25833861],[150556.34180925,169911.08234838],[150553.98348826,169912.31623734],[150548.17066145,169914.53532932],[150543.20899912,169916.37466691],[150538.89051523,169918.09138199],[150537.14474516,169918.82711702],[150536.88201824,169912.15137537],[150538.87102056,169912.48115905],[150542.237611,169912.36322733],[150544.31159075,169911.99091233],[150546.97618718,169911.10189916],[150552.36162551,169909.26667696],[150553.50547979,169908.75455406],[150554.39805397,169907.76606651],[150555.44570292,169906.24824781],[150556.41072123,169903.28049146],[150557.66645058,169897.85444558],[150558.64653203,169893.80790289],[150559.35096557,169890.89561838],[150559.68786857,169887.5541551],[150559.4801253,169885.47939608]]]},"geometry_name":"GEOM","properties":{"INSPIRE_ID":"https://databrussels.be/id/streetsurface/51787","TYPE":"S","STREET_ID":"https://databrussels.be/id/streetname/3949","STRNAMEFRE":"Parc Leopold","STRNAMEDUT":"Park Leopold","MUNNISCODE":"21004","HIERARCHY":"T","LVL":0,"ADMIN":"UNKNOWN","AREA":185},"bbox":[150536.88201824,169884.16120414,150566.89199125,169918.82711702]},{"type":"Feature","id":"StreetSurfaces.fid-6b1d3889_1a02c238f6c_-e95","geometry":{"type":"Polygon","coordinates":[[[150538.75,169860.23],[150540.07229313,169864.07105571],[150541.68023926,169865.73412344],[150533.47971402,169869.8649691],[150534.06929426,169866.9680124],[150534.57387776,169863.93218724],[150535.48,169861.45],[150537.01,169860.92],[150538.75,169860.23]]]},"geometry_name":"GEOM","properties":{"INSPIRE_ID":"https://databrussels.be/id/streetsurface/51788","TYPE":"S","STREET_ID":"https://databrussels.be/id/streetname/3949","STRNAMEFRE":"Parc Leopold","STRNAMEDUT":"Park Leopold","MUNNISCODE":"21004","HIERARCHY":"T","LVL":0,"ADMIN":"UNKNOWN","AREA":40},"bbox":[150533.47971402,169860.23,150541.68023926,169869.8649691]},{"type":"Feature","id":"StreetSurfaces.fid-6b1d3889_1a02c238f6c_-e5e","geometry":{"type":"Polygon","coordinates":[[[150555.87050722,169870.84391659],[150557.57465445,169872.74417299],[150558.89617811,169874.03686126],[150560.45132479,169875.54225058],[150562.15716161,169877.07820497],[150558.64352397,169882.64398594],[150557.79580447,169879.81268434],[150556.74899152,169877.78944853],[150555.49326217,169876.28732284],[150553.46209098,169874.40091506],[150555.87050722,169870.84391659]]]},"geometry_name":"GEOM","properties":{"INSPIRE_ID":"https://databrussels.be/id/streetsurface/51789","TYPE":"S","STREET_ID":"https://databrussels.be/id/streetname/3949","STRNAMEFRE":"Parc Leopold","STRNAMEDUT":"Park Leopold","MUNNISCODE":"21004","HIERARCHY":"T","LVL":0,"ADMIN":"UNKNOWN","AREA":41},"bbox":[150553.46209098,169870.84391659,150562.15716161,169882.64398594]},{"type":"Feature","id":"StreetSurfaces.fid-6b1d3889_1a02c238f6c_-e67","geometry":{"type":"Polygon","coordinates":[[[150568.77900826,169880.19357093],[150567.68830743,169876.92647631],[150569.1584296,169875.82287376],[150571.33499667,169871.83748459],[150572.97918565,169869.38614539],[150573.89515808,169866.44938139],[150577.33473036,169869.74908587],[150576.50091441,169870.44230752],[150575.38521348,169871.45932262],[150573.88940199,169873.68944421],[150571.21523657,169877.10807232],[150569.95474578,169878.91909202],[150568.77900826,169880.19357093]]]},"geometry_name":"GEOM","properties":{"INSPIRE_ID":"https://databrussels.be/id/streetsurface/51790","TYPE":"S","STREET_ID":"https://databrussels.be/id/streetname/3949","STRNAMEFRE":"Parc Leopold","STRNAMEDUT":"Park Leopold","MUNNISCODE":"21004","HIERARCHY":"T","LVL":0,"ADMIN":"UNKNOWN","AREA":40},"bbox":[150567.68830743,169866.44938139,150577.33473036,169880.19357093]},{"type":"Feature","id":"StreetSurfaces.fid-6b1d3889_1a02c238f6c_-e8c","geometry":{"type":"Polygon","coordinates":[[[150588.93749047,169862.291784],[150590.14740822,169861.86251827],[150589.53671482,169866.88290399],[150587.16881871,169866.91627092],[150584.68975445,169867.48319079],[150581.07117456,169863.41906971],[150583.31918257,169863.03435759],[150583.52133853,169862.99976169],[150586.1528782,169862.76626075],[150588.93749047,169862.291784]]]},"geometry_name":"GEOM","properties":{"INSPIRE_ID":"https://databrussels.be/id/streetsurface/51791","TYPE":"S","STREET_ID":"https://databrussels.be/id/streetname/3949","STRNAMEFRE":"Parc Leopold","STRNAMEDUT":"Park Leopold","MUNNISCODE":"21004","HIERARCHY":"T","LVL":0,"ADMIN":"UNKNOWN","AREA":32},"bbox":[150581.07117456,169861.86251827,150590.14740822,169867.48319079]},{"type":"Feature","id":"StreetSurfaces.fid-6b1d3889_1a02c238f6c_-e62","geometry":{"type":"Polygon","coordinates":[[[150658.63195062,169932.56423064],[150657.463366,169933.10112812],[150652.79480775,169929.23785669],[150652.76785746,169928.32083971],[150652.3826424,169927.04568343],[150651.5233165,169925.82983674],[150650.18987976,169924.41617907],[150646.83165028,169922.893213],[150639.47051442,169919.75773422],[150628.64842527,169914.38038167],[150617.41945401,169907.71219037],[150610.20253281,169902.87449277],[150605.8202333,169899.8276794],[150600.57179641,169895.40183743],[150596.63887826,169891.53986678],[150590.35658341,169885.47376199],[150583.66277131,169877.13961833],[150579.71510689,169871.06894993],[150578.6378033,169870.21721666],[150578.25284873,169870.07892119],[150583.72270675,169868.39379763],[150583.48563753,169868.61703053],[150587.31047953,169874.49882417],[150593.68521619,169882.43570234],[150599.77663122,169888.31749598],[150603.60147322,169892.07334011],[150608.55960174,169896.25437415],[150612.73859578,169899.15983848],[150619.82163652,169903.90779238],[150630.80034966,169910.42737087],[150641.35408036,169915.67137966],[150648.50795151,169918.71857396],[150652.2619631,169920.13587363],[150657.64507406,169921.62403829],[150661.75323769,169921.76576826],[150666.35721417,169921.05711842],[150670.60703861,169919.07289888],[150677.69007935,169915.5296497],[150682.08156461,169913.19110524],[150683.9231552,169912.12813048],[150685.05644172,169910.71083081],[150685.14163372,169910.45513004],[150688.90849635,169918.65389786],[150659.12,169932.34],[150658.63195062,169932.56423064]]]},"geometry_name":"GEOM","properties":{"INSPIRE_ID":"https://databrussels.be/id/streetsurface/51792","TYPE":"S","STREET_ID":"https://databrussels.be/id/streetname/3949","STRNAMEFRE":"Parc Leopold","STRNAMEDUT":"Park Leopold","MUNNISCODE":"21004","HIERARCHY":"T","LVL":0,"ADMIN":"UNKNOWN","AREA":721},"bbox":[150578.25284873,169868.39379763,150688.90849635,169933.10112812]},{"type":"Feature","id":"StreetSurfaces.fid-6b1d3889_1a02c238f6c_-e6e","geometry":{"type":"Polygon","coordinates":[[[150601.36674187,169868.38897685],[150602.01636979,169863.04851838],[150603.41863251,169863.88090017],[150606.27240131,169864.90428345],[150608.87727918,169865.2293446],[150613.01723006,169864.86116933],[150616.50934858,169864.2428321],[150621.75328636,169862.49399956],[150623.82226196,169861.42869366],[150623.37503852,169867.70242462],[150620.17578855,169868.33357059],[150617.69672429,169868.68789551],[150611.67613967,169869.1839504],[150606.00970708,169869.04222043],[150602.53901711,169868.61703053],[150601.36674187,169868.38897685]]]},"geometry_name":"GEOM","properties":{"INSPIRE_ID":"https://databrussels.be/id/streetsurface/51793","TYPE":"S","STREET_ID":"https://databrussels.be/id/streetname/3949","STRNAMEFRE":"Parc Leopold","STRNAMEDUT":"Park Leopold","MUNNISCODE":"21004","HIERARCHY":"T","LVL":0,"ADMIN":"UNKNOWN","AREA":102},"bbox":[150601.36674187,169861.42869366,150623.82226196,169869.1839504]},{"type":"Feature","id":"StreetSurfaces.fid-6b1d3889_1a02c238f6c_-e6b","geometry":{"type":"Polygon","coordinates":[[[150660.91459788,169869.27091545],[150654.29676146,169876.72001711],[150654.03272328,169876.48304371],[150649.85372925,169873.15238948],[150646.87885214,169871.38076489],[150641.22273943,169868.68292972],[150641.56333235,169863.90503085],[150648.75875099,169867.62582671],[150651.78608299,169868.9355823],[150653.66793802,169869.5904601],[150655.63161284,169869.67231982],[150658.08620636,169869.67231982],[150660.54079987,169869.42674065],[150660.91459788,169869.27091545]]]},"geometry_name":"GEOM","properties":{"INSPIRE_ID":"https://databrussels.be/id/streetsurface/51794","TYPE":"S","STREET_ID":"https://databrussels.be/id/streetname/3949","STRNAMEFRE":"Parc Leopold","STRNAMEDUT":"Park Leopold","MUNNISCODE":"21004","HIERARCHY":"T","LVL":0,"ADMIN":"UNKNOWN","AREA":90},"bbox":[150641.22273943,169863.90503085,150660.91459788,169876.72001711]},{"type":"Feature","id":"StreetSurfaces.fid-6b1d3889_1a02c238f6c_-e59","geometry":{"type":"Polygon","coordinates":[[[150693.18369367,169898.96196185],[150685.42265165,169905.94554009],[150683.78149438,169903.48260248],[150681.30243013,169901.00232805],[150676.91094487,169897.03388897],[150666.49578822,169887.52207936],[150671.80937774,169881.54105082],[150672.87,169882.35],[150681.81,169889.23],[150681.21,169890],[150693.18369367,169898.96196185]]]},"geometry_name":"GEOM","properties":{"INSPIRE_ID":"https://databrussels.be/id/streetsurface/51795","TYPE":"S","STREET_ID":"https://databrussels.be/id/streetname/3949","STRNAMEFRE":"Parc Leopold","STRNAMEDUT":"Park Leopold","MUNNISCODE":"21004","HIERARCHY":"T","LVL":0,"ADMIN":"UNKNOWN","AREA":236},"bbox":[150666.49578822,169881.54105082,150693.18369367,169905.94554009]},{"type":"Feature","id":"StreetSurfaces.fid-6b1d3889_1a02c238f6c_-e88","geometry":{"type":"Polygon","coordinates":[[[150600.836807,169861.81216708],[150592.099344,169860.74931827],[150593.25751642,169859.88149957],[150594.51483741,169857.96135145],[150595.6432024,169854.74261913],[150596.57813338,169851.42040942],[150596.86828438,169848.96907023],[150596.82917903,169847.18892307],[150596.54535114,169845.39901311],[150596.31224713,169843.92674299],[150598.36268966,169843.84840148],[150601.85422982,169843.38856708],[150605.0548083,169842.56852907],[150603.61430351,169844.14213243],[150602.70148773,169845.72081891],[150601.82892378,169848.34048795],[150600.84446571,169851.57815635],[150600.30711264,169855.2627649],[150600.67010375,169859.51822831],[150600.836807,169861.81216708]]]},"geometry_name":"GEOM","properties":{"INSPIRE_ID":"https://databrussels.be/id/streetsurface/51796","TYPE":"S","STREET_ID":"https://databrussels.be/id/streetname/3949","STRNAMEFRE":"Parc Leopold","STRNAMEDUT":"Park Leopold","MUNNISCODE":"21004","HIERARCHY":"T","LVL":0,"ADMIN":"UNKNOWN","AREA":101},"bbox":[150592.099344,169842.56852907,150605.0548083,169861.81216708]},{"type":"Feature","id":"StreetSurfaces.fid-6b1d3889_1a02c238f6c_-e81","geometry":{"type":"Polygon","coordinates":[[[150628.4608394,169840.71083364],[150631.87613881,169840.1645649],[150637.66474487,169838.9996511],[150642.01385629,169837.6331223],[150640.24949346,169841.7581537],[150638.85855713,169844.95068296],[150637.54944059,169848.47065112],[150636.73124275,169853.7096735],[150636.89488232,169857.47522084],[150638.44945821,169860.91332928],[150639.2519709,169861.6945336],[150625.13208831,169860.68799658],[150627.04443841,169859.47369818],[150629.18012951,169857.0805589],[150630.92810877,169854.13515672],[150631.40820274,169851.64997363],[150631.34047262,169848.42843999],[150630.50396492,169845.11486253],[150628.4608394,169840.71083364]]]},"geometry_name":"GEOM","properties":{"INSPIRE_ID":"https://databrussels.be/id/streetsurface/51797","TYPE":"S","STREET_ID":"https://databrussels.be/id/streetname/3949","STRNAMEFRE":"Parc Leopold","STRNAMEDUT":"Park Leopold","MUNNISCODE":"21004","HIERARCHY":"T","LVL":0,"ADMIN":"UNKNOWN","AREA":181},"bbox":[150625.13208831,169837.6331223,150642.01385629,169861.6945336]},{"type":"Feature","id":"StreetSurfaces.fid-6b1d3889_1a02c238f6c_-e90","geometry":{"type":"Polygon","coordinates":[[[150580.32308408,169800.41512924],[150574.57099066,169806.74955002],[150574.18814814,169804.89334635],[150574.18814814,169800.26483089],[150573.3418744,169796.87811226],[150572.26992766,169793.20916707],[150571.31081742,169789.76600313],[150571.36723567,169787.50819071],[150572.32634591,169784.7423705],[150577.4604066,169779.26717538],[150584.62552427,169771.19549598],[150588.17987398,169766.56698052],[150593.82169892,169760.75311354],[150597.99664937,169756.91483243],[150602.51010932,169753.5281138],[150611.98837521,169747.94002806],[150613.51166794,169746.92401247],[150610.57058155,169752.93267216],[150610.42463177,169752.97776689],[150607.74734527,169754.3250167],[150603.087541,169757.2110656],[150598.26923998,169760.73141095],[150595.02751698,169763.93678175],[150586.86307108,169774.81641229],[150582.58957852,169780.10998591],[150579.94408312,169783.12325089],[150577.70558702,169785.36283973],[150575.75199042,169787.60242856],[150575.20643024,169788.83542828],[150575.97152499,169792.11092023],[150576.97033152,169794.55777883],[150577.86252328,169796.808752],[150578.75471504,169798.43876706],[150579.7244887,169799.95235246],[150580.32308408,169800.41512924]]]},"geometry_name":"GEOM","properties":{"INSPIRE_ID":"https://databrussels.be/id/streetsurface/51799","TYPE":"S","STREET_ID":"https://databrussels.be/id/streetname/3949","STRNAMEFRE":"Parc Leopold","STRNAMEDUT":"Park Leopold","MUNNISCODE":"21004","HIERARCHY":"T","LVL":0,"ADMIN":"UNKNOWN","AREA":282},"bbox":[150571.31081742,169746.92401247,150613.51166794,169806.74955002]},{"type":"Feature","id":"StreetSurfaces.fid-6b1d3889_1a02c238f6c_-e7f","geometry":{"type":"Polygon","coordinates":[[[150638.55095864,169761.68580858],[150638.19443852,169760.92196016],[150645.50455542,169760.94395272],[150657.13622427,169778.48192624],[150634.5559987,169775.2800199],[150638.55095864,169761.68580858]]]},"geometry_name":"GEOM","properties":{"INSPIRE_ID":"https://databrussels.be/id/streetsurface/51800","TYPE":"S","STREET_ID":"https://databrussels.be/id/streetname/3949","STRNAMEFRE":"Parc Leopold","STRNAMEDUT":"Park Leopold","MUNNISCODE":"21004","HIERARCHY":"T","LVL":0,"ADMIN":"UNKNOWN","AREA":228},"bbox":[150634.5559987,169760.92196016,150657.13622427,169778.48192624]},{"type":"Feature","id":"StreetSurfaces.fid-6b1d3889_1a02c238f6c_-e83","geometry":{"type":"Polygon","coordinates":[[[150622.62506171,169751.8350093],[150628.2420732,169740.35941626],[150629.53847003,169743.2136905],[150631.82012844,169746.27554831],[150634.4129221,169748.76655128],[150635.85791659,169749.68680292],[150635.83434014,169757.52338915],[150635.01898762,169756.745148],[150632.97226805,169755.3292732],[150629.87748526,169753.62606289],[150627.67440619,169752.62417447],[150624.5700675,169752.07313584],[150622.62506171,169751.8350093]]]},"geometry_name":"GEOM","properties":{"INSPIRE_ID":"https://databrussels.be/id/streetsurface/51801","TYPE":"S","STREET_ID":"https://databrussels.be/id/streetname/3949","STRNAMEFRE":"Parc Leopold","STRNAMEDUT":"Park Leopold","MUNNISCODE":"21004","HIERARCHY":"T","LVL":0,"ADMIN":"UNKNOWN","AREA":102},"bbox":[150622.62506171,169740.35941626,150635.85791659,169757.52338915]},{"type":"Feature","id":"StreetSurfaces.fid-6b1d3889_1a02c238f6c_-e3c","geometry":{"type":"Polygon","coordinates":[[[150676.93,169636.79],[150676.22393024,169647.08333118],[150674.18958163,169646.6408656],[150672.7743826,169646.02141378],[150671.65098058,169645.53972074],[150669.81642182,169650.50149124],[150648.32308649,169695.63298089],[150633.28659676,169726.16310624],[150630.36774875,169732.18063819],[150627.79890356,169737.37638607],[150620.05525315,169733.58606576],[150669.27,169633.04],[150676.93,169636.79]]]},"geometry_name":"GEOM","properties":{"INSPIRE_ID":"https://databrussels.be/id/streetsurface/51802","TYPE":"S","STREET_ID":"https://databrussels.be/id/streetname/3949","STRNAMEFRE":"Parc Leopold","STRNAMEDUT":"Park Leopold","MUNNISCODE":"21004","HIERARCHY":"T","LVL":0,"ADMIN":"UNKNOWN","AREA":973},"bbox":[150620.05525315,169633.04,150676.93,169737.37638607]},{"type":"Feature","id":"StreetSurfaces.fid-6b1d3889_1a02c238f6c_-e36","geometry":{"type":"Polygon","coordinates":[[[150683.24228114,169683.6787073],[150694.18555316,169684.01989546],[150692.5721473,169688.60041803],[150688.74719726,169699.65566774],[150685.34724167,169711.34872033],[150682.79727497,169716.87634519],[150677.05984992,169727.71899395],[150671.95991653,169734.7348255],[150668.34746372,169738.34904175],[150661.97254699,169744.08926757],[150655.38513303,169750.04209434],[150647.65580845,169755.99063102],[150647.67089544,169750.97585926],[150647.85556538,169750.85268587],[150651.59573426,169747.56579866],[150656.39730241,169743.52039903],[150660.13747128,169740.33464682],[150664.33252556,169736.28924719],[150669.84169323,169730.37285023],[150674.94651832,169723.24283338],[150677.51156657,169718.81817753],[150679.63436512,169713.59708363],[150681.58026379,169708.7299622],[150682.73011301,169704.21681323],[150684.67601168,169693.24366673],[150684.76446162,169689.52695582],[150684.14531204,169686.51818984],[150683.24228114,169683.6787073]]]},"geometry_name":"GEOM","properties":{"INSPIRE_ID":"https://databrussels.be/id/streetsurface/51803","TYPE":"S","STREET_ID":"https://databrussels.be/id/streetname/3949","STRNAMEFRE":"Parc Leopold","STRNAMEDUT":"Park Leopold","MUNNISCODE":"21004","HIERARCHY":"T","LVL":0,"ADMIN":"UNKNOWN","AREA":403},"bbox":[150647.65580845,169683.6787073,150694.18555316,169755.99063102]},{"type":"Feature","id":"StreetSurfaces.fid-6b1d3889_1a02c238f6c_-e3a","geometry":{"type":"Polygon","coordinates":[[[150679.64790517,169672.13533894],[150681.90865555,169674.14779423],[150681.69787514,169680.90836694],[150679.10366548,169677.22641256],[150677.77691639,169675.10257776],[150676.18481747,169672.1823049],[150675.03496826,169668.81956645],[150674.2389188,169664.12943125],[150673.88511904,169661.12066528],[150673.97356898,169657.31546125],[150674.50426862,169652.09436735],[150676.22393024,169647.08333118],[150679.6415592,169647.31776301],[150678.26726477,169651.12021534],[150677.51165062,169656.50256104],[150677.73599922,169662.78937805],[150678.40920699,169668.5065979],[150679.64790517,169672.13533894]]]},"geometry_name":"GEOM","properties":{"INSPIRE_ID":"https://databrussels.be/id/streetsurface/51804","TYPE":"S","STREET_ID":"https://databrussels.be/id/streetname/3949","STRNAMEFRE":"Parc Leopold","STRNAMEDUT":"Park Leopold","MUNNISCODE":"21004","HIERARCHY":"T","LVL":0,"ADMIN":"UNKNOWN","AREA":113},"bbox":[150673.88511904,169647.08333118,150681.90865555,169680.90836694]},{"type":"Feature","id":"StreetSurfaces.fid-6b1d3889_1a02c238f6c_-e3e","geometry":{"type":"Polygon","coordinates":[[[150684.65,169621.14],[150698.94121779,169622.32183108],[150698.45818238,169623.80142843],[150697.21364142,169627.83448085],[150693.93096727,169634.90621695],[150691.51134737,169638.81039187],[150687.25304084,169642.33253407],[150681.84804675,169645.25813195],[150682.40316455,169637.16543103],[150676.93,169636.79],[150679.91,169630.76],[150682.38,169625.75],[150684.65,169621.14]]]},"geometry_name":"GEOM","properties":{"INSPIRE_ID":"https://databrussels.be/id/streetsurface/51805","TYPE":"S","STREET_ID":"https://databrussels.be/id/streetname/3949","STRNAMEFRE":"Parc Leopold","STRNAMEDUT":"Park Leopold","MUNNISCODE":"21004","HIERARCHY":"T","LVL":0,"ADMIN":"UNKNOWN","AREA":290},"bbox":[150676.93,169621.14,150698.94121779,169645.25813195]},{"type":"Feature","id":"StreetSurfaces.fid-6b1d3889_1a02c238f6c_-e37","geometry":{"type":"Polygon","coordinates":[[[150712.42442806,169683.16349138],[150712.66015354,169675.60283017],[150731.16153567,169683.27234584],[150730.94,169683.82],[150736.32,169686],[150737.76387755,169686.43316327],[150738.11,169686.59],[150738.82,169686.75],[150761.426,169698.532],[150763.952,169691.605],[150766.27,169692.36],[150761.2,169708.84],[150759.77167218,169712.44037687],[150759.54036172,169714.87838702],[150759.445505,169718.21830719],[150759.45038712,169724.61058871],[150758.86426095,169733.96972888],[150756.46156793,169733.00507235],[150755.67605119,169734.96157764],[150755.68329195,169734.90300296],[150755.79385047,169727.6903777],[150755.97389785,169720.03469396],[150755.83886232,169715.21611654],[150755.25370835,169711.34324123],[150753.85834119,169703.50742375],[150752.17179289,169700.67076323],[150748.8813779,169697.64918966],[150746.07129222,169696.53849987],[150732.91658087,169691.6523723],[150722.12499133,169687.3179043],[150718.10768427,169685.6629256],[150714.32668939,169683.45628735],[150712.42442806,169683.16349138]]]},"geometry_name":"GEOM","properties":{"INSPIRE_ID":"https://databrussels.be/id/streetsurface/51806","TYPE":"S","STREET_ID":"https://databrussels.be/id/streetname/3949","STRNAMEFRE":"Parc Leopold","STRNAMEDUT":"Park Leopold","MUNNISCODE":"21004","HIERARCHY":"T","LVL":0,"ADMIN":"UNKNOWN","AREA":511},"bbox":[150712.42442806,169675.60283017,150766.27,169734.96157764]},{"type":"Feature","id":"StreetSurfaces.fid-6b1d3889_1a02c238f6c_-e35","geometry":{"type":"Polygon","coordinates":[[[150747.31603692,169755.78406446],[150742.08498186,169768.81317802],[150742.02328709,169767.08488118],[150741.53757915,169764.44689381],[150739.10903944,169760.36842649],[150734.61624098,169754.05114094],[150730.97343142,169748.21980043],[150727.33062186,169742.63143244],[150723.93066627,169736.43563315],[150721.38069958,169731.21172394],[150719.07358685,169725.86632847],[150715.79505825,169719.18458414],[150712.8808106,169712.13838102],[150709.72370898,169703.51285652],[150708.02373119,169696.83111218],[150704.89885148,169684.35391351],[150710.2936512,169684.522112],[150709.67921652,169686.13577666],[150710.572759,169690.62900984],[150715.0804465,169704.15855872],[150718.34463401,169714.57786648],[150725.33932152,169730.28458415],[150732.33400903,169743.19208481],[150737.20395899,169750.34219491],[150740.44481174,169753.62963558],[150742.965475,169755.20580576],[150745.57616194,169755.70117353],[150747.31603692,169755.78406446]]]},"geometry_name":"GEOM","properties":{"INSPIRE_ID":"https://databrussels.be/id/streetsurface/51807","TYPE":"S","STREET_ID":"https://databrussels.be/id/streetname/3949","STRNAMEFRE":"Parc Leopold","STRNAMEDUT":"Park Leopold","MUNNISCODE":"21004","HIERARCHY":"T","LVL":0,"ADMIN":"UNKNOWN","AREA":401},"bbox":[150704.89885148,169684.35391351,150747.31603692,169768.81317802]},{"type":"Feature","id":"StreetSurfaces.fid-6b1d3889_1a02c238f6c_-eb8","geometry":{"type":"Polygon","coordinates":[[[150798.9278126,169742.28357449],[150800.73052181,169747.37775165],[150797.991,169745.504],[150793.63959025,169743.06934032],[150788.47956892,169741.34849358],[150782.88954581,169740.14390086],[150777.29952271,169739.71368918],[150770.97585317,169740.23491132],[150765.60781586,169742.48181915],[150762.1693446,169744.52042642],[150764.48713532,169738.74744981],[150764.93224376,169738.53265287],[150767.95652465,169737.21958842],[150770.6979244,169736.60882317],[150773.65869822,169736.45389198],[150776.8516896,169736.3280104],[150779.72538183,169736.45056338],[150782.63777699,169736.65391056],[150785.65176733,169737.33597326],[150788.48548837,169738.16837437],[150791.20333857,169739.08401558],[150794.50358525,169740.33261723],[150798.69129321,169742.21939307],[150798.9278126,169742.28357449]]]},"geometry_name":"GEOM","properties":{"INSPIRE_ID":"https://databrussels.be/id/streetsurface/51808","TYPE":"S","STREET_ID":"https://databrussels.be/id/streetname/3949","STRNAMEFRE":"Parc Leopold","STRNAMEDUT":"Park Leopold","MUNNISCODE":"21004","HIERARCHY":"T","LVL":0,"ADMIN":"UNKNOWN","AREA":130},"bbox":[150762.1693446,169736.3280104,150800.73052181,169747.37775165]},{"type":"Feature","id":"StreetSurfaces.fid-6b1d3889_1a02c238f6c_-eaf","geometry":{"type":"Polygon","coordinates":[[[150834.52,169718.14],[150834.63897298,169722.01232602],[150833.79337461,169721.73964514],[150833.06769476,169721.75901154],[150832.286,169722.29],[150829.846,169724.684],[150826.108,169728.064],[150821.611,169732.114],[150814.028,169738.506],[150810.606,169741.759],[150809.20654787,169743.70393488],[150807.84950332,169739.86913705],[150808.16,169739.57],[150808.95,169738.76],[150809.8,169737.83],[150810.62,169736.87],[150811.96,169735.41],[150812.47,169734.9],[150814.5,169733.44],[150815.64,169732.36],[150819.622,169729.507],[150823.886,169725.74],[150827.792,169722.282],[150829.858,169720.584],[150832.424,169719.002],[150834.52,169718.14]]]},"geometry_name":"GEOM","properties":{"INSPIRE_ID":"https://databrussels.be/id/streetsurface/51809","TYPE":"S","STREET_ID":"https://databrussels.be/id/streetname/3949","STRNAMEFRE":"Parc Leopold","STRNAMEDUT":"Park Leopold","MUNNISCODE":"21004","HIERARCHY":"T","LVL":0,"ADMIN":"UNKNOWN","AREA":113},"bbox":[150807.84950332,169718.14,150834.63897298,169743.70393488]},{"type":"Feature","id":"StreetSurfaces.fid-6b1d3889_1a02c238f6c_-eb2","geometry":{"type":"Polygon","coordinates":[[[150803.43,169749.819],[150802.00440343,169748.4052035],[150808.42169638,169746.1342748],[150808.135,169748.182],[150809.466,169752.56],[150811.891,169757.693],[150817.146,169767.268],[150820.479,169775.437],[150822.565,169782.72],[150824.344,169793.339],[150827.731,169819.633],[150828.323,169825.99],[150827.889,169830.255],[150826.852,169835.956],[150825.003,169845.38],[150820.494,169861.492],[150819.229,169866.829],[150816.849,169881.274],[150816.179,169886.675],[150815.826,169891.601],[150815.494,169896.777],[150815.438,169901.076],[150815.493,169905.342],[150815.094,169909.818],[150814.737,169914.312],[150814.23,169917.143],[150812.963,169921.503],[150811.278,169925.13],[150809.554,169928.366],[150807.798,169931.262],[150805.519,169934.367],[150804.545,169935.718],[150803.359,169937.424],[150803.12444925,169937.8785302],[150799.03025975,169931.97217625],[150799.54,169931.62],[150799.14,169930.06],[150799.03,169929.28],[150799.05,169928.57],[150799.15,169927.86],[150799.33,169927.18],[150798.59,169926.64],[150801.05,169923.87],[150802.81268312,169923.53],[150804.84337725,169923.28739472],[150806.02381649,169923.34549391],[150807.0663295,169923.54001076],[150808.188,169921.042],[150809.374,169916.76],[150810.188,169912.659],[150810.508,169910.613],[150810.631,169907.293],[150810.674,169901.335],[150810.617,169896.743],[150810.639,169893.319],[150810.716,169891.387],[150811.1,169888.741],[150811.551,169885.535],[150814.157,169870.863],[150816.487,169861.004],[150818.474,169853.457],[150821.744,169840.367],[150822.947,169834.716],[150824.051,169829.461],[150824.3,169824.365],[150824.256,169821.248],[150821.553,169801.222],[150819.864,169787.843],[150818.771,169782.313],[150817.898,169779.488],[150814.782,169771.413],[150811.643,169765.284],[150807.766,169757.361],[150804.65,169751.588],[150803.43,169749.819]]]},"geometry_name":"GEOM","properties":{"INSPIRE_ID":"https://databrussels.be/id/streetsurface/51810","TYPE":"S","STREET_ID":"https://databrussels.be/id/streetname/3949","STRNAMEFRE":"Parc Leopold","STRNAMEDUT":"Park Leopold","MUNNISCODE":"21004","HIERARCHY":"T","LVL":0,"ADMIN":"UNKNOWN","AREA":865},"bbox":[150798.59,169746.1342748,150828.323,169937.8785302]},{"type":"Feature","id":"StreetSurfaces.fid-6b1d3889_1a02c238f6c_-eb9","geometry":{"type":"Polygon","coordinates":[[[150760.35953149,169849.14279541],[150759.90357601,169848.37449554],[150763.96742607,169846.61462969],[150767.30586848,169853.78596092],[150770.26376659,169861.73234229],[150771.57838797,169867.65102634],[150772.29047455,169873.29569724],[150772.07137099,169877.89911817],[150771.14018084,169883.43418381],[150768.56571397,169893.13424934],[150767.1963167,169901.02582808],[150766.10079888,169908.58859104],[150765.49826408,169914.72648561],[150765.27916051,169919.54911706],[150765.27916051,169923.60451169],[150765.308,169926.067],[150765.461,169928.231],[150766.491,169931.141],[150767.238,169933.231],[150768.30578511,169935.21377569],[150760.36708399,169934.73152818],[150760.569,169934.184],[150760.972,169932.015],[150761.079,169929.089],[150761.163,169925.546],[150760.66475671,169917.89016675],[150760.5884504,169912.96600745],[150761.12259454,169908.49990948],[150762.56287606,169899.37685465],[150764.2320765,169891.89518625],[150765.70097289,169884.41351785],[150767.10310125,169879.069469],[150767.83754945,169873.92582198],[150767.16986927,169869.45018106],[150764.83298866,169861.03330412],[150761.96196391,169852.68322778],[150760.35953149,169849.14279541]]]},"geometry_name":"GEOM","properties":{"INSPIRE_ID":"https://databrussels.be/id/streetsurface/51811","TYPE":"S","STREET_ID":"https://databrussels.be/id/streetname/3949","STRNAMEFRE":"Parc Leopold","STRNAMEDUT":"Park Leopold","MUNNISCODE":"21004","HIERARCHY":"T","LVL":0,"ADMIN":"UNKNOWN","AREA":428},"bbox":[150759.90357601,169846.61462969,150772.29047455,169935.21377569]},{"type":"Feature","id":"StreetSurfaces.fid-6b1d3889_1a02c238f6c_-e78","geometry":{"type":"Polygon","coordinates":[[[150742.18167094,169772.48316073],[150748.83978156,169775.15632365],[150748.3534102,169776.89787086],[150745.943271,169788.57083108],[150745.45028798,169795.85958089],[150747.03878882,169804.35398855],[150749.50370391,169812.90319885],[150753.66667163,169822.49365912],[150755.76152661,169828.12308241],[150750.85523534,169830.24777066],[150750.73629282,169829.33543285],[150749.58645361,169826.37017637],[150747.50484814,169820.81651874],[150745.56201638,169815.95706831],[150744.1742794,169811.30588005],[150742.71715558,169806.09932602],[150741.74573969,169800.68450984],[150741.88451339,169797.1440531],[150742.16206079,169794.02012068],[150742.16206079,169789.16067026],[150742.09267394,169783.12106759],[150742.23144763,169776.31783699],[150742.18167094,169772.48316073]]]},"geometry_name":"GEOM","properties":{"INSPIRE_ID":"https://databrussels.be/id/streetsurface/51812","TYPE":"S","STREET_ID":"https://databrussels.be/id/streetname/3949","STRNAMEFRE":"Parc Leopold","STRNAMEDUT":"Park Leopold","MUNNISCODE":"21004","HIERARCHY":"T","LVL":0,"ADMIN":"UNKNOWN","AREA":270},"bbox":[150741.74573969,169772.48316073,150755.76152661,169830.24777066]},{"type":"Feature","id":"StreetSurfaces.fid-6b1d3889_1a02c238f6c_-e79","geometry":{"type":"Polygon","coordinates":[[[150735.79519608,169866.72144461],[150730.47387772,169862.99833921],[150733.32595074,169862.16800489],[150734.39693327,169861.08869967],[150737.21576971,169857.50041082],[150740.58598808,169853.01781574],[150744.47165161,169847.70217201],[150746.85062928,169844.60799133],[150748.4366144,169841.95016947],[150749.66575286,169839.84771336],[150750.49839505,169837.54691234],[150751.01384021,169834.65107658],[150751.01934522,169834.47207632],[150755.51186384,169844.84611819],[150755.28516216,169844.80075572],[150753.41565766,169845.33516061],[150750.27756084,169847.27237832],[150747.20623204,169850.54560824],[150742.53247081,169857.09206809],[150735.79519608,169866.72144461]]]},"geometry_name":"GEOM","properties":{"INSPIRE_ID":"https://databrussels.be/id/streetsurface/51813","TYPE":"S","STREET_ID":"https://databrussels.be/id/streetname/3949","STRNAMEFRE":"Parc Leopold","STRNAMEDUT":"Park Leopold","MUNNISCODE":"21004","HIERARCHY":"T","LVL":0,"ADMIN":"UNKNOWN","AREA":152},"bbox":[150730.47387772,169834.47207632,150755.51186384,169866.72144461]},{"type":"Feature","id":"StreetSurfaces.fid-6b1d3889_1a02c238f6c_-e5d","geometry":{"type":"Polygon","coordinates":[[[150702.47135478,169898.68833347],[150695.95348537,169897.5653119],[150701.73,169889.84],[150700.83,169889.14],[150709.47,169877.59],[150710.55,169878.29],[150714.63312669,169872.83481049],[150719.38679374,169876.39285825],[150718.48387585,169876.87529575],[150716.9455709,169877.64482369],[150715.2499393,169878.81660487],[150714.32863196,169880.09085672],[150713.53682697,169881.56242048],[150712.26073309,169884.34321464],[150711.47409988,169885.98720615],[150711.01960069,169886.73924482],[150706.41277092,169891.32738993],[150703.23318889,169895.1096237],[150702.85859602,169895.86723405],[150702.62853523,169896.71887451],[150702.47135478,169898.68833347]]]},"geometry_name":"GEOM","properties":{"INSPIRE_ID":"https://databrussels.be/id/streetsurface/51814","TYPE":"S","STREET_ID":"https://databrussels.be/id/streetname/3949","STRNAMEFRE":"Parc Leopold","STRNAMEDUT":"Park Leopold","MUNNISCODE":"21004","HIERARCHY":"T","LVL":0,"ADMIN":"UNKNOWN","AREA":161},"bbox":[150695.95348537,169872.83481049,150719.38679374,169898.68833347]},{"type":"Feature","id":"StreetSurfaces.fid-6b1d3889_1a02c238f6c_-e5a","geometry":{"type":"Polygon","coordinates":[[[150721.63147115,169878.07296529],[150725.49346102,169880.96360619],[150724.63864212,169882.14229709],[150718.36244847,169891.49438259],[150714.53361835,169897.15950111],[150711.92490167,169892.99748656],[150714.95842658,169889.53041582],[150719.60264309,169881.05523161],[150721.63147115,169878.07296529]]]},"geometry_name":"GEOM","properties":{"INSPIRE_ID":"https://databrussels.be/id/streetsurface/51815","TYPE":"S","STREET_ID":"https://databrussels.be/id/streetname/3949","STRNAMEFRE":"Parc Leopold","STRNAMEDUT":"Park Leopold","MUNNISCODE":"21004","HIERARCHY":"T","LVL":0,"ADMIN":"UNKNOWN","AREA":82},"bbox":[150711.92490167,169878.07296529,150725.49346102,169897.15950111]},{"type":"Feature","id":"StreetSurfaces.fid-6b1d3889_1a02c238f6c_-e7a","geometry":{"type":"Polygon","coordinates":[[[150722.85444727,169861.85085992],[150717.96,169868.39],[150716.28,169867.09],[150717.43,169865.55],[150713.13,169862.33],[150712.11,169863.9],[150712.06,169863.99],[150704.89,169858.62],[150698.66,169866.66],[150697.73,169865.96],[150697.3,169866.51],[150691.94,169862.5],[150692.09,169862.28],[150691.81,169862.07],[150699.39,169851.94],[150704.31,169851.33],[150719.6,169862.78],[150721.27364388,169860.62382503],[150722.85444727,169861.85085992]]]},"geometry_name":"GEOM","properties":{"INSPIRE_ID":"https://databrussels.be/id/streetsurface/51816","TYPE":"S","STREET_ID":"https://databrussels.be/id/streetname/3949","STRNAMEFRE":"Parc Leopold","STRNAMEDUT":"Park Leopold","MUNNISCODE":"21004","HIERARCHY":"T","LVL":0,"ADMIN":"UNKNOWN","AREA":214},"bbox":[150691.81,169851.33,150722.85444727,169868.39]},{"type":"Feature","id":"StreetSurfaces.fid-6b1d3889_1a02c238f6c_-f16","geometry":{"type":"Polygon","coordinates":[[[150747.964,169950.18],[150745.93905062,169951.29788385],[150733.00452819,169930.97524036],[150713.11972617,169899.2505093],[150714.53361835,169897.15950111],[150734.95634188,169929.74244616],[150747.964,169950.18]]]},"geometry_name":"GEOM","properties":{"INSPIRE_ID":"https://databrussels.be/id/streetsurface/51817","TYPE":"S","STREET_ID":"https://databrussels.be/id/streetname/3949","STRNAMEFRE":"Parc Leopold","STRNAMEDUT":"Park Leopold","MUNNISCODE":"21004","HIERARCHY":"T","LVL":0,"ADMIN":"UNKNOWN","AREA":143},"bbox":[150713.11972617,169897.15950111,150747.964,169951.29788385]},{"type":"Feature","id":"StreetSurfaces.fid-6b1d3889_1a02c238f6c_-f15","geometry":{"type":"Polygon","coordinates":[[[150692.28390826,169920.33708122],[150706.81703165,169913.61342355],[150708.26242329,169916.3333147],[150710.96720408,169918.28827515],[150719.98574497,169913.86687571],[150731.36013026,169932.01386626],[150738.73791444,169943.60579619],[150730.53069895,169949.40827167],[150733.642,169953.809],[150736.158,169954.023],[150738.475,169953.941],[150740.417,169953.521],[150744.631,169952.02],[150745.93905062,169951.29788385],[150749.56870311,169957.00077191],[150748.477,169958.11],[150746.898,169960.307],[150746.09,169962.344],[150745.876,169963.994],[150745.916,169964.779],[150746.335,169967.607],[150747.764,169972.296],[150747.797,169972.399],[150735.09833888,169976.65982853],[150735.006,169976.376],[150733.611,169971.865],[150729.97382949,169973.07739017],[150728.288,169967.922],[150727.43,169967.763],[150726.355,169967.711],[150719.55757529,169970.27952975],[150717.31472854,169965.42643366],[150713.78,169967.06],[150708.91,169956.54],[150705.54,169958.12],[150697.2428,169940.1659],[150693.1023,169931.2064],[150692.42,169929.73],[150695.88,169928.11],[150692.28390826,169920.33708122]]]},"geometry_name":"GEOM","properties":{"INSPIRE_ID":"https://databrussels.be/id/streetsurface/51818","TYPE":"S","STREET_ID":"https://databrussels.be/id/streetname/3949","STRNAMEFRE":"Parc Leopold","STRNAMEDUT":"Park Leopold","MUNNISCODE":"21004","HIERARCHY":"T","LVL":0,"ADMIN":"UNKNOWN","AREA":1939},"bbox":[150692.28390826,169913.61342355,150749.56870311,169976.65982853]},{"type":"Feature","id":"StreetSurfaces.fid-6b1d3889_1a02c238f6c_-f06","geometry":{"type":"Polygon","coordinates":[[[150756.814,169942.202],[150756.85040761,169942.13959486],[150761.82651717,169949.8824599],[150760.91,169950.195],[150757.906,169951.626],[150753.487,169953.954],[150751.32118685,169955.45479169],[150747.964,169950.18],[150750.175,169948.729],[150752.647,169946.691],[150754.887,169944.675],[150756.814,169942.202]]]},"geometry_name":"GEOM","properties":{"INSPIRE_ID":"https://databrussels.be/id/streetsurface/51819","TYPE":"S","STREET_ID":"https://databrussels.be/id/streetname/3949","STRNAMEFRE":"Parc Leopold","STRNAMEDUT":"Park Leopold","MUNNISCODE":"21004","HIERARCHY":"T","LVL":0,"ADMIN":"UNKNOWN","AREA":84},"bbox":[150747.964,169942.13959486,150761.82651717,169955.45479169]},{"type":"Feature","id":"StreetSurfaces.fid-6b1d3889_1a02c238f6c_-f09","geometry":{"type":"Polygon","coordinates":[[[150773.93485403,169947.28465538],[150774.71390972,169941.1802784],[150776.581,169941.779],[150778.234,169942.073],[150779.851,169942.059],[150781.644,169941.774],[150784.34,169940.949],[150789.372,169938.428],[150789.81679217,169938.13827745],[150793.86647099,169943.98041948],[150790.351,169944.634],[150783.309,169946.069],[150777.269,169946.92],[150773.93485403,169947.28465538]]]},"geometry_name":"GEOM","properties":{"INSPIRE_ID":"https://databrussels.be/id/streetsurface/51820","TYPE":"S","STREET_ID":"https://databrussels.be/id/streetname/3949","STRNAMEFRE":"Parc Leopold","STRNAMEDUT":"Park Leopold","MUNNISCODE":"21004","HIERARCHY":"T","LVL":0,"ADMIN":"UNKNOWN","AREA":94},"bbox":[150773.93485403,169938.13827745,150793.86647099,169947.28465538]},{"type":"Feature","id":"StreetSurfaces.fid-6b1d3889_1a02c238f6c_-f05","geometry":{"type":"Polygon","coordinates":[[[150799.29403593,169944.76469181],[150802.58397288,169942.48416047],[150802.915,169943.204],[150804.302,169944.998],[150806.21,169947.409],[150808.12,169949.293],[150808.34427275,169949.53508265],[150805.56017503,169952.01305373],[150800.548,169945.753],[150799.29403593,169944.76469181]]]},"geometry_name":"GEOM","properties":{"INSPIRE_ID":"https://databrussels.be/id/streetsurface/51821","TYPE":"S","STREET_ID":"https://databrussels.be/id/streetname/3949","STRNAMEFRE":"Parc Leopold","STRNAMEDUT":"Park Leopold","MUNNISCODE":"21004","HIERARCHY":"T","LVL":0,"ADMIN":"UNKNOWN","AREA":33},"bbox":[150799.29403593,169942.48416047,150808.34427275,169952.01305373]},{"type":"Feature","id":"StreetSurfaces.fid-6b1d3889_1a02c238f6c_-e7d","geometry":{"type":"Polygon","coordinates":[[[150670.99,169874.52],[150670.70175037,169875.0669352],[150662.98481121,169868.21114997],[150666.26818475,169865.49747386],[150670.1137146,169860.83146956],[150673.30468617,169857.06592222],[150676.25019839,169852.80921653],[150679.68662932,169847.7339136],[150684.67763614,169839.38422168],[150685.25037462,169836.43727159],[150684.92309549,169833.40846178],[150683.94125808,169830.78895059],[150682.55032175,169828.57873802],[150680.91392607,169826.77782407],[150679.53576128,169825.49747492],[150684.07,169811.81],[150687.59,169808.68],[150690.76,169812.26],[150691.76533277,169813.39334098],[150693.49348097,169811.86038308],[150695.10717596,169813.67954854],[150694.43304961,169816.63761457],[150695.2108877,169818.4539709],[150700.34461915,169822.19047535],[150700.30098761,169823.12053551],[150695.6,169822.9],[150694.66,169841.85],[150693.78,169841.79],[150693.01,169843.11],[150692.25,169844.43],[150691.48,169845.74],[150689.78,169848.6],[150688.05,169851.44],[150686.24,169854.23],[150684.96,169856.08],[150683.65,169857.9],[150682.34,169859.73],[150681.84,169859.46],[150680.33,169861.38],[150679.78,169861.36],[150679.17,169861.58],[150678.67,169861.24],[150676.42,169864.08],[150676.83,169864.34],[150676.86,169864.76],[150677.1,169865.7],[150675.58,169867.65],[150675.98,169867.93],[150672,169873.11],[150671.5,169873.82],[150670.99,169874.52]]]},"geometry_name":"GEOM","properties":{"INSPIRE_ID":"https://databrussels.be/id/streetsurface/51822","TYPE":"S","STREET_ID":"https://databrussels.be/id/streetname/3949","STRNAMEFRE":"Parc Leopold","STRNAMEDUT":"Park Leopold","MUNNISCODE":"21004","HIERARCHY":"T","LVL":0,"ADMIN":"UNKNOWN","AREA":710},"bbox":[150662.98481121,169808.68,150700.34461915,169875.0669352]},{"type":"Feature","id":"StreetSurfaces.fid-6b1d3889_1a02c238f6c_-e69","geometry":{"type":"Polygon","coordinates":[[[150541.68023926,169865.73412344],[150543.34178359,169871.15250541],[150537.44598113,169872.17180499],[150534.62313824,169873.16838089],[150533.47971402,169869.8649691],[150541.68023926,169865.73412344]]]},"geometry_name":"GEOM","properties":{"INSPIRE_ID":"https://databrussels.be/id/streetsurface/51823","TYPE":"I","STREET_ID":"https://databrussels.be/id/streetname/3949","STRNAMEFRE":"Parc Leopold","STRNAMEDUT":"Park Leopold","MUNNISCODE":"21004","HIERARCHY":"T","LVL":0,"ADMIN":"UNKNOWN","AREA":40},"bbox":[150533.47971402,169865.73412344,150543.34178359,169873.16838089]},{"type":"Feature","id":"StreetSurfaces.fid-6b1d3889_1a02c238f6c_-e5b","geometry":{"type":"Polygon","coordinates":[[[150563.3028537,169877.65658072],[150564.84786309,169877.92360674],[150566.64697089,169877.72352259],[150567.68830743,169876.92647631],[150568.77900826,169880.19357093],[150567.59642479,169882.78170095],[150566.89199125,169884.16120414],[150559.4801253,169885.47939608],[150559.19481978,169884.08480038],[150558.64352397,169882.64398594],[150562.15716161,169877.07820497],[150563.3028537,169877.65658072]]]},"geometry_name":"GEOM","properties":{"INSPIRE_ID":"https://databrussels.be/id/streetsurface/51824","TYPE":"I","STREET_ID":"https://databrussels.be/id/streetname/3949","STRNAMEFRE":"Parc Leopold","STRNAMEDUT":"Park Leopold","MUNNISCODE":"21004","HIERARCHY":"T","LVL":0,"ADMIN":"UNKNOWN","AREA":58},"bbox":[150558.64352397,169876.92647631,150568.77900826,169885.47939608]},{"type":"Feature","id":"StreetSurfaces.fid-6b1d3889_1a02c238f6c_-e6c","geometry":{"type":"Polygon","coordinates":[[[150577.33473036,169869.74908587],[150573.89515808,169866.44938139],[150573.84155987,169865.26913977],[150576.72778299,169863.15782047],[150578.34380903,169863.23054061],[150581.07117456,169863.41906971],[150584.68975445,169867.48319079],[150583.72270675,169868.39379763],[150578.25284873,169870.07892119],[150577.33473036,169869.74908587]]]},"geometry_name":"GEOM","properties":{"INSPIRE_ID":"https://databrussels.be/id/streetsurface/51825","TYPE":"I","STREET_ID":"https://databrussels.be/id/streetname/3949","STRNAMEFRE":"Parc Leopold","STRNAMEDUT":"Park Leopold","MUNNISCODE":"21004","HIERARCHY":"T","LVL":0,"ADMIN":"UNKNOWN","AREA":49},"bbox":[150573.84155987,169863.15782047,150584.68975445,169870.07892119]},{"type":"Feature","id":"StreetSurfaces.fid-6b1d3889_1a02c238f6c_-e89","geometry":{"type":"Polygon","coordinates":[[[150589.53671482,169866.88290399],[150590.14740822,169861.86251827],[150591.03302545,169861.54831085],[150592.099344,169860.74931827],[150600.836807,169861.81216708],[150600.87752725,169862.37250254],[150602.01636979,169863.04851838],[150601.36674187,169868.38897685],[150599.98912245,169868.12097564],[150595.81012841,169867.41232581],[150592.19777764,169866.84540594],[150589.53671482,169866.88290399]]]},"geometry_name":"GEOM","properties":{"INSPIRE_ID":"https://databrussels.be/id/streetsurface/51826","TYPE":"I","STREET_ID":"https://databrussels.be/id/streetname/3949","STRNAMEFRE":"Parc Leopold","STRNAMEDUT":"Park Leopold","MUNNISCODE":"21004","HIERARCHY":"T","LVL":0,"ADMIN":"UNKNOWN","AREA":72},"bbox":[150589.53671482,169860.74931827,150602.01636979,169868.38897685]},{"type":"Feature","id":"StreetSurfaces.fid-6b1d3889_1a02c238f6c_-e87","geometry":{"type":"Polygon","coordinates":[[[150597.98695287,169836.79991439],[150600.62092176,169837.93417257],[150603.79743574,169837.57068443],[150605.0548083,169842.56852907],[150601.85422982,169843.38856708],[150598.36268966,169843.84840148],[150596.31224713,169843.92674299],[150595.19661822,169841.81461723],[150597.98695287,169836.79991439]]]},"geometry_name":"GEOM","properties":{"INSPIRE_ID":"https://databrussels.be/id/streetsurface/51827","TYPE":"I","STREET_ID":"https://databrussels.be/id/streetname/3949","STRNAMEFRE":"Parc Leopold","STRNAMEDUT":"Park Leopold","MUNNISCODE":"21004","HIERARCHY":"T","LVL":0,"ADMIN":"UNKNOWN","AREA":49},"bbox":[150595.19661822,169836.79991439,150605.0548083,169843.92674299]},{"type":"Feature","id":"StreetSurfaces.fid-6b1d3889_1a02c238f6c_-e82","geometry":{"type":"Polygon","coordinates":[[[150623.37503852,169867.70242462],[150623.82226196,169861.42869366],[150624.58018409,169861.03844309],[150625.13208831,169860.68799658],[150639.2519709,169861.6945336],[150641.47679022,169863.86027937],[150641.56333235,169863.90503085],[150641.22273943,169868.68292972],[150640.7874371,169868.47530056],[150637.95422081,169867.27059584],[150635.12100451,169866.77454095],[150631.29616251,169866.42021603],[150628.53377662,169866.63281099],[150625.20474748,169867.34146082],[150623.37503852,169867.70242462]]]},"geometry_name":"GEOM","properties":{"INSPIRE_ID":"https://databrussels.be/id/streetsurface/51828","TYPE":"I","STREET_ID":"https://databrussels.be/id/streetname/3949","STRNAMEFRE":"Parc Leopold","STRNAMEDUT":"Park Leopold","MUNNISCODE":"21004","HIERARCHY":"T","LVL":0,"ADMIN":"UNKNOWN","AREA":102},"bbox":[150623.37503852,169860.68799658,150641.56333235,169868.68292972]},{"type":"Feature","id":"StreetSurfaces.fid-6b1d3889_1a02c238f6c_-e84","geometry":{"type":"Polygon","coordinates":[[[150626.74617997,169839.43620629],[150624.21050177,169838.26829544],[150621.2291716,169837.65092646],[150616.15031778,169829.7688275],[150632.21036337,169817.19803627],[150645.73141898,169833.24474233],[150644.10700921,169835.30333245],[150643.27682546,169836.35541187],[150642.01385629,169837.6331223],[150637.66474487,169838.9996511],[150631.87613881,169840.1645649],[150628.4608394,169840.71083364],[150626.74617997,169839.43620629]]]},"geometry_name":"GEOM","properties":{"INSPIRE_ID":"https://databrussels.be/id/streetsurface/51829","TYPE":"I","STREET_ID":"https://databrussels.be/id/streetname/3949","STRNAMEFRE":"Parc Leopold","STRNAMEDUT":"Park Leopold","MUNNISCODE":"21004","HIERARCHY":"T","LVL":0,"ADMIN":"UNKNOWN","AREA":399},"bbox":[150616.15031778,169817.19803627,150645.73141898,169840.71083364]},{"type":"Feature","id":"StreetSurfaces.fid-6b1d3889_1a02c238f6c_-e8e","geometry":{"type":"Polygon","coordinates":[[[150585.51838007,169804.01522735],[150582.48625309,169807.54062439],[150580.70985546,169809.87921074],[150580.28435135,169811.75905755],[150574.57099066,169806.74955002],[150580.32308408,169800.41512924],[150580.57788952,169800.61212046],[150581.58645412,169800.92259952],[150582.43985493,169800.88378964],[150585.51838007,169804.01522735]]]},"geometry_name":"GEOM","properties":{"INSPIRE_ID":"https://databrussels.be/id/streetsurface/51830","TYPE":"I","STREET_ID":"https://databrussels.be/id/streetname/3949","STRNAMEFRE":"Parc Leopold","STRNAMEDUT":"Park Leopold","MUNNISCODE":"21004","HIERARCHY":"T","LVL":0,"ADMIN":"UNKNOWN","AREA":61},"bbox":[150574.57099066,169800.41512924,150585.51838007,169811.75905755]},{"type":"Feature","id":"StreetSurfaces.fid-6b1d3889_1a02c238f6c_-e80","geometry":{"type":"Polygon","coordinates":[[[150634.5559987,169775.2800199],[150657.13622427,169778.48192624],[150659.84757474,169782.57004062],[150630.80900306,169778.45233211],[150631.60617033,169778.34357442],[150632.67062555,169778.02533103],[150633.99128126,169777.20166325],[150634.5559987,169775.2800199]]]},"geometry_name":"GEOM","properties":{"INSPIRE_ID":"https://databrussels.be/id/streetsurface/51831","TYPE":"I","STREET_ID":"https://databrussels.be/id/streetname/3949","STRNAMEFRE":"Parc Leopold","STRNAMEDUT":"Park Leopold","MUNNISCODE":"21004","HIERARCHY":"T","LVL":0,"ADMIN":"UNKNOWN","AREA":92},"bbox":[150630.80900306,169775.2800199,150659.84757474,169782.57004062]},{"type":"Feature","id":"StreetSurfaces.fid-6b1d3889_1a02c238f6c_-e7e","geometry":{"type":"Polygon","coordinates":[[[150635.83434014,169757.52338915],[150635.85791659,169749.68680292],[150637.26499512,169750.58290761],[150640.16892402,169752.08788857],[150642.45058244,169752.71063931],[150644.10044583,169752.69687101],[150645.73276683,169752.26857574],[150647.67089544,169750.97585926],[150647.65580845,169755.99063102],[150647.09774128,169756.42012302],[150644.76027181,169759.82173832],[150645.50455542,169760.94395272],[150638.19443852,169760.92196016],[150637.68840197,169759.83777107],[150636.73707237,169758.38503287],[150635.83434014,169757.52338915]]]},"geometry_name":"GEOM","properties":{"INSPIRE_ID":"https://databrussels.be/id/streetsurface/51832","TYPE":"I","STREET_ID":"https://databrussels.be/id/streetname/3949","STRNAMEFRE":"Parc Leopold","STRNAMEDUT":"Park Leopold","MUNNISCODE":"21004","HIERARCHY":"T","LVL":0,"ADMIN":"UNKNOWN","AREA":95},"bbox":[150635.83434014,169749.68680292,150647.67089544,169760.94395272]},{"type":"Feature","id":"StreetSurfaces.fid-6b1d3889_1a02c238f6c_-e85","geometry":{"type":"Polygon","coordinates":[[[150628.2420732,169740.35941626],[150622.62506171,169751.8350093],[150621.07736505,169751.64552521],[150618.41418173,169751.67271381],[150615.39771899,169751.91741126],[150612.27255489,169752.40680617],[150610.57058155,169752.93267216],[150613.51166794,169746.92401247],[150613.93,169746.1],[150620.05525315,169733.58606576],[150627.79890356,169737.37638607],[150628.2420732,169740.35941626]]]},"geometry_name":"GEOM","properties":{"INSPIRE_ID":"https://databrussels.be/id/streetsurface/51833","TYPE":"I","STREET_ID":"https://databrussels.be/id/streetname/3949","STRNAMEFRE":"Parc Leopold","STRNAMEDUT":"Park Leopold","MUNNISCODE":"21004","HIERARCHY":"T","LVL":0,"ADMIN":"UNKNOWN","AREA":183},"bbox":[150610.57058155,169733.58606576,150628.2420732,169752.93267216]},{"type":"Feature","id":"StreetSurfaces.fid-6b1d3889_1a02c238f6c_-e3b","geometry":{"type":"Polygon","coordinates":[[[150682.40316455,169637.16543103],[150681.84804675,169645.25813195],[150680.03036446,169646.2420012],[150679.6415592,169647.31776301],[150676.22393024,169647.08333118],[150676.93,169636.79],[150682.40316455,169637.16543103]]]},"geometry_name":"GEOM","properties":{"INSPIRE_ID":"https://databrussels.be/id/streetsurface/51834","TYPE":"I","STREET_ID":"https://databrussels.be/id/streetname/3949","STRNAMEFRE":"Parc Leopold","STRNAMEDUT":"Park Leopold","MUNNISCODE":"21004","HIERARCHY":"T","LVL":0,"ADMIN":"UNKNOWN","AREA":54},"bbox":[150676.22393024,169636.79,150682.40316455,169647.31776301]},{"type":"Feature","id":"StreetSurfaces.fid-6b1d3889_1a02c238f6c_-e38","geometry":{"type":"Polygon","coordinates":[[[150681.69787514,169680.90836694],[150681.90865555,169674.14779423],[150682.57199663,169674.73828149],[150685.04622786,169676.08852096],[150689.09496987,169676.31356087],[150696.4578967,169676.56834222],[150703.72150309,169676.02343532],[150708.48,169673.87],[150712.66015354,169675.60283017],[150712.42442806,169683.16349138],[150712.2786505,169683.14105331],[150711.25463105,169683.21986182],[150710.30938233,169684.48079797],[150710.2936512,169684.522112],[150704.89885148,169684.35391351],[150704.68448909,169683.49799508],[150703.14401645,169681.9301844],[150701.31357933,169681.39071772],[150699.17060346,169681.07685103],[150697.15898988,169681.09985008],[150695.39625744,169682.044501],[150694.4471419,169683.27723476],[150694.18555316,169684.01989546],[150683.24228114,169683.6787073],[150682.90701289,169682.6244927],[150681.69787514,169680.90836694]]]},"geometry_name":"GEOM","properties":{"INSPIRE_ID":"https://databrussels.be/id/streetsurface/51835","TYPE":"I","STREET_ID":"https://databrussels.be/id/streetname/3949","STRNAMEFRE":"Parc Leopold","STRNAMEDUT":"Park Leopold","MUNNISCODE":"21004","HIERARCHY":"T","LVL":0,"ADMIN":"UNKNOWN","AREA":226},"bbox":[150681.69787514,169673.87,150712.66015354,169684.522112]},{"type":"Feature","id":"StreetSurfaces.fid-6b1d3889_1a02c238f6c_-e77","geometry":{"type":"Polygon","coordinates":[[[150748.83978156,169775.15632365],[150742.18167094,169772.48316073],[150742.16206079,169770.97244152],[150742.08498186,169768.81317802],[150747.31603692,169755.78406446],[150747.46665937,169755.7912404],[150749.08708575,169755.38593949],[150750.30240553,169754.71043799],[150751.51772532,169753.1342678],[150752.50798588,169749.98192744],[150753.85834119,169745.1635628],[150754.97212569,169740.65603362],[150755.67605119,169734.96157764],[150756.46156793,169733.00507235],[150758.86426095,169733.96972888],[150758.75751255,169735.67426502],[150758.43246078,169738.39609208],[150758.39859572,169740.10759752],[150758.54475532,169740.63946821],[150758.82190897,169740.99603103],[150759.21469091,169741.13704262],[150759.78283005,169741.02931703],[150761.38295413,169740.24544123],[150764.48713532,169738.74744981],[150762.1693446,169744.52042642],[150761.17096869,169745.1123454],[150758.61255006,169747.96385852],[150756.78889741,169753.20534393],[150751.47563599,169765.71813432],[150748.83978156,169775.15632365]]]},"geometry_name":"GEOM","properties":{"INSPIRE_ID":"https://databrussels.be/id/streetsurface/51836","TYPE":"I","STREET_ID":"https://databrussels.be/id/streetname/3949","STRNAMEFRE":"Parc Leopold","STRNAMEDUT":"Park Leopold","MUNNISCODE":"21004","HIERARCHY":"T","LVL":0,"ADMIN":"UNKNOWN","AREA":272},"bbox":[150742.08498186,169733.00507235,150764.48713532,169775.15632365]},{"type":"Feature","id":"StreetSurfaces.fid-6b1d3889_1a02c238f6c_-eb1","geometry":{"type":"Polygon","coordinates":[[[150800.73052181,169747.37775165],[150798.9278126,169742.28357449],[150801.31,169742.93],[150801.99,169742.87],[150803.33,169742.69],[150804.43,169742.29],[150805.48,169741.73],[150806.47,169741.07],[150807.34,169740.36],[150807.84950332,169739.86913705],[150809.20654787,169743.70393488],[150809.177,169743.745],[150808.521,169745.425],[150808.42169638,169746.1342748],[150802.00440343,169748.4052035],[150801.497,169747.902],[150800.73052181,169747.37775165]]]},"geometry_name":"GEOM","properties":{"INSPIRE_ID":"https://databrussels.be/id/streetsurface/51837","TYPE":"I","STREET_ID":"https://databrussels.be/id/streetname/3949","STRNAMEFRE":"Parc Leopold","STRNAMEDUT":"Park Leopold","MUNNISCODE":"21004","HIERARCHY":"T","LVL":0,"ADMIN":"UNKNOWN","AREA":48},"bbox":[150798.9278126,169739.86913705,150809.20654787,169748.4052035]},{"type":"Feature","id":"StreetSurfaces.fid-6b1d3889_1a02c238f6c_-ebc","geometry":{"type":"Polygon","coordinates":[[[150750.85523534,169830.24777066],[150755.76152661,169828.12308241],[150760.29455443,169840.30451391],[150763.58110789,169845.78477692],[150763.96742607,169846.61462969],[150759.90357601,169848.37449554],[150759.09093915,169847.00517587],[150757.28820268,169845.20155938],[150755.51186384,169844.84611819],[150751.01934522,169834.47207632],[150751.09313947,169832.07259268],[150750.85523534,169830.24777066]]]},"geometry_name":"GEOM","properties":{"INSPIRE_ID":"https://databrussels.be/id/streetsurface/51838","TYPE":"I","STREET_ID":"https://databrussels.be/id/streetname/3949","STRNAMEFRE":"Parc Leopold","STRNAMEDUT":"Park Leopold","MUNNISCODE":"21004","HIERARCHY":"T","LVL":0,"ADMIN":"UNKNOWN","AREA":120},"bbox":[150750.85523534,169828.12308241,150763.96742607,169848.37449554]},{"type":"Feature","id":"StreetSurfaces.fid-6b1d3889_1a02c238f6c_-e6d","geometry":{"type":"Polygon","coordinates":[[[150730.47387772,169862.99833921],[150735.79519608,169866.72144461],[150735.05445285,169867.78016579],[150725.49346102,169880.96360619],[150721.63147115,169878.07296529],[150722.63347532,169876.60007394],[150722.42232042,169876.4564258],[150721.76437068,169876.83407056],[150720.77744607,169876.86312016],[150720.14852353,169876.417693],[150719.92736396,169876.10402652],[150719.38679374,169876.39285825],[150714.63312669,169872.83481049],[150722.85444727,169861.85085992],[150723.89349474,169862.65737862],[150727.0757306,169863.42303827],[150730.47387772,169862.99833921]]]},"geometry_name":"GEOM","properties":{"INSPIRE_ID":"https://databrussels.be/id/streetsurface/51839","TYPE":"I","STREET_ID":"https://databrussels.be/id/streetname/3949","STRNAMEFRE":"Parc Leopold","STRNAMEDUT":"Park Leopold","MUNNISCODE":"21004","HIERARCHY":"T","LVL":0,"ADMIN":"UNKNOWN","AREA":215},"bbox":[150714.63312669,169861.85085992,150735.79519608,169880.96360619]},{"type":"Feature","id":"StreetSurfaces.fid-6b1d3889_1a02c238f6c_-e63","geometry":{"type":"Polygon","coordinates":[[[150671.80937774,169881.54105082],[150666.49578822,169887.52207936],[150663.09901543,169884.41992188],[150658.84919099,169880.80580771],[150654.29676146,169876.72001711],[150660.91459788,169869.27091545],[150662.50447469,169868.6081434],[150662.98481121,169868.21114997],[150670.70175037,169875.0669352],[150670.6,169875.26],[150670.32,169876.24],[150670.21,169877.28],[150670.25,169878.29],[150670.43,169879.22],[150670.73,169880.13],[150671.19,169880.94],[150671.69,169881.45],[150671.80937774,169881.54105082]]]},"geometry_name":"GEOM","properties":{"INSPIRE_ID":"https://databrussels.be/id/streetsurface/51840","TYPE":"I","STREET_ID":"https://databrussels.be/id/streetname/3949","STRNAMEFRE":"Parc Leopold","STRNAMEDUT":"Park Leopold","MUNNISCODE":"21004","HIERARCHY":"T","LVL":0,"ADMIN":"UNKNOWN","AREA":181},"bbox":[150654.29676146,169868.21114997,150671.80937774,169887.52207936]},{"type":"Feature","id":"StreetSurfaces.fid-6b1d3889_1a02c238f6c_-e53","geometry":{"type":"Polygon","coordinates":[[[150704.59048225,169900.34522207],[150707.00129836,169909.21960438],[150706.41097334,169910.3321548],[150706.30336676,169912.64682559],[150706.81703165,169913.61342355],[150692.28390826,169920.33708122],[150691.05,169917.67],[150688.90849635,169918.65389786],[150685.14163372,169910.45513004],[150685.76474579,169908.5848813],[150685.48142416,169906.03374189],[150685.42265165,169905.94554009],[150693.18369367,169898.96196185],[150694.29,169899.79],[150695.95348537,169897.5653119],[150702.47135478,169898.68833347],[150702.3869714,169899.74565073],[150702.92457286,169899.86916244],[150703.372421,169900.22882412],[150703.53725399,169900.70226339],[150703.53725399,169901.33451925],[150704.59048225,169900.34522207]]]},"geometry_name":"GEOM","properties":{"INSPIRE_ID":"https://databrussels.be/id/streetsurface/51841","TYPE":"I","STREET_ID":"https://databrussels.be/id/streetname/3949","STRNAMEFRE":"Parc Leopold","STRNAMEDUT":"Park Leopold","MUNNISCODE":"21004","HIERARCHY":"T","LVL":0,"ADMIN":"UNKNOWN","AREA":344},"bbox":[150685.14163372,169897.5653119,150707.00129836,169920.33708122]},{"type":"Feature","id":"StreetSurfaces.fid-6b1d3889_1a02c238f6c_-e54","geometry":{"type":"Polygon","coordinates":[[[150713.11972617,169899.2505093],[150710.33753052,169894.81172189],[150711.92490167,169892.99748656],[150714.53361835,169897.15950111],[150713.11972617,169899.2505093]]]},"geometry_name":"GEOM","properties":{"INSPIRE_ID":"https://databrussels.be/id/streetsurface/51842","TYPE":"I","STREET_ID":"https://databrussels.be/id/streetname/3949","STRNAMEFRE":"Parc Leopold","STRNAMEDUT":"Park Leopold","MUNNISCODE":"21004","HIERARCHY":"T","LVL":0,"ADMIN":"UNKNOWN","AREA":12},"bbox":[150710.33753052,169892.99748656,150714.53361835,169899.2505093]},{"type":"Feature","id":"StreetSurfaces.fid-6b1d3889_1a02c238f6c_-ef2","geometry":{"type":"Polygon","coordinates":[[[150717.31472854,169965.42643366],[150719.55757529,169970.27952975],[150717.987,169970.873],[150716.07558909,169972.01884953],[150713.78,169967.06],[150717.31472854,169965.42643366]]]},"geometry_name":"GEOM","properties":{"INSPIRE_ID":"https://databrussels.be/id/streetsurface/51843","TYPE":"I","STREET_ID":"https://databrussels.be/id/streetname/3949","STRNAMEFRE":"Parc Leopold","STRNAMEDUT":"Park Leopold","MUNNISCODE":"21004","HIERARCHY":"T","LVL":0,"ADMIN":"UNKNOWN","AREA":21},"bbox":[150713.78,169965.42643366,150719.55757529,169972.01884953]},{"type":"Feature","id":"StreetSurfaces.fid-6b1d3889_1a02c238f6c_-efc","geometry":{"type":"Polygon","coordinates":[[[150747.964,169950.18],[150751.32118685,169955.45479169],[150750.595,169955.958],[150749.56870311,169957.00077191],[150745.93905062,169951.29788385],[150747.964,169950.18]]]},"geometry_name":"GEOM","properties":{"INSPIRE_ID":"https://databrussels.be/id/streetsurface/51844","TYPE":"I","STREET_ID":"https://databrussels.be/id/streetname/3949","STRNAMEFRE":"Parc Leopold","STRNAMEDUT":"Park Leopold","MUNNISCODE":"21004","HIERARCHY":"T","LVL":0,"ADMIN":"UNKNOWN","AREA":15},"bbox":[150745.93905062,169950.18,150751.32118685,169957.00077191]},{"type":"Feature","id":"StreetSurfaces.fid-6b1d3889_1a02c238f6c_-f0b","geometry":{"type":"Polygon","coordinates":[[[150761.82651717,169949.8824599],[150756.85040761,169942.13959486],[150758.129,169939.948],[150759.643,169936.695],[150760.36708399,169934.73152818],[150768.30578511,169935.21377569],[150768.44,169935.463],[150769.638,169937.27],[150771.536,169939.212],[150772.689,169940.062],[150774.554,169941.129],[150774.71390972,169941.1802784],[150773.93485403,169947.28465538],[150771.079,169947.597],[150767.372,169948.191],[150764.341,169949.025],[150761.82651717,169949.8824599]]]},"geometry_name":"GEOM","properties":{"INSPIRE_ID":"https://databrussels.be/id/streetsurface/51845","TYPE":"I","STREET_ID":"https://databrussels.be/id/streetname/3949","STRNAMEFRE":"Parc Leopold","STRNAMEDUT":"Park Leopold","MUNNISCODE":"21004","HIERARCHY":"T","LVL":0,"ADMIN":"UNKNOWN","AREA":185},"bbox":[150756.85040761,169934.73152818,150774.71390972,169949.8824599]},{"type":"Feature","id":"StreetSurfaces.fid-6b1d3889_1a02c238f6c_-f0c","geometry":{"type":"Polygon","coordinates":[[[150793.86647099,169943.98041948],[150789.81679217,169938.13827745],[150794.862,169934.852],[150799.03025975,169931.97217625],[150803.12444925,169937.8785302],[150802.86,169938.391],[150802.49,169939.738],[150802.322,169940.92],[150802.348,169941.572],[150802.514,169942.332],[150802.58397288,169942.48416047],[150799.29403593,169944.76469181],[150799.08,169944.596],[150797.95,169944.05],[150796.419,169943.663],[150795.321,169943.71],[150793.86647099,169943.98041948]]]},"geometry_name":"GEOM","properties":{"INSPIRE_ID":"https://databrussels.be/id/streetsurface/51846","TYPE":"I","STREET_ID":"https://databrussels.be/id/streetname/3949","STRNAMEFRE":"Parc Leopold","STRNAMEDUT":"Park Leopold","MUNNISCODE":"21004","HIERARCHY":"T","LVL":0,"ADMIN":"UNKNOWN","AREA":102},"bbox":[150789.81679217,169931.97217625,150803.12444925,169944.76469181]},{"type":"Feature","id":"StreetSurfaces.fid-6b1d3889_1a02c238f6c_-e7b","geometry":{"type":"Polygon","coordinates":[[[150690.76,169812.26],[150692.4881482,169810.72704209],[150693.49348097,169811.86038308],[150691.76533277,169813.39334098],[150690.76,169812.26]]]},"geometry_name":"GEOM","properties":{"INSPIRE_ID":"https://databrussels.be/id/streetsurface/51847","TYPE":"I","STREET_ID":"https://databrussels.be/id/streetname/3949","STRNAMEFRE":"Parc Leopold","STRNAMEDUT":"Park Leopold","MUNNISCODE":"21004","HIERARCHY":"T","LVL":0,"ADMIN":"UNKNOWN","AREA":3},"bbox":[150690.76,169810.72704209,150693.49348097,169813.39334098]},{"type":"Feature","id":"StreetSurfaces.fid-6b1d3889_1a02c238f6c_-e7c","geometry":{"type":"Polygon","coordinates":[[[150675.46785338,169823.02869712],[150680.58417748,169807.58408511],[150683.33,169810.68],[150683.18,169810.81],[150684.07,169811.81],[150679.53576128,169825.49747492],[150678.62297212,169824.64947123],[150675.92291925,169823.17599619],[150675.46785338,169823.02869712]]]},"geometry_name":"GEOM","properties":{"INSPIRE_ID":"https://databrussels.be/id/streetsurface/51849","TYPE":"I","STREET_ID":"https://databrussels.be/id/streetname/3949","STRNAMEFRE":"Parc Leopold","STRNAMEDUT":"Park Leopold","MUNNISCODE":"21004","HIERARCHY":"T","LVL":0,"ADMIN":"UNKNOWN","AREA":71},"bbox":[150675.46785338,169807.58408511,150684.07,169825.49747492]},{"type":"Feature","id":"StreetSurfaces.fid-6b1d3889_1a02c238f6c_-ee8","geometry":{"type":"Polygon","coordinates":[[[150523.02848308,169935.75969522],[150522.17396713,169933.13877897],[150525.83,169931.965],[150526.71462834,169934.68882459],[150526.67200012,169934.69900015],[150523.02848308,169935.75969522]]]},"geometry_name":"GEOM","properties":{"INSPIRE_ID":"https://databrussels.be/id/streetsurface/51850","TYPE":"I","STREET_ID":"https://databrussels.be/id/streetname/3949","STRNAMEFRE":"Parc Leopold","STRNAMEDUT":"Park Leopold","MUNNISCODE":"21004","HIERARCHY":"T","LVL":0,"ADMIN":"UNKNOWN","AREA":11},"bbox":[150522.17396713,169931.965,150526.71462834,169935.75969522]},{"type":"Feature","id":"StreetSurfaces.fid-6b1d3889_1a02c238f6c_-f22","geometry":{"type":"Polygon","coordinates":[[[150731.17,169992.92],[150729.42,169987.58],[150776.87,169971.834],[150779.708,169971.19],[150790.695,169969.826],[150805.885,169969.341],[150830.893,169971.843],[150855.786,169977.722],[150884.97,169986.003],[150918.09,169996.288],[150943.371,170006.523],[150955.287,170013.237],[150965.378,170020.373],[150977.616,170031.516],[150984.58,170039.76],[150990.724,170048.632],[150997.251,170060.47],[151002.849,170074.308],[151007.008,170088.891],[151019.383,170140.216],[151024.262,170156.667],[151028.927,170167.925],[151034.55,170178.418],[151028.43,170182.966],[151022.31,170187.514],[151019.504,170183.096],[151016.71,170177.93],[151014.217,170172.611],[151011.436,170165.781],[151005.923,170148.173],[150989.716,170089.641],[150982.576,170070.474],[150973.158,170055.999],[150976.744,170053.458],[150978.942,170056.779],[150982.002,170062.054],[150984.733,170067.506],[150987.125,170073.115],[150988.056,170072.751],[150985.64,170067.085],[150979.792,170056.252],[150972.558,170046.04],[150965.03,170037.744],[150957.647,170031.164],[150948.623,170024.738],[150943.337,170021.622],[150933.965,170017.037],[150905.822,170006.665],[150881.512,169998.431],[150873.956,169996.328],[150857.247,169991.583],[150842.334,169987.553],[150830.166,169984.833],[150829.94,169986.011],[150842.053,169988.719],[150852.024,169991.311],[150850.066,169996.567],[150845.295,169994.79],[150829.03,169990.625],[150803.175,169986.859],[150781.46,169986.554],[150766.572,169988.204],[150760.281,169989.397],[150732.92,169998.26],[150731.17,169992.92]]]},"geometry_name":"GEOM","properties":{"INSPIRE_ID":"https://databrussels.be/id/streetsurface/6808","TYPE":"S","STREET_ID":"https://databrussels.be/id/streetname/1562","STRNAMEFRE":"Tunnel Belliard","STRNAMEDUT":"Belliard Tunnel","MUNNISCODE":"21004","HIERARCHY":"MER","LVL":-1,"ADMIN":"REGION_RBC","AREA":6172},"bbox":[150729.42,169969.341,151034.55,170187.514]},{"type":"Feature","id":"StreetSurfaces.fid-6b1d3889_1a02c238f6c_-f1b","geometry":{"type":"Polygon","coordinates":[[[150972.84932325,169993.66286873],[150972.91649599,169993.39787635],[150972.97661555,169992.92282449],[150972.98863058,169991.96772963],[150972.90379126,169990.96172496],[150972.79834199,169990.43903734],[150972.26963301,169988.29525434],[150970.54316299,169988.71751136],[150969.070224,169982.85288934],[150962.43579199,169955.85674535],[150964.17216201,169955.41484035],[150963.403475,169952.31368634],[150962.95208299,169950.66989936],[150962.84384294,169950.41969794],[150967.40599999,169949.72300035],[150971.86003194,169949.04288298],[150971.83867071,169949.6965139],[150972.020151,169950.74931535],[150972.649437,169953.40393134],[150974.39456,169952.97621034],[150982.47072301,169985.92738334],[150980.77000001,169986.47000035],[150981.24185901,169988.45954333],[150981.95964615,169991.42112571],[150978.00999999,169992.39300035],[150972.84932325,169993.66286873]]]},"geometry_name":"GEOM","properties":{"INSPIRE_ID":"https://databrussels.be/id/streetsurface/7259","TYPE":"S","STREET_ID":"https://databrussels.be/id/streetname/4110","STRNAMEFRE":"Rue Froissart","STRNAMEDUT":"Froissartstraat","MUNNISCODE":"21004","HIERARCHY":"IDR","LVL":0,"ADMIN":"MUN_RE_RBC","AREA":505},"bbox":[150962.43579199,169949.04288298,150982.47072301,169993.66286873]},{"type":"Feature","id":"StreetSurfaces.fid-6b1d3889_1a02c238f6c_-ec3","geometry":{"type":"Polygon","coordinates":[[[150887.3925545,169544.9671081],[150888.897,169538.90700034],[150890.80599999,169531.22100035],[150892.53900001,169531.64900035],[150895.273,169520.95300034],[150893.53099999,169520.50300034],[150893.628,169520.15200034],[150894.84300001,169515.12900034],[150896.56900001,169515.54700035],[150897.33099999,169512.51800035],[150897.96900001,169510.60400034],[150898.728,169508.75800034],[150900.323,169505.65100035],[150902.01700001,169502.55300035],[150904.55599999,169498.22700035],[150905.052,169497.35100035],[150907.08399999,169493.91200034],[150905.651,169492.87600035],[150905.86300001,169492.57400035],[150907.29200001,169490.55200035],[150908.45899999,169488.92600035],[150910.899,169485.74700035],[150914.25,169482.01900035],[150918.45599999,169477.73700034],[150922.00899999,169474.17400035],[150933.33,169463.03000034],[150934.56300001,169464.28700034],[150937.43199999,169461.47900034],[150936.18599999,169460.19600035],[150936.42,169459.96800036],[150946.39400001,169450.15400035],[150955.425,169441.32600035],[150956.53299999,169442.47900034],[150956.73399999,169442.54800035],[150959.53800001,169439.80400034],[150958.29400001,169438.52800034],[150958.56099999,169438.26700036],[150969.50599999,169427.57500035],[150969.873967,169427.21553835],[150969.98,169427.32500035],[150971.124,169428.50600034],[150971.78199999,169427.85900034],[150975.16700001,169424.59500035],[150976.2579299,169423.42693392],[150976.3234551,169423.33756739],[150977.598,169425.24200036],[150978.71867528,169426.91652037],[150977.86600001,169427.58000034],[150977.099,169428.26700036],[150974.721,169430.59200036],[150973.976,169431.30900034],[150964.94100001,169440.19400035],[150966.176,169441.46300036],[150960.303,169447.23400034],[150954.223,169453.20800034],[150950.51500001,169456.84800035],[150936.67999999,169470.42700035],[150936.448,169470.65800034],[150935.18399999,169469.39500035],[150927.074,169477.38200034],[150928.33800001,169478.66000034],[150923.471,169483.52900035],[150920.94400001,169486.11300036],[150919.26800001,169487.85300035],[150917.548,169489.75000035],[150915.955,169491.65800034],[150912.95999999,169495.71200034],[150912.08299999,169496.98300034],[150911.301,169498.23800036],[150907.98,169503.90300034],[150907.24500001,169505.18000034],[150906.746,169506.05700034],[150904.346,169510.58800036],[150903.89500001,169511.48000034],[150903.577,169512.21700036],[150903.48699999,169512.43700034],[150903.205,169513.40100035],[150902.178,169517.28200034],[150901.078,169521.72500035],[150900.971,169522.14000036],[150899.22000001,169521.75400035],[150898.95,169522.89100036],[150898.8150064,169523.90054904],[150898.828,169524.91900036],[150898.98914826,169525.92753932],[150899.295,169526.90200035],[150899.36900001,169527.77500035],[150899.15,169528.67300035],[150896.64035299,169538.71158835],[150896.474,169539.37700035],[150894.63488963,169546.76477806],[150890.975,169545.85600034],[150887.3925545,169544.9671081]]]},"geometry_name":"GEOM","properties":{"INSPIRE_ID":"https://databrussels.be/id/streetsurface/7335","TYPE":"S","STREET_ID":"https://databrussels.be/id/streetname/2170","STRNAMEFRE":"Chaussée de Wavre","STRNAMEDUT":"Steenweg op Waver","MUNNISCODE":"21005","HIERARCHY":"DR","LVL":0,"ADMIN":"MUN_RBC","AREA":1007},"bbox":[150887.3925545,169423.33756739,150978.71867528,169546.76477806]},{"type":"Feature","id":"StreetSurfaces.fid-6b1d3889_1a02c238f6c_-eea","geometry":{"type":"Polygon","coordinates":[[[150553.380177,170035.55494508],[150550.39400001,170036.66600035],[150546.8440511,170037.98718444],[150546.7,170037.32000035],[150546.548,170036.60900034],[150545.01800001,170037.11400036],[150532.7,170000.00000035],[150528.98199999,169988.79600035],[150518.7311455,169957.41177525],[150522.16500001,169956.41500036],[150526.85892737,169955.0524531],[150528.12000001,169958.86000034],[150531.80999999,169970.09000036],[150535.50999999,169981.33000034],[150539.2,169992.56000034],[150541.65,170000.00000035],[150543.89000001,170006.82000035],[150548.58,170021.07000035],[150552.95,170034.34000036],[150553.27000001,170035.33000034],[150553.380177,170035.55494508]]]},"geometry_name":"GEOM","properties":{"INSPIRE_ID":"https://databrussels.be/id/streetsurface/7708","TYPE":"S","STREET_ID":"https://databrussels.be/id/streetname/1529","STRNAMEFRE":"Rue du Remorqueur","STRNAMEDUT":"Stoomslepersstraat","MUNNISCODE":"21004","HIERARCHY":"DC","LVL":0,"ADMIN":"MUN_RBC","AREA":719},"bbox":[150518.7311455,169955.0524531,150553.380177,170037.98718444]},{"type":"Feature","id":"StreetSurfaces.fid-6b1d3889_1a02c238f6c_-ed5","geometry":{"type":"Polygon","coordinates":[[[150924.99937498,169585.93923792],[150924.23691076,169585.90476154],[150924.45326494,169579.44304887],[150925.34348496,169579.48017573],[150925.7660086,169579.4957668],[150934.9438531,169579.83442803],[150935.00571719,169577.90435295],[150945.1875754,169578.27773004],[150986.87000001,169579.68000034],[151000,169580.37000035],[151052.423,169582.39200035],[151052.41300001,169582.74200036],[151052.93299999,169583.75700034],[151055.23199999,169583.82100035],[151055.81099999,169582.83600034],[151055.822,169582.48700034],[151069.95,169582.88000034],[151114.37000001,169584.51000034],[151132.54000001,169585.30000035],[151168.81199999,169586.72800035],[151171.574,169589.03700034],[151174.126,169589.13400034],[151176.78800001,169587.04200036],[151205.45999999,169588.17000035],[151206.57000001,169588.21000034],[151228.672,169589.01400036],[151228.622,169590.35500034],[151228.58499999,169591.32800034],[151229.696,169591.37000035],[151254.61400001,169592.32000035],[151260.199,169592.43500034],[151262.06900001,169592.42700035],[151265.47430699,169592.49377336],[151266.21314175,169592.45180663],[151264.90599999,169595.64700035],[151262.84129667,169600.69452323],[151261.922879,169600.26315235],[151260.150457,169599.66151735],[151256.29336801,169598.69750635],[151254.314887,169598.65856234],[151254.21259699,169600.59280235],[151176.39200001,169597.45100035],[151173.88499999,169595.45400034],[151171.33299999,169595.35600034],[151168.41500001,169597.14700035],[151000.57,169590.747],[151000,169590.72],[150944.08654,169588.58947864],[150942.93500463,169588.57552899],[150942.96981418,169586.65735118],[150936.05105489,169586.42553253],[150924.99937498,169585.93923792]]]},"geometry_name":"GEOM","properties":{"INSPIRE_ID":"https://databrussels.be/id/streetsurface/8112","TYPE":"S","STREET_ID":"https://databrussels.be/id/streetname/1632","STRNAMEFRE":"Rue Général Leman","STRNAMEDUT":"Generaal Lemanstraat","MUNNISCODE":"21005","HIERARCHY":"DC","LVL":0,"ADMIN":"MUN_RBC","AREA":3382},"bbox":[150924.23691076,169577.90435295,151266.21314175,169600.69452323]},{"type":"Feature","id":"StreetSurfaces.fid-6b1d3889_1a02c238f6c_-ebe","geometry":{"type":"Polygon","coordinates":[[[150920.127316,169562.07435246],[150929.34491138,169557.43132975],[150939.73,169551.98],[150948.92,169547.52000035],[150957.30999999,169543.24000036],[150975.92,169533.80000035],[150994.33,169524.39000036],[151000,169521.48000034],[151004.85999999,169519.00000035],[151017.95,169512.40000035],[151025.59000001,169508.80000035],[151028.58,169507.36000034],[151033.99000001,169505.44000036],[151037.63,169504.42000035],[151042.45,169503.76000034],[151058.88,169501.86000034],[151061.063204,169501.6213221],[151061.28806901,169503.59263867],[151061.421,169504.75800034],[151061.77686522,169507.8777521],[151041.14400001,169510.14100036],[151028.39400001,169513.92300035],[151018.97000001,169518.86000034],[151000,169528.26500036],[150948.7,169554.33000034],[150932.30117033,169562.66658399],[150923.17787077,169567.22829641],[150922.57442549,169567.55194775],[150922.27542792,169567.73633803],[150920.45563555,169564.12909541],[150920.78311072,169563.9925599],[150921.00273329,169563.87557095],[150920.86951845,169563.54214587],[150920.127316,169562.07435246]]]},"geometry_name":"GEOM","properties":{"INSPIRE_ID":"https://databrussels.be/id/streetsurface/8925","TYPE":"S","STREET_ID":"https://databrussels.be/id/streetname/153","STRNAMEFRE":"Chaussée Saint-Pierre","STRNAMEDUT":"Sint-Pieterssteenweg","MUNNISCODE":"21005","HIERARCHY":"DR","LVL":0,"ADMIN":"MUN_RBC","AREA":938},"bbox":[150920.127316,169501.6213221,151061.77686522,169567.73633803]},{"type":"Feature","id":"StreetSurfaces.fid-6b1d3889_1a02c238f6c_-e75","geometry":{"type":"Polygon","coordinates":[[[150700.92009718,169496.87828673],[150700.51300001,169500.99800035],[150700.22057061,169503.95779993],[150699.05,169503.45000035],[150698.48,169503.36000034],[150697.90999999,169503.28000034],[150697.25,169503.19000036],[150696.6,169503.12000035],[150695.94000001,169503.05000035],[150694.27000001,169504.26000034],[150673.74100001,169501.78500034],[150653.25899999,169498.95500034],[150632.828,169495.77100035],[150626.54404032,169494.67966668],[150627.26700001,169490.69000036],[150627.96269402,169486.85146073],[150628.09000001,169486.89000036],[150628.65,169486.98000034],[150635.58,169488.08000034],[150642.5,169489.17000035],[150649.42999999,169490.23000034],[150662.12000001,169492.03000034],[150674.83,169493.70000035],[150687.55,169495.28000034],[150696.13,169496.32000035],[150700.92009718,169496.87828673]]]},"geometry_name":"GEOM","properties":{"INSPIRE_ID":"https://databrussels.be/id/streetsurface/9395","TYPE":"S","STREET_ID":"https://databrussels.be/id/streetname/3845","STRNAMEFRE":"Chaussée de Wavre","STRNAMEDUT":"Waverse Steenweg","MUNNISCODE":"21009","HIERARCHY":"IDR","LVL":0,"ADMIN":"REGION_RBC","AREA":591},"bbox":[150626.54404032,169486.85146073,150700.92009718,169504.26000034]},{"type":"Feature","id":"StreetSurfaces.fid-6b1d3889_1a02c238f6c_-ecd","geometry":{"type":"Polygon","coordinates":[[[151074.8881489,169694.37515425],[151074.64100001,169698.37400035],[151074.38658657,169702.49943012],[151071.50530701,169702.33866435],[151058.069805,169701.50476636],[151056.67516401,169701.40837935],[151056.79804499,169699.61111935],[151054.400721,169699.43709234],[151054.28299,169701.25091135],[151052.004987,169701.12858135],[151042.03017299,169700.51412035],[151038.55473101,169700.27277936],[151038.64644699,169698.46567735],[151036.23843701,169698.32162234],[151036.15076101,169700.11522035],[151030.486849,169699.76325034],[151023.50817599,169699.31858336],[151020.494509,169699.11385635],[151020.61647401,169697.35706734],[151018.218628,169697.21061434],[151018.08751299,169698.96035534],[151004.531441,169698.11295635],[151004.61675601,169696.39130534],[150998.75309401,169696.02586035],[150998.65041399,169697.77819234],[150983.08880301,169696.81538636],[150983.19642899,169695.05960335],[150980.80745399,169694.91955735],[150980.71274099,169696.69084734],[150951.964468,169694.94467935],[150952.07715199,169693.20985335],[150949.700141,169693.08459236],[150949.57008901,169694.79882435],[150937.96258099,169694.08250035],[150931.30696473,169693.76970229],[150923.88683225,169693.43642753],[150924.10028719,169685.23082864],[150931.0753156,169685.64125427],[150944.822045,169686.431685],[150950.117664,169686.76250636],[150950.00466499,169688.49781834],[150952.40005801,169688.63252136],[150952.50991199,169686.91147634],[150981.29533899,169688.63859934],[150981.194894,169690.33000034],[150983.590112,169690.47604734],[150983.68029599,169688.80112335],[150999.165084,169689.73898336],[150999.06324401,169691.42389435],[151000,169691.48231422],[151004.947598,169691.79086634],[151005.067841,169690.09702934],[151018.64008801,169690.93279935],[151018.546049,169692.63111235],[151020.92117,169692.77082135],[151021.02435801,169691.11629035],[151022.30609601,169691.17363135],[151035.883058,169691.99133636],[151036.711127,169692.05129036],[151036.63113999,169693.72942435],[151039.02048099,169693.88392635],[151039.134705,169692.20672435],[151054.76605501,169693.15601534],[151054.67096601,169694.85582835],[151057.06933801,169695.00754036],[151057.16716001,169693.29906634],[151073.261798,169694.27931534],[151074.8881489,169694.37515425]]]},"geometry_name":"GEOM","properties":{"INSPIRE_ID":"https://databrussels.be/id/streetsurface/9419","TYPE":"S","STREET_ID":"https://databrussels.be/id/streetname/4534","STRNAMEFRE":"Rue du Cornet","STRNAMEDUT":"Hoornstraat","MUNNISCODE":"21005","HIERARCHY":"DR","LVL":0,"ADMIN":"MUN_RBC","AREA":1157},"bbox":[150923.88683225,169685.23082864,151074.8881489,169702.49943012]},{"type":"Feature","id":"StreetSurfaces.fid-6b1d3889_1a02c238f6c_-e96","geometry":{"type":"Polygon","coordinates":[[[150868.39595001,169550.93478389],[150866.77532088,169551.7973774],[150863.71907433,169553.42409039],[150861.93782919,169554.37217313],[150855.451204,169542.12800482],[150828.31199999,169491.17500035],[150826.50401571,169487.77427513],[150829.88199999,169485.97300035],[150833.14502561,169484.23306421],[150834.20599999,169486.24600035],[150835.03099999,169487.81900035],[150839.58,169496.65000035],[150842.55999999,169502.40000035],[150845.53,169508.16000034],[150844.029,169508.95900034],[150847.003,169514.69700035],[150853.37000001,169526.79500035],[150855.05336601,169525.91025414],[150861.91457323,169538.70951762],[150863.88214963,169542.37994004],[150868.39595001,169550.93478389]]]},"geometry_name":"GEOM","properties":{"INSPIRE_ID":"https://databrussels.be/id/streetsurface/9549","TYPE":"S","STREET_ID":"https://databrussels.be/id/streetname/1257","STRNAMEFRE":"Rue Gray","STRNAMEDUT":"Graystraat","MUNNISCODE":"21005","HIERARCHY":"DC","LVL":0,"ADMIN":"MUN_RBC","AREA":515},"bbox":[150826.50401571,169484.23306421,150868.39595001,169554.37217313]}],"numberReturned":238,"grand_bruxelles_source":{"authority":"Paradigm / Brussels-Capital Region","service":"https://geoservices-urbis.irisnet.be/geoserver/urbisvector/wfs","layer":"urbisvector:StreetSurfaces","crs":"EPSG:31370","bbox":[150500.0,169500.0,151000.0,170000.0],"cell_id":"bxl-e150500-n169500-s500","ownership":"bbox_intersection_source_unclipped"}}
