cell_id,building_id,area_m2_urbis,terrain_elevation_m_p50,confidence,pixel_count_valid,pixel_count_plausible,plausible_fraction_of_valid,height_p50_m,height_p75_m,height_p90_m,negative_below_noise_count,over_250m_count
bxl-e149000-n169000-s500,https://databrussels.be/id/building/1703911,104,0.0,high,418,418,1.0,0.0,0.0,0.0,0,0
bxl-e149000-n169000-s500,https://databrussels.be/id/building/1693476,78,0.0,high,311,311,1.0,0.0,0.0,0.0,0,0
bxl-e149000-n169000-s500,https://databrussels.be/id/building/1695801,66,0.0,high,262,262,1.0,0.0,0.0,0.0,0,0
bxl-e149000-n169000-s500,https://databrussels.be/id/building/1783064,59,0.0,high,236,236,1.0,0.0,0.0,0.0,0,0
bxl-e149000-n169000-s500,https://databrussels.be/id/building/1628470,73,0.0,high,291,291,1.0,0.0,0.0,0.0,0,0
bxl-e149000-n169000-s500,https://databrussels.be/id/building/1739294,99,0.0,high,395,395,1.0,0.0,0.0,0.0,0,0
bxl-e149000-n169000-s500,https://databrussels.be/id/building/1695905,105,0.0,high,419,419,1.0,0.0,0.0,0.0,0,0
bxl-e149000-n169000-s500,https://databrussels.be/id/building/1701570,88,0.0,high,351,351,1.0,0.0,0.0,0.0,0,0
bxl-e149000-n169000-s500,https://databrussels.be/id/building/1701561,87,0.0,high,349,349,1.0,0.0,0.0,0.0,0,0
bxl-e149000-n169000-s500,https://databrussels.be/id/building/1706261,61,0.0,high,244,244,1.0,0.0,0.0,0.0,0,0
bxl-e149000-n169000-s500,https://databrussels.be/id/building/1709916,67,0.0,high,266,266,1.0,0.0,0.0,0.0,0,0
bxl-e149000-n169000-s500,https://databrussels.be/id/building/1696976,192,0.0,high,768,768,1.0,0.0,0.0,0.0,0,0
bxl-e149000-n169000-s500,https://databrussels.be/id/building/1709755,60,0.0,high,240,240,1.0,0.0,0.0,0.0,0,0
bxl-e149000-n169000-s500,https://databrussels.be/id/building/1772932,91,0.0,high,363,363,1.0,0.0,0.0,0.0,0,0
bxl-e149000-n169000-s500,https://databrussels.be/id/building/1621346,324,0.0,high,1296,1296,1.0,0.0,0.0,0.0,0,0
bxl-e149000-n169000-s500,https://databrussels.be/id/building/1694587,72,0.0,high,290,290,1.0,0.0,0.0,0.0,0,0
bxl-e149000-n169000-s500,https://databrussels.be/id/building/1702708,153,0.0,high,614,614,1.0,0.0,0.0,0.0,0,0
bxl-e149000-n169000-s500,https://databrussels.be/id/building/1702696,129,0.0,high,515,515,1.0,0.0,0.0,0.0,0,0
bxl-e149000-n169000-s500,https://databrussels.be/id/building/1736564,49,0.0,high,198,198,1.0,0.0,0.0,0.0,0,0
bxl-e149000-n169000-s500,https://databrussels.be/id/building/1706435,108,0.0,high,431,431,1.0,0.0,0.0,0.0,0,0
bxl-e149000-n169000-s500,https://databrussels.be/id/building/1694667,125,0.0,high,498,498,1.0,0.0,0.0,0.0,0,0
bxl-e149000-n169000-s500,https://databrussels.be/id/building/1695900,86,0.0,high,347,347,1.0,0.0,0.0,0.0,0,0
bxl-e149000-n169000-s500,https://databrussels.be/id/building/1630681,228,0.0,high,917,917,1.0,0.0,0.0,0.0,0,0
bxl-e149000-n169000-s500,https://databrussels.be/id/building/1705197,195,0.0,high,777,777,1.0,0.0,0.0,0.0,0,0
bxl-e149000-n169000-s500,https://databrussels.be/id/building/1785566,264,0.0,high,1056,1056,1.0,0.0,0.0,0.0,0,0
bxl-e149000-n169000-s500,https://databrussels.be/id/building/1703888,218,0.0,high,871,871,1.0,0.0,0.0,0.0,0,0
bxl-e149000-n169000-s500,https://databrussels.be/id/building/1693704,1455,0.0,high,5821,5821,1.0,0.0,0.0,0.0,0,0
bxl-e149000-n169000-s500,https://databrussels.be/id/building/1695797,109,0.0,high,438,438,1.0,0.0,0.0,0.0,0,0
bxl-e149000-n169000-s500,https://databrussels.be/id/building/1693582,67,0.0,high,268,268,1.0,0.0,0.0,0.0,0,0
bxl-e149000-n169000-s500,https://databrussels.be/id/building/1699191,101,0.0,high,403,403,1.0,0.0,0.0,0.0,0,0
bxl-e149000-n169000-s500,https://databrussels.be/id/building/1622468,160,0.0,high,637,637,1.0,0.0,0.0,0.0,0,0
bxl-e149000-n169000-s500,https://databrussels.be/id/building/1696925,146,0.0,high,584,584,1.0,0.0,0.0,0.0,0,0
bxl-e149000-n169000-s500,https://databrussels.be/id/building/1698049,98,0.0,high,395,395,1.0,0.0,0.0,0.0,0,0
bxl-e149000-n169000-s500,https://databrussels.be/id/building/1631780,20,0.0,high,79,79,1.0,0.0,0.0,0.0,0,0
bxl-e149000-n169000-s500,https://databrussels.be/id/building/1702913,66,0.0,high,265,265,1.0,0.0,0.0,0.0,0,0
bxl-e149000-n169000-s500,https://databrussels.be/id/building/1785567,166,0.0,high,666,666,1.0,0.0,0.0,0.0,0,0
bxl-e149000-n169000-s500,https://databrussels.be/id/building/1707432,62,0.0,high,247,247,1.0,0.0,0.0,0.0,0,0
bxl-e149000-n169000-s500,https://databrussels.be/id/building/1695814,64,0.0,high,255,255,1.0,0.0,0.0,0.0,0,0
bxl-e149000-n169000-s500,https://databrussels.be/id/building/1804100,181,0.0,high,726,726,1.0,0.0,0.0,0.0,0,0
bxl-e149000-n169000-s500,https://databrussels.be/id/building/1785217,70,0.0,high,281,281,1.0,0.0,0.0,0.0,0,0
bxl-e149000-n169000-s500,https://databrussels.be/id/building/1785218,63,0.0,high,254,254,1.0,0.0,0.0,0.0,0,0
bxl-e149000-n169000-s500,https://databrussels.be/id/building/1828231,91,0.0,high,364,364,1.0,0.0,0.0,0.0,0,0
bxl-e149000-n169000-s500,https://databrussels.be/id/building/1740710,104,0.0,high,419,419,1.0,0.0,0.0,0.0,0,0
bxl-e149000-n169000-s500,https://databrussels.be/id/building/1702629,68,0.0,high,273,273,1.0,0.0,0.0,0.0,0,0
bxl-e149000-n169000-s500,https://databrussels.be/id/building/1694711,234,0.0,high,936,936,1.0,0.0,0.0,0.0,0,0
bxl-e149000-n169000-s500,https://databrussels.be/id/building/1784039,43,0.0,high,172,172,1.0,0.0,0.0,0.0,0,0
bxl-e149000-n169000-s500,https://databrussels.be/id/building/1698098,63,0.0,high,251,251,1.0,0.0,0.0,0.0,0,0
bxl-e149000-n169000-s500,https://databrussels.be/id/building/1699193,118,0.0,high,470,470,1.0,0.0,0.0,0.0,0,0
bxl-e149000-n169000-s500,https://databrussels.be/id/building/1739283,94,0.0,high,378,378,1.0,0.0,0.0,0.0,0,0
bxl-e149000-n169000-s500,https://databrussels.be/id/building/1704986,141,0.0,high,568,568,1.0,0.0,0.0,0.0,0,0
bxl-e149000-n169000-s500,https://databrussels.be/id/building/1695831,150,0.0,high,600,600,1.0,0.0,0.0,0.0,0,0
bxl-e149000-n169000-s500,https://databrussels.be/id/building/1706242,52,0.0,high,208,208,1.0,0.0,0.0,0.0,0,0
bxl-e149000-n169000-s500,https://databrussels.be/id/building/1632036,121,0.0,high,482,482,1.0,0.0,0.0,0.0,0,0
bxl-e149000-n169000-s500,https://databrussels.be/id/building/1706244,52,0.0,high,210,210,1.0,0.0,0.0,0.0,0,0
bxl-e149000-n169000-s500,https://databrussels.be/id/building/1707339,112,0.0,high,444,444,1.0,0.0,0.0,0.0,0,0
bxl-e149000-n169000-s500,https://databrussels.be/id/building/1707446,77,0.0,high,310,310,1.0,0.0,0.0,0.0,0,0
bxl-e149000-n169000-s500,https://databrussels.be/id/building/1709699,48,0.0,high,191,191,1.0,0.0,0.0,0.0,0,0
bxl-e149000-n169000-s500,https://databrussels.be/id/building/1632009,315,0.0,high,1259,1259,1.0,0.0,0.0,0.0,0,0
bxl-e149000-n169000-s500,https://databrussels.be/id/building/1705072,90,0.0,high,362,362,1.0,0.0,0.0,0.0,0,0
bxl-e149000-n169000-s500,https://databrussels.be/id/building/1736560,33,0.0,high,133,133,1.0,0.0,0.0,0.0,0,0
bxl-e149000-n169000-s500,https://databrussels.be/id/building/1808236,194,0.0,high,775,775,1.0,0.0,0.0,0.0,0,0
bxl-e149000-n169000-s500,https://databrussels.be/id/building/1705255,302,0.0,high,1211,1211,1.0,0.0,0.0,0.0,0,0
bxl-e149000-n169000-s500,https://databrussels.be/id/building/1804101,54,0.0,high,215,215,1.0,0.0,0.0,0.0,0,0
bxl-e149000-n169000-s500,https://databrussels.be/id/building/1801993,524,0.0,high,2102,2102,1.0,0.0,0.0,0.0,0,0
bxl-e149000-n169000-s500,https://databrussels.be/id/building/1803187,342,0.0,high,1368,1368,1.0,0.0,0.0,0.0,0,0
bxl-e149000-n169000-s500,https://databrussels.be/id/building/1699214,232,0.0,high,932,932,1.0,0.0,0.0,0.0,0,0
bxl-e149000-n169000-s500,https://databrussels.be/id/building/1739284,70,0.0,high,290,290,1.0,0.0,0.0,0.0,0,0
bxl-e149000-n169000-s500,https://databrussels.be/id/building/1705033,55,0.0,high,221,221,1.0,0.0,0.0,0.0,0,0
bxl-e149000-n169000-s500,https://databrussels.be/id/building/1737929,63,0.0,high,247,247,1.0,0.0,0.0,0.0,0,0
bxl-e149000-n169000-s500,https://databrussels.be/id/building/1702911,66,0.0,high,260,260,1.0,0.0,0.0,0.0,0,0
bxl-e149000-n169000-s500,https://databrussels.be/id/building/1742079,117,0.0,high,471,471,1.0,0.0,0.0,0.0,0,0
bxl-e149000-n169000-s500,https://databrussels.be/id/building/1697032,193,0.0,high,774,774,1.0,0.0,0.0,0.0,0,0
bxl-e149000-n169000-s500,https://databrussels.be/id/building/1735267,85,0.0,high,334,334,1.0,0.0,0.0,0.0,0,0
bxl-e149000-n169000-s500,https://databrussels.be/id/building/1705044,138,0.0,high,551,551,1.0,0.0,0.0,0.0,0,0
bxl-e149000-n169000-s500,https://databrussels.be/id/building/1798589,122,0.0,high,489,489,1.0,0.0,0.0,0.0,0,0
bxl-e149000-n169000-s500,https://databrussels.be/id/building/1698078,128,0.0,high,510,510,1.0,0.0,0.0,0.0,0,0
bxl-e149000-n169000-s500,https://databrussels.be/id/building/1798590,184,0.0,high,737,737,1.0,0.0,0.0,0.0,0,0
bxl-e149000-n169000-s500,https://databrussels.be/id/building/1693521,84,0.0,high,336,336,1.0,0.0,0.0,0.0,0,0
bxl-e149000-n169000-s500,https://databrussels.be/id/building/1708772,105,0.0,high,419,419,1.0,0.0,0.0,0.0,0,0
bxl-e149000-n169000-s500,https://databrussels.be/id/building/1742040,55,0.0,high,218,218,1.0,0.0,0.0,0.0,0,0
bxl-e149000-n169000-s500,https://databrussels.be/id/building/1706426,133,0.0,high,534,534,1.0,0.0,0.0,0.0,0,0
bxl-e149000-n169000-s500,https://databrussels.be/id/building/1736553,7,0.0,medium,27,27,1.0,0.0,0.0,0.0,0,0
bxl-e149000-n169000-s500,https://databrussels.be/id/building/1709909,42,0.0,high,168,168,1.0,0.0,0.0,0.0,0,0
bxl-e149000-n169000-s500,https://databrussels.be/id/building/1800704,12,0.0,medium,47,47,1.0,0.0,0.0,0.0,0,0
bxl-e149000-n169000-s500,https://databrussels.be/id/building/1705045,131,0.0,high,522,522,1.0,0.0,0.0,0.0,0,0
bxl-e149000-n169000-s500,https://databrussels.be/id/building/1695755,71,0.0,high,283,283,1.0,0.0,0.0,0.0,0,0
bxl-e149000-n169000-s500,https://databrussels.be/id/building/1707426,61,0.0,high,244,244,1.0,0.0,0.0,0.0,0,0
bxl-e149000-n169000-s500,https://databrussels.be/id/building/1617867,62,0.0,high,251,251,1.0,0.0,0.0,0.0,0,0
bxl-e149000-n169000-s500,https://databrussels.be/id/building/1705094,94,0.0,high,375,375,1.0,0.0,0.0,0.0,0,0
bxl-e149000-n169000-s500,https://databrussels.be/id/building/1708789,107,0.0,high,427,427,1.0,0.0,0.0,0.0,0,0
bxl-e149000-n169000-s500,https://databrussels.be/id/building/1702730,78,0.0,high,312,312,1.0,0.0,0.0,0.0,0,0
bxl-e149000-n169000-s500,https://databrussels.be/id/building/1699195,118,0.0,high,471,471,1.0,0.0,0.0,0.0,0,0
bxl-e149000-n169000-s500,https://databrussels.be/id/building/1696928,147,0.0,high,582,582,1.0,0.0,0.0,0.0,0,0
bxl-e149000-n169000-s500,https://databrussels.be/id/building/1742078,111,0.0,high,450,450,1.0,0.0,0.0,0.0,0,0
bxl-e149000-n169000-s500,https://databrussels.be/id/building/1739286,71,0.0,high,281,281,1.0,0.0,0.0,0.0,0,0
bxl-e149000-n169000-s500,https://databrussels.be/id/building/1709758,93,0.0,high,370,370,1.0,0.0,0.0,0.0,0,0
bxl-e149000-n169000-s500,https://databrussels.be/id/building/1694721,54,0.0,high,216,216,1.0,0.0,0.0,0.0,0,0
bxl-e149000-n169000-s500,https://databrussels.be/id/building/1705029,118,0.0,high,484,484,1.0,0.0,0.0,0.0,0,0
bxl-e149000-n169000-s500,https://databrussels.be/id/building/1693667,87,0.0,high,343,343,1.0,0.0,0.0,0.0,0,0
bxl-e149000-n169000-s500,https://databrussels.be/id/building/1707371,90,0.0,high,359,359,1.0,0.0,0.0,0.0,0,0
bxl-e149000-n169000-s500,https://databrussels.be/id/building/1736566,50,0.0,high,199,199,1.0,0.0,0.0,0.0,0,0
bxl-e149000-n169000-s500,https://databrussels.be/id/building/1707384,80,0.0,high,308,308,1.0,0.0,0.0,0.0,0,0
bxl-e149000-n169000-s500,https://databrussels.be/id/building/1737884,169,0.0,high,678,678,1.0,0.0,0.0,0.0,0,0
bxl-e149000-n169000-s500,https://databrussels.be/id/building/1706281,64,0.0,high,258,258,1.0,0.0,0.0,0.0,0,0
bxl-e149000-n169000-s500,https://databrussels.be/id/building/1736559,33,0.0,high,133,133,1.0,0.0,0.0,0.0,0,0
bxl-e149000-n169000-s500,https://databrussels.be/id/building/1618967,665,0.0,high,2661,2661,1.0,0.0,0.0,0.0,0,0
bxl-e149000-n169000-s500,https://databrussels.be/id/building/1632030,120,0.0,high,481,481,1.0,0.0,0.0,0.0,0,0
bxl-e149000-n169000-s500,https://databrussels.be/id/building/1630868,120,0.0,high,478,478,1.0,0.0,0.0,0.0,0,0
bxl-e149000-n169000-s500,https://databrussels.be/id/building/1632008,315,0.0,high,1261,1261,1.0,0.0,0.0,0.0,0,0
bxl-e149000-n169000-s500,https://databrussels.be/id/building/1710983,641,0.0,high,2566,2566,1.0,0.0,0.0,0.0,0,0
bxl-e149000-n169000-s500,https://databrussels.be/id/building/1706241,52,0.0,high,210,210,1.0,0.0,0.0,0.0,0,0
bxl-e149000-n169000-s500,https://databrussels.be/id/building/1704044,104,0.0,high,413,413,1.0,0.0,0.0,0.0,0,0
bxl-e149000-n169000-s500,https://databrussels.be/id/building/1621370,353,0.0,high,1415,1415,1.0,0.0,0.0,0.0,0,0
bxl-e149000-n169000-s500,https://databrussels.be/id/building/1701527,236,0.0,high,944,944,1.0,0.0,0.0,0.0,0,0
bxl-e149000-n169000-s500,https://databrussels.be/id/building/1699377,388,0.0,high,1553,1553,1.0,0.0,0.0,0.0,0,0
bxl-e149000-n169000-s500,https://databrussels.be/id/building/1620128,94,0.0,high,378,378,1.0,0.0,0.0,0.0,0,0
bxl-e149000-n169000-s500,https://databrussels.be/id/building/1694703,103,0.0,high,414,414,1.0,0.0,0.0,0.0,0,0
bxl-e149000-n169000-s500,https://databrussels.be/id/building/1631957,165,0.0,high,659,659,1.0,0.0,0.0,0.0,0,0
bxl-e149000-n169000-s500,https://databrussels.be/id/building/1695940,194,0.0,high,774,774,1.0,0.0,0.0,0.0,0,0
bxl-e149000-n169000-s500,https://databrussels.be/id/building/1628467,111,0.0,high,445,445,1.0,0.0,0.0,0.0,0,0
bxl-e149000-n169000-s500,https://databrussels.be/id/building/1709766,91,0.0,high,364,364,1.0,0.0,0.0,0.0,0,0
bxl-e149000-n169000-s500,https://databrussels.be/id/building/1693466,116,0.0,high,468,468,1.0,0.0,0.0,0.0,0,0
bxl-e149000-n169000-s500,https://databrussels.be/id/building/1702706,131,0.0,high,525,525,1.0,0.0,0.0,0.0,0,0
bxl-e149000-n169000-s500,https://databrussels.be/id/building/1700376,129,0.0,high,515,515,1.0,0.0,0.0,0.0,0,0
bxl-e149000-n169000-s500,https://databrussels.be/id/building/1705052,176,0.0,high,702,702,1.0,0.0,0.0,0.0,0,0
bxl-e149000-n169000-s500,https://databrussels.be/id/building/1695901,105,0.0,high,416,416,1.0,0.0,0.0,0.0,0,0
bxl-e149000-n169000-s500,https://databrussels.be/id/building/1711140,136,0.0,high,546,546,1.0,0.0,0.0,0.0,0,0
bxl-e149000-n169000-s500,https://databrussels.be/id/building/1702700,105,0.0,high,419,419,1.0,0.0,0.0,0.0,0,0
bxl-e149000-n169000-s500,https://databrussels.be/id/building/1706431,134,0.0,high,536,536,1.0,0.0,0.0,0.0,0,0
bxl-e149000-n169000-s500,https://databrussels.be/id/building/1809463,20,0.0,high,81,81,1.0,0.0,0.0,0.0,0,0
bxl-e149000-n169000-s500,https://databrussels.be/id/building/1694628,27,0.0,high,106,106,1.0,0.0,0.0,0.0,0,0
bxl-e149000-n169000-s500,https://databrussels.be/id/building/1705025,89,0.0,high,359,359,1.0,0.0,0.0,0.0,0,0
bxl-e149000-n169000-s500,https://databrussels.be/id/building/1628484,92,0.0,high,367,367,1.0,0.0,0.0,0.0,0,0
bxl-e149000-n169000-s500,https://databrussels.be/id/building/1739288,72,0.0,high,289,289,1.0,0.0,0.0,0.0,0,0
bxl-e149000-n169000-s500,https://databrussels.be/id/building/1708788,107,0.0,high,428,428,1.0,0.0,0.0,0.0,0,0
bxl-e149000-n169000-s500,https://databrussels.be/id/building/1706257,60,0.0,high,240,240,1.0,0.0,0.0,0.0,0,0
bxl-e149000-n169000-s500,https://databrussels.be/id/building/1706245,74,0.0,high,296,296,1.0,0.0,0.0,0.0,0,0
bxl-e149000-n169000-s500,https://databrussels.be/id/building/1709926,67,0.0,high,271,271,1.0,0.0,0.0,0.0,0,0
bxl-e149000-n169000-s500,https://databrussels.be/id/building/1694644,79,0.0,high,320,320,1.0,0.0,0.0,0.0,0,0
bxl-e149000-n169000-s500,https://databrussels.be/id/building/1710920,76,0.0,high,304,304,1.0,0.0,0.0,0.0,0,0
bxl-e149000-n169000-s500,https://databrussels.be/id/building/1695796,109,0.0,high,434,434,1.0,0.0,0.0,0.0,0,0
bxl-e149000-n169000-s500,https://databrussels.be/id/building/1700394,155,0.0,high,623,623,1.0,0.0,0.0,0.0,0,0
bxl-e149000-n169000-s500,https://databrussels.be/id/building/1798588,5,0.0,medium,19,19,1.0,0.0,0.0,0.0,0,0
bxl-e149000-n169000-s500,https://databrussels.be/id/building/1703929,93,0.0,high,374,374,1.0,0.0,0.0,0.0,0,0
bxl-e149000-n169000-s500,https://databrussels.be/id/building/1708615,81,0.0,high,324,324,1.0,0.0,0.0,0.0,0,0
bxl-e149000-n169000-s500,https://databrussels.be/id/building/1708650,94,0.0,high,375,375,1.0,0.0,0.0,0.0,0,0
bxl-e149000-n169000-s500,https://databrussels.be/id/building/1698053,98,0.0,high,394,394,1.0,0.0,0.0,0.0,0,0
bxl-e149000-n169000-s500,https://databrussels.be/id/building/1695726,73,0.0,high,291,291,1.0,0.0,0.0,0.0,0,0
bxl-e149000-n169000-s500,https://databrussels.be/id/building/1709765,63,0.0,high,255,255,1.0,0.0,0.0,0.0,0,0
bxl-e149000-n169000-s500,https://databrussels.be/id/building/1707622,38,0.0,high,152,152,1.0,0.0,0.0,0.0,0,0
bxl-e149000-n169000-s500,https://databrussels.be/id/building/1702631,68,0.0,high,273,273,1.0,0.0,0.0,0.0,0,0
bxl-e149000-n169000-s500,https://databrussels.be/id/building/1710936,97,0.0,high,388,388,1.0,0.0,0.0,0.0,0,0
bxl-e149000-n169000-s500,https://databrussels.be/id/building/1632032,120,0.0,high,483,483,1.0,0.0,0.0,0.0,0,0
bxl-e149000-n169000-s500,https://databrussels.be/id/building/1701571,108,0.0,high,435,435,1.0,0.0,0.0,0.0,0,0
bxl-e149000-n169000-s500,https://databrussels.be/id/building/1700399,90,0.0,high,359,359,1.0,0.0,0.0,0.0,0,0
bxl-e149000-n169000-s500,https://databrussels.be/id/building/1693605,106,0.0,high,422,422,1.0,0.0,0.0,0.0,0,0
bxl-e149000-n169000-s500,https://databrussels.be/id/building/1710930,97,0.0,high,391,391,1.0,0.0,0.0,0.0,0,0
bxl-e149000-n169000-s500,https://databrussels.be/id/building/1708786,107,0.0,high,427,427,1.0,0.0,0.0,0.0,0,0
bxl-e149000-n169000-s500,https://databrussels.be/id/building/1702739,114,0.0,high,454,454,1.0,0.0,0.0,0.0,0,0
bxl-e149000-n169000-s500,https://databrussels.be/id/building/1707347,112,0.0,high,450,450,1.0,0.0,0.0,0.0,0,0
bxl-e149000-n169000-s500,https://databrussels.be/id/building/1711135,136,0.0,high,545,545,1.0,0.0,0.0,0.0,0,0
bxl-e149000-n169000-s500,https://databrussels.be/id/building/1696932,215,0.0,high,864,864,1.0,0.0,0.0,0.0,0,0
bxl-e149000-n169000-s500,https://databrussels.be/id/building/1705049,219,0.0,high,877,877,1.0,0.0,0.0,0.0,0,0
bxl-e149000-n169000-s500,https://databrussels.be/id/building/1704055,104,0.0,high,418,418,1.0,0.0,0.0,0.0,0,0
bxl-e149000-n169000-s500,https://databrussels.be/id/building/1696960,126,0.0,high,502,502,1.0,0.0,0.0,0.0,0,0
bxl-e149000-n169000-s500,https://databrussels.be/id/building/1702692,102,0.0,high,407,407,1.0,0.0,0.0,0.0,0,0
bxl-e149000-n169000-s500,https://databrussels.be/id/building/1694702,103,0.0,high,410,410,1.0,0.0,0.0,0.0,0,0
bxl-e149000-n169000-s500,https://databrussels.be/id/building/1633132,963,0.0,high,3848,3848,1.0,0.0,0.0,0.0,0,0
bxl-e149000-n169000-s500,https://databrussels.be/id/building/1707435,184,0.0,high,734,734,1.0,0.0,0.0,0.0,0,0
bxl-e149000-n169000-s500,https://databrussels.be/id/building/1694660,96,0.0,high,384,384,1.0,0.0,0.0,0.0,0,0
bxl-e149000-n169000-s500,https://databrussels.be/id/building/1695875,1132,0.0,high,4529,4529,1.0,0.0,0.0,0.0,0,0
bxl-e149000-n169000-s500,https://databrussels.be/id/building/1806948,37,0.0,high,148,148,1.0,0.0,0.0,0.0,0,0
bxl-e149000-n169000-s500,https://databrussels.be/id/building/1800781,37,0.0,high,149,149,1.0,0.0,0.0,0.0,0,0
bxl-e149000-n169000-s500,https://databrussels.be/id/building/1711134,120,0.0,high,476,476,1.0,0.0,0.0,0.0,0,0
bxl-e149000-n169000-s500,https://databrussels.be/id/building/1709704,83,0.0,high,334,334,1.0,0.0,0.0,0.0,0,0
bxl-e149000-n169000-s500,https://databrussels.be/id/building/1800770,191,0.0,high,765,765,1.0,0.0,0.0,0.0,0,0
bxl-e149000-n169000-s500,https://databrussels.be/id/building/1699218,141,0.0,high,563,563,1.0,0.0,0.0,0.0,0,0
bxl-e149000-n169000-s500,https://databrussels.be/id/building/1629626,247,0.0,high,988,988,1.0,0.0,0.0,0.0,0,0
bxl-e149000-n169000-s500,https://databrussels.be/id/building/1706430,134,0.0,high,537,537,1.0,0.0,0.0,0.0,0,0
bxl-e149000-n169000-s500,https://databrussels.be/id/building/1700402,216,0.0,high,867,867,1.0,0.0,0.0,0.0,0,0
bxl-e149000-n169000-s500,https://databrussels.be/id/building/1735269,85,0.0,high,340,340,1.0,0.0,0.0,0.0,0,0
bxl-e149000-n169000-s500,https://databrussels.be/id/building/1694665,99,0.0,high,399,399,1.0,0.0,0.0,0.0,0,0
bxl-e149000-n169000-s500,https://databrussels.be/id/building/1710924,76,0.0,high,303,303,1.0,0.0,0.0,0.0,0,0
bxl-e149000-n169000-s500,https://databrussels.be/id/building/1703858,129,0.0,high,518,518,1.0,0.0,0.0,0.0,0,0
bxl-e149000-n169000-s500,https://databrussels.be/id/building/1696961,126,0.0,high,503,503,1.0,0.0,0.0,0.0,0,0
bxl-e149000-n169000-s500,https://databrussels.be/id/building/1693546,163,0.0,high,648,648,1.0,0.0,0.0,0.0,0,0
bxl-e149000-n169000-s500,https://databrussels.be/id/building/1736594,88,0.0,high,351,351,1.0,0.0,0.0,0.0,0,0
bxl-e149000-n169000-s500,https://databrussels.be/id/building/1707379,212,0.0,high,847,847,1.0,0.0,0.0,0.0,0,0
bxl-e149000-n169000-s500,https://databrussels.be/id/building/1617849,33,0.0,high,131,131,1.0,0.0,0.0,0.0,0,0
bxl-e149000-n169000-s500,https://databrussels.be/id/building/1696019,65,0.0,high,259,259,1.0,0.0,0.0,0.0,0,0
bxl-e149000-n169000-s500,https://databrussels.be/id/building/1617864,62,0.0,high,247,247,1.0,0.0,0.0,0.0,0,0
bxl-e149000-n169000-s500,https://databrussels.be/id/building/1698054,98,0.0,high,393,393,1.0,0.0,0.0,0.0,0,0
bxl-e149000-n169000-s500,https://databrussels.be/id/building/1696012,64,0.0,high,259,259,1.0,0.0,0.0,0.0,0,0
bxl-e149000-n169000-s500,https://databrussels.be/id/building/1617868,62,0.0,high,248,248,1.0,0.0,0.0,0.0,0,0
bxl-e149000-n169000-s500,https://databrussels.be/id/building/1706162,42,0.0,high,170,170,1.0,0.0,0.0,0.0,0,0
bxl-e149000-n169000-s500,https://databrussels.be/id/building/1630653,694,0.0,high,2773,2773,1.0,0.0,0.0,0.0,0,0
bxl-e149000-n169000-s500,https://databrussels.be/id/building/1775010,33,0.0,high,132,132,1.0,0.0,0.0,0.0,0,0
bxl-e149000-n169000-s500,https://databrussels.be/id/building/1629574,516,0.0,high,2063,2063,1.0,0.0,0.0,0.0,0,0
bxl-e149000-n169000-s500,https://databrussels.be/id/building/1775007,33,0.0,high,133,133,1.0,0.0,0.0,0.0,0,0
bxl-e149000-n169000-s500,https://databrussels.be/id/building/1775011,33,0.0,high,132,132,1.0,0.0,0.0,0.0,0,0
bxl-e149000-n169000-s500,https://databrussels.be/id/building/1694752,228,0.0,high,913,913,1.0,0.0,0.0,0.0,0,0
bxl-e149000-n169000-s500,https://databrussels.be/id/building/1736554,18,0.0,high,72,72,1.0,0.0,0.0,0.0,0,0
bxl-e149000-n169000-s500,https://databrussels.be/id/building/1775009,93,0.0,high,370,370,1.0,0.0,0.0,0.0,0,0
bxl-e149000-n169000-s500,https://databrussels.be/id/building/1709819,226,0.0,high,903,903,1.0,0.0,0.0,0.0,0,0
bxl-e149000-n169000-s500,https://databrussels.be/id/building/1737880,153,0.0,high,609,609,1.0,0.0,0.0,0.0,0,0
bxl-e149000-n169000-s500,https://databrussels.be/id/building/1703863,423,0.0,high,1694,1694,1.0,0.0,0.0,0.0,0,0
bxl-e149000-n169000-s500,https://databrussels.be/id/building/1629584,457,0.0,high,1831,1831,1.0,0.0,0.0,0.0,0,0
bxl-e149000-n169000-s500,https://databrussels.be/id/building/1702863,382,0.0,high,1531,1531,1.0,0.0,0.0,0.0,0,0
bxl-e149000-n169000-s500,https://databrussels.be/id/building/1695822,110,0.0,high,439,439,1.0,0.0,0.0,0.0,0,0
bxl-e149000-n169000-s500,https://databrussels.be/id/building/1700375,129,0.0,high,518,518,1.0,0.0,0.0,0.0,0,0
bxl-e149000-n169000-s500,https://databrussels.be/id/building/1694695,102,0.0,high,411,411,1.0,0.0,0.0,0.0,0,0
bxl-e149000-n169000-s500,https://databrussels.be/id/building/1633062,294,0.0,high,1173,1173,1.0,0.0,0.0,0.0,0,0
bxl-e149000-n169000-s500,https://databrussels.be/id/building/1698063,101,0.0,high,404,404,1.0,0.0,0.0,0.0,0,0
bxl-e149000-n169000-s500,https://databrussels.be/id/building/1706428,133,0.0,high,535,535,1.0,0.0,0.0,0.0,0,0
bxl-e149000-n169000-s500,https://databrussels.be/id/building/1708631,99,0.0,high,396,396,1.0,0.0,0.0,0.0,0,0
bxl-e149000-n169000-s500,https://databrussels.be/id/building/1708787,84,0.0,high,337,337,1.0,0.0,0.0,0.0,0,0
bxl-e149000-n169000-s500,https://databrussels.be/id/building/1709810,163,0.0,high,651,651,1.0,0.0,0.0,0.0,0,0
bxl-e149000-n169000-s500,https://databrussels.be/id/building/1694645,96,0.0,high,386,386,1.0,0.0,0.0,0.0,0,0
bxl-e149000-n169000-s500,https://databrussels.be/id/building/1698099,147,0.0,high,587,587,1.0,0.0,0.0,0.0,0,0
bxl-e149000-n169000-s500,https://databrussels.be/id/building/1693511,83,0.0,high,334,334,1.0,0.0,0.0,0.0,0,0
bxl-e149000-n169000-s500,https://databrussels.be/id/building/1704955,408,0.0,high,1632,1632,1.0,0.0,0.0,0.0,0,0
bxl-e149000-n169000-s500,https://databrussels.be/id/building/1706247,56,0.0,high,227,227,1.0,0.0,0.0,0.0,0,0
bxl-e149000-n169000-s500,https://databrussels.be/id/building/1698040,117,0.0,high,469,469,1.0,0.0,0.0,0.0,0,0
bxl-e149000-n169000-s500,https://databrussels.be/id/building/1708579,78,0.0,high,309,309,1.0,0.0,0.0,0.0,0,0
bxl-e149000-n169000-s500,https://databrussels.be/id/building/1773670,81,0.0,high,322,322,1.0,0.0,0.0,0.0,0,0
bxl-e149000-n169000-s500,https://databrussels.be/id/building/1787589,9,0.0,medium,35,35,1.0,0.0,0.0,0.0,0,0
bxl-e149000-n169000-s500,https://databrussels.be/id/building/1632058,309,0.0,high,1237,1237,1.0,0.0,0.0,0.0,0,0
bxl-e149000-n169000-s500,https://databrussels.be/id/building/1621344,1467,0.0,high,5869,5869,1.0,0.0,0.0,0.0,0,0
bxl-e149000-n169000-s500,https://databrussels.be/id/building/1621337,1217,0.0,high,4868,4868,1.0,0.0,0.0,0.0,0,0
bxl-e149000-n169000-s500,https://databrussels.be/id/building/1707447,108,0.0,high,426,426,1.0,0.0,0.0,0.0,0,0
bxl-e149000-n169000-s500,https://databrussels.be/id/building/1700391,155,0.0,high,621,621,1.0,0.0,0.0,0.0,0,0
bxl-e149000-n169000-s500,https://databrussels.be/id/building/1629579,448,0.0,high,1792,1792,1.0,0.0,0.0,0.0,0,0
bxl-e149000-n169000-s500,https://databrussels.be/id/building/1707590,397,0.0,high,1598,1598,1.0,0.0,0.0,0.0,0,0
bxl-e149000-n169000-s500,https://databrussels.be/id/building/1616652,1521,0.0,high,6070,6070,1.0,0.0,0.0,0.0,0,0
bxl-e149000-n169000-s500,https://databrussels.be/id/building/1696930,212,0.0,high,847,847,1.0,0.0,0.0,0.0,0,0
bxl-e149000-n169000-s500,https://databrussels.be/id/building/1737891,297,0.0,high,1195,1195,1.0,0.0,0.0,0.0,0,0
bxl-e149000-n169000-s500,https://databrussels.be/id/building/1696999,1134,0.0,high,4539,4539,1.0,0.0,0.0,0.0,0,0
bxl-e149000-n169000-s500,https://databrussels.be/id/building/1795915,11,0.0,medium,44,44,1.0,0.0,0.0,0.0,0,0
bxl-e149000-n169000-s500,https://databrussels.be/id/building/1695876,1136,0.0,high,4546,4546,1.0,0.0,0.0,0.0,0,0
bxl-e149000-n169000-s500,https://databrussels.be/id/building/1702709,132,0.0,high,526,526,1.0,0.0,0.0,0.0,0,0
bxl-e149000-n169000-s500,https://databrussels.be/id/building/1696986,87,0.0,high,348,348,1.0,0.0,0.0,0.0,0,0
bxl-e149000-n169000-s500,https://databrussels.be/id/building/1706398,85,0.0,high,340,340,1.0,0.0,0.0,0.0,0,0
bxl-e149000-n169000-s500,https://databrussels.be/id/building/1706391,84,0.0,high,338,338,1.0,0.0,0.0,0.0,0,0
bxl-e149000-n169000-s500,https://databrussels.be/id/building/1710958,81,0.0,high,325,325,1.0,0.0,0.0,0.0,0,0
bxl-e149000-n169000-s500,https://databrussels.be/id/building/1706289,230,0.0,high,922,922,1.0,0.0,0.0,0.0,0,0
bxl-e149000-n169000-s500,https://databrussels.be/id/building/1694700,102,0.0,high,411,411,1.0,0.0,0.0,0.0,0,0
bxl-e149000-n169000-s500,https://databrussels.be/id/building/1707437,76,0.0,high,301,301,1.0,0.0,0.0,0.0,0,0
bxl-e149000-n169000-s500,https://databrussels.be/id/building/1700408,220,0.0,high,879,879,1.0,0.0,0.0,0.0,0,0
bxl-e149000-n169000-s500,https://databrussels.be/id/building/1632043,156,0.0,high,617,617,1.0,0.0,0.0,0.0,0,0
bxl-e149000-n169000-s500,https://databrussels.be/id/building/1700381,129,0.0,high,521,521,1.0,0.0,0.0,0.0,0,0
bxl-e149000-n169000-s500,https://databrussels.be/id/building/1698088,177,0.0,high,711,711,1.0,0.0,0.0,0.0,0,0
bxl-e149000-n169000-s500,https://databrussels.be/id/building/1699246,283,0.0,high,1135,1135,1.0,0.0,0.0,0.0,0,0
bxl-e149000-n169000-s500,https://databrussels.be/id/building/1700389,175,0.0,high,701,701,1.0,0.0,0.0,0.0,0,0
bxl-e149000-n169000-s500,https://databrussels.be/id/building/1700356,262,0.0,high,1048,1048,1.0,0.0,0.0,0.0,0,0
bxl-e149000-n169000-s500,https://databrussels.be/id/building/1699256,351,0.0,high,1404,1404,1.0,0.0,0.0,0.0,0,0
bxl-e149000-n169000-s500,https://databrussels.be/id/building/1699225,365,0.0,high,1463,1463,1.0,0.0,0.0,0.0,0,0
bxl-e149000-n169000-s500,https://databrussels.be/id/building/1772766,214,0.0,high,853,853,1.0,0.0,0.0,0.0,0,0
bxl-e149000-n169000-s500,https://databrussels.be/id/building/1703886,82,0.0,high,330,330,1.0,0.0,0.0,0.0,0,0
bxl-e149000-n169000-s500,https://databrussels.be/id/building/1633229,1003,0.0,high,4010,4010,1.0,0.0,0.0,0.0,0,0
bxl-e149000-n169000-s500,https://databrussels.be/id/building/1789095,124,0.0,high,493,493,1.0,0.0,0.0,0.0,0,0
bxl-e149000-n169000-s500,https://databrussels.be/id/building/1709727,101,0.0,high,401,401,1.0,0.0,0.0,0.0,0,0
bxl-e149000-n169000-s500,https://databrussels.be/id/building/1710900,109,0.0,high,433,433,1.0,0.0,0.0,0.0,0,0
bxl-e149000-n169000-s500,https://databrussels.be/id/building/1703918,312,0.0,high,1245,1245,1.0,0.0,0.0,0.0,0,0
bxl-e149000-n169000-s500,https://databrussels.be/id/building/1694675,124,0.0,high,496,496,1.0,0.0,0.0,0.0,0,0
bxl-e149000-n169000-s500,https://databrussels.be/id/building/1733905,477,0.0,high,1908,1908,1.0,0.0,0.0,0.0,0,0
bxl-e149000-n169000-s500,https://databrussels.be/id/building/1694714,591,0.0,high,2359,2359,1.0,0.0,0.0,0.0,0,0
bxl-e149000-n169000-s500,https://databrussels.be/id/building/1621375,2214,0.0,high,8854,8854,1.0,0.0,0.0,0.0,0,0
bxl-e149000-n169000-s500,https://databrussels.be/id/building/1693575,66,0.0,high,263,263,1.0,0.0,0.0,0.0,0,0
bxl-e149000-n169000-s500,https://databrussels.be/id/building/1621345,324,0.0,high,1299,1299,1.0,0.0,0.0,0.0,0,0
bxl-e149000-n169000-s500,https://databrussels.be/id/building/1694712,588,0.0,high,2360,2360,1.0,0.0,0.0,0.0,0,0
bxl-e149000-n169000-s500,https://databrussels.be/id/building/1706284,230,0.0,high,914,914,1.0,0.0,0.0,0.0,0,0
bxl-e149000-n169000-s500,https://databrussels.be/id/building/1704995,346,0.0,high,1384,1384,1.0,0.0,0.0,0.0,0,0
bxl-e149000-n169000-s500,https://databrussels.be/id/building/1706297,144,0.0,high,577,577,1.0,0.0,0.0,0.0,0,0
bxl-e149000-n169000-s500,https://databrussels.be/id/building/1708608,111,0.0,high,440,440,1.0,0.0,0.0,0.0,0,0
bxl-e149000-n169000-s500,https://databrussels.be/id/building/1740706,93,0.0,high,374,374,1.0,0.0,0.0,0.0,0,0
bxl-e149000-n169000-s500,https://databrussels.be/id/building/1706288,230,0.0,high,922,922,1.0,0.0,0.0,0.0,0,0
bxl-e149000-n169000-s500,https://databrussels.be/id/building/1629590,192,0.0,high,769,769,1.0,0.0,0.0,0.0,0,0
bxl-e149000-n169000-s500,https://databrussels.be/id/building/1737887,218,0.0,high,874,874,1.0,0.0,0.0,0.0,0,0
bxl-e149000-n169000-s500,https://databrussels.be/id/building/1775008,164,0.0,high,655,655,1.0,0.0,0.0,0.0,0,0
bxl-e149000-n169000-s500,https://databrussels.be/id/building/1775012,131,0.0,high,524,524,1.0,0.0,0.0,0.0,0,0
bxl-e149000-n169000-s500,https://databrussels.be/id/building/1698102,253,0.0,high,1011,1011,1.0,0.0,0.0,0.0,0,0
bxl-e149000-n169000-s500,https://databrussels.be/id/building/1694697,96,0.0,high,381,381,1.0,0.0,0.0,0.0,0,0
bxl-e149000-n169000-s500,https://databrussels.be/id/building/1702719,303,0.0,high,1208,1208,1.0,0.0,0.0,0.0,0,0
bxl-e149000-n169000-s500,https://databrussels.be/id/building/1697007,154,0.0,high,616,616,1.0,0.0,0.0,0.0,0,0
bxl-e149000-n169000-s500,https://databrussels.be/id/building/1707455,75,0.0,high,300,300,1.0,0.0,0.0,0.0,0,0
bxl-e149000-n169000-s500,https://databrussels.be/id/building/1702715,182,0.0,high,730,730,1.0,0.0,0.0,0.0,0,0
bxl-e149000-n169000-s500,https://databrussels.be/id/building/1705201,227,0.0,high,906,906,1.0,0.0,0.0,0.0,0,0
bxl-e149000-n169000-s500,https://databrussels.be/id/building/1699242,174,0.0,high,694,694,1.0,0.0,0.0,0.0,0,0
bxl-e149000-n169000-s500,https://databrussels.be/id/building/1695939,222,0.0,high,886,886,1.0,0.0,0.0,0.0,0,0
bxl-e149000-n169000-s500,https://databrussels.be/id/building/1700404,219,0.0,high,881,881,1.0,0.0,0.0,0.0,0,0
bxl-e149000-n169000-s500,https://databrussels.be/id/building/1700403,219,0.0,high,874,874,1.0,0.0,0.0,0.0,0,0
bxl-e149000-n169000-s500,https://databrussels.be/id/building/1695727,73,0.0,high,292,292,1.0,0.0,0.0,0.0,0,0
bxl-e149000-n169000-s500,https://databrussels.be/id/building/1694708,245,0.0,high,978,978,1.0,0.0,0.0,0.0,0,0
bxl-e149000-n169000-s500,https://databrussels.be/id/building/1630670,221,0.0,high,877,877,1.0,0.0,0.0,0.0,0,0
bxl-e149000-n169000-s500,https://databrussels.be/id/building/1621347,325,0.0,high,1298,1298,1.0,0.0,0.0,0.0,0,0
bxl-e149000-n169000-s500,https://databrussels.be/id/building/1705097,74,0.0,high,297,297,1.0,0.0,0.0,0.0,0,0
bxl-e149000-n169000-s500,https://databrussels.be/id/building/1706262,91,0.0,high,367,367,1.0,0.0,0.0,0.0,0,0
bxl-e149000-n169000-s500,https://databrussels.be/id/building/1629592,479,0.0,high,1917,1917,1.0,0.0,0.0,0.0,0,0
bxl-e149000-n169000-s500,https://databrussels.be/id/building/1633065,296,0.0,high,1182,1182,1.0,0.0,0.0,0.0,0,0
bxl-e149000-n169000-s500,https://databrussels.be/id/building/1633054,167,0.0,high,662,662,1.0,0.0,0.0,0.0,0,0
bxl-e149000-n169000-s500,https://databrussels.be/id/building/1695850,664,0.0,high,2654,2654,1.0,0.0,0.0,0.0,0,0
bxl-e149000-n169000-s500,https://databrussels.be/id/building/1698122,282,0.0,high,1133,1133,1.0,0.0,0.0,0.0,0,0
bxl-e149000-n169000-s500,https://databrussels.be/id/building/1629596,150,0.0,high,600,600,1.0,0.0,0.0,0.0,0,0
bxl-e149000-n169000-s500,https://databrussels.be/id/building/1706294,114,0.0,high,459,459,1.0,0.0,0.0,0.0,0,0
bxl-e149000-n169000-s500,https://databrussels.be/id/building/1633227,998,0.0,high,3992,3992,1.0,0.0,0.0,0.0,0,0
bxl-e149000-n169000-s500,https://databrussels.be/id/building/1633225,969,0.0,high,3879,3879,1.0,0.0,0.0,0.0,0,0
bxl-e149000-n169000-s500,https://databrussels.be/id/building/1699249,284,0.0,high,1135,1135,1.0,0.0,0.0,0.0,0,0
bxl-e149000-n169000-s500,https://databrussels.be/id/building/1698215,291,0.0,high,1161,1161,1.0,0.0,0.0,0.0,0,0
bxl-e149000-n169000-s500,https://databrussels.be/id/building/1696969,168,0.0,high,673,673,1.0,0.0,0.0,0.0,0,0
bxl-e149000-n169000-s500,https://databrussels.be/id/building/1694690,171,0.0,high,685,685,1.0,0.0,0.0,0.0,0,0
bxl-e149000-n169000-s500,https://databrussels.be/id/building/1620130,95,0.0,high,379,379,1.0,0.0,0.0,0.0,0,0
bxl-e149000-n169000-s500,https://databrussels.be/id/building/1789096,87,0.0,high,345,345,1.0,0.0,0.0,0.0,0,0
bxl-e149000-n169000-s500,https://databrussels.be/id/building/1785232,31,0.0,high,126,126,1.0,0.0,0.0,0.0,0,0
bxl-e149000-n169000-s500,https://databrussels.be/id/building/1710872,115,0.0,high,457,457,1.0,0.0,0.0,0.0,0,0
bxl-e149000-n169000-s500,https://databrussels.be/id/building/1696948,262,0.0,high,1051,1051,1.0,0.0,0.0,0.0,0,0
bxl-e149000-n169000-s500,https://databrussels.be/id/building/1694672,124,0.0,high,493,493,1.0,0.0,0.0,0.0,0,0
bxl-e149000-n169000-s500,https://databrussels.be/id/building/1695823,117,0.0,high,467,467,1.0,0.0,0.0,0.0,0,0
bxl-e149000-n169000-s500,https://databrussels.be/id/building/1709687,142,0.0,high,569,569,1.0,0.0,0.0,0.0,0,0
bxl-e149000-n169000-s500,https://databrussels.be/id/building/1700398,91,0.0,high,360,360,1.0,0.0,0.0,0.0,0,0
bxl-e149000-n169000-s500,https://databrussels.be/id/building/1693537,122,0.0,high,490,490,1.0,0.0,0.0,0.0,0,0
bxl-e149000-n169000-s500,https://databrussels.be/id/building/1778348,87,0.0,high,348,348,1.0,0.0,0.0,0.0,0,0
bxl-e149000-n169000-s500,https://databrussels.be/id/building/1693705,3000,0.0,high,9410,9410,1.0,0.0,0.0,0.0,0,0
bxl-e149000-n169000-s500,https://databrussels.be/id/building/1694575,147,0.0,high,589,589,1.0,0.0,0.0,0.0,0,0
bxl-e149000-n169000-s500,https://databrussels.be/id/building/1695904,104,0.0,high,415,415,1.0,0.0,0.0,0.0,0,0
bxl-e149000-n169000-s500,https://databrussels.be/id/building/1708571,46,0.0,high,185,185,1.0,0.0,0.0,0.0,0,0
bxl-e149000-n169000-s500,https://databrussels.be/id/building/1747279,41,0.0,high,162,162,1.0,0.0,0.0,0.0,0,0
bxl-e149000-n169000-s500,https://databrussels.be/id/building/1697104,197,0.0,high,787,787,1.0,0.0,0.0,0.0,0,0
bxl-e149000-n169000-s500,https://databrussels.be/id/building/1618970,252,0.0,high,1009,1009,1.0,0.0,0.0,0.0,0,0
bxl-e149000-n169000-s500,https://databrussels.be/id/building/1702729,657,0.0,high,2627,2627,1.0,0.0,0.0,0.0,0,0
bxl-e149000-n169000-s500,https://databrussels.be/id/building/1618966,250,0.0,high,1003,1003,1.0,0.0,0.0,0.0,0,0
bxl-e149000-n169000-s500,https://databrussels.be/id/building/1709825,253,0.0,high,1012,1012,1.0,0.0,0.0,0.0,0,0
bxl-e149000-n169000-s500,https://databrussels.be/id/building/1707344,112,0.0,high,448,448,1.0,0.0,0.0,0.0,0,0
bxl-e149000-n169000-s500,https://databrussels.be/id/building/1693573,192,0.0,high,765,765,1.0,0.0,0.0,0.0,0,0
bxl-e149000-n169000-s500,https://databrussels.be/id/building/1660569,49,0.0,high,196,196,1.0,0.0,0.0,0.0,0,0
bxl-e149000-n169000-s500,https://databrussels.be/id/building/1737894,99,0.0,high,391,391,1.0,0.0,0.0,0.0,0,0
bxl-e149000-n169000-s500,https://databrussels.be/id/building/1705085,91,0.0,high,363,363,1.0,0.0,0.0,0.0,0,0
bxl-e149000-n169000-s500,https://databrussels.be/id/building/1737961,69,0.0,high,277,277,1.0,0.0,0.0,0.0,0,0
bxl-e149000-n169000-s500,https://databrussels.be/id/building/1708775,132,0.0,high,529,529,1.0,0.0,0.0,0.0,0,0
bxl-e149000-n169000-s500,https://databrussels.be/id/building/1737897,130,0.0,high,517,517,1.0,0.0,0.0,0.0,0,0
bxl-e149000-n169000-s500,https://databrussels.be/id/building/1695794,100,0.0,high,402,402,1.0,0.0,0.0,0.0,0,0
bxl-e149000-n169000-s500,https://databrussels.be/id/building/1703868,702,0.0,high,2809,2809,1.0,0.0,0.0,0.0,0,0
bxl-e149000-n169000-s500,https://databrussels.be/id/building/1707588,86,0.0,high,344,344,1.0,0.0,0.0,0.0,0,0
bxl-e149000-n169000-s500,https://databrussels.be/id/building/1707452,75,0.0,high,300,300,1.0,0.0,0.0,0.0,0,0
bxl-e149000-n169000-s500,https://databrussels.be/id/building/1708778,106,0.0,high,426,426,1.0,0.0,0.0,0.0,0,0
bxl-e149000-n169000-s500,https://databrussels.be/id/building/1617860,62,0.0,high,249,249,1.0,0.0,0.0,0.0,0,0
bxl-e149000-n169000-s500,https://databrussels.be/id/building/1696919,145,0.0,high,579,579,1.0,0.0,0.0,0.0,0,0
bxl-e149000-n169000-s500,https://databrussels.be/id/building/1740696,27,0.0,high,109,109,1.0,0.0,0.0,0.0,0,0
bxl-e149000-n169000-s500,https://databrussels.be/id/building/1695862,57,0.0,high,226,226,1.0,0.0,0.0,0.0,0,0
bxl-e149000-n169000-s500,https://databrussels.be/id/building/1780699,155,0.0,high,619,619,1.0,0.0,0.0,0.0,0,0
bxl-e149000-n169000-s500,https://databrussels.be/id/building/1631955,165,0.0,high,660,660,1.0,0.0,0.0,0.0,0,0
bxl-e149000-n169000-s500,https://databrussels.be/id/building/1733891,55,0.0,high,221,221,1.0,0.0,0.0,0.0,0,0
bxl-e149000-n169000-s500,https://databrussels.be/id/building/1705251,133,0.0,high,530,530,1.0,0.0,0.0,0.0,0,0
bxl-e149000-n169000-s500,https://databrussels.be/id/building/1633057,167,0.0,high,666,666,1.0,0.0,0.0,0.0,0,0
bxl-e149000-n169000-s500,https://databrussels.be/id/building/1631951,120,0.0,high,478,478,1.0,0.0,0.0,0.0,0,0
bxl-e149000-n169000-s500,https://databrussels.be/id/building/1695933,135,0.0,high,543,543,1.0,0.0,0.0,0.0,0,0
bxl-e149000-n169000-s500,https://databrussels.be/id/building/1701557,181,0.0,high,724,724,1.0,0.0,0.0,0.0,0,0
bxl-e149000-n169000-s500,https://databrussels.be/id/building/1803180,116,0.0,high,464,464,1.0,0.0,0.0,0.0,0,0
bxl-e149000-n169000-s500,https://databrussels.be/id/building/1737904,279,0.0,high,1113,1113,1.0,0.0,0.0,0.0,0,0
bxl-e149000-n169000-s500,https://databrussels.be/id/building/1709728,224,0.0,high,898,898,1.0,0.0,0.0,0.0,0,0
bxl-e149000-n169000-s500,https://databrussels.be/id/building/1620203,185,0.0,high,740,740,1.0,0.0,0.0,0.0,0,0
bxl-e149000-n169000-s500,https://databrussels.be/id/building/1702853,199,0.0,high,800,800,1.0,0.0,0.0,0.0,0,0
bxl-e149000-n169000-s500,https://databrussels.be/id/building/1631962,165,0.0,high,659,659,1.0,0.0,0.0,0.0,0,0
bxl-e149000-n169000-s500,https://databrussels.be/id/building/1735194,89,0.0,high,356,356,1.0,0.0,0.0,0.0,0,0
bxl-e149000-n169000-s500,https://databrussels.be/id/building/1698068,127,0.0,high,509,509,1.0,0.0,0.0,0.0,0,0
bxl-e149000-n169000-s500,https://databrussels.be/id/building/1695907,105,0.0,high,420,420,1.0,0.0,0.0,0.0,0,0
bxl-e149000-n169000-s500,https://databrussels.be/id/building/1694795,135,0.0,high,538,538,1.0,0.0,0.0,0.0,0,0
bxl-e149000-n169000-s500,https://databrussels.be/id/building/1788206,86,0.0,high,345,345,1.0,0.0,0.0,0.0,0,0
bxl-e149000-n169000-s500,https://databrussels.be/id/building/1696867,91,0.0,high,361,361,1.0,0.0,0.0,0.0,0,0
bxl-e149000-n169000-s500,https://databrussels.be/id/building/1705075,113,0.0,high,450,450,1.0,0.0,0.0,0.0,0,0
bxl-e149000-n169000-s500,https://databrussels.be/id/building/1695729,73,0.0,high,292,292,1.0,0.0,0.0,0.0,0,0
bxl-e149000-n169000-s500,https://databrussels.be/id/building/1709762,63,0.0,high,252,252,1.0,0.0,0.0,0.0,0,0
bxl-e149000-n169000-s500,https://databrussels.be/id/building/1740692,4,0.0,medium,16,16,1.0,0.0,0.0,0.0,0,0
bxl-e149000-n169000-s500,https://databrussels.be/id/building/1740693,9,0.0,medium,35,35,1.0,0.0,0.0,0.0,0,0
bxl-e149000-n169000-s500,https://databrussels.be/id/building/1693484,1311,0.0,high,5245,5245,1.0,0.0,0.0,0.0,0,0
bxl-e149000-n169000-s500,https://databrussels.be/id/building/1707459,75,0.0,high,301,301,1.0,0.0,0.0,0.0,0,0
bxl-e149000-n169000-s500,https://databrussels.be/id/building/1735200,96,0.0,high,384,384,1.0,0.0,0.0,0.0,0,0
bxl-e149000-n169000-s500,https://databrussels.be/id/building/1740695,26,0.0,high,100,100,1.0,0.0,0.0,0.0,0,0
bxl-e149000-n169000-s500,https://databrussels.be/id/building/1705198,195,0.0,high,778,778,1.0,0.0,0.0,0.0,0,0
bxl-e149000-n169000-s500,https://databrussels.be/id/building/1711138,136,0.0,high,547,547,1.0,0.0,0.0,0.0,0,0
bxl-e149000-n169000-s500,https://databrussels.be/id/building/1707464,122,0.0,high,488,488,1.0,0.0,0.0,0.0,0,0
bxl-e149000-n169000-s500,https://databrussels.be/id/building/1701688,341,0.0,high,1364,1364,1.0,0.0,0.0,0.0,0,0
bxl-e149000-n169000-s500,https://databrussels.be/id/building/1700416,52,0.0,high,210,210,1.0,0.0,0.0,0.0,0,0
bxl-e149000-n169000-s500,https://databrussels.be/id/building/1617852,34,0.0,high,135,135,1.0,0.0,0.0,0.0,0,0
bxl-e149000-n169000-s500,https://databrussels.be/id/building/1708591,11,0.0,medium,43,43,1.0,0.0,0.0,0.0,0,0
bxl-e149000-n169000-s500,https://databrussels.be/id/building/1629563,200,0.0,high,799,799,1.0,0.0,0.0,0.0,0,0
bxl-e149000-n169000-s500,https://databrussels.be/id/building/1735206,112,0.0,high,447,447,1.0,0.0,0.0,0.0,0,0
bxl-e149000-n169000-s500,https://databrussels.be/id/building/1702858,375,0.0,high,1505,1505,1.0,0.0,0.0,0.0,0,0
bxl-e149000-n169000-s500,https://databrussels.be/id/building/1698101,241,0.0,high,962,962,1.0,0.0,0.0,0.0,0,0
bxl-e149000-n169000-s500,https://databrussels.be/id/building/1620200,153,0.0,high,614,614,1.0,0.0,0.0,0.0,0,0
bxl-e149000-n169000-s500,https://databrussels.be/id/building/1700379,129,0.0,high,517,517,1.0,0.0,0.0,0.0,0,0
bxl-e149000-n169000-s500,https://databrussels.be/id/building/1701573,113,0.0,high,454,454,1.0,0.0,0.0,0.0,0,0
bxl-e149000-n169000-s500,https://databrussels.be/id/building/1693510,83,0.0,high,332,332,1.0,0.0,0.0,0.0,0,0
bxl-e149000-n169000-s500,https://databrussels.be/id/building/1700413,492,0.0,high,1967,1967,1.0,0.0,0.0,0.0,0,0
bxl-e149000-n169000-s500,https://databrussels.be/id/building/1632042,156,0.0,high,625,625,1.0,0.0,0.0,0.0,0,0
bxl-e149000-n169000-s500,https://databrussels.be/id/building/1631952,165,0.0,high,660,660,1.0,0.0,0.0,0.0,0,0
bxl-e149000-n169000-s500,https://databrussels.be/id/building/1708495,113,0.0,high,450,450,1.0,0.0,0.0,0.0,0,0
bxl-e149000-n169000-s500,https://databrussels.be/id/building/1708644,140,0.0,high,561,561,1.0,0.0,0.0,0.0,0,0
bxl-e149000-n169000-s500,https://databrussels.be/id/building/1695786,97,0.0,high,389,389,1.0,0.0,0.0,0.0,0,0
bxl-e149000-n169000-s500,https://databrussels.be/id/building/1706425,133,0.0,high,533,533,1.0,0.0,0.0,0.0,0,0
bxl-e149000-n169000-s500,https://databrussels.be/id/building/1710949,121,0.0,high,484,484,1.0,0.0,0.0,0.0,0,0
bxl-e149000-n169000-s500,https://databrussels.be/id/building/1622462,158,0.0,high,631,631,1.0,0.0,0.0,0.0,0,0
bxl-e149000-n169000-s500,https://databrussels.be/id/building/1630648,559,0.0,high,2235,2235,1.0,0.0,0.0,0.0,0,0
bxl-e149000-n169000-s500,https://databrussels.be/id/building/1710931,97,0.0,high,387,387,1.0,0.0,0.0,0.0,0,0
bxl-e149000-n169000-s500,https://databrussels.be/id/building/1622435,157,0.0,high,628,628,1.0,0.0,0.0,0.0,0,0
bxl-e149000-n169000-s500,https://databrussels.be/id/building/1617808,190,0.0,high,760,760,1.0,0.0,0.0,0.0,0,0
bxl-e149000-n169000-s500,https://databrussels.be/id/building/1706293,114,0.0,high,458,458,1.0,0.0,0.0,0.0,0,0
bxl-e149000-n169000-s500,https://databrussels.be/id/building/1630837,113,0.0,high,449,449,1.0,0.0,0.0,0.0,0,0
bxl-e149000-n169000-s500,https://databrussels.be/id/building/1708610,116,0.0,high,461,461,1.0,0.0,0.0,0.0,0,0
bxl-e149000-n169000-s500,https://databrussels.be/id/building/1693569,191,0.0,high,767,767,1.0,0.0,0.0,0.0,0,0
bxl-e149000-n169000-s500,https://databrussels.be/id/building/1708606,111,0.0,high,443,443,1.0,0.0,0.0,0.0,0,0
bxl-e149000-n169000-s500,https://databrussels.be/id/building/1700390,176,0.0,high,704,704,1.0,0.0,0.0,0.0,0,0
bxl-e149000-n169000-s500,https://databrussels.be/id/building/1700429,109,0.0,high,438,438,1.0,0.0,0.0,0.0,0,0
bxl-e149000-n169000-s500,https://databrussels.be/id/building/1699244,174,0.0,high,698,698,1.0,0.0,0.0,0.0,0,0
bxl-e149000-n169000-s500,https://databrussels.be/id/building/1709808,135,0.0,high,546,546,1.0,0.0,0.0,0.0,0,0
bxl-e149000-n169000-s500,https://databrussels.be/id/building/1710935,97,0.0,high,390,390,1.0,0.0,0.0,0.0,0,0
bxl-e149000-n169000-s500,https://databrussels.be/id/building/1740694,14,0.0,medium,55,55,1.0,0.0,0.0,0.0,0,0
bxl-e149000-n169000-s500,https://databrussels.be/id/building/1740691,1,0.0,insufficient,6,6,1.0,0.0,0.0,0.0,0,0
bxl-e149000-n169000-s500,https://databrussels.be/id/building/1693487,1990,0.0,high,7957,7957,1.0,0.0,0.0,0.0,0,0
bxl-e149000-n169000-s500,https://databrussels.be/id/building/1747457,114,0.0,high,456,456,1.0,0.0,0.0,0.0,0,0
bxl-e149000-n169000-s500,https://databrussels.be/id/building/1747461,183,0.0,high,733,733,1.0,0.0,0.0,0.0,0,0
bxl-e149000-n169000-s500,https://databrussels.be/id/building/1708502,147,0.0,high,591,591,1.0,0.0,0.0,0.0,0,0
bxl-e149000-n169000-s500,https://databrussels.be/id/building/1693568,191,0.0,high,766,766,1.0,0.0,0.0,0.0,0,0
bxl-e149000-n169000-s500,https://databrussels.be/id/building/1697103,189,0.0,high,758,758,1.0,0.0,0.0,0.0,0,0
bxl-e149000-n169000-s500,https://databrussels.be/id/building/1699247,454,0.0,high,1813,1813,1.0,0.0,0.0,0.0,0,0
bxl-e149000-n169000-s500,https://databrussels.be/id/building/1698105,242,0.0,high,969,969,1.0,0.0,0.0,0.0,0,0
bxl-e149000-n169000-s500,https://databrussels.be/id/building/1617846,32,0.0,high,129,129,1.0,0.0,0.0,0.0,0,0
bxl-e149000-n169000-s500,https://databrussels.be/id/building/1705090,94,0.0,high,375,375,1.0,0.0,0.0,0.0,0,0
bxl-e149000-n169000-s500,https://databrussels.be/id/building/1693609,106,0.0,high,425,425,1.0,0.0,0.0,0.0,0,0
bxl-e149000-n169000-s500,https://databrussels.be/id/building/1694680,124,0.0,high,500,500,1.0,0.0,0.0,0.0,0,0
bxl-e149000-n169000-s500,https://databrussels.be/id/building/1631963,166,0.0,high,664,664,1.0,0.0,0.0,0.0,0,0
bxl-e149000-n169000-s500,https://databrussels.be/id/building/1699236,173,0.0,high,689,689,1.0,0.0,0.0,0.0,0,0
bxl-e149000-n169000-s500,https://databrussels.be/id/building/1709820,158,0.0,high,632,632,1.0,0.0,0.0,0.0,0,0
bxl-e149000-n169000-s500,https://databrussels.be/id/building/1703872,109,0.0,high,434,434,1.0,0.0,0.0,0.0,0,0
bxl-e149000-n169000-s500,https://databrussels.be/id/building/1705089,93,0.0,high,375,375,1.0,0.0,0.0,0.0,0,0
bxl-e149000-n169000-s500,https://databrussels.be/id/building/1693661,86,0.0,high,343,343,1.0,0.0,0.0,0.0,0,0
bxl-e149000-n169000-s500,https://databrussels.be/id/building/1633226,974,0.0,high,3897,3897,1.0,0.0,0.0,0.0,0,0
bxl-e149000-n169000-s500,https://databrussels.be/id/building/1708811,370,0.0,high,1479,1479,1.0,0.0,0.0,0.0,0,0
bxl-e149000-n169000-s500,https://databrussels.be/id/building/1694652,110,0.0,high,443,443,1.0,0.0,0.0,0.0,0,0
bxl-e149000-n169000-s500,https://databrussels.be/id/building/1699241,174,0.0,high,693,693,1.0,0.0,0.0,0.0,0,0
bxl-e149000-n169000-s500,https://databrussels.be/id/building/1629572,197,0.0,high,789,789,1.0,0.0,0.0,0.0,0,0
bxl-e149000-n169000-s500,https://databrussels.be/id/building/1710947,121,0.0,high,485,485,1.0,0.0,0.0,0.0,0,0
bxl-e149000-n169000-s500,https://databrussels.be/id/building/1629565,201,0.0,high,802,802,1.0,0.0,0.0,0.0,0,0
bxl-e149000-n169000-s500,https://databrussels.be/id/building/1706193,206,0.0,high,827,827,1.0,0.0,0.0,0.0,0,0
bxl-e149000-n169000-s500,https://databrussels.be/id/building/1694730,86,0.0,high,341,341,1.0,0.0,0.0,0.0,0,0
bxl-e149000-n169000-s500,https://databrussels.be/id/building/1699234,172,0.0,high,694,694,1.0,0.0,0.0,0.0,0,0
bxl-e149000-n169000-s500,https://databrussels.be/id/building/1630672,221,0.0,high,884,884,1.0,0.0,0.0,0.0,0,0
bxl-e149000-n169000-s500,https://databrussels.be/id/building/1695870,286,0.0,high,1145,1145,1.0,0.0,0.0,0.0,0,0
bxl-e149000-n169000-s500,https://databrussels.be/id/building/1695828,117,0.0,high,469,469,1.0,0.0,0.0,0.0,0,0
bxl-e149000-n169000-s500,https://databrussels.be/id/building/1709823,231,0.0,high,921,921,1.0,0.0,0.0,0.0,0,0
bxl-e149000-n169000-s500,https://databrussels.be/id/building/1694717,1079,0.0,high,4309,4309,1.0,0.0,0.0,0.0,0,0
bxl-e149000-n169000-s500,https://databrussels.be/id/building/1702703,131,0.0,high,523,523,1.0,0.0,0.0,0.0,0,0
bxl-e149000-n169000-s500,https://databrussels.be/id/building/1699209,119,0.0,high,476,476,1.0,0.0,0.0,0.0,0,0
bxl-e149000-n169000-s500,https://databrussels.be/id/building/1697053,5828,0.0,high,23315,23315,1.0,0.0,0.0,0.0,0,0
bxl-e149000-n169000-s500,https://databrussels.be/id/building/1709782,96,0.0,high,381,381,1.0,0.0,0.0,0.0,0,0
bxl-e149000-n169000-s500,https://databrussels.be/id/building/1621376,2433,0.0,high,9731,9731,1.0,0.0,0.0,0.0,0,0
bxl-e149000-n169000-s500,https://databrussels.be/id/building/1772831,65,0.0,high,260,260,1.0,0.0,0.0,0.0,0,0
bxl-e149000-n169000-s500,https://databrussels.be/id/building/1629589,629,0.0,high,2507,2507,1.0,0.0,0.0,0.0,0,0
bxl-e149000-n169000-s500,https://databrussels.be/id/building/1622436,157,0.0,high,632,632,1.0,0.0,0.0,0.0,0,0
bxl-e149000-n169000-s500,https://databrussels.be/id/building/1708539,508,0.0,high,2032,2032,1.0,0.0,0.0,0.0,0,0
bxl-e149000-n169000-s500,https://databrussels.be/id/building/1693508,83,0.0,high,333,333,1.0,0.0,0.0,0.0,0,0
bxl-e149000-n169000-s500,https://databrussels.be/id/building/1621340,1286,0.0,high,5146,5146,1.0,0.0,0.0,0.0,0,0
bxl-e149000-n169000-s500,https://databrussels.be/id/building/1698103,177,0.0,high,709,709,1.0,0.0,0.0,0.0,0,0
bxl-e149000-n169000-s500,https://databrussels.be/id/building/1703865,263,0.0,high,1055,1055,1.0,0.0,0.0,0.0,0,0
bxl-e149000-n169000-s500,https://databrussels.be/id/building/1710986,593,0.0,high,2370,2370,1.0,0.0,0.0,0.0,0,0
bxl-e149000-n169000-s500,https://databrussels.be/id/building/1799526,902,0.0,high,3610,3610,1.0,0.0,0.0,0.0,0,0
bxl-e149000-n169000-s500,https://databrussels.be/id/building/1737877,134,0.0,high,537,537,1.0,0.0,0.0,0.0,0,0
bxl-e149000-n169000-s500,https://databrussels.be/id/building/1693608,106,0.0,high,424,424,1.0,0.0,0.0,0.0,0,0
bxl-e149000-n169000-s500,https://databrussels.be/id/building/1620197,301,0.0,high,1201,1201,1.0,0.0,0.0,0.0,0,0
bxl-e149000-n169000-s500,https://databrussels.be/id/building/1705047,131,0.0,high,524,524,1.0,0.0,0.0,0.0,0,0
bxl-e149000-n169000-s500,https://databrussels.be/id/building/1694632,29,0.0,high,117,117,1.0,0.0,0.0,0.0,0,0
bxl-e149000-n169000-s500,https://databrussels.be/id/building/1694633,29,0.0,high,119,119,1.0,0.0,0.0,0.0,0,0
bxl-e149000-n169000-s500,https://databrussels.be/id/building/1694720,613,0.0,high,2451,2451,1.0,0.0,0.0,0.0,0,0
bxl-e149000-n169000-s500,https://databrussels.be/id/building/1710897,92,0.0,high,369,369,1.0,0.0,0.0,0.0,0,0
bxl-e149000-n169000-s500,https://databrussels.be/id/building/1734696,270,0.0,high,1078,1078,1.0,0.0,0.0,0.0,0,0
bxl-e149000-n169000-s500,https://databrussels.be/id/building/1708498,141,0.0,high,567,567,1.0,0.0,0.0,0.0,0,0
bxl-e149000-n169000-s500,https://databrussels.be/id/building/1706252,113,0.0,high,452,452,1.0,0.0,0.0,0.0,0,0
bxl-e149000-n169000-s500,https://databrussels.be/id/building/1734806,96,0.0,high,383,383,1.0,0.0,0.0,0.0,0,0
bxl-e149000-n169000-s500,https://databrussels.be/id/building/1707366,71,0.0,high,285,285,1.0,0.0,0.0,0.0,0,0
bxl-e149000-n169000-s500,https://databrussels.be/id/building/1709672,51,0.0,high,202,202,1.0,0.0,0.0,0.0,0,0
bxl-e149000-n169000-s500,https://databrussels.be/id/building/1699210,111,0.0,high,443,443,1.0,0.0,0.0,0.0,0,0
bxl-e149000-n169000-s500,https://databrussels.be/id/building/1677446,71,0.0,high,284,284,1.0,0.0,0.0,0.0,0,0
bxl-e149000-n169000-s500,https://databrussels.be/id/building/1697101,188,0.0,high,753,753,1.0,0.0,0.0,0.0,0,0
bxl-e149000-n169000-s500,https://databrussels.be/id/building/1630680,227,0.0,high,910,910,1.0,0.0,0.0,0.0,0,0
bxl-e149000-n169000-s500,https://databrussels.be/id/building/1693604,106,0.0,high,424,424,1.0,0.0,0.0,0.0,0,0
bxl-e149000-n169000-s500,https://databrussels.be/id/building/1700401,219,0.0,high,873,873,1.0,0.0,0.0,0.0,0,0
bxl-e149000-n169000-s500,https://databrussels.be/id/building/1708619,116,0.0,high,463,463,1.0,0.0,0.0,0.0,0,0
bxl-e149000-n169000-s500,https://databrussels.be/id/building/1632059,174,0.0,high,696,696,1.0,0.0,0.0,0.0,0,0
bxl-e149000-n169000-s500,https://databrussels.be/id/building/1693545,103,0.0,high,412,412,1.0,0.0,0.0,0.0,0,0
bxl-e149000-n169000-s500,https://databrussels.be/id/building/1732324,63,0.0,high,250,250,1.0,0.0,0.0,0.0,0,0
bxl-e149000-n169000-s500,https://databrussels.be/id/building/1695908,105,0.0,high,420,420,1.0,0.0,0.0,0.0,0,0
bxl-e149000-n169000-s500,https://databrussels.be/id/building/1696944,154,0.0,high,616,616,1.0,0.0,0.0,0.0,0,0
bxl-e149000-n169000-s500,https://databrussels.be/id/building/1694579,148,0.0,high,591,591,1.0,0.0,0.0,0.0,0,0
bxl-e149000-n169000-s500,https://databrussels.be/id/building/1631954,165,0.0,high,656,656,1.0,0.0,0.0,0.0,0,0
bxl-e149000-n169000-s500,https://databrussels.be/id/building/1709815,254,0.0,high,1028,1028,1.0,0.0,0.0,0.0,0,0
bxl-e149000-n169000-s500,https://databrussels.be/id/building/1703889,218,0.0,high,872,872,1.0,0.0,0.0,0.0,0,0
bxl-e149000-n169000-s500,https://databrussels.be/id/building/1694640,118,0.0,high,474,474,1.0,0.0,0.0,0.0,0,0
bxl-e149000-n169000-s500,https://databrussels.be/id/building/1707368,89,0.0,high,350,350,1.0,0.0,0.0,0.0,0,0
bxl-e149000-n169000-s500,https://databrussels.be/id/building/1710934,97,0.0,high,387,387,1.0,0.0,0.0,0.0,0,0
bxl-e149000-n169000-s500,https://databrussels.be/id/building/1710940,96,0.0,high,386,386,1.0,0.0,0.0,0.0,0,0
bxl-e149000-n169000-s500,https://databrussels.be/id/building/1630684,529,0.0,high,2112,2112,1.0,0.0,0.0,0.0,0,0
bxl-e149000-n169000-s500,https://databrussels.be/id/building/1699192,102,0.0,high,407,407,1.0,0.0,0.0,0.0,0,0
bxl-e149000-n169000-s500,https://databrussels.be/id/building/1701540,496,0.0,high,1982,1982,1.0,0.0,0.0,0.0,0,0
bxl-e149000-n169000-s500,https://databrussels.be/id/building/1696952,123,0.0,high,494,494,1.0,0.0,0.0,0.0,0,0
bxl-e149000-n169000-s500,https://databrussels.be/id/building/1709744,15,0.0,medium,59,59,1.0,0.0,0.0,0.0,0,0
bxl-e149000-n169000-s500,https://databrussels.be/id/building/1709814,164,0.0,high,655,655,1.0,0.0,0.0,0.0,0,0
bxl-e149000-n169000-s500,https://databrussels.be/id/building/1622466,159,0.0,high,640,640,1.0,0.0,0.0,0.0,0,0
bxl-e149000-n169000-s500,https://databrussels.be/id/building/1800699,4,0.0,medium,16,16,1.0,0.0,0.0,0.0,0,0
bxl-e149000-n169000-s500,https://databrussels.be/id/building/1830129,33,0.0,high,134,134,1.0,0.0,0.0,0.0,0,0
bxl-e149000-n169000-s500,https://databrussels.be/id/building/1808237,26,0.0,high,105,105,1.0,0.0,0.0,0.0,0,0
bxl-e149000-n169000-s500,https://databrussels.be/id/building/1709747,16,0.0,medium,62,62,1.0,0.0,0.0,0.0,0,0
bxl-e149000-n169000-s500,https://databrussels.be/id/building/1707620,37,0.0,high,149,149,1.0,0.0,0.0,0.0,0,0
bxl-e149000-n169000-s500,https://databrussels.be/id/building/1696938,272,0.0,high,1087,1087,1.0,0.0,0.0,0.0,0,0
bxl-e149000-n169000-s500,https://databrussels.be/id/building/1698120,272,0.0,high,1088,1088,1.0,0.0,0.0,0.0,0,0
bxl-e149000-n169000-s500,https://databrussels.be/id/building/1698145,107,0.0,high,428,428,1.0,0.0,0.0,0.0,0,0
bxl-e149000-n169000-s500,https://databrussels.be/id/building/1697137,343,0.0,high,1373,1373,1.0,0.0,0.0,0.0,0,0
bxl-e149000-n169000-s500,https://databrussels.be/id/building/1705053,176,0.0,high,702,702,1.0,0.0,0.0,0.0,0,0
bxl-e149000-n169000-s500,https://databrussels.be/id/building/1711108,86,0.0,high,344,344,1.0,0.0,0.0,0.0,0,0
bxl-e149000-n169000-s500,https://databrussels.be/id/building/1695838,151,0.0,high,604,604,1.0,0.0,0.0,0.0,0,0
bxl-e149000-n169000-s500,https://databrussels.be/id/building/1778350,54,0.0,high,220,220,1.0,0.0,0.0,0.0,0,0
bxl-e149000-n169000-s500,https://databrussels.be/id/building/1694641,79,0.0,high,317,317,1.0,0.0,0.0,0.0,0,0
bxl-e149000-n169000-s500,https://databrussels.be/id/building/1698039,117,0.0,high,465,465,1.0,0.0,0.0,0.0,0,0
bxl-e149000-n169000-s500,https://databrussels.be/id/building/1702859,377,0.0,high,1505,1505,1.0,0.0,0.0,0.0,0,0
bxl-e149000-n169000-s500,https://databrussels.be/id/building/1704954,403,0.0,high,1608,1608,1.0,0.0,0.0,0.0,0,0
bxl-e149000-n169000-s500,https://databrussels.be/id/building/1620134,114,0.0,high,457,457,1.0,0.0,0.0,0.0,0,0
bxl-e149000-n169000-s500,https://databrussels.be/id/building/1710901,77,0.0,high,307,307,1.0,0.0,0.0,0.0,0,0
bxl-e149000-n169000-s500,https://databrussels.be/id/building/1771525,60,0.0,high,245,245,1.0,0.0,0.0,0.0,0,0
bxl-e149000-n169000-s500,https://databrussels.be/id/building/1711113,49,0.0,high,192,192,1.0,0.0,0.0,0.0,0,0
bxl-e149000-n169000-s500,https://databrussels.be/id/building/1696020,65,0.0,high,265,265,1.0,0.0,0.0,0.0,0,0
bxl-e149000-n169000-s500,https://databrussels.be/id/building/1703906,90,0.0,high,358,358,1.0,0.0,0.0,0.0,0,0
bxl-e149000-n169000-s500,https://databrussels.be/id/building/1620133,95,0.0,high,379,379,1.0,0.0,0.0,0.0,0,0
bxl-e149000-n169000-s500,https://databrussels.be/id/building/1709682,70,0.0,high,281,281,1.0,0.0,0.0,0.0,0,0
bxl-e149000-n169000-s500,https://databrussels.be/id/building/1707457,75,0.0,high,175,175,1.0,0.0,0.0,0.0,0,0
bxl-e149000-n169000-s500,https://databrussels.be/id/building/1709772,68,0.0,high,273,273,1.0,0.0,0.0,0.0,0,0
bxl-e149000-n169000-s500,https://databrussels.be/id/building/1618885,121,0.0,insufficient,1,1,1.0,0.0,0.0,0.0,0,0
bxl-e149000-n169000-s500,https://databrussels.be/id/building/1630657,49,0.0,high,192,192,1.0,0.0,0.0,0.0,0,0
bxl-e149000-n169000-s500,https://databrussels.be/id/building/1708779,106,0.0,high,424,424,1.0,0.0,0.0,0.0,0,0
bxl-e149000-n169000-s500,https://databrussels.be/id/building/1629660,58,0.0,high,239,239,1.0,0.0,0.0,0.0,0,0
bxl-e149000-n169000-s500,https://databrussels.be/id/building/1695843,103,0.0,high,413,413,1.0,0.0,0.0,0.0,0,0
bxl-e149000-n169000-s500,https://databrussels.be/id/building/1707633,66,0.0,high,261,261,1.0,0.0,0.0,0.0,0,0
bxl-e149000-n169000-s500,https://databrussels.be/id/building/1700377,129,0.0,high,514,514,1.0,0.0,0.0,0.0,0,0
bxl-e149000-n169000-s500,https://databrussels.be/id/building/1695804,125,0.0,high,500,500,1.0,0.0,0.0,0.0,0,0
bxl-e149000-n169000-s500,https://databrussels.be/id/building/1659490,70,0.0,high,279,279,1.0,0.0,0.0,0.0,0,0
bxl-e149000-n169000-s500,https://databrussels.be/id/building/1706287,230,0.0,high,915,915,1.0,0.0,0.0,0.0,0,0
bxl-e149000-n169000-s500,https://databrussels.be/id/building/1699227,98,0.0,high,400,400,1.0,0.0,0.0,0.0,0,0
bxl-e149000-n169000-s500,https://databrussels.be/id/building/1743179,87,0.0,high,342,342,1.0,0.0,0.0,0.0,0,0
bxl-e149000-n169000-s500,https://databrussels.be/id/building/1700368,100,0.0,high,150,150,1.0,0.0,0.0,0.0,0,0
bxl-e149000-n169000-s500,https://databrussels.be/id/building/1701510,130,0.0,high,524,524,1.0,0.0,0.0,0.0,0,0
bxl-e149000-n169000-s500,https://databrussels.be/id/building/1706291,231,0.0,high,922,922,1.0,0.0,0.0,0.0,0,0
bxl-e149000-n169000-s500,https://databrussels.be/id/building/1705249,161,0.0,high,639,639,1.0,0.0,0.0,0.0,0,0
bxl-e149000-n169000-s500,https://databrussels.be/id/building/1793481,587,0.0,high,2352,2352,1.0,0.0,0.0,0.0,0,0
bxl-e149000-n169000-s500,https://databrussels.be/id/building/1699255,311,0.0,high,1248,1248,1.0,0.0,0.0,0.0,0,0
bxl-e149000-n169000-s500,https://databrussels.be/id/building/1694583,149,0.0,high,596,596,1.0,0.0,0.0,0.0,0,0
bxl-e149000-n169000-s500,https://databrussels.be/id/building/1615354,110,0.0,medium,24,24,1.0,0.0,0.0,0.0,0,0
bxl-e149000-n169000-s500,https://databrussels.be/id/building/1708532,190,0.0,high,760,760,1.0,0.0,0.0,0.0,0,0
bxl-e149000-n169000-s500,https://databrussels.be/id/building/1617810,92,0.0,high,368,368,1.0,0.0,0.0,0.0,0,0
bxl-e149000-n169000-s500,https://databrussels.be/id/building/1695779,97,0.0,high,386,386,1.0,0.0,0.0,0.0,0,0
bxl-e149000-n169000-s500,https://databrussels.be/id/building/1708645,116,0.0,high,466,466,1.0,0.0,0.0,0.0,0,0
bxl-e149000-n169000-s500,https://databrussels.be/id/building/1706388,84,0.0,high,138,138,1.0,0.0,0.0,0.0,0,0
bxl-e149000-n169000-s500,https://databrussels.be/id/building/1703876,109,0.0,high,436,436,1.0,0.0,0.0,0.0,0,0
bxl-e149000-n169000-s500,https://databrussels.be/id/building/1710874,115,0.0,high,415,415,1.0,0.0,0.0,0.0,0,0
bxl-e149000-n169000-s500,https://databrussels.be/id/building/1694650,110,0.0,high,441,441,1.0,0.0,0.0,0.0,0,0
bxl-e149000-n169000-s500,https://databrussels.be/id/building/1706226,53,0.0,high,215,215,1.0,0.0,0.0,0.0,0,0
bxl-e149000-n169000-s500,https://databrussels.be/id/building/1708586,78,0.0,insufficient,3,3,1.0,0.0,0.0,0.0,0,0
bxl-e149000-n169000-s500,https://databrussels.be/id/building/1747206,122,0.0,high,489,489,1.0,0.0,0.0,0.0,0,0
bxl-e149000-n169000-s500,https://databrussels.be/id/building/1629659,58,0.0,high,206,206,1.0,0.0,0.0,0.0,0,0
bxl-e149000-n169000-s500,https://databrussels.be/id/building/1705046,131,0.0,high,524,524,1.0,0.0,0.0,0.0,0,0
bxl-e149000-n169000-s500,https://databrussels.be/id/building/1708785,107,0.0,high,426,426,1.0,0.0,0.0,0.0,0,0
bxl-e149000-n169000-s500,https://databrussels.be/id/building/1693538,161,0.0,high,646,646,1.0,0.0,0.0,0.0,0,0
bxl-e149000-n169000-s500,https://databrussels.be/id/building/1708561,83,0.0,high,329,329,1.0,0.0,0.0,0.0,0,0
bxl-e149000-n169000-s500,https://databrussels.be/id/building/1621338,1457,0.0,high,5830,5830,1.0,0.0,0.0,0.0,0,0
bxl-e149000-n169000-s500,https://databrussels.be/id/building/1702690,102,0.0,high,406,406,1.0,0.0,0.0,0.0,0,0
bxl-e149000-n169000-s500,https://databrussels.be/id/building/1697057,40,0.0,high,160,160,1.0,0.0,0.0,0.0,0,0
bxl-e149000-n169000-s500,https://databrussels.be/id/building/1708569,101,0.0,high,403,403,1.0,0.0,0.0,0.0,0,0
bxl-e149000-n169000-s500,https://databrussels.be/id/building/1702738,114,0.0,high,453,453,1.0,0.0,0.0,0.0,0,0
bxl-e149000-n169000-s500,https://databrussels.be/id/building/1707434,183,0.0,high,735,735,1.0,0.0,0.0,0.0,0,0
bxl-e149000-n169000-s500,https://databrussels.be/id/building/1707453,75,0.0,high,298,298,1.0,0.0,0.0,0.0,0,0
bxl-e149000-n169000-s500,https://databrussels.be/id/building/1693700,344,0.0,high,1088,1088,1.0,0.0,0.0,0.0,0,0
bxl-e149000-n169000-s500,https://databrussels.be/id/building/1709785,96,0.0,high,385,385,1.0,0.0,0.0,0.0,0,0
bxl-e149000-n169000-s500,https://databrussels.be/id/building/1695842,103,0.0,high,410,410,1.0,0.0,0.0,0.0,0,0
bxl-e149000-n169000-s500,https://databrussels.be/id/building/1705254,133,0.0,high,531,531,1.0,0.0,0.0,0.0,0,0
bxl-e149000-n169000-s500,https://databrussels.be/id/building/1734709,1526,0.0,high,6104,6104,1.0,0.0,0.0,0.0,0,0
bxl-e149000-n169000-s500,https://databrussels.be/id/building/1700415,681,0.0,high,2726,2726,1.0,0.0,0.0,0.0,0,0
bxl-e149000-n169000-s500,https://databrussels.be/id/building/1701528,998,0.0,high,444,444,1.0,0.0,0.0,0.0,0,0
bxl-e149000-n169000-s500,https://databrussels.be/id/building/1706392,89,0.0,high,355,355,1.0,0.0,0.0,0.0,0,0
bxl-e149000-n169000-s500,https://databrussels.be/id/building/1632010,315,0.0,high,1260,1260,1.0,0.0,0.0,0.0,0,0
bxl-e149000-n169000-s500,https://databrussels.be/id/building/1704046,104,0.0,high,415,415,1.0,0.0,0.0,0.0,0,0
bxl-e149000-n169000-s500,https://databrussels.be/id/building/1631960,165,0.0,high,662,662,1.0,0.0,0.0,0.0,0,0
bxl-e149000-n169000-s500,https://databrussels.be/id/building/1709786,96,0.0,high,382,382,1.0,0.0,0.0,0.0,0,0
bxl-e149000-n169000-s500,https://databrussels.be/id/building/1630862,95,0.0,high,382,382,1.0,0.0,0.0,0.0,0,0
bxl-e149000-n169000-s500,https://databrussels.be/id/building/1705071,90,0.0,high,360,360,1.0,0.0,0.0,0.0,0,0
bxl-e149000-n169000-s500,https://databrussels.be/id/building/1693702,226,0.0,high,228,228,1.0,0.0,0.0,0.0,0,0
bxl-e149000-n169000-s500,https://databrussels.be/id/building/1621342,1030,0.0,high,3752,3752,1.0,0.0,0.0,0.0,0,0
bxl-e149000-n169000-s500,https://databrussels.be/id/building/1701551,179,0.0,high,714,714,1.0,0.0,0.0,0.0,0,0
bxl-e149000-n169000-s500,https://databrussels.be/id/building/1710879,115,0.0,high,457,457,1.0,0.0,0.0,0.0,0,0
bxl-e149000-n169000-s500,https://databrussels.be/id/building/1711145,138,0.0,high,550,550,1.0,0.0,0.0,0.0,0,0
bxl-e149000-n169000-s500,https://databrussels.be/id/building/1632053,157,0.0,high,623,623,1.0,0.0,0.0,0.0,0,0
bxl-e149000-n169000-s500,https://databrussels.be/id/building/1709745,15,0.0,medium,63,63,1.0,0.0,0.0,0.0,0,0
bxl-e149000-n169000-s500,https://databrussels.be/id/building/1694696,102,0.0,high,414,414,1.0,0.0,0.0,0.0,0,0
bxl-e149000-n169000-s500,https://databrussels.be/id/building/1708597,94,0.0,high,371,371,1.0,0.0,0.0,0.0,0,0
bxl-e149000-n169000-s500,https://databrussels.be/id/building/1694659,96,0.0,high,388,388,1.0,0.0,0.0,0.0,0,0
bxl-e149000-n169000-s500,https://databrussels.be/id/building/1708649,94,0.0,high,372,372,1.0,0.0,0.0,0.0,0,0
bxl-e149000-n169000-s500,https://databrussels.be/id/building/1708560,83,0.0,high,331,331,1.0,0.0,0.0,0.0,0,0
bxl-e149000-n169000-s500,https://databrussels.be/id/building/1628482,92,0.0,high,369,369,1.0,0.0,0.0,0.0,0,0
bxl-e149000-n169000-s500,https://databrussels.be/id/building/1694669,123,0.0,high,497,497,1.0,0.0,0.0,0.0,0,0
bxl-e149000-n169000-s500,https://databrussels.be/id/building/1707441,76,0.0,high,302,302,1.0,0.0,0.0,0.0,0,0
bxl-e149000-n169000-s500,https://databrussels.be/id/building/1695813,110,0.0,high,442,442,1.0,0.0,0.0,0.0,0,0
bxl-e149000-n169000-s500,https://databrussels.be/id/building/1702903,134,0.0,high,537,537,1.0,0.0,0.0,0.0,0,0
bxl-e149000-n169000-s500,https://databrussels.be/id/building/1709742,108,0.0,high,437,437,1.0,0.0,0.0,0.0,0,0
bxl-e149000-n169000-s500,https://databrussels.be/id/building/1708496,113,0.0,high,452,452,1.0,0.0,0.0,0.0,0,0
bxl-e149000-n169000-s500,https://databrussels.be/id/building/1705028,89,0.0,high,357,357,1.0,0.0,0.0,0.0,0,0
bxl-e149000-n169000-s500,https://databrussels.be/id/building/1696947,98,0.0,high,386,386,1.0,0.0,0.0,0.0,0,0
bxl-e149000-n169000-s500,https://databrussels.be/id/building/1709666,50,0.0,high,202,202,1.0,0.0,0.0,0.0,0,0
bxl-e149000-n169000-s500,https://databrussels.be/id/building/1703901,79,0.0,high,315,315,1.0,0.0,0.0,0.0,0,0
bxl-e149000-n169000-s500,https://databrussels.be/id/building/1615332,134,0.0,insufficient,1,1,1.0,0.0,0.0,0.0,0,0
bxl-e149000-n169000-s500,https://databrussels.be/id/building/1693566,191,0.0,high,761,761,1.0,0.0,0.0,0.0,0,0
bxl-e149000-n169000-s500,https://databrussels.be/id/building/1693480,80,0.0,high,321,321,1.0,0.0,0.0,0.0,0,0
bxl-e149000-n169000-s500,https://databrussels.be/id/building/1630654,583,0.0,high,2331,2331,1.0,0.0,0.0,0.0,0,0
bxl-e149000-n169000-s500,https://databrussels.be/id/building/1705043,131,0.0,high,523,523,1.0,0.0,0.0,0.0,0,0
bxl-e149000-n169000-s500,https://databrussels.be/id/building/1701509,101,0.0,high,407,407,1.0,0.0,0.0,0.0,0,0
bxl-e149000-n169000-s500,https://databrussels.be/id/building/1710945,91,0.0,insufficient,12,12,1.0,0.0,0.0,0.0,0,0
bxl-e149000-n169000-s500,https://databrussels.be/id/building/1710864,114,0.0,high,462,462,1.0,0.0,0.0,0.0,0,0
bxl-e149000-n169000-s500,https://databrussels.be/id/building/1693467,117,0.0,high,451,451,1.0,0.0,0.0,0.0,0,0
bxl-e149000-n169000-s500,https://databrussels.be/id/building/1695845,151,0.0,high,451,451,1.0,0.0,0.0,0.0,0,0
bxl-e149000-n169000-s500,https://databrussels.be/id/building/1697102,188,0.0,high,751,751,1.0,0.0,0.0,0.0,0,0
bxl-e149000-n169000-s500,https://databrussels.be/id/building/1693572,192,0.0,high,763,763,1.0,0.0,0.0,0.0,0,0
bxl-e149000-n169000-s500,https://databrussels.be/id/building/1620201,185,0.0,high,741,741,1.0,0.0,0.0,0.0,0,0
bxl-e149000-n169000-s500,https://databrussels.be/id/building/1709741,108,0.0,high,430,430,1.0,0.0,0.0,0.0,0,0
bxl-e149000-n169000-s500,https://databrussels.be/id/building/1693523,152,0.0,high,611,611,1.0,0.0,0.0,0.0,0,0
bxl-e149000-n169000-s500,https://databrussels.be/id/building/1699231,172,0.0,high,692,692,1.0,0.0,0.0,0.0,0,0
bxl-e149000-n169000-s500,https://databrussels.be/id/building/1777163,98,0.0,high,93,93,1.0,0.0,0.0,0.0,0,0
bxl-e149000-n169000-s500,https://databrussels.be/id/building/1696956,127,0.0,high,510,510,1.0,0.0,0.0,0.0,0,0
bxl-e149000-n169000-s500,https://databrussels.be/id/building/1707645,187,0.0,high,745,745,1.0,0.0,0.0,0.0,0,0
bxl-e149000-n169000-s500,https://databrussels.be/id/building/1710918,77,0.0,high,311,311,1.0,0.0,0.0,0.0,0,0
bxl-e149000-n169000-s500,https://databrussels.be/id/building/1700397,76,0.0,medium,30,30,1.0,0.0,0.0,0.0,0,0
bxl-e149000-n169000-s500,https://databrussels.be/id/building/1696950,123,0.0,high,494,494,1.0,0.0,0.0,0.0,0,0
bxl-e149000-n169000-s500,https://databrussels.be/id/building/1695788,99,0.0,insufficient,1,1,1.0,0.0,0.0,0.0,0,0
bxl-e149000-n169000-s500,https://databrussels.be/id/building/1632062,272,0.0,high,1092,1092,1.0,0.0,0.0,0.0,0,0
bxl-e149000-n169000-s500,https://databrussels.be/id/building/1705195,195,0.0,high,779,779,1.0,0.0,0.0,0.0,0,0
bxl-e149000-n169000-s500,https://databrussels.be/id/building/1701552,179,0.0,high,715,715,1.0,0.0,0.0,0.0,0,0
bxl-e149000-n169000-s500,https://databrussels.be/id/building/1695793,100,0.0,high,401,401,1.0,0.0,0.0,0.0,0,0
bxl-e149000-n169000-s500,https://databrussels.be/id/building/1694709,209,0.0,high,838,838,1.0,0.0,0.0,0.0,0,0
bxl-e149000-n169000-s500,https://databrussels.be/id/building/1701530,934,0.0,high,3741,3741,1.0,0.0,0.0,0.0,0,0
bxl-e149000-n169000-s500,https://databrussels.be/id/building/1696939,316,0.0,high,1265,1265,1.0,0.0,0.0,0.0,0,0
bxl-e149000-n169000-s500,https://databrussels.be/id/building/1694757,365,0.0,high,1462,1462,1.0,0.0,0.0,0.0,0,0
bxl-e149000-n169000-s500,https://databrussels.be/id/building/1794926,275,0.0,high,1094,1094,1.0,0.0,0.0,0.0,0,0
bxl-e149000-n169000-s500,https://databrussels.be/id/building/1660571,156,0.0,high,622,622,1.0,0.0,0.0,0.0,0,0
bxl-e149000-n169000-s500,https://databrussels.be/id/building/1706404,68,0.0,high,269,269,1.0,0.0,0.0,0.0,0,0
bxl-e149000-n169000-s500,https://databrussels.be/id/building/1706176,45,0.0,high,182,182,1.0,0.0,0.0,0.0,0,0
bxl-e149000-n169000-s500,https://databrussels.be/id/building/1693525,84,0.0,high,335,335,1.0,0.0,0.0,0.0,0,0
bxl-e149000-n169000-s500,https://databrussels.be/id/building/1735198,78,0.0,high,314,314,1.0,0.0,0.0,0.0,0,0
bxl-e149000-n169000-s500,https://databrussels.be/id/building/1698056,99,0.0,high,395,395,1.0,0.0,0.0,0.0,0,0
bxl-e149000-n169000-s500,https://databrussels.be/id/building/1710953,122,0.0,high,484,484,1.0,0.0,0.0,0.0,0,0
bxl-e149000-n169000-s500,https://databrussels.be/id/building/1735196,76,0.0,high,306,306,1.0,0.0,0.0,0.0,0,0
bxl-e149000-n169000-s500,https://databrussels.be/id/building/1737874,127,0.0,high,509,509,1.0,0.0,0.0,0.0,0,0
bxl-e149000-n169000-s500,https://databrussels.be/id/building/1628479,109,0.0,high,435,435,1.0,0.0,0.0,0.0,0,0
bxl-e149000-n169000-s500,https://databrussels.be/id/building/1705082,97,0.0,high,391,391,1.0,0.0,0.0,0.0,0,0
bxl-e149000-n169000-s500,https://databrussels.be/id/building/1704972,46,0.0,high,183,183,1.0,0.0,0.0,0.0,0,0
bxl-e149000-n169000-s500,https://databrussels.be/id/building/1694694,102,0.0,high,406,406,1.0,0.0,0.0,0.0,0,0
bxl-e149000-n169000-s500,https://databrussels.be/id/building/1735201,100,0.0,high,399,399,1.0,0.0,0.0,0.0,0,0
bxl-e149000-n169000-s500,https://databrussels.be/id/building/1735204,105,0.0,high,421,421,1.0,0.0,0.0,0.0,0,0
bxl-e149000-n169000-s500,https://databrussels.be/id/building/1707586,86,0.0,high,345,345,1.0,0.0,0.0,0.0,0,0
bxl-e149000-n169000-s500,https://databrussels.be/id/building/1702724,245,0.0,high,982,982,1.0,0.0,0.0,0.0,0,0
bxl-e149000-n169000-s500,https://databrussels.be/id/building/1630870,138,0.0,high,552,552,1.0,0.0,0.0,0.0,0,0
bxl-e149000-n169000-s500,https://databrussels.be/id/building/1709696,164,0.0,high,653,653,1.0,0.0,0.0,0.0,0,0
bxl-e149000-n169000-s500,https://databrussels.be/id/building/1708603,119,0.0,high,475,475,1.0,0.0,0.0,0.0,0,0
bxl-e149000-n169000-s500,https://databrussels.be/id/building/1618971,252,0.0,high,1008,1008,1.0,0.0,0.0,0.0,0,0
bxl-e149000-n169000-s500,https://databrussels.be/id/building/1696933,216,0.0,high,864,864,1.0,0.0,0.0,0.0,0,0
bxl-e149000-n169000-s500,https://databrussels.be/id/building/1694724,85,0.0,high,342,342,1.0,0.0,0.0,0.0,0,0
bxl-e149000-n169000-s500,https://databrussels.be/id/building/1696926,146,0.0,high,583,583,1.0,0.0,0.0,0.0,0,0
bxl-e149000-n169000-s500,https://databrussels.be/id/building/1735205,128,0.0,high,514,514,1.0,0.0,0.0,0.0,0,0
bxl-e149000-n169000-s500,https://databrussels.be/id/building/1701686,84,0.0,high,340,340,1.0,0.0,0.0,0.0,0,0
bxl-e149000-n169000-s500,https://databrussels.be/id/building/1705070,90,0.0,high,359,359,1.0,0.0,0.0,0.0,0,0
bxl-e149000-n169000-s500,https://databrussels.be/id/building/1695784,97,0.0,high,385,385,1.0,0.0,0.0,0.0,0,0
bxl-e149000-n169000-s500,https://databrussels.be/id/building/1707650,138,0.0,high,555,555,1.0,0.0,0.0,0.0,0,0
bxl-e149000-n169000-s500,https://databrussels.be/id/building/1709914,67,0.0,high,269,269,1.0,0.0,0.0,0.0,0,0
bxl-e149000-n169000-s500,https://databrussels.be/id/building/1698125,80,0.0,high,319,319,1.0,0.0,0.0,0.0,0,0
bxl-e149000-n169000-s500,https://databrussels.be/id/building/1699197,118,0.0,high,474,474,1.0,0.0,0.0,0.0,0,0
bxl-e149000-n169000-s500,https://databrussels.be/id/building/1737895,122,0.0,high,487,487,1.0,0.0,0.0,0.0,0,0
bxl-e149000-n169000-s500,https://databrussels.be/id/building/1705042,127,0.0,high,504,504,1.0,0.0,0.0,0.0,0,0
bxl-e149000-n169000-s500,https://databrussels.be/id/building/1733895,65,0.0,high,263,263,1.0,0.0,0.0,0.0,0,0
bxl-e149000-n169000-s500,https://databrussels.be/id/building/1693544,162,0.0,high,649,649,1.0,0.0,0.0,0.0,0,0
bxl-e149000-n169000-s500,https://databrussels.be/id/building/1800725,153,0.0,high,614,614,1.0,0.0,0.0,0.0,0,0
bxl-e149000-n169000-s500,https://databrussels.be/id/building/1740704,43,0.0,high,170,170,1.0,0.0,0.0,0.0,0,0
bxl-e149000-n169000-s500,https://databrussels.be/id/building/1629662,58,0.0,high,232,232,1.0,0.0,0.0,0.0,0,0
bxl-e149000-n169000-s500,https://databrussels.be/id/building/1702860,393,0.0,high,1574,1574,1.0,0.0,0.0,0.0,0,0
bxl-e149000-n169000-s500,https://databrussels.be/id/building/1704048,104,0.0,high,417,417,1.0,0.0,0.0,0.0,0,0
bxl-e149000-n169000-s500,https://databrussels.be/id/building/1830128,5,0.0,medium,21,21,1.0,0.0,0.0,0.0,0,0
bxl-e149000-n169000-s500,https://databrussels.be/id/building/1617856,59,0.0,high,237,237,1.0,0.0,0.0,0.0,0,0
bxl-e149000-n169000-s500,https://databrussels.be/id/building/1704052,104,0.0,high,417,417,1.0,0.0,0.0,0.0,0,0
bxl-e149000-n169000-s500,https://databrussels.be/id/building/1704989,83,0.0,high,333,333,1.0,0.0,0.0,0.0,0,0
bxl-e149000-n169000-s500,https://databrussels.be/id/building/1707631,41,0.0,high,159,159,1.0,0.0,0.0,0.0,0,0
bxl-e149000-n169000-s500,https://databrussels.be/id/building/1737899,202,0.0,high,809,809,1.0,0.0,0.0,0.0,0,0
bxl-e149000-n169000-s500,https://databrussels.be/id/building/1622464,158,0.0,high,632,632,1.0,0.0,0.0,0.0,0,0
bxl-e149000-n169000-s500,https://databrussels.be/id/building/1752155,25,0.0,high,101,101,1.0,0.0,0.0,0.0,0,0
bxl-e149000-n169000-s500,https://databrussels.be/id/building/1752154,57,0.0,high,229,229,1.0,0.0,0.0,0.0,0,0
bxl-e149000-n169000-s500,https://databrussels.be/id/building/1737901,243,0.0,high,971,971,1.0,0.0,0.0,0.0,0,0
bxl-e149000-n169000-s500,https://databrussels.be/id/building/1708777,132,0.0,high,529,529,1.0,0.0,0.0,0.0,0,0
bxl-e149000-n169000-s500,https://databrussels.be/id/building/1695753,49,0.0,high,199,199,1.0,0.0,0.0,0.0,0,0
bxl-e149000-n169000-s500,https://databrussels.be/id/building/1699203,119,0.0,high,474,474,1.0,0.0,0.0,0.0,0,0
bxl-e149000-n169000-s500,https://databrussels.be/id/building/1710946,121,0.0,high,484,484,1.0,0.0,0.0,0.0,0,0
bxl-e149000-n169000-s500,https://databrussels.be/id/building/1746158,48,0.0,high,187,187,1.0,0.0,0.0,0.0,0,0
bxl-e149000-n169000-s500,https://databrussels.be/id/building/1711136,136,0.0,high,545,545,1.0,0.0,0.0,0.0,0,0
bxl-e149000-n169000-s500,https://databrussels.be/id/building/1694616,48,0.0,high,193,193,1.0,0.0,0.0,0.0,0,0
bxl-e149000-n169000-s500,https://databrussels.be/id/building/1633063,210,0.0,high,843,843,1.0,0.0,0.0,0.0,0,0
bxl-e149000-n169000-s500,https://databrussels.be/id/building/1693430,147,0.0,high,591,591,1.0,0.0,0.0,0.0,0,0
bxl-e149000-n169000-s500,https://databrussels.be/id/building/1705096,63,0.0,high,251,251,1.0,0.0,0.0,0.0,0,0
bxl-e149000-n169000-s500,https://databrussels.be/id/building/1707386,70,0.0,high,278,278,1.0,0.0,0.0,0.0,0,0
bxl-e149000-n169000-s500,https://databrussels.be/id/building/1752156,84,0.0,high,337,337,1.0,0.0,0.0,0.0,0,0
bxl-e149000-n169000-s500,https://databrussels.be/id/building/1703892,78,0.0,high,314,314,1.0,0.0,0.0,0.0,0,0
bxl-e149000-n169000-s500,https://databrussels.be/id/building/1699201,118,0.0,high,471,471,1.0,0.0,0.0,0.0,0,0
bxl-e149000-n169000-s500,https://databrussels.be/id/building/1708558,82,0.0,high,331,331,1.0,0.0,0.0,0.0,0,0
bxl-e149000-n169000-s500,https://databrussels.be/id/building/1707589,394,0.0,high,1578,1578,1.0,0.0,0.0,0.0,0,0
bxl-e149000-n169000-s500,https://databrussels.be/id/building/1703924,76,0.0,high,303,303,1.0,0.0,0.0,0.0,0,0
bxl-e149000-n169000-s500,https://databrussels.be/id/building/1699202,119,0.0,high,472,472,1.0,0.0,0.0,0.0,0,0
bxl-e149000-n169000-s500,https://databrussels.be/id/building/1698066,101,0.0,high,405,405,1.0,0.0,0.0,0.0,0,0
bxl-e149000-n169000-s500,https://databrussels.be/id/building/1696934,217,0.0,high,868,868,1.0,0.0,0.0,0.0,0,0
bxl-e149000-n169000-s500,https://databrussels.be/id/building/1708625,82,0.0,high,327,327,1.0,0.0,0.0,0.0,0,0
bxl-e149000-n169000-s500,https://databrussels.be/id/building/1694656,95,0.0,high,381,381,1.0,0.0,0.0,0.0,0,0
bxl-e149000-n169000-s500,https://databrussels.be/id/building/1630864,95,0.0,high,381,381,1.0,0.0,0.0,0.0,0,0
bxl-e149000-n169000-s500,https://databrussels.be/id/building/1701529,918,0.0,high,3675,3675,1.0,0.0,0.0,0.0,0,0
bxl-e149000-n169000-s500,https://databrussels.be/id/building/1694658,96,0.0,high,381,381,1.0,0.0,0.0,0.0,0,0
bxl-e149000-n169000-s500,https://databrussels.be/id/building/1709859,64,0.0,high,258,258,1.0,0.0,0.0,0.0,0,0
bxl-e149000-n169000-s500,https://databrussels.be/id/building/1709918,67,0.0,high,267,267,1.0,0.0,0.0,0.0,0,0
bxl-e149000-n169000-s500,https://databrussels.be/id/building/1705023,88,0.0,high,353,353,1.0,0.0,0.0,0.0,0,0
bxl-e149000-n169000-s500,https://databrussels.be/id/building/1698090,84,0.0,high,335,335,1.0,0.0,0.0,0.0,0,0
bxl-e149000-n169000-s500,https://databrussels.be/id/building/1704045,104,0.0,high,415,415,1.0,0.0,0.0,0.0,0,0
bxl-e149000-n169000-s500,https://databrussels.be/id/building/1707352,69,0.0,high,275,275,1.0,0.0,0.0,0.0,0,0
bxl-e149000-n169000-s500,https://databrussels.be/id/building/1710841,70,0.0,high,282,282,1.0,0.0,0.0,0.0,0,0
bxl-e149000-n169000-s500,https://databrussels.be/id/building/1694655,95,0.0,high,382,382,1.0,0.0,0.0,0.0,0,0
bxl-e149000-n169000-s500,https://databrussels.be/id/building/1803186,11,0.0,medium,44,44,1.0,0.0,0.0,0.0,0,0
bxl-e149000-n169000-s500,https://databrussels.be/id/building/1708602,94,0.0,high,378,378,1.0,0.0,0.0,0.0,0,0
bxl-e149000-n169000-s500,https://databrussels.be/id/building/1709824,246,0.0,high,987,987,1.0,0.0,0.0,0.0,0,0
bxl-e149000-n169000-s500,https://databrussels.be/id/building/1708590,11,0.0,medium,43,43,1.0,0.0,0.0,0.0,0,0
bxl-e149000-n169000-s500,https://databrussels.be/id/building/1710907,54,0.0,high,216,216,1.0,0.0,0.0,0.0,0,0
bxl-e149000-n169000-s500,https://databrussels.be/id/building/1710862,69,0.0,high,274,274,1.0,0.0,0.0,0.0,0,0
bxl-e149000-n169000-s500,https://databrussels.be/id/building/1697005,80,0.0,high,319,319,1.0,0.0,0.0,0.0,0,0
bxl-e149000-n169000-s500,https://databrussels.be/id/building/1705084,91,0.0,high,367,367,1.0,0.0,0.0,0.0,0,0
bxl-e149000-n169000-s500,https://databrussels.be/id/building/1708563,83,0.0,high,331,331,1.0,0.0,0.0,0.0,0,0
bxl-e149000-n169000-s500,https://databrussels.be/id/building/1705040,10,0.0,medium,40,40,1.0,0.0,0.0,0.0,0,0
bxl-e149000-n169000-s500,https://databrussels.be/id/building/1707338,112,0.0,high,445,445,1.0,0.0,0.0,0.0,0,0
bxl-e149000-n169000-s500,https://databrussels.be/id/building/1699196,118,0.0,high,473,473,1.0,0.0,0.0,0.0,0,0
bxl-e149000-n169000-s500,https://databrussels.be/id/building/1707442,76,0.0,high,304,304,1.0,0.0,0.0,0.0,0,0
bxl-e149000-n169000-s500,https://databrussels.be/id/building/1693603,106,0.0,high,422,422,1.0,0.0,0.0,0.0,0,0
bxl-e149000-n169000-s500,https://databrussels.be/id/building/1693474,78,0.0,high,310,310,1.0,0.0,0.0,0.0,0,0
bxl-e149000-n169000-s500,https://databrussels.be/id/building/1693540,144,0.0,high,577,577,1.0,0.0,0.0,0.0,0,0
bxl-e149000-n169000-s500,https://databrussels.be/id/building/1696013,64,0.0,high,259,259,1.0,0.0,0.0,0.0,0,0
bxl-e149000-n169000-s500,https://databrussels.be/id/building/1702702,172,0.0,high,687,687,1.0,0.0,0.0,0.0,0,0
bxl-e149000-n169000-s500,https://databrussels.be/id/building/1698047,98,0.0,high,390,390,1.0,0.0,0.0,0.0,0,0
bxl-e149000-n169000-s500,https://databrussels.be/id/building/1736552,7,0.0,medium,26,26,1.0,0.0,0.0,0.0,0,0
bxl-e149000-n169000-s500,https://databrussels.be/id/building/1693479,80,0.0,high,320,320,1.0,0.0,0.0,0.0,0,0
bxl-e149000-n169000-s500,https://databrussels.be/id/building/1708601,94,0.0,high,379,379,1.0,0.0,0.0,0.0,0,0
bxl-e149000-n169000-s500,https://databrussels.be/id/building/1711139,136,0.0,high,546,546,1.0,0.0,0.0,0.0,0,0
bxl-e149000-n169000-s500,https://databrussels.be/id/building/1617874,63,0.0,high,251,251,1.0,0.0,0.0,0.0,0,0
bxl-e149000-n169000-s500,https://databrussels.be/id/building/1695795,100,0.0,high,398,398,1.0,0.0,0.0,0.0,0,0
bxl-e149000-n169000-s500,https://databrussels.be/id/building/1710926,76,0.0,high,303,303,1.0,0.0,0.0,0.0,0,0
bxl-e149000-n169000-s500,https://databrussels.be/id/building/1693536,123,0.0,high,489,489,1.0,0.0,0.0,0.0,0,0
bxl-e149000-n169000-s500,https://databrussels.be/id/building/1733921,64,0.0,high,257,257,1.0,0.0,0.0,0.0,0,0
bxl-e149000-n169000-s500,https://databrussels.be/id/building/1708607,111,0.0,high,444,444,1.0,0.0,0.0,0.0,0,0
bxl-e149000-n169000-s500,https://databrussels.be/id/building/1699222,119,0.0,high,473,473,1.0,0.0,0.0,0.0,0,0
bxl-e149000-n169000-s500,https://databrussels.be/id/building/1798586,3,0.0,insufficient,12,12,1.0,0.0,0.0,0.0,0,0
bxl-e149000-n169000-s500,https://databrussels.be/id/building/1830130,23,0.0,high,92,92,1.0,0.0,0.0,0.0,0,0
bxl-e149000-n169000-s500,https://databrussels.be/id/building/1632037,121,0.0,high,482,482,1.0,0.0,0.0,0.0,0,0
bxl-e149000-n169000-s500,https://databrussels.be/id/building/1706397,85,0.0,high,339,339,1.0,0.0,0.0,0.0,0,0
bxl-e149000-n169000-s500,https://databrussels.be/id/building/1694790,135,0.0,high,541,541,1.0,0.0,0.0,0.0,0,0
bxl-e149000-n169000-s500,https://databrussels.be/id/building/1707654,193,0.0,high,772,772,1.0,0.0,0.0,0.0,0,0
bxl-e149000-n169000-s500,https://databrussels.be/id/building/1629604,19,0.0,high,78,78,1.0,0.0,0.0,0.0,0,0
bxl-e149000-n169000-s500,https://databrussels.be/id/building/1708653,118,0.0,high,470,470,1.0,0.0,0.0,0.0,0,0
bxl-e149000-n169000-s500,https://databrussels.be/id/building/1701539,129,0.0,high,513,513,1.0,0.0,0.0,0.0,0,0
bxl-e149000-n169000-s500,https://databrussels.be/id/building/1706233,76,0.0,high,303,303,1.0,0.0,0.0,0.0,0,0
bxl-e149000-n169000-s500,https://databrussels.be/id/building/1697062,41,0.0,high,162,162,1.0,0.0,0.0,0.0,0,0
bxl-e149000-n169000-s500,https://databrussels.be/id/building/1690485,109,0.0,high,435,435,1.0,0.0,0.0,0.0,0,0
bxl-e149000-n169000-s500,https://databrussels.be/id/building/1702630,68,0.0,high,273,273,1.0,0.0,0.0,0.0,0,0
bxl-e149000-n169000-s500,https://databrussels.be/id/building/1693483,81,0.0,high,323,323,1.0,0.0,0.0,0.0,0,0
bxl-e149000-n169000-s500,https://databrussels.be/id/building/1709781,96,0.0,high,382,382,1.0,0.0,0.0,0.0,0,0
bxl-e149000-n169000-s500,https://databrussels.be/id/building/1703879,110,0.0,high,439,439,1.0,0.0,0.0,0.0,0,0
bxl-e149000-n169000-s500,https://databrussels.be/id/building/1708648,94,0.0,high,376,376,1.0,0.0,0.0,0.0,0,0
bxl-e149000-n169000-s500,https://databrussels.be/id/building/1705103,152,0.0,high,607,607,1.0,0.0,0.0,0.0,0,0
bxl-e149000-n169000-s500,https://databrussels.be/id/building/1701550,152,0.0,high,607,607,1.0,0.0,0.0,0.0,0,0
bxl-e149000-n169000-s500,https://databrussels.be/id/building/1701538,128,0.0,high,514,514,1.0,0.0,0.0,0.0,0,0
bxl-e149000-n169000-s500,https://databrussels.be/id/building/1706400,83,0.0,high,333,333,1.0,0.0,0.0,0.0,0,0
bxl-e149000-n169000-s500,https://databrussels.be/id/building/1705031,89,0.0,high,354,354,1.0,0.0,0.0,0.0,0,0
bxl-e149000-n169000-s500,https://databrussels.be/id/building/1695829,72,0.0,high,289,289,1.0,0.0,0.0,0.0,0,0
bxl-e149000-n169000-s500,https://databrussels.be/id/building/1737898,161,0.0,high,642,642,1.0,0.0,0.0,0.0,0,0
bxl-e149000-n169000-s500,https://databrussels.be/id/building/1705032,89,0.0,high,356,356,1.0,0.0,0.0,0.0,0,0
bxl-e149000-n169000-s500,https://databrussels.be/id/building/1740701,37,0.0,high,149,149,1.0,0.0,0.0,0.0,0,0
bxl-e149000-n169000-s500,https://databrussels.be/id/building/1707369,89,0.0,high,357,357,1.0,0.0,0.0,0.0,0,0
bxl-e149000-n169000-s500,https://databrussels.be/id/building/1774926,47,0.0,high,190,190,1.0,0.0,0.0,0.0,0,0
bxl-e149000-n169000-s500,https://databrussels.be/id/building/1706259,61,0.0,high,246,246,1.0,0.0,0.0,0.0,0,0
bxl-e149000-n169500-s500,https://databrussels.be/id/building/1706196,208,0.0,high,830,830,1.0,0.0,0.0,0.0,0,0
bxl-e149000-n169500-s500,https://databrussels.be/id/building/1774892,111,0.0,high,445,445,1.0,0.0,0.0,0.0,0,0
bxl-e149000-n169500-s500,https://databrussels.be/id/building/1707639,186,0.0,high,742,742,1.0,0.0,0.0,0.0,0,0
bxl-e149000-n169500-s500,https://databrussels.be/id/building/1694791,135,0.0,high,541,541,1.0,0.0,0.0,0.0,0,0
bxl-e149000-n169500-s500,https://databrussels.be/id/building/1710948,124,0.0,high,493,493,1.0,0.0,0.0,0.0,0,0
bxl-e149000-n169500-s500,https://databrussels.be/id/building/1631787,61,0.0,high,244,244,1.0,0.0,0.0,0.0,0,0
bxl-e149000-n169500-s500,https://databrussels.be/id/building/1709947,107,0.0,high,428,428,1.0,0.0,0.0,0.0,0,0
bxl-e149000-n169500-s500,https://databrussels.be/id/building/1707431,61,0.0,high,243,243,1.0,0.0,0.0,0.0,0,0
bxl-e149000-n169500-s500,https://databrussels.be/id/building/1698093,192,0.0,high,769,769,1.0,0.0,0.0,0.0,0,0
bxl-e149000-n169500-s500,https://databrussels.be/id/building/1629567,201,0.0,high,807,807,1.0,0.0,0.0,0.0,0,0
bxl-e149000-n169500-s500,https://databrussels.be/id/building/1699194,118,0.0,high,474,474,1.0,0.0,0.0,0.0,0,0
bxl-e149000-n169500-s500,https://databrussels.be/id/building/1632011,316,0.0,high,1267,1267,1.0,0.0,0.0,0.0,0,0
bxl-e149000-n169500-s500,https://databrussels.be/id/building/1705196,195,0.0,high,774,774,1.0,0.0,0.0,0.0,0,0
bxl-e149000-n169500-s500,https://databrussels.be/id/building/1698058,101,0.0,high,401,401,1.0,0.0,0.0,0.0,0,0
bxl-e149000-n169500-s500,https://databrussels.be/id/building/1711132,102,0.0,high,411,411,1.0,0.0,0.0,0.0,0,0
bxl-e149000-n169500-s500,https://databrussels.be/id/building/1633053,164,0.0,high,662,662,1.0,0.0,0.0,0.0,0,0
bxl-e149000-n169500-s500,https://databrussels.be/id/building/1696943,154,0.0,high,614,614,1.0,0.0,0.0,0.0,0,0
bxl-e149000-n169500-s500,https://databrussels.be/id/building/1708651,95,0.0,high,378,378,1.0,0.0,0.0,0.0,0,0
bxl-e149000-n169500-s500,https://databrussels.be/id/building/1695807,64,0.0,high,256,256,1.0,0.0,0.0,0.0,0,0
bxl-e149000-n169500-s500,https://databrussels.be/id/building/1702723,304,0.0,high,1214,1214,1.0,0.0,0.0,0.0,0,0
bxl-e149000-n169500-s500,https://databrussels.be/id/building/1706282,153,0.0,high,611,611,1.0,0.0,0.0,0.0,0,0
bxl-e149000-n169500-s500,https://databrussels.be/id/building/1694722,53,0.0,high,212,212,1.0,0.0,0.0,0.0,0,0
bxl-e149000-n169500-s500,https://databrussels.be/id/building/1737878,140,0.0,high,560,560,1.0,0.0,0.0,0.0,0,0
bxl-e149000-n169500-s500,https://databrussels.be/id/building/1707641,187,0.0,high,749,749,1.0,0.0,0.0,0.0,0,0
bxl-e149000-n169500-s500,https://databrussels.be/id/building/1699224,126,0.0,high,506,506,1.0,0.0,0.0,0.0,0,0
bxl-e149000-n169500-s500,https://databrussels.be/id/building/1632025,323,0.0,high,1294,1294,1.0,0.0,0.0,0.0,0,0
bxl-e149000-n169500-s500,https://databrussels.be/id/building/1737872,132,0.0,high,523,523,1.0,0.0,0.0,0.0,0,0
bxl-e149000-n169500-s500,https://databrussels.be/id/building/1703859,134,0.0,high,531,531,1.0,0.0,0.0,0.0,0,0
bxl-e149000-n169500-s500,https://databrussels.be/id/building/1621300,277,0.0,high,1109,1109,1.0,0.0,0.0,0.0,0,0
bxl-e149000-n169500-s500,https://databrussels.be/id/building/1737888,227,0.0,high,907,907,1.0,0.0,0.0,0.0,0,0
bxl-e149000-n169500-s500,https://databrussels.be/id/building/1705255,302,0.0,high,1211,1211,1.0,0.0,0.0,0.0,0,0
bxl-e149000-n169500-s500,https://databrussels.be/id/building/1801993,524,0.0,high,2102,2102,1.0,0.0,0.0,0.0,0,0
bxl-e149000-n169500-s500,https://databrussels.be/id/building/1803187,342,0.0,high,1368,1368,1.0,0.0,0.0,0.0,0,0
bxl-e149000-n169500-s500,https://databrussels.be/id/building/1707648,138,0.0,high,553,553,1.0,0.0,0.0,0.0,0,0
bxl-e149000-n169500-s500,https://databrussels.be/id/building/1659143,8,0.0,medium,33,33,1.0,0.0,0.0,0.0,0,0
bxl-e149000-n169500-s500,https://databrussels.be/id/building/1703928,93,0.0,high,372,372,1.0,0.0,0.0,0.0,0,0
bxl-e149000-n169500-s500,https://databrussels.be/id/building/1695834,150,0.0,high,598,598,1.0,0.0,0.0,0.0,0,0
bxl-e149000-n169500-s500,https://databrussels.be/id/building/1702693,102,0.0,high,405,405,1.0,0.0,0.0,0.0,0,0
bxl-e149000-n169500-s500,https://databrussels.be/id/building/1693541,161,0.0,high,644,644,1.0,0.0,0.0,0.0,0,0
bxl-e149000-n169500-s500,https://databrussels.be/id/building/1699228,213,0.0,high,858,858,1.0,0.0,0.0,0.0,0,0
bxl-e149000-n169500-s500,https://databrussels.be/id/building/1705083,91,0.0,high,369,369,1.0,0.0,0.0,0.0,0,0
bxl-e149000-n169500-s500,https://databrussels.be/id/building/1693585,85,0.0,high,345,345,1.0,0.0,0.0,0.0,0,0
bxl-e149000-n169500-s500,https://databrussels.be/id/building/1694751,369,0.0,high,1480,1480,1.0,0.0,0.0,0.0,0,0
bxl-e149000-n169500-s500,https://databrussels.be/id/building/1700412,485,0.0,high,1945,1945,1.0,0.0,0.0,0.0,0,0
bxl-e149000-n169500-s500,https://databrussels.be/id/building/1705037,907,0.0,high,3615,3615,1.0,0.0,0.0,0.0,0,0
bxl-e149000-n169500-s500,https://databrussels.be/id/building/1737882,180,0.0,high,724,724,1.0,0.0,0.0,0.0,0,0
bxl-e149000-n169500-s500,https://databrussels.be/id/building/1703922,1737,0.0,high,6945,6945,1.0,0.0,0.0,0.0,0,0
bxl-e149000-n169500-s500,https://databrussels.be/id/building/1696998,1204,0.0,high,4813,4813,1.0,0.0,0.0,0.0,0,0
bxl-e149000-n169500-s500,https://databrussels.be/id/building/1694707,232,0.0,high,927,927,1.0,0.0,0.0,0.0,0,0
bxl-e149000-n169500-s500,https://databrussels.be/id/building/1777183,60,0.0,high,240,240,1.0,0.0,0.0,0.0,0,0
bxl-e149000-n169500-s500,https://databrussels.be/id/building/1701549,169,0.0,high,673,673,1.0,0.0,0.0,0.0,0,0
bxl-e149000-n169500-s500,https://databrussels.be/id/building/1706433,53,0.0,high,212,212,1.0,0.0,0.0,0.0,0,0
bxl-e149000-n169500-s500,https://databrussels.be/id/building/1703884,110,0.0,high,443,443,1.0,0.0,0.0,0.0,0,0
bxl-e149000-n169500-s500,https://databrussels.be/id/building/1707439,76,0.0,high,302,302,1.0,0.0,0.0,0.0,0,0
bxl-e149000-n169500-s500,https://databrussels.be/id/building/1702908,187,0.0,high,748,748,1.0,0.0,0.0,0.0,0,0
bxl-e149000-n169500-s500,https://databrussels.be/id/building/1672133,64,0.0,high,252,252,1.0,0.0,0.0,0.0,0,0
bxl-e149000-n169500-s500,https://databrussels.be/id/building/1694649,110,0.0,high,438,438,1.0,0.0,0.0,0.0,0,0
bxl-e149000-n169500-s500,https://databrussels.be/id/building/1709752,60,0.0,high,241,241,1.0,0.0,0.0,0.0,0,0
bxl-e149000-n169500-s500,https://databrussels.be/id/building/1778342,28,0.0,high,110,110,1.0,0.0,0.0,0.0,0,0
bxl-e149000-n169500-s500,https://databrussels.be/id/building/1711111,86,0.0,high,345,345,1.0,0.0,0.0,0.0,0,0
bxl-e149000-n169500-s500,https://databrussels.be/id/building/1710932,70,0.0,high,278,278,1.0,0.0,0.0,0.0,0,0
bxl-e149000-n169500-s500,https://databrussels.be/id/building/1707625,38,0.0,high,150,150,1.0,0.0,0.0,0.0,0,0
bxl-e149000-n169500-s500,https://databrussels.be/id/building/1700411,482,0.0,high,1933,1933,1.0,0.0,0.0,0.0,0,0
bxl-e149000-n169500-s500,https://databrussels.be/id/building/1710987,808,0.0,high,3232,3232,1.0,0.0,0.0,0.0,0,0
bxl-e149000-n169500-s500,https://databrussels.be/id/building/1709674,46,0.0,high,185,185,1.0,0.0,0.0,0.0,0,0
bxl-e149000-n169500-s500,https://databrussels.be/id/building/1709821,106,0.0,high,424,424,1.0,0.0,0.0,0.0,0,0
bxl-e149000-n169500-s500,https://databrussels.be/id/building/1666779,47,0.0,high,190,190,1.0,0.0,0.0,0.0,0,0
bxl-e149000-n169500-s500,https://databrussels.be/id/building/1709753,59,0.0,high,238,238,1.0,0.0,0.0,0.0,0,0
bxl-e149000-n169500-s500,https://databrussels.be/id/building/1702854,197,0.0,high,786,786,1.0,0.0,0.0,0.0,0,0
bxl-e149000-n169500-s500,https://databrussels.be/id/building/1617851,30,0.0,high,120,120,1.0,0.0,0.0,0.0,0,0
bxl-e149000-n169500-s500,https://databrussels.be/id/building/1702701,120,0.0,high,478,478,1.0,0.0,0.0,0.0,0,0
bxl-e149000-n169500-s500,https://databrussels.be/id/building/1633061,543,0.0,high,2173,2173,1.0,0.0,0.0,0.0,0,0
bxl-e149000-n169500-s500,https://databrussels.be/id/building/1708538,505,0.0,high,2022,2022,1.0,0.0,0.0,0.0,0,0
bxl-e149000-n169500-s500,https://databrussels.be/id/building/1702726,72,0.0,high,290,290,1.0,0.0,0.0,0.0,0,0
bxl-e149000-n169500-s500,https://databrussels.be/id/building/1629623,245,0.0,high,978,978,1.0,0.0,0.0,0.0,0,0
bxl-e149000-n169500-s500,https://databrussels.be/id/building/1616639,1013,0.0,high,4047,4047,1.0,0.0,0.0,0.0,0,0
bxl-e149000-n169500-s500,https://databrussels.be/id/building/1707422,636,0.0,high,2547,2547,1.0,0.0,0.0,0.0,0,0
bxl-e149000-n169500-s500,https://databrussels.be/id/building/1772474,301,0.0,high,1203,1203,1.0,0.0,0.0,0.0,0,0
bxl-e149000-n169500-s500,https://databrussels.be/id/building/1645648,3875,0.0,high,11943,11943,1.0,0.0,0.0,0.0,0,0
bxl-e149000-n169500-s500,https://databrussels.be/id/building/1698095,238,0.0,high,954,954,1.0,0.0,0.0,0.0,0,0
bxl-e149000-n169500-s500,https://databrussels.be/id/building/1632014,319,0.0,high,1277,1277,1.0,0.0,0.0,0.0,0,0
bxl-e149000-n169500-s500,https://databrussels.be/id/building/1693584,84,0.0,high,336,336,1.0,0.0,0.0,0.0,0,0
bxl-e149000-n169500-s500,https://databrussels.be/id/building/1700372,103,0.0,high,413,413,1.0,0.0,0.0,0.0,0,0
bxl-e149000-n169500-s500,https://databrussels.be/id/building/1645699,1072,0.0,high,1854,1854,1.0,0.0,0.0,0.0,0,0
bxl-e149000-n169500-s500,https://databrussels.be/id/building/1698143,193,0.0,high,772,772,1.0,0.0,0.0,0.0,0,0
bxl-e149000-n169500-s500,https://databrussels.be/id/building/1694653,79,0.0,high,317,317,1.0,0.0,0.0,0.0,0,0
bxl-e149000-n169500-s500,https://databrussels.be/id/building/1742079,117,0.0,high,471,471,1.0,0.0,0.0,0.0,0,0
bxl-e149000-n169500-s500,https://databrussels.be/id/building/1697032,193,0.0,high,774,774,1.0,0.0,0.0,0.0,0,0
bxl-e149000-n169500-s500,https://databrussels.be/id/building/1735267,85,0.0,high,334,334,1.0,0.0,0.0,0.0,0,0
bxl-e149000-n169500-s500,https://databrussels.be/id/building/1705044,138,0.0,high,551,551,1.0,0.0,0.0,0.0,0,0
bxl-e149000-n169500-s500,https://databrussels.be/id/building/1733923,60,0.0,high,244,244,1.0,0.0,0.0,0.0,0,0
bxl-e149000-n169500-s500,https://databrussels.be/id/building/1708570,101,0.0,high,404,404,1.0,0.0,0.0,0.0,0,0
bxl-e149000-n169500-s500,https://databrussels.be/id/building/1695791,100,0.0,high,399,399,1.0,0.0,0.0,0.0,0,0
bxl-e149000-n169500-s500,https://databrussels.be/id/building/1694671,124,0.0,high,493,493,1.0,0.0,0.0,0.0,0,0
bxl-e149000-n169500-s500,https://databrussels.be/id/building/1739289,73,0.0,high,295,295,1.0,0.0,0.0,0.0,0,0
bxl-e149000-n169500-s500,https://databrussels.be/id/building/1737873,127,0.0,high,505,505,1.0,0.0,0.0,0.0,0,0
bxl-e149000-n169500-s500,https://databrussels.be/id/building/1698079,129,0.0,high,515,515,1.0,0.0,0.0,0.0,0,0
bxl-e149000-n169500-s500,https://databrussels.be/id/building/1709813,159,0.0,high,637,637,1.0,0.0,0.0,0.0,0,0
bxl-e149000-n169500-s500,https://databrussels.be/id/building/1701553,179,0.0,high,716,716,1.0,0.0,0.0,0.0,0,0
bxl-e149000-n169500-s500,https://databrussels.be/id/building/1700395,181,0.0,high,724,724,1.0,0.0,0.0,0.0,0,0
bxl-e149000-n169500-s500,https://databrussels.be/id/building/1698097,239,0.0,high,954,954,1.0,0.0,0.0,0.0,0,0
bxl-e149000-n169500-s500,https://databrussels.be/id/building/1739293,77,0.0,high,314,314,1.0,0.0,0.0,0.0,0,0
bxl-e149000-n169500-s500,https://databrussels.be/id/building/1630682,520,0.0,high,2080,2080,1.0,0.0,0.0,0.0,0,0
bxl-e149000-n169500-s500,https://databrussels.be/id/building/1736546,118,0.0,high,469,469,1.0,0.0,0.0,0.0,0,0
bxl-e149000-n169500-s500,https://databrussels.be/id/building/1739285,70,0.0,high,278,278,1.0,0.0,0.0,0.0,0,0
bxl-e149000-n169500-s500,https://databrussels.be/id/building/1778535,140,0.0,high,561,561,1.0,0.0,0.0,0.0,0,0
bxl-e149000-n169500-s500,https://databrussels.be/id/building/1629586,466,0.0,high,1864,1864,1.0,0.0,0.0,0.0,0,0
bxl-e149000-n169500-s500,https://databrussels.be/id/building/1735272,86,0.0,high,343,343,1.0,0.0,0.0,0.0,0,0
bxl-e149000-n169500-s500,https://databrussels.be/id/building/1710902,109,0.0,high,433,433,1.0,0.0,0.0,0.0,0,0
bxl-e149000-n169500-s500,https://databrussels.be/id/building/1695781,97,0.0,high,385,385,1.0,0.0,0.0,0.0,0,0
bxl-e149000-n169500-s500,https://databrussels.be/id/building/1693505,110,0.0,high,441,441,1.0,0.0,0.0,0.0,0,0
bxl-e149000-n169500-s500,https://databrussels.be/id/building/1783069,426,0.0,high,1705,1705,1.0,0.0,0.0,0.0,0,0
bxl-e149000-n169500-s500,https://databrussels.be/id/building/1705036,934,0.0,high,3712,3712,1.0,0.0,0.0,0.0,0,0
bxl-e149000-n169500-s500,https://databrussels.be/id/building/1629587,464,0.0,high,1853,1853,1.0,0.0,0.0,0.0,0,0
bxl-e149000-n169500-s500,https://databrussels.be/id/building/1699313,5711,0.0,high,22844,22844,1.0,0.0,0.0,0.0,0,0
bxl-e149000-n169500-s500,https://databrussels.be/id/building/1697000,1244,0.0,high,4985,4985,1.0,0.0,0.0,0.0,0,0
bxl-e149000-n169500-s500,https://databrussels.be/id/building/1783068,531,0.0,high,2125,2125,1.0,0.0,0.0,0.0,0,0
bxl-e149000-n169500-s500,https://databrussels.be/id/building/1709729,232,0.0,high,928,928,1.0,0.0,0.0,0.0,0,0
bxl-e149000-n169500-s500,https://databrussels.be/id/building/1699230,697,0.0,high,2788,2788,1.0,0.0,0.0,0.0,0,0
bxl-e149000-n169500-s500,https://databrussels.be/id/building/1784037,186,0.0,high,745,745,1.0,0.0,0.0,0.0,0,0
bxl-e149000-n169500-s500,https://databrussels.be/id/building/1620198,302,0.0,high,1206,1206,1.0,0.0,0.0,0.0,0,0
bxl-e149000-n169500-s500,https://databrussels.be/id/building/1620195,300,0.0,high,1200,1200,1.0,0.0,0.0,0.0,0,0
bxl-e149000-n169500-s500,https://databrussels.be/id/building/1621343,463,0.0,high,1853,1853,1.0,0.0,0.0,0.0,0,0
bxl-e149000-n169500-s500,https://databrussels.be/id/building/1693707,205,0.0,high,827,827,1.0,0.0,0.0,0.0,0,0
bxl-e149000-n169500-s500,https://databrussels.be/id/building/1629578,625,0.0,high,2500,2500,1.0,0.0,0.0,0.0,0,0
bxl-e149000-n169500-s500,https://databrussels.be/id/building/1695864,341,0.0,high,1368,1368,1.0,0.0,0.0,0.0,0,0
bxl-e149000-n169500-s500,https://databrussels.be/id/building/1737889,225,0.0,high,900,900,1.0,0.0,0.0,0.0,0,0
bxl-e149000-n169500-s500,https://databrussels.be/id/building/1632063,273,0.0,high,1088,1088,1.0,0.0,0.0,0.0,0,0
bxl-e149000-n169500-s500,https://databrussels.be/id/building/1700410,480,0.0,high,1920,1920,1.0,0.0,0.0,0.0,0,0
bxl-e149000-n169500-s500,https://databrussels.be/id/building/1700405,315,0.0,high,1260,1260,1.0,0.0,0.0,0.0,0,0
bxl-e149000-n169500-s500,https://databrussels.be/id/building/1799525,1265,0.0,high,5062,5062,1.0,0.0,0.0,0.0,0,0
bxl-e149000-n169500-s500,https://databrussels.be/id/building/1616642,1049,0.0,high,4196,4196,1.0,0.0,0.0,0.0,0,0
bxl-e149000-n169500-s500,https://databrussels.be/id/building/1708503,414,0.0,high,1661,1661,1.0,0.0,0.0,0.0,0,0
bxl-e149000-n169500-s500,https://databrussels.be/id/building/1776061,24,0.0,high,97,97,1.0,0.0,0.0,0.0,0,0
bxl-e149000-n169500-s500,https://databrussels.be/id/building/1829904,26,0.0,high,107,107,1.0,0.0,0.0,0.0,0,0
bxl-e149000-n169500-s500,https://databrussels.be/id/building/1621373,328,0.0,high,1308,1308,1.0,0.0,0.0,0.0,0,0
bxl-e149000-n169500-s500,https://databrussels.be/id/building/1660090,6,0.0,medium,24,24,1.0,0.0,0.0,0.0,0,0
bxl-e149000-n169500-s500,https://databrussels.be/id/building/1628462,91,0.0,high,363,363,1.0,0.0,0.0,0.0,0,0
bxl-e149000-n169500-s500,https://databrussels.be/id/building/1783070,42,0.0,high,167,167,1.0,0.0,0.0,0.0,0,0
bxl-e149000-n169500-s500,https://databrussels.be/id/building/1700358,263,0.0,high,1048,1048,1.0,0.0,0.0,0.0,0,0
bxl-e149000-n169500-s500,https://databrussels.be/id/building/1798592,84,0.0,high,334,334,1.0,0.0,0.0,0.0,0,0
bxl-e149000-n169500-s500,https://databrussels.be/id/building/1804391,73,0.0,high,293,293,1.0,0.0,0.0,0.0,0,0
bxl-e149000-n169500-s500,https://databrussels.be/id/building/1707421,635,0.0,high,2541,2541,1.0,0.0,0.0,0.0,0,0
bxl-e149000-n169500-s500,https://databrussels.be/id/building/1632060,271,0.0,high,1085,1085,1.0,0.0,0.0,0.0,0,0
bxl-e149000-n169500-s500,https://databrussels.be/id/building/1695848,661,0.0,high,2640,2640,1.0,0.0,0.0,0.0,0,0
bxl-e149000-n169500-s500,https://databrussels.be/id/building/1707594,399,0.0,high,1601,1601,1.0,0.0,0.0,0.0,0,0
bxl-e149000-n169500-s500,https://databrussels.be/id/building/1633228,987,0.0,high,3948,3948,1.0,0.0,0.0,0.0,0,0
bxl-e149000-n169500-s500,https://databrussels.be/id/building/1703860,2553,0.0,high,10211,10211,1.0,0.0,0.0,0.0,0,0
bxl-e149000-n169500-s500,https://databrussels.be/id/building/1616650,10,0.0,medium,40,40,1.0,0.0,0.0,0.0,0,0
bxl-e149000-n169500-s500,https://databrussels.be/id/building/1707377,421,0.0,high,1687,1687,1.0,0.0,0.0,0.0,0,0
bxl-e149000-n169500-s500,https://databrussels.be/id/building/1693469,514,0.0,high,2056,2056,1.0,0.0,0.0,0.0,0,0
bxl-e149000-n169500-s500,https://databrussels.be/id/building/1654581,31,0.0,high,125,125,1.0,0.0,0.0,0.0,0,0
bxl-e149000-n169500-s500,https://databrussels.be/id/building/1799505,616,0.0,high,2457,2457,1.0,0.0,0.0,0.0,0,0
bxl-e149000-n169500-s500,https://databrussels.be/id/building/1698100,240,0.0,high,960,960,1.0,0.0,0.0,0.0,0,0
bxl-e149000-n169500-s500,https://databrussels.be/id/building/1697100,188,0.0,high,750,750,1.0,0.0,0.0,0.0,0,0
bxl-e149000-n169500-s500,https://databrussels.be/id/building/1696941,154,0.0,high,616,616,1.0,0.0,0.0,0.0,0,0
bxl-e149000-n169500-s500,https://databrussels.be/id/building/1707380,213,0.0,high,852,852,1.0,0.0,0.0,0.0,0,0
bxl-e149000-n169500-s500,https://databrussels.be/id/building/1706144,45,0.0,high,179,179,1.0,0.0,0.0,0.0,0,0
bxl-e149000-n169500-s500,https://databrussels.be/id/building/1700364,100,0.0,high,402,402,1.0,0.0,0.0,0.0,0,0
bxl-e149000-n169500-s500,https://databrussels.be/id/building/1710877,115,0.0,high,461,461,1.0,0.0,0.0,0.0,0,0
bxl-e149000-n169500-s500,https://databrussels.be/id/building/1695935,136,0.0,high,541,541,1.0,0.0,0.0,0.0,0,0
bxl-e149000-n169500-s500,https://databrussels.be/id/building/1707378,212,0.0,high,846,846,1.0,0.0,0.0,0.0,0,0
bxl-e149000-n169500-s500,https://databrussels.be/id/building/1701576,113,0.0,high,453,453,1.0,0.0,0.0,0.0,0,0
bxl-e149000-n169500-s500,https://databrussels.be/id/building/1697030,192,0.0,high,766,766,1.0,0.0,0.0,0.0,0,0
bxl-e149000-n169500-s500,https://databrussels.be/id/building/1699251,307,0.0,high,1231,1231,1.0,0.0,0.0,0.0,0,0
bxl-e149000-n169500-s500,https://databrussels.be/id/building/1633066,296,0.0,high,1184,1184,1.0,0.0,0.0,0.0,0,0
bxl-e149000-n169500-s500,https://databrussels.be/id/building/1654584,32,0.0,high,127,127,1.0,0.0,0.0,0.0,0,0
bxl-e149000-n169500-s500,https://databrussels.be/id/building/1708623,82,0.0,high,327,327,1.0,0.0,0.0,0.0,0,0
bxl-e149000-n169500-s500,https://databrussels.be/id/building/1707362,71,0.0,high,283,283,1.0,0.0,0.0,0.0,0,0
bxl-e149000-n169500-s500,https://databrussels.be/id/building/1652974,90,0.0,high,359,359,1.0,0.0,0.0,0.0,0,0
bxl-e149000-n169500-s500,https://databrussels.be/id/building/1629577,543,0.0,high,2172,2172,1.0,0.0,0.0,0.0,0,0
bxl-e149000-n169500-s500,https://databrussels.be/id/building/1798591,5810,0.0,high,23231,23231,1.0,0.0,0.0,0.0,0,0
bxl-e149000-n169500-s500,https://databrussels.be/id/building/1699216,140,0.0,high,557,557,1.0,0.0,0.0,0.0,0,0
bxl-e149000-n169500-s500,https://databrussels.be/id/building/1806948,37,0.0,high,148,148,1.0,0.0,0.0,0.0,0,0
bxl-e149000-n169500-s500,https://databrussels.be/id/building/1709704,83,0.0,high,334,334,1.0,0.0,0.0,0.0,0,0
bxl-e149000-n169500-s500,https://databrussels.be/id/building/1700402,216,0.0,high,867,867,1.0,0.0,0.0,0.0,0,0
bxl-e149000-n169500-s500,https://databrussels.be/id/building/1629601,1926,0.0,high,7711,7711,1.0,0.0,0.0,0.0,0,0
bxl-e149000-n169500-s500,https://databrussels.be/id/building/1779115,721,0.0,high,2883,2883,1.0,0.0,0.0,0.0,0,0
bxl-e149000-n169500-s500,https://databrussels.be/id/building/1809461,112,0.0,high,453,453,1.0,0.0,0.0,0.0,0,0
bxl-e149000-n169500-s500,https://databrussels.be/id/building/1777180,2833,0.0,high,11329,11329,1.0,0.0,0.0,0.0,0,0
bxl-e149000-n169500-s500,https://databrussels.be/id/building/1799506,182,0.0,high,730,730,1.0,0.0,0.0,0.0,0,0
bxl-e149000-n169500-s500,https://databrussels.be/id/building/1703881,110,0.0,high,444,444,1.0,0.0,0.0,0.0,0,0
bxl-e149000-n169500-s500,https://databrussels.be/id/building/1794612,18,0.0,high,70,70,1.0,0.0,0.0,0.0,0,0
bxl-e149000-n169500-s500,https://databrussels.be/id/building/1701565,87,0.0,high,348,348,1.0,0.0,0.0,0.0,0,0
bxl-e149000-n169500-s500,https://databrussels.be/id/building/1629591,475,0.0,high,1893,1893,1.0,0.0,0.0,0.0,0,0
bxl-e149000-n169500-s500,https://databrussels.be/id/building/1697145,84,0.0,high,334,334,1.0,0.0,0.0,0.0,0,0
bxl-e149000-n169500-s500,https://databrussels.be/id/building/1709769,91,0.0,high,363,363,1.0,0.0,0.0,0.0,0,0
bxl-e149000-n169500-s500,https://databrussels.be/id/building/1665202,659,0.0,high,2638,2638,1.0,0.0,0.0,0.0,0,0
bxl-e149000-n169500-s500,https://databrussels.be/id/building/1704057,105,0.0,high,420,420,1.0,0.0,0.0,0.0,0,0
bxl-e149000-n169500-s500,https://databrussels.be/id/building/1710992,829,0.0,high,3313,3313,1.0,0.0,0.0,0.0,0,0
bxl-e149000-n169500-s500,https://databrussels.be/id/building/1707629,65,0.0,high,262,262,1.0,0.0,0.0,0.0,0,0
bxl-e149000-n169500-s500,https://databrussels.be/id/building/1620199,302,0.0,high,1212,1212,1.0,0.0,0.0,0.0,0,0
bxl-e149000-n169500-s500,https://databrussels.be/id/building/1700419,52,0.0,high,208,208,1.0,0.0,0.0,0.0,0,0
bxl-e149000-n169500-s500,https://databrussels.be/id/building/1629581,444,0.0,high,1774,1774,1.0,0.0,0.0,0.0,0,0
bxl-e149000-n169500-s500,https://databrussels.be/id/building/1698126,80,0.0,high,321,321,1.0,0.0,0.0,0.0,0,0
bxl-e149000-n169500-s500,https://databrussels.be/id/building/1693706,388,0.0,high,1553,1553,1.0,0.0,0.0,0.0,0,0
bxl-e149000-n169500-s500,https://databrussels.be/id/building/1652409,723,0.0,high,2894,2894,1.0,0.0,0.0,0.0,0,0
bxl-e149000-n169500-s500,https://databrussels.be/id/building/1703869,847,0.0,high,3384,3384,1.0,0.0,0.0,0.0,0,0
bxl-e149000-n169500-s500,https://databrussels.be/id/building/1633222,160,0.0,high,639,639,1.0,0.0,0.0,0.0,0,0
bxl-e149000-n169500-s500,https://databrussels.be/id/building/1705048,218,0.0,high,885,885,1.0,0.0,0.0,0.0,0,0
bxl-e149000-n169500-s500,https://databrussels.be/id/building/1633058,168,0.0,high,666,666,1.0,0.0,0.0,0.0,0,0
bxl-e149000-n169500-s500,https://databrussels.be/id/building/1709694,143,0.0,high,568,568,1.0,0.0,0.0,0.0,0,0
bxl-e149000-n169500-s500,https://databrussels.be/id/building/1707652,138,0.0,high,553,553,1.0,0.0,0.0,0.0,0,0
bxl-e149000-n169500-s500,https://databrussels.be/id/building/1694793,135,0.0,high,541,541,1.0,0.0,0.0,0.0,0,0
bxl-e149000-n169500-s500,https://databrussels.be/id/building/1696865,72,0.0,high,286,286,1.0,0.0,0.0,0.0,0,0
bxl-e149000-n169500-s500,https://databrussels.be/id/building/1705058,52,0.0,high,207,207,1.0,0.0,0.0,0.0,0,0
bxl-e149000-n169500-s500,https://databrussels.be/id/building/1706166,43,0.0,high,171,171,1.0,0.0,0.0,0.0,0,0
bxl-e149000-n169500-s500,https://databrussels.be/id/building/1621371,330,0.0,high,1318,1318,1.0,0.0,0.0,0.0,0,0
bxl-e149000-n169500-s500,https://databrussels.be/id/building/1644660,3914,0.0,high,6297,6297,1.0,0.0,0.0,0.0,0,0
bxl-e149000-n169500-s500,https://databrussels.be/id/building/1709912,67,0.0,high,267,267,1.0,0.0,0.0,0.0,0,0
bxl-e149000-n169500-s500,https://databrussels.be/id/building/1708604,111,0.0,high,444,444,1.0,0.0,0.0,0.0,0,0
bxl-e149000-n169500-s500,https://databrussels.be/id/building/1710894,212,0.0,high,845,845,1.0,0.0,0.0,0.0,0,0
bxl-e149000-n169500-s500,https://databrussels.be/id/building/1708567,83,0.0,high,332,332,1.0,0.0,0.0,0.0,0,0
bxl-e149000-n169500-s500,https://databrussels.be/id/building/1709910,42,0.0,high,169,169,1.0,0.0,0.0,0.0,0,0
bxl-e149000-n169500-s500,https://databrussels.be/id/building/1695903,105,0.0,high,417,417,1.0,0.0,0.0,0.0,0,0
bxl-e149000-n169500-s500,https://databrussels.be/id/building/1702734,58,0.0,high,228,228,1.0,0.0,0.0,0.0,0,0
bxl-e149000-n169500-s500,https://databrussels.be/id/building/1710863,69,0.0,high,277,277,1.0,0.0,0.0,0.0,0,0
bxl-e149000-n169500-s500,https://databrussels.be/id/building/1710910,55,0.0,high,217,217,1.0,0.0,0.0,0.0,0,0
bxl-e149000-n169500-s500,https://databrussels.be/id/building/1703861,618,0.0,high,2475,2475,1.0,0.0,0.0,0.0,0,0
bxl-e149000-n169500-s500,https://databrussels.be/id/building/1708576,51,0.0,high,206,206,1.0,0.0,0.0,0.0,0,0
bxl-e149000-n169500-s500,https://databrussels.be/id/building/1702721,305,0.0,high,1219,1219,1.0,0.0,0.0,0.0,0,0
bxl-e149000-n169500-s500,https://databrussels.be/id/building/1705061,52,0.0,high,207,207,1.0,0.0,0.0,0.0,0,0
bxl-e149000-n169500-s500,https://databrussels.be/id/building/1656022,58,0.0,high,233,233,1.0,0.0,0.0,0.0,0,0
bxl-e149000-n169500-s500,https://databrussels.be/id/building/1783481,1223,0.0,high,3401,3401,1.0,0.0,0.0,0.0,0,0
bxl-e149000-n169500-s500,https://databrussels.be/id/building/1693577,66,0.0,high,266,266,1.0,0.0,0.0,0.0,0,0
bxl-e149000-n169500-s500,https://databrussels.be/id/building/1661458,55,0.0,high,221,221,1.0,0.0,0.0,0.0,0,0
bxl-e149000-n169500-s500,https://databrussels.be/id/building/1707388,71,0.0,high,281,281,1.0,0.0,0.0,0.0,0,0
bxl-e149000-n169500-s500,https://databrussels.be/id/building/1699220,140,0.0,high,561,561,1.0,0.0,0.0,0.0,0,0
bxl-e149000-n169500-s500,https://databrussels.be/id/building/1661453,55,0.0,high,219,219,1.0,0.0,0.0,0.0,0,0
bxl-e149000-n169500-s500,https://databrussels.be/id/building/1700421,53,0.0,high,214,214,1.0,0.0,0.0,0.0,0,0
bxl-e149000-n169500-s500,https://databrussels.be/id/building/1655989,50,0.0,high,198,198,1.0,0.0,0.0,0.0,0,0
bxl-e149000-n169500-s500,https://databrussels.be/id/building/1709739,107,0.0,high,431,431,1.0,0.0,0.0,0.0,0,0
bxl-e149000-n169500-s500,https://databrussels.be/id/building/1711112,86,0.0,high,342,342,1.0,0.0,0.0,0.0,0,0
bxl-e149000-n169500-s500,https://databrussels.be/id/building/1645665,1463,0.0,high,729,729,1.0,0.0,0.0,0.0,0,0
bxl-e149000-n169500-s500,https://databrussels.be/id/building/1708605,111,0.0,high,445,445,1.0,0.0,0.0,0.0,0,0
bxl-e149000-n169500-s500,https://databrussels.be/id/building/1640064,101,0.0,high,400,400,1.0,0.0,0.0,0.0,0,0
bxl-e149000-n169500-s500,https://databrussels.be/id/building/1703800,392,0.0,high,1570,1570,1.0,0.0,0.0,0.0,0,0
bxl-e149000-n169500-s500,https://databrussels.be/id/building/1709692,142,0.0,high,562,562,1.0,0.0,0.0,0.0,0,0
bxl-e149000-n169500-s500,https://databrussels.be/id/building/1710895,214,0.0,high,856,856,1.0,0.0,0.0,0.0,0,0
bxl-e149000-n169500-s500,https://databrussels.be/id/building/1673158,182,0.0,high,711,711,1.0,0.0,0.0,0.0,0,0
bxl-e149000-n169500-s500,https://databrussels.be/id/building/1702698,129,0.0,high,516,516,1.0,0.0,0.0,0.0,0,0
bxl-e149000-n169500-s500,https://databrussels.be/id/building/1696918,145,0.0,high,578,578,1.0,0.0,0.0,0.0,0,0
bxl-e149000-n169500-s500,https://databrussels.be/id/building/1698104,242,0.0,high,964,964,1.0,0.0,0.0,0.0,0,0
bxl-e149000-n169500-s500,https://databrussels.be/id/building/1706300,145,0.0,high,579,579,1.0,0.0,0.0,0.0,0,0
bxl-e149000-n169500-s500,https://databrussels.be/id/building/1664094,70,0.0,high,281,281,1.0,0.0,0.0,0.0,0,0
bxl-e149000-n169500-s500,https://databrussels.be/id/building/1708774,132,0.0,high,540,540,1.0,0.0,0.0,0.0,0,0
bxl-e149000-n169500-s500,https://databrussels.be/id/building/1697054,4040,0.0,high,16157,16157,1.0,0.0,0.0,0.0,0,0
bxl-e149000-n169500-s500,https://databrussels.be/id/building/1709923,67,0.0,high,270,270,1.0,0.0,0.0,0.0,0,0
bxl-e149000-n169500-s500,https://databrussels.be/id/building/1701562,87,0.0,high,347,347,1.0,0.0,0.0,0.0,0,0
bxl-e149000-n169500-s500,https://databrussels.be/id/building/1631959,165,0.0,high,665,665,1.0,0.0,0.0,0.0,0,0
bxl-e149000-n169500-s500,https://databrussels.be/id/building/1660091,6,0.0,medium,24,24,1.0,0.0,0.0,0.0,0,0
bxl-e149000-n169500-s500,https://databrussels.be/id/building/1703870,1841,0.0,high,7362,7362,1.0,0.0,0.0,0.0,0,0
bxl-e149000-n169500-s500,https://databrussels.be/id/building/1622463,158,0.0,high,633,633,1.0,0.0,0.0,0.0,0,0
bxl-e149000-n169500-s500,https://databrussels.be/id/building/1630679,856,0.0,high,3423,3423,1.0,0.0,0.0,0.0,0,0
bxl-e149000-n169500-s500,https://databrussels.be/id/building/1710982,687,0.0,high,2745,2745,1.0,0.0,0.0,0.0,0,0
bxl-e149000-n169500-s500,https://databrussels.be/id/building/1710981,702,0.0,high,2809,2809,1.0,0.0,0.0,0.0,0,0
bxl-e149000-n169500-s500,https://databrussels.be/id/building/1698271,2896,0.0,high,11584,11584,1.0,0.0,0.0,0.0,0,0
bxl-e149000-n169500-s500,https://databrussels.be/id/building/1705105,87,0.0,high,346,346,1.0,0.0,0.0,0.0,0,0
bxl-e149000-n169500-s500,https://databrussels.be/id/building/1703797,206,0.0,high,826,826,1.0,0.0,0.0,0.0,0,0
bxl-e149000-n169500-s500,https://databrussels.be/id/building/1771721,495,0.0,high,1982,1982,1.0,0.0,0.0,0.0,0,0
bxl-e149000-n169500-s500,https://databrussels.be/id/building/1709812,164,0.0,high,652,652,1.0,0.0,0.0,0.0,0,0
bxl-e149000-n169500-s500,https://databrussels.be/id/building/1700407,220,0.0,high,879,879,1.0,0.0,0.0,0.0,0,0
bxl-e149000-n169500-s500,https://databrussels.be/id/building/1620173,215,0.0,high,858,858,1.0,0.0,0.0,0.0,0,0
bxl-e149000-n169500-s500,https://databrussels.be/id/building/1708505,473,0.0,high,1895,1895,1.0,0.0,0.0,0.0,0,0
bxl-e149000-n169500-s500,https://databrussels.be/id/building/1701531,860,0.0,high,3435,3435,1.0,0.0,0.0,0.0,0,0
bxl-e149000-n169500-s500,https://databrussels.be/id/building/1657383,16,0.0,high,64,64,1.0,0.0,0.0,0.0,0,0
bxl-e149000-n169500-s500,https://databrussels.be/id/building/1630683,239,0.0,high,957,957,1.0,0.0,0.0,0.0,0,0
bxl-e149000-n169500-s500,https://databrussels.be/id/building/1621337,1217,0.0,high,4868,4868,1.0,0.0,0.0,0.0,0,0
bxl-e149000-n169500-s500,https://databrussels.be/id/building/1700391,155,0.0,high,621,621,1.0,0.0,0.0,0.0,0,0
bxl-e149000-n169500-s500,https://databrussels.be/id/building/1707590,397,0.0,high,1598,1598,1.0,0.0,0.0,0.0,0,0
bxl-e149000-n169500-s500,https://databrussels.be/id/building/1616652,1521,0.0,high,6070,6070,1.0,0.0,0.0,0.0,0,0
bxl-e149000-n169500-s500,https://databrussels.be/id/building/1693611,106,0.0,high,429,429,1.0,0.0,0.0,0.0,0,0
bxl-e149000-n169500-s500,https://databrussels.be/id/building/1694607,520,0.0,high,2076,2076,1.0,0.0,0.0,0.0,0,0
bxl-e149000-n169500-s500,https://databrussels.be/id/building/1698072,128,0.0,high,511,511,1.0,0.0,0.0,0.0,0,0
bxl-e149000-n169500-s500,https://databrussels.be/id/building/1695876,1136,0.0,high,4546,4546,1.0,0.0,0.0,0.0,0,0
bxl-e149000-n169500-s500,https://databrussels.be/id/building/1630676,224,0.0,high,897,897,1.0,0.0,0.0,0.0,0,0
bxl-e149000-n169500-s500,https://databrussels.be/id/building/1630838,95,0.0,high,382,382,1.0,0.0,0.0,0.0,0,0
bxl-e149000-n169500-s500,https://databrussels.be/id/building/1700381,129,0.0,high,521,521,1.0,0.0,0.0,0.0,0,0
bxl-e149000-n169500-s500,https://databrussels.be/id/building/1698088,177,0.0,high,711,711,1.0,0.0,0.0,0.0,0,0
bxl-e149000-n169500-s500,https://databrussels.be/id/building/1696940,153,0.0,high,614,614,1.0,0.0,0.0,0.0,0,0
bxl-e149000-n169500-s500,https://databrussels.be/id/building/1785232,31,0.0,high,126,126,1.0,0.0,0.0,0.0,0,0
bxl-e149000-n169500-s500,https://databrussels.be/id/building/1617841,2341,0.0,high,9370,9370,1.0,0.0,0.0,0.0,0,0
bxl-e149000-n169500-s500,https://databrussels.be/id/building/1771889,713,0.0,high,2853,2853,1.0,0.0,0.0,0.0,0,0
bxl-e149000-n169500-s500,https://databrussels.be/id/building/1710906,109,0.0,high,433,433,1.0,0.0,0.0,0.0,0,0
bxl-e149000-n169500-s500,https://databrussels.be/id/building/1707653,138,0.0,high,556,556,1.0,0.0,0.0,0.0,0,0
bxl-e149000-n169500-s500,https://databrussels.be/id/building/1710873,115,0.0,high,460,460,1.0,0.0,0.0,0.0,0,0
bxl-e149000-n169500-s500,https://databrussels.be/id/building/1629597,150,0.0,high,600,600,1.0,0.0,0.0,0.0,0,0
bxl-e149000-n169500-s500,https://databrussels.be/id/building/1708535,479,0.0,high,1899,1899,1.0,0.0,0.0,0.0,0,0
bxl-e149000-n169500-s500,https://databrussels.be/id/building/1695782,97,0.0,high,386,386,1.0,0.0,0.0,0.0,0,0
bxl-e149000-n169500-s500,https://databrussels.be/id/building/1711147,138,0.0,high,550,550,1.0,0.0,0.0,0.0,0,0
bxl-e149000-n169500-s500,https://databrussels.be/id/building/1708783,107,0.0,high,428,428,1.0,0.0,0.0,0.0,0,0
bxl-e149000-n169500-s500,https://databrussels.be/id/building/1694611,47,0.0,high,188,188,1.0,0.0,0.0,0.0,0,0
bxl-e149000-n169500-s500,https://databrussels.be/id/building/1632031,120,0.0,high,476,476,1.0,0.0,0.0,0.0,0,0
bxl-e149000-n169500-s500,https://databrussels.be/id/building/1699253,310,0.0,high,1235,1235,1.0,0.0,0.0,0.0,0,0
bxl-e149000-n169500-s500,https://databrussels.be/id/building/1693465,116,0.0,high,466,466,1.0,0.0,0.0,0.0,0,0
bxl-e149000-n169500-s500,https://databrussels.be/id/building/1694678,124,0.0,high,504,504,1.0,0.0,0.0,0.0,0,0
bxl-e149000-n169500-s500,https://databrussels.be/id/building/1694686,145,0.0,high,575,575,1.0,0.0,0.0,0.0,0,0
bxl-e149000-n169500-s500,https://databrussels.be/id/building/1696966,168,0.0,high,677,677,1.0,0.0,0.0,0.0,0,0
bxl-e149000-n169500-s500,https://databrussels.be/id/building/1632054,167,0.0,high,672,672,1.0,0.0,0.0,0.0,0,0
bxl-e149000-n169500-s500,https://databrussels.be/id/building/1695867,261,0.0,high,1037,1037,1.0,0.0,0.0,0.0,0,0
bxl-e149000-n169500-s500,https://databrussels.be/id/building/1693618,134,0.0,high,538,538,1.0,0.0,0.0,0.0,0,0
bxl-e149000-n169500-s500,https://databrussels.be/id/building/1702699,129,0.0,high,515,515,1.0,0.0,0.0,0.0,0,0
bxl-e149000-n169500-s500,https://databrussels.be/id/building/1632024,321,0.0,high,1282,1282,1.0,0.0,0.0,0.0,0,0
bxl-e149000-n169500-s500,https://databrussels.be/id/building/1694673,124,0.0,high,491,491,1.0,0.0,0.0,0.0,0,0
bxl-e149000-n169500-s500,https://databrussels.be/id/building/1708620,82,0.0,high,328,328,1.0,0.0,0.0,0.0,0,0
bxl-e149000-n169500-s500,https://databrussels.be/id/building/1707649,138,0.0,high,551,551,1.0,0.0,0.0,0.0,0,0
bxl-e149000-n169500-s500,https://databrussels.be/id/building/1693617,134,0.0,high,535,535,1.0,0.0,0.0,0.0,0,0
bxl-e149000-n169500-s500,https://databrussels.be/id/building/1698131,82,0.0,high,325,325,1.0,0.0,0.0,0.0,0,0
bxl-e149000-n169500-s500,https://databrussels.be/id/building/1694794,135,0.0,high,538,538,1.0,0.0,0.0,0.0,0,0
bxl-e149000-n169500-s500,https://databrussels.be/id/building/1708499,141,0.0,high,566,566,1.0,0.0,0.0,0.0,0,0
bxl-e149000-n169500-s500,https://databrussels.be/id/building/1700383,120,0.0,high,481,481,1.0,0.0,0.0,0.0,0,0
bxl-e149000-n169500-s500,https://databrussels.be/id/building/1696951,123,0.0,high,492,492,1.0,0.0,0.0,0.0,0,0
bxl-e149000-n169500-s500,https://databrussels.be/id/building/1695869,438,0.0,high,1754,1754,1.0,0.0,0.0,0.0,0,0
bxl-e149000-n169500-s500,https://databrussels.be/id/building/1707392,88,0.0,high,343,343,1.0,0.0,0.0,0.0,0,0
bxl-e149000-n169500-s500,https://databrussels.be/id/building/1643449,97,0.0,high,158,158,1.0,0.0,0.0,0.0,0,0
bxl-e149000-n169500-s500,https://databrussels.be/id/building/1711142,42,0.0,high,169,169,1.0,0.0,0.0,0.0,0,0
bxl-e149000-n169500-s500,https://databrussels.be/id/building/1705018,88,0.0,high,351,351,1.0,0.0,0.0,0.0,0,0
bxl-e149000-n169500-s500,https://databrussels.be/id/building/1655978,67,0.0,high,268,268,1.0,0.0,0.0,0.0,0,0
bxl-e149000-n169500-s500,https://databrussels.be/id/building/1709816,294,0.0,high,1177,1177,1.0,0.0,0.0,0.0,0,0
bxl-e149000-n169500-s500,https://databrussels.be/id/building/1694756,364,0.0,high,1456,1456,1.0,0.0,0.0,0.0,0,0
bxl-e149000-n169500-s500,https://databrussels.be/id/building/1652410,104,0.0,high,414,414,1.0,0.0,0.0,0.0,0,0
bxl-e149000-n169500-s500,https://databrussels.be/id/building/1702714,177,0.0,high,712,712,1.0,0.0,0.0,0.0,0,0
bxl-e149000-n169500-s500,https://databrussels.be/id/building/1629564,200,0.0,high,800,800,1.0,0.0,0.0,0.0,0,0
bxl-e149000-n169500-s500,https://databrussels.be/id/building/1707373,209,0.0,high,833,833,1.0,0.0,0.0,0.0,0,0
bxl-e149000-n169500-s500,https://databrussels.be/id/building/1702849,196,0.0,high,783,783,1.0,0.0,0.0,0.0,0,0
bxl-e149000-n169500-s500,https://databrussels.be/id/building/1695938,190,0.0,high,760,760,1.0,0.0,0.0,0.0,0,0
bxl-e149000-n169500-s500,https://databrussels.be/id/building/1651484,2107,0.0,high,5222,5222,1.0,0.0,0.0,0.0,0,0
bxl-e149000-n169500-s500,https://databrussels.be/id/building/1699239,174,0.0,high,692,692,1.0,0.0,0.0,0.0,0,0
bxl-e149000-n169500-s500,https://databrussels.be/id/building/1693485,2099,0.0,high,8182,8182,1.0,0.0,0.0,0.0,0,0
bxl-e149000-n169500-s500,https://databrussels.be/id/building/1708598,171,0.0,high,690,690,1.0,0.0,0.0,0.0,0,0
bxl-e149000-n169500-s500,https://databrussels.be/id/building/1706194,206,0.0,high,823,823,1.0,0.0,0.0,0.0,0,0
bxl-e149000-n169500-s500,https://databrussels.be/id/building/1630650,565,0.0,high,2264,2264,1.0,0.0,0.0,0.0,0,0
bxl-e149000-n169500-s500,https://databrussels.be/id/building/1708588,161,0.0,high,640,640,1.0,0.0,0.0,0.0,0,0
bxl-e149000-n169500-s500,https://databrussels.be/id/building/1710852,72,0.0,high,290,290,1.0,0.0,0.0,0.0,0,0
bxl-e149000-n169500-s500,https://databrussels.be/id/building/1700382,172,0.0,high,694,694,1.0,0.0,0.0,0.0,0,0
bxl-e149000-n169500-s500,https://databrussels.be/id/building/1633131,276,0.0,high,1104,1104,1.0,0.0,0.0,0.0,0,0
bxl-e149000-n169500-s500,https://databrussels.be/id/building/1702704,131,0.0,high,523,523,1.0,0.0,0.0,0.0,0,0
bxl-e149000-n169500-s500,https://databrussels.be/id/building/1698064,101,0.0,high,411,411,1.0,0.0,0.0,0.0,0,0
bxl-e149000-n169500-s500,https://databrussels.be/id/building/1699376,382,0.0,high,1531,1531,1.0,0.0,0.0,0.0,0,0
bxl-e149000-n169500-s500,https://databrussels.be/id/building/1708630,99,0.0,high,392,392,1.0,0.0,0.0,0.0,0,0
bxl-e149000-n169500-s500,https://databrussels.be/id/building/1708537,504,0.0,high,890,890,1.0,0.0,0.0,0.0,0,0
bxl-e149000-n169500-s500,https://databrussels.be/id/building/1693470,516,0.0,high,2067,2067,1.0,0.0,0.0,0.0,0,0
bxl-e149000-n169500-s500,https://databrussels.be/id/building/1698059,99,0.0,high,395,395,1.0,0.0,0.0,0.0,0,0
bxl-e149000-n169500-s500,https://databrussels.be/id/building/1630649,558,0.0,high,2233,2233,1.0,0.0,0.0,0.0,0,0
bxl-e149000-n169500-s500,https://databrussels.be/id/building/1698052,98,0.0,high,391,391,1.0,0.0,0.0,0.0,0,0
bxl-e149000-n169500-s500,https://databrussels.be/id/building/1707591,697,0.0,high,2787,2787,1.0,0.0,0.0,0.0,0,0
bxl-e149000-n169500-s500,https://databrussels.be/id/building/1695803,117,0.0,high,468,468,1.0,0.0,0.0,0.0,0,0
bxl-e149000-n169500-s500,https://databrussels.be/id/building/1632055,166,0.0,high,663,663,1.0,0.0,0.0,0.0,0,0
bxl-e149000-n169500-s500,https://databrussels.be/id/building/1693517,83,0.0,high,334,334,1.0,0.0,0.0,0.0,0,0
bxl-e149000-n169500-s500,https://databrussels.be/id/building/1705102,153,0.0,high,611,611,1.0,0.0,0.0,0.0,0,0
bxl-e149000-n169500-s500,https://databrussels.be/id/building/1710988,794,0.0,high,217,217,1.0,0.0,0.0,0.0,0,0
bxl-e149000-n169500-s500,https://databrussels.be/id/building/1694584,151,0.0,high,610,610,1.0,0.0,0.0,0.0,0,0
bxl-e149000-n169500-s500,https://databrussels.be/id/building/1694651,110,0.0,high,438,438,1.0,0.0,0.0,0.0,0,0
bxl-e149000-n169500-s500,https://databrussels.be/id/building/1654585,52,0.0,high,209,209,1.0,0.0,0.0,0.0,0,0
bxl-e149000-n169500-s500,https://databrussels.be/id/building/1698217,342,0.0,high,1366,1366,1.0,0.0,0.0,0.0,0,0
bxl-e149000-n169500-s500,https://databrussels.be/id/building/1694674,124,0.0,high,495,495,1.0,0.0,0.0,0.0,0,0
bxl-e149000-n169500-s500,https://databrussels.be/id/building/1658663,41,0.0,high,162,162,1.0,0.0,0.0,0.0,0,0
bxl-e149000-n169500-s500,https://databrussels.be/id/building/1707644,187,0.0,high,752,752,1.0,0.0,0.0,0.0,0,0
bxl-e149000-n169500-s500,https://databrussels.be/id/building/1700386,132,0.0,high,531,531,1.0,0.0,0.0,0.0,0,0
bxl-e149000-n169500-s500,https://databrussels.be/id/building/1706192,144,0.0,high,569,569,1.0,0.0,0.0,0.0,0,0
bxl-e149000-n169500-s500,https://databrussels.be/id/building/1711133,136,0.0,high,546,546,1.0,0.0,0.0,0.0,0,0
bxl-e149000-n169500-s500,https://databrussels.be/id/building/1700388,139,0.0,high,554,554,1.0,0.0,0.0,0.0,0,0
bxl-e149000-n169500-s500,https://databrussels.be/id/building/1705250,133,0.0,high,530,530,1.0,0.0,0.0,0.0,0,0
bxl-e149000-n169500-s500,https://databrussels.be/id/building/1695874,1108,0.0,high,3227,3227,1.0,0.0,0.0,0.0,0,0
bxl-e149000-n169500-s500,https://databrussels.be/id/building/1694796,135,0.0,high,538,538,1.0,0.0,0.0,0.0,0,0
bxl-e149000-n169500-s500,https://databrussels.be/id/building/1694797,135,0.0,high,544,544,1.0,0.0,0.0,0.0,0,0
bxl-e149000-n169500-s500,https://databrussels.be/id/building/1693432,115,0.0,high,461,461,1.0,0.0,0.0,0.0,0,0
bxl-e149000-n169500-s500,https://databrussels.be/id/building/1693507,110,0.0,high,442,442,1.0,0.0,0.0,0.0,0,0
bxl-e149000-n169500-s500,https://databrussels.be/id/building/1700420,43,0.0,high,170,170,1.0,0.0,0.0,0.0,0,0
bxl-e149000-n169500-s500,https://databrussels.be/id/building/1706222,53,0.0,high,214,214,1.0,0.0,0.0,0.0,0,0
bxl-e149000-n169500-s500,https://databrussels.be/id/building/1693477,80,0.0,medium,44,44,1.0,0.0,0.0,0.0,0,0
bxl-e149000-n169500-s500,https://databrussels.be/id/building/1697060,40,0.0,high,164,164,1.0,0.0,0.0,0.0,0,0
bxl-e149000-n169500-s500,https://databrussels.be/id/building/1630658,50,0.0,high,198,198,1.0,0.0,0.0,0.0,0,0
bxl-e149000-n169500-s500,https://databrussels.be/id/building/1696025,52,0.0,high,146,146,1.0,0.0,0.0,0.0,0,0
bxl-e149000-n169500-s500,https://databrussels.be/id/building/1622403,76,0.0,high,153,153,1.0,0.0,0.0,0.0,0,0
bxl-e149000-n169500-s500,https://databrussels.be/id/building/1632028,214,0.0,high,854,854,1.0,0.0,0.0,0.0,0,0
bxl-e149000-n169500-s500,https://databrussels.be/id/building/1657071,256,0.0,high,1020,1020,1.0,0.0,0.0,0.0,0,0
bxl-e149000-n169500-s500,https://databrussels.be/id/building/1778358,222,0.0,high,888,888,1.0,0.0,0.0,0.0,0,0
bxl-e149000-n169500-s500,https://databrussels.be/id/building/1633130,223,0.0,high,894,894,1.0,0.0,0.0,0.0,0,0
bxl-e149000-n169500-s500,https://databrussels.be/id/building/1702740,114,0.0,high,457,457,1.0,0.0,0.0,0.0,0,0
bxl-e149000-n169500-s500,https://databrussels.be/id/building/1705054,175,0.0,high,700,700,1.0,0.0,0.0,0.0,0,0
bxl-e149000-n169500-s500,https://databrussels.be/id/building/1702720,303,0.0,insufficient,5,5,1.0,0.0,0.0,0.0,0,0
bxl-e149000-n169500-s500,https://databrussels.be/id/building/1703898,79,0.0,high,88,88,1.0,0.0,0.0,0.0,0,0
bxl-e149000-n169500-s500,https://databrussels.be/id/building/1698214,337,0.0,high,472,472,1.0,0.0,0.0,0.0,0,0
bxl-e149000-n169500-s500,https://databrussels.be/id/building/1641279,192,0.0,high,538,538,1.0,0.0,0.0,0.0,0,0
bxl-e149000-n169500-s500,https://databrussels.be/id/building/1798243,197,0.0,high,214,214,1.0,0.0,0.0,0.0,0,0
bxl-e149000-n169500-s500,https://databrussels.be/id/building/1693665,143,0.0,high,572,572,1.0,0.0,0.0,0.0,0,0
bxl-e149000-n169500-s500,https://databrussels.be/id/building/1693454,92,0.0,high,368,368,1.0,0.0,0.0,0.0,0,0
bxl-e149000-n169500-s500,https://databrussels.be/id/building/1616651,954,0.0,high,1139,1139,1.0,0.0,0.0,0.0,0,0
bxl-e149000-n169500-s500,https://databrussels.be/id/building/1620202,185,0.0,high,743,743,1.0,0.0,0.0,0.0,0,0
bxl-e149000-n169500-s500,https://databrussels.be/id/building/1704985,141,0.0,high,567,567,1.0,0.0,0.0,0.0,0,0
bxl-e149000-n169500-s500,https://databrussels.be/id/building/1699213,139,0.0,high,556,556,1.0,0.0,0.0,0.0,0,0
bxl-e149000-n169500-s500,https://databrussels.be/id/building/1795796,127,0.0,high,508,508,1.0,0.0,0.0,0.0,0,0
bxl-e149000-n169500-s500,https://databrussels.be/id/building/1704971,46,0.0,high,182,182,1.0,0.0,0.0,0.0,0,0
bxl-e149000-n169500-s500,https://databrussels.be/id/building/1699211,138,0.0,high,553,553,1.0,0.0,0.0,0.0,0,0
bxl-e149000-n169500-s500,https://databrussels.be/id/building/1694608,47,0.0,high,188,188,1.0,0.0,0.0,0.0,0,0
bxl-e149000-n169500-s500,https://databrussels.be/id/building/1693429,147,0.0,high,591,591,1.0,0.0,0.0,0.0,0,0
bxl-e149000-n169500-s500,https://databrussels.be/id/building/1693468,117,0.0,high,468,468,1.0,0.0,0.0,0.0,0,0
bxl-e149000-n169500-s500,https://databrussels.be/id/building/1629657,58,0.0,high,231,231,1.0,0.0,0.0,0.0,0,0
bxl-e149000-n169500-s500,https://databrussels.be/id/building/1695815,64,0.0,high,253,253,1.0,0.0,0.0,0.0,0,0
bxl-e149000-n169500-s500,https://databrussels.be/id/building/1694842,107,0.0,high,431,431,1.0,0.0,0.0,0.0,0,0
bxl-e149000-n169500-s500,https://databrussels.be/id/building/1709922,67,0.0,high,267,267,1.0,0.0,0.0,0.0,0,0
bxl-e149000-n169500-s500,https://databrussels.be/id/building/1701535,56,0.0,high,225,225,1.0,0.0,0.0,0.0,0,0
bxl-e149000-n169500-s500,https://databrussels.be/id/building/1693614,106,0.0,high,420,420,1.0,0.0,0.0,0.0,0,0
bxl-e149000-n169500-s500,https://databrussels.be/id/building/1618730,1577,0.0,high,150,150,1.0,0.0,0.0,0.0,0,0
bxl-e149000-n169500-s500,https://databrussels.be/id/building/1655675,1321,0.0,high,4829,4829,1.0,0.0,0.0,0.0,0,0
bxl-e149000-n169500-s500,https://databrussels.be/id/building/1702632,68,0.0,high,273,273,1.0,0.0,0.0,0.0,0,0
bxl-e149000-n169500-s500,https://databrussels.be/id/building/1781916,135,0.0,medium,50,50,1.0,0.0,0.0,0.0,0,0
bxl-e149000-n169500-s500,https://databrussels.be/id/building/1707587,86,0.0,high,344,344,1.0,0.0,0.0,0.0,0,0
bxl-e149000-n169500-s500,https://databrussels.be/id/building/1698091,84,0.0,high,340,340,1.0,0.0,0.0,0.0,0,0
bxl-e149000-n169500-s500,https://databrussels.be/id/building/1699257,171,0.0,high,659,659,1.0,0.0,0.0,0.0,0,0
bxl-e149000-n169500-s500,https://databrussels.be/id/building/1632013,318,0.0,high,1269,1269,1.0,0.0,0.0,0.0,0,0
bxl-e149000-n169500-s500,https://databrussels.be/id/building/1710984,724,0.0,high,2896,2896,1.0,0.0,0.0,0.0,0,0
bxl-e149000-n169500-s500,https://databrussels.be/id/building/1706173,44,0.0,high,178,178,1.0,0.0,0.0,0.0,0,0
bxl-e149000-n169500-s500,https://databrussels.be/id/building/1631783,25,0.0,high,100,100,1.0,0.0,0.0,0.0,0,0
bxl-e149000-n169500-s500,https://databrussels.be/id/building/1710985,758,0.0,high,1413,1413,1.0,0.0,0.0,0.0,0,0
bxl-e149000-n169500-s500,https://databrussels.be/id/building/1694577,148,0.0,high,594,594,1.0,0.0,0.0,0.0,0,0
bxl-e149000-n169500-s500,https://databrussels.be/id/building/1706172,44,0.0,high,177,177,1.0,0.0,0.0,0.0,0,0
bxl-e149500-n168500-s500,https://databrussels.be/id/building/1689330,185,0.0,high,736,736,1.0,0.0,0.0,0.0,0,0
bxl-e149500-n168500-s500,https://databrussels.be/id/building/1750182,104,0.0,high,417,417,1.0,0.0,0.0,0.0,0,0
bxl-e149500-n168500-s500,https://databrussels.be/id/building/1733898,111,0.0,high,441,441,1.0,0.0,0.0,0.0,0,0
bxl-e149500-n168500-s500,https://databrussels.be/id/building/1805630,50,0.0,high,200,200,1.0,0.0,0.0,0.0,0,0
bxl-e149500-n168500-s500,https://databrussels.be/id/building/1691601,428,0.0,high,1710,1710,1.0,0.0,0.0,0.0,0,0
bxl-e149500-n168500-s500,https://databrussels.be/id/building/1685696,154,0.0,high,615,615,1.0,0.0,0.0,0.0,0,0
bxl-e149500-n168500-s500,https://databrussels.be/id/building/1683283,278,0.0,high,1111,1111,1.0,0.0,0.0,0.0,0,0
bxl-e149500-n168500-s500,https://databrussels.be/id/building/1675120,190,0.0,high,762,762,1.0,0.0,0.0,0.0,0,0
bxl-e149500-n168500-s500,https://databrussels.be/id/building/1690300,169,0.0,high,678,678,1.0,0.0,0.0,0.0,0,0
bxl-e149500-n168500-s500,https://databrussels.be/id/building/1690483,109,0.0,high,436,436,1.0,0.0,0.0,0.0,0,0
bxl-e149500-n168500-s500,https://databrussels.be/id/building/1682212,117,0.0,high,471,471,1.0,0.0,0.0,0.0,0,0
bxl-e149500-n168500-s500,https://databrussels.be/id/building/1675049,87,0.0,high,347,347,1.0,0.0,0.0,0.0,0,0
bxl-e149500-n168500-s500,https://databrussels.be/id/building/1735282,110,0.0,high,443,443,1.0,0.0,0.0,0.0,0,0
bxl-e149500-n168500-s500,https://databrussels.be/id/building/1701559,87,0.0,high,350,350,1.0,0.0,0.0,0.0,0,0
bxl-e149500-n168500-s500,https://databrussels.be/id/building/1709760,63,0.0,high,251,251,1.0,0.0,0.0,0.0,0,0
bxl-e149500-n168500-s500,https://databrussels.be/id/building/1704043,104,0.0,high,416,416,1.0,0.0,0.0,0.0,0,0
bxl-e149500-n168500-s500,https://databrussels.be/id/building/1708594,94,0.0,high,371,371,1.0,0.0,0.0,0.0,0,0
bxl-e149500-n168500-s500,https://databrussels.be/id/building/1628481,74,0.0,high,296,296,1.0,0.0,0.0,0.0,0,0
bxl-e149500-n168500-s500,https://databrussels.be/id/building/1622461,158,0.0,high,627,627,1.0,0.0,0.0,0.0,0,0
bxl-e149500-n168500-s500,https://databrussels.be/id/building/1731178,3,0.0,insufficient,11,11,1.0,0.0,0.0,0.0,0,0
bxl-e149500-n168500-s500,https://databrussels.be/id/building/1735230,17,0.0,high,69,69,1.0,0.0,0.0,0.0,0,0
bxl-e149500-n168500-s500,https://databrussels.be/id/building/1675118,189,0.0,high,755,755,1.0,0.0,0.0,0.0,0,0
bxl-e149500-n168500-s500,https://databrussels.be/id/building/1679653,718,0.0,high,2871,2871,1.0,0.0,0.0,0.0,0,0
bxl-e149500-n168500-s500,https://databrussels.be/id/building/1673878,606,0.0,high,2424,2424,1.0,0.0,0.0,0.0,0,0
bxl-e149500-n168500-s500,https://databrussels.be/id/building/1735260,61,0.0,high,245,245,1.0,0.0,0.0,0.0,0,0
bxl-e149500-n168500-s500,https://databrussels.be/id/building/1683356,85,0.0,high,340,340,1.0,0.0,0.0,0.0,0,0
bxl-e149500-n168500-s500,https://databrussels.be/id/building/1685775,188,0.0,high,749,749,1.0,0.0,0.0,0.0,0,0
bxl-e149500-n168500-s500,https://databrussels.be/id/building/1676239,59,0.0,high,240,240,1.0,0.0,0.0,0.0,0,0
bxl-e149500-n168500-s500,https://databrussels.be/id/building/1686824,124,0.0,high,496,496,1.0,0.0,0.0,0.0,0,0
bxl-e149500-n168500-s500,https://databrussels.be/id/building/1683325,79,0.0,high,318,318,1.0,0.0,0.0,0.0,0,0
bxl-e149500-n168500-s500,https://databrussels.be/id/building/1691533,1156,0.0,high,4621,4621,1.0,0.0,0.0,0.0,0,0
bxl-e149500-n168500-s500,https://databrussels.be/id/building/1680893,88,0.0,high,352,352,1.0,0.0,0.0,0.0,0,0
bxl-e149500-n168500-s500,https://databrussels.be/id/building/1690454,158,0.0,high,633,633,1.0,0.0,0.0,0.0,0,0
bxl-e149500-n168500-s500,https://databrussels.be/id/building/1673823,98,0.0,high,393,393,1.0,0.0,0.0,0.0,0,0
bxl-e149500-n168500-s500,https://databrussels.be/id/building/1733900,112,0.0,high,447,447,1.0,0.0,0.0,0.0,0,0
bxl-e149500-n168500-s500,https://databrussels.be/id/building/1732553,32,0.0,high,128,128,1.0,0.0,0.0,0.0,0,0
bxl-e149500-n168500-s500,https://databrussels.be/id/building/1686743,127,0.0,high,507,507,1.0,0.0,0.0,0.0,0,0
bxl-e149500-n168500-s500,https://databrussels.be/id/building/1673835,113,0.0,high,454,454,1.0,0.0,0.0,0.0,0,0
bxl-e149500-n168500-s500,https://databrussels.be/id/building/1656540,67,0.0,high,270,270,1.0,0.0,0.0,0.0,0,0
bxl-e149500-n168500-s500,https://databrussels.be/id/building/1689361,84,0.0,high,337,337,1.0,0.0,0.0,0.0,0,0
bxl-e149500-n168500-s500,https://databrussels.be/id/building/1677432,91,0.0,high,363,363,1.0,0.0,0.0,0.0,0,0
bxl-e149500-n168500-s500,https://databrussels.be/id/building/1689309,104,0.0,high,419,419,1.0,0.0,0.0,0.0,0,0
bxl-e149500-n168500-s500,https://databrussels.be/id/building/1732544,97,0.0,high,386,386,1.0,0.0,0.0,0.0,0,0
bxl-e149500-n168500-s500,https://databrussels.be/id/building/1682215,118,0.0,high,470,470,1.0,0.0,0.0,0.0,0,0
bxl-e149500-n168500-s500,https://databrussels.be/id/building/1673928,105,0.0,high,418,418,1.0,0.0,0.0,0.0,0,0
bxl-e149500-n168500-s500,https://databrussels.be/id/building/1680967,87,0.0,high,349,349,1.0,0.0,0.0,0.0,0,0
bxl-e149500-n168500-s500,https://databrussels.be/id/building/1685662,101,0.0,high,405,405,1.0,0.0,0.0,0.0,0,0
bxl-e149500-n168500-s500,https://databrussels.be/id/building/1688123,133,0.0,high,527,527,1.0,0.0,0.0,0.0,0,0
bxl-e149500-n168500-s500,https://databrussels.be/id/building/1683305,119,0.0,high,476,476,1.0,0.0,0.0,0.0,0,0
bxl-e149500-n168500-s500,https://databrussels.be/id/building/1679714,4,0.0,medium,16,16,1.0,0.0,0.0,0.0,0,0
bxl-e149500-n168500-s500,https://databrussels.be/id/building/1689321,112,0.0,high,450,450,1.0,0.0,0.0,0.0,0,0
bxl-e149500-n168500-s500,https://databrussels.be/id/building/1677448,57,0.0,high,229,229,1.0,0.0,0.0,0.0,0,0
bxl-e149500-n168500-s500,https://databrussels.be/id/building/1689237,162,0.0,high,648,648,1.0,0.0,0.0,0.0,0,0
bxl-e149500-n168500-s500,https://databrussels.be/id/building/1683293,99,0.0,high,397,397,1.0,0.0,0.0,0.0,0,0
bxl-e149500-n168500-s500,https://databrussels.be/id/building/1798337,3,0.0,insufficient,14,14,1.0,0.0,0.0,0.0,0,0
bxl-e149500-n168500-s500,https://databrussels.be/id/building/1691728,51,0.0,high,205,205,1.0,0.0,0.0,0.0,0,0
bxl-e149500-n168500-s500,https://databrussels.be/id/building/1690566,77,0.0,high,307,307,1.0,0.0,0.0,0.0,0,0
bxl-e149500-n168500-s500,https://databrussels.be/id/building/1686948,108,0.0,high,432,432,1.0,0.0,0.0,0.0,0,0
bxl-e149500-n168500-s500,https://databrussels.be/id/building/1675173,112,0.0,high,449,449,1.0,0.0,0.0,0.0,0,0
bxl-e149500-n168500-s500,https://databrussels.be/id/building/1686849,81,0.0,high,322,322,1.0,0.0,0.0,0.0,0,0
bxl-e149500-n168500-s500,https://databrussels.be/id/building/1691709,166,0.0,high,664,664,1.0,0.0,0.0,0.0,0,0
bxl-e149500-n168500-s500,https://databrussels.be/id/building/1690510,100,0.0,high,401,401,1.0,0.0,0.0,0.0,0,0
bxl-e149500-n168500-s500,https://databrussels.be/id/building/1688129,97,0.0,high,388,388,1.0,0.0,0.0,0.0,0,0
bxl-e149500-n168500-s500,https://databrussels.be/id/building/1685694,154,0.0,high,617,617,1.0,0.0,0.0,0.0,0,0
bxl-e149500-n168500-s500,https://databrussels.be/id/building/1675159,97,0.0,high,386,386,1.0,0.0,0.0,0.0,0,0
bxl-e149500-n168500-s500,https://databrussels.be/id/building/1680968,87,0.0,high,350,350,1.0,0.0,0.0,0.0,0,0
bxl-e149500-n168500-s500,https://databrussels.be/id/building/1732541,85,0.0,high,340,340,1.0,0.0,0.0,0.0,0,0
bxl-e149500-n168500-s500,https://databrussels.be/id/building/1689375,111,0.0,high,443,443,1.0,0.0,0.0,0.0,0,0
bxl-e149500-n168500-s500,https://databrussels.be/id/building/1677436,91,0.0,high,363,363,1.0,0.0,0.0,0.0,0,0
bxl-e149500-n168500-s500,https://databrussels.be/id/building/1729880,56,0.0,high,226,226,1.0,0.0,0.0,0.0,0,0
bxl-e149500-n168500-s500,https://databrussels.be/id/building/1688181,52,0.0,high,205,205,1.0,0.0,0.0,0.0,0,0
bxl-e149500-n168500-s500,https://databrussels.be/id/building/1690558,76,0.0,high,301,301,1.0,0.0,0.0,0.0,0,0
bxl-e149500-n168500-s500,https://databrussels.be/id/building/1732540,84,0.0,high,336,336,1.0,0.0,0.0,0.0,0,0
bxl-e149500-n168500-s500,https://databrussels.be/id/building/1682060,65,0.0,high,259,259,1.0,0.0,0.0,0.0,0,0
bxl-e149500-n168500-s500,https://databrussels.be/id/building/1751516,83,0.0,high,331,331,1.0,0.0,0.0,0.0,0,0
bxl-e149500-n168500-s500,https://databrussels.be/id/building/1732598,69,0.0,high,276,276,1.0,0.0,0.0,0.0,0,0
bxl-e149500-n168500-s500,https://databrussels.be/id/building/1688092,90,0.0,high,361,361,1.0,0.0,0.0,0.0,0,0
bxl-e149500-n168500-s500,https://databrussels.be/id/building/1679638,3180,0.0,high,12723,12723,1.0,0.0,0.0,0.0,0,0
bxl-e149500-n168500-s500,https://databrussels.be/id/building/1677372,59,0.0,high,238,238,1.0,0.0,0.0,0.0,0,0
bxl-e149500-n168500-s500,https://databrussels.be/id/building/1736547,26,0.0,high,104,104,1.0,0.0,0.0,0.0,0,0
bxl-e149500-n168500-s500,https://databrussels.be/id/building/1735235,24,0.0,high,95,95,1.0,0.0,0.0,0.0,0,0
bxl-e149500-n168500-s500,https://databrussels.be/id/building/1685692,154,0.0,high,616,616,1.0,0.0,0.0,0.0,0,0
bxl-e149500-n168500-s500,https://databrussels.be/id/building/1740655,270,0.0,high,1085,1085,1.0,0.0,0.0,0.0,0,0
bxl-e149500-n168500-s500,https://databrussels.be/id/building/1692738,1245,0.0,high,4979,4979,1.0,0.0,0.0,0.0,0,0
bxl-e149500-n168500-s500,https://databrussels.be/id/building/1683378,89,0.0,high,357,357,1.0,0.0,0.0,0.0,0,0
bxl-e149500-n168500-s500,https://databrussels.be/id/building/1686886,194,0.0,high,777,777,1.0,0.0,0.0,0.0,0,0
bxl-e149500-n168500-s500,https://databrussels.be/id/building/1676221,508,0.0,high,2031,2031,1.0,0.0,0.0,0.0,0,0
bxl-e149500-n168500-s500,https://databrussels.be/id/building/1691726,62,0.0,high,246,246,1.0,0.0,0.0,0.0,0,0
bxl-e149500-n168500-s500,https://databrussels.be/id/building/1740656,1095,0.0,high,4381,4381,1.0,0.0,0.0,0.0,0,0
bxl-e149500-n168500-s500,https://databrussels.be/id/building/1673909,207,0.0,high,828,828,1.0,0.0,0.0,0.0,0,0
bxl-e149500-n168500-s500,https://databrussels.be/id/building/1679796,47,0.0,high,188,188,1.0,0.0,0.0,0.0,0,0
bxl-e149500-n168500-s500,https://databrussels.be/id/building/1680892,88,0.0,high,354,354,1.0,0.0,0.0,0.0,0,0
bxl-e149500-n168500-s500,https://databrussels.be/id/building/1673925,54,0.0,high,216,216,1.0,0.0,0.0,0.0,0,0
bxl-e149500-n168500-s500,https://databrussels.be/id/building/1691619,91,0.0,high,368,368,1.0,0.0,0.0,0.0,0,0
bxl-e149500-n168500-s500,https://databrussels.be/id/building/1695841,103,0.0,high,412,412,1.0,0.0,0.0,0.0,0,0
bxl-e149500-n168500-s500,https://databrussels.be/id/building/1709750,18,0.0,high,70,70,1.0,0.0,0.0,0.0,0,0
bxl-e149500-n168500-s500,https://databrussels.be/id/building/1683345,90,0.0,high,358,358,1.0,0.0,0.0,0.0,0,0
bxl-e149500-n168500-s500,https://databrussels.be/id/building/1740651,189,0.0,high,757,757,1.0,0.0,0.0,0.0,0,0
bxl-e149500-n168500-s500,https://databrussels.be/id/building/1681983,106,0.0,high,423,423,1.0,0.0,0.0,0.0,0,0
bxl-e149500-n168500-s500,https://databrussels.be/id/building/1679783,76,0.0,high,304,304,1.0,0.0,0.0,0.0,0,0
bxl-e149500-n168500-s500,https://databrussels.be/id/building/1684553,94,0.0,high,376,376,1.0,0.0,0.0,0.0,0,0
bxl-e149500-n168500-s500,https://databrussels.be/id/building/1683365,69,0.0,high,275,275,1.0,0.0,0.0,0.0,0,0
bxl-e149500-n168500-s500,https://databrussels.be/id/building/1691626,75,0.0,high,301,301,1.0,0.0,0.0,0.0,0,0
bxl-e149500-n168500-s500,https://databrussels.be/id/building/1680894,88,0.0,high,354,354,1.0,0.0,0.0,0.0,0,0
bxl-e149500-n168500-s500,https://databrussels.be/id/building/1684491,67,0.0,high,267,267,1.0,0.0,0.0,0.0,0,0
bxl-e149500-n168500-s500,https://databrussels.be/id/building/1732587,49,0.0,high,197,197,1.0,0.0,0.0,0.0,0,0
bxl-e149500-n168500-s500,https://databrussels.be/id/building/1682175,82,0.0,high,329,329,1.0,0.0,0.0,0.0,0,0
bxl-e149500-n168500-s500,https://databrussels.be/id/building/1678594,73,0.0,high,288,288,1.0,0.0,0.0,0.0,0,0
bxl-e149500-n168500-s500,https://databrussels.be/id/building/1673932,47,0.0,high,190,190,1.0,0.0,0.0,0.0,0,0
bxl-e149500-n168500-s500,https://databrussels.be/id/building/1682129,61,0.0,high,245,245,1.0,0.0,0.0,0.0,0,0
bxl-e149500-n168500-s500,https://databrussels.be/id/building/1783248,161,0.0,high,645,645,1.0,0.0,0.0,0.0,0,0
bxl-e149500-n168500-s500,https://databrussels.be/id/building/1732554,34,0.0,high,135,135,1.0,0.0,0.0,0.0,0,0
bxl-e149500-n168500-s500,https://databrussels.be/id/building/1673924,49,0.0,high,194,194,1.0,0.0,0.0,0.0,0,0
bxl-e149500-n168500-s500,https://databrussels.be/id/building/1692727,86,0.0,high,343,343,1.0,0.0,0.0,0.0,0,0
bxl-e149500-n168500-s500,https://databrussels.be/id/building/1685668,59,0.0,high,240,240,1.0,0.0,0.0,0.0,0,0
bxl-e149500-n168500-s500,https://databrussels.be/id/building/1677449,71,0.0,high,284,284,1.0,0.0,0.0,0.0,0,0
bxl-e149500-n168500-s500,https://databrussels.be/id/building/1673962,83,0.0,high,333,333,1.0,0.0,0.0,0.0,0,0
bxl-e149500-n168500-s500,https://databrussels.be/id/building/1729883,59,0.0,high,236,236,1.0,0.0,0.0,0.0,0,0
bxl-e149500-n168500-s500,https://databrussels.be/id/building/1677182,84,0.0,high,337,337,1.0,0.0,0.0,0.0,0,0
bxl-e149500-n168500-s500,https://databrussels.be/id/building/1684493,91,0.0,high,362,362,1.0,0.0,0.0,0.0,0,0
bxl-e149500-n168500-s500,https://databrussels.be/id/building/1676300,47,0.0,high,190,190,1.0,0.0,0.0,0.0,0,0
bxl-e149500-n168500-s500,https://databrussels.be/id/building/1731183,15,0.0,medium,58,58,1.0,0.0,0.0,0.0,0,0
bxl-e149500-n168500-s500,https://databrussels.be/id/building/1690517,54,0.0,high,217,217,1.0,0.0,0.0,0.0,0,0
bxl-e149500-n168500-s500,https://databrussels.be/id/building/1680877,23,0.0,high,93,93,1.0,0.0,0.0,0.0,0,0
bxl-e149500-n168500-s500,https://databrussels.be/id/building/1673960,93,0.0,high,371,371,1.0,0.0,0.0,0.0,0,0
bxl-e149500-n168500-s500,https://databrussels.be/id/building/1690251,96,0.0,high,384,384,1.0,0.0,0.0,0.0,0,0
bxl-e149500-n168500-s500,https://databrussels.be/id/building/1685789,59,0.0,high,236,236,1.0,0.0,0.0,0.0,0,0
bxl-e149500-n168500-s500,https://databrussels.be/id/building/1688062,435,0.0,high,1740,1740,1.0,0.0,0.0,0.0,0,0
bxl-e149500-n168500-s500,https://databrussels.be/id/building/1732582,45,0.0,high,182,182,1.0,0.0,0.0,0.0,0,0
bxl-e149500-n168500-s500,https://databrussels.be/id/building/1686966,139,0.0,high,557,557,1.0,0.0,0.0,0.0,0,0
bxl-e149500-n168500-s500,https://databrussels.be/id/building/1685521,105,0.0,high,422,422,1.0,0.0,0.0,0.0,0,0
bxl-e149500-n168500-s500,https://databrussels.be/id/building/1690572,77,0.0,high,309,309,1.0,0.0,0.0,0.0,0,0
bxl-e149500-n168500-s500,https://databrussels.be/id/building/1732589,72,0.0,high,290,290,1.0,0.0,0.0,0.0,0,0
bxl-e149500-n168500-s500,https://databrussels.be/id/building/1673922,201,0.0,high,805,805,1.0,0.0,0.0,0.0,0,0
bxl-e149500-n168500-s500,https://databrussels.be/id/building/1673919,200,0.0,high,797,797,1.0,0.0,0.0,0.0,0,0
bxl-e149500-n168500-s500,https://databrussels.be/id/building/1729900,75,0.0,high,300,300,1.0,0.0,0.0,0.0,0,0
bxl-e149500-n168500-s500,https://databrussels.be/id/building/1688126,133,0.0,high,535,535,1.0,0.0,0.0,0.0,0,0
bxl-e149500-n168500-s500,https://databrussels.be/id/building/1673957,40,0.0,high,162,162,1.0,0.0,0.0,0.0,0,0
bxl-e149500-n168500-s500,https://databrussels.be/id/building/1731239,8,0.0,medium,35,35,1.0,0.0,0.0,0.0,0,0
bxl-e149500-n168500-s500,https://databrussels.be/id/building/1735283,116,0.0,high,463,463,1.0,0.0,0.0,0.0,0,0
bxl-e149500-n168500-s500,https://databrussels.be/id/building/1690513,100,0.0,high,400,400,1.0,0.0,0.0,0.0,0,0
bxl-e149500-n168500-s500,https://databrussels.be/id/building/1740648,118,0.0,high,474,474,1.0,0.0,0.0,0.0,0,0
bxl-e149500-n168500-s500,https://databrussels.be/id/building/1681003,81,0.0,high,326,326,1.0,0.0,0.0,0.0,0,0
bxl-e149500-n168500-s500,https://databrussels.be/id/building/1732575,38,0.0,high,152,152,1.0,0.0,0.0,0.0,0,0
bxl-e149500-n168500-s500,https://databrussels.be/id/building/1657819,260,0.0,high,1042,1042,1.0,0.0,0.0,0.0,0,0
bxl-e149500-n168500-s500,https://databrussels.be/id/building/1684578,95,0.0,high,379,379,1.0,0.0,0.0,0.0,0,0
bxl-e149500-n168500-s500,https://databrussels.be/id/building/1735275,78,0.0,high,311,311,1.0,0.0,0.0,0.0,0,0
bxl-e149500-n168500-s500,https://databrussels.be/id/building/1732576,38,0.0,high,151,151,1.0,0.0,0.0,0.0,0,0
bxl-e149500-n168500-s500,https://databrussels.be/id/building/1729893,61,0.0,high,247,247,1.0,0.0,0.0,0.0,0,0
bxl-e149500-n168500-s500,https://databrussels.be/id/building/1679784,76,0.0,high,303,303,1.0,0.0,0.0,0.0,0,0
bxl-e149500-n168500-s500,https://databrussels.be/id/building/1735279,86,0.0,high,343,343,1.0,0.0,0.0,0.0,0,0
bxl-e149500-n168500-s500,https://databrussels.be/id/building/1676289,74,0.0,high,298,298,1.0,0.0,0.0,0.0,0,0
bxl-e149500-n168500-s500,https://databrussels.be/id/building/1684598,41,0.0,high,165,165,1.0,0.0,0.0,0.0,0,0
bxl-e149500-n168500-s500,https://databrussels.be/id/building/1681010,71,0.0,high,285,285,1.0,0.0,0.0,0.0,0,0
bxl-e149500-n168500-s500,https://databrussels.be/id/building/1682061,65,0.0,high,261,261,1.0,0.0,0.0,0.0,0,0
bxl-e149500-n168500-s500,https://databrussels.be/id/building/1688115,44,0.0,high,175,175,1.0,0.0,0.0,0.0,0,0
bxl-e149500-n168500-s500,https://databrussels.be/id/building/1688055,33,0.0,high,133,133,1.0,0.0,0.0,0.0,0,0
bxl-e149500-n168500-s500,https://databrussels.be/id/building/1657818,4,0.0,medium,20,20,1.0,0.0,0.0,0.0,0,0
bxl-e149500-n168500-s500,https://databrussels.be/id/building/1676335,125,0.0,high,501,501,1.0,0.0,0.0,0.0,0,0
bxl-e149500-n168500-s500,https://databrussels.be/id/building/1686965,385,0.0,high,1540,1540,1.0,0.0,0.0,0.0,0,0
bxl-e149500-n168500-s500,https://databrussels.be/id/building/1784614,226,0.0,high,903,903,1.0,0.0,0.0,0.0,0,0
bxl-e149500-n168500-s500,https://databrussels.be/id/building/1748868,1061,0.0,high,4247,4247,1.0,0.0,0.0,0.0,0,0
bxl-e149500-n168500-s500,https://databrussels.be/id/building/1673984,97,0.0,high,386,386,1.0,0.0,0.0,0.0,0,0
bxl-e149500-n168500-s500,https://databrussels.be/id/building/1677377,2259,0.0,high,9040,9040,1.0,0.0,0.0,0.0,0,0
bxl-e149500-n168500-s500,https://databrussels.be/id/building/1679824,90,0.0,high,361,361,1.0,0.0,0.0,0.0,0,0
bxl-e149500-n168500-s500,https://databrussels.be/id/building/1677187,84,0.0,high,337,337,1.0,0.0,0.0,0.0,0,0
bxl-e149500-n168500-s500,https://databrussels.be/id/building/1685640,104,0.0,high,415,415,1.0,0.0,0.0,0.0,0,0
bxl-e149500-n168500-s500,https://databrussels.be/id/building/1686686,111,0.0,high,441,441,1.0,0.0,0.0,0.0,0,0
bxl-e149500-n168500-s500,https://databrussels.be/id/building/1690498,137,0.0,high,546,546,1.0,0.0,0.0,0.0,0,0
bxl-e149500-n168500-s500,https://databrussels.be/id/building/1686958,188,0.0,high,752,752,1.0,0.0,0.0,0.0,0,0
bxl-e149500-n168500-s500,https://databrussels.be/id/building/1686953,108,0.0,high,432,432,1.0,0.0,0.0,0.0,0,0
bxl-e149500-n168500-s500,https://databrussels.be/id/building/1689334,186,0.0,high,743,743,1.0,0.0,0.0,0.0,0,0
bxl-e149500-n168500-s500,https://databrussels.be/id/building/1687938,71,0.0,high,286,286,1.0,0.0,0.0,0.0,0,0
bxl-e149500-n168500-s500,https://databrussels.be/id/building/1679695,273,0.0,high,1093,1093,1.0,0.0,0.0,0.0,0,0
bxl-e149500-n168500-s500,https://databrussels.be/id/building/1681997,2793,0.0,high,11170,11170,1.0,0.0,0.0,0.0,0,0
bxl-e149500-n168500-s500,https://databrussels.be/id/building/1732551,30,0.0,high,121,121,1.0,0.0,0.0,0.0,0,0
bxl-e149500-n168500-s500,https://databrussels.be/id/building/1686834,16,0.0,medium,63,63,1.0,0.0,0.0,0.0,0,0
bxl-e149500-n168500-s500,https://databrussels.be/id/building/1679787,68,0.0,high,270,270,1.0,0.0,0.0,0.0,0,0
bxl-e149500-n168500-s500,https://databrussels.be/id/building/1676040,159,0.0,high,637,637,1.0,0.0,0.0,0.0,0,0
bxl-e149500-n168500-s500,https://databrussels.be/id/building/1691702,107,0.0,high,429,429,1.0,0.0,0.0,0.0,0,0
bxl-e149500-n168500-s500,https://databrussels.be/id/building/1684359,105,0.0,high,421,421,1.0,0.0,0.0,0.0,0,0
bxl-e149500-n168500-s500,https://databrussels.be/id/building/1686741,111,0.0,high,443,443,1.0,0.0,0.0,0.0,0,0
bxl-e149500-n168500-s500,https://databrussels.be/id/building/1688169,130,0.0,high,521,521,1.0,0.0,0.0,0.0,0,0
bxl-e149500-n168500-s500,https://databrussels.be/id/building/1677264,258,0.0,high,1032,1032,1.0,0.0,0.0,0.0,0,0
bxl-e149500-n168500-s500,https://databrussels.be/id/building/1685770,107,0.0,high,426,426,1.0,0.0,0.0,0.0,0,0
bxl-e149500-n168500-s500,https://databrussels.be/id/building/1678638,240,0.0,high,960,960,1.0,0.0,0.0,0.0,0,0
bxl-e149500-n168500-s500,https://databrussels.be/id/building/1689342,132,0.0,high,526,526,1.0,0.0,0.0,0.0,0,0
bxl-e149500-n168500-s500,https://databrussels.be/id/building/1690525,126,0.0,high,503,503,1.0,0.0,0.0,0.0,0,0
bxl-e149500-n168500-s500,https://databrussels.be/id/building/1735244,908,0.0,high,3628,3628,1.0,0.0,0.0,0.0,0,0
bxl-e149500-n168500-s500,https://databrussels.be/id/building/1685776,321,0.0,high,1283,1283,1.0,0.0,0.0,0.0,0,0
bxl-e149500-n168500-s500,https://databrussels.be/id/building/1689253,184,0.0,high,738,738,1.0,0.0,0.0,0.0,0,0
bxl-e149500-n168500-s500,https://databrussels.be/id/building/1686838,82,0.0,high,328,328,1.0,0.0,0.0,0.0,0,0
bxl-e149500-n168500-s500,https://databrussels.be/id/building/1683383,93,0.0,high,370,370,1.0,0.0,0.0,0.0,0,0
bxl-e149500-n168500-s500,https://databrussels.be/id/building/1682091,409,0.0,high,1640,1640,1.0,0.0,0.0,0.0,0,0
bxl-e149500-n168500-s500,https://databrussels.be/id/building/1690425,403,0.0,high,1615,1615,1.0,0.0,0.0,0.0,0,0
bxl-e149500-n168500-s500,https://databrussels.be/id/building/1685492,80,0.0,high,320,320,1.0,0.0,0.0,0.0,0,0
bxl-e149500-n168500-s500,https://databrussels.be/id/building/1686739,127,0.0,high,507,507,1.0,0.0,0.0,0.0,0,0
bxl-e149500-n168500-s500,https://databrussels.be/id/building/1677383,412,0.0,high,1648,1648,1.0,0.0,0.0,0.0,0,0
bxl-e149500-n168500-s500,https://databrussels.be/id/building/1682185,121,0.0,high,484,484,1.0,0.0,0.0,0.0,0,0
bxl-e149500-n168500-s500,https://databrussels.be/id/building/1688116,44,0.0,high,176,176,1.0,0.0,0.0,0.0,0,0
bxl-e149500-n168500-s500,https://databrussels.be/id/building/1690500,135,0.0,high,540,540,1.0,0.0,0.0,0.0,0,0
bxl-e149500-n168500-s500,https://databrussels.be/id/building/1688108,164,0.0,high,655,655,1.0,0.0,0.0,0.0,0,0
bxl-e149500-n168500-s500,https://databrussels.be/id/building/1689243,54,0.0,high,218,218,1.0,0.0,0.0,0.0,0,0
bxl-e149500-n168500-s500,https://databrussels.be/id/building/1675089,120,0.0,high,477,477,1.0,0.0,0.0,0.0,0,0
bxl-e149500-n168500-s500,https://databrussels.be/id/building/1679768,41,0.0,high,161,161,1.0,0.0,0.0,0.0,0,0
bxl-e149500-n168500-s500,https://databrussels.be/id/building/1675102,125,0.0,high,503,503,1.0,0.0,0.0,0.0,0,0
bxl-e149500-n168500-s500,https://databrussels.be/id/building/1685739,95,0.0,high,380,380,1.0,0.0,0.0,0.0,0,0
bxl-e149500-n168500-s500,https://databrussels.be/id/building/1678523,146,0.0,high,584,584,1.0,0.0,0.0,0.0,0,0
bxl-e149500-n168500-s500,https://databrussels.be/id/building/1732585,47,0.0,high,190,190,1.0,0.0,0.0,0.0,0,0
bxl-e149500-n168500-s500,https://databrussels.be/id/building/1675149,90,0.0,high,364,364,1.0,0.0,0.0,0.0,0,0
bxl-e149500-n168500-s500,https://databrussels.be/id/building/1751517,83,0.0,high,332,332,1.0,0.0,0.0,0.0,0,0
bxl-e149500-n168500-s500,https://databrussels.be/id/building/1735278,86,0.0,high,344,344,1.0,0.0,0.0,0.0,0,0
bxl-e149500-n168500-s500,https://databrussels.be/id/building/1732588,50,0.0,high,201,201,1.0,0.0,0.0,0.0,0,0
bxl-e149500-n168500-s500,https://databrussels.be/id/building/1675063,87,0.0,high,346,346,1.0,0.0,0.0,0.0,0,0
bxl-e149500-n168500-s500,https://databrussels.be/id/building/1691746,354,0.0,high,1413,1413,1.0,0.0,0.0,0.0,0,0
bxl-e149500-n168500-s500,https://databrussels.be/id/building/1729894,62,0.0,high,250,250,1.0,0.0,0.0,0.0,0,0
bxl-e149500-n168500-s500,https://databrussels.be/id/building/1740653,227,0.0,high,904,904,1.0,0.0,0.0,0.0,0,0
bxl-e149500-n168500-s500,https://databrussels.be/id/building/1678622,67,0.0,high,269,269,1.0,0.0,0.0,0.0,0,0
bxl-e149500-n168500-s500,https://databrussels.be/id/building/1683357,97,0.0,high,390,390,1.0,0.0,0.0,0.0,0,0
bxl-e149500-n168500-s500,https://databrussels.be/id/building/1732586,49,0.0,high,197,197,1.0,0.0,0.0,0.0,0,0
bxl-e149500-n168500-s500,https://databrussels.be/id/building/1688107,164,0.0,high,655,655,1.0,0.0,0.0,0.0,0,0
bxl-e149500-n168500-s500,https://databrussels.be/id/building/1707350,113,0.0,high,452,452,1.0,0.0,0.0,0.0,0,0
bxl-e149500-n168500-s500,https://databrussels.be/id/building/1629568,202,0.0,high,807,807,1.0,0.0,0.0,0.0,0,0
bxl-e149500-n168500-s500,https://databrussels.be/id/building/1701507,130,0.0,high,516,516,1.0,0.0,0.0,0.0,0,0
bxl-e149500-n168500-s500,https://databrussels.be/id/building/1710957,81,0.0,high,323,323,1.0,0.0,0.0,0.0,0,0
bxl-e149500-n168500-s500,https://databrussels.be/id/building/1710919,76,0.0,high,302,302,1.0,0.0,0.0,0.0,0,0
bxl-e149500-n168500-s500,https://databrussels.be/id/building/1673897,110,0.0,high,441,441,1.0,0.0,0.0,0.0,0,0
bxl-e149500-n168500-s500,https://databrussels.be/id/building/1673904,244,0.0,high,977,977,1.0,0.0,0.0,0.0,0,0
bxl-e149500-n168500-s500,https://databrussels.be/id/building/1691641,141,0.0,high,566,566,1.0,0.0,0.0,0.0,0,0
bxl-e149500-n168500-s500,https://databrussels.be/id/building/1732574,23,0.0,high,92,92,1.0,0.0,0.0,0.0,0,0
bxl-e149500-n168500-s500,https://databrussels.be/id/building/1732577,36,0.0,high,145,145,1.0,0.0,0.0,0.0,0,0
bxl-e149500-n168500-s500,https://databrussels.be/id/building/1686837,176,0.0,high,705,705,1.0,0.0,0.0,0.0,0,0
bxl-e149500-n168500-s500,https://databrussels.be/id/building/1729892,66,0.0,high,263,263,1.0,0.0,0.0,0.0,0,0
bxl-e149500-n168500-s500,https://databrussels.be/id/building/1737905,280,0.0,high,1118,1118,1.0,0.0,0.0,0.0,0,0
bxl-e149500-n168500-s500,https://databrussels.be/id/building/1691638,91,0.0,high,362,362,1.0,0.0,0.0,0.0,0,0
bxl-e149500-n168500-s500,https://databrussels.be/id/building/1678618,37,0.0,high,149,149,1.0,0.0,0.0,0.0,0,0
bxl-e149500-n168500-s500,https://databrussels.be/id/building/1686941,108,0.0,high,430,430,1.0,0.0,0.0,0.0,0,0
bxl-e149500-n168500-s500,https://databrussels.be/id/building/1679770,65,0.0,high,257,257,1.0,0.0,0.0,0.0,0,0
bxl-e149500-n168500-s500,https://databrussels.be/id/building/1677424,104,0.0,high,417,417,1.0,0.0,0.0,0.0,0,0
bxl-e149500-n168500-s500,https://databrussels.be/id/building/1673964,156,0.0,high,624,624,1.0,0.0,0.0,0.0,0,0
bxl-e149500-n168500-s500,https://databrussels.be/id/building/1686952,113,0.0,high,454,454,1.0,0.0,0.0,0.0,0,0
bxl-e149500-n168500-s500,https://databrussels.be/id/building/1678614,35,0.0,high,141,141,1.0,0.0,0.0,0.0,0,0
bxl-e149500-n168500-s500,https://databrussels.be/id/building/1682084,393,0.0,high,1573,1573,1.0,0.0,0.0,0.0,0,0
bxl-e149500-n168500-s500,https://databrussels.be/id/building/1676296,65,0.0,high,259,259,1.0,0.0,0.0,0.0,0,0
bxl-e149500-n168500-s500,https://databrussels.be/id/building/1676222,520,0.0,high,2079,2079,1.0,0.0,0.0,0.0,0,0
bxl-e149500-n168500-s500,https://databrussels.be/id/building/1673959,31,0.0,high,122,122,1.0,0.0,0.0,0.0,0,0
bxl-e149500-n168500-s500,https://databrussels.be/id/building/1680898,88,0.0,high,352,352,1.0,0.0,0.0,0.0,0,0
bxl-e149500-n168500-s500,https://databrussels.be/id/building/1682070,48,0.0,high,192,192,1.0,0.0,0.0,0.0,0,0
bxl-e149500-n168500-s500,https://databrussels.be/id/building/1676329,136,0.0,high,544,544,1.0,0.0,0.0,0.0,0,0
bxl-e149500-n168500-s500,https://databrussels.be/id/building/1688077,115,0.0,high,457,457,1.0,0.0,0.0,0.0,0,0
bxl-e149500-n168500-s500,https://databrussels.be/id/building/1808245,8,0.0,medium,33,33,1.0,0.0,0.0,0.0,0,0
bxl-e149500-n168500-s500,https://databrussels.be/id/building/1677344,144,0.0,high,574,574,1.0,0.0,0.0,0.0,0,0
bxl-e149500-n168500-s500,https://databrussels.be/id/building/1679744,116,0.0,high,465,465,1.0,0.0,0.0,0.0,0,0
bxl-e149500-n168500-s500,https://databrussels.be/id/building/1690511,173,0.0,high,690,690,1.0,0.0,0.0,0.0,0,0
bxl-e149500-n168500-s500,https://databrussels.be/id/building/1630675,160,0.0,high,637,637,1.0,0.0,0.0,0.0,0,0
bxl-e149500-n168500-s500,https://databrussels.be/id/building/1690554,51,0.0,high,203,203,1.0,0.0,0.0,0.0,0,0
bxl-e149500-n168500-s500,https://databrussels.be/id/building/1680879,24,0.0,high,98,98,1.0,0.0,0.0,0.0,0,0
bxl-e149500-n168500-s500,https://databrussels.be/id/building/1688145,240,0.0,high,961,961,1.0,0.0,0.0,0.0,0,0
bxl-e149500-n168500-s500,https://databrussels.be/id/building/1682207,117,0.0,high,467,467,1.0,0.0,0.0,0.0,0,0
bxl-e149500-n168500-s500,https://databrussels.be/id/building/1683302,119,0.0,high,476,476,1.0,0.0,0.0,0.0,0,0
bxl-e149500-n168500-s500,https://databrussels.be/id/building/1679718,13,0.0,medium,53,53,1.0,0.0,0.0,0.0,0,0
bxl-e149500-n168500-s500,https://databrussels.be/id/building/1806964,38,0.0,high,154,154,1.0,0.0,0.0,0.0,0,0
bxl-e149500-n168500-s500,https://databrussels.be/id/building/1686925,109,0.0,high,437,437,1.0,0.0,0.0,0.0,0,0
bxl-e149500-n168500-s500,https://databrussels.be/id/building/1695752,49,0.0,high,194,194,1.0,0.0,0.0,0.0,0,0
bxl-e149500-n168500-s500,https://databrussels.be/id/building/1807032,51,0.0,high,204,204,1.0,0.0,0.0,0.0,0,0
bxl-e149500-n168500-s500,https://databrussels.be/id/building/1703908,90,0.0,high,361,361,1.0,0.0,0.0,0.0,0,0
bxl-e149500-n168500-s500,https://databrussels.be/id/building/1617862,62,0.0,high,249,249,1.0,0.0,0.0,0.0,0,0
bxl-e149500-n168500-s500,https://databrussels.be/id/building/1617847,33,0.0,high,129,129,1.0,0.0,0.0,0.0,0,0
bxl-e149500-n168500-s500,https://databrussels.be/id/building/1704975,46,0.0,high,183,183,1.0,0.0,0.0,0.0,0,0
bxl-e149500-n168500-s500,https://databrussels.be/id/building/1679652,714,0.0,high,2858,2858,1.0,0.0,0.0,0.0,0,0
bxl-e149500-n168500-s500,https://databrussels.be/id/building/1740650,138,0.0,high,554,554,1.0,0.0,0.0,0.0,0,0
bxl-e149500-n168500-s500,https://databrussels.be/id/building/1735281,89,0.0,high,358,358,1.0,0.0,0.0,0.0,0,0
bxl-e149500-n168500-s500,https://databrussels.be/id/building/1678617,37,0.0,high,149,149,1.0,0.0,0.0,0.0,0,0
bxl-e149500-n168500-s500,https://databrussels.be/id/building/1680990,82,0.0,high,328,328,1.0,0.0,0.0,0.0,0,0
bxl-e149500-n168500-s500,https://databrussels.be/id/building/1732572,16,0.0,medium,62,62,1.0,0.0,0.0,0.0,0,0
bxl-e149500-n168500-s500,https://databrussels.be/id/building/1690477,79,0.0,high,319,319,1.0,0.0,0.0,0.0,0,0
bxl-e149500-n168500-s500,https://databrussels.be/id/building/1688139,104,0.0,high,417,417,1.0,0.0,0.0,0.0,0,0
bxl-e149500-n168500-s500,https://databrussels.be/id/building/1732573,21,0.0,high,85,85,1.0,0.0,0.0,0.0,0,0
bxl-e149500-n168500-s500,https://databrussels.be/id/building/1732581,45,0.0,high,179,179,1.0,0.0,0.0,0.0,0,0
bxl-e149500-n168500-s500,https://databrussels.be/id/building/1690528,131,0.0,high,525,525,1.0,0.0,0.0,0.0,0,0
bxl-e149500-n168500-s500,https://databrussels.be/id/building/1692725,85,0.0,high,341,341,1.0,0.0,0.0,0.0,0,0
bxl-e149500-n168500-s500,https://databrussels.be/id/building/1686912,125,0.0,high,501,501,1.0,0.0,0.0,0.0,0,0
bxl-e149500-n168500-s500,https://databrussels.be/id/building/1677404,285,0.0,high,1139,1139,1.0,0.0,0.0,0.0,0,0
bxl-e149500-n168500-s500,https://databrussels.be/id/building/1729902,78,0.0,high,311,311,1.0,0.0,0.0,0.0,0,0
bxl-e149500-n168500-s500,https://databrussels.be/id/building/1682137,145,0.0,high,578,578,1.0,0.0,0.0,0.0,0,0
bxl-e149500-n168500-s500,https://databrussels.be/id/building/1677177,72,0.0,high,289,289,1.0,0.0,0.0,0.0,0,0
bxl-e149500-n168500-s500,https://databrussels.be/id/building/1676238,59,0.0,high,237,237,1.0,0.0,0.0,0.0,0,0
bxl-e149500-n168500-s500,https://databrussels.be/id/building/1676041,172,0.0,high,691,691,1.0,0.0,0.0,0.0,0,0
bxl-e149500-n168500-s500,https://databrussels.be/id/building/1689360,84,0.0,high,340,340,1.0,0.0,0.0,0.0,0,0
bxl-e149500-n168500-s500,https://databrussels.be/id/building/1680899,101,0.0,high,400,400,1.0,0.0,0.0,0.0,0,0
bxl-e149500-n168500-s500,https://databrussels.be/id/building/1681025,101,0.0,high,400,400,1.0,0.0,0.0,0.0,0,0
bxl-e149500-n168500-s500,https://databrussels.be/id/building/1729895,64,0.0,high,258,258,1.0,0.0,0.0,0.0,0,0
bxl-e149500-n168500-s500,https://databrussels.be/id/building/1675036,114,0.0,high,455,455,1.0,0.0,0.0,0.0,0,0
bxl-e149500-n168500-s500,https://databrussels.be/id/building/1740649,122,0.0,high,489,489,1.0,0.0,0.0,0.0,0,0
bxl-e149500-n168500-s500,https://databrussels.be/id/building/1682064,65,0.0,high,261,261,1.0,0.0,0.0,0.0,0,0
bxl-e149500-n168500-s500,https://databrussels.be/id/building/1691757,70,0.0,high,279,279,1.0,0.0,0.0,0.0,0,0
bxl-e149500-n168500-s500,https://databrussels.be/id/building/1686845,81,0.0,high,322,322,1.0,0.0,0.0,0.0,0,0
bxl-e149500-n168500-s500,https://databrussels.be/id/building/1689322,135,0.0,high,543,543,1.0,0.0,0.0,0.0,0,0
bxl-e149500-n168500-s500,https://databrussels.be/id/building/1677464,89,0.0,high,356,356,1.0,0.0,0.0,0.0,0,0
bxl-e149500-n168500-s500,https://databrussels.be/id/building/1798338,18,0.0,high,71,71,1.0,0.0,0.0,0.0,0,0
bxl-e149500-n168500-s500,https://databrussels.be/id/building/1784607,2740,0.0,high,10956,10956,1.0,0.0,0.0,0.0,0,0
bxl-e149500-n168500-s500,https://databrussels.be/id/building/1684613,310,0.0,high,1241,1241,1.0,0.0,0.0,0.0,0,0
bxl-e149500-n168500-s500,https://databrussels.be/id/building/1729897,69,0.0,high,278,278,1.0,0.0,0.0,0.0,0,0
bxl-e149500-n168500-s500,https://databrussels.be/id/building/1689233,161,0.0,high,642,642,1.0,0.0,0.0,0.0,0,0
bxl-e149500-n168500-s500,https://databrussels.be/id/building/1677375,211,0.0,high,841,841,1.0,0.0,0.0,0.0,0,0
bxl-e149500-n168500-s500,https://databrussels.be/id/building/1784609,435,0.0,high,1737,1737,1.0,0.0,0.0,0.0,0,0
bxl-e149500-n168500-s500,https://databrussels.be/id/building/1689336,174,0.0,high,695,695,1.0,0.0,0.0,0.0,0,0
bxl-e149500-n168500-s500,https://databrussels.be/id/building/1690539,115,0.0,high,456,456,1.0,0.0,0.0,0.0,0,0
bxl-e149500-n168500-s500,https://databrussels.be/id/building/1686973,237,0.0,high,951,951,1.0,0.0,0.0,0.0,0,0
bxl-e149500-n168500-s500,https://databrussels.be/id/building/1675094,324,0.0,high,1300,1300,1.0,0.0,0.0,0.0,0,0
bxl-e149500-n168500-s500,https://databrussels.be/id/building/1732580,40,0.0,high,159,159,1.0,0.0,0.0,0.0,0,0
bxl-e149500-n168500-s500,https://databrussels.be/id/building/1675098,326,0.0,high,1297,1297,1.0,0.0,0.0,0.0,0,0
bxl-e149500-n168500-s500,https://databrussels.be/id/building/1676042,172,0.0,high,689,689,1.0,0.0,0.0,0.0,0,0
bxl-e149500-n168500-s500,https://databrussels.be/id/building/1676271,252,0.0,high,1008,1008,1.0,0.0,0.0,0.0,0,0
bxl-e149500-n168500-s500,https://databrussels.be/id/building/1794635,26,0.0,high,103,103,1.0,0.0,0.0,0.0,0,0
bxl-e149500-n168500-s500,https://databrussels.be/id/building/1686839,92,0.0,high,364,364,1.0,0.0,0.0,0.0,0,0
bxl-e149500-n168500-s500,https://databrussels.be/id/building/1686967,139,0.0,high,556,556,1.0,0.0,0.0,0.0,0,0
bxl-e149500-n168500-s500,https://databrussels.be/id/building/1789978,33,0.0,high,130,130,1.0,0.0,0.0,0.0,0,0
bxl-e149500-n168500-s500,https://databrussels.be/id/building/1735277,85,0.0,high,342,342,1.0,0.0,0.0,0.0,0,0
bxl-e149500-n168500-s500,https://databrussels.be/id/building/1677343,143,0.0,high,572,572,1.0,0.0,0.0,0.0,0,0
bxl-e149500-n168500-s500,https://databrussels.be/id/building/1673908,115,0.0,high,461,461,1.0,0.0,0.0,0.0,0,0
bxl-e149500-n168500-s500,https://databrussels.be/id/building/1681026,99,0.0,high,396,396,1.0,0.0,0.0,0.0,0,0
bxl-e149500-n168500-s500,https://databrussels.be/id/building/1689339,168,0.0,high,673,673,1.0,0.0,0.0,0.0,0,0
bxl-e149500-n168500-s500,https://databrussels.be/id/building/1679776,337,0.0,high,1347,1347,1.0,0.0,0.0,0.0,0,0
bxl-e149500-n168500-s500,https://databrussels.be/id/building/1686972,118,0.0,high,475,475,1.0,0.0,0.0,0.0,0,0
bxl-e149500-n168500-s500,https://databrussels.be/id/building/1689252,454,0.0,high,1817,1817,1.0,0.0,0.0,0.0,0,0
bxl-e149500-n168500-s500,https://databrussels.be/id/building/1683412,129,0.0,high,515,515,1.0,0.0,0.0,0.0,0,0
bxl-e149500-n168500-s500,https://databrussels.be/id/building/1686823,137,0.0,high,551,551,1.0,0.0,0.0,0.0,0,0
bxl-e149500-n168500-s500,https://databrussels.be/id/building/1675107,177,0.0,high,708,708,1.0,0.0,0.0,0.0,0,0
bxl-e149500-n168500-s500,https://databrussels.be/id/building/1688094,90,0.0,high,359,359,1.0,0.0,0.0,0.0,0,0
bxl-e149500-n168500-s500,https://databrussels.be/id/building/1729901,75,0.0,high,298,298,1.0,0.0,0.0,0.0,0,0
bxl-e149500-n168500-s500,https://databrussels.be/id/building/1686882,79,0.0,high,312,312,1.0,0.0,0.0,0.0,0,0
bxl-e149500-n168500-s500,https://databrussels.be/id/building/1686949,108,0.0,high,432,432,1.0,0.0,0.0,0.0,0,0
bxl-e149500-n168500-s500,https://databrussels.be/id/building/1690307,184,0.0,high,736,736,1.0,0.0,0.0,0.0,0,0
bxl-e149500-n168500-s500,https://databrussels.be/id/building/1690485,109,0.0,high,435,435,1.0,0.0,0.0,0.0,0,0
bxl-e149500-n168500-s500,https://databrussels.be/id/building/1703879,110,0.0,high,439,439,1.0,0.0,0.0,0.0,0,0
bxl-e149500-n168500-s500,https://databrussels.be/id/building/1676171,1219,0.0,high,4877,4877,1.0,0.0,0.0,0.0,0,0
bxl-e149500-n168500-s500,https://databrussels.be/id/building/1686979,149,0.0,high,595,595,1.0,0.0,0.0,0.0,0,0
bxl-e149500-n168500-s500,https://databrussels.be/id/building/1673917,200,0.0,high,802,802,1.0,0.0,0.0,0.0,0,0
bxl-e149500-n168500-s500,https://databrussels.be/id/building/1680875,248,0.0,high,994,994,1.0,0.0,0.0,0.0,0,0
bxl-e149500-n168500-s500,https://databrussels.be/id/building/1735280,89,0.0,high,357,357,1.0,0.0,0.0,0.0,0,0
bxl-e149500-n168500-s500,https://databrussels.be/id/building/1682153,83,0.0,high,331,331,1.0,0.0,0.0,0.0,0,0
bxl-e149500-n168500-s500,https://databrussels.be/id/building/1777961,150,0.0,high,601,601,1.0,0.0,0.0,0.0,0,0
bxl-e149500-n168500-s500,https://databrussels.be/id/building/1685672,112,0.0,high,445,445,1.0,0.0,0.0,0.0,0,0
bxl-e149500-n168500-s500,https://databrussels.be/id/building/1676274,264,0.0,high,1055,1055,1.0,0.0,0.0,0.0,0,0
bxl-e149500-n168500-s500,https://databrussels.be/id/building/1737896,123,0.0,high,491,491,1.0,0.0,0.0,0.0,0,0
bxl-e149500-n168500-s500,https://databrussels.be/id/building/1793559,83,0.0,high,197,197,1.0,0.0,0.0,0.0,0,0
bxl-e149500-n168500-s500,https://databrussels.be/id/building/1808326,74,0.0,high,94,94,1.0,0.0,0.0,0.0,0,0
bxl-e149500-n168500-s500,https://databrussels.be/id/building/1763837,105,0.0,high,84,84,1.0,0.0,0.0,0.0,0,0
bxl-e149500-n168500-s500,https://databrussels.be/id/building/1803246,61,0.0,insufficient,11,11,1.0,0.0,0.0,0.0,0,0
bxl-e149500-n168500-s500,https://databrussels.be/id/building/1821541,11,0.0,insufficient,10,10,1.0,0.0,0.0,0.0,0,0
bxl-e149500-n168500-s500,https://databrussels.be/id/building/1688118,69,0.0,high,279,279,1.0,0.0,0.0,0.0,0,0
bxl-e149500-n168500-s500,https://databrussels.be/id/building/1805757,80,0.0,high,111,111,1.0,0.0,0.0,0.0,0,0
bxl-e149500-n168500-s500,https://databrussels.be/id/building/1683318,79,0.0,high,317,317,1.0,0.0,0.0,0.0,0,0
bxl-e149500-n168500-s500,https://databrussels.be/id/building/1688192,73,0.0,high,291,291,1.0,0.0,0.0,0.0,0,0
bxl-e149500-n168500-s500,https://databrussels.be/id/building/1803353,44,0.0,high,139,139,1.0,0.0,0.0,0.0,0,0
bxl-e149500-n168500-s500,https://databrussels.be/id/building/1679832,102,0.0,high,407,407,1.0,0.0,0.0,0.0,0,0
bxl-e149500-n168500-s500,https://databrussels.be/id/building/1782204,33,0.0,high,133,133,1.0,0.0,0.0,0.0,0,0
bxl-e149500-n168500-s500,https://databrussels.be/id/building/1777591,39,0.0,high,92,92,1.0,0.0,0.0,0.0,0,0
bxl-e149500-n168500-s500,https://databrussels.be/id/building/1685790,57,0.0,high,229,229,1.0,0.0,0.0,0.0,0,0
bxl-e149500-n168500-s500,https://databrussels.be/id/building/1732596,67,0.0,high,271,271,1.0,0.0,0.0,0.0,0,0
bxl-e149500-n168500-s500,https://databrussels.be/id/building/1694723,85,0.0,high,340,340,1.0,0.0,0.0,0.0,0,0
bxl-e149500-n168500-s500,https://databrussels.be/id/building/1817252,61,0.0,insufficient,1,1,1.0,0.0,0.0,0.0,0,0
bxl-e149500-n168500-s500,https://databrussels.be/id/building/1798580,65,0.0,high,81,81,1.0,0.0,0.0,0.0,0,0
bxl-e149500-n168500-s500,https://databrussels.be/id/building/1703873,109,0.0,high,437,437,1.0,0.0,0.0,0.0,0,0
bxl-e149500-n168500-s500,https://databrussels.be/id/building/1682128,61,0.0,high,238,238,1.0,0.0,0.0,0.0,0,0
bxl-e149500-n168500-s500,https://databrussels.be/id/building/1732570,49,0.0,high,201,201,1.0,0.0,0.0,0.0,0,0
bxl-e149500-n168500-s500,https://databrussels.be/id/building/1732610,75,0.0,high,306,306,1.0,0.0,0.0,0.0,0,0
bxl-e149500-n168500-s500,https://databrussels.be/id/building/1735264,64,0.0,high,255,255,1.0,0.0,0.0,0.0,0,0
bxl-e149500-n168500-s500,https://databrussels.be/id/building/1684501,63,0.0,high,255,255,1.0,0.0,0.0,0.0,0,0
bxl-e149500-n168500-s500,https://databrussels.be/id/building/1789098,63,0.0,high,254,254,1.0,0.0,0.0,0.0,0,0
bxl-e149500-n168500-s500,https://databrussels.be/id/building/1684561,105,0.0,high,422,422,1.0,0.0,0.0,0.0,0,0
bxl-e149500-n168500-s500,https://databrussels.be/id/building/1684564,93,0.0,high,368,368,1.0,0.0,0.0,0.0,0,0
bxl-e149500-n168500-s500,https://databrussels.be/id/building/1789097,200,0.0,high,819,819,1.0,0.0,0.0,0.0,0,0
bxl-e149500-n168500-s500,https://databrussels.be/id/building/1680928,116,0.0,high,463,463,1.0,0.0,0.0,0.0,0,0
bxl-e149500-n168500-s500,https://databrussels.be/id/building/1803350,79,0.0,high,276,276,1.0,0.0,0.0,0.0,0,0
bxl-e149500-n168500-s500,https://databrussels.be/id/building/1803244,77,0.0,high,95,95,1.0,0.0,0.0,0.0,0,0
bxl-e149500-n168500-s500,https://databrussels.be/id/building/1792406,92,0.0,insufficient,4,4,1.0,0.0,0.0,0.0,0,0
bxl-e149500-n168500-s500,https://databrussels.be/id/building/1729853,114,0.0,high,458,458,1.0,0.0,0.0,0.0,0,0
bxl-e149500-n168500-s500,https://databrussels.be/id/building/1793428,103,0.0,high,413,413,1.0,0.0,0.0,0.0,0,0
bxl-e149500-n168500-s500,https://databrussels.be/id/building/1682089,131,0.0,high,523,523,1.0,0.0,0.0,0.0,0,0
bxl-e149500-n168500-s500,https://databrussels.be/id/building/1675085,208,0.0,high,836,836,1.0,0.0,0.0,0.0,0,0
bxl-e149500-n168500-s500,https://databrussels.be/id/building/1735241,278,0.0,high,1115,1115,1.0,0.0,0.0,0.0,0,0
bxl-e149500-n168500-s500,https://databrussels.be/id/building/1735231,17,0.0,high,70,70,1.0,0.0,0.0,0.0,0,0
bxl-e149500-n168500-s500,https://databrussels.be/id/building/1685749,137,0.0,high,550,550,1.0,0.0,0.0,0.0,0,0
bxl-e149500-n168500-s500,https://databrussels.be/id/building/1688146,235,0.0,high,940,940,1.0,0.0,0.0,0.0,0,0
bxl-e149500-n168500-s500,https://databrussels.be/id/building/1824166,64,0.0,high,160,160,1.0,0.0,0.0,0.0,0,0
bxl-e149500-n168500-s500,https://databrussels.be/id/building/1690538,115,0.0,high,458,458,1.0,0.0,0.0,0.0,0,0
bxl-e149500-n168500-s500,https://databrussels.be/id/building/1673915,199,0.0,high,796,796,1.0,0.0,0.0,0.0,0,0
bxl-e149500-n168500-s500,https://databrussels.be/id/building/1677388,42,0.0,high,171,171,1.0,0.0,0.0,0.0,0,0
bxl-e149500-n168500-s500,https://databrussels.be/id/building/1760802,199,0.0,high,788,788,1.0,0.0,0.0,0.0,0,0
bxl-e149500-n168500-s500,https://databrussels.be/id/building/1768983,450,0.0,high,381,381,1.0,0.0,0.0,0.0,0,0
bxl-e149500-n168500-s500,https://databrussels.be/id/building/1690503,136,0.0,high,543,543,1.0,0.0,0.0,0.0,0,0
bxl-e149500-n168500-s500,https://databrussels.be/id/building/1691645,210,0.0,high,842,842,1.0,0.0,0.0,0.0,0,0
bxl-e149500-n168500-s500,https://databrussels.be/id/building/1818325,138,0.0,medium,25,25,1.0,0.0,0.0,0.0,0,0
bxl-e149500-n168500-s500,https://databrussels.be/id/building/1793561,5117,0.0,high,19678,19678,1.0,0.0,0.0,0.0,0,0
bxl-e149500-n168500-s500,https://databrussels.be/id/building/1680881,26,0.0,high,107,107,1.0,0.0,0.0,0.0,0,0
bxl-e149500-n168500-s500,https://databrussels.be/id/building/1679720,25,0.0,high,99,99,1.0,0.0,0.0,0.0,0,0
bxl-e149500-n168500-s500,https://databrussels.be/id/building/1732557,37,0.0,high,149,149,1.0,0.0,0.0,0.0,0,0
bxl-e149500-n168500-s500,https://databrussels.be/id/building/1680912,9,0.0,medium,36,36,1.0,0.0,0.0,0.0,0,0
bxl-e149500-n168500-s500,https://databrussels.be/id/building/1685669,80,0.0,high,320,320,1.0,0.0,0.0,0.0,0,0
bxl-e149500-n168500-s500,https://databrussels.be/id/building/1679717,13,0.0,medium,51,51,1.0,0.0,0.0,0.0,0,0
bxl-e149500-n168500-s500,https://databrussels.be/id/building/1678482,620,0.0,high,2486,2486,1.0,0.0,0.0,0.0,0,0
bxl-e149500-n168500-s500,https://databrussels.be/id/building/1684585,130,0.0,high,524,524,1.0,0.0,0.0,0.0,0,0
bxl-e149500-n168500-s500,https://databrussels.be/id/building/1683404,107,0.0,high,429,429,1.0,0.0,0.0,0.0,0,0
bxl-e149500-n168500-s500,https://databrussels.be/id/building/1689369,95,0.0,high,377,377,1.0,0.0,0.0,0.0,0,0
bxl-e149500-n168500-s500,https://databrussels.be/id/building/1689257,80,0.0,high,320,320,1.0,0.0,0.0,0.0,0,0
bxl-e149500-n168500-s500,https://databrussels.be/id/building/1691765,95,0.0,high,379,379,1.0,0.0,0.0,0.0,0,0
bxl-e149500-n168500-s500,https://databrussels.be/id/building/1673982,97,0.0,high,387,387,1.0,0.0,0.0,0.0,0,0
bxl-e149500-n168500-s500,https://databrussels.be/id/building/1686840,92,0.0,high,366,366,1.0,0.0,0.0,0.0,0,0
bxl-e149500-n168500-s500,https://databrussels.be/id/building/1675093,324,0.0,high,1294,1294,1.0,0.0,0.0,0.0,0,0
bxl-e149500-n168500-s500,https://databrussels.be/id/building/1683381,93,0.0,high,374,374,1.0,0.0,0.0,0.0,0,0
bxl-e149500-n168500-s500,https://databrussels.be/id/building/1731182,12,0.0,medium,49,49,1.0,0.0,0.0,0.0,0,0
bxl-e149500-n168500-s500,https://databrussels.be/id/building/1684500,63,0.0,high,253,253,1.0,0.0,0.0,0.0,0,0
bxl-e149500-n168500-s500,https://databrussels.be/id/building/1735242,330,0.0,high,1323,1323,1.0,0.0,0.0,0.0,0,0
bxl-e149500-n168500-s500,https://databrussels.be/id/building/1690564,153,0.0,high,613,613,1.0,0.0,0.0,0.0,0,0
bxl-e149500-n168500-s500,https://databrussels.be/id/building/1736549,28,0.0,high,112,112,1.0,0.0,0.0,0.0,0,0
bxl-e149500-n168500-s500,https://databrussels.be/id/building/1675096,277,0.0,high,1106,1106,1.0,0.0,0.0,0.0,0,0
bxl-e149500-n168500-s500,https://databrussels.be/id/building/1691723,52,0.0,high,210,210,1.0,0.0,0.0,0.0,0,0
bxl-e149500-n168500-s500,https://databrussels.be/id/building/1729856,157,0.0,high,619,619,1.0,0.0,0.0,0.0,0,0
bxl-e149500-n168500-s500,https://databrussels.be/id/building/1675033,295,0.0,high,1178,1178,1.0,0.0,0.0,0.0,0,0
bxl-e149500-n168500-s500,https://databrussels.be/id/building/1679810,347,0.0,high,1385,1385,1.0,0.0,0.0,0.0,0,0
bxl-e149500-n168500-s500,https://databrussels.be/id/building/1729857,166,0.0,high,667,667,1.0,0.0,0.0,0.0,0,0
bxl-e149500-n168500-s500,https://databrussels.be/id/building/1678610,35,0.0,high,143,143,1.0,0.0,0.0,0.0,0,0
bxl-e149500-n168500-s500,https://databrussels.be/id/building/1729855,149,0.0,high,598,598,1.0,0.0,0.0,0.0,0,0
bxl-e149500-n168500-s500,https://databrussels.be/id/building/1782200,87,0.0,high,347,347,1.0,0.0,0.0,0.0,0,0
bxl-e149500-n168500-s500,https://databrussels.be/id/building/1683417,174,0.0,high,700,700,1.0,0.0,0.0,0.0,0,0
bxl-e149500-n168500-s500,https://databrussels.be/id/building/1782201,16,0.0,high,65,65,1.0,0.0,0.0,0.0,0,0
bxl-e149500-n168500-s500,https://databrussels.be/id/building/1676031,128,0.0,high,515,515,1.0,0.0,0.0,0.0,0,0
bxl-e149500-n168500-s500,https://databrussels.be/id/building/1782202,14,0.0,medium,56,56,1.0,0.0,0.0,0.0,0,0
bxl-e149500-n168500-s500,https://databrussels.be/id/building/1690548,19,0.0,high,77,77,1.0,0.0,0.0,0.0,0,0
bxl-e149500-n168500-s500,https://databrussels.be/id/building/1676089,74,0.0,high,294,294,1.0,0.0,0.0,0.0,0,0
bxl-e149500-n168500-s500,https://databrussels.be/id/building/1677373,60,0.0,high,237,237,1.0,0.0,0.0,0.0,0,0
bxl-e149500-n168500-s500,https://databrussels.be/id/building/1735245,446,0.0,high,1786,1786,1.0,0.0,0.0,0.0,0,0
bxl-e149500-n168500-s500,https://databrussels.be/id/building/1729861,183,0.0,high,735,735,1.0,0.0,0.0,0.0,0,0
bxl-e149500-n168500-s500,https://databrussels.be/id/building/1735243,350,0.0,high,1400,1400,1.0,0.0,0.0,0.0,0,0
bxl-e149500-n168500-s500,https://databrussels.be/id/building/1729867,248,0.0,high,992,992,1.0,0.0,0.0,0.0,0,0
bxl-e149500-n168500-s500,https://databrussels.be/id/building/1684610,84,0.0,high,337,337,1.0,0.0,0.0,0.0,0,0
bxl-e149500-n168500-s500,https://databrussels.be/id/building/1676099,85,0.0,high,342,342,1.0,0.0,0.0,0.0,0,0
bxl-e149500-n168500-s500,https://databrussels.be/id/building/1690542,115,0.0,high,461,461,1.0,0.0,0.0,0.0,0,0
bxl-e149500-n168500-s500,https://databrussels.be/id/building/1673831,113,0.0,high,452,452,1.0,0.0,0.0,0.0,0,0
bxl-e149500-n168500-s500,https://databrussels.be/id/building/1682171,82,0.0,high,329,329,1.0,0.0,0.0,0.0,0,0
bxl-e149500-n168500-s500,https://databrussels.be/id/building/1682179,120,0.0,high,483,483,1.0,0.0,0.0,0.0,0,0
bxl-e149500-n168500-s500,https://databrussels.be/id/building/1685742,113,0.0,high,450,450,1.0,0.0,0.0,0.0,0,0
bxl-e149500-n168500-s500,https://databrussels.be/id/building/1685699,155,0.0,high,620,620,1.0,0.0,0.0,0.0,0,0
bxl-e149500-n168500-s500,https://databrussels.be/id/building/1679697,275,0.0,high,1098,1098,1.0,0.0,0.0,0.0,0,0
bxl-e149500-n168500-s500,https://databrussels.be/id/building/1733901,112,0.0,high,449,449,1.0,0.0,0.0,0.0,0,0
bxl-e149500-n168500-s500,https://databrussels.be/id/building/1732608,74,0.0,high,292,292,1.0,0.0,0.0,0.0,0,0
bxl-e149500-n168500-s500,https://databrussels.be/id/building/1774922,100,0.0,high,403,403,1.0,0.0,0.0,0.0,0,0
bxl-e149500-n168500-s500,https://databrussels.be/id/building/1673912,110,0.0,high,440,440,1.0,0.0,0.0,0.0,0,0
bxl-e149500-n168500-s500,https://databrussels.be/id/building/1786748,1261,0.0,high,5048,5048,1.0,0.0,0.0,0.0,0,0
bxl-e149500-n168500-s500,https://databrussels.be/id/building/1686980,149,0.0,high,594,594,1.0,0.0,0.0,0.0,0,0
bxl-e149500-n168500-s500,https://databrussels.be/id/building/1673942,99,0.0,high,397,397,1.0,0.0,0.0,0.0,0,0
bxl-e149500-n168500-s500,https://databrussels.be/id/building/1732542,86,0.0,high,347,347,1.0,0.0,0.0,0.0,0,0
bxl-e149500-n168500-s500,https://databrussels.be/id/building/1771717,131,0.0,high,527,527,1.0,0.0,0.0,0.0,0,0
bxl-e149500-n168500-s500,https://databrussels.be/id/building/1789099,153,0.0,high,613,613,1.0,0.0,0.0,0.0,0,0
bxl-e149500-n168500-s500,https://databrussels.be/id/building/1732600,69,0.0,high,276,276,1.0,0.0,0.0,0.0,0,0
bxl-e149500-n168500-s500,https://databrussels.be/id/building/1732604,70,0.0,high,282,282,1.0,0.0,0.0,0.0,0,0
bxl-e149500-n168500-s500,https://databrussels.be/id/building/1732601,70,0.0,high,279,279,1.0,0.0,0.0,0.0,0,0
bxl-e149500-n168500-s500,https://databrussels.be/id/building/1732603,70,0.0,high,281,281,1.0,0.0,0.0,0.0,0,0
bxl-e149500-n168500-s500,https://databrussels.be/id/building/1679817,68,0.0,high,271,271,1.0,0.0,0.0,0.0,0,0
bxl-e149500-n168500-s500,https://databrussels.be/id/building/1676303,70,0.0,high,280,280,1.0,0.0,0.0,0.0,0,0
bxl-e149500-n168500-s500,https://databrussels.be/id/building/1793563,72,0.0,high,279,279,1.0,0.0,0.0,0.0,0,0
bxl-e149500-n168500-s500,https://databrussels.be/id/building/1803351,69,0.0,high,217,217,1.0,0.0,0.0,0.0,0,0
bxl-e149500-n168500-s500,https://databrussels.be/id/building/1702883,2601,0.0,high,10402,10402,1.0,0.0,0.0,0.0,0,0
bxl-e149500-n168500-s500,https://databrussels.be/id/building/1632006,313,0.0,high,1256,1256,1.0,0.0,0.0,0.0,0,0
bxl-e149500-n168500-s500,https://databrussels.be/id/building/1679834,303,0.0,high,1213,1213,1.0,0.0,0.0,0.0,0,0
bxl-e149500-n168500-s500,https://databrussels.be/id/building/1729860,180,0.0,high,720,720,1.0,0.0,0.0,0.0,0,0
bxl-e149500-n168500-s500,https://databrussels.be/id/building/1729862,203,0.0,high,813,813,1.0,0.0,0.0,0.0,0,0
bxl-e149500-n168500-s500,https://databrussels.be/id/building/1691706,198,0.0,high,793,793,1.0,0.0,0.0,0.0,0,0
bxl-e149500-n168500-s500,https://databrussels.be/id/building/1729865,221,0.0,high,884,884,1.0,0.0,0.0,0.0,0,0
bxl-e149500-n168500-s500,https://databrussels.be/id/building/1729863,209,0.0,high,836,836,1.0,0.0,0.0,0.0,0,0
bxl-e149500-n168500-s500,https://databrussels.be/id/building/1735232,18,0.0,high,73,73,1.0,0.0,0.0,0.0,0,0
bxl-e149500-n168500-s500,https://databrussels.be/id/building/1706283,229,0.0,high,915,915,1.0,0.0,0.0,0.0,0,0
bxl-e149500-n168500-s500,https://databrussels.be/id/building/1696984,69,0.0,high,274,274,1.0,0.0,0.0,0.0,0,0
bxl-e149500-n168500-s500,https://databrussels.be/id/building/1690574,91,0.0,high,363,363,1.0,0.0,0.0,0.0,0,0
bxl-e149500-n168500-s500,https://databrussels.be/id/building/1685637,90,0.0,high,362,362,1.0,0.0,0.0,0.0,0,0
bxl-e149500-n168500-s500,https://databrussels.be/id/building/1673963,64,0.0,high,256,256,1.0,0.0,0.0,0.0,0,0
bxl-e149500-n168500-s500,https://databrussels.be/id/building/1678572,77,0.0,high,306,306,1.0,0.0,0.0,0.0,0,0
bxl-e149500-n168500-s500,https://databrussels.be/id/building/1685745,113,0.0,high,452,452,1.0,0.0,0.0,0.0,0,0
bxl-e149500-n168500-s500,https://databrussels.be/id/building/1673958,40,0.0,high,162,162,1.0,0.0,0.0,0.0,0,0
bxl-e149500-n168500-s500,https://databrussels.be/id/building/1680882,27,0.0,high,105,105,1.0,0.0,0.0,0.0,0,0
bxl-e149500-n168500-s500,https://databrussels.be/id/building/1690494,137,0.0,high,543,543,1.0,0.0,0.0,0.0,0,0
bxl-e149500-n168500-s500,https://databrussels.be/id/building/1684603,42,0.0,high,169,169,1.0,0.0,0.0,0.0,0,0
bxl-e149500-n168500-s500,https://databrussels.be/id/building/1691727,51,0.0,high,205,205,1.0,0.0,0.0,0.0,0,0
bxl-e149500-n168500-s500,https://databrussels.be/id/building/1678583,77,0.0,high,306,306,1.0,0.0,0.0,0.0,0,0
bxl-e149500-n168500-s500,https://databrussels.be/id/building/1686898,87,0.0,high,350,350,1.0,0.0,0.0,0.0,0,0
bxl-e149500-n168500-s500,https://databrussels.be/id/building/1677406,60,0.0,high,240,240,1.0,0.0,0.0,0.0,0,0
bxl-e149500-n168500-s500,https://databrussels.be/id/building/1732546,99,0.0,high,397,397,1.0,0.0,0.0,0.0,0,0
bxl-e149500-n168500-s500,https://databrussels.be/id/building/1691618,91,0.0,high,364,364,1.0,0.0,0.0,0.0,0,0
bxl-e149500-n168500-s500,https://databrussels.be/id/building/1690518,54,0.0,high,217,217,1.0,0.0,0.0,0.0,0,0
bxl-e149500-n168500-s500,https://databrussels.be/id/building/1691486,74,0.0,high,296,296,1.0,0.0,0.0,0.0,0,0
bxl-e149500-n168500-s500,https://databrussels.be/id/building/1731179,6,0.0,medium,25,25,1.0,0.0,0.0,0.0,0,0
bxl-e149500-n168500-s500,https://databrussels.be/id/building/1673973,73,0.0,high,291,291,1.0,0.0,0.0,0.0,0,0
bxl-e149500-n168500-s500,https://databrussels.be/id/building/1748852,28,0.0,high,114,114,1.0,0.0,0.0,0.0,0,0
bxl-e149500-n168500-s500,https://databrussels.be/id/building/1683314,83,0.0,high,334,334,1.0,0.0,0.0,0.0,0,0
bxl-e149500-n168500-s500,https://databrussels.be/id/building/1809436,2,0.0,insufficient,10,10,1.0,0.0,0.0,0.0,0,0
bxl-e149500-n168500-s500,https://databrussels.be/id/building/1691628,75,0.0,high,301,301,1.0,0.0,0.0,0.0,0,0
bxl-e149500-n168500-s500,https://databrussels.be/id/building/1805665,10,0.0,medium,36,36,1.0,0.0,0.0,0.0,0,0
bxl-e149500-n168500-s500,https://databrussels.be/id/building/1684530,90,0.0,high,358,358,1.0,0.0,0.0,0.0,0,0
bxl-e149500-n168500-s500,https://databrussels.be/id/building/1679771,69,0.0,high,271,271,1.0,0.0,0.0,0.0,0,0
bxl-e149500-n168500-s500,https://databrussels.be/id/building/1683341,90,0.0,high,355,355,1.0,0.0,0.0,0.0,0,0
bxl-e149500-n168500-s500,https://databrussels.be/id/building/1679767,40,0.0,high,165,165,1.0,0.0,0.0,0.0,0,0
bxl-e149500-n168500-s500,https://databrussels.be/id/building/1680858,820,0.0,high,3278,3278,1.0,0.0,0.0,0.0,0,0
bxl-e149500-n168500-s500,https://databrussels.be/id/building/1677412,159,0.0,high,637,637,1.0,0.0,0.0,0.0,0,0
bxl-e149500-n168500-s500,https://databrussels.be/id/building/1690311,48,0.0,high,191,191,1.0,0.0,0.0,0.0,0,0
bxl-e149500-n168500-s500,https://databrussels.be/id/building/1687933,50,0.0,high,200,200,1.0,0.0,0.0,0.0,0,0
bxl-e149500-n168500-s500,https://databrussels.be/id/building/1691760,70,0.0,high,286,286,1.0,0.0,0.0,0.0,0,0
bxl-e149500-n168500-s500,https://databrussels.be/id/building/1682162,73,0.0,high,290,290,1.0,0.0,0.0,0.0,0,0
bxl-e149500-n168500-s500,https://databrussels.be/id/building/1806970,108,0.0,high,429,429,1.0,0.0,0.0,0.0,0,0
bxl-e149500-n168500-s500,https://databrussels.be/id/building/1678544,99,0.0,high,403,403,1.0,0.0,0.0,0.0,0,0
bxl-e149500-n168500-s500,https://databrussels.be/id/building/1676291,74,0.0,high,297,297,1.0,0.0,0.0,0.0,0,0
bxl-e149500-n168500-s500,https://databrussels.be/id/building/1685689,153,0.0,high,614,614,1.0,0.0,0.0,0.0,0,0
bxl-e149500-n168500-s500,https://databrussels.be/id/building/1676192,75,0.0,high,300,300,1.0,0.0,0.0,0.0,0,0
bxl-e149500-n168500-s500,https://databrussels.be/id/building/1686829,269,0.0,high,1076,1076,1.0,0.0,0.0,0.0,0,0
bxl-e149500-n168500-s500,https://databrussels.be/id/building/1771718,351,0.0,high,1404,1404,1.0,0.0,0.0,0.0,0,0
bxl-e149500-n168500-s500,https://databrussels.be/id/building/1686950,108,0.0,high,432,432,1.0,0.0,0.0,0.0,0,0
bxl-e149500-n168500-s500,https://databrussels.be/id/building/1732552,31,0.0,high,128,128,1.0,0.0,0.0,0.0,0,0
bxl-e149500-n168500-s500,https://databrussels.be/id/building/1691535,1198,0.0,high,4794,4794,1.0,0.0,0.0,0.0,0,0
bxl-e149500-n168500-s500,https://databrussels.be/id/building/1673844,414,0.0,high,1655,1655,1.0,0.0,0.0,0.0,0,0
bxl-e149500-n168500-s500,https://databrussels.be/id/building/1677396,98,0.0,high,394,394,1.0,0.0,0.0,0.0,0,0
bxl-e149500-n168500-s500,https://databrussels.be/id/building/1680996,68,0.0,high,273,273,1.0,0.0,0.0,0.0,0,0
bxl-e149500-n168500-s500,https://databrussels.be/id/building/1682078,101,0.0,high,403,403,1.0,0.0,0.0,0.0,0,0
bxl-e149500-n168500-s500,https://databrussels.be/id/building/1673906,135,0.0,high,538,538,1.0,0.0,0.0,0.0,0,0
bxl-e149500-n168500-s500,https://databrussels.be/id/building/1680993,129,0.0,high,514,514,1.0,0.0,0.0,0.0,0,0
bxl-e149500-n168500-s500,https://databrussels.be/id/building/1689320,135,0.0,high,544,544,1.0,0.0,0.0,0.0,0,0
bxl-e149500-n168500-s500,https://databrussels.be/id/building/1689300,120,0.0,high,481,481,1.0,0.0,0.0,0.0,0,0
bxl-e149500-n168500-s500,https://databrussels.be/id/building/1689301,120,0.0,high,479,479,1.0,0.0,0.0,0.0,0,0
bxl-e149500-n168500-s500,https://databrussels.be/id/building/1680973,269,0.0,high,1075,1075,1.0,0.0,0.0,0.0,0,0
bxl-e149500-n168500-s500,https://databrussels.be/id/building/1736548,27,0.0,high,112,112,1.0,0.0,0.0,0.0,0,0
bxl-e149500-n168500-s500,https://databrussels.be/id/building/1686964,139,0.0,high,558,558,1.0,0.0,0.0,0.0,0,0
bxl-e149500-n168500-s500,https://databrussels.be/id/building/1675156,90,0.0,high,358,358,1.0,0.0,0.0,0.0,0,0
bxl-e149500-n168500-s500,https://databrussels.be/id/building/1688157,357,0.0,high,1432,1432,1.0,0.0,0.0,0.0,0,0
bxl-e149500-n168500-s500,https://databrussels.be/id/building/1678591,110,0.0,high,440,440,1.0,0.0,0.0,0.0,0,0
bxl-e149500-n168500-s500,https://databrussels.be/id/building/1690301,182,0.0,high,727,727,1.0,0.0,0.0,0.0,0,0
bxl-e149500-n168500-s500,https://databrussels.be/id/building/1686892,103,0.0,high,414,414,1.0,0.0,0.0,0.0,0,0
bxl-e149500-n168500-s500,https://databrussels.be/id/building/1689372,95,0.0,high,377,377,1.0,0.0,0.0,0.0,0,0
bxl-e149500-n168500-s500,https://databrussels.be/id/building/1683313,62,0.0,high,248,248,1.0,0.0,0.0,0.0,0,0
bxl-e149500-n168500-s500,https://databrussels.be/id/building/1676209,141,0.0,high,562,562,1.0,0.0,0.0,0.0,0,0
bxl-e149500-n168500-s500,https://databrussels.be/id/building/1679777,335,0.0,high,1342,1342,1.0,0.0,0.0,0.0,0,0
bxl-e149500-n168500-s500,https://databrussels.be/id/building/1690426,405,0.0,high,1618,1618,1.0,0.0,0.0,0.0,0,0
bxl-e149500-n168500-s500,https://databrussels.be/id/building/1686738,201,0.0,high,806,806,1.0,0.0,0.0,0.0,0,0
bxl-e149500-n168500-s500,https://databrussels.be/id/building/1688151,406,0.0,high,1624,1624,1.0,0.0,0.0,0.0,0,0
bxl-e149500-n168500-s500,https://databrussels.be/id/building/1747452,118,0.0,high,470,470,1.0,0.0,0.0,0.0,0,0
bxl-e149500-n168500-s500,https://databrussels.be/id/building/1688079,123,0.0,high,492,492,1.0,0.0,0.0,0.0,0,0
bxl-e149500-n168500-s500,https://databrussels.be/id/building/1679782,97,0.0,high,390,390,1.0,0.0,0.0,0.0,0,0
bxl-e149500-n168500-s500,https://databrussels.be/id/building/1685767,106,0.0,high,424,424,1.0,0.0,0.0,0.0,0,0
bxl-e149500-n168500-s500,https://databrussels.be/id/building/1682211,117,0.0,high,470,470,1.0,0.0,0.0,0.0,0,0
bxl-e149500-n168500-s500,https://databrussels.be/id/building/1673856,207,0.0,high,827,827,1.0,0.0,0.0,0.0,0,0
bxl-e149500-n168500-s500,https://databrussels.be/id/building/1688082,123,0.0,high,493,493,1.0,0.0,0.0,0.0,0,0
bxl-e149500-n168500-s500,https://databrussels.be/id/building/1689251,159,0.0,high,637,637,1.0,0.0,0.0,0.0,0,0
bxl-e149500-n168500-s500,https://databrussels.be/id/building/1680859,906,0.0,high,3623,3623,1.0,0.0,0.0,0.0,0,0
bxl-e149500-n168500-s500,https://databrussels.be/id/building/1673923,201,0.0,high,806,806,1.0,0.0,0.0,0.0,0,0
bxl-e149500-n168500-s500,https://databrussels.be/id/building/1689326,134,0.0,high,532,532,1.0,0.0,0.0,0.0,0,0
bxl-e149500-n168500-s500,https://databrussels.be/id/building/1684612,309,0.0,high,1236,1236,1.0,0.0,0.0,0.0,0,0
bxl-e149500-n168500-s500,https://databrussels.be/id/building/1677345,144,0.0,high,574,574,1.0,0.0,0.0,0.0,0,0
bxl-e149500-n168500-s500,https://databrussels.be/id/building/1689244,252,0.0,high,1009,1009,1.0,0.0,0.0,0.0,0,0
bxl-e149500-n168500-s500,https://databrussels.be/id/building/1677339,185,0.0,high,736,736,1.0,0.0,0.0,0.0,0,0
bxl-e149500-n168500-s500,https://databrussels.be/id/building/1689239,162,0.0,high,650,650,1.0,0.0,0.0,0.0,0,0
bxl-e149500-n168500-s500,https://databrussels.be/id/building/1690309,185,0.0,high,740,740,1.0,0.0,0.0,0.0,0,0
bxl-e149500-n168500-s500,https://databrussels.be/id/building/1774356,15,0.0,medium,60,60,1.0,0.0,0.0,0.0,0,0
bxl-e149500-n168500-s500,https://databrussels.be/id/building/1686682,146,0.0,high,582,582,1.0,0.0,0.0,0.0,0,0
bxl-e149500-n168500-s500,https://databrussels.be/id/building/1691643,142,0.0,high,567,567,1.0,0.0,0.0,0.0,0,0
bxl-e149500-n168500-s500,https://databrussels.be/id/building/1691705,197,0.0,high,787,787,1.0,0.0,0.0,0.0,0,0
bxl-e149500-n168500-s500,https://databrussels.be/id/building/1680926,116,0.0,high,464,464,1.0,0.0,0.0,0.0,0,0
bxl-e149500-n168500-s500,https://databrussels.be/id/building/1685761,99,0.0,high,398,398,1.0,0.0,0.0,0.0,0,0
bxl-e149500-n168500-s500,https://databrussels.be/id/building/1688090,122,0.0,high,489,489,1.0,0.0,0.0,0.0,0,0
bxl-e149500-n168500-s500,https://databrussels.be/id/building/1688087,79,0.0,high,318,318,1.0,0.0,0.0,0.0,0,0
bxl-e149500-n168500-s500,https://databrussels.be/id/building/1675166,111,0.0,high,450,450,1.0,0.0,0.0,0.0,0,0
bxl-e149500-n168500-s500,https://databrussels.be/id/building/1681017,99,0.0,high,397,397,1.0,0.0,0.0,0.0,0,0
bxl-e149500-n168500-s500,https://databrussels.be/id/building/1683306,131,0.0,high,522,522,1.0,0.0,0.0,0.0,0,0
bxl-e149500-n168500-s500,https://databrussels.be/id/building/1686742,127,0.0,high,512,512,1.0,0.0,0.0,0.0,0,0
bxl-e149500-n168500-s500,https://databrussels.be/id/building/1688183,72,0.0,high,288,288,1.0,0.0,0.0,0.0,0,0
bxl-e149500-n168500-s500,https://databrussels.be/id/building/1685733,89,0.0,high,356,356,1.0,0.0,0.0,0.0,0,0
bxl-e149500-n168500-s500,https://databrussels.be/id/building/1690457,80,0.0,high,320,320,1.0,0.0,0.0,0.0,0,0
bxl-e149500-n168500-s500,https://databrussels.be/id/building/1678555,61,0.0,high,242,242,1.0,0.0,0.0,0.0,0,0
bxl-e149500-n168500-s500,https://databrussels.be/id/building/1732606,72,0.0,high,291,291,1.0,0.0,0.0,0.0,0,0
bxl-e149500-n168500-s500,https://databrussels.be/id/building/1732613,79,0.0,high,312,312,1.0,0.0,0.0,0.0,0,0
bxl-e149500-n168500-s500,https://databrussels.be/id/building/1684492,62,0.0,high,247,247,1.0,0.0,0.0,0.0,0,0
bxl-e149500-n168500-s500,https://databrussels.be/id/building/1675115,44,0.0,high,178,178,1.0,0.0,0.0,0.0,0,0
bxl-e149500-n168500-s500,https://databrussels.be/id/building/1678556,61,0.0,high,246,246,1.0,0.0,0.0,0.0,0,0
bxl-e149500-n168500-s500,https://databrussels.be/id/building/1683337,90,0.0,high,358,358,1.0,0.0,0.0,0.0,0,0
bxl-e149500-n168500-s500,https://databrussels.be/id/building/1680970,265,0.0,high,1057,1057,1.0,0.0,0.0,0.0,0,0
bxl-e149500-n168500-s500,https://databrussels.be/id/building/1691694,157,0.0,high,626,626,1.0,0.0,0.0,0.0,0,0
bxl-e149500-n168500-s500,https://databrussels.be/id/building/1689294,102,0.0,high,409,409,1.0,0.0,0.0,0.0,0,0
bxl-e149500-n168500-s500,https://databrussels.be/id/building/1680930,151,0.0,high,604,604,1.0,0.0,0.0,0.0,0,0
bxl-e149500-n168500-s500,https://databrussels.be/id/building/1690491,137,0.0,high,547,547,1.0,0.0,0.0,0.0,0,0
bxl-e149500-n168500-s500,https://databrussels.be/id/building/1676044,173,0.0,high,691,691,1.0,0.0,0.0,0.0,0,0
bxl-e149500-n168500-s500,https://databrussels.be/id/building/1675060,87,0.0,high,348,348,1.0,0.0,0.0,0.0,0,0
bxl-e149500-n168500-s500,https://databrussels.be/id/building/1692729,78,0.0,high,312,312,1.0,0.0,0.0,0.0,0,0
bxl-e149500-n168500-s500,https://databrussels.be/id/building/1691624,69,0.0,high,277,277,1.0,0.0,0.0,0.0,0,0
bxl-e149500-n168500-s500,https://databrussels.be/id/building/1676185,968,0.0,high,3870,3870,1.0,0.0,0.0,0.0,0,0
bxl-e149500-n168500-s500,https://databrussels.be/id/building/1688152,372,0.0,high,1490,1490,1.0,0.0,0.0,0.0,0,0
bxl-e149500-n168500-s500,https://databrussels.be/id/building/1682200,110,0.0,high,438,438,1.0,0.0,0.0,0.0,0,0
bxl-e149500-n168500-s500,https://databrussels.be/id/building/1677423,118,0.0,high,471,471,1.0,0.0,0.0,0.0,0,0
bxl-e149500-n168500-s500,https://databrussels.be/id/building/1743359,232,0.0,high,930,930,1.0,0.0,0.0,0.0,0,0
bxl-e149500-n168500-s500,https://databrussels.be/id/building/1678579,77,0.0,high,307,307,1.0,0.0,0.0,0.0,0,0
bxl-e149500-n168500-s500,https://databrussels.be/id/building/1673880,646,0.0,high,2583,2583,1.0,0.0,0.0,0.0,0,0
bxl-e149500-n168500-s500,https://databrussels.be/id/building/1679742,116,0.0,high,459,459,1.0,0.0,0.0,0.0,0,0
bxl-e149500-n168500-s500,https://databrussels.be/id/building/1682090,134,0.0,high,535,535,1.0,0.0,0.0,0.0,0,0
bxl-e149500-n168500-s500,https://databrussels.be/id/building/1678537,99,0.0,high,399,399,1.0,0.0,0.0,0.0,0,0
bxl-e149500-n168500-s500,https://databrussels.be/id/building/1685743,113,0.0,high,448,448,1.0,0.0,0.0,0.0,0,0
bxl-e149500-n168500-s500,https://databrussels.be/id/building/1682093,408,0.0,high,1636,1636,1.0,0.0,0.0,0.0,0,0
bxl-e149500-n168500-s500,https://databrussels.be/id/building/1691754,70,0.0,high,280,280,1.0,0.0,0.0,0.0,0,0
bxl-e149500-n168500-s500,https://databrussels.be/id/building/1691598,414,0.0,high,1659,1659,1.0,0.0,0.0,0.0,0,0
bxl-e149500-n168500-s500,https://databrussels.be/id/building/1776086,44,0.0,high,172,172,1.0,0.0,0.0,0.0,0,0
bxl-e149500-n168500-s500,https://databrussels.be/id/building/1776087,50,0.0,high,198,198,1.0,0.0,0.0,0.0,0,0
bxl-e149500-n168500-s500,https://databrussels.be/id/building/1736520,108,0.0,high,432,432,1.0,0.0,0.0,0.0,0,0
bxl-e149500-n168500-s500,https://databrussels.be/id/building/1682141,146,0.0,high,581,581,1.0,0.0,0.0,0.0,0,0
bxl-e149500-n168500-s500,https://databrussels.be/id/building/1677417,130,0.0,high,516,516,1.0,0.0,0.0,0.0,0,0
bxl-e149500-n168500-s500,https://databrussels.be/id/building/1686864,80,0.0,high,314,314,1.0,0.0,0.0,0.0,0,0
bxl-e149500-n168500-s500,https://databrussels.be/id/building/1805666,2,0.0,insufficient,6,6,1.0,0.0,0.0,0.0,0,0
bxl-e149500-n168500-s500,https://databrussels.be/id/building/1676226,539,0.0,high,2156,2156,1.0,0.0,0.0,0.0,0,0
bxl-e149500-n168500-s500,https://databrussels.be/id/building/1734722,350,0.0,high,1401,1401,1.0,0.0,0.0,0.0,0,0
bxl-e149500-n168500-s500,https://databrussels.be/id/building/1683282,277,0.0,high,1109,1109,1.0,0.0,0.0,0.0,0,0
bxl-e149500-n168500-s500,https://databrussels.be/id/building/1688165,169,0.0,high,677,677,1.0,0.0,0.0,0.0,0,0
bxl-e149500-n168500-s500,https://databrussels.be/id/building/1676095,74,0.0,high,291,291,1.0,0.0,0.0,0.0,0,0
bxl-e149500-n168500-s500,https://databrussels.be/id/building/1688195,73,0.0,high,292,292,1.0,0.0,0.0,0.0,0,0
bxl-e149500-n168500-s500,https://databrussels.be/id/building/1682118,78,0.0,high,316,316,1.0,0.0,0.0,0.0,0,0
bxl-e149500-n168500-s500,https://databrussels.be/id/building/1684560,94,0.0,high,376,376,1.0,0.0,0.0,0.0,0,0
bxl-e149500-n168500-s500,https://databrussels.be/id/building/1678580,77,0.0,high,310,310,1.0,0.0,0.0,0.0,0,0
bxl-e149500-n168500-s500,https://databrussels.be/id/building/1686850,153,0.0,high,611,611,1.0,0.0,0.0,0.0,0,0
bxl-e149500-n168500-s500,https://databrussels.be/id/building/1751477,97,0.0,high,388,388,1.0,0.0,0.0,0.0,0,0
bxl-e149500-n168500-s500,https://databrussels.be/id/building/1676102,872,0.0,high,3489,3489,1.0,0.0,0.0,0.0,0,0
bxl-e149500-n168500-s500,https://databrussels.be/id/building/1690427,407,0.0,high,1626,1626,1.0,0.0,0.0,0.0,0,0
bxl-e149500-n168500-s500,https://databrussels.be/id/building/1678592,177,0.0,high,708,708,1.0,0.0,0.0,0.0,0,0
bxl-e149500-n168500-s500,https://databrussels.be/id/building/1675030,218,0.0,high,874,874,1.0,0.0,0.0,0.0,0,0
bxl-e149500-n168500-s500,https://databrussels.be/id/building/1689255,160,0.0,high,640,640,1.0,0.0,0.0,0.0,0,0
bxl-e149500-n168500-s500,https://databrussels.be/id/building/1677413,130,0.0,high,520,520,1.0,0.0,0.0,0.0,0,0
bxl-e149500-n168500-s500,https://databrussels.be/id/building/1678528,147,0.0,high,588,588,1.0,0.0,0.0,0.0,0,0
bxl-e149500-n168500-s500,https://databrussels.be/id/building/1683281,277,0.0,high,1100,1100,1.0,0.0,0.0,0.0,0,0
bxl-e149500-n168500-s500,https://databrussels.be/id/building/1687981,1103,0.0,high,4412,4412,1.0,0.0,0.0,0.0,0,0
bxl-e149500-n168500-s500,https://databrussels.be/id/building/1685788,59,0.0,high,235,235,1.0,0.0,0.0,0.0,0,0
bxl-e149500-n168500-s500,https://databrussels.be/id/building/1685632,104,0.0,high,414,414,1.0,0.0,0.0,0.0,0,0
bxl-e149500-n168500-s500,https://databrussels.be/id/building/1689317,94,0.0,high,376,376,1.0,0.0,0.0,0.0,0,0
bxl-e149500-n168500-s500,https://databrussels.be/id/building/1685677,65,0.0,high,258,258,1.0,0.0,0.0,0.0,0,0
bxl-e149500-n168500-s500,https://databrussels.be/id/building/1684479,64,0.0,high,252,252,1.0,0.0,0.0,0.0,0,0
bxl-e149500-n168500-s500,https://databrussels.be/id/building/1678611,35,0.0,high,139,139,1.0,0.0,0.0,0.0,0,0
bxl-e149500-n168500-s500,https://databrussels.be/id/building/1675028,57,0.0,high,237,237,1.0,0.0,0.0,0.0,0,0
bxl-e149500-n168500-s500,https://databrussels.be/id/building/1679835,304,0.0,high,1214,1214,1.0,0.0,0.0,0.0,0,0
bxl-e149500-n168500-s500,https://databrussels.be/id/building/1683291,21,0.0,high,82,82,1.0,0.0,0.0,0.0,0,0
bxl-e149500-n168500-s500,https://databrussels.be/id/building/1690471,66,0.0,high,261,261,1.0,0.0,0.0,0.0,0,0
bxl-e149500-n168500-s500,https://databrussels.be/id/building/1678616,36,0.0,high,146,146,1.0,0.0,0.0,0.0,0,0
bxl-e149500-n168500-s500,https://databrussels.be/id/building/1784610,115,0.0,high,463,463,1.0,0.0,0.0,0.0,0,0
bxl-e149500-n168500-s500,https://databrussels.be/id/building/1680913,9,0.0,medium,37,37,1.0,0.0,0.0,0.0,0,0
bxl-e149500-n168500-s500,https://databrussels.be/id/building/1684471,22,0.0,high,89,89,1.0,0.0,0.0,0.0,0,0
bxl-e149500-n168500-s500,https://databrussels.be/id/building/1740550,43,0.0,high,171,171,1.0,0.0,0.0,0.0,0,0
bxl-e149500-n168500-s500,https://databrussels.be/id/building/1676318,98,0.0,high,393,393,1.0,0.0,0.0,0.0,0,0
bxl-e149500-n168500-s500,https://databrussels.be/id/building/1789977,157,0.0,high,627,627,1.0,0.0,0.0,0.0,0,0
bxl-e149500-n168500-s500,https://databrussels.be/id/building/1689315,94,0.0,high,377,377,1.0,0.0,0.0,0.0,0,0
bxl-e149500-n168500-s500,https://databrussels.be/id/building/1731145,69,0.0,high,275,275,1.0,0.0,0.0,0.0,0,0
bxl-e149500-n168500-s500,https://databrussels.be/id/building/1808324,110,0.0,high,199,199,1.0,0.0,0.0,0.0,0,0
bxl-e149500-n168500-s500,https://databrussels.be/id/building/1805755,77,0.0,medium,43,43,1.0,0.0,0.0,0.0,0,0
bxl-e149500-n168500-s500,https://databrussels.be/id/building/1804489,95,0.0,insufficient,15,15,1.0,0.0,0.0,0.0,0,0
bxl-e149500-n168500-s500,https://databrussels.be/id/building/1691674,92,0.0,high,368,368,1.0,0.0,0.0,0.0,0,0
bxl-e149500-n168500-s500,https://databrussels.be/id/building/1793560,102,0.0,high,322,322,1.0,0.0,0.0,0.0,0,0
bxl-e149500-n168500-s500,https://databrussels.be/id/building/1807039,87,0.0,high,172,172,1.0,0.0,0.0,0.0,0,0
bxl-e149500-n168500-s500,https://databrussels.be/id/building/1804498,83,0.0,high,69,69,1.0,0.0,0.0,0.0,0,0
bxl-e149500-n168500-s500,https://databrussels.be/id/building/1797162,100,0.0,medium,34,34,1.0,0.0,0.0,0.0,0,0
bxl-e149500-n168500-s500,https://databrussels.be/id/building/1691766,95,0.0,high,380,380,1.0,0.0,0.0,0.0,0,0
bxl-e149500-n168500-s500,https://databrussels.be/id/building/1677476,82,0.0,high,326,326,1.0,0.0,0.0,0.0,0,0
bxl-e149500-n168500-s500,https://databrussels.be/id/building/1691693,157,0.0,high,626,626,1.0,0.0,0.0,0.0,0,0
bxl-e149500-n168500-s500,https://databrussels.be/id/building/1678578,77,0.0,high,308,308,1.0,0.0,0.0,0.0,0,0
bxl-e149500-n168500-s500,https://databrussels.be/id/building/1732569,49,0.0,high,196,196,1.0,0.0,0.0,0.0,0,0
bxl-e149500-n168500-s500,https://databrussels.be/id/building/1675135,74,0.0,high,296,296,1.0,0.0,0.0,0.0,0,0
bxl-e149500-n168500-s500,https://databrussels.be/id/building/1750181,82,0.0,high,325,325,1.0,0.0,0.0,0.0,0,0
bxl-e149500-n168500-s500,https://databrussels.be/id/building/1736515,95,0.0,high,381,381,1.0,0.0,0.0,0.0,0,0
bxl-e149500-n168500-s500,https://databrussels.be/id/building/1679769,68,0.0,high,273,273,1.0,0.0,0.0,0.0,0,0
bxl-e149500-n168500-s500,https://databrussels.be/id/building/1685688,153,0.0,high,610,610,1.0,0.0,0.0,0.0,0,0
bxl-e149500-n168500-s500,https://databrussels.be/id/building/1676290,74,0.0,high,297,297,1.0,0.0,0.0,0.0,0,0
bxl-e149500-n168500-s500,https://databrussels.be/id/building/1685730,89,0.0,high,356,356,1.0,0.0,0.0,0.0,0,0
bxl-e149500-n168500-s500,https://databrussels.be/id/building/1676315,98,0.0,high,392,392,1.0,0.0,0.0,0.0,0,0
bxl-e149500-n168500-s500,https://databrussels.be/id/building/1679785,67,0.0,high,265,265,1.0,0.0,0.0,0.0,0,0
bxl-e149500-n168500-s500,https://databrussels.be/id/building/1686899,130,0.0,high,524,524,1.0,0.0,0.0,0.0,0,0
bxl-e149500-n168500-s500,https://databrussels.be/id/building/1673971,109,0.0,high,435,435,1.0,0.0,0.0,0.0,0,0
bxl-e149500-n168500-s500,https://databrussels.be/id/building/1740549,43,0.0,high,171,171,1.0,0.0,0.0,0.0,0,0
bxl-e149500-n168500-s500,https://databrussels.be/id/building/1676098,85,0.0,high,342,342,1.0,0.0,0.0,0.0,0,0
bxl-e149500-n168500-s500,https://databrussels.be/id/building/1731147,71,0.0,high,284,284,1.0,0.0,0.0,0.0,0,0
bxl-e149500-n168500-s500,https://databrussels.be/id/building/1690526,126,0.0,high,505,505,1.0,0.0,0.0,0.0,0,0
bxl-e149500-n168500-s500,https://databrussels.be/id/building/1684570,93,0.0,high,376,376,1.0,0.0,0.0,0.0,0,0
bxl-e149500-n168500-s500,https://databrussels.be/id/building/1673950,38,0.0,high,149,149,1.0,0.0,0.0,0.0,0,0
bxl-e149500-n168500-s500,https://databrussels.be/id/building/1680980,95,0.0,high,380,380,1.0,0.0,0.0,0.0,0,0
bxl-e149500-n168500-s500,https://databrussels.be/id/building/1688175,131,0.0,high,521,521,1.0,0.0,0.0,0.0,0,0
bxl-e149500-n168500-s500,https://databrussels.be/id/building/1731148,76,0.0,high,307,307,1.0,0.0,0.0,0.0,0,0
bxl-e149500-n168500-s500,https://databrussels.be/id/building/1684559,79,0.0,high,318,318,1.0,0.0,0.0,0.0,0,0
bxl-e149500-n168500-s500,https://databrussels.be/id/building/1678590,89,0.0,high,356,356,1.0,0.0,0.0,0.0,0,0
bxl-e149500-n168500-s500,https://databrussels.be/id/building/1675113,183,0.0,high,734,734,1.0,0.0,0.0,0.0,0,0
bxl-e149500-n168500-s500,https://databrussels.be/id/building/1795849,106,0.0,high,413,413,1.0,0.0,0.0,0.0,0,0
bxl-e149500-n168500-s500,https://databrussels.be/id/building/1793562,97,0.0,high,303,303,1.0,0.0,0.0,0.0,0,0
bxl-e149500-n168500-s500,https://databrussels.be/id/building/1803352,189,0.0,high,754,754,1.0,0.0,0.0,0.0,0,0
bxl-e149500-n168500-s500,https://databrussels.be/id/building/1673931,53,0.0,high,208,208,1.0,0.0,0.0,0.0,0,0
bxl-e149500-n168500-s500,https://databrussels.be/id/building/1691636,91,0.0,high,359,359,1.0,0.0,0.0,0.0,0,0
bxl-e149500-n168500-s500,https://databrussels.be/id/building/1679772,69,0.0,high,275,275,1.0,0.0,0.0,0.0,0,0
bxl-e149500-n168500-s500,https://databrussels.be/id/building/1748797,10,0.0,medium,37,37,1.0,0.0,0.0,0.0,0,0
bxl-e149500-n168500-s500,https://databrussels.be/id/building/1685731,89,0.0,high,355,355,1.0,0.0,0.0,0.0,0,0
bxl-e149500-n168500-s500,https://databrussels.be/id/building/1682114,78,0.0,high,311,311,1.0,0.0,0.0,0.0,0,0
bxl-e149500-n168500-s500,https://databrussels.be/id/building/1690249,95,0.0,high,383,383,1.0,0.0,0.0,0.0,0,0
bxl-e149500-n168500-s500,https://databrussels.be/id/building/1691654,80,0.0,high,321,321,1.0,0.0,0.0,0.0,0,0
bxl-e149500-n168500-s500,https://databrussels.be/id/building/1686922,83,0.0,high,332,332,1.0,0.0,0.0,0.0,0,0
bxl-e149500-n168500-s500,https://databrussels.be/id/building/1688160,205,0.0,high,823,823,1.0,0.0,0.0,0.0,0,0
bxl-e149500-n168500-s500,https://databrussels.be/id/building/1688028,92,0.0,high,371,371,1.0,0.0,0.0,0.0,0,0
bxl-e149500-n168500-s500,https://databrussels.be/id/building/1740544,36,0.0,high,138,138,1.0,0.0,0.0,0.0,0,0
bxl-e149500-n168500-s500,https://databrussels.be/id/building/1677475,82,0.0,high,325,325,1.0,0.0,0.0,0.0,0,0
bxl-e149500-n168500-s500,https://databrussels.be/id/building/1682197,110,0.0,high,436,436,1.0,0.0,0.0,0.0,0,0
bxl-e149500-n168500-s500,https://databrussels.be/id/building/1691698,157,0.0,high,629,629,1.0,0.0,0.0,0.0,0,0
bxl-e149500-n168500-s500,https://databrussels.be/id/building/1780016,260,0.0,high,1039,1039,1.0,0.0,0.0,0.0,0,0
bxl-e149500-n168500-s500,https://databrussels.be/id/building/1808223,6,0.0,medium,25,25,1.0,0.0,0.0,0.0,0,0
bxl-e149500-n168500-s500,https://databrussels.be/id/building/1686690,111,0.0,high,447,447,1.0,0.0,0.0,0.0,0,0
bxl-e149500-n168500-s500,https://databrussels.be/id/building/1686895,103,0.0,high,418,418,1.0,0.0,0.0,0.0,0,0
bxl-e149500-n168500-s500,https://databrussels.be/id/building/1740552,50,0.0,high,201,201,1.0,0.0,0.0,0.0,0,0
bxl-e149500-n168500-s500,https://databrussels.be/id/building/1683296,101,0.0,high,404,404,1.0,0.0,0.0,0.0,0,0
bxl-e149500-n168500-s500,https://databrussels.be/id/building/1689374,111,0.0,high,443,443,1.0,0.0,0.0,0.0,0,0
bxl-e149500-n168500-s500,https://databrussels.be/id/building/1683393,93,0.0,high,370,370,1.0,0.0,0.0,0.0,0,0
bxl-e149500-n168500-s500,https://databrussels.be/id/building/1683342,90,0.0,high,359,359,1.0,0.0,0.0,0.0,0,0
bxl-e149500-n168500-s500,https://databrussels.be/id/building/1683303,119,0.0,high,476,476,1.0,0.0,0.0,0.0,0,0
bxl-e149500-n168500-s500,https://databrussels.be/id/building/1737856,146,0.0,high,582,582,1.0,0.0,0.0,0.0,0,0
bxl-e149500-n168500-s500,https://databrussels.be/id/building/1684601,42,0.0,high,167,167,1.0,0.0,0.0,0.0,0,0
bxl-e149500-n168500-s500,https://databrussels.be/id/building/1684509,67,0.0,high,270,270,1.0,0.0,0.0,0.0,0,0
bxl-e149500-n168500-s500,https://databrussels.be/id/building/1676319,206,0.0,high,822,822,1.0,0.0,0.0,0.0,0,0
bxl-e149500-n168500-s500,https://databrussels.be/id/building/1689325,103,0.0,high,412,412,1.0,0.0,0.0,0.0,0,0
bxl-e149500-n168500-s500,https://databrussels.be/id/building/1690312,48,0.0,high,193,193,1.0,0.0,0.0,0.0,0,0
bxl-e149500-n168500-s500,https://databrussels.be/id/building/1691609,206,0.0,high,825,825,1.0,0.0,0.0,0.0,0,0
bxl-e149500-n168500-s500,https://databrussels.be/id/building/1676312,88,0.0,high,348,348,1.0,0.0,0.0,0.0,0,0
bxl-e149500-n168500-s500,https://databrussels.be/id/building/1686987,150,0.0,high,602,602,1.0,0.0,0.0,0.0,0,0
bxl-e149500-n168500-s500,https://databrussels.be/id/building/1683399,93,0.0,high,371,371,1.0,0.0,0.0,0.0,0,0
bxl-e149500-n168500-s500,https://databrussels.be/id/building/1675150,90,0.0,high,362,362,1.0,0.0,0.0,0.0,0,0
bxl-e149500-n168500-s500,https://databrussels.be/id/building/1791076,118,0.0,high,468,468,1.0,0.0,0.0,0.0,0,0
bxl-e149500-n168500-s500,https://databrussels.be/id/building/1691680,92,0.0,high,370,370,1.0,0.0,0.0,0.0,0,0
bxl-e149500-n168500-s500,https://databrussels.be/id/building/1682188,96,0.0,high,382,382,1.0,0.0,0.0,0.0,0,0
bxl-e149500-n168500-s500,https://databrussels.be/id/building/1691761,95,0.0,high,380,380,1.0,0.0,0.0,0.0,0,0
bxl-e149500-n168500-s500,https://databrussels.be/id/building/1794707,24,0.0,high,94,94,1.0,0.0,0.0,0.0,0,0
bxl-e149500-n169000-s500,https://databrussels.be/id/building/1697010,87,0.0,high,345,345,1.0,0.0,0.0,0.0,0,0
bxl-e149500-n169000-s500,https://databrussels.be/id/building/1707367,99,0.0,high,397,397,1.0,0.0,0.0,0.0,0,0
bxl-e149500-n169000-s500,https://databrussels.be/id/building/1742098,101,0.0,high,406,406,1.0,0.0,0.0,0.0,0,0
bxl-e149500-n169000-s500,https://databrussels.be/id/building/1703925,93,0.0,high,370,370,1.0,0.0,0.0,0.0,0,0
bxl-e149500-n169000-s500,https://databrussels.be/id/building/1697008,80,0.0,high,318,318,1.0,0.0,0.0,0.0,0,0
bxl-e149500-n169000-s500,https://databrussels.be/id/building/1707382,70,0.0,high,283,283,1.0,0.0,0.0,0.0,0,0
bxl-e149500-n169000-s500,https://databrussels.be/id/building/1736605,53,0.0,high,213,213,1.0,0.0,0.0,0.0,0,0
bxl-e149500-n169000-s500,https://databrussels.be/id/building/1697058,40,0.0,high,158,158,1.0,0.0,0.0,0.0,0,0
bxl-e149500-n169000-s500,https://databrussels.be/id/building/1708575,51,0.0,high,205,205,1.0,0.0,0.0,0.0,0,0
bxl-e149500-n169000-s500,https://databrussels.be/id/building/1742097,82,0.0,high,326,326,1.0,0.0,0.0,0.0,0,0
bxl-e149500-n169000-s500,https://databrussels.be/id/building/1700359,101,0.0,high,406,406,1.0,0.0,0.0,0.0,0,0
bxl-e149500-n169000-s500,https://databrussels.be/id/building/1696931,213,0.0,high,852,852,1.0,0.0,0.0,0.0,0,0
bxl-e149500-n169000-s500,https://databrussels.be/id/building/1703798,154,0.0,high,620,620,1.0,0.0,0.0,0.0,0,0
bxl-e149500-n169000-s500,https://databrussels.be/id/building/1782209,51,0.0,high,203,203,1.0,0.0,0.0,0.0,0,0
bxl-e149500-n169000-s500,https://databrussels.be/id/building/1694639,63,0.0,high,252,252,1.0,0.0,0.0,0.0,0,0
bxl-e149500-n169000-s500,https://databrussels.be/id/building/1709856,86,0.0,high,345,345,1.0,0.0,0.0,0.0,0,0
bxl-e149500-n169000-s500,https://databrussels.be/id/building/1709774,91,0.0,high,363,363,1.0,0.0,0.0,0.0,0,0
bxl-e149500-n169000-s500,https://databrussels.be/id/building/1709783,96,0.0,high,390,390,1.0,0.0,0.0,0.0,0,0
bxl-e149500-n169000-s500,https://databrussels.be/id/building/1694704,103,0.0,high,410,410,1.0,0.0,0.0,0.0,0,0
bxl-e149500-n169000-s500,https://databrussels.be/id/building/1693513,83,0.0,high,332,332,1.0,0.0,0.0,0.0,0,0
bxl-e149500-n169000-s500,https://databrussels.be/id/building/1697013,80,0.0,high,320,320,1.0,0.0,0.0,0.0,0,0
bxl-e149500-n169000-s500,https://databrussels.be/id/building/1700414,679,0.0,high,2715,2715,1.0,0.0,0.0,0.0,0,0
bxl-e149500-n169000-s500,https://databrussels.be/id/building/1706180,69,0.0,high,273,273,1.0,0.0,0.0,0.0,0,0
bxl-e149500-n169000-s500,https://databrussels.be/id/building/1708617,81,0.0,high,326,326,1.0,0.0,0.0,0.0,0,0
bxl-e149500-n169000-s500,https://databrussels.be/id/building/1707585,68,0.0,high,274,274,1.0,0.0,0.0,0.0,0,0
bxl-e149500-n169000-s500,https://databrussels.be/id/building/1695899,86,0.0,high,344,344,1.0,0.0,0.0,0.0,0,0
bxl-e149500-n169000-s500,https://databrussels.be/id/building/1706147,46,0.0,high,190,190,1.0,0.0,0.0,0.0,0,0
bxl-e149500-n169000-s500,https://databrussels.be/id/building/1702694,84,0.0,high,335,335,1.0,0.0,0.0,0.0,0,0
bxl-e149500-n169000-s500,https://databrussels.be/id/building/1740674,38,0.0,high,152,152,1.0,0.0,0.0,0.0,0,0
bxl-e149500-n169000-s500,https://databrussels.be/id/building/1778794,139,0.0,high,556,556,1.0,0.0,0.0,0.0,0,0
bxl-e149500-n169000-s500,https://databrussels.be/id/building/1702733,57,0.0,high,240,240,1.0,0.0,0.0,0.0,0,0
bxl-e149500-n169000-s500,https://databrussels.be/id/building/1630652,577,0.0,high,2317,2317,1.0,0.0,0.0,0.0,0,0
bxl-e149500-n169000-s500,https://databrussels.be/id/building/1830229,82,0.0,high,350,350,1.0,0.0,0.0,0.0,0,0
bxl-e149500-n169000-s500,https://databrussels.be/id/building/1708559,82,0.0,high,350,350,1.0,0.0,0.0,0.0,0,0
bxl-e149500-n169000-s500,https://databrussels.be/id/building/1698272,2880,0.0,high,11548,11548,1.0,0.0,0.0,0.0,0,0
bxl-e149500-n169000-s500,https://databrussels.be/id/building/1629583,450,0.0,high,1796,1796,1.0,0.0,0.0,0.0,0,0
bxl-e149500-n169000-s500,https://databrussels.be/id/building/1740677,48,0.0,high,198,198,1.0,0.0,0.0,0.0,0,0
bxl-e149500-n169000-s500,https://databrussels.be/id/building/1737935,64,0.0,high,254,254,1.0,0.0,0.0,0.0,0,0
bxl-e149500-n169000-s500,https://databrussels.be/id/building/1783066,567,0.0,high,2267,2267,1.0,0.0,0.0,0.0,0,0
bxl-e149500-n169000-s500,https://databrussels.be/id/building/1629594,45,0.0,high,181,181,1.0,0.0,0.0,0.0,0,0
bxl-e149500-n169000-s500,https://databrussels.be/id/building/1706260,61,0.0,high,241,241,1.0,0.0,0.0,0.0,0,0
bxl-e149500-n169000-s500,https://databrussels.be/id/building/1711144,137,0.0,high,549,549,1.0,0.0,0.0,0.0,0,0
bxl-e149500-n169000-s500,https://databrussels.be/id/building/1783067,361,0.0,high,1453,1453,1.0,0.0,0.0,0.0,0,0
bxl-e149500-n169000-s500,https://databrussels.be/id/building/1694727,86,0.0,high,343,343,1.0,0.0,0.0,0.0,0,0
bxl-e149500-n169000-s500,https://databrussels.be/id/building/1700387,130,0.0,high,509,509,1.0,0.0,0.0,0.0,0,0
bxl-e149500-n169000-s500,https://databrussels.be/id/building/1783065,113,0.0,high,440,440,1.0,0.0,0.0,0.0,0,0
bxl-e149500-n169000-s500,https://databrussels.be/id/building/1621377,1204,0.0,high,4810,4810,1.0,0.0,0.0,0.0,0,0
bxl-e149500-n169000-s500,https://databrussels.be/id/building/1701690,342,0.0,high,1384,1384,1.0,0.0,0.0,0.0,0,0
bxl-e149500-n169000-s500,https://databrussels.be/id/building/1774357,62,0.0,high,244,244,1.0,0.0,0.0,0.0,0,0
bxl-e149500-n169000-s500,https://databrussels.be/id/building/1693471,518,0.0,high,2067,2067,1.0,0.0,0.0,0.0,0,0
bxl-e149500-n169000-s500,https://databrussels.be/id/building/1707430,61,0.0,high,247,247,1.0,0.0,0.0,0.0,0,0
bxl-e149500-n169000-s500,https://databrussels.be/id/building/1700430,79,0.0,high,318,318,1.0,0.0,0.0,0.0,0,0
bxl-e149500-n169000-s500,https://databrussels.be/id/building/1735237,8,0.0,medium,30,30,1.0,0.0,0.0,0.0,0,0
bxl-e149500-n169000-s500,https://databrussels.be/id/building/1630867,119,0.0,high,478,478,1.0,0.0,0.0,0.0,0,0
bxl-e149500-n169000-s500,https://databrussels.be/id/building/1737937,83,0.0,high,333,333,1.0,0.0,0.0,0.0,0,0
bxl-e149500-n169000-s500,https://databrussels.be/id/building/1632052,156,0.0,high,629,629,1.0,0.0,0.0,0.0,0,0
bxl-e149500-n169000-s500,https://databrussels.be/id/building/1694576,148,0.0,high,594,594,1.0,0.0,0.0,0.0,0,0
bxl-e149500-n169000-s500,https://databrussels.be/id/building/1708566,83,0.0,high,332,332,1.0,0.0,0.0,0.0,0,0
bxl-e149500-n169000-s500,https://databrussels.be/id/building/1700360,100,0.0,high,397,397,1.0,0.0,0.0,0.0,0,0
bxl-e149500-n169000-s500,https://databrussels.be/id/building/1740676,41,0.0,high,165,165,1.0,0.0,0.0,0.0,0,0
bxl-e149500-n169000-s500,https://databrussels.be/id/building/1695799,109,0.0,high,433,433,1.0,0.0,0.0,0.0,0,0
bxl-e149500-n169000-s500,https://databrussels.be/id/building/1695819,119,0.0,high,485,485,1.0,0.0,0.0,0.0,0,0
bxl-e149500-n169000-s500,https://databrussels.be/id/building/1694701,103,0.0,high,413,413,1.0,0.0,0.0,0.0,0,0
bxl-e149500-n169000-s500,https://databrussels.be/id/building/1696965,128,0.0,high,509,509,1.0,0.0,0.0,0.0,0,0
bxl-e149500-n169000-s500,https://databrussels.be/id/building/1710876,115,0.0,high,461,461,1.0,0.0,0.0,0.0,0,0
bxl-e149500-n169000-s500,https://databrussels.be/id/building/1700396,170,0.0,high,681,681,1.0,0.0,0.0,0.0,0,0
bxl-e149500-n169000-s500,https://databrussels.be/id/building/1708646,140,0.0,high,557,557,1.0,0.0,0.0,0.0,0,0
bxl-e149500-n169000-s500,https://databrussels.be/id/building/1708773,132,0.0,high,530,530,1.0,0.0,0.0,0.0,0,0
bxl-e149500-n169000-s500,https://databrussels.be/id/building/1707462,123,0.0,high,491,491,1.0,0.0,0.0,0.0,0,0
bxl-e149500-n169000-s500,https://databrussels.be/id/building/1702711,185,0.0,high,739,739,1.0,0.0,0.0,0.0,0,0
bxl-e149500-n169000-s500,https://databrussels.be/id/building/1705020,88,0.0,high,354,354,1.0,0.0,0.0,0.0,0,0
bxl-e149500-n169000-s500,https://databrussels.be/id/building/1698070,125,0.0,high,500,500,1.0,0.0,0.0,0.0,0,0
bxl-e149500-n169000-s500,https://databrussels.be/id/building/1621374,2247,0.0,high,8988,8988,1.0,0.0,0.0,0.0,0,0
bxl-e149500-n169000-s500,https://databrussels.be/id/building/1735240,16,0.0,medium,61,61,1.0,0.0,0.0,0.0,0,0
bxl-e149500-n169000-s500,https://databrussels.be/id/building/1707428,61,0.0,high,243,243,1.0,0.0,0.0,0.0,0,0
bxl-e149500-n169000-s500,https://databrussels.be/id/building/1709768,90,0.0,high,361,361,1.0,0.0,0.0,0.0,0,0
bxl-e149500-n169000-s500,https://databrussels.be/id/building/1752150,117,0.0,high,467,467,1.0,0.0,0.0,0.0,0,0
bxl-e149500-n169000-s500,https://databrussels.be/id/building/1752147,108,0.0,high,434,434,1.0,0.0,0.0,0.0,0,0
bxl-e149500-n169000-s500,https://databrussels.be/id/building/1629569,220,0.0,high,881,881,1.0,0.0,0.0,0.0,0,0
bxl-e149500-n169000-s500,https://databrussels.be/id/building/1735239,9,0.0,medium,38,38,1.0,0.0,0.0,0.0,0,0
bxl-e149500-n169000-s500,https://databrussels.be/id/building/1697029,192,0.0,high,767,767,1.0,0.0,0.0,0.0,0,0
bxl-e149500-n169000-s500,https://databrussels.be/id/building/1694713,363,0.0,high,1450,1450,1.0,0.0,0.0,0.0,0,0
bxl-e149500-n169000-s500,https://databrussels.be/id/building/1694666,123,0.0,high,492,492,1.0,0.0,0.0,0.0,0,0
bxl-e149500-n169000-s500,https://databrussels.be/id/building/1632027,121,0.0,high,490,490,1.0,0.0,0.0,0.0,0,0
bxl-e149500-n169000-s500,https://databrussels.be/id/building/1659142,24,0.0,high,98,98,1.0,0.0,0.0,0.0,0,0
bxl-e149500-n169000-s500,https://databrussels.be/id/building/1736609,59,0.0,high,235,235,1.0,0.0,0.0,0.0,0,0
bxl-e149500-n169000-s500,https://databrussels.be/id/building/1707460,129,0.0,high,515,515,1.0,0.0,0.0,0.0,0,0
bxl-e149500-n169000-s500,https://databrussels.be/id/building/1731173,153,0.0,high,612,612,1.0,0.0,0.0,0.0,0,0
bxl-e149500-n169000-s500,https://databrussels.be/id/building/1630674,223,0.0,high,893,893,1.0,0.0,0.0,0.0,0,0
bxl-e149500-n169000-s500,https://databrussels.be/id/building/1699221,141,0.0,high,557,557,1.0,0.0,0.0,0.0,0,0
bxl-e149500-n169000-s500,https://databrussels.be/id/building/1699254,310,0.0,high,1239,1239,1.0,0.0,0.0,0.0,0,0
bxl-e149500-n169000-s500,https://databrussels.be/id/building/1710896,144,0.0,high,574,574,1.0,0.0,0.0,0.0,0,0
bxl-e149500-n169000-s500,https://databrussels.be/id/building/1771830,69,0.0,high,279,279,1.0,0.0,0.0,0.0,0,0
bxl-e149500-n169000-s500,https://databrussels.be/id/building/1800724,712,0.0,high,2858,2858,1.0,0.0,0.0,0.0,0,0
bxl-e149500-n169000-s500,https://databrussels.be/id/building/1695863,54,0.0,high,215,215,1.0,0.0,0.0,0.0,0,0
bxl-e149500-n169000-s500,https://databrussels.be/id/building/1629629,250,0.0,high,999,999,1.0,0.0,0.0,0.0,0,0
bxl-e149500-n169000-s500,https://databrussels.be/id/building/1694758,367,0.0,high,1469,1469,1.0,0.0,0.0,0.0,0,0
bxl-e149500-n169000-s500,https://databrussels.be/id/building/1737938,69,0.0,high,274,274,1.0,0.0,0.0,0.0,0,0
bxl-e149500-n169000-s500,https://databrussels.be/id/building/1752146,73,0.0,high,289,289,1.0,0.0,0.0,0.0,0,0
bxl-e149500-n169000-s500,https://databrussels.be/id/building/1700424,53,0.0,high,203,203,1.0,0.0,0.0,0.0,0,0
bxl-e149500-n169000-s500,https://databrussels.be/id/building/1805939,125,0.0,high,505,505,1.0,0.0,0.0,0.0,0,0
bxl-e149500-n169000-s500,https://databrussels.be/id/building/1694755,360,0.0,high,1443,1443,1.0,0.0,0.0,0.0,0,0
bxl-e149500-n169000-s500,https://databrussels.be/id/building/1801952,347,0.0,high,1386,1386,1.0,0.0,0.0,0.0,0,0
bxl-e149500-n169000-s500,https://databrussels.be/id/building/1752149,85,0.0,high,345,345,1.0,0.0,0.0,0.0,0,0
bxl-e149500-n169000-s500,https://databrussels.be/id/building/1707427,61,0.0,high,250,250,1.0,0.0,0.0,0.0,0,0
bxl-e149500-n169000-s500,https://databrussels.be/id/building/1693574,107,0.0,high,431,431,1.0,0.0,0.0,0.0,0,0
bxl-e149500-n169000-s500,https://databrussels.be/id/building/1705059,52,0.0,high,202,202,1.0,0.0,0.0,0.0,0,0
bxl-e149500-n169000-s500,https://databrussels.be/id/building/1783204,555,0.0,high,2189,2189,1.0,0.0,0.0,0.0,0,0
bxl-e149500-n169000-s500,https://databrussels.be/id/building/1700432,79,0.0,high,310,310,1.0,0.0,0.0,0.0,0,0
bxl-e149500-n169000-s500,https://databrussels.be/id/building/1805980,453,0.0,high,1817,1817,1.0,0.0,0.0,0.0,0,0
bxl-e149500-n169000-s500,https://databrussels.be/id/building/1708595,94,0.0,high,380,380,1.0,0.0,0.0,0.0,0,0
bxl-e149500-n169000-s500,https://databrussels.be/id/building/1709761,63,0.0,high,254,254,1.0,0.0,0.0,0.0,0,0
bxl-e149500-n169000-s500,https://databrussels.be/id/building/1703854,447,0.0,high,1785,1785,1.0,0.0,0.0,0.0,0,0
bxl-e149500-n169000-s500,https://databrussels.be/id/building/1629661,58,0.0,high,228,228,1.0,0.0,0.0,0.0,0,0
bxl-e149500-n169000-s500,https://databrussels.be/id/building/1693504,110,0.0,high,442,442,1.0,0.0,0.0,0.0,0,0
bxl-e149500-n169000-s500,https://databrussels.be/id/building/1706219,131,0.0,high,522,522,1.0,0.0,0.0,0.0,0,0
bxl-e149500-n169000-s500,https://databrussels.be/id/building/1694683,140,0.0,high,557,557,1.0,0.0,0.0,0.0,0,0
bxl-e149500-n169000-s500,https://databrussels.be/id/building/1703897,79,0.0,high,312,312,1.0,0.0,0.0,0.0,0,0
bxl-e149500-n169000-s500,https://databrussels.be/id/building/1695810,47,0.0,high,182,182,1.0,0.0,0.0,0.0,0,0
bxl-e149500-n169000-s500,https://databrussels.be/id/building/1710952,122,0.0,high,489,489,1.0,0.0,0.0,0.0,0,0
bxl-e149500-n169000-s500,https://databrussels.be/id/building/1696929,214,0.0,high,859,859,1.0,0.0,0.0,0.0,0,0
bxl-e149500-n169000-s500,https://databrussels.be/id/building/1694582,149,0.0,high,598,598,1.0,0.0,0.0,0.0,0,0
bxl-e149500-n169000-s500,https://databrussels.be/id/building/1707443,77,0.0,high,305,305,1.0,0.0,0.0,0.0,0,0
bxl-e149500-n169000-s500,https://databrussels.be/id/building/1629588,466,0.0,high,1861,1861,1.0,0.0,0.0,0.0,0,0
bxl-e149500-n169000-s500,https://databrussels.be/id/building/1631782,24,0.0,high,95,95,1.0,0.0,0.0,0.0,0,0
bxl-e149500-n169000-s500,https://databrussels.be/id/building/1694728,86,0.0,high,343,343,1.0,0.0,0.0,0.0,0,0
bxl-e149500-n169000-s500,https://databrussels.be/id/building/1705030,89,0.0,high,355,355,1.0,0.0,0.0,0.0,0,0
bxl-e149500-n169000-s500,https://databrussels.be/id/building/1694731,86,0.0,high,342,342,1.0,0.0,0.0,0.0,0,0
bxl-e149500-n169000-s500,https://databrussels.be/id/building/1740698,31,0.0,high,125,125,1.0,0.0,0.0,0.0,0,0
bxl-e149500-n169000-s500,https://databrussels.be/id/building/1629663,58,0.0,high,234,234,1.0,0.0,0.0,0.0,0,0
bxl-e149500-n169000-s500,https://databrussels.be/id/building/1707440,77,0.0,high,310,310,1.0,0.0,0.0,0.0,0,0
bxl-e149500-n169000-s500,https://databrussels.be/id/building/1697059,40,0.0,high,163,163,1.0,0.0,0.0,0.0,0,0
bxl-e149500-n169000-s500,https://databrussels.be/id/building/1735202,101,0.0,high,404,404,1.0,0.0,0.0,0.0,0,0
bxl-e149500-n169000-s500,https://databrussels.be/id/building/1617861,65,0.0,high,255,255,1.0,0.0,0.0,0.0,0,0
bxl-e149500-n169000-s500,https://databrussels.be/id/building/1707624,46,0.0,high,182,182,1.0,0.0,0.0,0.0,0,0
bxl-e149500-n169000-s500,https://databrussels.be/id/building/1778787,111,0.0,high,446,446,1.0,0.0,0.0,0.0,0,0
bxl-e149500-n169000-s500,https://databrussels.be/id/building/1698085,111,0.0,high,446,446,1.0,0.0,0.0,0.0,0,0
bxl-e149500-n169000-s500,https://databrussels.be/id/building/1774204,56,0.0,high,227,227,1.0,0.0,0.0,0.0,0,0
bxl-e149500-n169000-s500,https://databrussels.be/id/building/1629658,58,0.0,high,234,234,1.0,0.0,0.0,0.0,0,0
bxl-e149500-n169000-s500,https://databrussels.be/id/building/1698277,38,0.0,high,154,154,1.0,0.0,0.0,0.0,0,0
bxl-e149500-n169000-s500,https://databrussels.be/id/building/1629560,199,0.0,high,796,796,1.0,0.0,0.0,0.0,0,0
bxl-e149500-n169000-s500,https://databrussels.be/id/building/1698181,134,0.0,high,537,537,1.0,0.0,0.0,0.0,0,0
bxl-e149500-n169000-s500,https://databrussels.be/id/building/1707592,376,0.0,high,1502,1502,1.0,0.0,0.0,0.0,0,0
bxl-e149500-n169000-s500,https://databrussels.be/id/building/1772909,11,0.0,medium,44,44,1.0,0.0,0.0,0.0,0,0
bxl-e149500-n169000-s500,https://databrussels.be/id/building/1752654,91,0.0,high,364,364,1.0,0.0,0.0,0.0,0,0
bxl-e149500-n169000-s500,https://databrussels.be/id/building/1630678,226,0.0,high,903,903,1.0,0.0,0.0,0.0,0,0
bxl-e149500-n169000-s500,https://databrussels.be/id/building/1742096,80,0.0,high,320,320,1.0,0.0,0.0,0.0,0,0
bxl-e149500-n169000-s500,https://databrussels.be/id/building/1699212,139,0.0,high,553,553,1.0,0.0,0.0,0.0,0,0
bxl-e149500-n169000-s500,https://databrussels.be/id/building/1709787,102,0.0,high,409,409,1.0,0.0,0.0,0.0,0,0
bxl-e149500-n169000-s500,https://databrussels.be/id/building/1695811,64,0.0,high,254,254,1.0,0.0,0.0,0.0,0,0
bxl-e149500-n169000-s500,https://databrussels.be/id/building/1694687,133,0.0,high,530,530,1.0,0.0,0.0,0.0,0,0
bxl-e149500-n169000-s500,https://databrussels.be/id/building/1709754,60,0.0,high,238,238,1.0,0.0,0.0,0.0,0,0
bxl-e149500-n169000-s500,https://databrussels.be/id/building/1782198,39,0.0,high,157,157,1.0,0.0,0.0,0.0,0,0
bxl-e149500-n169000-s500,https://databrussels.be/id/building/1708555,82,0.0,high,327,327,1.0,0.0,0.0,0.0,0,0
bxl-e149500-n169000-s500,https://databrussels.be/id/building/1633059,290,0.0,high,1163,1163,1.0,0.0,0.0,0.0,0,0
bxl-e149500-n169000-s500,https://databrussels.be/id/building/1711110,86,0.0,high,339,339,1.0,0.0,0.0,0.0,0,0
bxl-e149500-n169000-s500,https://databrussels.be/id/building/1706232,54,0.0,high,219,219,1.0,0.0,0.0,0.0,0,0
bxl-e149500-n169000-s500,https://databrussels.be/id/building/1695725,73,0.0,high,287,287,1.0,0.0,0.0,0.0,0,0
bxl-e149500-n169000-s500,https://databrussels.be/id/building/1709889,134,0.0,high,537,537,1.0,0.0,0.0,0.0,0,0
bxl-e149500-n169000-s500,https://databrussels.be/id/building/1702625,112,0.0,high,445,445,1.0,0.0,0.0,0.0,0,0
bxl-e149500-n169000-s500,https://databrussels.be/id/building/1709817,255,0.0,high,1018,1018,1.0,0.0,0.0,0.0,0,0
bxl-e149500-n169000-s500,https://databrussels.be/id/building/1697006,81,0.0,high,327,327,1.0,0.0,0.0,0.0,0,0
bxl-e149500-n169000-s500,https://databrussels.be/id/building/1699219,68,0.0,high,272,272,1.0,0.0,0.0,0.0,0,0
bxl-e149500-n169000-s500,https://databrussels.be/id/building/1696957,151,0.0,high,602,602,1.0,0.0,0.0,0.0,0,0
bxl-e149500-n169000-s500,https://databrussels.be/id/building/1703867,262,0.0,high,1047,1047,1.0,0.0,0.0,0.0,0,0
bxl-e149500-n169000-s500,https://databrussels.be/id/building/1701566,88,0.0,high,353,353,1.0,0.0,0.0,0.0,0,0
bxl-e149500-n169000-s500,https://databrussels.be/id/building/1707628,69,0.0,high,275,275,1.0,0.0,0.0,0.0,0,0
bxl-e149500-n169000-s500,https://databrussels.be/id/building/1701554,150,0.0,high,597,597,1.0,0.0,0.0,0.0,0,0
bxl-e149500-n169000-s500,https://databrussels.be/id/building/1740668,24,0.0,high,97,97,1.0,0.0,0.0,0.0,0,0
bxl-e149500-n169000-s500,https://databrussels.be/id/building/1706167,43,0.0,high,173,173,1.0,0.0,0.0,0.0,0,0
bxl-e149500-n169000-s500,https://databrussels.be/id/building/1709667,50,0.0,high,202,202,1.0,0.0,0.0,0.0,0,0
bxl-e149500-n169000-s500,https://databrussels.be/id/building/1696923,145,0.0,high,580,580,1.0,0.0,0.0,0.0,0,0
bxl-e149500-n169000-s500,https://databrussels.be/id/building/1630865,119,0.0,high,480,480,1.0,0.0,0.0,0.0,0,0
bxl-e149500-n169000-s500,https://databrussels.be/id/building/1774303,33,0.0,high,131,131,1.0,0.0,0.0,0.0,0,0
bxl-e149500-n169000-s500,https://databrussels.be/id/building/1693578,68,0.0,high,273,273,1.0,0.0,0.0,0.0,0,0
bxl-e149500-n169000-s500,https://databrussels.be/id/building/1709695,106,0.0,high,427,427,1.0,0.0,0.0,0.0,0,0
bxl-e149500-n169000-s500,https://databrussels.be/id/building/1783356,31,0.0,high,125,125,1.0,0.0,0.0,0.0,0,0
bxl-e149500-n169000-s500,https://databrussels.be/id/building/1700392,155,0.0,high,617,617,1.0,0.0,0.0,0.0,0,0
bxl-e149500-n169000-s500,https://databrussels.be/id/building/1695780,98,0.0,high,394,394,1.0,0.0,0.0,0.0,0,0
bxl-e149500-n169000-s500,https://databrussels.be/id/building/1710941,96,0.0,high,384,384,1.0,0.0,0.0,0.0,0,0
bxl-e149500-n169000-s500,https://databrussels.be/id/building/1698074,127,0.0,high,511,511,1.0,0.0,0.0,0.0,0,0
bxl-e149500-n169000-s500,https://databrussels.be/id/building/1694580,149,0.0,high,595,595,1.0,0.0,0.0,0.0,0,0
bxl-e149500-n169000-s500,https://databrussels.be/id/building/1694729,86,0.0,high,342,342,1.0,0.0,0.0,0.0,0,0
bxl-e149500-n169000-s500,https://databrussels.be/id/building/1694699,102,0.0,high,407,407,1.0,0.0,0.0,0.0,0,0
bxl-e149500-n169000-s500,https://databrussels.be/id/building/1630866,119,0.0,high,477,477,1.0,0.0,0.0,0.0,0,0
bxl-e149500-n169000-s500,https://databrussels.be/id/building/1708611,93,0.0,high,371,371,1.0,0.0,0.0,0.0,0,0
bxl-e149500-n169000-s500,https://databrussels.be/id/building/1707642,187,0.0,high,747,747,1.0,0.0,0.0,0.0,0,0
bxl-e149500-n169000-s500,https://databrussels.be/id/building/1698087,112,0.0,high,447,447,1.0,0.0,0.0,0.0,0,0
bxl-e149500-n169000-s500,https://databrussels.be/id/building/1773010,131,0.0,high,527,527,1.0,0.0,0.0,0.0,0,0
bxl-e149500-n169000-s500,https://databrussels.be/id/building/1698146,357,0.0,high,1429,1429,1.0,0.0,0.0,0.0,0,0
bxl-e149500-n169000-s500,https://databrussels.be/id/building/1706399,85,0.0,high,338,338,1.0,0.0,0.0,0.0,0,0
bxl-e149500-n169000-s500,https://databrussels.be/id/building/1707359,71,0.0,high,282,282,1.0,0.0,0.0,0.0,0,0
bxl-e149500-n169000-s500,https://databrussels.be/id/building/1735236,2831,0.0,high,11325,11325,1.0,0.0,0.0,0.0,0,0
bxl-e149500-n169000-s500,https://databrussels.be/id/building/1701572,113,0.0,high,451,451,1.0,0.0,0.0,0.0,0,0
bxl-e149500-n169000-s500,https://databrussels.be/id/building/1699250,307,0.0,high,1229,1229,1.0,0.0,0.0,0.0,0,0
bxl-e149500-n169000-s500,https://databrussels.be/id/building/1700418,52,0.0,high,210,210,1.0,0.0,0.0,0.0,0,0
bxl-e149500-n169000-s500,https://databrussels.be/id/building/1700385,130,0.0,high,519,519,1.0,0.0,0.0,0.0,0,0
bxl-e149500-n169000-s500,https://databrussels.be/id/building/1778537,533,0.0,high,2129,2129,1.0,0.0,0.0,0.0,0,0
bxl-e149500-n169000-s500,https://databrussels.be/id/building/1633060,291,0.0,high,1162,1162,1.0,0.0,0.0,0.0,0,0
bxl-e149500-n169000-s500,https://databrussels.be/id/building/1694725,85,0.0,high,342,342,1.0,0.0,0.0,0.0,0,0
bxl-e149500-n169000-s500,https://databrussels.be/id/building/1707632,66,0.0,high,263,263,1.0,0.0,0.0,0.0,0,0
bxl-e149500-n169000-s500,https://databrussels.be/id/building/1698050,98,0.0,high,391,391,1.0,0.0,0.0,0.0,0,0
bxl-e149500-n169000-s500,https://databrussels.be/id/building/1696971,168,0.0,high,671,671,1.0,0.0,0.0,0.0,0,0
bxl-e149500-n169000-s500,https://databrussels.be/id/building/1628469,73,0.0,high,292,292,1.0,0.0,0.0,0.0,0,0
bxl-e149500-n169000-s500,https://databrussels.be/id/building/1629561,200,0.0,high,800,800,1.0,0.0,0.0,0.0,0,0
bxl-e149500-n169000-s500,https://databrussels.be/id/building/1778538,823,0.0,high,3299,3299,1.0,0.0,0.0,0.0,0,0
bxl-e149500-n169000-s500,https://databrussels.be/id/building/1706432,104,0.0,high,414,414,1.0,0.0,0.0,0.0,0,0
bxl-e149500-n169000-s500,https://databrussels.be/id/building/1737906,802,0.0,high,3209,3209,1.0,0.0,0.0,0.0,0,0
bxl-e149500-n169000-s500,https://databrussels.be/id/building/1772767,1505,0.0,high,6019,6019,1.0,0.0,0.0,0.0,0,0
bxl-e149500-n169000-s500,https://databrussels.be/id/building/1705101,151,0.0,high,606,606,1.0,0.0,0.0,0.0,0,0
bxl-e149500-n169000-s500,https://databrussels.be/id/building/1775161,334,0.0,high,1342,1342,1.0,0.0,0.0,0.0,0,0
bxl-e149500-n169000-s500,https://databrussels.be/id/building/1695808,64,0.0,high,254,254,1.0,0.0,0.0,0.0,0,0
bxl-e149500-n169000-s500,https://databrussels.be/id/building/1705200,195,0.0,high,784,784,1.0,0.0,0.0,0.0,0,0
bxl-e149500-n169000-s500,https://databrussels.be/id/building/1700378,129,0.0,high,518,518,1.0,0.0,0.0,0.0,0,0
bxl-e149500-n169000-s500,https://databrussels.be/id/building/1696981,69,0.0,high,274,274,1.0,0.0,0.0,0.0,0,0
bxl-e149500-n169000-s500,https://databrussels.be/id/building/1803183,43,0.0,high,174,174,1.0,0.0,0.0,0.0,0,0
bxl-e149500-n169000-s500,https://databrussels.be/id/building/1694581,149,0.0,high,594,594,1.0,0.0,0.0,0.0,0,0
bxl-e149500-n169000-s500,https://databrussels.be/id/building/1746159,50,0.0,high,202,202,1.0,0.0,0.0,0.0,0,0
bxl-e149500-n169000-s500,https://databrussels.be/id/building/1737893,112,0.0,high,449,449,1.0,0.0,0.0,0.0,0,0
bxl-e149500-n169000-s500,https://databrussels.be/id/building/1706169,44,0.0,high,172,172,1.0,0.0,0.0,0.0,0,0
bxl-e149500-n169000-s500,https://databrussels.be/id/building/1704983,141,0.0,high,567,567,1.0,0.0,0.0,0.0,0,0
bxl-e149500-n169000-s500,https://databrussels.be/id/building/1701575,108,0.0,high,433,433,1.0,0.0,0.0,0.0,0,0
bxl-e149500-n169000-s500,https://databrussels.be/id/building/1735197,78,0.0,high,311,311,1.0,0.0,0.0,0.0,0,0
bxl-e149500-n169000-s500,https://databrussels.be/id/building/1617843,2776,0.0,high,11096,11096,1.0,0.0,0.0,0.0,0,0
bxl-e149500-n169000-s500,https://databrussels.be/id/building/1784038,549,0.0,high,2200,2200,1.0,0.0,0.0,0.0,0,0
bxl-e149500-n169000-s500,https://databrussels.be/id/building/1739292,77,0.0,high,307,307,1.0,0.0,0.0,0.0,0,0
bxl-e149500-n169000-s500,https://databrussels.be/id/building/1617850,33,0.0,high,131,131,1.0,0.0,0.0,0.0,0,0
bxl-e149500-n169000-s500,https://databrussels.be/id/building/1617842,1831,0.0,high,7325,7325,1.0,0.0,0.0,0.0,0,0
bxl-e149500-n169000-s500,https://databrussels.be/id/building/1737931,64,0.0,high,255,255,1.0,0.0,0.0,0.0,0,0
bxl-e149500-n169000-s500,https://databrussels.be/id/building/1804392,25,0.0,high,99,99,1.0,0.0,0.0,0.0,0,0
bxl-e149500-n169000-s500,https://databrussels.be/id/building/1632061,202,0.0,high,807,807,1.0,0.0,0.0,0.0,0,0
bxl-e149500-n169000-s500,https://databrussels.be/id/building/1800719,133,0.0,high,534,534,1.0,0.0,0.0,0.0,0,0
bxl-e149500-n169000-s500,https://databrussels.be/id/building/1710868,264,0.0,high,1054,1054,1.0,0.0,0.0,0.0,0,0
bxl-e149500-n169000-s500,https://databrussels.be/id/building/1693436,90,0.0,high,358,358,1.0,0.0,0.0,0.0,0,0
bxl-e149500-n169000-s500,https://databrussels.be/id/building/1699235,234,0.0,high,935,935,1.0,0.0,0.0,0.0,0,0
bxl-e149500-n169000-s500,https://databrussels.be/id/building/1694726,85,0.0,high,342,342,1.0,0.0,0.0,0.0,0,0
bxl-e149500-n169000-s500,https://databrussels.be/id/building/1693458,93,0.0,high,369,369,1.0,0.0,0.0,0.0,0,0
bxl-e149500-n169000-s500,https://databrussels.be/id/building/1709776,91,0.0,high,366,366,1.0,0.0,0.0,0.0,0,0
bxl-e149500-n169000-s500,https://databrussels.be/id/building/1633129,102,0.0,high,409,409,1.0,0.0,0.0,0.0,0,0
bxl-e149500-n169000-s500,https://databrussels.be/id/building/1784040,126,0.0,high,504,504,1.0,0.0,0.0,0.0,0,0
bxl-e149500-n169000-s500,https://databrussels.be/id/building/1710928,76,0.0,high,304,304,1.0,0.0,0.0,0.0,0,0
bxl-e149500-n169000-s500,https://databrussels.be/id/building/1739294,99,0.0,high,395,395,1.0,0.0,0.0,0.0,0,0
bxl-e149500-n169000-s500,https://databrussels.be/id/building/1695905,105,0.0,high,419,419,1.0,0.0,0.0,0.0,0,0
bxl-e149500-n169000-s500,https://databrussels.be/id/building/1735266,99,0.0,high,396,396,1.0,0.0,0.0,0.0,0,0
bxl-e149500-n169000-s500,https://databrussels.be/id/building/1633052,180,0.0,high,716,716,1.0,0.0,0.0,0.0,0,0
bxl-e149500-n169000-s500,https://databrussels.be/id/building/1706261,61,0.0,high,244,244,1.0,0.0,0.0,0.0,0,0
bxl-e149500-n169000-s500,https://databrussels.be/id/building/1786727,265,0.0,high,1058,1058,1.0,0.0,0.0,0.0,0,0
bxl-e149500-n169000-s500,https://databrussels.be/id/building/1709916,67,0.0,high,266,266,1.0,0.0,0.0,0.0,0,0
bxl-e149500-n169000-s500,https://databrussels.be/id/building/1827917,75,0.0,high,302,302,1.0,0.0,0.0,0.0,0,0
bxl-e149500-n169000-s500,https://databrussels.be/id/building/1694587,72,0.0,high,290,290,1.0,0.0,0.0,0.0,0,0
bxl-e149500-n169000-s500,https://databrussels.be/id/building/1710842,71,0.0,high,283,283,1.0,0.0,0.0,0.0,0,0
bxl-e149500-n169000-s500,https://databrussels.be/id/building/1670076,252,0.0,high,1013,1013,1.0,0.0,0.0,0.0,0,0
bxl-e149500-n169000-s500,https://databrussels.be/id/building/1736555,25,0.0,high,101,101,1.0,0.0,0.0,0.0,0,0
bxl-e149500-n169000-s500,https://databrussels.be/id/building/1785566,264,0.0,high,1056,1056,1.0,0.0,0.0,0.0,0,0
bxl-e149500-n169000-s500,https://databrussels.be/id/building/1693704,1455,0.0,high,5821,5821,1.0,0.0,0.0,0.0,0,0
bxl-e149500-n169000-s500,https://databrussels.be/id/building/1827918,101,0.0,high,402,402,1.0,0.0,0.0,0.0,0,0
bxl-e149500-n169000-s500,https://databrussels.be/id/building/1785567,166,0.0,high,666,666,1.0,0.0,0.0,0.0,0,0
bxl-e149500-n169000-s500,https://databrussels.be/id/building/1828231,91,0.0,high,364,364,1.0,0.0,0.0,0.0,0,0
bxl-e149500-n169000-s500,https://databrussels.be/id/building/1632009,315,0.0,high,1259,1259,1.0,0.0,0.0,0.0,0,0
bxl-e149500-n169000-s500,https://databrussels.be/id/building/1705255,302,0.0,high,1211,1211,1.0,0.0,0.0,0.0,0,0
bxl-e149500-n169000-s500,https://databrussels.be/id/building/1709673,44,0.0,high,174,174,1.0,0.0,0.0,0.0,0,0
bxl-e149500-n169000-s500,https://databrussels.be/id/building/1739282,77,0.0,high,308,308,1.0,0.0,0.0,0.0,0,0
bxl-e149500-n169000-s500,https://databrussels.be/id/building/1631784,25,0.0,high,100,100,1.0,0.0,0.0,0.0,0,0
bxl-e149500-n169000-s500,https://databrussels.be/id/building/1609346,77,0.0,insufficient,8,8,1.0,0.0,0.0,0.0,0,0
bxl-e149500-n169000-s500,https://databrussels.be/id/building/1611463,105,0.0,high,156,156,1.0,0.0,0.0,0.0,0,0
bxl-e149500-n169000-s500,https://databrussels.be/id/building/1613576,161,0.0,high,378,378,1.0,0.0,0.0,0.0,0,0
bxl-e149500-n169000-s500,https://databrussels.be/id/building/1710942,96,0.0,high,383,383,1.0,0.0,0.0,0.0,0,0
bxl-e149500-n169000-s500,https://databrussels.be/id/building/1708584,78,0.0,high,313,313,1.0,0.0,0.0,0.0,0,0
bxl-e149500-n169000-s500,https://databrussels.be/id/building/1708582,77,0.0,high,309,309,1.0,0.0,0.0,0.0,0,0
bxl-e149500-n169000-s500,https://databrussels.be/id/building/1707444,77,0.0,high,309,309,1.0,0.0,0.0,0.0,0,0
bxl-e149500-n169000-s500,https://databrussels.be/id/building/1707458,76,0.0,high,302,302,1.0,0.0,0.0,0.0,0,0
bxl-e149500-n169000-s500,https://databrussels.be/id/building/1705027,89,0.0,high,354,354,1.0,0.0,0.0,0.0,0,0
bxl-e149500-n169000-s500,https://databrussels.be/id/building/1693519,83,0.0,high,332,332,1.0,0.0,0.0,0.0,0,0
bxl-e149500-n169000-s500,https://databrussels.be/id/building/1631786,26,0.0,high,105,105,1.0,0.0,0.0,0.0,0,0
bxl-e149500-n169000-s500,https://databrussels.be/id/building/1601937,560,0.0,high,1676,1676,1.0,0.0,0.0,0.0,0,0
bxl-e149500-n169000-s500,https://databrussels.be/id/building/1620204,185,0.0,high,741,741,1.0,0.0,0.0,0.0,0,0
bxl-e149500-n169000-s500,https://databrussels.be/id/building/1631958,165,0.0,high,658,658,1.0,0.0,0.0,0.0,0,0
bxl-e149500-n169000-s500,https://databrussels.be/id/building/1698084,111,0.0,high,444,444,1.0,0.0,0.0,0.0,0,0
bxl-e149500-n169000-s500,https://databrussels.be/id/building/1700384,130,0.0,high,522,522,1.0,0.0,0.0,0.0,0,0
bxl-e149500-n169000-s500,https://databrussels.be/id/building/1632029,120,0.0,high,479,479,1.0,0.0,0.0,0.0,0,0
bxl-e149500-n169000-s500,https://databrussels.be/id/building/1706292,114,0.0,high,447,447,1.0,0.0,0.0,0.0,0,0
bxl-e149500-n169000-s500,https://databrussels.be/id/building/1598711,318,0.0,medium,18,18,1.0,0.0,0.0,0.0,0,0
bxl-e149500-n169000-s500,https://databrussels.be/id/building/1706231,54,0.0,high,216,216,1.0,0.0,0.0,0.0,0,0
bxl-e149500-n169000-s500,https://databrussels.be/id/building/1600902,119,0.0,high,170,170,1.0,0.0,0.0,0.0,0,0
bxl-e149500-n169000-s500,https://databrussels.be/id/building/1693452,92,0.0,high,367,367,1.0,0.0,0.0,0.0,0,0
bxl-e149500-n169000-s500,https://databrussels.be/id/building/1608900,71,0.0,high,274,274,1.0,0.0,0.0,0.0,0,0
bxl-e149500-n169000-s500,https://databrussels.be/id/building/1771894,68,0.0,high,270,270,1.0,0.0,0.0,0.0,0,0
bxl-e149500-n169000-s500,https://databrussels.be/id/building/1617870,63,0.0,high,253,253,1.0,0.0,0.0,0.0,0,0
bxl-e149500-n169000-s500,https://databrussels.be/id/building/1743421,66,0.0,high,259,259,1.0,0.0,0.0,0.0,0,0
bxl-e149500-n169000-s500,https://databrussels.be/id/building/1611506,191,0.0,medium,51,51,1.0,0.0,0.0,0.0,0,0
bxl-e149500-n169000-s500,https://databrussels.be/id/building/1709678,47,0.0,high,188,188,1.0,0.0,0.0,0.0,0,0
bxl-e149500-n169000-s500,https://databrussels.be/id/building/1773009,65,0.0,high,260,260,1.0,0.0,0.0,0.0,0,0
bxl-e149500-n169000-s500,https://databrussels.be/id/building/1782274,114,0.0,high,243,243,1.0,0.0,0.0,0.0,0,0
bxl-e149500-n169000-s500,https://databrussels.be/id/building/1797155,497,0.0,high,1985,1985,1.0,0.0,0.0,0.0,0,0
bxl-e149500-n169000-s500,https://databrussels.be/id/building/1693435,116,0.0,high,459,459,1.0,0.0,0.0,0.0,0,0
bxl-e149500-n169000-s500,https://databrussels.be/id/building/1698213,337,0.0,high,1348,1348,1.0,0.0,0.0,0.0,0,0
bxl-e149500-n169000-s500,https://databrussels.be/id/building/1696866,72,0.0,high,290,290,1.0,0.0,0.0,0.0,0,0
bxl-e149500-n169000-s500,https://databrussels.be/id/building/1703896,79,0.0,high,314,314,1.0,0.0,0.0,0.0,0,0
bxl-e149500-n169000-s500,https://databrussels.be/id/building/1696021,65,0.0,high,260,260,1.0,0.0,0.0,0.0,0,0
bxl-e149500-n169000-s500,https://databrussels.be/id/building/1698124,80,0.0,high,320,320,1.0,0.0,0.0,0.0,0,0
bxl-e149500-n169000-s500,https://databrussels.be/id/building/1703890,58,0.0,high,232,232,1.0,0.0,0.0,0.0,0,0
bxl-e149500-n169000-s500,https://databrussels.be/id/building/1702705,131,0.0,high,524,524,1.0,0.0,0.0,0.0,0,0
bxl-e149500-n169000-s500,https://databrussels.be/id/building/1693481,80,0.0,high,321,321,1.0,0.0,0.0,0.0,0,0
bxl-e149500-n169000-s500,https://databrussels.be/id/building/1709913,64,0.0,high,258,258,1.0,0.0,0.0,0.0,0,0
bxl-e149500-n169000-s500,https://databrussels.be/id/building/1708626,82,0.0,high,328,328,1.0,0.0,0.0,0.0,0,0
bxl-e149500-n169000-s500,https://databrussels.be/id/building/1740662,32,0.0,high,127,127,1.0,0.0,0.0,0.0,0,0
bxl-e149500-n169000-s500,https://databrussels.be/id/building/1698060,93,0.0,high,373,373,1.0,0.0,0.0,0.0,0,0
bxl-e149500-n169000-s500,https://databrussels.be/id/building/1694654,95,0.0,high,380,380,1.0,0.0,0.0,0.0,0,0
bxl-e149500-n169000-s500,https://databrussels.be/id/building/1708553,79,0.0,high,315,315,1.0,0.0,0.0,0.0,0,0
bxl-e149500-n169000-s500,https://databrussels.be/id/building/1602196,82,0.0,high,301,301,1.0,0.0,0.0,0.0,0,0
bxl-e149500-n169000-s500,https://databrussels.be/id/building/1611292,153,0.0,high,281,281,1.0,0.0,0.0,0.0,0,0
bxl-e149500-n169000-s500,https://databrussels.be/id/building/1610252,65,0.0,high,253,253,1.0,0.0,0.0,0.0,0,0
bxl-e149500-n169000-s500,https://databrussels.be/id/building/1610325,82,0.0,high,137,137,1.0,0.0,0.0,0.0,0,0
bxl-e149500-n169000-s500,https://databrussels.be/id/building/1602000,392,0.0,insufficient,12,12,1.0,0.0,0.0,0.0,0,0
bxl-e149500-n169000-s500,https://databrussels.be/id/building/1705199,195,0.0,high,779,779,1.0,0.0,0.0,0.0,0,0
bxl-e149500-n169000-s500,https://databrussels.be/id/building/1695898,371,0.0,high,1486,1486,1.0,0.0,0.0,0.0,0,0
bxl-e149500-n169000-s500,https://databrussels.be/id/building/1695821,140,0.0,high,561,561,1.0,0.0,0.0,0.0,0,0
bxl-e149500-n169000-s500,https://databrussels.be/id/building/1696989,87,0.0,high,349,349,1.0,0.0,0.0,0.0,0,0
bxl-e149500-n169000-s500,https://databrussels.be/id/building/1710921,76,0.0,high,304,304,1.0,0.0,0.0,0.0,0,0
bxl-e149500-n169000-s500,https://databrussels.be/id/building/1771896,78,0.0,high,315,315,1.0,0.0,0.0,0.0,0,0
bxl-e149500-n169000-s500,https://databrussels.be/id/building/1693453,92,0.0,high,367,367,1.0,0.0,0.0,0.0,0,0
bxl-e149500-n169000-s500,https://databrussels.be/id/building/1710929,97,0.0,high,388,388,1.0,0.0,0.0,0.0,0,0
bxl-e149500-n169000-s500,https://databrussels.be/id/building/1709917,67,0.0,high,270,270,1.0,0.0,0.0,0.0,0,0
bxl-e149500-n169000-s500,https://databrussels.be/id/building/1696985,69,0.0,high,276,276,1.0,0.0,0.0,0.0,0,0
bxl-e149500-n169000-s500,https://databrussels.be/id/building/1706279,66,0.0,high,265,265,1.0,0.0,0.0,0.0,0,0
bxl-e149500-n169000-s500,https://databrussels.be/id/building/1696026,65,0.0,high,261,261,1.0,0.0,0.0,0.0,0,0
bxl-e149500-n169000-s500,https://databrussels.be/id/building/1707387,53,0.0,high,210,210,1.0,0.0,0.0,0.0,0,0
bxl-e149500-n169000-s500,https://databrussels.be/id/building/1705064,52,0.0,high,209,209,1.0,0.0,0.0,0.0,0,0
bxl-e149500-n169000-s500,https://databrussels.be/id/building/1693580,66,0.0,high,267,267,1.0,0.0,0.0,0.0,0,0
bxl-e149500-n169000-s500,https://databrussels.be/id/building/1743423,66,0.0,high,265,265,1.0,0.0,0.0,0.0,0,0
bxl-e149500-n169000-s500,https://databrussels.be/id/building/1701511,131,0.0,high,524,524,1.0,0.0,0.0,0.0,0,0
bxl-e149500-n169000-s500,https://databrussels.be/id/building/1710851,79,0.0,high,317,317,1.0,0.0,0.0,0.0,0,0
bxl-e149500-n169000-s500,https://databrussels.be/id/building/1696018,65,0.0,high,260,260,1.0,0.0,0.0,0.0,0,0
bxl-e149500-n169000-s500,https://databrussels.be/id/building/1697061,41,0.0,high,162,162,1.0,0.0,0.0,0.0,0,0
bxl-e149500-n169000-s500,https://databrussels.be/id/building/1708583,78,0.0,high,312,312,1.0,0.0,0.0,0.0,0,0
bxl-e149500-n169000-s500,https://databrussels.be/id/building/1710899,109,0.0,high,434,434,1.0,0.0,0.0,0.0,0,0
bxl-e149500-n169000-s500,https://databrussels.be/id/building/1708792,107,0.0,high,428,428,1.0,0.0,0.0,0.0,0,0
bxl-e149500-n169000-s500,https://databrussels.be/id/building/1708596,94,0.0,high,376,376,1.0,0.0,0.0,0.0,0,0
bxl-e149500-n169000-s500,https://databrussels.be/id/building/1707419,109,0.0,high,437,437,1.0,0.0,0.0,0.0,0,0
bxl-e149500-n169000-s500,https://databrussels.be/id/building/1708612,104,0.0,high,416,416,1.0,0.0,0.0,0.0,0,0
bxl-e149500-n169000-s500,https://databrussels.be/id/building/1703891,78,0.0,high,314,314,1.0,0.0,0.0,0.0,0,0
bxl-e149500-n169000-s500,https://databrussels.be/id/building/1695798,109,0.0,high,436,436,1.0,0.0,0.0,0.0,0,0
bxl-e149500-n169000-s500,https://databrussels.be/id/building/1710925,76,0.0,high,301,301,1.0,0.0,0.0,0.0,0,0
bxl-e149500-n169000-s500,https://databrussels.be/id/building/1702695,102,0.0,high,407,407,1.0,0.0,0.0,0.0,0,0
bxl-e149500-n169000-s500,https://databrussels.be/id/building/1711109,86,0.0,high,344,344,1.0,0.0,0.0,0.0,0,0
bxl-e149500-n169000-s500,https://databrussels.be/id/building/1710843,72,0.0,high,288,288,1.0,0.0,0.0,0.0,0,0
bxl-e149500-n169000-s500,https://databrussels.be/id/building/1699243,163,0.0,high,651,651,1.0,0.0,0.0,0.0,0,0
bxl-e149500-n169000-s500,https://databrussels.be/id/building/1711107,86,0.0,high,345,345,1.0,0.0,0.0,0.0,0,0
bxl-e149500-n169000-s500,https://databrussels.be/id/building/1772828,73,0.0,high,293,293,1.0,0.0,0.0,0.0,0,0
bxl-e149500-n169000-s500,https://databrussels.be/id/building/1700428,98,0.0,high,392,392,1.0,0.0,0.0,0.0,0,0
bxl-e149500-n169000-s500,https://databrussels.be/id/building/1707640,103,0.0,high,414,414,1.0,0.0,0.0,0.0,0,0
bxl-e149500-n169000-s500,https://databrussels.be/id/building/1705069,91,0.0,high,362,362,1.0,0.0,0.0,0.0,0,0
bxl-e149500-n169000-s500,https://databrussels.be/id/building/1633055,167,0.0,high,666,666,1.0,0.0,0.0,0.0,0,0
bxl-e149500-n169000-s500,https://databrussels.be/id/building/1702697,129,0.0,high,514,514,1.0,0.0,0.0,0.0,0,0
bxl-e149500-n169000-s500,https://databrussels.be/id/building/1697055,40,0.0,high,161,161,1.0,0.0,0.0,0.0,0,0
bxl-e149500-n169000-s500,https://databrussels.be/id/building/1798585,3,0.0,insufficient,13,13,1.0,0.0,0.0,0.0,0,0
bxl-e149500-n169000-s500,https://databrussels.be/id/building/1705066,50,0.0,high,198,198,1.0,0.0,0.0,0.0,0,0
bxl-e149500-n169000-s500,https://databrussels.be/id/building/1706143,46,0.0,high,183,183,1.0,0.0,0.0,0.0,0,0
bxl-e149500-n169000-s500,https://databrussels.be/id/building/1700431,79,0.0,high,316,316,1.0,0.0,0.0,0.0,0,0
bxl-e149500-n169000-s500,https://databrussels.be/id/building/1700369,101,0.0,high,403,403,1.0,0.0,0.0,0.0,0,0
bxl-e149500-n169000-s500,https://databrussels.be/id/building/1700425,53,0.0,high,212,212,1.0,0.0,0.0,0.0,0,0
bxl-e149500-n169000-s500,https://databrussels.be/id/building/1709697,49,0.0,high,195,195,1.0,0.0,0.0,0.0,0,0
bxl-e149500-n169000-s500,https://databrussels.be/id/building/1695833,150,0.0,high,601,601,1.0,0.0,0.0,0.0,0,0
bxl-e149500-n169000-s500,https://databrussels.be/id/building/1652326,44,0.0,high,173,173,1.0,0.0,0.0,0.0,0,0
bxl-e149500-n169000-s500,https://databrussels.be/id/building/1704988,142,0.0,high,565,565,1.0,0.0,0.0,0.0,0,0
bxl-e149500-n169000-s500,https://databrussels.be/id/building/1652325,50,0.0,high,203,203,1.0,0.0,0.0,0.0,0,0
bxl-e149500-n169000-s500,https://databrussels.be/id/building/1711141,136,0.0,high,545,545,1.0,0.0,0.0,0.0,0,0
bxl-e149500-n169000-s500,https://databrussels.be/id/building/1693462,116,0.0,high,466,466,1.0,0.0,0.0,0.0,0,0
bxl-e149500-n169000-s500,https://databrussels.be/id/building/1695785,97,0.0,high,388,388,1.0,0.0,0.0,0.0,0,0
bxl-e149500-n169000-s500,https://databrussels.be/id/building/1695932,135,0.0,high,538,538,1.0,0.0,0.0,0.0,0,0
bxl-e149500-n169000-s500,https://databrussels.be/id/building/1709809,163,0.0,high,647,647,1.0,0.0,0.0,0.0,0,0
bxl-e149500-n169000-s500,https://databrussels.be/id/building/1709857,86,0.0,high,349,349,1.0,0.0,0.0,0.0,0,0
bxl-e149500-n169000-s500,https://databrussels.be/id/building/1703799,206,0.0,high,825,825,1.0,0.0,0.0,0.0,0,0
bxl-e149500-n169000-s500,https://databrussels.be/id/building/1706248,56,0.0,high,225,225,1.0,0.0,0.0,0.0,0,0
bxl-e149500-n169000-s500,https://databrussels.be/id/building/1700380,129,0.0,high,515,515,1.0,0.0,0.0,0.0,0,0
bxl-e149500-n169000-s500,https://databrussels.be/id/building/1693615,106,0.0,high,426,426,1.0,0.0,0.0,0.0,0,0
bxl-e149500-n169000-s500,https://databrussels.be/id/building/1703818,69,0.0,high,280,280,1.0,0.0,0.0,0.0,0,0
bxl-e149500-n169000-s500,https://databrussels.be/id/building/1707429,61,0.0,high,245,245,1.0,0.0,0.0,0.0,0,0
bxl-e149500-n169000-s500,https://databrussels.be/id/building/1706389,84,0.0,high,339,339,1.0,0.0,0.0,0.0,0,0
bxl-e149500-n169000-s500,https://databrussels.be/id/building/1698130,89,0.0,high,356,356,1.0,0.0,0.0,0.0,0,0
bxl-e149500-n169000-s500,https://databrussels.be/id/building/1700363,100,0.0,high,399,399,1.0,0.0,0.0,0.0,0,0
bxl-e149500-n169000-s500,https://databrussels.be/id/building/1693482,80,0.0,high,321,321,1.0,0.0,0.0,0.0,0,0
bxl-e149500-n169000-s500,https://databrussels.be/id/building/1705051,140,0.0,high,557,557,1.0,0.0,0.0,0.0,0,0
bxl-e149500-n169000-s500,https://databrussels.be/id/building/1628485,92,0.0,high,366,366,1.0,0.0,0.0,0.0,0,0
bxl-e149500-n169000-s500,https://databrussels.be/id/building/1707584,68,0.0,high,272,272,1.0,0.0,0.0,0.0,0,0
bxl-e149500-n169000-s500,https://databrussels.be/id/building/1693434,110,0.0,high,444,444,1.0,0.0,0.0,0.0,0,0
bxl-e149500-n169000-s500,https://databrussels.be/id/building/1693489,98,0.0,high,391,391,1.0,0.0,0.0,0.0,0,0
bxl-e149500-n169000-s500,https://databrussels.be/id/building/1630677,225,0.0,high,900,900,1.0,0.0,0.0,0.0,0,0
bxl-e149500-n169000-s500,https://databrussels.be/id/building/1693503,110,0.0,high,441,441,1.0,0.0,0.0,0.0,0,0
bxl-e149500-n169000-s500,https://databrussels.be/id/building/1703887,110,0.0,high,440,440,1.0,0.0,0.0,0.0,0,0
bxl-e149500-n169000-s500,https://databrussels.be/id/building/1703883,110,0.0,high,438,438,1.0,0.0,0.0,0.0,0,0
bxl-e149500-n169000-s500,https://databrussels.be/id/building/1703880,110,0.0,high,440,440,1.0,0.0,0.0,0.0,0,0
bxl-e149500-n169000-s500,https://databrussels.be/id/building/1704056,104,0.0,high,416,416,1.0,0.0,0.0,0.0,0,0
bxl-e149500-n169000-s500,https://databrussels.be/id/building/1693701,345,0.0,high,1385,1385,1.0,0.0,0.0,0.0,0,0
bxl-e149500-n169000-s500,https://databrussels.be/id/building/1620196,300,0.0,high,1208,1208,1.0,0.0,0.0,0.0,0,0
bxl-e149500-n169000-s500,https://databrussels.be/id/building/1743430,96,0.0,high,386,386,1.0,0.0,0.0,0.0,0,0
bxl-e149500-n169000-s500,https://databrussels.be/id/building/1706280,74,0.0,high,296,296,1.0,0.0,0.0,0.0,0,0
bxl-e149500-n169000-s500,https://databrussels.be/id/building/1695760,71,0.0,high,284,284,1.0,0.0,0.0,0.0,0,0
bxl-e149500-n169000-s500,https://databrussels.be/id/building/1708621,82,0.0,high,330,330,1.0,0.0,0.0,0.0,0,0
bxl-e149500-n169000-s500,https://databrussels.be/id/building/1737940,73,0.0,high,292,292,1.0,0.0,0.0,0.0,0,0
bxl-e149500-n169000-s500,https://databrussels.be/id/building/1695846,103,0.0,high,420,420,1.0,0.0,0.0,0.0,0,0
bxl-e149500-n169000-s500,https://databrussels.be/id/building/1709664,50,0.0,high,199,199,1.0,0.0,0.0,0.0,0,0
bxl-e149500-n169000-s500,https://databrussels.be/id/building/1702634,68,0.0,high,274,274,1.0,0.0,0.0,0.0,0,0
bxl-e149500-n169000-s500,https://databrussels.be/id/building/1707583,81,0.0,high,327,327,1.0,0.0,0.0,0.0,0,0
bxl-e149500-n169000-s500,https://databrussels.be/id/building/1628477,59,0.0,high,239,239,1.0,0.0,0.0,0.0,0,0
bxl-e149500-n169000-s500,https://databrussels.be/id/building/1710923,76,0.0,high,302,302,1.0,0.0,0.0,0.0,0,0
bxl-e149500-n169000-s500,https://databrussels.be/id/building/1693612,94,0.0,high,373,373,1.0,0.0,0.0,0.0,0,0
bxl-e149500-n169000-s500,https://databrussels.be/id/building/1695787,99,0.0,high,389,389,1.0,0.0,0.0,0.0,0,0
bxl-e149500-n169000-s500,https://databrussels.be/id/building/1736606,56,0.0,high,224,224,1.0,0.0,0.0,0.0,0,0
bxl-e149500-n169000-s500,https://databrussels.be/id/building/1628468,73,0.0,high,300,300,1.0,0.0,0.0,0.0,0,0
bxl-e149500-n169000-s500,https://databrussels.be/id/building/1696975,169,0.0,high,674,674,1.0,0.0,0.0,0.0,0,0
bxl-e149500-n169000-s500,https://databrussels.be/id/building/1695728,80,0.0,high,322,322,1.0,0.0,0.0,0.0,0,0
bxl-e149500-n169000-s500,https://databrussels.be/id/building/1700373,133,0.0,high,530,530,1.0,0.0,0.0,0.0,0,0
bxl-e149500-n169000-s500,https://databrussels.be/id/building/1693664,87,0.0,high,352,352,1.0,0.0,0.0,0.0,0,0
bxl-e149500-n169000-s500,https://databrussels.be/id/building/1705076,113,0.0,high,452,452,1.0,0.0,0.0,0.0,0,0
bxl-e149500-n169000-s500,https://databrussels.be/id/building/1708616,81,0.0,high,322,322,1.0,0.0,0.0,0.0,0,0
bxl-e149500-n169000-s500,https://databrussels.be/id/building/1731165,105,0.0,high,418,418,1.0,0.0,0.0,0.0,0,0
bxl-e149500-n169000-s500,https://databrussels.be/id/building/1703899,79,0.0,high,316,316,1.0,0.0,0.0,0.0,0,0
bxl-e149500-n169000-s500,https://databrussels.be/id/building/1710960,81,0.0,high,318,318,1.0,0.0,0.0,0.0,0,0
bxl-e149500-n169000-s500,https://databrussels.be/id/building/1695840,151,0.0,high,606,606,1.0,0.0,0.0,0.0,0,0
bxl-e149500-n169000-s500,https://databrussels.be/id/building/1709779,73,0.0,high,295,295,1.0,0.0,0.0,0.0,0,0
bxl-e149500-n169000-s500,https://databrussels.be/id/building/1700422,53,0.0,high,209,209,1.0,0.0,0.0,0.0,0,0
bxl-e149500-n169000-s500,https://databrussels.be/id/building/1704973,46,0.0,high,180,180,1.0,0.0,0.0,0.0,0,0
bxl-e149500-n169000-s500,https://databrussels.be/id/building/1709764,64,0.0,high,256,256,1.0,0.0,0.0,0.0,0,0
bxl-e149500-n169000-s500,https://databrussels.be/id/building/1740665,41,0.0,high,165,165,1.0,0.0,0.0,0.0,0,0
bxl-e149500-n169000-s500,https://databrussels.be/id/building/1709860,86,0.0,high,344,344,1.0,0.0,0.0,0.0,0,0
bxl-e149500-n169000-s500,https://databrussels.be/id/building/1693459,93,0.0,high,371,371,1.0,0.0,0.0,0.0,0,0
bxl-e149500-n169000-s500,https://databrussels.be/id/building/1696964,126,0.0,high,503,503,1.0,0.0,0.0,0.0,0,0
bxl-e149500-n169000-s500,https://databrussels.be/id/building/1740664,38,0.0,high,154,154,1.0,0.0,0.0,0.0,0,0
bxl-e149500-n169000-s500,https://databrussels.be/id/building/1622469,160,0.0,high,638,638,1.0,0.0,0.0,0.0,0,0
bxl-e149500-n169000-s500,https://databrussels.be/id/building/1697063,41,0.0,high,162,162,1.0,0.0,0.0,0.0,0,0
bxl-e149500-n169000-s500,https://databrussels.be/id/building/1696023,65,0.0,high,259,259,1.0,0.0,0.0,0.0,0,0
bxl-e149500-n169000-s500,https://databrussels.be/id/building/1628478,74,0.0,high,295,295,1.0,0.0,0.0,0.0,0,0
bxl-e149500-n169000-s500,https://databrussels.be/id/building/1743422,65,0.0,high,261,261,1.0,0.0,0.0,0.0,0,0
bxl-e149500-n169000-s500,https://databrussels.be/id/building/1782211,53,0.0,high,214,214,1.0,0.0,0.0,0.0,0,0
bxl-e149500-n169000-s500,https://databrussels.be/id/building/1705093,94,0.0,high,375,375,1.0,0.0,0.0,0.0,0,0
bxl-e149500-n169000-s500,https://databrussels.be/id/building/1695830,150,0.0,high,602,602,1.0,0.0,0.0,0.0,0,0
bxl-e149500-n169000-s500,https://databrussels.be/id/building/1629602,18,0.0,high,73,73,1.0,0.0,0.0,0.0,0,0
bxl-e149500-n169000-s500,https://databrussels.be/id/building/1736603,49,0.0,high,197,197,1.0,0.0,0.0,0.0,0,0
bxl-e149500-n169000-s500,https://databrussels.be/id/building/1695754,71,0.0,high,285,285,1.0,0.0,0.0,0.0,0,0
bxl-e149500-n169000-s500,https://databrussels.be/id/building/1700423,48,0.0,high,192,192,1.0,0.0,0.0,0.0,0,0
bxl-e149500-n169000-s500,https://databrussels.be/id/building/1620131,95,0.0,high,379,379,1.0,0.0,0.0,0.0,0,0
bxl-e149500-n169000-s500,https://databrussels.be/id/building/1700366,47,0.0,high,188,188,1.0,0.0,0.0,0.0,0,0
bxl-e149500-n169000-s500,https://databrussels.be/id/building/1737934,63,0.0,high,253,253,1.0,0.0,0.0,0.0,0,0
bxl-e149500-n169000-s500,https://databrussels.be/id/building/1629665,59,0.0,high,236,236,1.0,0.0,0.0,0.0,0,0
bxl-e149500-n169000-s500,https://databrussels.be/id/building/1774358,13,0.0,medium,49,49,1.0,0.0,0.0,0.0,0,0
bxl-e149500-n169000-s500,https://databrussels.be/id/building/1710904,109,0.0,high,433,433,1.0,0.0,0.0,0.0,0,0
bxl-e149500-n169000-s500,https://databrussels.be/id/building/1705022,88,0.0,high,353,353,1.0,0.0,0.0,0.0,0,0
bxl-e149500-n169000-s500,https://databrussels.be/id/building/1710844,72,0.0,high,286,286,1.0,0.0,0.0,0.0,0,0
bxl-e149500-n169000-s500,https://databrussels.be/id/building/1740666,46,0.0,high,183,183,1.0,0.0,0.0,0.0,0,0
bxl-e149500-n169000-s500,https://databrussels.be/id/building/1706230,49,0.0,high,196,196,1.0,0.0,0.0,0.0,0,0
bxl-e149500-n169000-s500,https://databrussels.be/id/building/1695931,153,0.0,high,624,624,1.0,0.0,0.0,0.0,0,0
bxl-e149500-n169000-s500,https://databrussels.be/id/building/1694636,31,0.0,high,123,123,1.0,0.0,0.0,0.0,0,0
bxl-e149500-n169000-s500,https://databrussels.be/id/building/1709677,47,0.0,high,189,189,1.0,0.0,0.0,0.0,0,0
bxl-e149500-n169000-s500,https://databrussels.be/id/building/1812564,124,0.0,high,495,495,1.0,0.0,0.0,0.0,0,0
bxl-e149500-n169000-s500,https://databrussels.be/id/building/1709679,47,0.0,high,192,192,1.0,0.0,0.0,0.0,0,0
bxl-e149500-n169000-s500,https://databrussels.be/id/building/1698211,189,0.0,high,762,762,1.0,0.0,0.0,0.0,0,0
bxl-e149500-n169000-s500,https://databrussels.be/id/building/1710859,49,0.0,high,195,195,1.0,0.0,0.0,0.0,0,0
bxl-e149500-n169000-s500,https://databrussels.be/id/building/1709663,50,0.0,high,200,200,1.0,0.0,0.0,0.0,0,0
bxl-e149500-n169000-s500,https://databrussels.be/id/building/1620172,298,0.0,high,1192,1192,1.0,0.0,0.0,0.0,0,0
bxl-e149500-n169000-s500,https://databrussels.be/id/building/1706243,52,0.0,high,207,207,1.0,0.0,0.0,0.0,0,0
bxl-e149500-n169000-s500,https://databrussels.be/id/building/1708656,67,0.0,high,267,267,1.0,0.0,0.0,0.0,0,0
bxl-e149500-n169000-s500,https://databrussels.be/id/building/1709701,48,0.0,high,192,192,1.0,0.0,0.0,0.0,0,0
bxl-e149500-n169000-s500,https://databrussels.be/id/building/1617854,60,0.0,high,238,238,1.0,0.0,0.0,0.0,0,0
bxl-e149500-n169000-s500,https://databrussels.be/id/building/1797156,555,0.0,high,2221,2221,1.0,0.0,0.0,0.0,0,0
bxl-e149500-n169000-s500,https://databrussels.be/id/building/1708530,88,0.0,high,352,352,1.0,0.0,0.0,0.0,0,0
bxl-e149500-n169000-s500,https://databrussels.be/id/building/1702633,69,0.0,high,274,274,1.0,0.0,0.0,0.0,0,0
bxl-e149500-n169000-s500,https://databrussels.be/id/building/1698129,80,0.0,high,320,320,1.0,0.0,0.0,0.0,0,0
bxl-e149500-n169000-s500,https://databrussels.be/id/building/1694681,124,0.0,high,495,495,1.0,0.0,0.0,0.0,0,0
bxl-e149500-n169000-s500,https://databrussels.be/id/building/1710917,56,0.0,high,224,224,1.0,0.0,0.0,0.0,0,0
bxl-e149500-n169000-s500,https://databrussels.be/id/building/1698061,101,0.0,high,403,403,1.0,0.0,0.0,0.0,0,0
bxl-e149500-n169000-s500,https://databrussels.be/id/building/1711146,138,0.0,high,551,551,1.0,0.0,0.0,0.0,0,0
bxl-e149500-n169000-s500,https://databrussels.be/id/building/1708578,78,0.0,high,311,311,1.0,0.0,0.0,0.0,0,0
bxl-e149500-n169000-s500,https://databrussels.be/id/building/1694657,95,0.0,high,382,382,1.0,0.0,0.0,0.0,0,0
bxl-e149500-n169000-s500,https://databrussels.be/id/building/1829923,92,0.0,high,366,366,1.0,0.0,0.0,0.0,0,0
bxl-e149500-n169000-s500,https://databrussels.be/id/building/1702717,183,0.0,high,735,735,1.0,0.0,0.0,0.0,0,0
bxl-e149500-n169000-s500,https://databrussels.be/id/building/1708791,107,0.0,high,428,428,1.0,0.0,0.0,0.0,0,0
bxl-e149500-n169000-s500,https://databrussels.be/id/building/1707374,209,0.0,high,838,838,1.0,0.0,0.0,0.0,0,0
bxl-e149500-n169000-s500,https://databrussels.be/id/building/1706403,104,0.0,high,412,412,1.0,0.0,0.0,0.0,0,0
bxl-e149500-n169000-s500,https://databrussels.be/id/building/1707449,75,0.0,high,297,297,1.0,0.0,0.0,0.0,0,0
bxl-e149500-n169000-s500,https://databrussels.be/id/building/1707355,71,0.0,high,281,281,1.0,0.0,0.0,0.0,0,0
bxl-e149500-n169000-s500,https://databrussels.be/id/building/1735282,110,0.0,high,443,443,1.0,0.0,0.0,0.0,0,0
bxl-e149500-n169000-s500,https://databrussels.be/id/building/1701559,87,0.0,high,350,350,1.0,0.0,0.0,0.0,0,0
bxl-e149500-n169000-s500,https://databrussels.be/id/building/1709760,63,0.0,high,251,251,1.0,0.0,0.0,0.0,0,0
bxl-e149500-n169000-s500,https://databrussels.be/id/building/1704043,104,0.0,high,416,416,1.0,0.0,0.0,0.0,0,0
bxl-e149500-n169000-s500,https://databrussels.be/id/building/1708594,94,0.0,high,371,371,1.0,0.0,0.0,0.0,0,0
bxl-e149500-n169000-s500,https://databrussels.be/id/building/1628481,74,0.0,high,296,296,1.0,0.0,0.0,0.0,0,0
bxl-e149500-n169000-s500,https://databrussels.be/id/building/1622461,158,0.0,high,627,627,1.0,0.0,0.0,0.0,0,0
bxl-e149500-n169000-s500,https://databrussels.be/id/building/1750183,83,0.0,high,329,329,1.0,0.0,0.0,0.0,0,0
bxl-e149500-n169000-s500,https://databrussels.be/id/building/1694588,83,0.0,high,329,329,1.0,0.0,0.0,0.0,0,0
bxl-e149500-n169000-s500,https://databrussels.be/id/building/1693616,106,0.0,high,422,422,1.0,0.0,0.0,0.0,0,0
bxl-e149500-n169000-s500,https://databrussels.be/id/building/1732590,54,0.0,high,212,212,1.0,0.0,0.0,0.0,0,0
bxl-e149500-n169000-s500,https://databrussels.be/id/building/1732583,46,0.0,high,184,184,1.0,0.0,0.0,0.0,0,0
bxl-e149500-n169000-s500,https://databrussels.be/id/building/1695800,125,0.0,high,497,497,1.0,0.0,0.0,0.0,0,0
bxl-e149500-n169000-s500,https://databrussels.be/id/building/1707451,75,0.0,high,299,299,1.0,0.0,0.0,0.0,0,0
bxl-e149500-n169000-s500,https://databrussels.be/id/building/1710911,55,0.0,high,220,220,1.0,0.0,0.0,0.0,0,0
bxl-e149500-n169000-s500,https://databrussels.be/id/building/1693524,84,0.0,high,337,337,1.0,0.0,0.0,0.0,0,0
bxl-e149500-n169000-s500,https://databrussels.be/id/building/1696949,68,0.0,high,273,273,1.0,0.0,0.0,0.0,0,0
bxl-e149500-n169000-s500,https://databrussels.be/id/building/1777597,55,0.0,high,221,221,1.0,0.0,0.0,0.0,0,0
bxl-e149500-n169000-s500,https://databrussels.be/id/building/1707385,70,0.0,high,278,278,1.0,0.0,0.0,0.0,0,0
bxl-e149500-n169000-s500,https://databrussels.be/id/building/1710905,109,0.0,high,434,434,1.0,0.0,0.0,0.0,0,0
bxl-e149500-n169000-s500,https://databrussels.be/id/building/1631790,62,0.0,high,245,245,1.0,0.0,0.0,0.0,0,0
bxl-e149500-n169000-s500,https://databrussels.be/id/building/1696955,127,0.0,high,508,508,1.0,0.0,0.0,0.0,0,0
bxl-e149500-n169000-s500,https://databrussels.be/id/building/1709759,63,0.0,high,253,253,1.0,0.0,0.0,0.0,0,0
bxl-e149500-n169000-s500,https://databrussels.be/id/building/1693571,133,0.0,high,530,530,1.0,0.0,0.0,0.0,0,0
bxl-e149500-n169000-s500,https://databrussels.be/id/building/1709863,86,0.0,high,344,344,1.0,0.0,0.0,0.0,0,0
bxl-e149500-n169000-s500,https://databrussels.be/id/building/1777596,92,0.0,high,368,368,1.0,0.0,0.0,0.0,0,0
bxl-e149500-n169000-s500,https://databrussels.be/id/building/1698076,128,0.0,high,512,512,1.0,0.0,0.0,0.0,0,0
bxl-e149500-n169000-s500,https://databrussels.be/id/building/1779114,29,0.0,high,117,117,1.0,0.0,0.0,0.0,0,0
bxl-e149500-n169000-s500,https://databrussels.be/id/building/1700362,100,0.0,high,399,399,1.0,0.0,0.0,0.0,0,0
bxl-e149500-n169000-s500,https://databrussels.be/id/building/1616641,944,0.0,high,3779,3779,1.0,0.0,0.0,0.0,0,0
bxl-e149500-n169000-s500,https://databrussels.be/id/building/1740654,198,0.0,high,789,789,1.0,0.0,0.0,0.0,0,0
bxl-e149500-n169000-s500,https://databrussels.be/id/building/1729899,70,0.0,high,282,282,1.0,0.0,0.0,0.0,0,0
bxl-e149500-n169000-s500,https://databrussels.be/id/building/1732579,39,0.0,high,159,159,1.0,0.0,0.0,0.0,0,0
bxl-e149500-n169000-s500,https://databrussels.be/id/building/1618969,251,0.0,high,1004,1004,1.0,0.0,0.0,0.0,0,0
bxl-e149500-n169000-s500,https://databrussels.be/id/building/1783203,51,0.0,high,205,205,1.0,0.0,0.0,0.0,0,0
bxl-e149500-n169000-s500,https://databrussels.be/id/building/1705253,133,0.0,high,525,525,1.0,0.0,0.0,0.0,0,0
bxl-e149500-n169000-s500,https://databrussels.be/id/building/1696028,65,0.0,high,263,263,1.0,0.0,0.0,0.0,0,0
bxl-e149500-n169000-s500,https://databrussels.be/id/building/1729891,55,0.0,high,217,217,1.0,0.0,0.0,0.0,0,0
bxl-e149500-n169000-s500,https://databrussels.be/id/building/1617875,63,0.0,high,251,251,1.0,0.0,0.0,0.0,0,0
bxl-e149500-n169000-s500,https://databrussels.be/id/building/1694759,368,0.0,high,1473,1473,1.0,0.0,0.0,0.0,0,0
bxl-e149500-n169000-s500,https://databrussels.be/id/building/1631792,62,0.0,high,247,247,1.0,0.0,0.0,0.0,0,0
bxl-e149500-n169000-s500,https://databrussels.be/id/building/1695790,100,0.0,high,399,399,1.0,0.0,0.0,0.0,0,0
bxl-e149500-n169000-s500,https://databrussels.be/id/building/1771895,117,0.0,high,467,467,1.0,0.0,0.0,0.0,0,0
bxl-e149500-n169000-s500,https://databrussels.be/id/building/1696935,186,0.0,high,741,741,1.0,0.0,0.0,0.0,0,0
bxl-e149500-n169000-s500,https://databrussels.be/id/building/1695802,125,0.0,high,499,499,1.0,0.0,0.0,0.0,0,0
bxl-e149500-n169000-s500,https://databrussels.be/id/building/1697031,202,0.0,high,811,811,1.0,0.0,0.0,0.0,0,0
bxl-e149500-n169000-s500,https://databrussels.be/id/building/1698083,87,0.0,high,349,349,1.0,0.0,0.0,0.0,0,0
bxl-e149500-n169000-s500,https://databrussels.be/id/building/1694637,31,0.0,high,126,126,1.0,0.0,0.0,0.0,0,0
bxl-e149500-n169000-s500,https://databrussels.be/id/building/1709690,142,0.0,high,572,572,1.0,0.0,0.0,0.0,0,0
bxl-e149500-n169000-s500,https://databrussels.be/id/building/1632057,166,0.0,high,662,662,1.0,0.0,0.0,0.0,0,0
bxl-e149500-n169000-s500,https://databrussels.be/id/building/1707391,83,0.0,high,333,333,1.0,0.0,0.0,0.0,0,0
bxl-e149500-n169000-s500,https://databrussels.be/id/building/1701512,211,0.0,high,837,837,1.0,0.0,0.0,0.0,0,0
bxl-e149500-n169000-s500,https://databrussels.be/id/building/1789266,261,0.0,high,1048,1048,1.0,0.0,0.0,0.0,0,0
bxl-e149500-n169000-s500,https://databrussels.be/id/building/1696970,168,0.0,high,671,671,1.0,0.0,0.0,0.0,0,0
bxl-e149500-n169000-s500,https://databrussels.be/id/building/1695934,133,0.0,high,529,529,1.0,0.0,0.0,0.0,0,0
bxl-e149500-n169000-s500,https://databrussels.be/id/building/1632005,184,0.0,high,738,738,1.0,0.0,0.0,0.0,0,0
bxl-e149500-n169000-s500,https://databrussels.be/id/building/1633064,225,0.0,high,897,897,1.0,0.0,0.0,0.0,0,0
bxl-e149500-n169000-s500,https://databrussels.be/id/building/1776074,76,0.0,high,305,305,1.0,0.0,0.0,0.0,0,0
bxl-e149500-n169000-s500,https://databrussels.be/id/building/1696972,112,0.0,high,446,446,1.0,0.0,0.0,0.0,0,0
bxl-e149500-n169000-s500,https://databrussels.be/id/building/1776073,34,0.0,high,137,137,1.0,0.0,0.0,0.0,0,0
bxl-e149500-n169000-s500,https://databrussels.be/id/building/1743431,101,0.0,high,402,402,1.0,0.0,0.0,0.0,0,0
bxl-e149500-n169000-s500,https://databrussels.be/id/building/1698048,112,0.0,high,448,448,1.0,0.0,0.0,0.0,0,0
bxl-e149500-n169000-s500,https://databrussels.be/id/building/1729890,69,0.0,high,276,276,1.0,0.0,0.0,0.0,0,0
bxl-e149500-n169000-s500,https://databrussels.be/id/building/1693522,76,0.0,high,304,304,1.0,0.0,0.0,0.0,0,0
bxl-e149500-n169000-s500,https://databrussels.be/id/building/1696936,81,0.0,high,324,324,1.0,0.0,0.0,0.0,0,0
bxl-e149500-n169000-s500,https://databrussels.be/id/building/1632034,120,0.0,high,484,484,1.0,0.0,0.0,0.0,0,0
bxl-e149500-n169000-s500,https://databrussels.be/id/building/1702848,342,0.0,high,1365,1365,1.0,0.0,0.0,0.0,0,0
bxl-e149500-n169000-s500,https://databrussels.be/id/building/1740663,33,0.0,high,134,134,1.0,0.0,0.0,0.0,0,0
bxl-e149500-n169000-s500,https://databrussels.be/id/building/1706424,133,0.0,high,533,533,1.0,0.0,0.0,0.0,0,0
bxl-e149500-n169000-s500,https://databrussels.be/id/building/1694647,97,0.0,high,387,387,1.0,0.0,0.0,0.0,0,0
bxl-e149500-n169000-s500,https://databrussels.be/id/building/1773008,159,0.0,high,631,631,1.0,0.0,0.0,0.0,0,0
bxl-e149500-n169000-s500,https://databrussels.be/id/building/1710903,109,0.0,high,434,434,1.0,0.0,0.0,0.0,0,0
bxl-e149500-n169000-s500,https://databrussels.be/id/building/1706197,209,0.0,high,833,833,1.0,0.0,0.0,0.0,0,0
bxl-e149500-n169000-s500,https://databrussels.be/id/building/1707420,109,0.0,high,437,437,1.0,0.0,0.0,0.0,0,0
bxl-e149500-n169000-s500,https://databrussels.be/id/building/1710875,115,0.0,high,460,460,1.0,0.0,0.0,0.0,0,0
bxl-e149500-n169000-s500,https://databrussels.be/id/building/1700365,100,0.0,high,402,402,1.0,0.0,0.0,0.0,0,0
bxl-e149500-n169000-s500,https://databrussels.be/id/building/1693509,83,0.0,high,328,328,1.0,0.0,0.0,0.0,0,0
bxl-e149500-n169000-s500,https://databrussels.be/id/building/1694648,110,0.0,high,441,441,1.0,0.0,0.0,0.0,0,0
bxl-e149500-n169000-s500,https://databrussels.be/id/building/1707356,71,0.0,high,282,282,1.0,0.0,0.0,0.0,0,0
bxl-e149500-n169000-s500,https://databrussels.be/id/building/1709924,67,0.0,high,270,270,1.0,0.0,0.0,0.0,0,0
bxl-e149500-n169000-s500,https://databrussels.be/id/building/1629575,534,0.0,high,2138,2138,1.0,0.0,0.0,0.0,0,0
bxl-e149500-n169000-s500,https://databrussels.be/id/building/1622467,159,0.0,high,636,636,1.0,0.0,0.0,0.0,0,0
bxl-e149500-n169000-s500,https://databrussels.be/id/building/1699233,170,0.0,high,680,680,1.0,0.0,0.0,0.0,0,0
bxl-e149500-n169000-s500,https://databrussels.be/id/building/1695936,190,0.0,high,760,760,1.0,0.0,0.0,0.0,0,0
bxl-e149500-n169000-s500,https://databrussels.be/id/building/1707619,37,0.0,high,146,146,1.0,0.0,0.0,0.0,0,0
bxl-e149500-n169000-s500,https://databrussels.be/id/building/1703794,205,0.0,high,816,816,1.0,0.0,0.0,0.0,0,0
bxl-e149500-n169000-s500,https://databrussels.be/id/building/1703885,110,0.0,high,445,445,1.0,0.0,0.0,0.0,0,0
bxl-e149500-n169000-s500,https://databrussels.be/id/building/1701568,87,0.0,high,351,351,1.0,0.0,0.0,0.0,0,0
bxl-e149500-n169000-s500,https://databrussels.be/id/building/1708587,78,0.0,high,311,311,1.0,0.0,0.0,0.0,0,0
bxl-e149500-n169000-s500,https://databrussels.be/id/building/1693520,84,0.0,high,334,334,1.0,0.0,0.0,0.0,0,0
bxl-e149500-n169000-s500,https://databrussels.be/id/building/1705063,61,0.0,high,243,243,1.0,0.0,0.0,0.0,0,0
bxl-e149500-n169000-s500,https://databrussels.be/id/building/1708790,107,0.0,high,431,431,1.0,0.0,0.0,0.0,0,0
bxl-e149500-n169000-s500,https://databrussels.be/id/building/1710850,80,0.0,high,319,319,1.0,0.0,0.0,0.0,0,0
bxl-e149500-n169000-s500,https://databrussels.be/id/building/1693703,3196,0.0,high,12782,12782,1.0,0.0,0.0,0.0,0,0
bxl-e149500-n169000-s500,https://databrussels.be/id/building/1702691,97,0.0,high,390,390,1.0,0.0,0.0,0.0,0,0
bxl-e149500-n169000-s500,https://databrussels.be/id/building/1740703,43,0.0,high,166,166,1.0,0.0,0.0,0.0,0,0
bxl-e149500-n169000-s500,https://databrussels.be/id/building/1809462,8,0.0,medium,34,34,1.0,0.0,0.0,0.0,0,0
bxl-e149500-n169000-s500,https://databrussels.be/id/building/1694843,108,0.0,high,428,428,1.0,0.0,0.0,0.0,0,0
bxl-e149500-n169000-s500,https://databrussels.be/id/building/1620129,95,0.0,high,379,379,1.0,0.0,0.0,0.0,0,0
bxl-e149500-n169000-s500,https://databrussels.be/id/building/1693502,110,0.0,high,440,440,1.0,0.0,0.0,0.0,0,0
bxl-e149500-n169000-s500,https://databrussels.be/id/building/1616644,4,0.0,medium,17,17,1.0,0.0,0.0,0.0,0,0
bxl-e149500-n169000-s500,https://databrussels.be/id/building/1616645,4,0.0,insufficient,15,15,1.0,0.0,0.0,0.0,0,0
bxl-e149500-n169000-s500,https://databrussels.be/id/building/1705252,133,0.0,high,530,530,1.0,0.0,0.0,0.0,0,0
bxl-e149500-n169000-s500,https://databrussels.be/id/building/1655050,67,0.0,high,272,272,1.0,0.0,0.0,0.0,0,0
bxl-e149500-n169000-s500,https://databrussels.be/id/building/1705073,90,0.0,high,363,363,1.0,0.0,0.0,0.0,0,0
bxl-e149500-n169000-s500,https://databrussels.be/id/building/1617809,92,0.0,high,368,368,1.0,0.0,0.0,0.0,0,0
bxl-e149500-n169000-s500,https://databrussels.be/id/building/1740652,227,0.0,high,907,907,1.0,0.0,0.0,0.0,0,0
bxl-e149500-n169000-s500,https://databrussels.be/id/building/1622438,158,0.0,high,630,630,1.0,0.0,0.0,0.0,0,0
bxl-e149500-n169000-s500,https://databrussels.be/id/building/1737960,53,0.0,high,214,214,1.0,0.0,0.0,0.0,0,0
bxl-e149500-n169000-s500,https://databrussels.be/id/building/1703882,110,0.0,high,439,439,1.0,0.0,0.0,0.0,0,0
bxl-e149500-n169000-s500,https://databrussels.be/id/building/1702862,814,0.0,high,3265,3265,1.0,0.0,0.0,0.0,0,0
bxl-e149500-n169000-s500,https://databrussels.be/id/building/1702718,109,0.0,high,437,437,1.0,0.0,0.0,0.0,0,0
bxl-e149500-n169000-s500,https://databrussels.be/id/building/1709946,107,0.0,high,427,427,1.0,0.0,0.0,0.0,0,0
bxl-e149500-n169000-s500,https://databrussels.be/id/building/1629621,35,0.0,high,137,137,1.0,0.0,0.0,0.0,0,0
bxl-e149500-n169000-s500,https://databrussels.be/id/building/1633067,297,0.0,high,1186,1186,1.0,0.0,0.0,0.0,0,0
bxl-e149500-n169000-s500,https://databrussels.be/id/building/1632033,120,0.0,high,484,484,1.0,0.0,0.0,0.0,0,0
bxl-e149500-n169000-s500,https://databrussels.be/id/building/1705039,1109,0.0,high,4436,4436,1.0,0.0,0.0,0.0,0,0
bxl-e149500-n169000-s500,https://databrussels.be/id/building/1705067,90,0.0,high,361,361,1.0,0.0,0.0,0.0,0,0
bxl-e149500-n169000-s500,https://databrussels.be/id/building/1616648,7,0.0,medium,27,27,1.0,0.0,0.0,0.0,0,0
bxl-e149500-n169000-s500,https://databrussels.be/id/building/1708784,107,0.0,high,430,430,1.0,0.0,0.0,0.0,0,0
bxl-e149500-n169000-s500,https://databrussels.be/id/building/1705038,428,0.0,high,1709,1709,1.0,0.0,0.0,0.0,0,0
bxl-e149500-n169000-s500,https://databrussels.be/id/building/1699208,119,0.0,high,476,476,1.0,0.0,0.0,0.0,0,0
bxl-e149500-n169000-s500,https://databrussels.be/id/building/1732584,47,0.0,high,183,183,1.0,0.0,0.0,0.0,0,0
bxl-e149500-n169000-s500,https://databrussels.be/id/building/1695805,125,0.0,high,500,500,1.0,0.0,0.0,0.0,0,0
bxl-e149500-n169000-s500,https://databrussels.be/id/building/1740656,1095,0.0,high,4381,4381,1.0,0.0,0.0,0.0,0,0
bxl-e149500-n169000-s500,https://databrussels.be/id/building/1695841,103,0.0,high,412,412,1.0,0.0,0.0,0.0,0,0
bxl-e149500-n169000-s500,https://databrussels.be/id/building/1709750,18,0.0,high,70,70,1.0,0.0,0.0,0.0,0,0
bxl-e149500-n169000-s500,https://databrussels.be/id/building/1695806,121,0.0,high,484,484,1.0,0.0,0.0,0.0,0,0
bxl-e149500-n169000-s500,https://databrussels.be/id/building/1694589,73,0.0,high,292,292,1.0,0.0,0.0,0.0,0,0
bxl-e149500-n169000-s500,https://databrussels.be/id/building/1729898,70,0.0,high,283,283,1.0,0.0,0.0,0.0,0,0
bxl-e149500-n169000-s500,https://databrussels.be/id/building/1776071,21,0.0,high,82,82,1.0,0.0,0.0,0.0,0,0
bxl-e149500-n169000-s500,https://databrussels.be/id/building/1696963,105,0.0,high,420,420,1.0,0.0,0.0,0.0,0,0
bxl-e149500-n169000-s500,https://databrussels.be/id/building/1709908,42,0.0,high,170,170,1.0,0.0,0.0,0.0,0,0
bxl-e149500-n169000-s500,https://databrussels.be/id/building/1798584,44,0.0,high,176,176,1.0,0.0,0.0,0.0,0,0
bxl-e149500-n169000-s500,https://databrussels.be/id/building/1700357,456,0.0,high,1825,1825,1.0,0.0,0.0,0.0,0,0
bxl-e149500-n169000-s500,https://databrussels.be/id/building/1704970,45,0.0,high,181,181,1.0,0.0,0.0,0.0,0,0
bxl-e149500-n169000-s500,https://databrussels.be/id/building/1696027,74,0.0,high,297,297,1.0,0.0,0.0,0.0,0,0
bxl-e149500-n169000-s500,https://databrussels.be/id/building/1708593,70,0.0,high,282,282,1.0,0.0,0.0,0.0,0,0
bxl-e149500-n169000-s500,https://databrussels.be/id/building/1697144,65,0.0,high,260,260,1.0,0.0,0.0,0.0,0,0
bxl-e149500-n169000-s500,https://databrussels.be/id/building/1629573,204,0.0,high,820,820,1.0,0.0,0.0,0.0,0,0
bxl-e149500-n169000-s500,https://databrussels.be/id/building/1707593,399,0.0,high,1597,1597,1.0,0.0,0.0,0.0,0,0
bxl-e149500-n169000-s500,https://databrussels.be/id/building/1628480,74,0.0,high,294,294,1.0,0.0,0.0,0.0,0,0
bxl-e149500-n169000-s500,https://databrussels.be/id/building/1706161,42,0.0,high,169,169,1.0,0.0,0.0,0.0,0,0
bxl-e149500-n169000-s500,https://databrussels.be/id/building/1629580,449,0.0,high,1793,1793,1.0,0.0,0.0,0.0,0,0
bxl-e149500-n169000-s500,https://databrussels.be/id/building/1631956,167,0.0,high,668,668,1.0,0.0,0.0,0.0,0,0
bxl-e149500-n169000-s500,https://databrussels.be/id/building/1699248,284,0.0,high,1132,1132,1.0,0.0,0.0,0.0,0,0
bxl-e149500-n169000-s500,https://databrussels.be/id/building/1628474,73,0.0,high,292,292,1.0,0.0,0.0,0.0,0,0
bxl-e149500-n169000-s500,https://databrussels.be/id/building/1695792,100,0.0,high,397,397,1.0,0.0,0.0,0.0,0,0
bxl-e149500-n169000-s500,https://databrussels.be/id/building/1694574,672,0.0,high,2690,2690,1.0,0.0,0.0,0.0,0,0
bxl-e149500-n169000-s500,https://databrussels.be/id/building/1701683,84,0.0,high,339,339,1.0,0.0,0.0,0.0,0,0
bxl-e149500-n169000-s500,https://databrussels.be/id/building/1696983,69,0.0,high,275,275,1.0,0.0,0.0,0.0,0,0
bxl-e149500-n169000-s500,https://databrussels.be/id/building/1707646,111,0.0,high,445,445,1.0,0.0,0.0,0.0,0,0
bxl-e149500-n169000-s500,https://databrussels.be/id/building/1706179,69,0.0,high,276,276,1.0,0.0,0.0,0.0,0,0
bxl-e149500-n169000-s500,https://databrussels.be/id/building/1776100,8,0.0,medium,35,35,1.0,0.0,0.0,0.0,0,0
bxl-e149500-n169000-s500,https://databrussels.be/id/building/1693463,116,0.0,high,464,464,1.0,0.0,0.0,0.0,0,0
bxl-e149500-n169000-s500,https://databrussels.be/id/building/1776101,48,0.0,high,190,190,1.0,0.0,0.0,0.0,0,0
bxl-e149500-n169000-s500,https://databrussels.be/id/building/1709738,52,0.0,high,209,209,1.0,0.0,0.0,0.0,0,0
bxl-e149500-n169000-s500,https://databrussels.be/id/building/1708776,134,0.0,high,539,539,1.0,0.0,0.0,0.0,0,0
bxl-e149500-n169000-s500,https://databrussels.be/id/building/1731240,14,0.0,medium,56,56,1.0,0.0,0.0,0.0,0,0
bxl-e149500-n169000-s500,https://databrussels.be/id/building/1710980,713,0.0,high,2866,2866,1.0,0.0,0.0,0.0,0,0
bxl-e149500-n169000-s500,https://databrussels.be/id/building/1708509,358,0.0,high,1434,1434,1.0,0.0,0.0,0.0,0,0
bxl-e149500-n169000-s500,https://databrussels.be/id/building/1694693,102,0.0,high,407,407,1.0,0.0,0.0,0.0,0,0
bxl-e149500-n169000-s500,https://databrussels.be/id/building/1703905,90,0.0,high,359,359,1.0,0.0,0.0,0.0,0,0
bxl-e149500-n169000-s500,https://databrussels.be/id/building/1710950,135,0.0,high,537,537,1.0,0.0,0.0,0.0,0,0
bxl-e149500-n169000-s500,https://databrussels.be/id/building/1694615,48,0.0,high,190,190,1.0,0.0,0.0,0.0,0,0
bxl-e149500-n169000-s500,https://databrussels.be/id/building/1776072,20,0.0,high,83,83,1.0,0.0,0.0,0.0,0,0
bxl-e149500-n169000-s500,https://databrussels.be/id/building/1784426,525,0.0,high,2091,2091,1.0,0.0,0.0,0.0,0,0
bxl-e149500-n169000-s500,https://databrussels.be/id/building/1729896,67,0.0,high,268,268,1.0,0.0,0.0,0.0,0,0
bxl-e149500-n169000-s500,https://databrussels.be/id/building/1630671,221,0.0,high,887,887,1.0,0.0,0.0,0.0,0,0
bxl-e149500-n169000-s500,https://databrussels.be/id/building/1701579,114,0.0,high,446,446,1.0,0.0,0.0,0.0,0,0
bxl-e149500-n169000-s500,https://databrussels.be/id/building/1800703,11,0.0,medium,43,43,1.0,0.0,0.0,0.0,0,0
bxl-e149500-n169000-s500,https://databrussels.be/id/building/1695825,117,0.0,high,470,470,1.0,0.0,0.0,0.0,0,0
bxl-e149500-n169000-s500,https://databrussels.be/id/building/1707468,122,0.0,high,492,492,1.0,0.0,0.0,0.0,0,0
bxl-e149500-n169000-s500,https://databrussels.be/id/building/1707342,112,0.0,high,448,448,1.0,0.0,0.0,0.0,0,0
bxl-e149500-n169000-s500,https://databrussels.be/id/building/1702667,69,0.0,high,275,275,1.0,0.0,0.0,0.0,0,0
bxl-e149500-n169000-s500,https://databrussels.be/id/building/1706246,65,0.0,high,259,259,1.0,0.0,0.0,0.0,0,0
bxl-e149500-n169000-s500,https://databrussels.be/id/building/1617858,62,0.0,high,248,248,1.0,0.0,0.0,0.0,0,0
bxl-e149500-n169000-s500,https://databrussels.be/id/building/1709919,67,0.0,high,275,275,1.0,0.0,0.0,0.0,0,0
bxl-e149500-n169000-s500,https://databrussels.be/id/building/1698128,80,0.0,high,309,309,1.0,0.0,0.0,0.0,0,0
bxl-e149500-n169000-s500,https://databrussels.be/id/building/1693613,106,0.0,high,425,425,1.0,0.0,0.0,0.0,0,0
bxl-e149500-n169000-s500,https://databrussels.be/id/building/1709698,48,0.0,high,191,191,1.0,0.0,0.0,0.0,0,0
bxl-e149500-n169000-s500,https://databrussels.be/id/building/1617859,62,0.0,high,248,248,1.0,0.0,0.0,0.0,0,0
bxl-e149500-n169000-s500,https://databrussels.be/id/building/1709670,51,0.0,high,204,204,1.0,0.0,0.0,0.0,0,0
bxl-e149500-n169000-s500,https://databrussels.be/id/building/1710860,49,0.0,high,190,190,1.0,0.0,0.0,0.0,0,0
bxl-e149500-n169000-s500,https://databrussels.be/id/building/1629664,58,0.0,high,234,234,1.0,0.0,0.0,0.0,0,0
bxl-e149500-n169000-s500,https://databrussels.be/id/building/1706221,131,0.0,high,527,527,1.0,0.0,0.0,0.0,0,0
bxl-e149500-n169000-s500,https://databrussels.be/id/building/1697067,42,0.0,high,166,166,1.0,0.0,0.0,0.0,0,0
bxl-e149500-n169000-s500,https://databrussels.be/id/building/1707626,39,0.0,high,156,156,1.0,0.0,0.0,0.0,0,0
bxl-e149500-n169000-s500,https://databrussels.be/id/building/1617848,33,0.0,high,128,128,1.0,0.0,0.0,0.0,0,0
bxl-e149500-n169000-s500,https://databrussels.be/id/building/1740705,44,0.0,high,178,178,1.0,0.0,0.0,0.0,0,0
bxl-e149500-n169000-s500,https://databrussels.be/id/building/1701536,56,0.0,high,224,224,1.0,0.0,0.0,0.0,0,0
bxl-e149500-n169000-s500,https://databrussels.be/id/building/1708782,107,0.0,high,425,425,1.0,0.0,0.0,0.0,0,0
bxl-e149500-n169000-s500,https://databrussels.be/id/building/1702710,181,0.0,high,743,743,1.0,0.0,0.0,0.0,0,0
bxl-e149500-n169000-s500,https://databrussels.be/id/building/1632035,120,0.0,high,478,478,1.0,0.0,0.0,0.0,0,0
bxl-e149500-n169000-s500,https://databrussels.be/id/building/1707425,51,0.0,high,208,208,1.0,0.0,0.0,0.0,0,0
bxl-e149500-n169000-s500,https://databrussels.be/id/building/1709921,67,0.0,high,264,264,1.0,0.0,0.0,0.0,0,0
bxl-e149500-n169000-s500,https://databrussels.be/id/building/1708754,42,0.0,high,161,161,1.0,0.0,0.0,0.0,0,0
bxl-e149500-n169000-s500,https://databrussels.be/id/building/1705065,52,0.0,high,208,208,1.0,0.0,0.0,0.0,0,0
bxl-e149500-n169000-s500,https://databrussels.be/id/building/1706393,84,0.0,high,341,341,1.0,0.0,0.0,0.0,0,0
bxl-e149500-n169000-s500,https://databrussels.be/id/building/1709675,47,0.0,high,187,187,1.0,0.0,0.0,0.0,0,0
bxl-e149500-n169000-s500,https://databrussels.be/id/building/1706145,46,0.0,high,186,186,1.0,0.0,0.0,0.0,0,0
bxl-e149500-n169000-s500,https://databrussels.be/id/building/1708574,51,0.0,high,202,202,1.0,0.0,0.0,0.0,0,0
bxl-e149500-n169000-s500,https://databrussels.be/id/building/1706164,43,0.0,high,178,178,1.0,0.0,0.0,0.0,0,0
bxl-e149500-n169000-s500,https://databrussels.be/id/building/1631791,62,0.0,high,243,243,1.0,0.0,0.0,0.0,0,0
bxl-e149500-n169000-s500,https://databrussels.be/id/building/1808238,11,0.0,medium,44,44,1.0,0.0,0.0,0.0,0,0
bxl-e149500-n169000-s500,https://databrussels.be/id/building/1704054,104,0.0,high,417,417,1.0,0.0,0.0,0.0,0,0
bxl-e149500-n169000-s500,https://databrussels.be/id/building/1710866,114,0.0,high,458,458,1.0,0.0,0.0,0.0,0,0
bxl-e149500-n169000-s500,https://databrussels.be/id/building/1631789,56,0.0,high,221,221,1.0,0.0,0.0,0.0,0,0
bxl-e149500-n169000-s500,https://databrussels.be/id/building/1708781,106,0.0,high,422,422,1.0,0.0,0.0,0.0,0,0
bxl-e149500-n169000-s500,https://databrussels.be/id/building/1705026,89,0.0,high,355,355,1.0,0.0,0.0,0.0,0,0
bxl-e149500-n169000-s500,https://databrussels.be/id/building/1706228,54,0.0,high,205,205,1.0,0.0,0.0,0.0,0,0
bxl-e149500-n169000-s500,https://databrussels.be/id/building/1699199,99,0.0,high,398,398,1.0,0.0,0.0,0.0,0,0
bxl-e149500-n169000-s500,https://databrussels.be/id/building/1710848,72,0.0,high,293,293,1.0,0.0,0.0,0.0,0,0
bxl-e149500-n169000-s500,https://databrussels.be/id/building/1707438,76,0.0,high,298,298,1.0,0.0,0.0,0.0,0,0
bxl-e149500-n169000-s500,https://databrussels.be/id/building/1799504,57,0.0,high,229,229,1.0,0.0,0.0,0.0,0,0
bxl-e149500-n169000-s500,https://databrussels.be/id/building/1708577,78,0.0,high,311,311,1.0,0.0,0.0,0.0,0,0
bxl-e149500-n169000-s500,https://databrussels.be/id/building/1733896,69,0.0,high,275,275,1.0,0.0,0.0,0.0,0,0
bxl-e149500-n169000-s500,https://databrussels.be/id/building/1697004,80,0.0,high,329,329,1.0,0.0,0.0,0.0,0,0
bxl-e149500-n169000-s500,https://databrussels.be/id/building/1706394,84,0.0,high,344,344,1.0,0.0,0.0,0.0,0,0
bxl-e149500-n169000-s500,https://databrussels.be/id/building/1628473,73,0.0,high,292,292,1.0,0.0,0.0,0.0,0,0
bxl-e149500-n169000-s500,https://databrussels.be/id/building/1799527,455,0.0,high,1813,1813,1.0,0.0,0.0,0.0,0,0
bxl-e149500-n169000-s500,https://databrussels.be/id/building/1694698,102,0.0,high,404,404,1.0,0.0,0.0,0.0,0,0
bxl-e149500-n169000-s500,https://databrussels.be/id/building/1695758,71,0.0,high,305,305,1.0,0.0,0.0,0.0,0,0
bxl-e149500-n169000-s500,https://databrussels.be/id/building/1709777,91,0.0,high,362,362,1.0,0.0,0.0,0.0,0,0
bxl-e149500-n169000-s500,https://databrussels.be/id/building/1733892,56,0.0,high,224,224,1.0,0.0,0.0,0.0,0,0
bxl-e149500-n169000-s500,https://databrussels.be/id/building/1707357,71,0.0,high,282,282,1.0,0.0,0.0,0.0,0,0
bxl-e149500-n169000-s500,https://databrussels.be/id/building/1706178,94,0.0,high,375,375,1.0,0.0,0.0,0.0,0,0
bxl-e149500-n169000-s500,https://databrussels.be/id/building/1705087,93,0.0,high,372,372,1.0,0.0,0.0,0.0,0,0
bxl-e149500-n169000-s500,https://databrussels.be/id/building/1701687,84,0.0,high,336,336,1.0,0.0,0.0,0.0,0,0
bxl-e149500-n169000-s500,https://databrussels.be/id/building/1701563,87,0.0,high,352,352,1.0,0.0,0.0,0.0,0,0
bxl-e149500-n169000-s500,https://databrussels.be/id/building/1707376,210,0.0,high,840,840,1.0,0.0,0.0,0.0,0,0
bxl-e149500-n169000-s500,https://databrussels.be/id/building/1709691,119,0.0,high,462,462,1.0,0.0,0.0,0.0,0,0
bxl-e149500-n169000-s500,https://databrussels.be/id/building/1773011,97,0.0,high,381,381,1.0,0.0,0.0,0.0,0,0
bxl-e149500-n169000-s500,https://databrussels.be/id/building/1752559,18,0.0,high,68,68,1.0,0.0,0.0,0.0,0,0
bxl-e149500-n169000-s500,https://databrussels.be/id/building/1740699,34,0.0,high,136,136,1.0,0.0,0.0,0.0,0,0
bxl-e149500-n169000-s500,https://databrussels.be/id/building/1617845,61,0.0,high,242,242,1.0,0.0,0.0,0.0,0,0
bxl-e149500-n169000-s500,https://databrussels.be/id/building/1707350,113,0.0,high,452,452,1.0,0.0,0.0,0.0,0,0
bxl-e149500-n169000-s500,https://databrussels.be/id/building/1629568,202,0.0,high,807,807,1.0,0.0,0.0,0.0,0,0
bxl-e149500-n169000-s500,https://databrussels.be/id/building/1701507,130,0.0,high,516,516,1.0,0.0,0.0,0.0,0,0
bxl-e149500-n169000-s500,https://databrussels.be/id/building/1710957,81,0.0,high,323,323,1.0,0.0,0.0,0.0,0,0
bxl-e149500-n169000-s500,https://databrussels.be/id/building/1710919,76,0.0,high,302,302,1.0,0.0,0.0,0.0,0,0
bxl-e149500-n169000-s500,https://databrussels.be/id/building/1699204,119,0.0,high,477,477,1.0,0.0,0.0,0.0,0,0
bxl-e149500-n169000-s500,https://databrussels.be/id/building/1708614,81,0.0,high,325,325,1.0,0.0,0.0,0.0,0,0
bxl-e149500-n169000-s500,https://databrussels.be/id/building/1693473,78,0.0,high,310,310,1.0,0.0,0.0,0.0,0,0
bxl-e149500-n169000-s500,https://databrussels.be/id/building/1700371,103,0.0,high,415,415,1.0,0.0,0.0,0.0,0,0
bxl-e149500-n169000-s500,https://databrussels.be/id/building/1700426,79,0.0,high,317,317,1.0,0.0,0.0,0.0,0,0
bxl-e149500-n169000-s500,https://databrussels.be/id/building/1705100,82,0.0,high,330,330,1.0,0.0,0.0,0.0,0,0
bxl-e149500-n169000-s500,https://databrussels.be/id/building/1785723,240,0.0,high,963,963,1.0,0.0,0.0,0.0,0,0
bxl-e149500-n169000-s500,https://databrussels.be/id/building/1700427,79,0.0,high,316,316,1.0,0.0,0.0,0.0,0,0
bxl-e149500-n169000-s500,https://databrussels.be/id/building/1778792,74,0.0,high,295,295,1.0,0.0,0.0,0.0,0,0
bxl-e149500-n169000-s500,https://databrussels.be/id/building/1698180,172,0.0,high,687,687,1.0,0.0,0.0,0.0,0,0
bxl-e149500-n169000-s500,https://databrussels.be/id/building/1709702,48,0.0,high,195,195,1.0,0.0,0.0,0.0,0,0
bxl-e149500-n169000-s500,https://databrussels.be/id/building/1707346,112,0.0,high,449,449,1.0,0.0,0.0,0.0,0,0
bxl-e149500-n169000-s500,https://databrussels.be/id/building/1707463,114,0.0,high,458,458,1.0,0.0,0.0,0.0,0,0
bxl-e149500-n169000-s500,https://databrussels.be/id/building/1708501,106,0.0,high,419,419,1.0,0.0,0.0,0.0,0,0
bxl-e149500-n169000-s500,https://databrussels.be/id/building/1693579,66,0.0,high,266,266,1.0,0.0,0.0,0.0,0,0
bxl-e149500-n169000-s500,https://databrussels.be/id/building/1696988,87,0.0,high,349,349,1.0,0.0,0.0,0.0,0,0
bxl-e149500-n169000-s500,https://databrussels.be/id/building/1704049,104,0.0,high,416,416,1.0,0.0,0.0,0.0,0,0
bxl-e149500-n169000-s500,https://databrussels.be/id/building/1709725,101,0.0,high,403,403,1.0,0.0,0.0,0.0,0,0
bxl-e149500-n169000-s500,https://databrussels.be/id/building/1693535,123,0.0,high,489,489,1.0,0.0,0.0,0.0,0,0
bxl-e149500-n169000-s500,https://databrussels.be/id/building/1709862,73,0.0,high,292,292,1.0,0.0,0.0,0.0,0,0
bxl-e149500-n169000-s500,https://databrussels.be/id/building/1710927,76,0.0,high,305,305,1.0,0.0,0.0,0.0,0,0
bxl-e149500-n169000-s500,https://databrussels.be/id/building/1710943,96,0.0,high,383,383,1.0,0.0,0.0,0.0,0,0
bxl-e149500-n169000-s500,https://databrussels.be/id/building/1710912,55,0.0,high,219,219,1.0,0.0,0.0,0.0,0,0
bxl-e149500-n169000-s500,https://databrussels.be/id/building/1735276,81,0.0,high,326,326,1.0,0.0,0.0,0.0,0,0
bxl-e149500-n169000-s500,https://databrussels.be/id/building/1710909,55,0.0,high,214,214,1.0,0.0,0.0,0.0,0,0
bxl-e149500-n169000-s500,https://databrussels.be/id/building/1702635,68,0.0,high,274,274,1.0,0.0,0.0,0.0,0,0
bxl-e149500-n169000-s500,https://databrussels.be/id/building/1709767,91,0.0,high,366,366,1.0,0.0,0.0,0.0,0,0
bxl-e149500-n169000-s500,https://databrussels.be/id/building/1705086,91,0.0,high,362,362,1.0,0.0,0.0,0.0,0,0
bxl-e149500-n169000-s500,https://databrussels.be/id/building/1707390,70,0.0,high,281,281,1.0,0.0,0.0,0.0,0,0
bxl-e149500-n169000-s500,https://databrussels.be/id/building/1706395,85,0.0,high,339,339,1.0,0.0,0.0,0.0,0,0
bxl-e149500-n169000-s500,https://databrussels.be/id/building/1704047,87,0.0,high,346,346,1.0,0.0,0.0,0.0,0,0
bxl-e149500-n169000-s500,https://databrussels.be/id/building/1655097,12,0.0,medium,50,50,1.0,0.0,0.0,0.0,0,0
bxl-e149500-n169000-s500,https://databrussels.be/id/building/1694642,79,0.0,high,313,313,1.0,0.0,0.0,0.0,0,0
bxl-e149500-n169000-s500,https://databrussels.be/id/building/1693662,87,0.0,high,347,347,1.0,0.0,0.0,0.0,0,0
bxl-e149500-n169000-s500,https://databrussels.be/id/building/1709756,60,0.0,high,241,241,1.0,0.0,0.0,0.0,0,0
bxl-e149500-n169000-s500,https://databrussels.be/id/building/1746160,51,0.0,high,205,205,1.0,0.0,0.0,0.0,0,0
bxl-e149500-n169000-s500,https://databrussels.be/id/building/1694664,63,0.0,high,249,249,1.0,0.0,0.0,0.0,0,0
bxl-e149500-n169000-s500,https://databrussels.be/id/building/1705062,52,0.0,high,205,205,1.0,0.0,0.0,0.0,0,0
bxl-e149500-n169000-s500,https://databrussels.be/id/building/1701708,132,0.0,high,527,527,1.0,0.0,0.0,0.0,0,0
bxl-e149500-n169000-s500,https://databrussels.be/id/building/1707354,70,0.0,high,281,281,1.0,0.0,0.0,0.0,0,0
bxl-e149500-n169000-s500,https://databrussels.be/id/building/1707445,77,0.0,high,310,310,1.0,0.0,0.0,0.0,0,0
bxl-e149500-n169000-s500,https://databrussels.be/id/building/1703910,90,0.0,high,360,360,1.0,0.0,0.0,0.0,0,0
bxl-e149500-n169000-s500,https://databrussels.be/id/building/1693438,90,0.0,high,361,361,1.0,0.0,0.0,0.0,0,0
bxl-e149500-n169000-s500,https://databrussels.be/id/building/1733893,59,0.0,high,235,235,1.0,0.0,0.0,0.0,0,0
bxl-e149500-n169000-s500,https://databrussels.be/id/building/1709748,23,0.0,high,94,94,1.0,0.0,0.0,0.0,0,0
bxl-e149500-n169000-s500,https://databrussels.be/id/building/1706224,64,0.0,high,258,258,1.0,0.0,0.0,0.0,0,0
bxl-e149500-n169000-s500,https://databrussels.be/id/building/1695820,69,0.0,high,273,273,1.0,0.0,0.0,0.0,0,0
bxl-e149500-n169000-s500,https://databrussels.be/id/building/1774925,83,0.0,high,330,330,1.0,0.0,0.0,0.0,0,0
bxl-e149500-n169000-s500,https://databrussels.be/id/building/1746157,48,0.0,high,193,193,1.0,0.0,0.0,0.0,0,0
bxl-e149500-n169000-s500,https://databrussels.be/id/building/1709864,86,0.0,high,344,344,1.0,0.0,0.0,0.0,0,0
bxl-e149500-n169000-s500,https://databrussels.be/id/building/1705194,171,0.0,high,686,686,1.0,0.0,0.0,0.0,0,0
bxl-e149500-n169000-s500,https://databrussels.be/id/building/1708647,141,0.0,high,564,564,1.0,0.0,0.0,0.0,0,0
bxl-e149500-n169000-s500,https://databrussels.be/id/building/1693478,80,0.0,high,321,321,1.0,0.0,0.0,0.0,0,0
bxl-e149500-n169000-s500,https://databrussels.be/id/building/1740702,42,0.0,high,168,168,1.0,0.0,0.0,0.0,0,0
bxl-e149500-n169000-s500,https://databrussels.be/id/building/1710939,97,0.0,high,392,392,1.0,0.0,0.0,0.0,0,0
bxl-e149500-n169000-s500,https://databrussels.be/id/building/1740697,29,0.0,high,114,114,1.0,0.0,0.0,0.0,0,0
bxl-e149500-n169000-s500,https://databrussels.be/id/building/1686925,109,0.0,high,437,437,1.0,0.0,0.0,0.0,0,0
bxl-e149500-n169000-s500,https://databrussels.be/id/building/1695752,49,0.0,high,194,194,1.0,0.0,0.0,0.0,0,0
bxl-e149500-n169000-s500,https://databrussels.be/id/building/1807032,51,0.0,high,204,204,1.0,0.0,0.0,0.0,0,0
bxl-e149500-n169000-s500,https://databrussels.be/id/building/1703908,90,0.0,high,361,361,1.0,0.0,0.0,0.0,0,0
bxl-e149500-n169000-s500,https://databrussels.be/id/building/1617862,62,0.0,high,249,249,1.0,0.0,0.0,0.0,0,0
bxl-e149500-n169000-s500,https://databrussels.be/id/building/1617847,33,0.0,high,129,129,1.0,0.0,0.0,0.0,0,0
bxl-e149500-n169000-s500,https://databrussels.be/id/building/1704975,46,0.0,high,183,183,1.0,0.0,0.0,0.0,0,0
bxl-e149500-n169000-s500,https://databrussels.be/id/building/1701537,128,0.0,high,511,511,1.0,0.0,0.0,0.0,0,0
bxl-e149500-n169000-s500,https://databrussels.be/id/building/1708581,78,0.0,high,312,312,1.0,0.0,0.0,0.0,0,0
bxl-e149500-n169000-s500,https://databrussels.be/id/building/1707348,112,0.0,high,449,449,1.0,0.0,0.0,0.0,0,0
bxl-e149500-n169000-s500,https://databrussels.be/id/building/1735199,84,0.0,high,336,336,1.0,0.0,0.0,0.0,0,0
bxl-e149500-n169000-s500,https://databrussels.be/id/building/1710954,122,0.0,high,488,488,1.0,0.0,0.0,0.0,0,0
bxl-e149500-n169000-s500,https://databrussels.be/id/building/1693610,106,0.0,high,425,425,1.0,0.0,0.0,0.0,0,0
bxl-e149500-n169000-s500,https://databrussels.be/id/building/1710870,115,0.0,high,457,457,1.0,0.0,0.0,0.0,0,0
bxl-e149500-n169000-s500,https://databrussels.be/id/building/1630834,95,0.0,high,379,379,1.0,0.0,0.0,0.0,0,0
bxl-e149500-n169000-s500,https://databrussels.be/id/building/1628466,111,0.0,high,447,447,1.0,0.0,0.0,0.0,0,0
bxl-e149500-n169000-s500,https://databrussels.be/id/building/1710944,96,0.0,high,386,386,1.0,0.0,0.0,0.0,0,0
bxl-e149500-n169000-s500,https://databrussels.be/id/building/1709703,91,0.0,high,366,366,1.0,0.0,0.0,0.0,0,0
bxl-e149500-n169000-s500,https://databrussels.be/id/building/1695861,54,0.0,high,217,217,1.0,0.0,0.0,0.0,0,0
bxl-e149500-n169000-s500,https://databrussels.be/id/building/1771890,99,0.0,high,399,399,1.0,0.0,0.0,0.0,0,0
bxl-e149500-n169000-s500,https://databrussels.be/id/building/1696868,91,0.0,high,362,362,1.0,0.0,0.0,0.0,0,0
bxl-e149500-n169000-s500,https://databrussels.be/id/building/1709920,67,0.0,high,271,271,1.0,0.0,0.0,0.0,0,0
bxl-e149500-n169000-s500,https://databrussels.be/id/building/1740700,34,0.0,high,138,138,1.0,0.0,0.0,0.0,0,0
bxl-e149500-n169000-s500,https://databrussels.be/id/building/1709751,59,0.0,high,237,237,1.0,0.0,0.0,0.0,0,0
bxl-e149500-n169000-s500,https://databrussels.be/id/building/1707364,71,0.0,high,284,284,1.0,0.0,0.0,0.0,0,0
bxl-e149500-n169000-s500,https://databrussels.be/id/building/1702627,68,0.0,high,274,274,1.0,0.0,0.0,0.0,0,0
bxl-e149500-n169000-s500,https://databrussels.be/id/building/1812560,139,0.0,high,555,555,1.0,0.0,0.0,0.0,0,0
bxl-e149500-n169000-s500,https://databrussels.be/id/building/1708556,82,0.0,high,328,328,1.0,0.0,0.0,0.0,0,0
bxl-e149500-n169000-s500,https://databrussels.be/id/building/1709811,164,0.0,high,657,657,1.0,0.0,0.0,0.0,0,0
bxl-e149500-n169000-s500,https://databrussels.be/id/building/1696011,64,0.0,high,256,256,1.0,0.0,0.0,0.0,0,0
bxl-e149500-n169000-s500,https://databrussels.be/id/building/1708628,82,0.0,high,329,329,1.0,0.0,0.0,0.0,0,0
bxl-e149500-n169000-s500,https://databrussels.be/id/building/1707370,90,0.0,high,359,359,1.0,0.0,0.0,0.0,0,0
bxl-e149500-n169000-s500,https://databrussels.be/id/building/1708557,82,0.0,high,328,328,1.0,0.0,0.0,0.0,0,0
bxl-e149500-n169000-s500,https://databrussels.be/id/building/1709925,67,0.0,high,272,272,1.0,0.0,0.0,0.0,0,0
bxl-e149500-n169000-s500,https://databrussels.be/id/building/1707345,112,0.0,high,447,447,1.0,0.0,0.0,0.0,0,0
bxl-e149500-n169000-s500,https://databrussels.be/id/building/1694578,148,0.0,high,591,591,1.0,0.0,0.0,0.0,0,0
bxl-e149500-n169000-s500,https://databrussels.be/id/building/1617866,62,0.0,high,247,247,1.0,0.0,0.0,0.0,0,0
bxl-e149500-n169000-s500,https://databrussels.be/id/building/1698065,101,0.0,high,403,403,1.0,0.0,0.0,0.0,0,0
bxl-e149500-n169000-s500,https://databrussels.be/id/building/1773774,7,0.0,medium,29,29,1.0,0.0,0.0,0.0,0,0
bxl-e149500-n169000-s500,https://databrussels.be/id/building/1707358,71,0.0,high,283,283,1.0,0.0,0.0,0.0,0,0
bxl-e149500-n169000-s500,https://databrussels.be/id/building/1710933,97,0.0,high,389,389,1.0,0.0,0.0,0.0,0,0
bxl-e149500-n169000-s500,https://databrussels.be/id/building/1707351,113,0.0,high,450,450,1.0,0.0,0.0,0.0,0,0
bxl-e149500-n169000-s500,https://databrussels.be/id/building/1695743,72,0.0,high,288,288,1.0,0.0,0.0,0.0,0,0
bxl-e149500-n169000-s500,https://databrussels.be/id/building/1706240,52,0.0,high,208,208,1.0,0.0,0.0,0.0,0,0
bxl-e149500-n169000-s500,https://databrussels.be/id/building/1628471,73,0.0,high,291,291,1.0,0.0,0.0,0.0,0,0
bxl-e149500-n169000-s500,https://databrussels.be/id/building/1709780,74,0.0,high,296,296,1.0,0.0,0.0,0.0,0,0
bxl-e149500-n169000-s500,https://databrussels.be/id/building/1617872,63,0.0,high,251,251,1.0,0.0,0.0,0.0,0,0
bxl-e149500-n169000-s500,https://databrussels.be/id/building/1694643,79,0.0,high,317,317,1.0,0.0,0.0,0.0,0,0
bxl-e149500-n169000-s500,https://databrussels.be/id/building/1707360,71,0.0,high,282,282,1.0,0.0,0.0,0.0,0,0
bxl-e149500-n169000-s500,https://databrussels.be/id/building/1616646,7,0.0,medium,29,29,1.0,0.0,0.0,0.0,0,0
bxl-e149500-n169000-s500,https://databrussels.be/id/building/1693472,77,0.0,high,309,309,1.0,0.0,0.0,0.0,0,0
bxl-e149500-n169000-s500,https://databrussels.be/id/building/1746161,76,0.0,high,303,303,1.0,0.0,0.0,0.0,0,0
bxl-e149500-n169000-s500,https://databrussels.be/id/building/1696017,65,0.0,high,257,257,1.0,0.0,0.0,0.0,0,0
bxl-e149500-n169000-s500,https://databrussels.be/id/building/1701560,87,0.0,high,350,350,1.0,0.0,0.0,0.0,0,0
bxl-e149500-n169000-s500,https://databrussels.be/id/building/1708585,78,0.0,high,313,313,1.0,0.0,0.0,0.0,0,0
bxl-e149500-n169000-s500,https://databrussels.be/id/building/1707456,75,0.0,high,299,299,1.0,0.0,0.0,0.0,0,0
bxl-e149500-n169000-s500,https://databrussels.be/id/building/1671401,17,0.0,high,68,68,1.0,0.0,0.0,0.0,0,0
bxl-e149500-n169000-s500,https://databrussels.be/id/building/1694679,124,0.0,high,498,498,1.0,0.0,0.0,0.0,0,0
bxl-e149500-n169000-s500,https://databrussels.be/id/building/1693488,98,0.0,high,392,392,1.0,0.0,0.0,0.0,0,0
bxl-e149500-n169000-s500,https://databrussels.be/id/building/1733894,65,0.0,high,263,263,1.0,0.0,0.0,0.0,0,0
bxl-e149500-n169000-s500,https://databrussels.be/id/building/1708554,82,0.0,high,327,327,1.0,0.0,0.0,0.0,0,0
bxl-e149500-n169000-s500,https://databrussels.be/id/building/1710845,72,0.0,high,289,289,1.0,0.0,0.0,0.0,0,0
bxl-e149500-n169000-s500,https://databrussels.be/id/building/1710913,55,0.0,high,221,221,1.0,0.0,0.0,0.0,0,0
bxl-e149500-n169000-s500,https://databrussels.be/id/building/1708618,81,0.0,high,327,327,1.0,0.0,0.0,0.0,0,0
bxl-e149500-n169000-s500,https://databrussels.be/id/building/1698062,101,0.0,high,401,401,1.0,0.0,0.0,0.0,0,0
bxl-e149500-n169000-s500,https://databrussels.be/id/building/1696024,65,0.0,high,264,264,1.0,0.0,0.0,0.0,0,0
bxl-e149500-n169000-s500,https://databrussels.be/id/building/1703903,81,0.0,high,319,319,1.0,0.0,0.0,0.0,0,0
bxl-e149500-n169000-s500,https://databrussels.be/id/building/1706256,65,0.0,high,258,258,1.0,0.0,0.0,0.0,0,0
bxl-e149500-n169000-s500,https://databrussels.be/id/building/1733897,71,0.0,high,285,285,1.0,0.0,0.0,0.0,0,0
bxl-e149500-n169000-s500,https://databrussels.be/id/building/1701567,87,0.0,high,351,351,1.0,0.0,0.0,0.0,0,0
bxl-e149500-n169000-s500,https://databrussels.be/id/building/1782073,994,0.0,high,3969,3969,1.0,0.0,0.0,0.0,0,0
bxl-e149500-n169000-s500,https://databrussels.be/id/building/1735203,104,0.0,high,416,416,1.0,0.0,0.0,0.0,0,0
bxl-e149500-n169000-s500,https://databrussels.be/id/building/1775162,886,0.0,high,3545,3545,1.0,0.0,0.0,0.0,0,0
bxl-e149500-n169000-s500,https://databrussels.be/id/building/1830124,79,0.0,high,316,316,1.0,0.0,0.0,0.0,0,0
bxl-e149500-n169000-s500,https://databrussels.be/id/building/1632062,272,0.0,high,1092,1092,1.0,0.0,0.0,0.0,0,0
bxl-e149500-n169000-s500,https://databrussels.be/id/building/1710847,72,0.0,high,287,287,1.0,0.0,0.0,0.0,0,0
bxl-e149500-n169000-s500,https://databrussels.be/id/building/1705195,195,0.0,high,779,779,1.0,0.0,0.0,0.0,0,0
bxl-e149500-n169000-s500,https://databrussels.be/id/building/1733890,73,0.0,high,289,289,1.0,0.0,0.0,0.0,0,0
bxl-e149500-n169000-s500,https://databrussels.be/id/building/1708622,97,0.0,high,391,391,1.0,0.0,0.0,0.0,0,0
bxl-e149500-n169000-s500,https://databrussels.be/id/building/1701533,56,0.0,high,224,224,1.0,0.0,0.0,0.0,0,0
bxl-e149500-n169000-s500,https://databrussels.be/id/building/1694634,30,0.0,high,119,119,1.0,0.0,0.0,0.0,0,0
bxl-e149500-n169000-s500,https://databrussels.be/id/building/1696967,168,0.0,high,670,670,1.0,0.0,0.0,0.0,0,0
bxl-e149500-n169000-s500,https://databrussels.be/id/building/1706401,85,0.0,high,343,343,1.0,0.0,0.0,0.0,0,0
bxl-e149500-n169000-s500,https://databrussels.be/id/building/1707365,71,0.0,high,286,286,1.0,0.0,0.0,0.0,0,0
bxl-e149500-n169000-s500,https://databrussels.be/id/building/1695837,151,0.0,high,600,600,1.0,0.0,0.0,0.0,0,0
bxl-e149500-n169000-s500,https://databrussels.be/id/building/1703820,69,0.0,high,276,276,1.0,0.0,0.0,0.0,0,0
bxl-e149500-n169000-s500,https://databrussels.be/id/building/1710955,62,0.0,high,247,247,1.0,0.0,0.0,0.0,0,0
bxl-e149500-n169000-s500,https://databrussels.be/id/building/1709757,63,0.0,high,252,252,1.0,0.0,0.0,0.0,0,0
bxl-e149500-n169000-s500,https://databrussels.be/id/building/1630661,33,0.0,high,134,134,1.0,0.0,0.0,0.0,0,0
bxl-e149500-n169000-s500,https://databrussels.be/id/building/1735195,47,0.0,high,187,187,1.0,0.0,0.0,0.0,0,0
bxl-e149500-n169000-s500,https://databrussels.be/id/building/1630863,95,0.0,high,381,381,1.0,0.0,0.0,0.0,0,0
bxl-e149500-n169000-s500,https://databrussels.be/id/building/1694709,209,0.0,high,838,838,1.0,0.0,0.0,0.0,0,0
bxl-e149500-n169000-s500,https://databrussels.be/id/building/1695816,64,0.0,high,258,258,1.0,0.0,0.0,0.0,0,0
bxl-e149500-n169000-s500,https://databrussels.be/id/building/1631813,59,0.0,high,237,237,1.0,0.0,0.0,0.0,0,0
bxl-e149500-n169000-s500,https://databrussels.be/id/building/1696939,316,0.0,high,1265,1265,1.0,0.0,0.0,0.0,0,0
bxl-e149500-n169000-s500,https://databrussels.be/id/building/1702731,57,0.0,high,228,228,1.0,0.0,0.0,0.0,0,0
bxl-e149500-n169000-s500,https://databrussels.be/id/building/1700417,80,0.0,high,320,320,1.0,0.0,0.0,0.0,0,0
bxl-e149500-n169000-s500,https://databrussels.be/id/building/1705056,72,0.0,high,289,289,1.0,0.0,0.0,0.0,0,0
bxl-e149500-n169000-s500,https://databrussels.be/id/building/1772827,106,0.0,high,423,423,1.0,0.0,0.0,0.0,0,0
bxl-e149500-n169000-s500,https://databrussels.be/id/building/1794926,275,0.0,high,1094,1094,1.0,0.0,0.0,0.0,0,0
bxl-e149500-n169000-s500,https://databrussels.be/id/building/1772826,54,0.0,high,216,216,1.0,0.0,0.0,0.0,0,0
bxl-e149500-n169000-s500,https://databrussels.be/id/building/1772561,886,0.0,high,3544,3544,1.0,0.0,0.0,0.0,0,0
bxl-e149500-n169000-s500,https://databrussels.be/id/building/1772825,49,0.0,high,196,196,1.0,0.0,0.0,0.0,0,0
bxl-e149500-n169000-s500,https://databrussels.be/id/building/1706404,68,0.0,high,269,269,1.0,0.0,0.0,0.0,0,0
bxl-e149500-n169000-s500,https://databrussels.be/id/building/1771722,77,0.0,high,304,304,1.0,0.0,0.0,0.0,0,0
bxl-e149500-n169000-s500,https://databrussels.be/id/building/1735198,78,0.0,high,314,314,1.0,0.0,0.0,0.0,0,0
bxl-e149500-n169000-s500,https://databrussels.be/id/building/1735196,76,0.0,high,306,306,1.0,0.0,0.0,0.0,0,0
bxl-e149500-n169000-s500,https://databrussels.be/id/building/1698125,80,0.0,high,319,319,1.0,0.0,0.0,0.0,0,0
bxl-e149500-n169000-s500,https://databrussels.be/id/building/1699197,118,0.0,high,474,474,1.0,0.0,0.0,0.0,0,0
bxl-e149500-n169000-s500,https://databrussels.be/id/building/1737895,122,0.0,high,487,487,1.0,0.0,0.0,0.0,0,0
bxl-e149500-n169000-s500,https://databrussels.be/id/building/1733895,65,0.0,high,263,263,1.0,0.0,0.0,0.0,0,0
bxl-e149500-n169000-s500,https://databrussels.be/id/building/1740704,43,0.0,high,170,170,1.0,0.0,0.0,0.0,0,0
bxl-e149500-n169000-s500,https://databrussels.be/id/building/1629662,58,0.0,high,232,232,1.0,0.0,0.0,0.0,0,0
bxl-e149500-n169000-s500,https://databrussels.be/id/building/1704989,83,0.0,high,333,333,1.0,0.0,0.0,0.0,0,0
bxl-e149500-n169000-s500,https://databrussels.be/id/building/1707631,41,0.0,high,159,159,1.0,0.0,0.0,0.0,0,0
bxl-e149500-n169000-s500,https://databrussels.be/id/building/1752155,25,0.0,high,101,101,1.0,0.0,0.0,0.0,0,0
bxl-e149500-n169000-s500,https://databrussels.be/id/building/1695753,49,0.0,high,199,199,1.0,0.0,0.0,0.0,0,0
bxl-e149500-n169000-s500,https://databrussels.be/id/building/1746158,48,0.0,high,187,187,1.0,0.0,0.0,0.0,0,0
bxl-e149500-n169000-s500,https://databrussels.be/id/building/1694616,48,0.0,high,193,193,1.0,0.0,0.0,0.0,0,0
bxl-e149500-n169000-s500,https://databrussels.be/id/building/1696934,217,0.0,high,868,868,1.0,0.0,0.0,0.0,0,0
bxl-e149500-n169000-s500,https://databrussels.be/id/building/1701529,918,0.0,high,3675,3675,1.0,0.0,0.0,0.0,0,0
bxl-e149500-n169000-s500,https://databrussels.be/id/building/1690485,109,0.0,high,435,435,1.0,0.0,0.0,0.0,0,0
bxl-e149500-n169000-s500,https://databrussels.be/id/building/1703879,110,0.0,high,439,439,1.0,0.0,0.0,0.0,0,0
bxl-e149500-n169000-s500,https://databrussels.be/id/building/1706400,83,0.0,high,333,333,1.0,0.0,0.0,0.0,0,0
bxl-e149500-n169000-s500,https://databrussels.be/id/building/1705032,89,0.0,high,356,356,1.0,0.0,0.0,0.0,0,0
bxl-e149500-n169000-s500,https://databrussels.be/id/building/1600747,43,0.0,high,144,144,1.0,0.0,0.0,0.0,0,0
bxl-e149500-n169000-s500,https://databrussels.be/id/building/1599607,49,0.0,insufficient,4,4,1.0,0.0,0.0,0.0,0,0
bxl-e149500-n169000-s500,https://databrussels.be/id/building/1606907,71,0.0,high,218,218,1.0,0.0,0.0,0.0,0,0
bxl-e149500-n169000-s500,https://databrussels.be/id/building/1693518,83,0.0,high,334,334,1.0,0.0,0.0,0.0,0,0
bxl-e149500-n169000-s500,https://databrussels.be/id/building/1602125,68,0.0,insufficient,1,1,1.0,0.0,0.0,0.0,0,0
bxl-e149500-n169000-s500,https://databrussels.be/id/building/1604718,75,0.0,high,171,171,1.0,0.0,0.0,0.0,0,0
bxl-e149500-n169000-s500,https://databrussels.be/id/building/1610128,72,0.0,high,171,171,1.0,0.0,0.0,0.0,0,0
bxl-e149500-n169000-s500,https://databrussels.be/id/building/1600064,79,0.0,high,153,153,1.0,0.0,0.0,0.0,0,0
bxl-e149500-n169000-s500,https://databrussels.be/id/building/1603345,106,0.0,high,171,171,1.0,0.0,0.0,0.0,0,0
bxl-e149500-n169000-s500,https://databrussels.be/id/building/1614857,81,0.0,high,166,166,1.0,0.0,0.0,0.0,0,0
bxl-e149500-n169000-s500,https://databrussels.be/id/building/1606903,71,0.0,high,201,201,1.0,0.0,0.0,0.0,0,0
bxl-e149500-n169000-s500,https://databrussels.be/id/building/1610313,60,0.0,high,155,155,1.0,0.0,0.0,0.0,0,0
bxl-e149500-n169000-s500,https://databrussels.be/id/building/1612599,62,0.0,high,155,155,1.0,0.0,0.0,0.0,0,0
bxl-e149500-n169000-s500,https://databrussels.be/id/building/1777593,44,0.0,high,175,175,1.0,0.0,0.0,0.0,0,0
bxl-e149500-n169000-s500,https://databrussels.be/id/building/1608019,28,0.0,high,113,113,1.0,0.0,0.0,0.0,0,0
bxl-e149500-n169000-s500,https://databrussels.be/id/building/1777589,19,0.0,high,73,73,1.0,0.0,0.0,0.0,0,0
bxl-e149500-n169000-s500,https://databrussels.be/id/building/1777592,4,0.0,medium,17,17,1.0,0.0,0.0,0.0,0,0
bxl-e149500-n169000-s500,https://databrussels.be/id/building/1693543,143,0.0,high,570,570,1.0,0.0,0.0,0.0,0,0
bxl-e149500-n169000-s500,https://databrussels.be/id/building/1706159,432,0.0,high,1730,1730,1.0,0.0,0.0,0.0,0,0
bxl-e149500-n169000-s500,https://databrussels.be/id/building/1706402,103,0.0,high,412,412,1.0,0.0,0.0,0.0,0,0
bxl-e149500-n169000-s500,https://databrussels.be/id/building/1617855,59,0.0,high,237,237,1.0,0.0,0.0,0.0,0,0
bxl-e149500-n169000-s500,https://databrussels.be/id/building/1706396,85,0.0,high,339,339,1.0,0.0,0.0,0.0,0,0
bxl-e149500-n169000-s500,https://databrussels.be/id/building/1703927,93,0.0,high,372,372,1.0,0.0,0.0,0.0,0,0
bxl-e149500-n169000-s500,https://databrussels.be/id/building/1743418,58,0.0,high,229,229,1.0,0.0,0.0,0.0,0,0
bxl-e149500-n169000-s500,https://databrussels.be/id/building/1601930,107,0.0,high,381,381,1.0,0.0,0.0,0.0,0,0
bxl-e149500-n169000-s500,https://databrussels.be/id/building/1709861,86,0.0,high,345,345,1.0,0.0,0.0,0.0,0,0
bxl-e149500-n169000-s500,https://databrussels.be/id/building/1610246,45,0.0,high,90,90,1.0,0.0,0.0,0.0,0,0
bxl-e149500-n169000-s500,https://databrussels.be/id/building/1603307,45,0.0,high,114,114,1.0,0.0,0.0,0.0,0,0
bxl-e149500-n169000-s500,https://databrussels.be/id/building/1597488,81,0.0,high,225,225,1.0,0.0,0.0,0.0,0,0
bxl-e149500-n169000-s500,https://databrussels.be/id/building/1699226,125,0.0,high,502,502,1.0,0.0,0.0,0.0,0,0
bxl-e149500-n169000-s500,https://databrussels.be/id/building/1732595,67,0.0,high,249,249,1.0,0.0,0.0,0.0,0,0
bxl-e149500-n169000-s500,https://databrussels.be/id/building/1695824,117,0.0,high,467,467,1.0,0.0,0.0,0.0,0,0
bxl-e149500-n169000-s500,https://databrussels.be/id/building/1699207,119,0.0,high,475,475,1.0,0.0,0.0,0.0,0,0
bxl-e149500-n169000-s500,https://databrussels.be/id/building/1729876,52,0.0,high,206,206,1.0,0.0,0.0,0.0,0,0
bxl-e149500-n169000-s500,https://databrussels.be/id/building/1694609,47,0.0,high,189,189,1.0,0.0,0.0,0.0,0,0
bxl-e149500-n169000-s500,https://databrussels.be/id/building/1702725,74,0.0,high,296,296,1.0,0.0,0.0,0.0,0,0
bxl-e149500-n169000-s500,https://databrussels.be/id/building/1710908,55,0.0,high,219,219,1.0,0.0,0.0,0.0,0,0
bxl-e149500-n169000-s500,https://databrussels.be/id/building/1706254,60,0.0,high,240,240,1.0,0.0,0.0,0.0,0,0
bxl-e149500-n169000-s500,https://databrussels.be/id/building/1605441,68,0.0,medium,20,20,1.0,0.0,0.0,0.0,0,0
bxl-e149500-n169000-s500,https://databrussels.be/id/building/1604440,73,0.0,high,80,80,1.0,0.0,0.0,0.0,0,0
bxl-e149500-n169000-s500,https://databrussels.be/id/building/1710922,76,0.0,high,303,303,1.0,0.0,0.0,0.0,0,0
bxl-e149500-n169000-s500,https://databrussels.be/id/building/1601997,59,0.0,high,130,130,1.0,0.0,0.0,0.0,0,0
bxl-e149500-n169000-s500,https://databrussels.be/id/building/1599874,122,0.0,high,371,371,1.0,0.0,0.0,0.0,0,0
bxl-e149500-n169000-s500,https://databrussels.be/id/building/1696946,98,0.0,high,391,391,1.0,0.0,0.0,0.0,0,0
bxl-e149500-n169000-s500,https://databrussels.be/id/building/1620132,95,0.0,high,377,377,1.0,0.0,0.0,0.0,0,0
bxl-e149500-n169000-s500,https://databrussels.be/id/building/1694723,85,0.0,high,340,340,1.0,0.0,0.0,0.0,0,0
bxl-e149500-n169000-s500,https://databrussels.be/id/building/1817252,61,0.0,insufficient,1,1,1.0,0.0,0.0,0.0,0,0
bxl-e149500-n169000-s500,https://databrussels.be/id/building/1798580,65,0.0,high,81,81,1.0,0.0,0.0,0.0,0,0
bxl-e149500-n169000-s500,https://databrussels.be/id/building/1703873,109,0.0,high,437,437,1.0,0.0,0.0,0.0,0,0
bxl-e149500-n169000-s500,https://databrussels.be/id/building/1699258,864,0.0,high,3455,3455,1.0,0.0,0.0,0.0,0,0
bxl-e149500-n169000-s500,https://databrussels.be/id/building/1621341,1212,0.0,high,4843,4843,1.0,0.0,0.0,0.0,0,0
bxl-e149500-n169000-s500,https://databrussels.be/id/building/1735265,65,0.0,high,258,258,1.0,0.0,0.0,0.0,0,0
bxl-e149500-n169000-s500,https://databrussels.be/id/building/1702909,66,0.0,high,266,266,1.0,0.0,0.0,0.0,0,0
bxl-e149500-n169000-s500,https://databrussels.be/id/building/1708589,78,0.0,high,311,311,1.0,0.0,0.0,0.0,0,0
bxl-e149500-n169000-s500,https://databrussels.be/id/building/1700409,220,0.0,high,882,882,1.0,0.0,0.0,0.0,0,0
bxl-e149500-n169000-s500,https://databrussels.be/id/building/1708510,50,0.0,high,199,199,1.0,0.0,0.0,0.0,0,0
bxl-e149500-n169000-s500,https://databrussels.be/id/building/1696864,628,0.0,high,2515,2515,1.0,0.0,0.0,0.0,0,0
bxl-e149500-n169000-s500,https://databrussels.be/id/building/1707618,37,0.0,high,148,148,1.0,0.0,0.0,0.0,0,0
bxl-e149500-n169000-s500,https://databrussels.be/id/building/1697064,41,0.0,high,166,166,1.0,0.0,0.0,0.0,0,0
bxl-e149500-n169000-s500,https://databrussels.be/id/building/1698216,339,0.0,high,1357,1357,1.0,0.0,0.0,0.0,0,0
bxl-e149500-n169000-s500,https://databrussels.be/id/building/1698123,80,0.0,high,319,319,1.0,0.0,0.0,0.0,0,0
bxl-e149500-n169000-s500,https://databrussels.be/id/building/1693501,110,0.0,high,440,440,1.0,0.0,0.0,0.0,0,0
bxl-e149500-n169000-s500,https://databrussels.be/id/building/1694677,103,0.0,high,409,409,1.0,0.0,0.0,0.0,0,0
bxl-e149500-n169000-s500,https://databrussels.be/id/building/1700374,103,0.0,high,413,413,1.0,0.0,0.0,0.0,0,0
bxl-e149500-n169000-s500,https://databrussels.be/id/building/1707595,421,0.0,high,1685,1685,1.0,0.0,0.0,0.0,0,0
bxl-e149500-n169000-s500,https://databrussels.be/id/building/1694685,124,0.0,high,501,501,1.0,0.0,0.0,0.0,0,0
bxl-e149500-n169000-s500,https://databrussels.be/id/building/1697099,334,0.0,high,1338,1338,1.0,0.0,0.0,0.0,0,0
bxl-e149500-n169000-s500,https://databrussels.be/id/building/1732571,50,0.0,high,197,197,1.0,0.0,0.0,0.0,0,0
bxl-e149500-n169000-s500,https://databrussels.be/id/building/1710898,108,0.0,high,431,431,1.0,0.0,0.0,0.0,0,0
bxl-e149500-n169000-s500,https://databrussels.be/id/building/1705019,88,0.0,high,355,355,1.0,0.0,0.0,0.0,0,0
bxl-e149500-n169000-s500,https://databrussels.be/id/building/1704053,104,0.0,high,418,418,1.0,0.0,0.0,0.0,0,0
bxl-e149500-n169000-s500,https://databrussels.be/id/building/1703877,66,0.0,high,263,263,1.0,0.0,0.0,0.0,0,0
bxl-e149500-n169000-s500,https://databrussels.be/id/building/1698051,98,0.0,high,390,390,1.0,0.0,0.0,0.0,0,0
bxl-e149500-n169000-s500,https://databrussels.be/id/building/1617857,59,0.0,high,242,242,1.0,0.0,0.0,0.0,0,0
bxl-e149500-n169000-s500,https://databrussels.be/id/building/1628463,89,0.0,high,362,362,1.0,0.0,0.0,0.0,0,0
bxl-e149500-n169000-s500,https://databrussels.be/id/building/1709858,86,0.0,high,342,342,1.0,0.0,0.0,0.0,0,0
bxl-e149500-n169000-s500,https://databrussels.be/id/building/1706171,44,0.0,high,178,178,1.0,0.0,0.0,0.0,0,0
bxl-e149500-n169000-s500,https://databrussels.be/id/building/1617871,40,0.0,high,159,159,1.0,0.0,0.0,0.0,0,0
bxl-e149500-n169000-s500,https://databrussels.be/id/building/1707630,65,0.0,high,260,260,1.0,0.0,0.0,0.0,0,0
bxl-e149500-n169000-s500,https://databrussels.be/id/building/1751518,83,0.0,high,333,333,1.0,0.0,0.0,0.0,0,0
bxl-e149500-n169000-s500,https://databrussels.be/id/building/1702883,2601,0.0,high,10402,10402,1.0,0.0,0.0,0.0,0,0
bxl-e149500-n169000-s500,https://databrussels.be/id/building/1632006,313,0.0,high,1256,1256,1.0,0.0,0.0,0.0,0,0
bxl-e149500-n169000-s500,https://databrussels.be/id/building/1691706,198,0.0,high,793,793,1.0,0.0,0.0,0.0,0,0
bxl-e149500-n169000-s500,https://databrussels.be/id/building/1694682,124,0.0,high,498,498,1.0,0.0,0.0,0.0,0,0
bxl-e149500-n169000-s500,https://databrussels.be/id/building/1701578,113,0.0,high,456,456,1.0,0.0,0.0,0.0,0,0
bxl-e149500-n169000-s500,https://databrussels.be/id/building/1710959,81,0.0,high,322,322,1.0,0.0,0.0,0.0,0,0
bxl-e149500-n169000-s500,https://databrussels.be/id/building/1732543,88,0.0,high,351,351,1.0,0.0,0.0,0.0,0,0
bxl-e149500-n169000-s500,https://databrussels.be/id/building/1698073,128,0.0,high,509,509,1.0,0.0,0.0,0.0,0,0
bxl-e149500-n169000-s500,https://databrussels.be/id/building/1708609,111,0.0,high,444,444,1.0,0.0,0.0,0.0,0,0
bxl-e149500-n169000-s500,https://databrussels.be/id/building/1705106,152,0.0,high,608,608,1.0,0.0,0.0,0.0,0,0
bxl-e149500-n169000-s500,https://databrussels.be/id/building/1706283,229,0.0,high,915,915,1.0,0.0,0.0,0.0,0,0
bxl-e149500-n169000-s500,https://databrussels.be/id/building/1695902,105,0.0,high,419,419,1.0,0.0,0.0,0.0,0,0
bxl-e149500-n169000-s500,https://databrussels.be/id/building/1694610,47,0.0,high,189,189,1.0,0.0,0.0,0.0,0,0
bxl-e149500-n169000-s500,https://databrussels.be/id/building/1694841,107,0.0,high,432,432,1.0,0.0,0.0,0.0,0,0
bxl-e149500-n169000-s500,https://databrussels.be/id/building/1694844,108,0.0,high,430,430,1.0,0.0,0.0,0.0,0,0
bxl-e149500-n169000-s500,https://databrussels.be/id/building/1709668,50,0.0,high,202,202,1.0,0.0,0.0,0.0,0,0
bxl-e149500-n169000-s500,https://databrussels.be/id/building/1696862,72,0.0,high,291,291,1.0,0.0,0.0,0.0,0,0
bxl-e149500-n169000-s500,https://databrussels.be/id/building/1698077,128,0.0,high,509,509,1.0,0.0,0.0,0.0,0,0
bxl-e149500-n169000-s500,https://databrussels.be/id/building/1696984,69,0.0,high,274,274,1.0,0.0,0.0,0.0,0,0
bxl-e149500-n169000-s500,https://databrussels.be/id/building/1708599,94,0.0,high,381,381,1.0,0.0,0.0,0.0,0,0
bxl-e149500-n169000-s500,https://databrussels.be/id/building/1708531,88,0.0,high,352,352,1.0,0.0,0.0,0.0,0,0
bxl-e149500-n169000-s500,https://databrussels.be/id/building/1709686,142,0.0,high,567,567,1.0,0.0,0.0,0.0,0,0
bxl-e149500-n169500-s500,https://databrussels.be/id/building/1694684,124,0.0,high,494,494,1.0,0.0,0.0,0.0,0,0
bxl-e149500-n169500-s500,https://databrussels.be/id/building/1709684,70,0.0,high,280,280,1.0,0.0,0.0,0.0,0,0
bxl-e149500-n169500-s500,https://databrussels.be/id/building/1693457,92,0.0,high,369,369,1.0,0.0,0.0,0.0,0,0
bxl-e149500-n169500-s500,https://databrussels.be/id/building/1742037,53,0.0,high,211,211,1.0,0.0,0.0,0.0,0,0
bxl-e149500-n169500-s500,https://databrussels.be/id/building/1706229,53,0.0,high,212,212,1.0,0.0,0.0,0.0,0,0
bxl-e149500-n169500-s500,https://databrussels.be/id/building/1629570,202,0.0,high,808,808,1.0,0.0,0.0,0.0,0,0
bxl-e149500-n169500-s500,https://databrussels.be/id/building/1736604,47,0.0,high,190,190,1.0,0.0,0.0,0.0,0,0
bxl-e149500-n169500-s500,https://databrussels.be/id/building/1711143,137,0.0,high,544,544,1.0,0.0,0.0,0.0,0,0
bxl-e149500-n169500-s500,https://databrussels.be/id/building/1736608,58,0.0,high,230,230,1.0,0.0,0.0,0.0,0,0
bxl-e149500-n169500-s500,https://databrussels.be/id/building/1706174,44,0.0,high,175,175,1.0,0.0,0.0,0.0,0,0
bxl-e149500-n169500-s500,https://databrussels.be/id/building/1709788,100,0.0,high,399,399,1.0,0.0,0.0,0.0,0,0
bxl-e149500-n169500-s500,https://databrussels.be/id/building/1736561,39,0.0,high,158,158,1.0,0.0,0.0,0.0,0,0
bxl-e149500-n169500-s500,https://databrussels.be/id/building/1706223,53,0.0,high,210,210,1.0,0.0,0.0,0.0,0,0
bxl-e149500-n169500-s500,https://databrussels.be/id/building/1707617,37,0.0,high,147,147,1.0,0.0,0.0,0.0,0,0
bxl-e149500-n169500-s500,https://databrussels.be/id/building/1707383,70,0.0,high,279,279,1.0,0.0,0.0,0.0,0,0
bxl-e149500-n169500-s500,https://databrussels.be/id/building/1630673,199,0.0,high,795,795,1.0,0.0,0.0,0.0,0,0
bxl-e149500-n169500-s500,https://databrussels.be/id/building/1629666,59,0.0,high,234,234,1.0,0.0,0.0,0.0,0,0
bxl-e149500-n169500-s500,https://databrussels.be/id/building/1699215,139,0.0,high,559,559,1.0,0.0,0.0,0.0,0,0
bxl-e149500-n169500-s500,https://databrussels.be/id/building/1629628,249,0.0,high,997,997,1.0,0.0,0.0,0.0,0,0
bxl-e149500-n169500-s500,https://databrussels.be/id/building/1705099,82,0.0,high,325,325,1.0,0.0,0.0,0.0,0,0
bxl-e149500-n169500-s500,https://databrussels.be/id/building/1808221,111,0.0,high,446,446,1.0,0.0,0.0,0.0,0,0
bxl-e149500-n169500-s500,https://databrussels.be/id/building/1705068,90,0.0,high,361,361,1.0,0.0,0.0,0.0,0,0
bxl-e149500-n169500-s500,https://databrussels.be/id/building/1706175,45,0.0,high,179,179,1.0,0.0,0.0,0.0,0,0
bxl-e149500-n169500-s500,https://databrussels.be/id/building/1707651,138,0.0,high,552,552,1.0,0.0,0.0,0.0,0,0
bxl-e149500-n169500-s500,https://databrussels.be/id/building/1706170,44,0.0,high,176,176,1.0,0.0,0.0,0.0,0,0
bxl-e149500-n169500-s500,https://databrussels.be/id/building/1630651,285,0.0,high,1139,1139,1.0,0.0,0.0,0.0,0,0
bxl-e149500-n169500-s500,https://databrussels.be/id/building/1794610,87,0.0,high,344,344,1.0,0.0,0.0,0.0,0,0
bxl-e149500-n169500-s500,https://databrussels.be/id/building/1706227,53,0.0,high,215,215,1.0,0.0,0.0,0.0,0,0
bxl-e149500-n169500-s500,https://databrussels.be/id/building/1616649,9,0.0,medium,38,38,1.0,0.0,0.0,0.0,0,0
bxl-e149500-n169500-s500,https://databrussels.be/id/building/1702857,198,0.0,high,794,794,1.0,0.0,0.0,0.0,0,0
bxl-e149500-n169500-s500,https://databrussels.be/id/building/1708573,51,0.0,high,204,204,1.0,0.0,0.0,0.0,0,0
bxl-e149500-n169500-s500,https://databrussels.be/id/building/1742097,82,0.0,high,326,326,1.0,0.0,0.0,0.0,0,0
bxl-e149500-n169500-s500,https://databrussels.be/id/building/1700359,101,0.0,high,406,406,1.0,0.0,0.0,0.0,0,0
bxl-e149500-n169500-s500,https://databrussels.be/id/building/1696931,213,0.0,high,852,852,1.0,0.0,0.0,0.0,0,0
bxl-e149500-n169500-s500,https://databrussels.be/id/building/1694704,103,0.0,high,410,410,1.0,0.0,0.0,0.0,0,0
bxl-e149500-n169500-s500,https://databrussels.be/id/building/1700414,679,0.0,high,2715,2715,1.0,0.0,0.0,0.0,0,0
bxl-e149500-n169500-s500,https://databrussels.be/id/building/1707643,186,0.0,high,741,741,1.0,0.0,0.0,0.0,0,0
bxl-e149500-n169500-s500,https://databrussels.be/id/building/1708657,84,0.0,high,336,336,1.0,0.0,0.0,0.0,0,0
bxl-e149500-n169500-s500,https://databrussels.be/id/building/1709784,96,0.0,high,378,378,1.0,0.0,0.0,0.0,0,0
bxl-e149500-n169500-s500,https://databrussels.be/id/building/1631814,59,0.0,high,238,238,1.0,0.0,0.0,0.0,0,0
bxl-e149500-n169500-s500,https://databrussels.be/id/building/1628465,49,0.0,high,197,197,1.0,0.0,0.0,0.0,0,0
bxl-e149500-n169500-s500,https://databrussels.be/id/building/1699206,119,0.0,high,479,479,1.0,0.0,0.0,0.0,0,0
bxl-e149500-n169500-s500,https://databrussels.be/id/building/1782199,40,0.0,high,161,161,1.0,0.0,0.0,0.0,0,0
bxl-e149500-n169500-s500,https://databrussels.be/id/building/1706295,114,0.0,high,457,457,1.0,0.0,0.0,0.0,0,0
bxl-e149500-n169500-s500,https://databrussels.be/id/building/1702628,68,0.0,high,270,270,1.0,0.0,0.0,0.0,0,0
bxl-e149500-n169500-s500,https://databrussels.be/id/building/1708753,42,0.0,high,166,166,1.0,0.0,0.0,0.0,0,0
bxl-e149500-n169500-s500,https://databrussels.be/id/building/1703893,77,0.0,high,299,299,1.0,0.0,0.0,0.0,0,0
bxl-e149500-n169500-s500,https://databrussels.be/id/building/1709736,108,0.0,high,433,433,1.0,0.0,0.0,0.0,0,0
bxl-e149500-n169500-s500,https://databrussels.be/id/building/1706255,60,0.0,high,242,242,1.0,0.0,0.0,0.0,0,0
bxl-e149500-n169500-s500,https://databrussels.be/id/building/1633219,87,0.0,high,345,345,1.0,0.0,0.0,0.0,0,0
bxl-e149500-n169500-s500,https://databrussels.be/id/building/1694627,26,0.0,high,105,105,1.0,0.0,0.0,0.0,0,0
bxl-e149500-n169500-s500,https://databrussels.be/id/building/1740673,34,0.0,high,135,135,1.0,0.0,0.0,0.0,0,0
bxl-e149500-n169500-s500,https://databrussels.be/id/building/1706263,92,0.0,high,365,365,1.0,0.0,0.0,0.0,0,0
bxl-e149500-n169500-s500,https://databrussels.be/id/building/1698276,36,0.0,high,147,147,1.0,0.0,0.0,0.0,0,0
bxl-e149500-n169500-s500,https://databrussels.be/id/building/1698275,36,0.0,high,145,145,1.0,0.0,0.0,0.0,0,0
bxl-e149500-n169500-s500,https://databrussels.be/id/building/1696987,87,0.0,high,349,349,1.0,0.0,0.0,0.0,0,0
bxl-e149500-n169500-s500,https://databrussels.be/id/building/1631781,21,0.0,high,82,82,1.0,0.0,0.0,0.0,0,0
bxl-e149500-n169500-s500,https://databrussels.be/id/building/1617853,36,0.0,high,142,142,1.0,0.0,0.0,0.0,0,0
bxl-e149500-n169500-s500,https://databrussels.be/id/building/1740672,29,0.0,high,115,115,1.0,0.0,0.0,0.0,0,0
bxl-e149500-n169500-s500,https://databrussels.be/id/building/1694630,27,0.0,high,108,108,1.0,0.0,0.0,0.0,0,0
bxl-e149500-n169500-s500,https://databrussels.be/id/building/1698057,98,0.0,high,389,389,1.0,0.0,0.0,0.0,0,0
bxl-e149500-n169500-s500,https://databrussels.be/id/building/1696010,33,0.0,high,129,129,1.0,0.0,0.0,0.0,0,0
bxl-e149500-n169500-s500,https://databrussels.be/id/building/1740671,27,0.0,high,107,107,1.0,0.0,0.0,0.0,0,0
bxl-e149500-n169500-s500,https://databrussels.be/id/building/1693581,67,0.0,high,269,269,1.0,0.0,0.0,0.0,0,0
bxl-e149500-n169500-s500,https://databrussels.be/id/building/1710849,71,0.0,high,289,289,1.0,0.0,0.0,0.0,0,0
bxl-e149500-n169500-s500,https://databrussels.be/id/building/1698273,35,0.0,high,141,141,1.0,0.0,0.0,0.0,0,0
bxl-e149500-n169500-s500,https://databrussels.be/id/building/1695756,69,0.0,high,277,277,1.0,0.0,0.0,0.0,0,0
bxl-e149500-n169500-s500,https://databrussels.be/id/building/1706286,230,0.0,high,922,922,1.0,0.0,0.0,0.0,0,0
bxl-e149500-n169500-s500,https://databrussels.be/id/building/1629559,194,0.0,high,775,775,1.0,0.0,0.0,0.0,0,0
bxl-e149500-n169500-s500,https://databrussels.be/id/building/1694692,287,0.0,high,1145,1145,1.0,0.0,0.0,0.0,0,0
bxl-e149500-n169500-s500,https://databrussels.be/id/building/1695835,150,0.0,high,604,604,1.0,0.0,0.0,0.0,0,0
bxl-e149500-n169500-s500,https://databrussels.be/id/building/1773742,91,0.0,high,368,368,1.0,0.0,0.0,0.0,0,0
bxl-e149500-n169500-s500,https://databrussels.be/id/building/1703796,112,0.0,high,447,447,1.0,0.0,0.0,0.0,0,0
bxl-e149500-n169500-s500,https://databrussels.be/id/building/1701526,136,0.0,high,543,543,1.0,0.0,0.0,0.0,0,0
bxl-e149500-n169500-s500,https://databrussels.be/id/building/1773741,110,0.0,high,438,438,1.0,0.0,0.0,0.0,0,0
bxl-e149500-n169500-s500,https://databrussels.be/id/building/1693455,92,0.0,high,368,368,1.0,0.0,0.0,0.0,0,0
bxl-e149500-n169500-s500,https://databrussels.be/id/building/1693475,78,0.0,high,312,312,1.0,0.0,0.0,0.0,0,0
bxl-e149500-n169500-s500,https://databrussels.be/id/building/1696921,145,0.0,high,583,583,1.0,0.0,0.0,0.0,0,0
bxl-e149500-n169500-s500,https://databrussels.be/id/building/1736557,32,0.0,high,129,129,1.0,0.0,0.0,0.0,0,0
bxl-e149500-n169500-s500,https://databrussels.be/id/building/1628472,73,0.0,high,293,293,1.0,0.0,0.0,0.0,0,0
bxl-e149500-n169500-s500,https://databrussels.be/id/building/1705060,52,0.0,high,205,205,1.0,0.0,0.0,0.0,0,0
bxl-e149500-n169500-s500,https://databrussels.be/id/building/1700367,100,0.0,high,402,402,1.0,0.0,0.0,0.0,0,0
bxl-e149500-n169500-s500,https://databrussels.be/id/building/1631953,165,0.0,high,660,660,1.0,0.0,0.0,0.0,0,0
bxl-e149500-n169500-s500,https://databrussels.be/id/building/1709778,74,0.0,high,294,294,1.0,0.0,0.0,0.0,0,0
bxl-e149500-n169500-s500,https://databrussels.be/id/building/1703926,49,0.0,high,197,197,1.0,0.0,0.0,0.0,0,0
bxl-e149500-n169500-s500,https://databrussels.be/id/building/1706168,43,0.0,high,172,172,1.0,0.0,0.0,0.0,0,0
bxl-e149500-n169500-s500,https://databrussels.be/id/building/1632064,273,0.0,high,1091,1091,1.0,0.0,0.0,0.0,0,0
bxl-e149500-n169500-s500,https://databrussels.be/id/building/1693576,66,0.0,high,264,264,1.0,0.0,0.0,0.0,0,0
bxl-e149500-n169500-s500,https://databrussels.be/id/building/1698177,42,0.0,high,167,167,1.0,0.0,0.0,0.0,0,0
bxl-e149500-n169500-s500,https://databrussels.be/id/building/1703871,109,0.0,high,438,438,1.0,0.0,0.0,0.0,0,0
bxl-e149500-n169500-s500,https://databrussels.be/id/building/1708812,194,0.0,high,776,776,1.0,0.0,0.0,0.0,0,0
bxl-e149500-n169500-s500,https://databrussels.be/id/building/1702910,50,0.0,high,198,198,1.0,0.0,0.0,0.0,0,0
bxl-e149500-n169500-s500,https://databrussels.be/id/building/1694631,28,0.0,high,114,114,1.0,0.0,0.0,0.0,0,0
bxl-e149500-n169500-s500,https://databrussels.be/id/building/1698067,101,0.0,high,404,404,1.0,0.0,0.0,0.0,0,0
bxl-e149500-n169500-s500,https://databrussels.be/id/building/1736556,30,0.0,high,122,122,1.0,0.0,0.0,0.0,0,0
bxl-e149500-n169500-s500,https://databrussels.be/id/building/1706165,43,0.0,high,171,171,1.0,0.0,0.0,0.0,0,0
bxl-e149500-n169500-s500,https://databrussels.be/id/building/1737890,256,0.0,high,1024,1024,1.0,0.0,0.0,0.0,0,0
bxl-e149500-n169500-s500,https://databrussels.be/id/building/1693526,94,0.0,high,380,380,1.0,0.0,0.0,0.0,0,0
bxl-e149500-n169500-s500,https://databrussels.be/id/building/1709680,47,0.0,high,188,188,1.0,0.0,0.0,0.0,0,0
bxl-e149500-n169500-s500,https://databrussels.be/id/building/1737879,146,0.0,high,580,580,1.0,0.0,0.0,0.0,0,0
bxl-e149500-n169500-s500,https://databrussels.be/id/building/1737875,132,0.0,high,524,524,1.0,0.0,0.0,0.0,0,0
bxl-e149500-n169500-s500,https://databrussels.be/id/building/1793733,108,0.0,high,433,433,1.0,0.0,0.0,0.0,0,0
bxl-e149500-n169500-s500,https://databrussels.be/id/building/1633056,167,0.0,high,665,665,1.0,0.0,0.0,0.0,0,0
bxl-e149500-n169500-s500,https://databrussels.be/id/building/1740708,101,0.0,high,405,405,1.0,0.0,0.0,0.0,0,0
bxl-e149500-n169500-s500,https://databrussels.be/id/building/1733922,59,0.0,high,239,239,1.0,0.0,0.0,0.0,0,0
bxl-e149500-n169500-s500,https://databrussels.be/id/building/1736562,33,0.0,high,133,133,1.0,0.0,0.0,0.0,0,0
bxl-e149500-n169500-s500,https://databrussels.be/id/building/1708506,422,0.0,high,1689,1689,1.0,0.0,0.0,0.0,0,0
bxl-e149500-n169500-s500,https://databrussels.be/id/building/1628475,73,0.0,high,292,292,1.0,0.0,0.0,0.0,0,0
bxl-e149500-n169500-s500,https://databrussels.be/id/building/1783205,382,0.0,high,1529,1529,1.0,0.0,0.0,0.0,0,0
bxl-e149500-n169500-s500,https://databrussels.be/id/building/1740711,111,0.0,high,443,443,1.0,0.0,0.0,0.0,0,0
bxl-e149500-n169500-s500,https://databrussels.be/id/building/1710951,121,0.0,high,487,487,1.0,0.0,0.0,0.0,0,0
bxl-e149500-n169500-s500,https://databrussels.be/id/building/1616640,624,0.0,high,2492,2492,1.0,0.0,0.0,0.0,0,0
bxl-e149500-n169500-s500,https://databrussels.be/id/building/1707467,122,0.0,high,490,490,1.0,0.0,0.0,0.0,0,0
bxl-e149500-n169500-s500,https://databrussels.be/id/building/1736567,51,0.0,high,205,205,1.0,0.0,0.0,0.0,0,0
bxl-e149500-n169500-s500,https://databrussels.be/id/building/1694670,124,0.0,high,495,495,1.0,0.0,0.0,0.0,0,0
bxl-e149500-n169500-s500,https://databrussels.be/id/building/1702851,196,0.0,high,785,785,1.0,0.0,0.0,0.0,0,0
bxl-e149500-n169500-s500,https://databrussels.be/id/building/1701569,87,0.0,high,350,350,1.0,0.0,0.0,0.0,0,0
bxl-e149500-n169500-s500,https://databrussels.be/id/building/1700406,220,0.0,high,878,878,1.0,0.0,0.0,0.0,0,0
bxl-e149500-n169500-s500,https://databrussels.be/id/building/1700370,126,0.0,high,503,503,1.0,0.0,0.0,0.0,0,0
bxl-e149500-n169500-s500,https://databrussels.be/id/building/1736563,49,0.0,high,197,197,1.0,0.0,0.0,0.0,0,0
bxl-e149500-n169500-s500,https://databrussels.be/id/building/1696920,145,0.0,high,581,581,1.0,0.0,0.0,0.0,0,0
bxl-e149500-n169500-s500,https://databrussels.be/id/building/1696945,155,0.0,high,618,618,1.0,0.0,0.0,0.0,0,0
bxl-e149500-n169500-s500,https://databrussels.be/id/building/1694646,97,0.0,high,386,386,1.0,0.0,0.0,0.0,0,0
bxl-e149500-n169500-s500,https://databrussels.be/id/building/1735271,86,0.0,high,342,342,1.0,0.0,0.0,0.0,0,0
bxl-e149500-n169500-s500,https://databrussels.be/id/building/1736592,87,0.0,high,350,350,1.0,0.0,0.0,0.0,0,0
bxl-e149500-n169500-s500,https://databrussels.be/id/building/1696959,126,0.0,high,503,503,1.0,0.0,0.0,0.0,0,0
bxl-e149500-n169500-s500,https://databrussels.be/id/building/1740709,104,0.0,high,416,416,1.0,0.0,0.0,0.0,0,0
bxl-e149500-n169500-s500,https://databrussels.be/id/building/1707341,112,0.0,high,448,448,1.0,0.0,0.0,0.0,0,0
bxl-e149500-n169500-s500,https://databrussels.be/id/building/1710869,115,0.0,high,459,459,1.0,0.0,0.0,0.0,0,0
bxl-e149500-n169500-s500,https://databrussels.be/id/building/1731163,106,0.0,high,423,423,1.0,0.0,0.0,0.0,0,0
bxl-e149500-n169500-s500,https://databrussels.be/id/building/1731164,104,0.0,high,413,413,1.0,0.0,0.0,0.0,0,0
bxl-e149500-n169500-s500,https://databrussels.be/id/building/1708773,132,0.0,high,530,530,1.0,0.0,0.0,0.0,0,0
bxl-e149500-n169500-s500,https://databrussels.be/id/building/1705020,88,0.0,high,354,354,1.0,0.0,0.0,0.0,0,0
bxl-e149500-n169500-s500,https://databrussels.be/id/building/1698070,125,0.0,high,500,500,1.0,0.0,0.0,0.0,0,0
bxl-e149500-n169500-s500,https://databrussels.be/id/building/1632026,121,0.0,high,485,485,1.0,0.0,0.0,0.0,0,0
bxl-e149500-n169500-s500,https://databrussels.be/id/building/1629569,220,0.0,high,881,881,1.0,0.0,0.0,0.0,0,0
bxl-e149500-n169500-s500,https://databrussels.be/id/building/1697029,192,0.0,high,767,767,1.0,0.0,0.0,0.0,0,0
bxl-e149500-n169500-s500,https://databrussels.be/id/building/1694666,123,0.0,high,492,492,1.0,0.0,0.0,0.0,0,0
bxl-e149500-n169500-s500,https://databrussels.be/id/building/1632027,121,0.0,high,490,490,1.0,0.0,0.0,0.0,0,0
bxl-e149500-n169500-s500,https://databrussels.be/id/building/1752151,30,0.0,high,119,119,1.0,0.0,0.0,0.0,0,0
bxl-e149500-n169500-s500,https://databrussels.be/id/building/1736609,59,0.0,high,235,235,1.0,0.0,0.0,0.0,0,0
bxl-e149500-n169500-s500,https://databrussels.be/id/building/1731173,153,0.0,high,612,612,1.0,0.0,0.0,0.0,0,0
bxl-e149500-n169500-s500,https://databrussels.be/id/building/1752148,44,0.0,high,175,175,1.0,0.0,0.0,0.0,0,0
bxl-e149500-n169500-s500,https://databrussels.be/id/building/1629585,457,0.0,high,1832,1832,1.0,0.0,0.0,0.0,0,0
bxl-e149500-n169500-s500,https://databrussels.be/id/building/1696863,73,0.0,high,291,291,1.0,0.0,0.0,0.0,0,0
bxl-e149500-n169500-s500,https://databrussels.be/id/building/1707454,76,0.0,high,307,307,1.0,0.0,0.0,0.0,0,0
bxl-e149500-n169500-s500,https://databrussels.be/id/building/1709740,108,0.0,high,434,434,1.0,0.0,0.0,0.0,0,0
bxl-e149500-n169500-s500,https://databrussels.be/id/building/1706251,57,0.0,high,228,228,1.0,0.0,0.0,0.0,0,0
bxl-e149500-n169500-s500,https://databrussels.be/id/building/1805673,35,0.0,high,139,139,1.0,0.0,0.0,0.0,0,0
bxl-e149500-n169500-s500,https://databrussels.be/id/building/1628476,73,0.0,high,291,291,1.0,0.0,0.0,0.0,0,0
bxl-e149500-n169500-s500,https://databrussels.be/id/building/1710878,115,0.0,high,460,460,1.0,0.0,0.0,0.0,0,0
bxl-e149500-n169500-s500,https://databrussels.be/id/building/1709737,108,0.0,high,432,432,1.0,0.0,0.0,0.0,0,0
bxl-e149500-n169500-s500,https://databrussels.be/id/building/1709669,51,0.0,high,201,201,1.0,0.0,0.0,0.0,0,0
bxl-e149500-n169500-s500,https://databrussels.be/id/building/1709915,67,0.0,high,267,267,1.0,0.0,0.0,0.0,0,0
bxl-e149500-n169500-s500,https://databrussels.be/id/building/1708613,81,0.0,high,322,322,1.0,0.0,0.0,0.0,0,0
bxl-e149500-n169500-s500,https://databrussels.be/id/building/1699232,172,0.0,high,692,692,1.0,0.0,0.0,0.0,0,0
bxl-e149500-n169500-s500,https://databrussels.be/id/building/1808201,45,0.0,high,183,183,1.0,0.0,0.0,0.0,0,0
bxl-e149500-n169500-s500,https://databrussels.be/id/building/1701508,130,0.0,high,522,522,1.0,0.0,0.0,0.0,0,0
bxl-e149500-n169500-s500,https://databrussels.be/id/building/1732507,175,0.0,high,698,698,1.0,0.0,0.0,0.0,0,0
bxl-e149500-n169500-s500,https://databrussels.be/id/building/1706264,114,0.0,high,449,449,1.0,0.0,0.0,0.0,0,0
bxl-e149500-n169500-s500,https://databrussels.be/id/building/1622437,160,0.0,high,642,642,1.0,0.0,0.0,0.0,0,0
bxl-e149500-n169500-s500,https://databrussels.be/id/building/1702712,180,0.0,high,717,717,1.0,0.0,0.0,0.0,0,0
bxl-e149500-n169500-s500,https://databrussels.be/id/building/1702906,185,0.0,high,734,734,1.0,0.0,0.0,0.0,0,0
bxl-e149500-n169500-s500,https://databrussels.be/id/building/1629603,18,0.0,high,72,72,1.0,0.0,0.0,0.0,0,0
bxl-e149500-n169500-s500,https://databrussels.be/id/building/1632039,124,0.0,high,500,500,1.0,0.0,0.0,0.0,0,0
bxl-e149500-n169500-s500,https://databrussels.be/id/building/1694662,99,0.0,high,403,403,1.0,0.0,0.0,0.0,0,0
bxl-e149500-n169500-s500,https://databrussels.be/id/building/1709907,42,0.0,high,169,169,1.0,0.0,0.0,0.0,0,0
bxl-e149500-n169500-s500,https://databrussels.be/id/building/1694638,31,0.0,high,128,128,1.0,0.0,0.0,0.0,0,0
bxl-e149500-n169500-s500,https://databrussels.be/id/building/1788005,41,0.0,high,164,164,1.0,0.0,0.0,0.0,0,0
bxl-e149500-n169500-s500,https://databrussels.be/id/building/1693583,43,0.0,high,178,178,1.0,0.0,0.0,0.0,0,0
bxl-e149500-n169500-s500,https://databrussels.be/id/building/1710938,96,0.0,high,386,386,1.0,0.0,0.0,0.0,0,0
bxl-e149500-n169500-s500,https://databrussels.be/id/building/1706160,44,0.0,high,174,174,1.0,0.0,0.0,0.0,0,0
bxl-e149500-n169500-s500,https://databrussels.be/id/building/1736610,60,0.0,high,239,239,1.0,0.0,0.0,0.0,0,0
bxl-e149500-n169500-s500,https://databrussels.be/id/building/1707450,73,0.0,high,285,285,1.0,0.0,0.0,0.0,0,0
bxl-e149500-n169500-s500,https://databrussels.be/id/building/1695832,138,0.0,high,552,552,1.0,0.0,0.0,0.0,0,0
bxl-e149500-n169500-s500,https://databrussels.be/id/building/1709775,91,0.0,high,364,364,1.0,0.0,0.0,0.0,0,0
bxl-e149500-n169500-s500,https://databrussels.be/id/building/1630835,95,0.0,high,379,379,1.0,0.0,0.0,0.0,0,0
bxl-e149500-n169500-s500,https://databrussels.be/id/building/1699205,120,0.0,high,480,480,1.0,0.0,0.0,0.0,0,0
bxl-e149500-n169500-s500,https://databrussels.be/id/building/1709735,108,0.0,high,431,431,1.0,0.0,0.0,0.0,0,0
bxl-e149500-n169500-s500,https://databrussels.be/id/building/1737885,170,0.0,high,679,679,1.0,0.0,0.0,0.0,0,0
bxl-e149500-n169500-s500,https://databrussels.be/id/building/1705092,108,0.0,high,432,432,1.0,0.0,0.0,0.0,0,0
bxl-e149500-n169500-s500,https://databrussels.be/id/building/1628464,89,0.0,high,358,358,1.0,0.0,0.0,0.0,0,0
bxl-e149500-n169500-s500,https://databrussels.be/id/building/1705057,51,0.0,high,207,207,1.0,0.0,0.0,0.0,0,0
bxl-e149500-n169500-s500,https://databrussels.be/id/building/1695827,117,0.0,high,465,465,1.0,0.0,0.0,0.0,0,0
bxl-e149500-n169500-s500,https://databrussels.be/id/building/1701689,342,0.0,high,1369,1369,1.0,0.0,0.0,0.0,0,0
bxl-e149500-n169500-s500,https://databrussels.be/id/building/1693516,83,0.0,high,334,334,1.0,0.0,0.0,0.0,0,0
bxl-e149500-n169500-s500,https://databrussels.be/id/building/1706298,143,0.0,high,570,570,1.0,0.0,0.0,0.0,0,0
bxl-e149500-n169500-s500,https://databrussels.be/id/building/1708600,94,0.0,high,377,377,1.0,0.0,0.0,0.0,0,0
bxl-e149500-n169500-s500,https://databrussels.be/id/building/1702884,3335,0.0,high,13344,13344,1.0,0.0,0.0,0.0,0,0
bxl-e149500-n169500-s500,https://databrussels.be/id/building/1695865,259,0.0,high,1040,1040,1.0,0.0,0.0,0.0,0,0
bxl-e149500-n169500-s500,https://databrussels.be/id/building/1693460,93,0.0,high,370,370,1.0,0.0,0.0,0.0,0,0
bxl-e149500-n169500-s500,https://databrussels.be/id/building/1693606,106,0.0,high,423,423,1.0,0.0,0.0,0.0,0,0
bxl-e149500-n169500-s500,https://databrussels.be/id/building/1632041,121,0.0,high,484,484,1.0,0.0,0.0,0.0,0,0
bxl-e149500-n169500-s500,https://databrussels.be/id/building/1708497,113,0.0,high,453,453,1.0,0.0,0.0,0.0,0,0
bxl-e149500-n169500-s500,https://databrussels.be/id/building/1633159,302,0.0,high,1212,1212,1.0,0.0,0.0,0.0,0,0
bxl-e149500-n169500-s500,https://databrussels.be/id/building/1698182,134,0.0,high,535,535,1.0,0.0,0.0,0.0,0,0
bxl-e149500-n169500-s500,https://databrussels.be/id/building/1616643,1055,0.0,high,4217,4217,1.0,0.0,0.0,0.0,0,0
bxl-e149500-n169500-s500,https://databrussels.be/id/building/1696015,65,0.0,high,257,257,1.0,0.0,0.0,0.0,0,0
bxl-e149500-n169500-s500,https://databrussels.be/id/building/1702905,328,0.0,high,1312,1312,1.0,0.0,0.0,0.0,0,0
bxl-e149500-n169500-s500,https://databrussels.be/id/building/1629571,199,0.0,high,799,799,1.0,0.0,0.0,0.0,0,0
bxl-e149500-n169500-s500,https://databrussels.be/id/building/1632038,121,0.0,high,485,485,1.0,0.0,0.0,0.0,0,0
bxl-e149500-n169500-s500,https://databrussels.be/id/building/1697065,41,0.0,high,160,160,1.0,0.0,0.0,0.0,0,0
bxl-e149500-n169500-s500,https://databrussels.be/id/building/1779499,166,0.0,high,663,663,1.0,0.0,0.0,0.0,0,0
bxl-e149500-n169500-s500,https://databrussels.be/id/building/1699229,473,0.0,high,1889,1889,1.0,0.0,0.0,0.0,0,0
bxl-e149500-n169500-s500,https://databrussels.be/id/building/1700393,137,0.0,high,545,545,1.0,0.0,0.0,0.0,0,0
bxl-e149500-n169500-s500,https://databrussels.be/id/building/1631961,165,0.0,high,662,662,1.0,0.0,0.0,0.0,0,0
bxl-e149500-n169500-s500,https://databrussels.be/id/building/1702716,185,0.0,high,742,742,1.0,0.0,0.0,0.0,0,0
bxl-e149500-n169500-s500,https://databrussels.be/id/building/1699245,501,0.0,high,2000,2000,1.0,0.0,0.0,0.0,0,0
bxl-e149500-n169500-s500,https://databrussels.be/id/building/1694753,314,0.0,high,1255,1255,1.0,0.0,0.0,0.0,0,0
bxl-e149500-n169500-s500,https://databrussels.be/id/building/1659323,18,0.0,high,71,71,1.0,0.0,0.0,0.0,0,0
bxl-e149500-n169500-s500,https://databrussels.be/id/building/1732274,4485,0.0,high,17939,17939,1.0,0.0,0.0,0.0,0,0
bxl-e149500-n169500-s500,https://databrussels.be/id/building/1694750,358,0.0,high,1435,1435,1.0,0.0,0.0,0.0,0,0
bxl-e149500-n169500-s500,https://databrussels.be/id/building/1778793,91,0.0,high,360,360,1.0,0.0,0.0,0.0,0,0
bxl-e149500-n169500-s500,https://databrussels.be/id/building/1789344,60,0.0,high,238,238,1.0,0.0,0.0,0.0,0,0
bxl-e149500-n169500-s500,https://databrussels.be/id/building/1710989,800,0.0,high,3197,3197,1.0,0.0,0.0,0.0,0,0
bxl-e149500-n169500-s500,https://databrussels.be/id/building/1789265,230,0.0,high,919,919,1.0,0.0,0.0,0.0,0,0
bxl-e149500-n169500-s500,https://databrussels.be/id/building/1771893,175,0.0,high,701,701,1.0,0.0,0.0,0.0,0,0
bxl-e149500-n169500-s500,https://databrussels.be/id/building/1778791,213,0.0,high,849,849,1.0,0.0,0.0,0.0,0,0
bxl-e149500-n169500-s500,https://databrussels.be/id/building/1708507,409,0.0,high,1634,1634,1.0,0.0,0.0,0.0,0,0
bxl-e149500-n169500-s500,https://databrussels.be/id/building/1705035,896,0.0,high,3582,3582,1.0,0.0,0.0,0.0,0,0
bxl-e149500-n169500-s500,https://databrussels.be/id/building/1694715,592,0.0,high,2366,2366,1.0,0.0,0.0,0.0,0,0
bxl-e149500-n169500-s500,https://databrussels.be/id/building/1651466,524,0.0,high,2007,2007,1.0,0.0,0.0,0.0,0,0
bxl-e149500-n169500-s500,https://databrussels.be/id/building/1736597,93,0.0,high,374,374,1.0,0.0,0.0,0.0,0,0
bxl-e149500-n169500-s500,https://databrussels.be/id/building/1696968,168,0.0,high,677,677,1.0,0.0,0.0,0.0,0,0
bxl-e149500-n169500-s500,https://databrussels.be/id/building/1740707,99,0.0,high,397,397,1.0,0.0,0.0,0.0,0,0
bxl-e149500-n169500-s500,https://databrussels.be/id/building/1737876,132,0.0,high,531,531,1.0,0.0,0.0,0.0,0,0
bxl-e149500-n169500-s500,https://databrussels.be/id/building/1736593,88,0.0,high,349,349,1.0,0.0,0.0,0.0,0,0
bxl-e149500-n169500-s500,https://databrussels.be/id/building/1703902,79,0.0,high,319,319,1.0,0.0,0.0,0.0,0,0
bxl-e149500-n169500-s500,https://databrussels.be/id/building/1632056,167,0.0,high,670,670,1.0,0.0,0.0,0.0,0,0
bxl-e149500-n169500-s500,https://databrussels.be/id/building/1708652,94,0.0,high,376,376,1.0,0.0,0.0,0.0,0,0
bxl-e149500-n169500-s500,https://databrussels.be/id/building/1737883,162,0.0,high,648,648,1.0,0.0,0.0,0.0,0,0
bxl-e149500-n169500-s500,https://databrussels.be/id/building/1632040,121,0.0,high,483,483,1.0,0.0,0.0,0.0,0,0
bxl-e149500-n169500-s500,https://databrussels.be/id/building/1703875,109,0.0,high,437,437,1.0,0.0,0.0,0.0,0,0
bxl-e149500-n169500-s500,https://databrussels.be/id/building/1698092,102,0.0,high,410,410,1.0,0.0,0.0,0.0,0,0
bxl-e149500-n169500-s500,https://databrussels.be/id/building/1736596,92,0.0,high,367,367,1.0,0.0,0.0,0.0,0,0
bxl-e149500-n169500-s500,https://databrussels.be/id/building/1706429,134,0.0,high,536,536,1.0,0.0,0.0,0.0,0,0
bxl-e149500-n169500-s500,https://databrussels.be/id/building/1703894,79,0.0,high,316,316,1.0,0.0,0.0,0.0,0,0
bxl-e149500-n169500-s500,https://databrussels.be/id/building/1667333,24,0.0,high,95,95,1.0,0.0,0.0,0.0,0,0
bxl-e149500-n169500-s500,https://databrussels.be/id/building/1704051,104,0.0,high,416,416,1.0,0.0,0.0,0.0,0,0
bxl-e149500-n169500-s500,https://databrussels.be/id/building/1708534,499,0.0,high,1997,1997,1.0,0.0,0.0,0.0,0,0
bxl-e149500-n169500-s500,https://databrussels.be/id/building/1667332,14,0.0,medium,58,58,1.0,0.0,0.0,0.0,0,0
bxl-e149500-n169500-s500,https://databrussels.be/id/building/1629625,239,0.0,high,956,956,1.0,0.0,0.0,0.0,0,0
bxl-e149500-n169500-s500,https://databrussels.be/id/building/1707375,210,0.0,high,839,839,1.0,0.0,0.0,0.0,0,0
bxl-e149500-n169500-s500,https://databrussels.be/id/building/1698212,326,0.0,high,1306,1306,1.0,0.0,0.0,0.0,0,0
bxl-e149500-n169500-s500,https://databrussels.be/id/building/1710937,97,0.0,high,389,389,1.0,0.0,0.0,0.0,0,0
bxl-e149500-n169500-s500,https://databrussels.be/id/building/1702850,196,0.0,high,783,783,1.0,0.0,0.0,0.0,0,0
bxl-e149500-n169500-s500,https://databrussels.be/id/building/1694661,96,0.0,high,383,383,1.0,0.0,0.0,0.0,0,0
bxl-e149500-n169500-s500,https://databrussels.be/id/building/1701564,87,0.0,high,349,349,1.0,0.0,0.0,0.0,0,0
bxl-e149500-n169500-s500,https://databrussels.be/id/building/1703909,90,0.0,high,359,359,1.0,0.0,0.0,0.0,0,0
bxl-e149500-n169500-s500,https://databrussels.be/id/building/1708533,88,0.0,high,353,353,1.0,0.0,0.0,0.0,0,0
bxl-e149500-n169500-s500,https://databrussels.be/id/building/1737932,64,0.0,high,259,259,1.0,0.0,0.0,0.0,0,0
bxl-e149500-n169500-s500,https://databrussels.be/id/building/1736558,33,0.0,high,131,131,1.0,0.0,0.0,0.0,0,0
bxl-e149500-n169500-s500,https://databrussels.be/id/building/1707381,69,0.0,high,278,278,1.0,0.0,0.0,0.0,0,0
bxl-e149500-n169500-s500,https://databrussels.be/id/building/1694699,102,0.0,high,407,407,1.0,0.0,0.0,0.0,0,0
bxl-e149500-n169500-s500,https://databrussels.be/id/building/1708611,93,0.0,high,371,371,1.0,0.0,0.0,0.0,0,0
bxl-e149500-n169500-s500,https://databrussels.be/id/building/1707642,187,0.0,high,747,747,1.0,0.0,0.0,0.0,0,0
bxl-e149500-n169500-s500,https://databrussels.be/id/building/1698087,112,0.0,high,447,447,1.0,0.0,0.0,0.0,0,0
bxl-e149500-n169500-s500,https://databrussels.be/id/building/1773010,131,0.0,high,527,527,1.0,0.0,0.0,0.0,0,0
bxl-e149500-n169500-s500,https://databrussels.be/id/building/1698146,357,0.0,high,1429,1429,1.0,0.0,0.0,0.0,0,0
bxl-e149500-n169500-s500,https://databrussels.be/id/building/1706399,85,0.0,high,338,338,1.0,0.0,0.0,0.0,0,0
bxl-e149500-n169500-s500,https://databrussels.be/id/building/1707359,71,0.0,high,282,282,1.0,0.0,0.0,0.0,0,0
bxl-e149500-n169500-s500,https://databrussels.be/id/building/1737928,64,0.0,high,255,255,1.0,0.0,0.0,0.0,0,0
bxl-e149500-n169500-s500,https://databrussels.be/id/building/1706195,206,0.0,high,823,823,1.0,0.0,0.0,0.0,0,0
bxl-e149500-n169500-s500,https://databrussels.be/id/building/1737930,66,0.0,high,265,265,1.0,0.0,0.0,0.0,0,0
bxl-e149500-n169500-s500,https://databrussels.be/id/building/1698055,99,0.0,high,398,398,1.0,0.0,0.0,0.0,0,0
bxl-e149500-n169500-s500,https://databrussels.be/id/building/1708629,100,0.0,high,403,403,1.0,0.0,0.0,0.0,0,0
bxl-e149500-n169500-s500,https://databrussels.be/id/building/1701556,179,0.0,high,714,714,1.0,0.0,0.0,0.0,0,0
bxl-e149500-n169500-s500,https://databrussels.be/id/building/1709770,91,0.0,high,363,363,1.0,0.0,0.0,0.0,0,0
bxl-e149500-n169500-s500,https://databrussels.be/id/building/1708568,84,0.0,high,337,337,1.0,0.0,0.0,0.0,0,0
bxl-e149500-n169500-s500,https://databrussels.be/id/building/1708511,50,0.0,high,199,199,1.0,0.0,0.0,0.0,0,0
bxl-e149500-n169500-s500,https://databrussels.be/id/building/1695826,118,0.0,high,471,471,1.0,0.0,0.0,0.0,0,0
bxl-e149500-n169500-s500,https://databrussels.be/id/building/1694612,49,0.0,high,194,194,1.0,0.0,0.0,0.0,0,0
bxl-e149500-n169500-s500,https://databrussels.be/id/building/1739290,81,0.0,high,323,323,1.0,0.0,0.0,0.0,0,0
bxl-e149500-n169500-s500,https://databrussels.be/id/building/1694614,55,0.0,high,221,221,1.0,0.0,0.0,0.0,0,0
bxl-e149500-n169500-s500,https://databrussels.be/id/building/1617873,65,0.0,high,259,259,1.0,0.0,0.0,0.0,0,0
bxl-e149500-n169500-s500,https://databrussels.be/id/building/1694705,53,0.0,high,214,214,1.0,0.0,0.0,0.0,0,0
bxl-e149500-n169500-s500,https://databrussels.be/id/building/1774900,50,0.0,high,196,196,1.0,0.0,0.0,0.0,0,0
bxl-e149500-n169500-s500,https://databrussels.be/id/building/1703821,70,0.0,high,282,282,1.0,0.0,0.0,0.0,0,0
bxl-e149500-n169500-s500,https://databrussels.be/id/building/1707353,70,0.0,high,280,280,1.0,0.0,0.0,0.0,0,0
bxl-e149500-n169500-s500,https://databrussels.be/id/building/1707461,75,0.0,high,302,302,1.0,0.0,0.0,0.0,0,0
bxl-e149500-n169500-s500,https://databrussels.be/id/building/1733924,62,0.0,high,249,249,1.0,0.0,0.0,0.0,0,0
bxl-e149500-n169500-s500,https://databrussels.be/id/building/1703921,1411,0.0,high,5644,5644,1.0,0.0,0.0,0.0,0,0
bxl-e149500-n169500-s500,https://databrussels.be/id/building/1703923,1385,0.0,high,5541,5541,1.0,0.0,0.0,0.0,0,0
bxl-e149500-n169500-s500,https://databrussels.be/id/building/1697001,832,0.0,high,3329,3329,1.0,0.0,0.0,0.0,0,0
bxl-e149500-n169500-s500,https://databrussels.be/id/building/1701558,181,0.0,high,722,722,1.0,0.0,0.0,0.0,0,0
bxl-e149500-n169500-s500,https://databrussels.be/id/building/1705193,190,0.0,high,760,760,1.0,0.0,0.0,0.0,0,0
bxl-e149500-n169500-s500,https://databrussels.be/id/building/1698096,239,0.0,high,956,956,1.0,0.0,0.0,0.0,0,0
bxl-e149500-n169500-s500,https://databrussels.be/id/building/1699312,664,0.0,high,2657,2657,1.0,0.0,0.0,0.0,0,0
bxl-e149500-n169500-s500,https://databrussels.be/id/building/1694716,595,0.0,high,2382,2382,1.0,0.0,0.0,0.0,0,0
bxl-e149500-n169500-s500,https://databrussels.be/id/building/1702722,306,0.0,high,1224,1224,1.0,0.0,0.0,0.0,0,0
bxl-e149500-n169500-s500,https://databrussels.be/id/building/1632012,317,0.0,high,1270,1270,1.0,0.0,0.0,0.0,0,0
bxl-e149500-n169500-s500,https://databrussels.be/id/building/1699238,173,0.0,high,693,693,1.0,0.0,0.0,0.0,0,0
bxl-e149500-n169500-s500,https://databrussels.be/id/building/1733904,366,0.0,high,1466,1466,1.0,0.0,0.0,0.0,0,0
bxl-e149500-n169500-s500,https://databrussels.be/id/building/1696973,116,0.0,high,462,462,1.0,0.0,0.0,0.0,0,0
bxl-e149500-n169500-s500,https://databrussels.be/id/building/1707436,184,0.0,high,735,735,1.0,0.0,0.0,0.0,0,0
bxl-e149500-n169500-s500,https://databrussels.be/id/building/1708780,106,0.0,high,428,428,1.0,0.0,0.0,0.0,0,0
bxl-e149500-n169500-s500,https://databrussels.be/id/building/1708500,143,0.0,high,575,575,1.0,0.0,0.0,0.0,0,0
bxl-e149500-n169500-s500,https://databrussels.be/id/building/1709726,101,0.0,high,402,402,1.0,0.0,0.0,0.0,0,0
bxl-e149500-n169500-s500,https://databrussels.be/id/building/1707647,188,0.0,high,751,751,1.0,0.0,0.0,0.0,0,0
bxl-e149500-n169500-s500,https://databrussels.be/id/building/1699237,173,0.0,high,692,692,1.0,0.0,0.0,0.0,0,0
bxl-e149500-n169500-s500,https://databrussels.be/id/building/1710867,82,0.0,high,328,328,1.0,0.0,0.0,0.0,0,0
bxl-e149500-n169500-s500,https://databrussels.be/id/building/1693506,110,0.0,high,438,438,1.0,0.0,0.0,0.0,0,0
bxl-e149500-n169500-s500,https://databrussels.be/id/building/1701685,84,0.0,high,338,338,1.0,0.0,0.0,0.0,0,0
bxl-e149500-n169500-s500,https://databrussels.be/id/building/1631785,26,0.0,high,104,104,1.0,0.0,0.0,0.0,0,0
bxl-e149500-n169500-s500,https://databrussels.be/id/building/1705088,93,0.0,high,373,373,1.0,0.0,0.0,0.0,0,0
bxl-e149500-n169500-s500,https://databrussels.be/id/building/1737892,330,0.0,high,1319,1319,1.0,0.0,0.0,0.0,0,0
bxl-e149500-n169500-s500,https://databrussels.be/id/building/1784041,70,0.0,high,281,281,1.0,0.0,0.0,0.0,0,0
bxl-e149500-n169500-s500,https://databrussels.be/id/building/1704984,71,0.0,high,285,285,1.0,0.0,0.0,0.0,0,0
bxl-e149500-n169500-s500,https://databrussels.be/id/building/1774902,29,0.0,high,116,116,1.0,0.0,0.0,0.0,0,0
bxl-e149500-n169500-s500,https://databrussels.be/id/building/1693699,344,0.0,high,1376,1376,1.0,0.0,0.0,0.0,0,0
bxl-e149500-n169500-s500,https://databrussels.be/id/building/1706163,43,0.0,high,176,176,1.0,0.0,0.0,0.0,0,0
bxl-e149500-n169500-s500,https://databrussels.be/id/building/1696954,197,0.0,high,778,778,1.0,0.0,0.0,0.0,0,0
bxl-e149500-n169500-s500,https://databrussels.be/id/building/1705034,871,0.0,high,3476,3476,1.0,0.0,0.0,0.0,0,0
bxl-e149500-n169500-s500,https://databrussels.be/id/building/1739291,46,0.0,high,186,186,1.0,0.0,0.0,0.0,0,0
bxl-e149500-n169500-s500,https://databrussels.be/id/building/1698094,726,0.0,high,2903,2903,1.0,0.0,0.0,0.0,0,0
bxl-e149500-n169500-s500,https://databrussels.be/id/building/1696016,65,0.0,high,259,259,1.0,0.0,0.0,0.0,0,0
bxl-e149500-n169500-s500,https://databrussels.be/id/building/1694688,170,0.0,high,680,680,1.0,0.0,0.0,0.0,0,0
bxl-e149500-n169500-s500,https://databrussels.be/id/building/1776158,29,0.0,high,115,115,1.0,0.0,0.0,0.0,0,0
bxl-e149500-n169500-s500,https://databrussels.be/id/building/1693607,106,0.0,high,424,424,1.0,0.0,0.0,0.0,0,0
bxl-e149500-n169500-s500,https://databrussels.be/id/building/1628483,92,0.0,high,365,365,1.0,0.0,0.0,0.0,0,0
bxl-e149500-n169500-s500,https://databrussels.be/id/building/1703920,328,0.0,high,1309,1309,1.0,0.0,0.0,0.0,0,0
bxl-e149500-n169500-s500,https://databrussels.be/id/building/1706299,145,0.0,high,582,582,1.0,0.0,0.0,0.0,0,0
bxl-e149500-n169500-s500,https://databrussels.be/id/building/1698071,127,0.0,high,509,509,1.0,0.0,0.0,0.0,0,0
bxl-e149500-n169500-s500,https://databrussels.be/id/building/1696022,66,0.0,high,265,265,1.0,0.0,0.0,0.0,0,0
bxl-e149500-n169500-s500,https://databrussels.be/id/building/1705095,94,0.0,high,376,376,1.0,0.0,0.0,0.0,0,0
bxl-e149500-n169500-s500,https://databrussels.be/id/building/1698210,189,0.0,high,756,756,1.0,0.0,0.0,0.0,0,0
bxl-e149500-n169500-s500,https://databrussels.be/id/building/1706250,57,0.0,high,226,226,1.0,0.0,0.0,0.0,0,0
bxl-e149500-n169500-s500,https://databrussels.be/id/building/1706290,231,0.0,high,922,922,1.0,0.0,0.0,0.0,0,0
bxl-e149500-n169500-s500,https://databrussels.be/id/building/1774110,147,0.0,high,590,590,1.0,0.0,0.0,0.0,0,0
bxl-e149500-n169500-s500,https://databrussels.be/id/building/1702713,182,0.0,high,729,729,1.0,0.0,0.0,0.0,0,0
bxl-e149500-n169500-s500,https://databrussels.be/id/building/1693456,92,0.0,high,370,370,1.0,0.0,0.0,0.0,0,0
bxl-e149500-n169500-s500,https://databrussels.be/id/building/1776157,88,0.0,high,351,351,1.0,0.0,0.0,0.0,0,0
bxl-e149500-n169500-s500,https://databrussels.be/id/building/1695839,151,0.0,high,608,608,1.0,0.0,0.0,0.0,0,0
bxl-e149500-n169500-s500,https://databrussels.be/id/building/1702852,197,0.0,high,790,790,1.0,0.0,0.0,0.0,0,0
bxl-e149500-n169500-s500,https://databrussels.be/id/building/1702904,185,0.0,high,740,740,1.0,0.0,0.0,0.0,0,0
bxl-e149500-n169500-s500,https://databrussels.be/id/building/1705107,153,0.0,high,610,610,1.0,0.0,0.0,0.0,0,0
bxl-e149500-n169500-s500,https://databrussels.be/id/building/1739287,72,0.0,high,287,287,1.0,0.0,0.0,0.0,0,0
bxl-e149500-n169500-s500,https://databrussels.be/id/building/1622465,158,0.0,high,633,633,1.0,0.0,0.0,0.0,0,0
bxl-e149500-n169500-s500,https://databrussels.be/id/building/1776156,177,0.0,high,708,708,1.0,0.0,0.0,0.0,0,0
bxl-e149500-n169500-s500,https://databrussels.be/id/building/1696974,168,0.0,high,672,672,1.0,0.0,0.0,0.0,0,0
bxl-e149500-n169500-s500,https://databrussels.be/id/building/1693527,94,0.0,high,379,379,1.0,0.0,0.0,0.0,0,0
bxl-e149500-n169500-s500,https://databrussels.be/id/building/1705098,82,0.0,high,332,332,1.0,0.0,0.0,0.0,0,0
bxl-e149500-n169500-s500,https://databrussels.be/id/building/1776155,33,0.0,high,130,130,1.0,0.0,0.0,0.0,0,0
bxl-e149500-n169500-s500,https://databrussels.be/id/building/1695937,190,0.0,high,757,757,1.0,0.0,0.0,0.0,0,0
bxl-e149500-n169500-s500,https://databrussels.be/id/building/1629576,536,0.0,high,2151,2151,1.0,0.0,0.0,0.0,0,0
bxl-e149500-n169500-s500,https://databrussels.be/id/building/1694718,608,0.0,high,2429,2429,1.0,0.0,0.0,0.0,0,0
bxl-e149500-n169500-s500,https://databrussels.be/id/building/1693427,149,0.0,high,595,595,1.0,0.0,0.0,0.0,0,0
bxl-e149500-n169500-s500,https://databrussels.be/id/building/1618974,83,0.0,high,334,334,1.0,0.0,0.0,0.0,0,0
bxl-e149500-n169500-s500,https://databrussels.be/id/building/1710916,53,0.0,high,211,211,1.0,0.0,0.0,0.0,0,0
bxl-e149500-n169500-s500,https://databrussels.be/id/building/1707343,76,0.0,high,302,302,1.0,0.0,0.0,0.0,0,0
bxl-e149500-n169500-s500,https://databrussels.be/id/building/1705256,131,0.0,high,523,523,1.0,0.0,0.0,0.0,0,0
bxl-e149500-n169500-s500,https://databrussels.be/id/building/1694629,34,0.0,high,136,136,1.0,0.0,0.0,0.0,0,0
bxl-e149500-n169500-s500,https://databrussels.be/id/building/1694668,125,0.0,high,503,503,1.0,0.0,0.0,0.0,0,0
bxl-e149500-n169500-s500,https://databrussels.be/id/building/1707621,65,0.0,high,258,258,1.0,0.0,0.0,0.0,0,0
bxl-e149500-n169500-s500,https://databrussels.be/id/building/1629667,60,0.0,high,236,236,1.0,0.0,0.0,0.0,0,0
bxl-e149500-n169500-s500,https://databrussels.be/id/building/1694635,31,0.0,high,124,124,1.0,0.0,0.0,0.0,0,0
bxl-e149500-n169500-s500,https://databrussels.be/id/building/1703904,90,0.0,high,361,361,1.0,0.0,0.0,0.0,0,0
bxl-e149500-n169500-s500,https://databrussels.be/id/building/1697003,77,0.0,high,310,310,1.0,0.0,0.0,0.0,0,0
bxl-e149500-n169500-s500,https://databrussels.be/id/building/1706427,133,0.0,high,529,529,1.0,0.0,0.0,0.0,0,0
bxl-e149500-n169500-s500,https://databrussels.be/id/building/1702912,66,0.0,high,263,263,1.0,0.0,0.0,0.0,0,0
bxl-e149500-n169500-s500,https://databrussels.be/id/building/1696953,124,0.0,high,495,495,1.0,0.0,0.0,0.0,0,0
bxl-e149500-n169500-s500,https://databrussels.be/id/building/1703795,205,0.0,high,819,819,1.0,0.0,0.0,0.0,0,0
bxl-e149500-n169500-s500,https://databrussels.be/id/building/1699252,310,0.0,high,1234,1234,1.0,0.0,0.0,0.0,0,0
bxl-e149500-n169500-s500,https://databrussels.be/id/building/1697146,84,0.0,high,339,339,1.0,0.0,0.0,0.0,0,0
bxl-e149500-n169500-s500,https://databrussels.be/id/building/1695868,285,0.0,high,1142,1142,1.0,0.0,0.0,0.0,0,0
bxl-e149500-n169500-s500,https://databrussels.be/id/building/1709688,142,0.0,high,567,567,1.0,0.0,0.0,0.0,0,0
bxl-e149500-n169500-s500,https://databrussels.be/id/building/1705050,176,0.0,high,701,701,1.0,0.0,0.0,0.0,0,0
bxl-e149500-n169500-s500,https://databrussels.be/id/building/1633223,160,0.0,high,641,641,1.0,0.0,0.0,0.0,0,0
bxl-e149500-n169500-s500,https://databrussels.be/id/building/1618968,251,0.0,high,1006,1006,1.0,0.0,0.0,0.0,0,0
bxl-e149500-n169500-s500,https://databrussels.be/id/building/1771720,581,0.0,high,2324,2324,1.0,0.0,0.0,0.0,0,0
bxl-e149500-n169500-s500,https://databrussels.be/id/building/1700355,119,0.0,high,476,476,1.0,0.0,0.0,0.0,0,0
bxl-e149500-n169500-s500,https://databrussels.be/id/building/1630669,221,0.0,high,880,880,1.0,0.0,0.0,0.0,0,0
bxl-e149500-n169500-s500,https://databrussels.be/id/building/1694719,610,0.0,high,2444,2444,1.0,0.0,0.0,0.0,0,0
bxl-e149500-n169500-s500,https://databrussels.be/id/building/1694613,48,0.0,high,189,189,1.0,0.0,0.0,0.0,0,0
bxl-e149500-n169500-s500,https://databrussels.be/id/building/1617843,2776,0.0,high,11096,11096,1.0,0.0,0.0,0.0,0,0
bxl-e149500-n169500-s500,https://databrussels.be/id/building/1778536,370,0.0,high,1481,1481,1.0,0.0,0.0,0.0,0,0
bxl-e149500-n169500-s500,https://databrussels.be/id/building/1739292,77,0.0,high,307,307,1.0,0.0,0.0,0.0,0,0
bxl-e149500-n169500-s500,https://databrussels.be/id/building/1621299,344,0.0,high,1375,1375,1.0,0.0,0.0,0.0,0,0
bxl-e149500-n169500-s500,https://databrussels.be/id/building/1709818,256,0.0,high,1023,1023,1.0,0.0,0.0,0.0,0,0
bxl-e149500-n169500-s500,https://databrussels.be/id/building/1617842,1831,0.0,high,7325,7325,1.0,0.0,0.0,0.0,0,0
bxl-e149500-n169500-s500,https://databrussels.be/id/building/1629566,201,0.0,high,803,803,1.0,0.0,0.0,0.0,0,0
bxl-e149500-n169500-s500,https://databrussels.be/id/building/1698089,178,0.0,high,712,712,1.0,0.0,0.0,0.0,0,0
bxl-e149500-n169500-s500,https://databrussels.be/id/building/1632061,202,0.0,high,807,807,1.0,0.0,0.0,0.0,0,0
bxl-e149500-n169500-s500,https://databrussels.be/id/building/1710865,114,0.0,high,457,457,1.0,0.0,0.0,0.0,0,0
bxl-e149500-n169500-s500,https://databrussels.be/id/building/1710871,115,0.0,high,458,458,1.0,0.0,0.0,0.0,0,0
bxl-e149500-n169500-s500,https://databrussels.be/id/building/1706218,131,0.0,high,525,525,1.0,0.0,0.0,0.0,0,0
bxl-e149500-n169500-s500,https://databrussels.be/id/building/1709665,93,0.0,high,373,373,1.0,0.0,0.0,0.0,0,0
bxl-e149500-n169500-s500,https://databrussels.be/id/building/1695817,64,0.0,high,258,258,1.0,0.0,0.0,0.0,0,0
bxl-e149500-n169500-s500,https://databrussels.be/id/building/1695836,150,0.0,high,604,604,1.0,0.0,0.0,0.0,0,0
bxl-e149500-n169500-s500,https://databrussels.be/id/building/1774901,57,0.0,high,228,228,1.0,0.0,0.0,0.0,0,0
bxl-e149500-n169500-s500,https://databrussels.be/id/building/1705055,51,0.0,high,206,206,1.0,0.0,0.0,0.0,0,0
bxl-e149500-n169500-s500,https://databrussels.be/id/building/1777959,6661,0.0,high,26640,26640,1.0,0.0,0.0,0.0,0,0
bxl-e149500-n169500-s500,https://databrussels.be/id/building/1771632,856,0.0,high,3424,3424,1.0,0.0,0.0,0.0,0,0
bxl-e149500-n169500-s500,https://databrussels.be/id/building/1779111,113,0.0,high,453,453,1.0,0.0,0.0,0.0,0,0
bxl-e149500-n169500-s500,https://databrussels.be/id/building/1651418,127,0.0,high,469,469,1.0,0.0,0.0,0.0,0,0
bxl-e149500-n169500-s500,https://databrussels.be/id/building/1633158,312,0.0,high,1251,1251,1.0,0.0,0.0,0.0,0,0
bxl-e149500-n169500-s500,https://databrussels.be/id/building/1698119,279,0.0,high,1115,1115,1.0,0.0,0.0,0.0,0,0
bxl-e149500-n169500-s500,https://databrussels.be/id/building/1773012,330,0.0,high,1319,1319,1.0,0.0,0.0,0.0,0,0
bxl-e149500-n169500-s500,https://databrussels.be/id/building/1693486,1307,0.0,high,5231,5231,1.0,0.0,0.0,0.0,0,0
bxl-e149500-n169500-s500,https://databrussels.be/id/building/1633220,160,0.0,high,641,641,1.0,0.0,0.0,0.0,0,0
bxl-e149500-n169500-s500,https://databrussels.be/id/building/1654357,91,0.0,high,363,363,1.0,0.0,0.0,0.0,0,0
bxl-e149500-n169500-s500,https://databrussels.be/id/building/1653194,77,0.0,high,305,305,1.0,0.0,0.0,0.0,0,0
bxl-e149500-n169500-s500,https://databrussels.be/id/building/1772476,238,0.0,high,949,949,1.0,0.0,0.0,0.0,0,0
bxl-e149500-n169500-s500,https://databrussels.be/id/building/1776159,399,0.0,high,1591,1591,1.0,0.0,0.0,0.0,0,0
bxl-e149500-n169500-s500,https://databrussels.be/id/building/1776160,195,0.0,high,782,782,1.0,0.0,0.0,0.0,0,0
bxl-e149500-n169500-s500,https://databrussels.be/id/building/1621339,1263,0.0,high,5051,5051,1.0,0.0,0.0,0.0,0,0
bxl-e149500-n169500-s500,https://databrussels.be/id/building/1695873,1207,0.0,high,4826,4826,1.0,0.0,0.0,0.0,0,0
bxl-e149500-n169500-s500,https://databrussels.be/id/building/1784042,57,0.0,high,226,226,1.0,0.0,0.0,0.0,0,0
bxl-e149500-n169500-s500,https://databrussels.be/id/building/1710990,816,0.0,high,3264,3264,1.0,0.0,0.0,0.0,0,0
bxl-e149500-n169500-s500,https://databrussels.be/id/building/1737886,211,0.0,high,839,839,1.0,0.0,0.0,0.0,0,0
bxl-e149500-n169500-s500,https://databrussels.be/id/building/1708536,503,0.0,high,2010,2010,1.0,0.0,0.0,0.0,0,0
bxl-e149500-n169500-s500,https://databrussels.be/id/building/1701525,235,0.0,high,940,940,1.0,0.0,0.0,0.0,0,0
bxl-e149500-n169500-s500,https://databrussels.be/id/building/1705074,105,0.0,high,426,426,1.0,0.0,0.0,0.0,0,0
bxl-e149500-n169500-s500,https://databrussels.be/id/building/1732272,1124,0.0,high,4495,4495,1.0,0.0,0.0,0.0,0,0
bxl-e149500-n169500-s500,https://databrussels.be/id/building/1629582,449,0.0,high,1787,1787,1.0,0.0,0.0,0.0,0,0
bxl-e149500-n169500-s500,https://databrussels.be/id/building/1708504,415,0.0,high,1662,1662,1.0,0.0,0.0,0.0,0,0
bxl-e149500-n169500-s500,https://databrussels.be/id/building/1707349,113,0.0,high,451,451,1.0,0.0,0.0,0.0,0,0
bxl-e149500-n169500-s500,https://databrussels.be/id/building/1737881,154,0.0,high,616,616,1.0,0.0,0.0,0.0,0,0
bxl-e149500-n169500-s500,https://databrussels.be/id/building/1704050,104,0.0,high,417,417,1.0,0.0,0.0,0.0,0,0
bxl-e149500-n169500-s500,https://databrussels.be/id/building/1706390,84,0.0,high,336,336,1.0,0.0,0.0,0.0,0,0
bxl-e149500-n169500-s500,https://databrussels.be/id/building/1632025,323,0.0,high,1294,1294,1.0,0.0,0.0,0.0,0,0
bxl-e149500-n169500-s500,https://databrussels.be/id/building/1737872,132,0.0,high,523,523,1.0,0.0,0.0,0.0,0,0
bxl-e149500-n169500-s500,https://databrussels.be/id/building/1703859,134,0.0,high,531,531,1.0,0.0,0.0,0.0,0,0
bxl-e149500-n169500-s500,https://databrussels.be/id/building/1621300,277,0.0,high,1109,1109,1.0,0.0,0.0,0.0,0,0
bxl-e149500-n169500-s500,https://databrussels.be/id/building/1737888,227,0.0,high,907,907,1.0,0.0,0.0,0.0,0,0
bxl-e149500-n169500-s500,https://databrussels.be/id/building/1742039,57,0.0,high,228,228,1.0,0.0,0.0,0.0,0,0
bxl-e149500-n169500-s500,https://databrussels.be/id/building/1705255,302,0.0,high,1211,1211,1.0,0.0,0.0,0.0,0,0
bxl-e149500-n169500-s500,https://databrussels.be/id/building/1739282,77,0.0,high,308,308,1.0,0.0,0.0,0.0,0,0
bxl-e149500-n169500-s500,https://databrussels.be/id/building/1703928,93,0.0,high,372,372,1.0,0.0,0.0,0.0,0,0
bxl-e149500-n169500-s500,https://databrussels.be/id/building/1693464,116,0.0,high,465,465,1.0,0.0,0.0,0.0,0,0
bxl-e149500-n169500-s500,https://databrussels.be/id/building/1693541,161,0.0,high,644,644,1.0,0.0,0.0,0.0,0,0
bxl-e149500-n169500-s500,https://databrussels.be/id/building/1736595,90,0.0,high,359,359,1.0,0.0,0.0,0.0,0,0
bxl-e149500-n169500-s500,https://databrussels.be/id/building/1705083,91,0.0,high,369,369,1.0,0.0,0.0,0.0,0,0
bxl-e149500-n169500-s500,https://databrussels.be/id/building/1694751,369,0.0,high,1480,1480,1.0,0.0,0.0,0.0,0,0
bxl-e149500-n169500-s500,https://databrussels.be/id/building/1700412,485,0.0,high,1945,1945,1.0,0.0,0.0,0.0,0,0
bxl-e149500-n169500-s500,https://databrussels.be/id/building/1617844,2685,0.0,high,10732,10732,1.0,0.0,0.0,0.0,0,0
bxl-e149500-n169500-s500,https://databrussels.be/id/building/1701549,169,0.0,high,673,673,1.0,0.0,0.0,0.0,0,0
bxl-e149500-n169500-s500,https://databrussels.be/id/building/1702908,187,0.0,high,748,748,1.0,0.0,0.0,0.0,0,0
bxl-e149500-n169500-s500,https://databrussels.be/id/building/1709821,106,0.0,high,424,424,1.0,0.0,0.0,0.0,0,0
bxl-e149500-n169500-s500,https://databrussels.be/id/building/1702701,120,0.0,high,478,478,1.0,0.0,0.0,0.0,0,0
bxl-e149500-n169500-s500,https://databrussels.be/id/building/1633061,543,0.0,high,2173,2173,1.0,0.0,0.0,0.0,0,0
bxl-e149500-n169500-s500,https://databrussels.be/id/building/1702856,150,0.0,high,598,598,1.0,0.0,0.0,0.0,0,0
bxl-e149500-n169500-s500,https://databrussels.be/id/building/1703862,321,0.0,high,1284,1284,1.0,0.0,0.0,0.0,0,0
bxl-e149500-n169500-s500,https://databrussels.be/id/building/1778788,433,0.0,high,1733,1733,1.0,0.0,0.0,0.0,0,0
bxl-e149500-n169500-s500,https://databrussels.be/id/building/1772474,301,0.0,high,1203,1203,1.0,0.0,0.0,0.0,0,0
bxl-e149500-n169500-s500,https://databrussels.be/id/building/1698095,238,0.0,high,954,954,1.0,0.0,0.0,0.0,0,0
bxl-e149500-n169500-s500,https://databrussels.be/id/building/1632014,319,0.0,high,1277,1277,1.0,0.0,0.0,0.0,0,0
bxl-e149500-n169500-s500,https://databrussels.be/id/building/1644583,332,0.0,high,1324,1324,1.0,0.0,0.0,0.0,0,0
bxl-e149500-n169500-s500,https://databrussels.be/id/building/1705036,934,0.0,high,3712,3712,1.0,0.0,0.0,0.0,0,0
bxl-e149500-n169500-s500,https://databrussels.be/id/building/1697000,1244,0.0,high,4985,4985,1.0,0.0,0.0,0.0,0,0
bxl-e149500-n169500-s500,https://databrussels.be/id/building/1705104,139,0.0,high,559,559,1.0,0.0,0.0,0.0,0,0
bxl-e149500-n169500-s500,https://databrussels.be/id/building/1629578,625,0.0,high,2500,2500,1.0,0.0,0.0,0.0,0,0
bxl-e149500-n169500-s500,https://databrussels.be/id/building/1694710,234,0.0,high,938,938,1.0,0.0,0.0,0.0,0,0
bxl-e149500-n169500-s500,https://databrussels.be/id/building/1707638,186,0.0,high,742,742,1.0,0.0,0.0,0.0,0,0
bxl-e149500-n169500-s500,https://databrussels.be/id/building/1700405,315,0.0,high,1260,1260,1.0,0.0,0.0,0.0,0,0
bxl-e149500-n169500-s500,https://databrussels.be/id/building/1616642,1049,0.0,high,4196,4196,1.0,0.0,0.0,0.0,0,0
bxl-e149500-n169500-s500,https://databrussels.be/id/building/1621373,328,0.0,high,1308,1308,1.0,0.0,0.0,0.0,0,0
bxl-e149500-n169500-s500,https://databrussels.be/id/building/1698075,129,0.0,high,522,522,1.0,0.0,0.0,0.0,0,0
bxl-e149500-n169500-s500,https://databrussels.be/id/building/1786917,2570,0.0,high,2821,2821,1.0,0.0,0.0,0.0,0,0
bxl-e149500-n169500-s500,https://databrussels.be/id/building/1607955,817,0.0,high,2142,2142,1.0,0.0,0.0,0.0,0,0
bxl-e149500-n169500-s500,https://databrussels.be/id/building/1780599,50,0.0,high,197,197,1.0,0.0,0.0,0.0,0,0
bxl-e149500-n169500-s500,https://databrussels.be/id/building/1778790,70,0.0,high,280,280,1.0,0.0,0.0,0.0,0,0
bxl-e149500-n169500-s500,https://databrussels.be/id/building/1778789,42,0.0,high,169,169,1.0,0.0,0.0,0.0,0,0
bxl-e149500-n169500-s500,https://databrussels.be/id/building/1613693,1255,0.0,high,378,378,1.0,0.0,0.0,0.0,0,0
bxl-e149500-n169500-s500,https://databrussels.be/id/building/1601937,560,0.0,high,1676,1676,1.0,0.0,0.0,0.0,0,0
bxl-e149500-n169500-s500,https://databrussels.be/id/building/1620204,185,0.0,high,741,741,1.0,0.0,0.0,0.0,0,0
bxl-e149500-n169500-s500,https://databrussels.be/id/building/1631958,165,0.0,high,658,658,1.0,0.0,0.0,0.0,0,0
bxl-e149500-n169500-s500,https://databrussels.be/id/building/1700384,130,0.0,high,522,522,1.0,0.0,0.0,0.0,0,0
bxl-e149500-n169500-s500,https://databrussels.be/id/building/1632029,120,0.0,high,479,479,1.0,0.0,0.0,0.0,0,0
bxl-e149500-n169500-s500,https://databrussels.be/id/building/1695757,71,0.0,high,290,290,1.0,0.0,0.0,0.0,0,0
bxl-e149500-n169500-s500,https://databrussels.be/id/building/1605686,275,0.0,high,160,160,1.0,0.0,0.0,0.0,0,0
bxl-e149500-n169500-s500,https://databrussels.be/id/building/1599782,106,0.0,high,220,220,1.0,0.0,0.0,0.0,0,0
bxl-e149500-n169500-s500,https://databrussels.be/id/building/1599882,125,0.0,high,488,488,1.0,0.0,0.0,0.0,0,0
bxl-e149500-n169500-s500,https://databrussels.be/id/building/1706220,131,0.0,high,524,524,1.0,0.0,0.0,0.0,0,0
bxl-e149500-n169500-s500,https://databrussels.be/id/building/1711137,136,0.0,high,544,544,1.0,0.0,0.0,0.0,0,0
bxl-e149500-n169500-s500,https://databrussels.be/id/building/1701548,178,0.0,high,709,709,1.0,0.0,0.0,0.0,0,0
bxl-e149500-n169500-s500,https://databrussels.be/id/building/1709689,142,0.0,high,570,570,1.0,0.0,0.0,0.0,0,0
bxl-e149500-n169500-s500,https://databrussels.be/id/building/1705091,94,0.0,high,373,373,1.0,0.0,0.0,0.0,0,0
bxl-e149500-n169500-s500,https://databrussels.be/id/building/1709773,91,0.0,high,366,366,1.0,0.0,0.0,0.0,0,0
bxl-e149500-n169500-s500,https://databrussels.be/id/building/1631788,62,0.0,high,244,244,1.0,0.0,0.0,0.0,0,0
bxl-e149500-n169500-s500,https://databrussels.be/id/building/1630836,95,0.0,high,383,383,1.0,0.0,0.0,0.0,0,0
bxl-e149500-n169500-s500,https://databrussels.be/id/building/1629595,150,0.0,high,599,599,1.0,0.0,0.0,0.0,0,0
bxl-e149500-n169500-s500,https://databrussels.be/id/building/1705021,88,0.0,high,353,353,1.0,0.0,0.0,0.0,0,0
bxl-e149500-n169500-s500,https://databrussels.be/id/building/1805782,58,0.0,high,233,233,1.0,0.0,0.0,0.0,0,0
bxl-e149500-n169500-s500,https://databrussels.be/id/building/1707389,64,0.0,high,254,254,1.0,0.0,0.0,0.0,0,0
bxl-e149500-n169500-s500,https://databrussels.be/id/building/1737939,70,0.0,high,279,279,1.0,0.0,0.0,0.0,0,0
bxl-e149500-n169500-s500,https://databrussels.be/id/building/1633224,160,0.0,high,643,643,1.0,0.0,0.0,0.0,0,0
bxl-e149500-n169500-s500,https://databrussels.be/id/building/1632044,156,0.0,high,626,626,1.0,0.0,0.0,0.0,0,0
bxl-e149500-n169500-s500,https://databrussels.be/id/building/1709822,259,0.0,high,1034,1034,1.0,0.0,0.0,0.0,0,0
bxl-e149500-n169500-s500,https://databrussels.be/id/building/1707623,38,0.0,high,157,157,1.0,0.0,0.0,0.0,0,0
bxl-e149500-n169500-s500,https://databrussels.be/id/building/1700400,90,0.0,high,356,356,1.0,0.0,0.0,0.0,0,0
bxl-e149500-n169500-s500,https://databrussels.be/id/building/1789398,571,0.0,high,2261,2261,1.0,0.0,0.0,0.0,0,0
bxl-e149500-n169500-s500,https://databrussels.be/id/building/1709683,86,0.0,high,344,344,1.0,0.0,0.0,0.0,0,0
bxl-e149500-n169500-s500,https://databrussels.be/id/building/1693570,191,0.0,high,767,767,1.0,0.0,0.0,0.0,0,0
bxl-e149500-n169500-s500,https://databrussels.be/id/building/1708564,83,0.0,high,331,331,1.0,0.0,0.0,0.0,0,0
bxl-e149500-n169500-s500,https://databrussels.be/id/building/1629624,234,0.0,high,935,935,1.0,0.0,0.0,0.0,0,0
bxl-e149500-n169500-s500,https://databrussels.be/id/building/1705077,113,0.0,high,451,451,1.0,0.0,0.0,0.0,0,0
bxl-e149500-n169500-s500,https://databrussels.be/id/building/1708632,102,0.0,high,406,406,1.0,0.0,0.0,0.0,0,0
bxl-e149500-n169500-s500,https://databrussels.be/id/building/1702707,132,0.0,high,524,524,1.0,0.0,0.0,0.0,0,0
bxl-e149500-n169500-s500,https://databrussels.be/id/building/1693433,116,0.0,high,463,463,1.0,0.0,0.0,0.0,0,0
bxl-e149500-n169500-s500,https://databrussels.be/id/building/1706285,230,0.0,high,922,922,1.0,0.0,0.0,0.0,0,0
bxl-e149500-n169500-s500,https://databrussels.be/id/building/1773013,137,0.0,high,549,549,1.0,0.0,0.0,0.0,0,0
bxl-e149500-n169500-s500,https://databrussels.be/id/building/1707433,62,0.0,high,246,246,1.0,0.0,0.0,0.0,0,0
bxl-e149500-n169500-s500,https://databrussels.be/id/building/1771891,54,0.0,high,216,216,1.0,0.0,0.0,0.0,0,0
bxl-e149500-n169500-s500,https://databrussels.be/id/building/1629593,45,0.0,high,181,181,1.0,0.0,0.0,0.0,0,0
bxl-e149500-n169500-s500,https://databrussels.be/id/building/1777653,87,0.0,high,347,347,1.0,0.0,0.0,0.0,0,0
bxl-e149500-n169500-s500,https://databrussels.be/id/building/1771892,11,0.0,medium,42,42,1.0,0.0,0.0,0.0,0,0
bxl-e149500-n169500-s500,https://databrussels.be/id/building/1709743,14,0.0,medium,56,56,1.0,0.0,0.0,0.0,0,0
bxl-e149500-n169500-s500,https://databrussels.be/id/building/1697066,41,0.0,high,164,164,1.0,0.0,0.0,0.0,0,0
bxl-e149500-n169500-s500,https://databrussels.be/id/building/1735273,93,0.0,high,370,370,1.0,0.0,0.0,0.0,0,0
bxl-e149500-n169500-s500,https://databrussels.be/id/building/1697056,40,0.0,high,161,161,1.0,0.0,0.0,0.0,0,0
bxl-e149500-n169500-s500,https://databrussels.be/id/building/1706146,46,0.0,high,184,184,1.0,0.0,0.0,0.0,0,0
bxl-e149500-n169500-s500,https://databrussels.be/id/building/1693461,93,0.0,high,370,370,1.0,0.0,0.0,0.0,0,0
bxl-e149500-n169500-s500,https://databrussels.be/id/building/1704987,133,0.0,high,531,531,1.0,0.0,0.0,0.0,0,0
bxl-e149500-n169500-s500,https://databrussels.be/id/building/1737936,65,0.0,high,260,260,1.0,0.0,0.0,0.0,0,0
bxl-e149500-n169500-s500,https://databrussels.be/id/building/1600755,197,0.0,high,191,191,1.0,0.0,0.0,0.0,0,0
bxl-e149500-n169500-s500,https://databrussels.be/id/building/1707340,112,0.0,high,448,448,1.0,0.0,0.0,0.0,0,0
bxl-e149500-n169500-s500,https://databrussels.be/id/building/1618975,58,0.0,high,233,233,1.0,0.0,0.0,0.0,0,0
bxl-e149500-n169500-s500,https://databrussels.be/id/building/1708580,78,0.0,high,307,307,1.0,0.0,0.0,0.0,0,0
bxl-e149500-n169500-s500,https://databrussels.be/id/building/1611297,157,0.0,high,195,195,1.0,0.0,0.0,0.0,0,0
bxl-e149500-n169500-s500,https://databrussels.be/id/building/1711058,115,0.0,high,463,463,1.0,0.0,0.0,0.0,0,0
bxl-e149500-n169500-s500,https://databrussels.be/id/building/1611483,92,0.0,high,272,272,1.0,0.0,0.0,0.0,0,0
bxl-e149500-n169500-s500,https://databrussels.be/id/building/1604749,124,0.0,high,493,493,1.0,0.0,0.0,0.0,0,0
bxl-e149500-n169500-s500,https://databrussels.be/id/building/1740678,51,0.0,high,205,205,1.0,0.0,0.0,0.0,0,0
bxl-e149500-n169500-s500,https://databrussels.be/id/building/1706225,53,0.0,high,213,213,1.0,0.0,0.0,0.0,0,0
bxl-e149500-n169500-s500,https://databrussels.be/id/building/1693666,87,0.0,high,346,346,1.0,0.0,0.0,0.0,0,0
bxl-e149500-n169500-s500,https://databrussels.be/id/building/1710861,49,0.0,high,194,194,1.0,0.0,0.0,0.0,0,0
bxl-e149500-n169500-s500,https://databrussels.be/id/building/1693663,87,0.0,high,348,348,1.0,0.0,0.0,0.0,0,0
bxl-e149500-n169500-s500,https://databrussels.be/id/building/1699200,118,0.0,high,475,475,1.0,0.0,0.0,0.0,0,0
bxl-e149500-n169500-s500,https://databrussels.be/id/building/1617863,62,0.0,high,249,249,1.0,0.0,0.0,0.0,0,0
bxl-e149500-n169500-s500,https://databrussels.be/id/building/1702728,74,0.0,high,297,297,1.0,0.0,0.0,0.0,0,0
bxl-e149500-n169500-s500,https://databrussels.be/id/building/1695812,64,0.0,high,253,253,1.0,0.0,0.0,0.0,0,0
bxl-e149500-n169500-s500,https://databrussels.be/id/building/1695898,371,0.0,high,1486,1486,1.0,0.0,0.0,0.0,0,0
bxl-e149500-n169500-s500,https://databrussels.be/id/building/1704974,46,0.0,high,184,184,1.0,0.0,0.0,0.0,0,0
bxl-e149500-n169500-s500,https://databrussels.be/id/building/1707627,39,0.0,high,157,157,1.0,0.0,0.0,0.0,0,0
bxl-e149500-n169500-s500,https://databrussels.be/id/building/1709763,63,0.0,high,247,247,1.0,0.0,0.0,0.0,0,0
bxl-e149500-n169500-s500,https://databrussels.be/id/building/1696026,65,0.0,high,261,261,1.0,0.0,0.0,0.0,0,0
bxl-e149500-n169500-s500,https://databrussels.be/id/building/1695809,56,0.0,high,226,226,1.0,0.0,0.0,0.0,0,0
bxl-e149500-n169500-s500,https://databrussels.be/id/building/1633221,113,0.0,high,453,453,1.0,0.0,0.0,0.0,0,0
bxl-e149500-n169500-s500,https://databrussels.be/id/building/1702732,45,0.0,high,182,182,1.0,0.0,0.0,0.0,0,0
bxl-e149500-n169500-s500,https://databrussels.be/id/building/1782210,47,0.0,high,188,188,1.0,0.0,0.0,0.0,0,0
bxl-e149500-n169500-s500,https://databrussels.be/id/building/1708583,78,0.0,high,312,312,1.0,0.0,0.0,0.0,0,0
bxl-e149500-n169500-s500,https://databrussels.be/id/building/1703895,79,0.0,high,312,312,1.0,0.0,0.0,0.0,0,0
bxl-e149500-n169500-s500,https://databrussels.be/id/building/1693539,160,0.0,high,645,645,1.0,0.0,0.0,0.0,0,0
bxl-e149500-n169500-s500,https://databrussels.be/id/building/1696962,126,0.0,high,502,502,1.0,0.0,0.0,0.0,0,0
bxl-e149500-n169500-s500,https://databrussels.be/id/building/1698121,282,0.0,high,1129,1129,1.0,0.0,0.0,0.0,0,0
bxl-e149500-n169500-s500,https://databrussels.be/id/building/1708793,107,0.0,high,427,427,1.0,0.0,0.0,0.0,0,0
bxl-e149500-n169500-s500,https://databrussels.be/id/building/1696924,145,0.0,high,581,581,1.0,0.0,0.0,0.0,0,0
bxl-e149500-n169500-s500,https://databrussels.be/id/building/1693428,103,0.0,high,412,412,1.0,0.0,0.0,0.0,0,0
bxl-e149500-n169500-s500,https://databrussels.be/id/building/1709746,16,0.0,medium,63,63,1.0,0.0,0.0,0.0,0,0
bxl-e149500-n169500-s500,https://databrussels.be/id/building/1705024,88,0.0,high,352,352,1.0,0.0,0.0,0.0,0,0
bxl-e149500-n169500-s500,https://databrussels.be/id/building/1702855,198,0.0,high,792,792,1.0,0.0,0.0,0.0,0,0
bxl-e149500-n169500-s500,https://databrussels.be/id/building/1742038,55,0.0,high,218,218,1.0,0.0,0.0,0.0,0,0
bxl-e149500-n169500-s500,https://databrussels.be/id/building/1697009,80,0.0,high,320,320,1.0,0.0,0.0,0.0,0,0
bxl-e149500-n169500-s500,https://databrussels.be/id/building/1735268,86,0.0,high,344,344,1.0,0.0,0.0,0.0,0,0
bxl-e149500-n169500-s500,https://databrussels.be/id/building/1801950,281,0.0,high,1124,1124,1.0,0.0,0.0,0.0,0,0
bxl-e149500-n169500-s500,https://databrussels.be/id/building/1707466,119,0.0,high,476,476,1.0,0.0,0.0,0.0,0,0
bxl-e149500-n169500-s500,https://databrussels.be/id/building/1782206,18,0.0,high,74,74,1.0,0.0,0.0,0.0,0,0
bxl-e149500-n169500-s500,https://databrussels.be/id/building/1782205,27,0.0,high,108,108,1.0,0.0,0.0,0.0,0,0
bxl-e149500-n169500-s500,https://databrussels.be/id/building/1703919,312,0.0,high,1248,1248,1.0,0.0,0.0,0.0,0,0
bxl-e149500-n169500-s500,https://databrussels.be/id/building/1696958,126,0.0,high,504,504,1.0,0.0,0.0,0.0,0,0
bxl-e149500-n169500-s500,https://databrussels.be/id/building/1695759,66,0.0,high,265,265,1.0,0.0,0.0,0.0,0,0
bxl-e149500-n169500-s500,https://databrussels.be/id/building/1699198,118,0.0,high,474,474,1.0,0.0,0.0,0.0,0,0
bxl-e149500-n169500-s500,https://databrussels.be/id/building/1629627,237,0.0,high,948,948,1.0,0.0,0.0,0.0,0,0
bxl-e149500-n169500-s500,https://databrussels.be/id/building/1701574,113,0.0,high,453,453,1.0,0.0,0.0,0.0,0,0
bxl-e149500-n169500-s500,https://databrussels.be/id/building/1695847,660,0.0,high,2637,2637,1.0,0.0,0.0,0.0,0,0
bxl-e149500-n169500-s500,https://databrussels.be/id/building/1706434,108,0.0,high,432,432,1.0,0.0,0.0,0.0,0,0
bxl-e149500-n169500-s500,https://databrussels.be/id/building/1698144,193,0.0,high,771,771,1.0,0.0,0.0,0.0,0,0
bxl-e149500-n169500-s500,https://databrussels.be/id/building/1807798,2990,0.0,high,6885,6885,1.0,0.0,0.0,0.0,0,0
bxl-e149500-n169500-s500,https://databrussels.be/id/building/1707465,122,0.0,high,489,489,1.0,0.0,0.0,0.0,0,0
bxl-e149500-n169500-s500,https://databrussels.be/id/building/1693512,83,0.0,high,334,334,1.0,0.0,0.0,0.0,0,0
bxl-e149500-n169500-s500,https://databrussels.be/id/building/1701577,113,0.0,high,456,456,1.0,0.0,0.0,0.0,0,0
bxl-e149500-n169500-s500,https://databrussels.be/id/building/1697012,80,0.0,high,318,318,1.0,0.0,0.0,0.0,0,0
bxl-e149500-n169500-s500,https://databrussels.be/id/building/1701524,234,0.0,high,940,940,1.0,0.0,0.0,0.0,0,0
bxl-e149500-n169500-s500,https://databrussels.be/id/building/1702727,74,0.0,high,295,295,1.0,0.0,0.0,0.0,0,0
bxl-e149500-n169500-s500,https://databrussels.be/id/building/1708572,51,0.0,high,203,203,1.0,0.0,0.0,0.0,0,0
bxl-e149500-n169500-s500,https://databrussels.be/id/building/1709676,47,0.0,high,187,187,1.0,0.0,0.0,0.0,0,0
bxl-e149500-n169500-s500,https://databrussels.be/id/building/1737941,74,0.0,high,295,295,1.0,0.0,0.0,0.0,0,0
bxl-e149500-n169500-s500,https://databrussels.be/id/building/1703900,79,0.0,high,315,315,1.0,0.0,0.0,0.0,0,0
bxl-e149500-n169500-s500,https://databrussels.be/id/building/1695844,103,0.0,high,411,411,1.0,0.0,0.0,0.0,0,0
bxl-e149500-n169500-s500,https://databrussels.be/id/building/1733978,85,0.0,high,339,339,1.0,0.0,0.0,0.0,0,0
bxl-e149500-n169500-s500,https://databrussels.be/id/building/1695818,79,0.0,high,318,318,1.0,0.0,0.0,0.0,0,0
bxl-e149500-n169500-s500,https://databrussels.be/id/building/1707448,75,0.0,high,298,298,1.0,0.0,0.0,0.0,0,0
bxl-e149500-n169500-s500,https://databrussels.be/id/building/1698127,80,0.0,high,321,321,1.0,0.0,0.0,0.0,0,0
bxl-e149500-n169500-s500,https://databrussels.be/id/building/1702907,186,0.0,high,741,741,1.0,0.0,0.0,0.0,0,0
bxl-e149500-n169500-s500,https://databrussels.be/id/building/1702735,58,0.0,high,231,231,1.0,0.0,0.0,0.0,0,0
bxl-e149500-n169500-s500,https://databrussels.be/id/building/1708627,82,0.0,high,328,328,1.0,0.0,0.0,0.0,0,0
bxl-e149500-n169500-s500,https://databrussels.be/id/building/1694676,124,0.0,high,497,497,1.0,0.0,0.0,0.0,0,0
bxl-e149500-n169500-s500,https://databrussels.be/id/building/1735270,57,0.0,high,226,226,1.0,0.0,0.0,0.0,0,0
bxl-e149500-n169500-s500,https://databrussels.be/id/building/1708562,83,0.0,high,329,329,1.0,0.0,0.0,0.0,0,0
bxl-e149500-n169500-s500,https://databrussels.be/id/building/1736565,52,0.0,high,210,210,1.0,0.0,0.0,0.0,0,0
bxl-e149500-n169500-s500,https://databrussels.be/id/building/1697011,80,0.0,high,319,319,1.0,0.0,0.0,0.0,0,0
bxl-e149500-n169500-s500,https://databrussels.be/id/building/1742036,63,0.0,high,251,251,1.0,0.0,0.0,0.0,0,0
bxl-e149500-n169500-s500,https://databrussels.be/id/building/1631812,59,0.0,high,237,237,1.0,0.0,0.0,0.0,0,0
bxl-e149500-n169500-s500,https://databrussels.be/id/building/1694663,99,0.0,high,398,398,1.0,0.0,0.0,0.0,0,0
bxl-e149500-n169500-s500,https://databrussels.be/id/building/1710915,56,0.0,high,222,222,1.0,0.0,0.0,0.0,0,0
bxl-e149500-n169500-s500,https://databrussels.be/id/building/1707361,105,0.0,high,418,418,1.0,0.0,0.0,0.0,0,0
bxl-e149500-n169500-s500,https://databrussels.be/id/building/1629562,200,0.0,high,800,800,1.0,0.0,0.0,0.0,0,0
bxl-e149500-n169500-s500,https://databrussels.be/id/building/1693528,83,0.0,high,332,332,1.0,0.0,0.0,0.0,0,0
bxl-e149500-n169500-s500,https://databrussels.be/id/building/1633128,380,0.0,high,1517,1517,1.0,0.0,0.0,0.0,0,0
bxl-e149500-n169500-s500,https://databrussels.be/id/building/1699223,125,0.0,high,504,504,1.0,0.0,0.0,0.0,0,0
bxl-e149500-n169500-s500,https://databrussels.be/id/building/1696937,153,0.0,high,612,612,1.0,0.0,0.0,0.0,0,0
bxl-e149500-n169500-s500,https://databrussels.be/id/building/1709700,76,0.0,high,300,300,1.0,0.0,0.0,0.0,0,0
bxl-e149500-n169500-s500,https://databrussels.be/id/building/1710846,72,0.0,high,286,286,1.0,0.0,0.0,0.0,0,0
bxl-e149500-n169500-s500,https://databrussels.be/id/building/1693437,90,0.0,high,359,359,1.0,0.0,0.0,0.0,0,0
bxl-e149500-n169500-s500,https://databrussels.be/id/building/1709888,134,0.0,high,537,537,1.0,0.0,0.0,0.0,0,0
bxl-e149500-n169500-s500,https://databrussels.be/id/building/1694754,229,0.0,high,915,915,1.0,0.0,0.0,0.0,0,0
bxl-e149500-n169500-s500,https://databrussels.be/id/building/1693542,92,0.0,high,369,369,1.0,0.0,0.0,0.0,0,0
bxl-e149500-n169500-s500,https://databrussels.be/id/building/1694792,118,0.0,high,468,468,1.0,0.0,0.0,0.0,0,0
bxl-e149500-n169500-s500,https://databrussels.be/id/building/1702737,61,0.0,high,244,244,1.0,0.0,0.0,0.0,0,0
bxl-e149500-n169500-s500,https://databrussels.be/id/building/1731167,136,0.0,high,548,548,1.0,0.0,0.0,0.0,0,0
bxl-e149500-n169500-s500,https://databrussels.be/id/building/1801951,505,0.0,high,2024,2024,1.0,0.0,0.0,0.0,0,0
bxl-e149500-n169500-s500,https://databrussels.be/id/building/1707423,51,0.0,high,205,205,1.0,0.0,0.0,0.0,0,0
bxl-e149500-n169500-s500,https://databrussels.be/id/building/1709693,142,0.0,high,569,569,1.0,0.0,0.0,0.0,0,0
bxl-e149500-n169500-s500,https://databrussels.be/id/building/1701555,180,0.0,high,724,724,1.0,0.0,0.0,0.0,0,0
bxl-e149500-n169500-s500,https://databrussels.be/id/building/1695897,281,0.0,high,1123,1123,1.0,0.0,0.0,0.0,0,0
bxl-e149500-n169500-s500,https://databrussels.be/id/building/1706296,114,0.0,high,458,458,1.0,0.0,0.0,0.0,0,0
bxl-e149500-n169500-s500,https://databrussels.be/id/building/1703878,110,0.0,high,437,437,1.0,0.0,0.0,0.0,0,0
bxl-e149500-n169500-s500,https://databrussels.be/id/building/1708624,82,0.0,high,326,326,1.0,0.0,0.0,0.0,0,0
bxl-e149500-n169500-s500,https://databrussels.be/id/building/1701684,84,0.0,high,336,336,1.0,0.0,0.0,0.0,0,0
bxl-e149500-n169500-s500,https://databrussels.be/id/building/1699240,169,0.0,high,675,675,1.0,0.0,0.0,0.0,0,0
bxl-e149500-n169500-s500,https://databrussels.be/id/building/1694691,150,0.0,high,600,600,1.0,0.0,0.0,0.0,0,0
bxl-e149500-n169500-s500,https://databrussels.be/id/building/1706177,45,0.0,high,181,181,1.0,0.0,0.0,0.0,0,0
bxl-e149500-n169500-s500,https://databrussels.be/id/building/1794611,220,0.0,high,881,881,1.0,0.0,0.0,0.0,0,0
bxl-e149500-n169500-s500,https://databrussels.be/id/building/1696982,69,0.0,high,275,275,1.0,0.0,0.0,0.0,0,0
bxl-e149500-n169500-s500,https://databrussels.be/id/building/1707363,71,0.0,high,283,283,1.0,0.0,0.0,0.0,0,0
bxl-e149500-n169500-s500,https://databrussels.be/id/building/1695724,73,0.0,high,289,289,1.0,0.0,0.0,0.0,0,0
bxl-e149500-n169500-s500,https://databrussels.be/id/building/1777960,7,0.0,medium,28,28,1.0,0.0,0.0,0.0,0,0
bxl-e149500-n169500-s500,https://databrussels.be/id/building/1696942,154,0.0,high,612,612,1.0,0.0,0.0,0.0,0,0
bxl-e149500-n169500-s500,https://databrussels.be/id/building/1621372,300,0.0,high,1203,1203,1.0,0.0,0.0,0.0,0,0
bxl-e149500-n169500-s500,https://databrussels.be/id/building/1700361,100,0.0,high,402,402,1.0,0.0,0.0,0.0,0,0
bxl-e149500-n169500-s500,https://databrussels.be/id/building/1706258,60,0.0,high,243,243,1.0,0.0,0.0,0.0,0,0
bxl-e149500-n169500-s500,https://databrussels.be/id/building/1693567,191,0.0,high,764,764,1.0,0.0,0.0,0.0,0,0
bxl-e149500-n169500-s500,https://databrussels.be/id/building/1618973,60,0.0,high,240,240,1.0,0.0,0.0,0.0,0,0
bxl-e149500-n169500-s500,https://databrussels.be/id/building/1707424,51,0.0,high,204,204,1.0,0.0,0.0,0.0,0,0
bxl-e149500-n169500-s500,https://databrussels.be/id/building/1709855,76,0.0,high,303,303,1.0,0.0,0.0,0.0,0,0
bxl-e149500-n169500-s500,https://databrussels.be/id/building/1698148,358,0.0,high,1431,1431,1.0,0.0,0.0,0.0,0,0
bxl-e149500-n169500-s500,https://databrussels.be/id/building/1708565,83,0.0,high,331,331,1.0,0.0,0.0,0.0,0,0
bxl-e149500-n169500-s500,https://databrussels.be/id/building/1693515,83,0.0,high,336,336,1.0,0.0,0.0,0.0,0,0
bxl-e149500-n169500-s500,https://databrussels.be/id/building/1703874,109,0.0,high,437,437,1.0,0.0,0.0,0.0,0,0
bxl-e149500-n169500-s500,https://databrussels.be/id/building/1695906,105,0.0,high,421,421,1.0,0.0,0.0,0.0,0,0
bxl-e149500-n169500-s500,https://databrussels.be/id/building/1633160,332,0.0,high,1329,1329,1.0,0.0,0.0,0.0,0,0
bxl-e149500-n169500-s500,https://databrussels.be/id/building/1629622,244,0.0,high,982,982,1.0,0.0,0.0,0.0,0,0
bxl-e149500-n169500-s500,https://databrussels.be/id/building/1706253,57,0.0,high,229,229,1.0,0.0,0.0,0.0,0,0
bxl-e149500-n169500-s500,https://databrussels.be/id/building/1709911,42,0.0,high,168,168,1.0,0.0,0.0,0.0,0,0
bxl-e149500-n169500-s500,https://databrussels.be/id/building/1696927,147,0.0,high,588,588,1.0,0.0,0.0,0.0,0,0
bxl-e149500-n169500-s500,https://databrussels.be/id/building/1630659,50,0.0,high,201,201,1.0,0.0,0.0,0.0,0,0
bxl-e149500-n169500-s500,https://databrussels.be/id/building/1633218,160,0.0,high,637,637,1.0,0.0,0.0,0.0,0,0
bxl-e149500-n169500-s500,https://databrussels.be/id/building/1693431,115,0.0,high,463,463,1.0,0.0,0.0,0.0,0,0
bxl-e149500-n169500-s500,https://databrussels.be/id/building/1630660,50,0.0,high,200,200,1.0,0.0,0.0,0.0,0,0
bxl-e149500-n169500-s500,https://databrussels.be/id/building/1698274,36,0.0,high,144,144,1.0,0.0,0.0,0.0,0,0
bxl-e149500-n169500-s500,https://databrussels.be/id/building/1829905,23,0.0,high,93,93,1.0,0.0,0.0,0.0,0,0
bxl-e149500-n169500-s500,https://databrussels.be/id/building/1617865,62,0.0,high,250,250,1.0,0.0,0.0,0.0,0,0
bxl-e149500-n169500-s500,https://databrussels.be/id/building/1739301,19,0.0,high,76,76,1.0,0.0,0.0,0.0,0,0
bxl-e149500-n169500-s500,https://databrussels.be/id/building/1630656,49,0.0,high,196,196,1.0,0.0,0.0,0.0,0,0
bxl-e149500-n169500-s500,https://databrussels.be/id/building/1803268,49,0.0,high,196,196,1.0,0.0,0.0,0.0,0,0
bxl-e149500-n169500-s500,https://databrussels.be/id/building/1695783,97,0.0,high,385,385,1.0,0.0,0.0,0.0,0,0
bxl-e149500-n169500-s500,https://databrussels.be/id/building/1698069,127,0.0,high,508,508,1.0,0.0,0.0,0.0,0,0
bxl-e149500-n169500-s500,https://databrussels.be/id/building/1617869,62,0.0,high,249,249,1.0,0.0,0.0,0.0,0,0
bxl-e149500-n169500-s500,https://databrussels.be/id/building/1709671,44,0.0,high,177,177,1.0,0.0,0.0,0.0,0,0
bxl-e149500-n169500-s500,https://databrussels.be/id/building/1696014,65,0.0,high,259,259,1.0,0.0,0.0,0.0,0,0
bxl-e149500-n169500-s500,https://databrussels.be/id/building/1710956,62,0.0,high,246,246,1.0,0.0,0.0,0.0,0,0
bxl-e149500-n169500-s500,https://databrussels.be/id/building/1630869,120,0.0,high,479,479,1.0,0.0,0.0,0.0,0,0
bxl-e149500-n169500-s500,https://databrussels.be/id/building/1703907,90,0.0,high,361,361,1.0,0.0,0.0,0.0,0,0
bxl-e149500-n169500-s500,https://databrussels.be/id/building/1710914,55,0.0,high,221,221,1.0,0.0,0.0,0.0,0,0
bxl-e149500-n169500-s500,https://databrussels.be/id/building/1706249,57,0.0,high,227,227,1.0,0.0,0.0,0.0,0,0
bxl-e149500-n169500-s500,https://databrussels.be/id/building/1693514,83,0.0,high,332,332,1.0,0.0,0.0,0.0,0,0
bxl-e149500-n169500-s500,https://databrussels.be/id/building/1708621,82,0.0,high,330,330,1.0,0.0,0.0,0.0,0,0
bxl-e149500-n169500-s500,https://databrussels.be/id/building/1695846,103,0.0,high,420,420,1.0,0.0,0.0,0.0,0,0
bxl-e149500-n169500-s500,https://databrussels.be/id/building/1740670,26,0.0,high,110,110,1.0,0.0,0.0,0.0,0,0
bxl-e149500-n169500-s500,https://databrussels.be/id/building/1702634,68,0.0,high,274,274,1.0,0.0,0.0,0.0,0,0
bxl-e149500-n169500-s500,https://databrussels.be/id/building/1697002,88,0.0,high,360,360,1.0,0.0,0.0,0.0,0,0
bxl-e149500-n169500-s500,https://databrussels.be/id/building/1733977,86,0.0,high,355,355,1.0,0.0,0.0,0.0,0,0
bxl-e149500-n169500-s500,https://databrussels.be/id/building/1735274,103,0.0,high,417,417,1.0,0.0,0.0,0.0,0,0
bxl-e149500-n169500-s500,https://databrussels.be/id/building/1733979,88,0.0,high,337,337,1.0,0.0,0.0,0.0,0,0
bxl-e149500-n169500-s500,https://databrussels.be/id/building/1737933,61,0.0,high,240,240,1.0,0.0,0.0,0.0,0,0
bxl-e149500-n169500-s500,https://databrussels.be/id/building/1708616,81,0.0,high,322,322,1.0,0.0,0.0,0.0,0,0
bxl-e149500-n169500-s500,https://databrussels.be/id/building/1777598,68,0.0,high,265,265,1.0,0.0,0.0,0.0,0,0
bxl-e149500-n169500-s500,https://databrussels.be/id/building/1703899,79,0.0,high,316,316,1.0,0.0,0.0,0.0,0,0
bxl-e149500-n169500-s500,https://databrussels.be/id/building/1702736,56,0.0,high,230,230,1.0,0.0,0.0,0.0,0,0
bxl-e149500-n169500-s500,https://databrussels.be/id/building/1710960,81,0.0,high,318,318,1.0,0.0,0.0,0.0,0,0
bxl-e149500-n169500-s500,https://databrussels.be/id/building/1709681,70,0.0,high,280,280,1.0,0.0,0.0,0.0,0,0
bxl-e149500-n169500-s500,https://databrussels.be/id/building/1795526,1465,0.0,high,2228,2228,1.0,0.0,0.0,0.0,0,0
bxl-e149500-n169500-s500,https://databrussels.be/id/building/1787816,526,0.0,high,2104,2104,1.0,0.0,0.0,0.0,0,0
bxl-e149500-n169500-s500,https://databrussels.be/id/building/1696922,145,0.0,high,580,580,1.0,0.0,0.0,0.0,0,0
bxl-e149500-n169500-s500,https://databrussels.be/id/building/1703864,649,0.0,high,2596,2596,1.0,0.0,0.0,0.0,0,0
bxl-e149500-n169500-s500,https://databrussels.be/id/building/1706423,133,0.0,high,531,531,1.0,0.0,0.0,0.0,0,0
bxl-e149500-n169500-s500,https://databrussels.be/id/building/1734934,120,0.0,high,480,480,1.0,0.0,0.0,0.0,0,0
bxl-e149500-n169500-s500,https://databrussels.be/id/building/1703866,264,0.0,high,1064,1064,1.0,0.0,0.0,0.0,0,0
bxl-e149500-n169500-s500,https://databrussels.be/id/building/1630655,588,0.0,high,2354,2354,1.0,0.0,0.0,0.0,0,0
bxl-e149500-n169500-s500,https://databrussels.be/id/building/1734942,332,0.0,high,1329,1329,1.0,0.0,0.0,0.0,0,0
bxl-e149500-n169500-s500,https://databrussels.be/id/building/1695866,260,0.0,high,1034,1034,1.0,0.0,0.0,0.0,0,0
bxl-e149500-n169500-s500,https://databrussels.be/id/building/1747272,76,0.0,high,303,303,1.0,0.0,0.0,0.0,0,0
bxl-e149500-n169500-s500,https://databrussels.be/id/building/1698147,696,0.0,high,2776,2776,1.0,0.0,0.0,0.0,0,0
bxl-e149500-n169500-s500,https://databrussels.be/id/building/1734948,637,0.0,high,2535,2535,1.0,0.0,0.0,0.0,0,0
bxl-e149500-n169500-s500,https://databrussels.be/id/building/1695872,1060,0.0,high,4250,4250,1.0,0.0,0.0,0.0,0,0
bxl-e149500-n169500-s500,https://databrussels.be/id/building/1698086,118,0.0,high,471,471,1.0,0.0,0.0,0.0,0,0
bxl-e149500-n169500-s500,https://databrussels.be/id/building/1708508,438,0.0,high,1754,1754,1.0,0.0,0.0,0.0,0,0
bxl-e149500-n169500-s500,https://databrussels.be/id/building/1695871,288,0.0,high,1151,1151,1.0,0.0,0.0,0.0,0,0
bxl-e149500-n169500-s500,https://databrussels.be/id/building/1699217,184,0.0,high,739,739,1.0,0.0,0.0,0.0,0,0
bxl-e149500-n169500-s500,https://databrussels.be/id/building/1793430,249,0.0,high,996,996,1.0,0.0,0.0,0.0,0,0
bxl-e149500-n169500-s500,https://databrussels.be/id/building/1694689,171,0.0,high,675,675,1.0,0.0,0.0,0.0,0,0
bxl-e149500-n169500-s500,https://databrussels.be/id/building/1695849,664,0.0,high,2662,2662,1.0,0.0,0.0,0.0,0,0
bxl-e149500-n169500-s500,https://databrussels.be/id/building/1710991,818,0.0,high,3266,3266,1.0,0.0,0.0,0.0,0,0
bxl-e149500-n169500-s500,https://databrussels.be/id/building/1824178,1096,0.0,high,2671,2671,1.0,0.0,0.0,0.0,0,0
bxl-e149500-n169500-s500,https://databrussels.be/id/building/1702861,379,0.0,high,1512,1512,1.0,0.0,0.0,0.0,0,0
bxl-e149500-n169500-s500,https://databrussels.be/id/building/1643485,159,0.0,high,558,558,1.0,0.0,0.0,0.0,0,0
bxl-e149500-n169500-s500,https://databrussels.be/id/building/1646768,175,0.0,high,517,517,1.0,0.0,0.0,0.0,0,0
bxl-e149500-n169500-s500,https://databrussels.be/id/building/1643488,550,0.0,high,487,487,1.0,0.0,0.0,0.0,0,0
bxl-e149500-n169500-s500,https://databrussels.be/id/building/1799507,3026,0.0,high,534,534,1.0,0.0,0.0,0.0,0,0
