{"type":"FeatureCollection","totalFeatures":463,"numberMatched":463,"timeStamp":"2026-08-21T18:56:30.595Z","crs":{"type":"name","properties":{"name":"urn:ogc:def:crs:EPSG::31370"}},"bbox":[146924.528,166366.33,147520.0700004,167019.957],"features":[{"type":"Feature","id":"Buildings.fid-4dd17ab5_1a025577777_-60a1","geometry":{"type":"Polygon","coordinates":[[[147120.3,166678],[147115.521,166671.205],[147117.233,166670.049],[147118.562,166669.71],[147114.802,166640.985],[147113.038,166627.06],[147123.901,166625.952],[147125.357,166639.977],[147129.437,166673.014],[147128.312,166673.508],[147129.196,166675.046],[147129.701,166676.838],[147129.89,166678.669],[147129.733,166680.924],[147128.062,166684.09],[147126.04,166686.38],[147124.21,166683.7],[147120.3,166678]]]},"geometry_name":"GEOM","properties":{"INSPIRE_ID":"https://databrussels.be/id/building/1668836","BLOCK_ID":"https://databrussels.be/id/block/26987","AREA":603},"bbox":[147113.038,166625.952,147129.89,166686.38]},{"type":"Feature","id":"Buildings.fid-4dd17ab5_1a025577777_-6224","geometry":{"type":"Polygon","coordinates":[[[147357.108,166871.186],[147362.233,166869.417],[147366.521,166867.936],[147371.3585,166866.2661],[147372.6731,166869.9542],[147371.1016,166870.5144],[147370.0067,166870.9046],[147370.9968,166873.7176],[147368.97,166874.44],[147365.375,166875.724],[147359.45,166877.84],[147357.108,166871.186]]]},"geometry_name":"GEOM","properties":{"INSPIRE_ID":"https://databrussels.be/id/building/1709250","BLOCK_ID":"https://databrussels.be/id/block/26366","AREA":97},"bbox":[147357.108,166866.2661,147372.6731,166877.84]},{"type":"Feature","id":"Buildings.fid-4dd17ab5_1a025577777_-6160","geometry":{"type":"Polygon","coordinates":[[[147358.5499,166742.949],[147358.5301,166742.753],[147358.2812,166740.29],[147358.02,166737.7],[147358.0161,166737.65],[147358,166737.43],[147357.8503,166736.387],[147357.424,166733.409],[147357.3843,166733.1304],[147362.3,166732.59],[147362.64,166735.66],[147364.6018,166735.4366],[147364.7841,166737.0218],[147365.961,166747.254],[147359.058,166747.979],[147358.5499,166742.949]]]},"geometry_name":"GEOM","properties":{"INSPIRE_ID":"https://databrussels.be/id/building/1711495","BLOCK_ID":"https://databrussels.be/id/block/24563","AREA":97},"bbox":[147357.3843,166732.59,147365.961,166747.979]},{"type":"Feature","id":"Buildings.fid-4dd17ab5_1a025577777_-61af","geometry":{"type":"Polygon","coordinates":[[[147465.3351449,166538.15896157],[147467.19578236,166533.9838261],[147468.68583897,166530.64024712],[147470.92800004,166525.60900015],[147476.08,166527.984],[147473.41702324,166533.59496049],[147470.22824769,166540.32704641],[147469.3900001,166542.08000027],[147468.85999978,166543.19999976],[147467.34999971,166542.53999987],[147466.85000016,166543.64999955],[147463.59999952,166542.18999988],[147465.3351449,166538.15896157]]]},"geometry_name":"GEOM","properties":{"INSPIRE_ID":"https://databrussels.be/id/building/1711497","BLOCK_ID":"https://databrussels.be/id/block/31122","AREA":97},"bbox":[147463.59999952,166525.60900015,147476.08,166543.64999955]},{"type":"Feature","id":"Buildings.fid-4dd17ab5_1a025577777_-60f7","geometry":{"type":"Polygon","coordinates":[[[147024.67,166720.55],[147029.33883527,166720.00090803],[147029.66557821,166719.66740342],[147033.75999986,166723.99000039],[147033.23999971,166724.50999991],[147032.44223834,166725.27029129],[147025.47000055,166726.45999988],[147025.06999969,166723.53999966],[147024.67,166720.55]]]},"geometry_name":"GEOM","properties":{"INSPIRE_ID":"https://databrussels.be/id/building/1711523","BLOCK_ID":"https://databrussels.be/id/block/24634","AREA":41},"bbox":[147024.67,166719.66740342,147033.75999986,166726.45999988]},{"type":"Feature","id":"Buildings.fid-4dd17ab5_1a025577777_-6221","geometry":{"type":"Polygon","coordinates":[[[147359.45,166877.84],[147365.37500647,166875.7239263],[147368.97,166874.44],[147371.1800001,166880.64000028],[147367.62495343,166881.90608401],[147361.664,166884.029],[147359.45,166877.84]]]},"geometry_name":"GEOM","properties":{"INSPIRE_ID":"https://databrussels.be/id/building/1711526","BLOCK_ID":"https://databrussels.be/id/block/26366","AREA":66},"bbox":[147359.45,166874.44,147371.1800001,166884.029]},{"type":"Feature","id":"Buildings.fid-4dd17ab5_1a025577777_-61db","geometry":{"type":"Polygon","coordinates":[[[147412.329,166550.844],[147418.30702356,166548.23526296],[147420.72534626,166547.17993604],[147421.30728162,166546.92598644],[147424.30000027,166545.62000003],[147426.32,166550.3],[147423.36,166551.6],[147414.967,166555.275],[147414.405,166555.522],[147412.329,166550.844]]]},"geometry_name":"GEOM","properties":{"INSPIRE_ID":"https://databrussels.be/id/building/1711529","BLOCK_ID":"https://databrussels.be/id/block/31122","AREA":67},"bbox":[147412.329,166545.62000003,147426.32,166555.522]},{"type":"Feature","id":"Buildings.fid-4dd17ab5_1a025577777_-611d","geometry":{"type":"Polygon","coordinates":[[[147072.74,166925.77],[147090.28,166923.1],[147097.16,166968.46],[147097.86,166973.09],[147097.79,166973.1],[147080.24,166975.76],[147080.21,166975.58],[147079.31,166969.64],[147078.42999996,166963.82000028],[147077.94,166960.46],[147089.75,166958.29],[147086.95,166939.07],[147079.8397905,166932.58480688],[147075.59600143,166933.10485465],[147073.84,166933.36],[147073.7,166932.37],[147073.26,166929.37],[147072.74,166925.77]]]},"geometry_name":"GEOM","properties":{"INSPIRE_ID":"https://databrussels.be/id/building/1711791","BLOCK_ID":"https://databrussels.be/id/block/24634","AREA":595},"bbox":[147072.74,166923.1,147097.86,166975.76]},{"type":"Feature","id":"Buildings.fid-4dd17ab5_1a025577777_-6142","geometry":{"type":"Polygon","coordinates":[[[147169.075,166720.178],[147189.008,166705.768],[147189.069,166705.849],[147189.20324401,166705.75176977],[147192.38457459,166710.14417508],[147189.92947536,166711.92235394],[147192.96563327,166716.11432196],[147190.485705,166717.910484],[147193.579405,166722.068011],[147191.155172,166723.790299],[147194.200196,166728.076368],[147191.754875,166729.83257],[147194.802574,166734.025603],[147191.064,166736.651],[147194.232718,166740.916646],[147195.75310707,166742.96032495],[147187.01354776,166749.39549915],[147185.72248497,166750.00046642],[147168.31883577,166725.75323458],[147169.39663697,166725.01654817],[147166.94836622,166721.72647304],[147169.075,166720.178]]]},"geometry_name":"GEOM","properties":{"INSPIRE_ID":"https://databrussels.be/id/building/1711797","BLOCK_ID":"https://databrussels.be/id/block/26987","AREA":688},"bbox":[147166.94836622,166705.75176977,147195.75310707,166750.00046642]},{"type":"Feature","id":"Buildings.fid-4dd17ab5_1a025577777_-61b3","geometry":{"type":"Polygon","coordinates":[[[147400.16499992,166522.76699979],[147408.6400075,166519.04999164],[147409.0899833,166520.06001941],[147410.19245265,166519.61611438],[147411.50276759,166522.07085005],[147412.26367074,166521.79907142],[147412.97328847,166523.32699601],[147411.92346617,166523.77834529],[147410.95863194,166524.18710183],[147402.26204613,166527.87145103],[147400.16499992,166522.76699979]]]},"geometry_name":"GEOM","properties":{"INSPIRE_ID":"https://databrussels.be/id/building/1711805","BLOCK_ID":"https://databrussels.be/id/block/31122","AREA":59},"bbox":[147400.16499992,166519.04999164,147412.97328847,166527.87145103]},{"type":"Feature","id":"Buildings.fid-4dd17ab5_1a025577777_-60d3","geometry":{"type":"Polygon","coordinates":[[[147061.84000023,166777.10999948],[147061.26,166777.4],[147066.81,166788.56],[147069.40921166,166787.27830541],[147080.74399784,166781.68899566],[147075.343,166770.808],[147075.336,166770.794],[147061.84000023,166777.10999948]]]},"geometry_name":"GEOM","properties":{"INSPIRE_ID":"https://databrussels.be/id/building/1711835","BLOCK_ID":"https://databrussels.be/id/block/24634","AREA":191},"bbox":[147061.26,166770.794,147080.74399784,166788.56]},{"type":"Feature","id":"Buildings.fid-4dd17ab5_1a025577777_-61b4","geometry":{"type":"Polygon","coordinates":[[[147448.77,166530.73],[147450.20550283,166527.54768225],[147454.49700247,166518.03399831],[147459.564,166520.37],[147458.88,166521.8],[147455.0973,166529.8465],[147453.69,166532.84],[147448.77,166530.73]]]},"geometry_name":"GEOM","properties":{"INSPIRE_ID":"https://databrussels.be/id/building/1711847","BLOCK_ID":"https://databrussels.be/id/block/31122","AREA":76},"bbox":[147448.77,166518.03399831,147459.564,166532.84]},{"type":"Feature","id":"Buildings.fid-4dd17ab5_1a025577777_-6100","geometry":{"type":"Polygon","coordinates":[[[147009.579,166994.877],[147013.136,166990.573],[147020.19803254,166996.26631925],[147023.49286091,166998.9225669],[147023.97009472,166999.37524121],[147023.5,167000],[147022.18,167001.64],[147021.51,167001.07],[147019.84000031,167003.14999975],[147015.96999968,166999.9999999],[147009.579,166994.877]]]},"geometry_name":"GEOM","properties":{"INSPIRE_ID":"https://databrussels.be/id/building/1711849","BLOCK_ID":"https://databrussels.be/id/block/25150","AREA":76},"bbox":[147009.579,166990.573,147023.97009472,167003.14999975]},{"type":"Feature","id":"Buildings.fid-4dd17ab5_1a025577777_-61b5","geometry":{"type":"Polygon","coordinates":[[[147417.01823931,166521.60006718],[147414.72064019,166516.78932523],[147415.81012746,166516.2484628],[147419.97247506,166520.19120238],[147417.01823931,166521.60006718]]]},"geometry_name":"GEOM","properties":{"INSPIRE_ID":"https://databrussels.be/id/building/1711863","BLOCK_ID":"https://databrussels.be/id/block/31122","AREA":12},"bbox":[147414.72064019,166516.2484628,147419.97247506,166521.60006718]},{"type":"Feature","id":"Buildings.fid-4dd17ab5_1a025577777_-61cd","geometry":{"type":"Polygon","coordinates":[[[147489.12647903,166607.01142034],[147491.1614701,166605.95189329],[147493.15,166610.43],[147493.48,166611.11],[147491.398,166612.135],[147490.36,166609.79],[147489.12647903,166607.01142034]]]},"geometry_name":"GEOM","properties":{"INSPIRE_ID":"https://databrussels.be/id/building/1711866","BLOCK_ID":"https://databrussels.be/id/block/31122","AREA":13},"bbox":[147489.12647903,166605.95189329,147493.48,166612.135]},{"type":"Feature","id":"Buildings.fid-4dd17ab5_1a025577777_-6203","geometry":{"type":"Polygon","coordinates":[[[147286,166981.27],[147302.64,166970.47],[147303.02,166970.22],[147318.7,166988.81],[147316.71,166990.49],[147306.52,167000],[147303.868,167002.478],[147301.508,167000],[147296.33,166994.02],[147293.48,166990.47],[147287.58,166983.25],[147286,166981.27]]]},"geometry_name":"GEOM","properties":{"INSPIRE_ID":"https://databrussels.be/id/building/1711889","BLOCK_ID":"https://databrussels.be/id/block/25819","AREA":528},"bbox":[147286,166970.22,147318.7,167002.478]},{"type":"Feature","id":"Buildings.fid-4dd17ab5_1a025577777_-6222","geometry":{"type":"Polygon","coordinates":[[[147316.14253688,166877.64472228],[147317.77330465,166877.22711597],[147329.36,166874.26],[147331.06,166880.47],[147319.30328043,166883.5010993],[147317.95000034,166883.84999992],[147316.14253688,166877.64472228]]]},"geometry_name":"GEOM","properties":{"INSPIRE_ID":"https://databrussels.be/id/building/1711901","BLOCK_ID":"https://databrussels.be/id/block/25819","AREA":88},"bbox":[147316.14253688,166874.26,147331.06,166883.84999992]},{"type":"Feature","id":"Buildings.fid-4dd17ab5_1a025577777_-6171","geometry":{"type":"Polygon","coordinates":[[[147394.58,166600.48],[147392.09000482,166601.55999804],[147393.19001306,166604.08999471],[147394.11998844,166603.68000481],[147395.44000464,166606.7299983],[147395.81998952,166606.59000372],[147397.31,166610.03],[147396.59,166610.3],[147397.56540881,166612.49723669],[147400.00899987,166611.51899938],[147401.08,166611.05],[147403.23,166610.11],[147410.68,166606.864],[147405.846,166595.725],[147396.23999981,166599.91000011],[147394.58,166600.48]]]},"geometry_name":"GEOM","properties":{"INSPIRE_ID":"https://databrussels.be/id/building/1711906","BLOCK_ID":"https://databrussels.be/id/block/26424","AREA":172},"bbox":[147392.09000482,166595.725,147410.68,166612.49723669]},{"type":"Feature","id":"Buildings.fid-4dd17ab5_1a025577777_-614c","geometry":{"type":"Polygon","coordinates":[[[147298.399,166785.094],[147299.618,166784.26],[147311.492,166782.991],[147312.24,166789.5],[147311.41,166789.68],[147312.56,166797.61],[147311.35,166797.84],[147311.42,166798.4],[147311.43,166798.57],[147311.086,166800.533],[147312.361,166800.58],[147312.028,166809.5],[147310.901,166809.47],[147305.39145639,166809.35295506],[147305.9,166799.18],[147305.86,166799.18],[147299.96,166799.74],[147298.399,166785.094]]]},"geometry_name":"GEOM","properties":{"INSPIRE_ID":"https://databrussels.be/id/building/1712623","BLOCK_ID":"https://databrussels.be/id/block/25819","AREA":266},"bbox":[147298.399,166782.991,147312.56,166809.5]},{"type":"Feature","id":"Buildings.fid-4dd17ab5_1a025577777_-60f0","geometry":{"type":"Polygon","coordinates":[[[147030.922,166762.434],[147040.00753661,166761.20302217],[147041.65435239,166760.97989896],[147041.73,166761.03],[147042.72,166767.85],[147031.955,166769.521],[147030.922,166762.434]]]},"geometry_name":"GEOM","properties":{"INSPIRE_ID":"https://databrussels.be/id/building/1712637","BLOCK_ID":"https://databrussels.be/id/block/24634","AREA":77},"bbox":[147030.922,166760.97989896,147042.72,166769.521]},{"type":"Feature","id":"Buildings.fid-4dd17ab5_1a025577777_-615f","geometry":{"type":"Polygon","coordinates":[[[147248.084,166736.896],[147248.173,166736.839],[147254.146,166732.678],[147260.218,166741.552],[147254.277,166745.414],[147248.084,166736.896]]]},"geometry_name":"GEOM","properties":{"INSPIRE_ID":"https://databrussels.be/id/building/1712638","BLOCK_ID":"https://databrussels.be/id/block/24563","AREA":77},"bbox":[147248.084,166732.678,147260.218,166745.414]},{"type":"Feature","id":"Buildings.fid-4dd17ab5_1a025577777_-6119","geometry":{"type":"Polygon","coordinates":[[[147058.71,166948.46],[147069.56,166946.83],[147071.05,166946.61],[147071.12,166947.08],[147072.19,166946.92],[147072.95,166952.09],[147071.93885131,166952.23834217],[147059.58000008,166954.2299995],[147058.71,166948.46]]]},"geometry_name":"GEOM","properties":{"INSPIRE_ID":"https://databrussels.be/id/building/1712646","BLOCK_ID":"https://databrussels.be/id/block/24634","AREA":78},"bbox":[147058.71,166946.61,147072.95,166954.2299995]},{"type":"Feature","id":"Buildings.fid-4dd17ab5_1a025577777_-61a7","geometry":{"type":"Polygon","coordinates":[[[147397.973,166774.867],[147405.74699964,166774.1290005],[147406.71107315,166784.64832308],[147399.38773638,166785.26556436],[147399.04612791,166782.27564426],[147398.57,166782.31],[147397.973,166774.867]]]},"geometry_name":"GEOM","properties":{"INSPIRE_ID":"https://databrussels.be/id/building/1712678","BLOCK_ID":"https://databrussels.be/id/block/26366","AREA":81},"bbox":[147397.973,166774.1290005,147406.71107315,166785.26556436]},{"type":"Feature","id":"Buildings.fid-4dd17ab5_1a025577777_-60a5","geometry":{"type":"Polygon","coordinates":[[[147062.65405147,166565.94501742],[147062.60667972,166565.9287085],[147060.25550671,166565.11580655],[147060.81297466,166563.68534069],[147063.16107141,166564.49665442],[147062.91592383,166565.19695242],[147062.65405147,166565.94501742]]]},"geometry_name":"GEOM","properties":{"INSPIRE_ID":"https://databrussels.be/id/building/1712890","BLOCK_ID":"https://databrussels.be/id/block/26987","AREA":4},"bbox":[147060.25550671,166563.68534069,147063.16107141,166565.94501742]},{"type":"Feature","id":"Buildings.fid-4dd17ab5_1a025577777_-621e","geometry":{"type":"Polygon","coordinates":[[[147301.95593262,166883.79711232],[147301.52339811,166881.80716784],[147303.5877829,166881.23541055],[147304.06538718,166883.25513038],[147301.95593262,166883.79711232]]]},"geometry_name":"GEOM","properties":{"INSPIRE_ID":"https://databrussels.be/id/building/1712898","BLOCK_ID":"https://databrussels.be/id/block/25819","AREA":4},"bbox":[147301.52339811,166881.23541055,147304.06538718,166883.79711232]},{"type":"Feature","id":"Buildings.fid-4dd17ab5_1a025577777_-60e0","geometry":{"type":"Polygon","coordinates":[[[147002.88238538,166799.54442845],[147002.60000012,166796.7999998],[147003.77000007,166796.68000021],[147003.39000352,166793.69999802],[147006.07295594,166793.28239112],[147015.057,166791.884],[147015.896,166797.447],[147007.03047285,166798.87587354],[147004.40234382,166799.29945394],[147002.88238538,166799.54442845]]]},"geometry_name":"GEOM","properties":{"INSPIRE_ID":"https://databrussels.be/id/building/1712915","BLOCK_ID":"https://databrussels.be/id/block/25175","AREA":70},"bbox":[147002.60000012,166791.884,147015.896,166799.54442845]},{"type":"Feature","id":"Buildings.fid-4dd17ab5_1a025577777_-6183","geometry":{"type":"Polygon","coordinates":[[[147371.85,166549],[147371.83,166548.95],[147370.16,166549.67],[147370.11,166549.69],[147368.1425,166545.1496],[147365.82,166539.79],[147365.8,166539.73],[147367.044,166539.184],[147379.0597,166534.0701],[147381.385,166539.374],[147380.286,166539.856],[147382.092,166543.977],[147383.183,166543.5],[147383.35,166543.884],[147374.44,166547.85],[147371.85,166549]]]},"geometry_name":"GEOM","properties":{"INSPIRE_ID":"https://databrussels.be/id/building/1712919","BLOCK_ID":"https://databrussels.be/id/block/26424","AREA":151},"bbox":[147365.8,166534.0701,147383.35,166549.69]},{"type":"Feature","id":"Buildings.fid-4dd17ab5_1a025577777_-61da","geometry":{"type":"Polygon","coordinates":[[[147414.405,166555.522],[147414.967,166555.275],[147423.36,166551.6],[147426.32,166550.3],[147430.04,166548.68],[147430.1,166548.83],[147449.48,166593.26],[147469.37,166584.59],[147473.66,166595.42],[147475.11,166599.1],[147474.98,166599.16],[147459.5,166605.91],[147459.51,166605.94],[147455.68,166607.61],[147447.37,166611.22],[147443.568,166602.514],[147436.727,166605.412],[147436.165,166605.657],[147433.699,166599.889],[147436.032,166598.865],[147416.94,166555.066],[147414.648,166556.07],[147414.405,166555.522]]]},"geometry_name":"GEOM","properties":{"INSPIRE_ID":"https://databrussels.be/id/building/1712920","BLOCK_ID":"https://databrussels.be/id/block/31122","AREA":1236},"bbox":[147414.405,166548.68,147475.11,166611.22]},{"type":"Feature","id":"Buildings.fid-4dd17ab5_1a025577777_-6231","geometry":{"type":"Polygon","coordinates":[[[147352.61000022,166825.87000041],[147352.76000053,166818.80999988],[147364.45,166819.08],[147364.44148711,166819.17732977],[147364.91998078,166819.18997855],[147364.92000658,166826.15000675],[147364.81000643,166826.1500066],[147363.88000778,166826.1500082],[147363.88000029,166826.18999952],[147352.61000022,166825.87000041]]]},"geometry_name":"GEOM","properties":{"INSPIRE_ID":"https://databrussels.be/id/building/1712931","BLOCK_ID":"https://databrussels.be/id/block/26366","AREA":87},"bbox":[147352.61000022,166818.80999988,147364.92000658,166826.18999952]},{"type":"Feature","id":"Buildings.fid-4dd17ab5_1a025577777_-61a3","geometry":{"type":"Polygon","coordinates":[[[147405.307,166801.277],[147405.412,166794.35],[147417.90300018,166794.35999975],[147417.74299977,166801.34899957],[147405.307,166801.277]]]},"geometry_name":"GEOM","properties":{"INSPIRE_ID":"https://databrussels.be/id/building/1712932","BLOCK_ID":"https://databrussels.be/id/block/26366","AREA":87},"bbox":[147405.307,166794.35,147417.90300018,166801.34899957]},{"type":"Feature","id":"Buildings.fid-4dd17ab5_1a025577777_-60b8","geometry":{"type":"Polygon","coordinates":[[[147020.06,166919.14],[147019.2632,166913.2038],[147021.346,166912.882],[147023.318,166912.58],[147032.898,166911.112],[147033.805,166917.111],[147024.158,166918.535],[147022.841,166918.729],[147020.06,166919.14]]]},"geometry_name":"GEOM","properties":{"INSPIRE_ID":"https://databrussels.be/id/building/1712939","BLOCK_ID":"https://databrussels.be/id/block/23952","AREA":83},"bbox":[147019.2632,166911.112,147033.805,166919.14]},{"type":"Feature","id":"Buildings.fid-4dd17ab5_1a025577777_-60e2","geometry":{"type":"Polygon","coordinates":[[[147002.629,166805.486],[147001.82,166805.61],[147001.01,166799.92],[147001.11,166799.89],[147002.88238538,166799.54442845],[147004.40234382,166799.29945394],[147007.03047285,166798.87587354],[147015.896,166797.447],[147016.749,166803.111],[147003.27092644,166805.37802725],[147002.629,166805.486]]]},"geometry_name":"GEOM","properties":{"INSPIRE_ID":"https://databrussels.be/id/building/1712941","BLOCK_ID":"https://databrussels.be/id/block/25175","AREA":87},"bbox":[147001.01,166797.447,147016.749,166805.61]},{"type":"Feature","id":"Buildings.fid-4dd17ab5_1a025577777_-60e9","geometry":{"type":"Polygon","coordinates":[[[147057.498,166764.667],[147059.51,166763.5],[147069.413,166758.865],[147072.315,166764.751],[147060.37036179,166770.45074005],[147057.498,166764.667]]]},"geometry_name":"GEOM","properties":{"INSPIRE_ID":"https://databrussels.be/id/building/1712943","BLOCK_ID":"https://databrussels.be/id/block/24634","AREA":87},"bbox":[147057.498,166758.865,147072.315,166770.45074005]},{"type":"Feature","id":"Buildings.fid-4dd17ab5_1a025577777_-6241","geometry":{"type":"Polygon","coordinates":[[[147444.74,166811.06],[147456.93,166809.86],[147456.96,166810.11],[147457.27,166813],[147457.39,166813],[147461.21,166812.82],[147461.57,166816.14],[147459.95999996,166816.38000028],[147445.49,166817.99],[147444.77,166811.34],[147444.74,166811.06]]]},"geometry_name":"GEOM","properties":{"INSPIRE_ID":"https://databrussels.be/id/building/1712965","BLOCK_ID":"https://databrussels.be/id/block/30722","AREA":98},"bbox":[147444.74,166809.86,147461.57,166817.99]},{"type":"Feature","id":"Buildings.fid-4dd17ab5_1a025577777_-6223","geometry":{"type":"Polygon","coordinates":[[[147327.65,166867.99],[147329.36,166874.26],[147317.773,166877.227],[147316.143,166877.645],[147312.44,166878.635],[147310.991,166872.35],[147312.65,166871.95],[147316.051,166871.045],[147327.65,166867.99]]]},"geometry_name":"GEOM","properties":{"INSPIRE_ID":"https://databrussels.be/id/building/1712968","BLOCK_ID":"https://databrussels.be/id/block/25819","AREA":112},"bbox":[147310.991,166867.99,147329.36,166878.635]},{"type":"Feature","id":"Buildings.fid-4dd17ab5_1a025577777_-626d","geometry":{"type":"Polygon","coordinates":[[[147471.218,166886.083],[147484.23,166878.51],[147485.3,166877.93],[147487.36,166881.75],[147485.8,166882.64],[147486.93,166884.56],[147484.95,166885.73],[147474.462,166891.739],[147471.218,166886.083]]]},"geometry_name":"GEOM","properties":{"INSPIRE_ID":"https://databrussels.be/id/building/1712977","BLOCK_ID":"https://databrussels.be/id/block/30722","AREA":102},"bbox":[147471.218,166877.93,147487.36,166891.739]},{"type":"Feature","id":"Buildings.fid-4dd17ab5_1a025577777_-6106","geometry":{"type":"Polygon","coordinates":[[[147016.659,166986.309],[147020.942,166981.126],[147027.98000031,166986.86999981],[147030.83367374,166989.28950259],[147028.49545231,166992.06914517],[147030.8372031,166994.07707251],[147028.9593368,166995.97141675],[147026.55688376,166994.01292921],[147024.21226041,166992.18801267],[147016.659,166986.309]]]},"geometry_name":"GEOM","properties":{"INSPIRE_ID":"https://databrussels.be/id/building/1713814","BLOCK_ID":"https://databrussels.be/id/block/25150","AREA":92},"bbox":[147016.659,166981.126,147030.8372031,166995.97141675]},{"type":"Feature","id":"Buildings.fid-4dd17ab5_1a025577777_-60f3","geometry":{"type":"Polygon","coordinates":[[[147028.9,166748.5],[147037.3,166747.2],[147039.33,166746.889],[147039.4,166746.88],[147041.21,166746.62],[147041.23,166746.79],[147042.24,166753.79],[147040.46,166754.08],[147038.92,166754.32],[147029.94,166755.7],[147029.81,166754.809],[147029.365,166754.874],[147028.879,166751.535],[147029.324,166751.47],[147028.93,166748.76],[147028.9,166748.55],[147028.9,166748.5]]]},"geometry_name":"GEOM","properties":{"INSPIRE_ID":"https://databrussels.be/id/building/1713815","BLOCK_ID":"https://databrussels.be/id/block/24634","AREA":92},"bbox":[147028.879,166746.62,147042.24,166755.7]},{"type":"Feature","id":"Buildings.fid-4dd17ab5_1a025577777_-61e5","geometry":{"type":"Polygon","coordinates":[[[147275.91000023,166848.40999992],[147282.51000054,166847.77000033],[147283.9700009,166861.59000146],[147277.43,166862.34],[147275.91000023,166848.40999992]]]},"geometry_name":"GEOM","properties":{"INSPIRE_ID":"https://databrussels.be/id/building/1713818","BLOCK_ID":"https://databrussels.be/id/block/25819","AREA":92},"bbox":[147275.91000023,166847.77000033,147283.9700009,166862.34]},{"type":"Feature","id":"Buildings.fid-4dd17ab5_1a025577777_-624d","geometry":{"type":"Polygon","coordinates":[[[147408.09495775,166835.62286738],[147408.67999956,166835.53000029],[147411.11306954,166835.07020739],[147420.11000036,166833.36999968],[147421.79999979,166840.42000032],[147412.71492765,166842.41484964],[147410.04999985,166842.99999958],[147409.49000001,166843.13000006],[147408.09495775,166835.62286738]]]},"geometry_name":"GEOM","properties":{"INSPIRE_ID":"https://databrussels.be/id/building/1713819","BLOCK_ID":"https://databrussels.be/id/block/26366","AREA":92},"bbox":[147408.09495775,166833.36999968,147421.79999979,166843.13000006]},{"type":"Feature","id":"Buildings.fid-4dd17ab5_1a025577777_-61ce","geometry":{"type":"Polygon","coordinates":[[[147447.37,166611.22],[147455.68,166607.61],[147459.51,166605.94],[147461.05,166608.86],[147462.55,166609.17],[147462.85,166609.91],[147466.83,166608.17],[147468.22,166611.35],[147468.27,166611.47],[147465.059397,166612.98554638],[147463.13267483,166613.81718291],[147460.30562926,166615.03742857],[147450.64100016,166619.20900005],[147446.99200021,166611.37899963],[147447.37,166611.22]]]},"geometry_name":"GEOM","properties":{"INSPIRE_ID":"https://databrussels.be/id/building/1714030","BLOCK_ID":"https://databrussels.be/id/block/31122","AREA":141},"bbox":[147446.99200021,166605.94,147468.27,166619.20900005]},{"type":"Feature","id":"Buildings.fid-4dd17ab5_1a025577777_-6259","geometry":{"type":"Polygon","coordinates":[[[147467.55694058,166954.80096699],[147472.45,166963.23],[147467.17,166963.73],[147467.28,166964.89],[147468.57,166976.23],[147482.84,166977.07],[147487.67,166969.33],[147476.15011737,166949.5128688],[147467.55694058,166954.80096699]]]},"geometry_name":"GEOM","properties":{"INSPIRE_ID":"https://databrussels.be/id/building/1714037","BLOCK_ID":"https://databrussels.be/id/block/26366","AREA":366},"bbox":[147467.17,166949.5128688,147487.67,166977.07]},{"type":"Feature","id":"Buildings.fid-4dd17ab5_1a025577777_-626c","geometry":{"type":"Polygon","coordinates":[[[147474.462,166891.739],[147484.95,166885.73],[147486.08,166887.62],[147491.1,166884.63],[147493.28,166888.28],[147487.63,166891.65],[147477.717,166897.413],[147474.462,166891.739]]]},"geometry_name":"GEOM","properties":{"INSPIRE_ID":"https://databrussels.be/id/building/1714039","BLOCK_ID":"https://databrussels.be/id/block/30722","AREA":104},"bbox":[147474.462,166884.63,147493.28,166897.413]},{"type":"Feature","id":"Buildings.fid-4dd17ab5_1a025577777_-60b4","geometry":{"type":"Polygon","coordinates":[[[147022.05999982,166925.05999983],[147024.67351899,166924.64195249],[147025.73361318,166924.47238435],[147034.701,166923.038],[147035.614,166929.07],[147026.57475969,166930.37665853],[147025.69318362,166930.50857362],[147025.49967226,166930.53752977],[147024.24791887,166930.7248353],[147023.75999983,166927.17000018],[147022.38000049,166927.36000033],[147022.05999982,166925.05999983]]]},"geometry_name":"GEOM","properties":{"INSPIRE_ID":"https://databrussels.be/id/building/1714046","BLOCK_ID":"https://databrussels.be/id/block/23952","AREA":72},"bbox":[147022.05999982,166923.038,147035.614,166930.7248353]},{"type":"Feature","id":"Buildings.fid-4dd17ab5_1a025577777_-6234","geometry":{"type":"Polygon","coordinates":[[[147383.94000024,166812.24000027],[147383.93725872,166809.74879893],[147386.7895322,166809.7751615],[147386.65999991,166812.24000036],[147383.94000024,166812.24000027]]]},"geometry_name":"GEOM","properties":{"INSPIRE_ID":"https://databrussels.be/id/building/1714052","BLOCK_ID":"https://databrussels.be/id/block/26366","AREA":7},"bbox":[147383.93725872,166809.74879893,147386.7895322,166812.24000036]},{"type":"Feature","id":"Buildings.fid-4dd17ab5_1a025577777_-6110","geometry":{"type":"Polygon","coordinates":[[[147061.41,166966.51],[147069.56,166965.21],[147073.0280503,166964.65511195],[147073.81016907,166970.36095335],[147070.64149401,166970.79538811],[147062.22000006,166971.94999989],[147061.852,166969.477],[147061.555,166969.521],[147061.185,166969.071],[147060.949,166967.489],[147061.172,166966.95],[147061.469,166966.906],[147061.41,166966.51]]]},"geometry_name":"GEOM","properties":{"INSPIRE_ID":"https://databrussels.be/id/building/1714071","BLOCK_ID":"https://databrussels.be/id/block/24634","AREA":67},"bbox":[147060.949,166964.65511195,147073.81016907,166971.94999989]},{"type":"Feature","id":"Buildings.fid-4dd17ab5_1a025577777_-60e1","geometry":{"type":"Polygon","coordinates":[[[147002.35,166811.27],[147007.838,166810.386],[147008.993,166810.199],[147017.608,166808.811],[147018.416,166814.172],[147009.137,166815.469],[147006.862,166815.787],[147005.735,166815.945],[147005.3085,166812.8939],[147004.1188,166813.0602],[147004.0112,166812.2907],[147002.4863,166812.5039],[147002.35,166811.27]]]},"geometry_name":"GEOM","properties":{"INSPIRE_ID":"https://databrussels.be/id/building/1714074","BLOCK_ID":"https://databrussels.be/id/block/25175","AREA":72},"bbox":[147002.35,166808.811,147018.416,166815.945]},{"type":"Feature","id":"Buildings.fid-4dd17ab5_1a025577777_-6154","geometry":{"type":"Polygon","coordinates":[[[147258.27,166752.73],[147258.61000012,166751.24000002],[147258.42999987,166750.93000002],[147258.87223433,166746.67182318],[147260.15565601,166745.71995977],[147264.85494636,166746.28518261],[147263.99,166753.6],[147258.27,166752.73]]]},"geometry_name":"GEOM","properties":{"INSPIRE_ID":"https://databrussels.be/id/building/1714085","BLOCK_ID":"https://databrussels.be/id/block/24563","AREA":42},"bbox":[147258.27,166745.71995977,147264.85494636,166753.6]},{"type":"Feature","id":"Buildings.fid-4dd17ab5_1a025577777_-60c2","geometry":{"type":"Polygon","coordinates":[[[147019.79797774,166884.75718771],[147028.71,166883.418],[147029.632,166889.519],[147020.65000002,166890.77000014],[147019.79797774,166884.75718771]]]},"geometry_name":"GEOM","properties":{"INSPIRE_ID":"https://databrussels.be/id/building/1714091","BLOCK_ID":"https://databrussels.be/id/block/23952","AREA":55},"bbox":[147019.79797774,166883.418,147029.632,166890.77000014]},{"type":"Feature","id":"Buildings.fid-4dd17ab5_1a025577777_-6186","geometry":{"type":"Polygon","coordinates":[[[147363.67833156,166525.33603012],[147365.71961225,166524.39358745],[147368.76513888,166522.98749258],[147375.903,166519.692],[147377.442,166523.518],[147368.53256454,166527.47774904],[147364.86,166529.11],[147363.35961295,166525.50123754],[147363.67833156,166525.33603012]]]},"geometry_name":"GEOM","properties":{"INSPIRE_ID":"https://databrussels.be/id/building/1714093","BLOCK_ID":"https://databrussels.be/id/block/26424","AREA":55},"bbox":[147363.35961295,166519.692,147377.442,166529.11]},{"type":"Feature","id":"Buildings.fid-4dd17ab5_1a025577777_-6101","geometry":{"type":"Polygon","coordinates":[[[147079.1944886,166993.71017797],[147073.62000001,166994.48999996],[147065.74000001,166995.57000001],[147064.87000001,166989.73],[147073.95,166988.50999999],[147078.30580785,166987.88007212],[147079.1944886,166993.71017797]]]},"geometry_name":"GEOM","properties":{"INSPIRE_ID":"https://databrussels.be/id/building/1714120","BLOCK_ID":"https://databrussels.be/id/block/24634","AREA":80},"bbox":[147064.87000001,166987.88007212,147079.1944886,166995.57000001]},{"type":"Feature","id":"Buildings.fid-4dd17ab5_1a025577777_-60ba","geometry":{"type":"Polygon","coordinates":[[[147020.5800002,166906.91000012],[147022.21907048,166906.66523002],[147032.004,166905.204],[147032.898,166911.112],[147023.31796418,166912.58002875],[147021.34590801,166912.88222335],[147020.5800002,166906.91000012]]]},"geometry_name":"GEOM","properties":{"INSPIRE_ID":"https://databrussels.be/id/building/1714131","BLOCK_ID":"https://databrussels.be/id/block/23952","AREA":70},"bbox":[147020.5800002,166905.204,147032.898,166912.88222335]},{"type":"Feature","id":"Buildings.fid-4dd17ab5_1a025577777_-61fc","geometry":{"type":"Polygon","coordinates":[[[147229.6799996,166815.93999989],[147244.791,166814.452],[147248.09,166814.13],[147248.09,166814.16],[147248.96,166822.9],[147246.39,166823.16],[147230.75799952,166824.77500046],[147229.6799996,166815.93999989]]]},"geometry_name":"GEOM","properties":{"INSPIRE_ID":"https://databrussels.be/id/building/1714133","BLOCK_ID":"https://databrussels.be/id/block/25819","AREA":163},"bbox":[147229.6799996,166814.13,147248.96,166824.77500046]},{"type":"Feature","id":"Buildings.fid-4dd17ab5_1a025577777_-60b0","geometry":{"type":"Polygon","coordinates":[[[147073.681,166937.93204244],[147072.636,166938.07344244],[147068.2227,166938.67084244],[147068.69340001,166942.06494244],[147069.3591,166946.86104244],[147060.5544,166948.18374244],[147058.71,166948.46084244],[147058.71,166948.40084244],[147058.06000001,166943.72084244],[147058.054,166943.67084244],[147058.02000001,166943.38084244],[147056.85000001,166934.89084244],[147061.469,166934.17384244],[147064.357,166933.72684244],[147066.59000001,166933.38084244],[147066.738,166933.35884244],[147067.47,166933.25084244],[147067.74000001,166935.19084244],[147072.1505,166934.57544244],[147074.13170001,166934.29894244],[147075.1112,166936.38374244],[147073.681,166937.93204244]]]},"geometry_name":"GEOM","properties":{"INSPIRE_ID":"https://databrussels.be/id/building/1714137","BLOCK_ID":"https://databrussels.be/id/block/24634","AREA":171},"bbox":[147056.85000001,166933.25084244,147075.1112,166948.46084244]},{"type":"Feature","id":"Buildings.fid-4dd17ab5_1a025577777_-6192","geometry":{"type":"Polygon","coordinates":[[[147488.45,166790.43],[147493.67,166792.11],[147494.81,166792.48],[147494.94,166792.52],[147499.04,166801.01],[147499.07,166801.08],[147498.02,166801.58],[147498.56,166802.7],[147498.38,166802.79],[147491.29,166806.2],[147491.6,166806.83],[147485.42,166809.81],[147482.33,166803.83],[147484.86,166797.27],[147485.92,166797.44],[147488.45,166790.43]]]},"geometry_name":"GEOM","properties":{"INSPIRE_ID":"https://databrussels.be/id/building/1714145","BLOCK_ID":"https://databrussels.be/id/block/30722","AREA":188},"bbox":[147482.33,166790.43,147499.07,166809.81]},{"type":"Feature","id":"Buildings.fid-4dd17ab5_1a025577777_-6256","geometry":{"type":"Polygon","coordinates":[[[147453.05055077,166962.84501918],[147460.31,166962.18],[147463.79,166961.74],[147464.23,166965.18],[147467.28,166964.89],[147468.57,166976.23],[147454.9,166976.96],[147453.05055077,166962.84501918]]]},"geometry_name":"GEOM","properties":{"INSPIRE_ID":"https://databrussels.be/id/building/1714148","BLOCK_ID":"https://databrussels.be/id/block/26366","AREA":190},"bbox":[147453.05055077,166961.74,147468.57,166976.96]},{"type":"Feature","id":"Buildings.fid-4dd17ab5_1a025577777_-619e","geometry":{"type":"Polygon","coordinates":[[[147427.04,166690.674],[147436.746,166685.898],[147437.186,166686.809],[147439.782,166685.526],[147439.89,166685.57],[147439.51,166684.7],[147439.59,166683.82],[147441.67,166682.9],[147442.65,166683.09],[147443.53,166685.11],[147443.12,166686.12],[147444.324,166688.573],[147444.93,166688.31],[147446.62,166688.1],[147448.04,166690.97],[147447.274,166692.127],[147447.347,166692.314],[147447.455,166692.598],[147447.504,166692.738],[147447.514,166692.765],[147435.25994894,166698.29988813],[147430.69,166700.36],[147427.04,166690.674]]]},"geometry_name":"GEOM","properties":{"INSPIRE_ID":"https://databrussels.be/id/building/1714151","BLOCK_ID":"https://databrussels.be/id/block/26424","AREA":190},"bbox":[147427.04,166682.9,147448.04,166700.36]},{"type":"Feature","id":"Buildings.fid-4dd17ab5_1a025577777_-6167","geometry":{"type":"Polygon","coordinates":[[[147392.926141,166505.749797],[147406.242,166500.119],[147403.81799943,166505.09200008],[147402.62,166505.71],[147403.99,166509.64],[147396.061548,166513.105127],[147392.926141,166505.749797]]]},"geometry_name":"GEOM","properties":{"INSPIRE_ID":"https://databrussels.be/id/building/1714910","BLOCK_ID":"https://databrussels.be/id/block/31122","AREA":83},"bbox":[147392.926141,166500.119,147406.242,166513.105127]},{"type":"Feature","id":"Buildings.fid-4dd17ab5_1a025577777_-6172","geometry":{"type":"Polygon","coordinates":[[[147389.94999954,166718.90999976],[147396.57899973,166713.54199972],[147402.27599937,166720.72499986],[147395.274,166726.373],[147389.5,166719.31],[147389.53,166719.28],[147389.94999954,166718.90999976]]]},"geometry_name":"GEOM","properties":{"INSPIRE_ID":"https://databrussels.be/id/building/1714911","BLOCK_ID":"https://databrussels.be/id/block/24563","AREA":83},"bbox":[147389.5,166713.54199972,147402.27599937,166726.373]},{"type":"Feature","id":"Buildings.fid-4dd17ab5_1a025577777_-611b","geometry":{"type":"Polygon","coordinates":[[[147014.84000006,166945.49999967],[147016.76247215,166943.37682955],[147015.28624996,166942.051765],[147016.92999844,166940.10999982],[147020.15,166942.83],[147027.711,166949.056],[147024.281,166953.238],[147016.74698485,166947.0629961],[147014.84000006,166945.49999967]]]},"geometry_name":"GEOM","properties":{"INSPIRE_ID":"https://databrussels.be/id/building/1714921","BLOCK_ID":"https://databrussels.be/id/block/23952","AREA":71},"bbox":[147014.84000006,166940.10999982,147027.711,166953.238]},{"type":"Feature","id":"Buildings.fid-4dd17ab5_1a025577777_-611a","geometry":{"type":"Polygon","coordinates":[[[147011.08000037,166949.17999986],[147010.01,166948.28],[147011.91,166946.04],[147013.36,166947.26],[147014.84000006,166945.49999967],[147016.74698485,166947.0629961],[147024.281,166953.238],[147020.832,166957.443],[147013.45486254,166951.1922524],[147011.08000037,166949.17999986]]]},"geometry_name":"GEOM","properties":{"INSPIRE_ID":"https://databrussels.be/id/building/1714925","BLOCK_ID":"https://databrussels.be/id/block/23952","AREA":71},"bbox":[147010.01,166945.49999967,147024.281,166957.443]},{"type":"Feature","id":"Buildings.fid-4dd17ab5_1a025577777_-61b2","geometry":{"type":"Polygon","coordinates":[[[147453.68999997,166532.84000034],[147455.09726308,166529.84651626],[147458.88000225,166521.79999782],[147460.52,166522.53],[147459.96,166523.69],[147462.14,166524.73],[147462.35,166524.22],[147464.82,166525.39],[147461.95752923,166532.20130097],[147459.84,166537.24],[147458.29,166540.32],[147452.62,166537.7],[147451.72,166537.31],[147453.68999997,166532.84000034]]]},"geometry_name":"GEOM","properties":{"INSPIRE_ID":"https://databrussels.be/id/building/1714948","BLOCK_ID":"https://databrussels.be/id/block/31122","AREA":118},"bbox":[147451.72,166521.79999782,147464.82,166540.32]},{"type":"Feature","id":"Buildings.fid-4dd17ab5_1a025577777_-6255","geometry":{"type":"Polygon","coordinates":[[[147431.1,166965.6],[147431.389,166965.548],[147438.11,166964.34],[147441.76,166963.69],[147446.71,166963.05],[147453.023,166962.329],[147453.051,166962.845],[147454.9,166976.96],[147440.83,166978.78],[147434.246,166980.276],[147431.1,166965.6]]]},"geometry_name":"GEOM","properties":{"INSPIRE_ID":"https://databrussels.be/id/building/1714953","BLOCK_ID":"https://databrussels.be/id/block/26366","AREA":319},"bbox":[147431.1,166962.329,147454.9,166980.276]},{"type":"Feature","id":"Buildings.fid-4dd17ab5_1a025577777_-612a","geometry":{"type":"Polygon","coordinates":[[[147347.4393359,166532.32263076],[147348.94226814,166535.99601664],[147346.30432446,166537.13719209],[147344.81500508,166533.45055414],[147347.4393359,166532.32263076]]]},"geometry_name":"GEOM","properties":{"INSPIRE_ID":"https://databrussels.be/id/building/1715162","BLOCK_ID":"https://databrussels.be/id/block/26424","AREA":11},"bbox":[147344.81500508,166532.32263076,147348.94226814,166537.13719209]},{"type":"Feature","id":"Buildings.fid-4dd17ab5_1a025577777_-61c0","geometry":{"type":"Polygon","coordinates":[[[147408.17999971,166505.27000012],[147411.481,166498.498],[147416.987,166501.013],[147413.46,166508.93],[147410.64,166507.66],[147409.1,166509.43],[147407.43,166507.97],[147408.09,166506.43],[147407.85663515,166506.32305922],[147408.25,166505.3],[147408.17999971,166505.27000012]]]},"geometry_name":"GEOM","properties":{"INSPIRE_ID":"https://databrussels.be/id/building/1715166","BLOCK_ID":"https://databrussels.be/id/block/31122","AREA":59},"bbox":[147407.43,166498.498,147416.987,166509.43]},{"type":"Feature","id":"Buildings.fid-4dd17ab5_1a025577777_-60c1","geometry":{"type":"Polygon","coordinates":[[[146998.866,166891.356],[147000,166889.833],[147002.156,166886.897],[147009.34,166892.45],[147007.89866706,166894.36525342],[147010.69942872,166896.36103747],[147009.15517074,166898.7515548],[147006.4535639,166896.81017495],[147000,166892.2],[146998.866,166891.356]]]},"geometry_name":"GEOM","properties":{"INSPIRE_ID":"https://databrussels.be/id/building/1715172","BLOCK_ID":"https://databrussels.be/id/block/23952","AREA":59},"bbox":[146998.866,166886.897,147010.69942872,166898.7515548]},{"type":"Feature","id":"Buildings.fid-4dd17ab5_1a025577777_-612d","geometry":{"type":"Polygon","coordinates":[[[147336.70594972,166681.65903744],[147338.87995092,166693.16097384],[147346.36,166691.63],[147346.04,166689.12],[147346.365,166689.075],[147344.748,166680.087],[147336.70594972,166681.65903744]]]},"geometry_name":"GEOM","properties":{"INSPIRE_ID":"https://databrussels.be/id/building/1715189","BLOCK_ID":"https://databrussels.be/id/block/24563","AREA":94},"bbox":[147336.70594972,166680.087,147346.365,166693.16097384]},{"type":"Feature","id":"Buildings.fid-4dd17ab5_1a025577777_-623d","geometry":{"type":"Polygon","coordinates":[[[147447.32,166831.24],[147455.97999955,166829.46000018],[147456.0800004,166829.43999981],[147462.76999964,166828.06999969],[147463.53000001,166831.39000035],[147462.78000027,166831.57000034],[147463.34000015,166834.02999975],[147460.31999964,166834.82999965],[147448.99,166837.79],[147448.95,166837.66],[147447.35,166831.38],[147447.33,166831.29],[147447.32,166831.24]]]},"geometry_name":"GEOM","properties":{"INSPIRE_ID":"https://databrussels.be/id/building/1715200","BLOCK_ID":"https://databrussels.be/id/block/30722","AREA":98},"bbox":[147447.32,166828.06999969,147463.53000001,166837.79]},{"type":"Feature","id":"Buildings.fid-4dd17ab5_1a025577777_-6252","geometry":{"type":"Polygon","coordinates":[[[147396.9,166947.55],[147406.28783295,166939.97972007],[147407.85,166938.72],[147412.21,166944.13],[147411.09,166945.04],[147411,166945.12],[147410.27,166945.7],[147401.2,166952.95],[147396.94,166947.6],[147396.9,166947.55]]]},"geometry_name":"GEOM","properties":{"INSPIRE_ID":"https://databrussels.be/id/building/1715202","BLOCK_ID":"https://databrussels.be/id/block/26366","AREA":98},"bbox":[147396.9,166938.72,147412.21,166952.95]},{"type":"Feature","id":"Buildings.fid-4dd17ab5_1a025577777_-6242","geometry":{"type":"Polygon","coordinates":[[[147443.73000022,166915.40000039],[147453.13300036,166909.84900005],[147453.17,166909.915],[147456.471,166915.596],[147449.41059228,166919.69718394],[147448.50469645,166920.22339236],[147447.03,166921.08],[147443.73000022,166915.40000039]]]},"geometry_name":"GEOM","properties":{"INSPIRE_ID":"https://databrussels.be/id/building/1715217","BLOCK_ID":"https://databrussels.be/id/block/26366","AREA":72},"bbox":[147443.73000022,166909.84900005,147456.471,166921.08]},{"type":"Feature","id":"Buildings.fid-4dd17ab5_1a025577777_-60c3","geometry":{"type":"Polygon","coordinates":[[[147002.156,166886.897],[147005.084,166882.909],[147011.14130623,166887.32543593],[147012.59981025,166888.3888441],[147013.46889834,166889.02250393],[147016.62,166891.32],[147015,166893.57],[147013.59213507,166892.55612712],[147012.0569294,166894.59466489],[147009.34,166892.45],[147002.156,166886.897]]]},"geometry_name":"GEOM","properties":{"INSPIRE_ID":"https://databrussels.be/id/building/1715236","BLOCK_ID":"https://databrussels.be/id/block/23952","AREA":69},"bbox":[147002.156,166882.909,147016.62,166894.59466489]},{"type":"Feature","id":"Buildings.fid-4dd17ab5_1a025577777_-622c","geometry":{"type":"Polygon","coordinates":[[[147352.47000022,166832.3],[147363.75179536,166832.15167649],[147364.39759011,166832.16516446],[147364.67,166845.45],[147352.54900199,166845.84800185],[147352.18000149,166845.86000176],[147352.47000022,166832.3]]]},"geometry_name":"GEOM","properties":{"INSPIRE_ID":"https://databrussels.be/id/building/1715255","BLOCK_ID":"https://databrussels.be/id/block/26366","AREA":164},"bbox":[147352.18000149,166832.15167649,147364.67,166845.86000176]},{"type":"Feature","id":"Buildings.fid-4dd17ab5_1a025577777_-620f","geometry":{"type":"Polygon","coordinates":[[[147304.17,166928.93],[147309.61,166926.01],[147319.15,166943.75],[147313.51,166946.78],[147313.07,166946.08],[147310.04,166941.27],[147306.46496815,166935.13445417],[147305.06614202,166931.91252876],[147304.17,166928.93]]]},"geometry_name":"GEOM","properties":{"INSPIRE_ID":"https://databrussels.be/id/building/1715266","BLOCK_ID":"https://databrussels.be/id/block/25819","AREA":137},"bbox":[147304.17,166926.01,147319.15,166946.78]},{"type":"Feature","id":"Buildings.fid-4dd17ab5_1a025577777_-6188","geometry":{"type":"Polygon","coordinates":[[[147359.87655558,166518.13417851],[147361.52401297,166517.43261959],[147364.32915891,166516.23806658],[147373.025,166512.535],[147374.51,166516.228],[147367.33184154,166519.36994297],[147364.29898856,166520.6974494],[147362.15608581,166521.63541678],[147361.5685008,166521.90243149],[147359.87655558,166518.13417851]]]},"geometry_name":"GEOM","properties":{"INSPIRE_ID":"https://databrussels.be/id/building/1715279","BLOCK_ID":"https://databrussels.be/id/block/26424","AREA":58},"bbox":[147359.87655558,166512.535,147374.51,166521.90243149]},{"type":"Feature","id":"Buildings.fid-4dd17ab5_1a025577777_-6150","geometry":{"type":"Polygon","coordinates":[[[147365.14299962,166778.65799995],[147365.42400042,166778.6279999],[147372.09285493,166777.687588],[147373.12378159,166787.89307237],[147366.24000024,166788.74000028],[147365.14299962,166778.65799995]]]},"geometry_name":"GEOM","properties":{"INSPIRE_ID":"https://databrussels.be/id/building/1716055","BLOCK_ID":"https://databrussels.be/id/block/26366","AREA":71},"bbox":[147365.14299962,166777.687588,147373.12378159,166788.74000028]},{"type":"Feature","id":"Buildings.fid-4dd17ab5_1a025577777_-6116","geometry":{"type":"Polygon","coordinates":[[[147059.58000008,166954.2299995],[147071.93885131,166952.23834217],[147072.94652385,166958.50544691],[147071.03734255,166958.76301402],[147069.81591303,166958.92779671],[147060.46000032,166960.1900001],[147059.58000008,166954.2299995]]]},"geometry_name":"GEOM","properties":{"INSPIRE_ID":"https://databrussels.be/id/building/1716088","BLOCK_ID":"https://databrussels.be/id/block/24634","AREA":78},"bbox":[147059.58000008,166952.23834217,147072.94652385,166960.1900001]},{"type":"Feature","id":"Buildings.fid-4dd17ab5_1a025577777_-6102","geometry":{"type":"Polygon","coordinates":[[[147034.25300106,166995.61930235],[147033.38000214,166989.69999983],[147037.15,166989.07],[147044.4,166987.86],[147045.31,166993.96],[147034.25300106,166995.61930235]]]},"geometry_name":"GEOM","properties":{"INSPIRE_ID":"https://databrussels.be/id/building/1716123","BLOCK_ID":"https://databrussels.be/id/block/25150","AREA":68},"bbox":[147033.38000214,166987.86,147045.31,166995.61930235]},{"type":"Feature","id":"Buildings.fid-4dd17ab5_1a025577777_-622e","geometry":{"type":"Polygon","coordinates":[[[147352.47,166832.3],[147352.61,166825.87],[147363.88,166826.19],[147364.1347,166826.1955],[147364.0067,166832.1571],[147363.752,166832.152],[147352.47,166832.3]]]},"geometry_name":"GEOM","properties":{"INSPIRE_ID":"https://databrussels.be/id/building/1716289","BLOCK_ID":"https://databrussels.be/id/block/26366","AREA":71},"bbox":[147352.47,166825.87,147364.1347,166832.3]},{"type":"Feature","id":"Buildings.fid-4dd17ab5_1a025577777_-60c4","geometry":{"type":"Polygon","coordinates":[[[147005.084,166882.909],[147008.154,166878.729],[147015.37026548,166883.91499339],[147016.56,166884.77],[147015.36,166886.44],[147016.91,166887.55],[147018.32,166887.38],[147018.78,166891.04],[147016.62,166891.32],[147013.46889834,166889.02250393],[147012.59981025,166888.3888441],[147011.14130623,166887.32543593],[147005.084,166882.909]]]},"geometry_name":"GEOM","properties":{"INSPIRE_ID":"https://databrussels.be/id/building/1716292","BLOCK_ID":"https://databrussels.be/id/block/23952","AREA":70},"bbox":[147005.084,166878.729,147018.78,166891.32]},{"type":"Feature","id":"Buildings.fid-4dd17ab5_1a025577777_-60da","geometry":{"type":"Polygon","coordinates":[[[147033.969,166783.34],[147043.05,166781.87],[147043.98,166781.72],[147045.01855506,166788.64404555],[147034.96,166790.14],[147033.969,166783.34]]]},"geometry_name":"GEOM","properties":{"INSPIRE_ID":"https://databrussels.be/id/building/1716301","BLOCK_ID":"https://databrussels.be/id/block/24634","AREA":70},"bbox":[147033.969,166781.72,147045.01855506,166790.14]},{"type":"Feature","id":"Buildings.fid-4dd17ab5_1a025577777_-612e","geometry":{"type":"Polygon","coordinates":[[[147336.68999992,166521.56999963],[147338.30550486,166520.88669934],[147340.60980942,166526.32959757],[147339.06,166526.99],[147336.68999992,166521.56999963]]]},"geometry_name":"GEOM","properties":{"INSPIRE_ID":"https://databrussels.be/id/building/1716304","BLOCK_ID":"https://databrussels.be/id/block/26424","AREA":10},"bbox":[147336.68999992,166520.88669934,147340.60980942,166526.99]},{"type":"Feature","id":"Buildings.fid-4dd17ab5_1a025577777_-61d6","geometry":{"type":"Polygon","coordinates":[[[147475.86999982,166569.62999967],[147478.16200036,166564.23600016],[147480.904,166567.338],[147476.68090467,166569.26079149],[147475.86999982,166569.62999967]]]},"geometry_name":"GEOM","properties":{"INSPIRE_ID":"https://databrussels.be/id/building/1716307","BLOCK_ID":"https://databrussels.be/id/block/31122","AREA":11},"bbox":[147475.86999982,166564.23600016,147480.904,166569.62999967]},{"type":"Feature","id":"Buildings.fid-4dd17ab5_1a025577777_-612b","geometry":{"type":"Polygon","coordinates":[[[147340.60980942,166526.32959757],[147342.97480828,166525.32182843],[147344.73696877,166529.1838632],[147342.29406055,166530.2406814],[147340.60980942,166526.32959757]]]},"geometry_name":"GEOM","properties":{"INSPIRE_ID":"https://databrussels.be/id/building/1716308","BLOCK_ID":"https://databrussels.be/id/block/26424","AREA":11},"bbox":[147340.60980942,166525.32182843,147344.73696877,166530.2406814]},{"type":"Feature","id":"Buildings.fid-4dd17ab5_1a025577777_-611c","geometry":{"type":"Polygon","coordinates":[[[147020.15,166942.83],[147021.63,166941.01],[147019.86,166939.51],[147021.86,166937.15],[147023.58,166938.62],[147025.23,166940.01],[147031.117,166944.902],[147027.711,166949.056],[147020.15,166942.83]]]},"geometry_name":"GEOM","properties":{"INSPIRE_ID":"https://databrussels.be/id/building/1716378","BLOCK_ID":"https://databrussels.be/id/block/23952","AREA":60},"bbox":[147019.86,166937.15,147031.117,166949.056]},{"type":"Feature","id":"Buildings.fid-4dd17ab5_1a025577777_-6174","geometry":{"type":"Polygon","coordinates":[[[147388.69999918,166666.48400365],[147392.18400009,166669.22900393],[147392.52000091,166668.92198505],[147394.51,166670.361],[147401.72495159,166661.72024119],[147396.21572601,166657.34339394],[147388.69999918,166666.48400365]]]},"geometry_name":"GEOM","properties":{"INSPIRE_ID":"https://databrussels.be/id/building/1716381","BLOCK_ID":"https://databrussels.be/id/block/26424","AREA":81},"bbox":[147388.69999918,166657.34339394,147401.72495159,166670.361]},{"type":"Feature","id":"Buildings.fid-4dd17ab5_1a025577777_-60b6","geometry":{"type":"Polygon","coordinates":[[[147002.04158753,166922.58630412],[147005.55999694,166917.88000085],[147008.88000218,166920.55999998],[147008.9200025,166920.80999958],[147009.85000825,166926.84999868],[147010.15999985,166928.83000045],[147002.04158753,166922.58630412]]]},"geometry_name":"GEOM","properties":{"INSPIRE_ID":"https://databrussels.be/id/building/1716382","BLOCK_ID":"https://databrussels.be/id/block/23952","AREA":42},"bbox":[147002.04158753,166917.88000085,147010.15999985,166928.83000045]},{"type":"Feature","id":"Buildings.fid-4dd17ab5_1a025577777_-623a","geometry":{"type":"Polygon","coordinates":[[[147452.52,166849.82],[147460.86,166846.99],[147466.69,166845.04],[147469.51,166851.35],[147464.15,166853.57],[147463.88,166852.99],[147454.72,166856.8],[147452.19,166851.32],[147452.84,166851.02],[147452.58,166850],[147452.52,166849.82]]]},"geometry_name":"GEOM","properties":{"INSPIRE_ID":"https://databrussels.be/id/building/1716412","BLOCK_ID":"https://databrussels.be/id/block/30722","AREA":110},"bbox":[147452.19,166845.04,147469.51,166856.8]},{"type":"Feature","id":"Buildings.fid-4dd17ab5_1a025577777_-61fa","geometry":{"type":"Polygon","coordinates":[[[147233.249,166838.711],[147247.08,166837.13],[147248.69,166851.16],[147243.879,166851.71],[147243.76,166850.68],[147240.49,166851.05],[147240.6,166852.05],[147234.84,166852.7],[147234.519,166849.972],[147233.249,166838.711]]]},"geometry_name":"GEOM","properties":{"INSPIRE_ID":"https://databrussels.be/id/building/1717188","BLOCK_ID":"https://databrussels.be/id/block/25819","AREA":193},"bbox":[147233.249,166837.13,147248.69,166852.7]},{"type":"Feature","id":"Buildings.fid-4dd17ab5_1a025577777_-6227","geometry":{"type":"Polygon","coordinates":[[[147312.90000041,166845.7500004],[147325.11,166845.956],[147326.25,166847.142],[147326.461,166851.696],[147326.474,166851.966],[147317.8852933,166852.78936463],[147317.29632471,166853.98752576],[147310.223,166854.421],[147309.64,166845.77],[147312.90000041,166845.7500004]]]},"geometry_name":"GEOM","properties":{"INSPIRE_ID":"https://databrussels.be/id/building/1717193","BLOCK_ID":"https://databrussels.be/id/block/25819","AREA":121},"bbox":[147309.64,166845.7500004,147326.474,166854.421]},{"type":"Feature","id":"Buildings.fid-4dd17ab5_1a025577777_-6265","geometry":{"type":"Polygon","coordinates":[[[147490.897,166920.394],[147487.44300033,166914.37199963],[147494.53359338,166910.34360154],[147496.74888298,166909.08502298],[147498.14696703,166908.29072565],[147502.8079459,166905.64267092],[147506.22,166911.47],[147505.06,166912.15],[147504.3274,166912.5764],[147501.1945,166914.4001],[147498.8977,166915.737],[147497.7949,166916.3789],[147490.897,166920.394]]]},"geometry_name":"GEOM","properties":{"INSPIRE_ID":"https://databrussels.be/id/building/1717196","BLOCK_ID":"https://databrussels.be/id/block/30722","AREA":121},"bbox":[147487.44300033,166905.64267092,147506.22,166920.394]},{"type":"Feature","id":"Buildings.fid-4dd17ab5_1a025577777_-6180","geometry":{"type":"Polygon","coordinates":[[[147378.28066814,166559.39027609],[147388.202,166555.065],[147391.098,166561.739],[147381.61,166565.85],[147375.93,166568.31],[147375.7,166568.41],[147372.87,166561.88],[147372.82,166561.76],[147378.28066814,166559.39027609]]]},"geometry_name":"GEOM","properties":{"INSPIRE_ID":"https://databrussels.be/id/building/1717200","BLOCK_ID":"https://databrussels.be/id/block/26424","AREA":122},"bbox":[147372.82,166555.065,147391.098,166568.41]},{"type":"Feature","id":"Buildings.fid-4dd17ab5_1a025577777_-617e","geometry":{"type":"Polygon","coordinates":[[[147376.84,166553.58],[147385.917,166549.798],[147388.202,166555.065],[147378.28066814,166559.39027609],[147375.96684736,166553.93402518],[147376.84,166553.58]]]},"geometry_name":"GEOM","properties":{"INSPIRE_ID":"https://databrussels.be/id/building/1717204","BLOCK_ID":"https://databrussels.be/id/block/26424","AREA":63},"bbox":[147375.96684736,166549.798,147388.202,166559.39027609]},{"type":"Feature","id":"Buildings.fid-4dd17ab5_1a025577777_-623b","geometry":{"type":"Polygon","coordinates":[[[147450.52,166843.78],[147459.44800333,166841.28188828],[147462.10764485,166840.53770384],[147462.60890935,166842.240974],[147462.15855338,166843.58334116],[147460.05681024,166844.24098609],[147460.86,166846.99],[147452.52,166849.82],[147450.54,166843.85],[147450.52,166843.78]]]},"geometry_name":"GEOM","properties":{"INSPIRE_ID":"https://databrussels.be/id/building/1717205","BLOCK_ID":"https://databrussels.be/id/block/30722","AREA":63},"bbox":[147450.52,166840.53770384,147462.60890935,166849.82]},{"type":"Feature","id":"Buildings.fid-4dd17ab5_1a025577777_-60ef","geometry":{"type":"Polygon","coordinates":[[[147031.955,166769.521],[147042.72,166767.85],[147043.72999956,166774.88999975],[147042.08,166775.13],[147032.992,166776.64],[147031.955,166769.521]]]},"geometry_name":"GEOM","properties":{"INSPIRE_ID":"https://databrussels.be/id/building/1717224","BLOCK_ID":"https://databrussels.be/id/block/24634","AREA":78},"bbox":[147031.955,166767.85,147043.72999956,166776.64]},{"type":"Feature","id":"Buildings.fid-4dd17ab5_1a025577777_-6185","geometry":{"type":"Polygon","coordinates":[[[147364.86,166529.11],[147368.53256454,166527.47774904],[147377.442,166523.518],[147380.447125,166522.254393],[147382.7131417,166527.4860094],[147380.05539437,166528.53046658],[147370.17265779,166532.41424244],[147366.85,166533.72],[147364.86,166529.11]]]},"geometry_name":"GEOM","properties":{"INSPIRE_ID":"https://databrussels.be/id/building/1717226","BLOCK_ID":"https://databrussels.be/id/block/26424","AREA":92},"bbox":[147364.86,166522.254393,147382.7131417,166533.72]},{"type":"Feature","id":"Buildings.fid-4dd17ab5_1a025577777_-6210","geometry":{"type":"Polygon","coordinates":[[[147385.20999989,166932.23999989],[147392.2,166926.44],[147393.27,166925.6],[147397.16969541,166930.58711047],[147388.9294491,166937.1962583],[147385.20999989,166932.23999989]]]},"geometry_name":"GEOM","properties":{"INSPIRE_ID":"https://databrussels.be/id/building/1717233","BLOCK_ID":"https://databrussels.be/id/block/26366","AREA":66},"bbox":[147385.20999989,166925.6,147397.16969541,166937.1962583]},{"type":"Feature","id":"Buildings.fid-4dd17ab5_1a025577777_-60e4","geometry":{"type":"Polygon","coordinates":[[[147000.07999973,166783.25000036],[147001.55746737,166783.00358964],[147004.02641209,166782.59182129],[147013.421,166781.025],[147014.255,166786.563],[147005.00352489,166787.88967181],[147002.70000009,166788.21999979],[147000.88999996,166788.48999998],[147000.07999973,166783.25000036]]]},"geometry_name":"GEOM","properties":{"INSPIRE_ID":"https://databrussels.be/id/building/1717423","BLOCK_ID":"https://databrussels.be/id/block/25175","AREA":74},"bbox":[147000.07999973,166781.025,147014.255,166788.48999998]},{"type":"Feature","id":"Buildings.fid-4dd17ab5_1a025577777_-6179","geometry":{"type":"Polygon","coordinates":[[[147382.9910001,166625.02999999],[147386.79000019,166623.32999975],[147389.17,166622.59],[147395.49,166637],[147389.26,166639.56],[147386.19,166632.88],[147382.9910001,166625.02999999]]]},"geometry_name":"GEOM","properties":{"INSPIRE_ID":"https://databrussels.be/id/building/1717438","BLOCK_ID":"https://databrussels.be/id/block/26424","AREA":107},"bbox":[147382.9910001,166622.59,147395.49,166639.56]},{"type":"Feature","id":"Buildings.fid-4dd17ab5_1a025577777_-6182","geometry":{"type":"Polygon","coordinates":[[[147371.167,166656.531],[147381.057,166662.311],[147383.97,166657.34],[147385.161,166658.038],[147387.721,166653.659],[147383.04,166650.94],[147383.01,166650.93],[147383.7,166649.74],[147379.88,166647.79],[147374.92,166649.85],[147371.167,166656.531]]]},"geometry_name":"GEOM","properties":{"INSPIRE_ID":"https://databrussels.be/id/building/1717459","BLOCK_ID":"https://databrussels.be/id/block/26424","AREA":134},"bbox":[147371.167,166647.79,147387.721,166662.311]},{"type":"Feature","id":"Buildings.fid-4dd17ab5_1a025577777_-6230","geometry":{"type":"Polygon","coordinates":[[[147281.02999965,166833.66999967],[147281.13,166819.6],[147287.87,166819.7],[147287.66,166833.79],[147288.29,166839.59],[147293.5,166887.45],[147299.27,166901.08],[147307.31,166921.08],[147301.36,166923.6],[147297.50999951,166914.3300006],[147292.87000056,166903.14999999],[147288.32000054,166892.19000016],[147286.8300001,166888.6100003],[147285.99000013,166880.65000012],[147284.99000018,166871.22000058],[147283.9700009,166861.59000146],[147282.51000054,166847.77000033],[147281.02999965,166833.66999967]]]},"geometry_name":"GEOM","properties":{"INSPIRE_ID":"https://databrussels.be/id/building/1717466","BLOCK_ID":"https://databrussels.be/id/block/25819","AREA":704},"bbox":[147281.02999965,166819.6,147307.31,166923.6]},{"type":"Feature","id":"Buildings.fid-4dd17ab5_1a025577777_-60f1","geometry":{"type":"Polygon","coordinates":[[[147029.94,166755.7],[147038.92,166754.32],[147040.46,166754.08],[147041.65435239,166760.97989896],[147040.00753661,166761.20302217],[147030.922,166762.434],[147029.94,166755.7]]]},"geometry_name":"GEOM","properties":{"INSPIRE_ID":"https://databrussels.be/id/building/1717472","BLOCK_ID":"https://databrussels.be/id/block/24634","AREA":74},"bbox":[147029.94,166754.08,147041.65435239,166762.434]},{"type":"Feature","id":"Buildings.fid-4dd17ab5_1a025577777_-6202","geometry":{"type":"Polygon","coordinates":[[[147364,166991.7],[147370.09,166988.51],[147370.68,166989.63],[147376.51,166986.58],[147375.8,166985.62],[147376.79,166984.89],[147374.48,166981.78],[147375.05,166981.32],[147375.92,166980.61],[147384.045,166973.987],[147393.85,166986.404],[147392.383,166994.357],[147380.632,167000],[147370.22,167005],[147367.87999973,167000.00000006],[147364,166991.7]]]},"geometry_name":"GEOM","properties":{"INSPIRE_ID":"https://databrussels.be/id/building/1717491","BLOCK_ID":"https://databrussels.be/id/block/25819","AREA":477},"bbox":[147364,166973.987,147393.85,167005]},{"type":"Feature","id":"Buildings.fid-4dd17ab5_1a025577777_-61ff","geometry":{"type":"Polygon","coordinates":[[[147141.567,166893.431],[147141.611,166893.578],[147148.689,166941.323],[147148.733,166941.73],[147148.587,166941.784],[147148.422,166941.848],[147138.903,166943.298],[147131.721,166894.964],[147141.318,166893.437],[147141.518,166893.429],[147141.567,166893.431]]]},"geometry_name":"GEOM","properties":{"INSPIRE_ID":"https://databrussels.be/id/building/1717492","BLOCK_ID":"https://databrussels.be/id/block/24634","AREA":488},"bbox":[147131.721,166893.429,147148.733,166943.298]},{"type":"Feature","id":"Buildings.fid-4dd17ab5_1a025577777_-623c","geometry":{"type":"Polygon","coordinates":[[[147448.99,166837.79],[147460.31999964,166834.82999965],[147462.10764485,166840.53770384],[147459.44800333,166841.28188828],[147450.52,166843.78],[147449.01,166837.88],[147448.99,166837.79]]]},"geometry_name":"GEOM","properties":{"INSPIRE_ID":"https://databrussels.be/id/building/1717514","BLOCK_ID":"https://databrussels.be/id/block/30722","AREA":72},"bbox":[147448.99,166834.82999965,147462.10764485,166843.78]},{"type":"Feature","id":"Buildings.fid-4dd17ab5_1a025577777_-60f9","geometry":{"type":"Polygon","coordinates":[[[146999.844,166764.2],[147000,166763.993],[147006.76,166755.02],[147009.753,166755.65],[147010.977,166764.206],[147002.59,166765.26],[147000,166764.26],[146999.844,166764.2]]]},"geometry_name":"GEOM","properties":{"INSPIRE_ID":"https://databrussels.be/id/building/1717520","BLOCK_ID":"https://databrussels.be/id/block/25175","AREA":69},"bbox":[146999.844,166755.02,147010.977,166765.26]},{"type":"Feature","id":"Buildings.fid-4dd17ab5_1a025577777_-6158","geometry":{"type":"Polygon","coordinates":[[[147297.93589081,166742.66997688],[147305.063,166741.941],[147306.28500033,166753.4629998],[147299.13200045,166754.26300016],[147297.93589081,166742.66997688]]]},"geometry_name":"GEOM","properties":{"INSPIRE_ID":"https://databrussels.be/id/building/1717525","BLOCK_ID":"https://databrussels.be/id/block/24563","AREA":83},"bbox":[147297.93589081,166741.941,147306.28500033,166754.26300016]},{"type":"Feature","id":"Buildings.fid-4dd17ab5_1a025577777_-6114","geometry":{"type":"Polygon","coordinates":[[[147060.46000032,166960.1900001],[147069.81591303,166958.92779671],[147071.03734255,166958.76301402],[147072.94652385,166958.50544691],[147073.57557874,166958.42160584],[147074.13648818,166961.30477618],[147074.34160766,166961.27717468],[147074.81,166964.37],[147069.56,166965.21],[147061.41000041,166966.51000004],[147061.38999958,166966.37000002],[147060.46000032,166960.1900001]]]},"geometry_name":"GEOM","properties":{"INSPIRE_ID":"https://databrussels.be/id/building/1717529","BLOCK_ID":"https://databrussels.be/id/block/24634","AREA":84},"bbox":[147060.46000032,166958.42160584,147074.81,166966.51000004]},{"type":"Feature","id":"Buildings.fid-4dd17ab5_1a025577777_-60ed","geometry":{"type":"Polygon","coordinates":[[[147037.17,166729.39],[147037.393,166729.193],[147047.001,166720.703],[147047.275,166720.46],[147047.544,166720.821],[147047.865,166720.581],[147050.259,166723.786],[147049.939,166724.025],[147052.608,166727.598],[147052.929,166727.358],[147055.323,166730.563],[147055.003,166730.802],[147055.302,166731.203],[147046.162,166737.653],[147046.1,166737.57],[147045.25,166738.12],[147043.65,166738.01],[147042.12,166736.11],[147041.47,166736.63],[147038.35,166732.72],[147039.25,166732],[147037.17,166729.39]]]},"geometry_name":"GEOM","properties":{"INSPIRE_ID":"https://databrussels.be/id/building/1717538","BLOCK_ID":"https://databrussels.be/id/block/24634","AREA":177},"bbox":[147037.17,166720.46,147055.323,166738.12]},{"type":"Feature","id":"Buildings.fid-4dd17ab5_1a025577777_-60be","geometry":{"type":"Polygon","coordinates":[[[147018.39000199,166901.25999919],[147017.90000187,166897.65999924],[147018.42997509,166897.57000497],[147018.3300229,166896.86999515],[147019.3199718,166896.70000573],[147019.2200218,166895.97999565],[147019.58,166895.93],[147030.371,166894.407],[147031.118,166899.346],[147029.52462813,166899.5856064],[147025.03238733,166900.26113655],[147021.29912292,166900.82253403],[147018.39000199,166901.25999919]]]},"geometry_name":"GEOM","properties":{"INSPIRE_ID":"https://databrussels.be/id/building/1718350","BLOCK_ID":"https://databrussels.be/id/block/23952","AREA":63},"bbox":[147017.90000187,166894.407,147031.118,166901.25999919]},{"type":"Feature","id":"Buildings.fid-4dd17ab5_1a025577777_-61bd","geometry":{"type":"Polygon","coordinates":[[[147488.19,166514.78],[147491.51,166507.99],[147492.1,166508.27],[147492.15,166508.29],[147492.32,166507.92],[147493.32,166505.75],[147498.91,166508.33],[147498.84,166508.48],[147497.66,166511.05],[147497.64,166511.07],[147493.867,166519.457],[147490.603,166517.954],[147491.33,166516.32],[147488.19,166514.78]]]},"geometry_name":"GEOM","properties":{"INSPIRE_ID":"https://databrussels.be/id/building/1718354","BLOCK_ID":"https://databrussels.be/id/block/30432","AREA":77},"bbox":[147488.19,166505.75,147498.91,166519.457]},{"type":"Feature","id":"Buildings.fid-4dd17ab5_1a025577777_-60c7","geometry":{"type":"Polygon","coordinates":[[[147011.39700048,166874.31400006],[147019.12701544,166879.66164502],[147027.986,166878.633],[147027.528,166875.605],[147023.94684127,166875.97607842],[147015.02100031,166869.3790003],[147011.39700048,166874.31400006]]]},"geometry_name":"GEOM","properties":{"INSPIRE_ID":"https://databrussels.be/id/building/1718358","BLOCK_ID":"https://databrussels.be/id/block/23952","AREA":80},"bbox":[147011.39700048,166869.3790003,147027.986,166879.66164502]},{"type":"Feature","id":"Buildings.fid-4dd17ab5_1a025577777_-624c","geometry":{"type":"Polygon","coordinates":[[[147411.75999973,166850.55000054],[147416.03,166849.4],[147423.46699948,166847.40699978],[147424.07501328,166848.65831618],[147424.47065277,166849.49285903],[147424.85277893,166850.45646781],[147424.99701165,166851.29796419],[147425.0672066,166852.18940777],[147425.08324758,166853.29585609],[147425.06099968,166854.09100058],[147420.935,166855.256],[147421.001,166855.411],[147417.438,166856.54],[147417.515,166856.972],[147410.725,166858.788],[147409.15,166853.33],[147409.65,166853.19],[147409.2,166851.32],[147409.25,166851.3],[147411.76,166850.58],[147411.75999973,166850.55000054]]]},"geometry_name":"GEOM","properties":{"INSPIRE_ID":"https://databrussels.be/id/building/1718431","BLOCK_ID":"https://databrussels.be/id/block/26366","AREA":113},"bbox":[147409.15,166847.40699978,147425.08324758,166858.788]},{"type":"Feature","id":"Buildings.fid-4dd17ab5_1a025577777_-6135","geometry":{"type":"Polygon","coordinates":[[[147314.788,166691.79],[147316.239,166690.843],[147321.402,166687.605],[147326.765,166696.321],[147326.293,166696.673],[147328.8,166700.701],[147323.11,166704.63],[147314.788,166691.79]]]},"geometry_name":"GEOM","properties":{"INSPIRE_ID":"https://databrussels.be/id/building/1718432","BLOCK_ID":"https://databrussels.be/id/block/24563","AREA":113},"bbox":[147314.788,166687.605,147328.8,166704.63]},{"type":"Feature","id":"Buildings.fid-4dd17ab5_1a025577777_-6162","geometry":{"type":"Polygon","coordinates":[[[147357.37,166733.03],[147358,166737.43],[147358.02,166737.7],[147359.058,166747.979],[147351.765,166748.744],[147351.048,166738.33],[147352.93,166738.12],[147352.38,166733.15],[147352.44,166733.08],[147351.13,166733.23],[147350.98,166731.81],[147350.9,166731.09],[147351.39,166730.5],[147351.89,166730.45],[147355.6,166730.04],[147355.87,166732.44],[147357.29,166732.29],[147357.37,166733.03]]]},"geometry_name":"GEOM","properties":{"INSPIRE_ID":"https://databrussels.be/id/building/1718434","BLOCK_ID":"https://databrussels.be/id/block/24563","AREA":113},"bbox":[147350.9,166730.04,147359.058,166748.744]},{"type":"Feature","id":"Buildings.fid-4dd17ab5_1a025577777_-6262","geometry":{"type":"Polygon","coordinates":[[[147490.897,166920.394],[147497.79493253,166916.37885108],[147498.89765136,166915.73698041],[147501.19445598,166914.40005619],[147504.32741499,166912.57642315],[147505.06,166912.15],[147507.25,166915.69],[147503.35,166917.87],[147504.95,166920.45],[147494.446,166926.582],[147490.897,166920.394]]]},"geometry_name":"GEOM","properties":{"INSPIRE_ID":"https://databrussels.be/id/building/1718566","BLOCK_ID":"https://databrussels.be/id/block/30722","AREA":104},"bbox":[147490.897,166912.15,147507.25,166926.582]},{"type":"Feature","id":"Buildings.fid-4dd17ab5_1a025577777_-6245","geometry":{"type":"Polygon","coordinates":[[[147449.6134,166903.7291],[147453.13,166909.844],[147453.133,166909.849],[147443.73,166915.4],[147440.57,166917.24],[147437.2011,166911.4416],[147433.47,166905.02],[147446.199,166897.792],[147449.6134,166903.7291]]]},"geometry_name":"GEOM","properties":{"INSPIRE_ID":"https://databrussels.be/id/building/1718569","BLOCK_ID":"https://databrussels.be/id/block/26366","AREA":205},"bbox":[147433.47,166897.792,147453.133,166917.24]},{"type":"Feature","id":"Buildings.fid-4dd17ab5_1a025577777_-6157","geometry":{"type":"Polygon","coordinates":[[[147290.71051393,166743.42912933],[147297.93589081,166742.66997688],[147299.13200045,166754.26300016],[147291.6,166755.115],[147291.389,166752.574],[147290.89,166752.615],[147290.551,166748.529],[147291.049,166748.488],[147290.71051393,166743.42912933]]]},"geometry_name":"GEOM","properties":{"INSPIRE_ID":"https://databrussels.be/id/building/1718582","BLOCK_ID":"https://databrussels.be/id/block/24563","AREA":89},"bbox":[147290.551,166742.66997688,147299.13200045,166755.115]},{"type":"Feature","id":"Buildings.fid-4dd17ab5_1a025577777_-6189","geometry":{"type":"Polygon","coordinates":[[[147361.188,166695.519],[147366.263,166686.829],[147372.385,166690.476],[147366.11000034,166698.95999977],[147362.95,166703.25],[147359.76,166701.47],[147360.95,166699.35],[147361.43,166699.62],[147362.75,166697.26],[147360.82,166696.18],[147361.188,166695.519]]]},"geometry_name":"GEOM","properties":{"INSPIRE_ID":"https://databrussels.be/id/building/1718585","BLOCK_ID":"https://databrussels.be/id/block/24563","AREA":89},"bbox":[147359.76,166686.829,147372.385,166703.25]},{"type":"Feature","id":"Buildings.fid-4dd17ab5_1a025577777_-60bd","geometry":{"type":"Polygon","coordinates":[[[146991.884,166900.738],[146995.185,166896.303],[147000,166899.82064851],[147002.7971258,166901.86411817],[147005.43387672,166903.79042426],[147008.10999948,166905.87999967],[147004.65000039,166910.30999966],[147000,166906.70014581],[146991.884,166900.738]]]},"geometry_name":"GEOM","properties":{"INSPIRE_ID":"https://databrussels.be/id/building/1718586","BLOCK_ID":"https://databrussels.be/id/block/23952","AREA":89},"bbox":[146991.884,166896.303,147008.10999948,166910.30999966]},{"type":"Feature","id":"Buildings.fid-4dd17ab5_1a025577777_-624f","geometry":{"type":"Polygon","coordinates":[[[147404.469,166829.151],[147404.0496,166825.9273],[147407.19,166825.5173],[147406.727,166821.92],[147411.52,166821.52],[147418.59,166820.77],[147419.368,166827.22],[147404.469,166829.151]]]},"geometry_name":"GEOM","properties":{"INSPIRE_ID":"https://databrussels.be/id/building/1718604","BLOCK_ID":"https://databrussels.be/id/block/26366","AREA":89},"bbox":[147404.0496,166820.77,147419.368,166829.151]},{"type":"Feature","id":"Buildings.fid-4dd17ab5_1a025577777_-6238","geometry":{"type":"Polygon","coordinates":[[[147457.877,166862.821],[147470.30520201,166857.01398516],[147473.47029944,166863.20065497],[147471.82,166864.05],[147461.622,166869.351],[147457.877,166862.821]]]},"geometry_name":"GEOM","properties":{"INSPIRE_ID":"https://databrussels.be/id/building/1718611","BLOCK_ID":"https://databrussels.be/id/block/30722","AREA":98},"bbox":[147457.877,166857.01398516,147473.47029944,166869.351]},{"type":"Feature","id":"Buildings.fid-4dd17ab5_1a025577777_-60b7","geometry":{"type":"Polygon","coordinates":[[[147020.06000002,166919.13999965],[147022.84142996,166918.72941326],[147024.15813653,166918.53504458],[147033.805,166917.111],[147034.701,166923.038],[147025.73361318,166924.47238435],[147024.67351899,166924.64195249],[147022.05999982,166925.05999983],[147020.88000036,166925.24999992],[147020.06000002,166919.13999965]]]},"geometry_name":"GEOM","properties":{"INSPIRE_ID":"https://databrussels.be/id/building/1718615","BLOCK_ID":"https://databrussels.be/id/block/23952","AREA":85},"bbox":[147020.06000002,166917.111,147034.701,166925.24999992]},{"type":"Feature","id":"Buildings.fid-4dd17ab5_1a025577777_-6130","geometry":{"type":"Polygon","coordinates":[[[147333.1640523,166513.49382588],[147334.2305513,166513.00058877],[147335.13368427,166514.98689],[147334.04392098,166515.50793286],[147333.1640523,166513.49382588]]]},"geometry_name":"GEOM","properties":{"INSPIRE_ID":"https://databrussels.be/id/building/1718620","BLOCK_ID":"https://databrussels.be/id/block/26424","AREA":3},"bbox":[147333.1640523,166513.00058877,147335.13368427,166515.50793286]},{"type":"Feature","id":"Buildings.fid-4dd17ab5_1a025577777_-620d","geometry":{"type":"Polygon","coordinates":[[[147303.23,166953.02],[147299.68,166947.7],[147302.13,166946.07],[147303.08,166941.22],[147301.67,166939.1],[147298.38,166930.84],[147304.17,166928.93],[147305.06614202,166931.91252876],[147306.46496815,166935.13445417],[147310.04,166941.27],[147313.07,166946.08],[147311.6,166947.07],[147303.23,166953.02]]]},"geometry_name":"GEOM","properties":{"INSPIRE_ID":"https://databrussels.be/id/building/1718664","BLOCK_ID":"https://databrussels.be/id/block/25819","AREA":165},"bbox":[147298.38,166928.93,147313.07,166953.02]},{"type":"Feature","id":"Buildings.fid-4dd17ab5_1a025577777_-61e7","geometry":{"type":"Polygon","coordinates":[[[147274.66,166834.3],[147273.71,166825.5],[147275.2,166820.24],[147281.13,166819.6],[147281.02999965,166833.66999967],[147274.66,166834.3]]]},"geometry_name":"GEOM","properties":{"INSPIRE_ID":"https://databrussels.be/id/building/1719534","BLOCK_ID":"https://databrussels.be/id/block/25819","AREA":95},"bbox":[147273.71,166819.6,147281.13,166834.3]},{"type":"Feature","id":"Buildings.fid-4dd17ab5_1a025577777_-6103","geometry":{"type":"Polygon","coordinates":[[[147107.28,166994.02],[147114.18,166987.8],[147121.35,166996.28],[147117.049,167000],[147116.357,167000.596],[147115.82,167000],[147114.806,166998.906],[147113.596,167000],[147113.01,167000.53],[147112.55,167000],[147107.28,166994.02]]]},"geometry_name":"GEOM","properties":{"INSPIRE_ID":"https://databrussels.be/id/building/1719536","BLOCK_ID":"https://databrussels.be/id/block/24634","AREA":95},"bbox":[147107.28,166987.8,147121.35,167000.596]},{"type":"Feature","id":"Buildings.fid-4dd17ab5_1a025577777_-6236","geometry":{"type":"Polygon","coordinates":[[[147464.8,166874.892],[147476.45312313,166868.37007196],[147477.87190281,166867.67737754],[147481.16082954,166872.86338023],[147480.97,166872.99],[147468.011,166880.49],[147464.8,166874.892]]]},"geometry_name":"GEOM","properties":{"INSPIRE_ID":"https://databrussels.be/id/building/1719537","BLOCK_ID":"https://databrussels.be/id/block/30722","AREA":96},"bbox":[147464.8,166867.67737754,147481.16082954,166880.49]},{"type":"Feature","id":"Buildings.fid-4dd17ab5_1a025577777_-6253","geometry":{"type":"Polygon","coordinates":[[[147392.80000007,166942.40000013],[147401.16000036,166935.67999961],[147402.17000036,166934.87000035],[147404.2245081,166933.31742319],[147408.26557601,166938.40589171],[147407.85,166938.72],[147406.28783295,166939.97972007],[147396.9,166947.55],[147392.80000007,166942.40000013]]]},"geometry_name":"GEOM","properties":{"INSPIRE_ID":"https://databrussels.be/id/building/1719542","BLOCK_ID":"https://databrussels.be/id/block/26366","AREA":96},"bbox":[147392.80000007,166933.31742319,147408.26557601,166947.55]},{"type":"Feature","id":"Buildings.fid-4dd17ab5_1a025577777_-6141","geometry":{"type":"Polygon","coordinates":[[[147204.1249576,166505.71080585],[147205.74000042,166519.92199948],[147221.57000003,166517.69000004],[147220.05082368,166503.89747759],[147204.1249576,166505.71080585]]]},"geometry_name":"GEOM","properties":{"INSPIRE_ID":"https://databrussels.be/id/building/1719547","BLOCK_ID":"https://databrussels.be/id/block/26424","AREA":225},"bbox":[147204.1249576,166503.89747759,147221.57000003,166519.92199948]},{"type":"Feature","id":"Buildings.fid-4dd17ab5_1a025577777_-6225","geometry":{"type":"Polygon","coordinates":[[[147312.65,166871.95],[147310.63,166864.45],[147310.61,166864.4],[147313.94,166863.98],[147314.46,166863.897],[147327.523,166861.739],[147328.399,166865.781],[147327.226,166866.035],[147327.65,166867.99],[147316.05126264,166871.04540364],[147312.65,166871.95]]]},"geometry_name":"GEOM","properties":{"INSPIRE_ID":"https://databrussels.be/id/building/1719548","BLOCK_ID":"https://databrussels.be/id/block/25819","AREA":114},"bbox":[147310.61,166861.739,147328.399,166871.95]},{"type":"Feature","id":"Buildings.fid-4dd17ab5_1a025577777_-61c7","geometry":{"type":"Polygon","coordinates":[[[147456.58,166631.957],[147465.71718424,166627.88625629],[147467.28,166627.19],[147469.84,166626.18],[147471.64,166629.61],[147472.12,166629.15],[147472.24,166628.57],[147472.38,166627.94],[147473.02,166627.6],[147473.38,166627.46],[147473.83,166627.55],[147474.42,166627.67],[147474.66,166628.14],[147474.93,166628.75],[147474.82,166629.26],[147474.38,166629.63],[147473.82,166630.1],[147474.44,166631.75],[147474.47,166631.83],[147469.79,166633.89],[147468.81,166634.33],[147459.61,166638.46],[147456.58,166631.957]]]},"geometry_name":"GEOM","properties":{"INSPIRE_ID":"https://databrussels.be/id/building/1719550","BLOCK_ID":"https://databrussels.be/id/block/31122","AREA":114},"bbox":[147456.58,166626.18,147474.93,166638.46]},{"type":"Feature","id":"Buildings.fid-4dd17ab5_1a025577777_-60ee","geometry":{"type":"Polygon","coordinates":[[[147033.24,166724.51],[147033.76,166723.99],[147042.543,166715.798],[147045.596,166719.147],[147045.694,166719.265],[147046.632,166720.305],[147047.001,166720.703],[147037.393,166729.193],[147036.053,166727.637],[147035.192,166728.326],[147033.788,166726.93],[147034.639,166726.109],[147033.24,166724.51]]]},"geometry_name":"GEOM","properties":{"INSPIRE_ID":"https://databrussels.be/id/building/1719707","BLOCK_ID":"https://databrussels.be/id/block/24634","AREA":85},"bbox":[147033.24,166715.798,147047.001,166729.193]},{"type":"Feature","id":"Buildings.fid-4dd17ab5_1a025577777_-60cd","geometry":{"type":"Polygon","coordinates":[[[147007.231,166838.607],[147008.74,166839.739],[147010.925,166841.379],[147007.421,166846.161],[147003.46,166843.289],[147001.292,166841.716],[147000,166840.78],[146999.495,166840.414],[146999.193,166840.195],[146998.9748,166840.0368],[146998.51,166839.7],[146996.57,166838.22],[146998.4,166835.75],[146997.35,166834.91],[146999.13,166832.46],[147000,166833.16],[147000.44,166833.51],[147002.5654,166835.1059],[147002.792,166835.276],[147002.972,166835.411],[147003.039,166835.461],[147006.9462,166838.3932],[147007.231,166838.607]]]},"geometry_name":"GEOM","properties":{"INSPIRE_ID":"https://databrussels.be/id/building/1719708","BLOCK_ID":"https://databrussels.be/id/block/25175","AREA":85},"bbox":[146996.57,166832.46,147010.925,166846.161]},{"type":"Feature","id":"Buildings.fid-4dd17ab5_1a025577777_-61ac","geometry":{"type":"Polygon","coordinates":[[[147476.59000016,166539.54999943],[147481.174,166530.332],[147486.001,166532.557],[147481.87261194,166541.92206344],[147480,166546.17],[147476.71000024,166544.70000009],[147476.41999958,166545.33999976],[147474.51999999,166544.35999975],[147476.59000016,166539.54999943]]]},"geometry_name":"GEOM","properties":{"INSPIRE_ID":"https://databrussels.be/id/building/1719709","BLOCK_ID":"https://databrussels.be/id/block/31122","AREA":85},"bbox":[147474.51999999,166530.332,147486.001,166546.17]},{"type":"Feature","id":"Buildings.fid-4dd17ab5_1a025577777_-6117","geometry":{"type":"Polygon","coordinates":[[[147000.74974421,166955.37706192],[147004.37519938,166950.69710947],[147005.80100788,166951.81731475],[147006.75908303,166952.57003912],[147007.65,166953.27],[147009.99619373,166955.19302807],[147011.69888815,166956.58862022],[147017.58,166961.409],[147013.741,166966.09],[147006.09833637,166959.78765468],[147000.74974421,166955.37706192]]]},"geometry_name":"GEOM","properties":{"INSPIRE_ID":"https://databrussels.be/id/building/1719714","BLOCK_ID":"https://databrussels.be/id/block/23952","AREA":102},"bbox":[147000.74974421,166950.69710947,147017.58,166966.09]},{"type":"Feature","id":"Buildings.fid-4dd17ab5_1a025577777_-625a","geometry":{"type":"Polygon","coordinates":[[[147431.389,166965.548],[147427.96,166959.11],[147424.36,166952.34],[147429.64,166949.35],[147438.11,166964.34],[147431.389,166965.548]]]},"geometry_name":"GEOM","properties":{"INSPIRE_ID":"https://databrussels.be/id/building/1719716","BLOCK_ID":"https://databrussels.be/id/block/26366","AREA":101},"bbox":[147424.36,166949.35,147438.11,166965.548]},{"type":"Feature","id":"Buildings.fid-4dd17ab5_1a025577777_-6269","geometry":{"type":"Polygon","coordinates":[[[147477.717,166897.413],[147487.63,166891.65],[147490.90854509,166897.32106574],[147489.39,166898.18],[147480.998,166903.134],[147477.717,166897.413]]]},"geometry_name":"GEOM","properties":{"INSPIRE_ID":"https://databrussels.be/id/building/1719727","BLOCK_ID":"https://databrussels.be/id/block/30722","AREA":75},"bbox":[147477.717,166891.65,147490.90854509,166903.134]},{"type":"Feature","id":"Buildings.fid-4dd17ab5_1a025577777_-61a8","geometry":{"type":"Polygon","coordinates":[[[147394.51,166670.361],[147401.72495159,166661.72024119],[147403.74012023,166661.0201808],[147404.99496113,166663.96067015],[147406.21020293,166663.53723268],[147409.7414977,166666.37757666],[147409.40870563,166666.74225174],[147408.42769349,166667.67328416],[147402.3,166673.723],[147402.293,166673.718],[147402.272,166673.698],[147399.724,166671.58],[147398.384,166673.154],[147394.51,166670.361]]]},"geometry_name":"GEOM","properties":{"INSPIRE_ID":"https://databrussels.be/id/building/1719735","BLOCK_ID":"https://databrussels.be/id/block/26424","AREA":98},"bbox":[147394.51,166661.0201808,147409.7414977,166673.723]},{"type":"Feature","id":"Buildings.fid-4dd17ab5_1a025577777_-6187","geometry":{"type":"Polygon","coordinates":[[[147362.15608581,166521.63541678],[147364.29898856,166520.6974494],[147367.33184154,166519.36994297],[147374.51,166516.228],[147375.903,166519.692],[147368.76513888,166522.98749258],[147365.71961225,166524.39358745],[147363.67833156,166525.33603012],[147362.15608581,166521.63541678]]]},"geometry_name":"GEOM","properties":{"INSPIRE_ID":"https://databrussels.be/id/building/1719750","BLOCK_ID":"https://databrussels.be/id/block/26424","AREA":52},"bbox":[147362.15608581,166516.228,147375.903,166525.33603012]},{"type":"Feature","id":"Buildings.fid-4dd17ab5_1a025577777_-624b","geometry":{"type":"Polygon","coordinates":[[[147410.04999985,166842.99999958],[147412.71492765,166842.41484964],[147421.79999979,166840.42000032],[147423.46699948,166847.40699978],[147416.03,166849.4],[147411.75999973,166850.55000054],[147410.04999985,166842.99999958]]]},"geometry_name":"GEOM","properties":{"INSPIRE_ID":"https://databrussels.be/id/building/1719753","BLOCK_ID":"https://databrussels.be/id/block/26366","AREA":90},"bbox":[147410.04999985,166840.42000032,147423.46699948,166850.55000054]},{"type":"Feature","id":"Buildings.fid-4dd17ab5_1a025577777_-6226","geometry":{"type":"Polygon","coordinates":[[[147354.606,166863.73],[147358.85,166862.257],[147358.99,166862.678],[147359.565,166862.476],[147359.785,166863.105],[147362.622,166862.126],[147362.792,166862.625],[147365.496,166861.694],[147365.606,166862.004],[147369.785,166860.561],[147369.9,166860.89],[147370.5,166860.68],[147371.68,166864.1],[147370.92,166864.36],[147371.55000027,166866.20000028],[147366.52074088,166867.93631696],[147362.23330118,166869.41652557],[147357.108,166871.186],[147355.677,166869.154],[147355.145,166868.194],[147354.744,166866.847],[147354.58,166865.57],[147354.606,166863.73]]]},"geometry_name":"GEOM","properties":{"INSPIRE_ID":"https://databrussels.be/id/building/1719756","BLOCK_ID":"https://databrussels.be/id/block/26366","AREA":111},"bbox":[147354.58,166860.561,147371.68,166871.186]},{"type":"Feature","id":"Buildings.fid-4dd17ab5_1a025577777_-6247","geometry":{"type":"Polygon","coordinates":[[[147425.53999968,166890.66000013],[147438.57400034,166883.96300015],[147441.86099983,166890.40599947],[147429.25000033,166897.73000004],[147425.53999968,166890.66000013]]]},"geometry_name":"GEOM","properties":{"INSPIRE_ID":"https://databrussels.be/id/building/1719759","BLOCK_ID":"https://databrussels.be/id/block/26366","AREA":111},"bbox":[147425.53999968,166883.96300015,147441.86099983,166897.73000004]},{"type":"Feature","id":"Buildings.fid-4dd17ab5_1a025577777_-61dd","geometry":{"type":"Polygon","coordinates":[[[147410.269,166546.204],[147418.70157567,166542.54668644],[147419.39205847,166542.24721535],[147423.19000757,166540.59999186],[147423.469999,166540.48000098],[147424.06000333,166541.85999682],[147424.48998994,166541.67001141],[147425.89999864,166544.93000161],[147424.30000027,166545.62000003],[147421.30728162,166546.92598644],[147420.72534626,166547.17993604],[147418.30702356,166548.23526296],[147412.329,166550.844],[147410.269,166546.204]]]},"geometry_name":"GEOM","properties":{"INSPIRE_ID":"https://databrussels.be/id/building/1719760","BLOCK_ID":"https://databrussels.be/id/block/31122","AREA":74},"bbox":[147410.269,166540.48000098,147425.89999864,166550.844]},{"type":"Feature","id":"Buildings.fid-4dd17ab5_1a025577777_-60dd","geometry":{"type":"Polygon","coordinates":[[[147018.416,166814.172],[147019.245,166819.669],[147012.01,166820.86],[147007.7108,166821.5677],[147006.862,166815.787],[147009.137,166815.469],[147018.416,166814.172]]]},"geometry_name":"GEOM","properties":{"INSPIRE_ID":"https://databrussels.be/id/building/1719786","BLOCK_ID":"https://databrussels.be/id/block/25175","AREA":67},"bbox":[147006.862,166814.172,147019.245,166821.5677]},{"type":"Feature","id":"Buildings.fid-4dd17ab5_1a025577777_-61fb","geometry":{"type":"Polygon","coordinates":[[[147230.75799952,166824.77500046],[147246.39,166823.16],[147247.2,166831.33],[147247.77,166837.07],[147247.08,166837.13],[147233.249,166838.711],[147232.47,166838.8],[147231.859,166833.795],[147231.374,166829.824],[147230.75799952,166824.77500046]]]},"geometry_name":"GEOM","properties":{"INSPIRE_ID":"https://databrussels.be/id/building/1720642","BLOCK_ID":"https://databrussels.be/id/block/25819","AREA":218},"bbox":[147230.75799952,166823.16,147247.77,166838.8]},{"type":"Feature","id":"Buildings.fid-4dd17ab5_1a025577777_-6235","geometry":{"type":"Polygon","coordinates":[[[147310.901,166809.47],[147312.028,166809.5],[147315.866,166809.605],[147315.846,166810.385],[147325.785,166810.645],[147326.493,166811.194],[147326.186,166823.012],[147325.701,166823.483],[147325.68,166824.27],[147313.85,166824.131],[147310.39,166824.01],[147310.901,166809.47]]]},"geometry_name":"GEOM","properties":{"INSPIRE_ID":"https://databrussels.be/id/building/1720643","BLOCK_ID":"https://databrussels.be/id/block/25819","AREA":219},"bbox":[147310.39,166809.47,147326.493,166824.27]},{"type":"Feature","id":"Buildings.fid-4dd17ab5_1a025577777_-61f5","geometry":{"type":"Polygon","coordinates":[[[147242.39022543,166893.75466875],[147244.12036066,166893.25173817],[147258.85,166888.97],[147259.07,166889.81],[147258.4,166890.04],[147262.19,166901.55],[147260.75,166901.93],[147246.5,166906.8],[147246.32,166906.31],[147243.68,166898.291],[147243.668,166898.248],[147242.39022543,166893.75466875]]]},"geometry_name":"GEOM","properties":{"INSPIRE_ID":"https://databrussels.be/id/building/1720645","BLOCK_ID":"https://databrussels.be/id/block/25819","AREA":221},"bbox":[147242.39022543,166888.97,147262.19,166906.8]},{"type":"Feature","id":"Buildings.fid-4dd17ab5_1a025577777_-6196","geometry":{"type":"Polygon","coordinates":[[[147469.919,166662.289],[147483.42,166656.12],[147484.37,166658.29],[147485.7,166657.7],[147488.37,166663.81],[147490.02695488,166667.59509235],[147488.28901964,166668.33769099],[147485.64095851,166669.46917538],[147478.60188646,166672.47688545],[147474.02826437,166674.43113867],[147471.707,166669.091],[147470.497,166666.301],[147469.315,166663.589],[147470,166663.309],[147470.298,166663.16],[147469.919,166662.289]]]},"geometry_name":"GEOM","properties":{"INSPIRE_ID":"https://databrussels.be/id/building/1720646","BLOCK_ID":"https://databrussels.be/id/block/31122","AREA":221},"bbox":[147469.315,166656.12,147490.02695488,166674.43113867]},{"type":"Feature","id":"Buildings.fid-4dd17ab5_1a025577777_-60c5","geometry":{"type":"Polygon","coordinates":[[[147008.154,166878.729],[147015.37026548,166883.91499339],[147016.56,166884.77],[147017.16,166885.14],[147019.79797774,166884.75718771],[147028.71000231,166883.41801529],[147027.986,166878.633],[147019.12701544,166879.66164502],[147011.39700048,166874.31400006],[147008.154,166878.729]]]},"geometry_name":"GEOM","properties":{"INSPIRE_ID":"https://databrussels.be/id/building/1720651","BLOCK_ID":"https://databrussels.be/id/block/23952","AREA":109},"bbox":[147008.154,166874.31400006,147028.71000231,166885.14]},{"type":"Feature","id":"Buildings.fid-4dd17ab5_1a025577777_-60d1","geometry":{"type":"Polygon","coordinates":[[[147076.47,166801.63],[147087.843,166795.967],[147093.6,166807.572],[147093.681,166807.714],[147085.17,166812.29],[147083.06,166813.429],[147082.99,166813.47],[147081.76,166814.08],[147081.69,166814.11],[147080.1,166813.37],[147074.8,166802.68],[147074.71,166802.51],[147076.47,166801.63]]]},"geometry_name":"GEOM","properties":{"INSPIRE_ID":"https://databrussels.be/id/building/1720662","BLOCK_ID":"https://databrussels.be/id/block/24634","AREA":195},"bbox":[147074.71,166795.967,147093.681,166814.11]},{"type":"Feature","id":"Buildings.fid-4dd17ab5_1a025577777_-6249","geometry":{"type":"Polygon","coordinates":[[[147431.334,166869.903],[147434.9513,166876.9277],[147438.574,166883.963],[147425.54,166890.66],[147421.46,166882.87],[147417.79,166875.86],[147420.04,166874.95],[147431.334,166869.903]]]},"geometry_name":"GEOM","properties":{"INSPIRE_ID":"https://databrussels.be/id/building/1720683","BLOCK_ID":"https://databrussels.be/id/block/26366","AREA":239},"bbox":[147417.79,166869.903,147438.574,166890.66]},{"type":"Feature","id":"Buildings.fid-4dd17ab5_1a025577777_-6264","geometry":{"type":"Polygon","coordinates":[[[147494.68,166820.69],[147489.7,166822.84],[147488.49,166820.04],[147488.57,166819.42],[147489.21,166818.92],[147488.93,166818.26],[147491.88,166816.99],[147490.45,166813.68],[147501.24,166808.4],[147504.69,166815.45],[147494.68,166820.69]]]},"geometry_name":"GEOM","properties":{"INSPIRE_ID":"https://databrussels.be/id/building/1720685","BLOCK_ID":"https://databrussels.be/id/block/30722","AREA":116},"bbox":[147488.49,166808.4,147504.69,166822.84]},{"type":"Feature","id":"Buildings.fid-4dd17ab5_1a025577777_-60c8","geometry":{"type":"Polygon","coordinates":[[[147017.821,166865.566],[147015.021,166869.379],[147023.9468,166875.9761],[147027.528,166875.605],[147026.99010872,166872.04745123],[147017.821,166865.566]]]},"geometry_name":"GEOM","properties":{"INSPIRE_ID":"https://databrussels.be/id/building/1720701","BLOCK_ID":"https://databrussels.be/id/block/23952","AREA":61},"bbox":[147015.021,166865.566,147027.528,166875.9761]},{"type":"Feature","id":"Buildings.fid-4dd17ab5_1a025577777_-6134","geometry":{"type":"Polygon","coordinates":[[[147321.05,166485.79],[147325.65999986,166496.33999963],[147329.31,166504.68],[147330.29,166506.93],[147333.1640523,166513.49382588],[147334.04392098,166515.50793286],[147336.68999992,166521.56999963],[147339.06,166526.99],[147340.77,166530.9],[147342.35,166534.51],[147343.94,166538.16],[147344.4,166539.21],[147346.03,166542.95],[147347.94,166547.3],[147350.9,166554.07],[147352.28,166557.23],[147354.7,166562.79],[147355.77,166565.23],[147357.16,166568.42],[147360.06,166575.05],[147360.65,166576.39],[147362.45,166580.51],[147364.8,166585.88],[147367.26,166591.52],[147368.158,166593.571],[147362.33,166596.12],[147354.83,166578.95],[147349.9,166567.67],[147345.05,166556.59],[147338.62,166541.87],[147333.9,166531.07],[147329.22,166520.35],[147324.51,166509.58],[147319.88,166498.98],[147315.22,166488.34],[147321.05,166485.79]]]},"geometry_name":"GEOM","properties":{"INSPIRE_ID":"https://databrussels.be/id/building/1720858","BLOCK_ID":"https://databrussels.be/id/block/26424","AREA":748},"bbox":[147315.22,166485.79,147368.158,166596.12]},{"type":"Feature","id":"Buildings.fid-4dd17ab5_1a025577777_-6267","geometry":{"type":"Polygon","coordinates":[[[147492.58,166903.84],[147493.77,166903.16],[147495.30073187,166902.310635],[147496.31533978,166904.1036616],[147498.63846658,166902.76667842],[147497.76537024,166901.21906737],[147501.30415234,166899.10763925],[147502.16,166900.74],[147504.44,166904.7],[147502.8079459,166905.64267092],[147498.14696703,166908.29072565],[147496.74888298,166909.08502298],[147494.53359338,166910.34360154],[147487.44300033,166914.37199963],[147484.219,166908.751],[147492.58,166903.84]]]},"geometry_name":"GEOM","properties":{"INSPIRE_ID":"https://databrussels.be/id/building/1720876","BLOCK_ID":"https://databrussels.be/id/block/30722","AREA":122},"bbox":[147484.219,166899.10763925,147504.44,166914.37199963]},{"type":"Feature","id":"Buildings.fid-4dd17ab5_1a025577777_-6107","geometry":{"type":"Polygon","coordinates":[[[147064.06,166984.27],[147071.872,166982.987],[147073.861,166982.66],[147078.347,166981.923],[147080.68,166981.54],[147085.4708,166980.816],[147085.814,166983.4424],[147083.9052,166983.6918],[147084.03,166984.6466],[147077.9343,166985.4432],[147078.3058,166987.8801],[147073.95,166988.51],[147064.87,166989.73],[147064.543,166987.534],[147063.9,166987.629],[147063.506,166984.958],[147064.149,166984.863],[147064.06,166984.27]]]},"geometry_name":"GEOM","properties":{"INSPIRE_ID":"https://databrussels.be/id/building/1720880","BLOCK_ID":"https://databrussels.be/id/block/24634","AREA":106},"bbox":[147063.506,166980.816,147085.814,166989.73]},{"type":"Feature","id":"Buildings.fid-4dd17ab5_1a025577777_-61c9","geometry":{"type":"Polygon","coordinates":[[[147450.64100016,166619.20900005],[147460.30562926,166615.03742857],[147463.13267483,166613.81718291],[147465.059397,166612.98554638],[147467.08,166618.16],[147468.29,166617.63],[147468.9,166619.02],[147463.08,166621.56],[147462.494,166621.82],[147461.58,166622.22],[147453.669,166625.708],[147450.64100016,166619.20900005]]]},"geometry_name":"GEOM","properties":{"INSPIRE_ID":"https://databrussels.be/id/building/1720883","BLOCK_ID":"https://databrussels.be/id/block/31122","AREA":112},"bbox":[147450.64100016,166612.98554638,147468.9,166625.708]},{"type":"Feature","id":"Buildings.fid-4dd17ab5_1a025577777_-6118","geometry":{"type":"Polygon","coordinates":[[[147007.65,166953.27],[147011.08000037,166949.17999986],[147013.45486254,166951.1922524],[147020.832,166957.443],[147017.58,166961.409],[147011.69888815,166956.58862022],[147009.99619373,166955.19302807],[147007.65,166953.27]]]},"geometry_name":"GEOM","properties":{"INSPIRE_ID":"https://databrussels.be/id/building/1720891","BLOCK_ID":"https://databrussels.be/id/block/23952","AREA":67},"bbox":[147007.65,166949.17999986,147020.832,166961.409]},{"type":"Feature","id":"Buildings.fid-4dd17ab5_1a025577777_-614f","geometry":{"type":"Polygon","coordinates":[[[147359.217,166791.852],[147359.18060908,166791.47506648],[147353.71368755,166791.18055013],[147353.98,166783.979],[147353.993,166783.409],[147353.299,166782.307],[147353.211,166781.386],[147353.228,166780.719],[147353.504,166779.885],[147354.015,166779.315],[147354.761,166778.884],[147355.543,166778.689],[147356.461,166778.671],[147357.228,166778.918],[147357.941,166779.486],[147361.136,166779.117],[147363.936,166778.797],[147365.14299962,166778.65799995],[147366.24000024,166788.74000028],[147366.31844401,166791.50005683],[147359.217,166791.852]]]},"geometry_name":"GEOM","properties":{"INSPIRE_ID":"https://databrussels.be/id/building/1720893","BLOCK_ID":"https://databrussels.be/id/block/26366","AREA":152},"bbox":[147353.211,166778.65799995,147366.31844401,166791.852]},{"type":"Feature","id":"Buildings.fid-4dd17ab5_1a025577777_-60e8","geometry":{"type":"Polygon","coordinates":[[[147060.37036179,166770.45074005],[147072.315,166764.751],[147075.336,166770.794],[147061.84000023,166777.10999948],[147058.89999956,166771.18000048],[147060.37036179,166770.45074005]]]},"geometry_name":"GEOM","properties":{"INSPIRE_ID":"https://databrussels.be/id/building/1720918","BLOCK_ID":"https://databrussels.be/id/block/24634","AREA":100},"bbox":[147058.89999956,166764.751,147075.336,166777.10999948]},{"type":"Feature","id":"Buildings.fid-4dd17ab5_1a025577777_-6191","geometry":{"type":"Polygon","coordinates":[[[147484.756,166695.759],[147494.31613032,166691.72719682],[147498.101,166690.131],[147501.84,166688.49],[147503.3,166691.82],[147495.83,166695.08],[147497.01578312,166697.7896811],[147487.27580558,166702.05199024],[147484.756,166695.759]]]},"geometry_name":"GEOM","properties":{"INSPIRE_ID":"https://databrussels.be/id/building/1720922","BLOCK_ID":"https://databrussels.be/id/block/31122","AREA":100},"bbox":[147484.756,166688.49,147503.3,166702.05199024]},{"type":"Feature","id":"Buildings.fid-4dd17ab5_1a025577777_-60e5","geometry":{"type":"Polygon","coordinates":[[[147000,166777.39065967],[147003.94,166776.79],[147012.618,166775.674],[147013.421,166781.025],[147004.02641209,166782.59182129],[147001.55746737,166783.00358964],[147000.07999973,166783.25000036],[146999.99999989,166782.71999954],[146999.23903906,166777.60858273],[147000,166777.39065967]]]},"geometry_name":"GEOM","properties":{"INSPIRE_ID":"https://databrussels.be/id/building/1721788","BLOCK_ID":"https://databrussels.be/id/block/25175","AREA":76},"bbox":[146999.23903906,166775.674,147013.421,166783.25000036]},{"type":"Feature","id":"Buildings.fid-4dd17ab5_1a025577777_-6128","geometry":{"type":"Polygon","coordinates":[[[147353.082,166682.598],[147354.806,166681.652],[147359.732,166683.638],[147359.712,166683.684],[147354.17,166696.52],[147354.02,166696.8],[147353.59,166696.61],[147353.27,166697.33],[147350.48,166696.11],[147350.84,166695.27],[147350.243,166694.937],[147351.434,166691.843],[147351.588,166691.435],[147353.082,166682.598]]]},"geometry_name":"GEOM","properties":{"INSPIRE_ID":"https://databrussels.be/id/building/1721789","BLOCK_ID":"https://databrussels.be/id/block/24563","AREA":76},"bbox":[147350.243,166681.652,147359.732,166697.33]},{"type":"Feature","id":"Buildings.fid-4dd17ab5_1a025577777_-60e3","geometry":{"type":"Polygon","coordinates":[[[147000.4400002,166833.51000057],[147004.42268177,166827.97476814],[147007.20000011,166829.88000013],[147015.025,166835.785],[147010.925,166841.379],[147002.97237786,166835.41055158],[147000.4400002,166833.51000057]]]},"geometry_name":"GEOM","properties":{"INSPIRE_ID":"https://databrussels.be/id/building/1721798","BLOCK_ID":"https://databrussels.be/id/block/25175","AREA":91},"bbox":[147000.4400002,166827.97476814,147015.025,166841.379]},{"type":"Feature","id":"Buildings.fid-4dd17ab5_1a025577777_-618f","geometry":{"type":"Polygon","coordinates":[[[147493.486,166717.779],[147493.26,166717.224],[147493.855,166716.953],[147492.16,166712.88],[147497.059,166710.72],[147496.215,166708.684],[147504.125,166705.426],[147507.12593575,166712.12613136],[147493.486,166717.779]]]},"geometry_name":"GEOM","properties":{"INSPIRE_ID":"https://databrussels.be/id/building/1721803","BLOCK_ID":"https://databrussels.be/id/block/31122","AREA":91},"bbox":[147492.16,166705.426,147507.12593575,166717.779]},{"type":"Feature","id":"Buildings.fid-4dd17ab5_1a025577777_-60a7","geometry":{"type":"Polygon","coordinates":[[[147023.9,166720.63],[147024.67,166720.55],[147029.33883527,166720.00090803],[147029.66557821,166719.66740342],[147037.781,166711.158],[147036.216,166709.613],[147037.083,166708.642],[147029.257,166701.655],[147025.5,166700.476],[147024.861,166699.919],[147020.871,166704.314],[147021.614,166705.048],[147023.24,166715.88],[147023.9,166720.63]]]},"geometry_name":"GEOM","properties":{"INSPIRE_ID":"https://databrussels.be/id/building/1721806","BLOCK_ID":"https://databrussels.be/id/block/24634","AREA":213},"bbox":[147020.871,166699.919,147037.781,166720.63]},{"type":"Feature","id":"Buildings.fid-4dd17ab5_1a025577777_-614b","geometry":{"type":"Polygon","coordinates":[[[147260.78,166799.24],[147263.192,166784.437],[147266.576,166784.863],[147266.826,166783.666],[147273.386,166784.546],[147273.575,166784.572],[147272.746,166791.32],[147273.576,166791.462],[147272.682,166800.774],[147271.594,166800.616],[147271.073,166804.729],[147269.06,166804.47],[147266.22,166804.09],[147266.72,166800.28],[147260.78,166799.24]]]},"geometry_name":"GEOM","properties":{"INSPIRE_ID":"https://databrussels.be/id/building/1721807","BLOCK_ID":"https://databrussels.be/id/block/25819","AREA":197},"bbox":[147260.78,166783.666,147273.576,166804.729]},{"type":"Feature","id":"Buildings.fid-4dd17ab5_1a025577777_-619f","geometry":{"type":"Polygon","coordinates":[[[147434.24866372,166659.71655768],[147435.788,166663.888],[147436.818,166663.498],[147437.542,166665.126],[147436.092,166665.766],[147439.532,166673.526],[147433.377,166676.255],[147432.3,166673.84],[147432.17,166673.54],[147427.99,166675.39],[147427.66,166674.54],[147426.63,166675],[147423.76,166668.52],[147421.68,166669.44],[147419.102,166663.616],[147423.505,166661.667],[147424.085,166663.208],[147430.12381814,166660.44794179],[147430.50613855,166661.25789323],[147434.24866372,166659.71655768]]]},"geometry_name":"GEOM","properties":{"INSPIRE_ID":"https://databrussels.be/id/building/1721808","BLOCK_ID":"https://databrussels.be/id/block/26424","AREA":198},"bbox":[147419.102,166659.71655768,147439.532,166676.255]},{"type":"Feature","id":"Buildings.fid-4dd17ab5_1a025577777_-61f9","geometry":{"type":"Polygon","coordinates":[[[147234.84,166852.7],[147240.6,166852.05],[147241.35,166851.98],[147241.43,166853.01],[147243.76,166852.82],[147243.97,166852.8],[147243.879,166851.71],[147248.69,166851.16],[147249.8,166851.06],[147250.287,166856.184],[147250.664,166860.157],[147251.12,166864.95],[147237.282,166866.283],[147237.085,166863.921],[147236.392,166863.941],[147234.84,166852.7]]]},"geometry_name":"GEOM","properties":{"INSPIRE_ID":"https://databrussels.be/id/building/1721811","BLOCK_ID":"https://databrussels.be/id/block/25819","AREA":200},"bbox":[147234.84,166851.06,147251.12,166866.283]},{"type":"Feature","id":"Buildings.fid-4dd17ab5_1a025577777_-6129","geometry":{"type":"Polygon","coordinates":[[[147355.38112002,166507.9477718],[147356.27462192,166507.57371648],[147359.84284464,166506.07991696],[147368.9,166502.279],[147370.93,166507.326],[147362.03502202,166510.88646202],[147356.53000019,166513.0900002],[147349.05128407,166516.34162253],[147347.12785245,166511.76679677],[147355.38112002,166507.9477718]]]},"geometry_name":"GEOM","properties":{"INSPIRE_ID":"https://databrussels.be/id/building/1721816","BLOCK_ID":"https://databrussels.be/id/block/26424","AREA":124},"bbox":[147347.12785245,166502.279,147370.93,166516.34162253]},{"type":"Feature","id":"Buildings.fid-4dd17ab5_1a025577777_-6228","geometry":{"type":"Polygon","coordinates":[[[147351.792,166853.03],[147351.621,166847.981],[147352.62,166847.947],[147352.54900199,166845.84800185],[147364.67,166845.45],[147366.8,166845.49],[147366.79180375,166848.86179975],[147369.92,166848.91],[147369.92,166852.21],[147360.765,166852.538],[147360.755,166853.04],[147351.792,166853.03]]]},"geometry_name":"GEOM","properties":{"INSPIRE_ID":"https://databrussels.be/id/building/1721822","BLOCK_ID":"https://databrussels.be/id/block/26366","AREA":117},"bbox":[147351.621,166845.45,147369.92,166853.04]},{"type":"Feature","id":"Buildings.fid-4dd17ab5_1a025577777_-60d8","geometry":{"type":"Polygon","coordinates":[[[147036.72,166802.25],[147049.14,166800.39],[147050.03,166800.26],[147050.88,166806.118],[147048,166806.6],[147047.8,166806.63],[147037.58,166808.16],[147037.56,166808.02],[147036.73,166802.3],[147036.72,166802.25]]]},"geometry_name":"GEOM","properties":{"INSPIRE_ID":"https://databrussels.be/id/building/1721830","BLOCK_ID":"https://databrussels.be/id/block/24634","AREA":80},"bbox":[147036.72,166800.26,147050.88,166808.16]},{"type":"Feature","id":"Buildings.fid-4dd17ab5_1a025577777_-610c","geometry":{"type":"Polygon","coordinates":[[[147062.22,166971.95],[147070.64149401,166970.79538811],[147075.13000028,166970.18000057],[147076.01807291,166976.09668636],[147074.98,166976.23],[147073.02602385,166976.52844773],[147063.13,166978.04],[147062.693,166975.115],[147062.244,166974.823],[147061.918,166974.399],[147061.751,166973.891],[147061.763,166973.356],[147061.95,166972.855],[147062.294,166972.445],[147062.22,166971.95]]]},"geometry_name":"GEOM","properties":{"INSPIRE_ID":"https://databrussels.be/id/building/1721831","BLOCK_ID":"https://databrussels.be/id/block/24634","AREA":80},"bbox":[147061.751,166970.18000057,147076.01807291,166978.04]},{"type":"Feature","id":"Buildings.fid-4dd17ab5_1a025577777_-6250","geometry":{"type":"Polygon","coordinates":[[[147406.727,166821.92],[147404.39,166822.07],[147403.66,166816.42],[147406.16693692,166816.14044195],[147406.09454324,166815.53462763],[147417.81000018,166814.34000045],[147418.58999982,166820.76999974],[147411.52000056,166821.51999987],[147406.727,166821.92]]]},"geometry_name":"GEOM","properties":{"INSPIRE_ID":"https://databrussels.be/id/building/1721842","BLOCK_ID":"https://databrussels.be/id/block/26366","AREA":91},"bbox":[147403.66,166814.34000045,147418.58999982,166822.07]},{"type":"Feature","id":"Buildings.fid-4dd17ab5_1a025577777_-6195","geometry":{"type":"Polygon","coordinates":[[[147471.36,166798.33],[147474.059,166786.915],[147481.57291209,166788.72915456],[147478.91413387,166800.1639529],[147471.36,166798.33]]]},"geometry_name":"GEOM","properties":{"INSPIRE_ID":"https://databrussels.be/id/building/1721848","BLOCK_ID":"https://databrussels.be/id/block/30722","AREA":91},"bbox":[147471.36,166786.915,147481.57291209,166800.1639529]},{"type":"Feature","id":"Buildings.fid-4dd17ab5_1a025577777_-6115","geometry":{"type":"Polygon","coordinates":[[[146998.93926039,166961.23320837],[146997.2391672,166959.80669341],[147000.00000001,166956.2799996],[147000.67000026,166955.48000014],[147000.74974421,166955.37706192],[147006.09833637,166959.78765468],[147013.741,166966.09],[147010.211,166970.394],[147004.55533932,166965.44632437],[147002.76815899,166963.88286634],[147002.57231705,166964.18587364],[147000,166962.09529484],[146998.93926039,166961.23320837]]]},"geometry_name":"GEOM","properties":{"INSPIRE_ID":"https://databrussels.be/id/building/1721854","BLOCK_ID":"https://databrussels.be/id/block/23952","AREA":93},"bbox":[146997.2391672,166955.37706192,147013.741,166970.394]},{"type":"Feature","id":"Buildings.fid-4dd17ab5_1a025577777_-6190","geometry":{"type":"Polygon","coordinates":[[[147487.27580558,166702.05199024],[147497.01578312,166697.7896811],[147498.32,166700.77],[147498.920219,166702.141585],[147489.01135003,166706.38635809],[147487.27580558,166702.05199024]]]},"geometry_name":"GEOM","properties":{"INSPIRE_ID":"https://databrussels.be/id/building/1721868","BLOCK_ID":"https://databrussels.be/id/block/31122","AREA":50},"bbox":[147487.27580558,166697.7896811,147498.920219,166706.38635809]},{"type":"Feature","id":"Buildings.fid-4dd17ab5_1a025577777_-61a9","geometry":{"type":"Polygon","coordinates":[[[147408.393512,166541.642184],[147416.8945655,166538.0054879],[147417.4181686,166537.78149387],[147420.17999971,166536.60000038],[147421.25999996,166536.14000054],[147423.19000757,166540.59999186],[147419.39205847,166542.24721535],[147418.70157567,166542.54668644],[147410.269,166546.204],[147408.393512,166541.642184]]]},"geometry_name":"GEOM","properties":{"INSPIRE_ID":"https://databrussels.be/id/building/1722009","BLOCK_ID":"https://databrussels.be/id/block/31122","AREA":69},"bbox":[147408.393512,166536.14000054,147423.19000757,166546.204]},{"type":"Feature","id":"Buildings.fid-4dd17ab5_1a025577777_-620c","geometry":{"type":"Polygon","coordinates":[[[147388.9294491,166937.1962583],[147397.16969541,166930.58711047],[147397.43,166930.92],[147401.16000036,166935.67999961],[147392.80000007,166942.40000013],[147388.9294491,166937.1962583]]]},"geometry_name":"GEOM","properties":{"INSPIRE_ID":"https://databrussels.be/id/building/1722013","BLOCK_ID":"https://databrussels.be/id/block/26366","AREA":69},"bbox":[147388.9294491,166930.58711047,147401.16000036,166942.40000013]},{"type":"Feature","id":"Buildings.fid-4dd17ab5_1a025577777_-6145","geometry":{"type":"Polygon","coordinates":[[[147352.91888119,166811.70998684],[147353.03999982,166805.72999983],[147353.04,166805.69],[147364.59,166806.26],[147364.6,166812.128],[147352.91888119,166811.70998684]]]},"geometry_name":"GEOM","properties":{"INSPIRE_ID":"https://databrussels.be/id/building/1722016","BLOCK_ID":"https://databrussels.be/id/block/26366","AREA":69},"bbox":[147352.91888119,166805.69,147364.6,166812.128]},{"type":"Feature","id":"Buildings.fid-4dd17ab5_1a025577777_-6243","geometry":{"type":"Polygon","coordinates":[[[147456.471,166915.596],[147460.183,166922.16],[147452.15,166926.94],[147448.33,166929.21],[147447.863,166928.424],[147444.355,166930.635],[147442.959,166928.522],[147443.767,166927.988],[147441.738,166924.402],[147447.03,166921.08],[147448.505,166920.223],[147449.411,166919.697],[147456.471,166915.596]]]},"geometry_name":"GEOM","properties":{"INSPIRE_ID":"https://databrussels.be/id/building/1722021","BLOCK_ID":"https://databrussels.be/id/block/26366","AREA":130},"bbox":[147441.738,166915.596,147460.183,166930.635]},{"type":"Feature","id":"Buildings.fid-4dd17ab5_1a025577777_-612c","geometry":{"type":"Polygon","coordinates":[[[147342.05599075,166520.04603955],[147342.76963798,166521.68536419],[147340.96950677,166522.40539597],[147340.3292463,166520.82063073],[147342.05599075,166520.04603955]]]},"geometry_name":"GEOM","properties":{"INSPIRE_ID":"https://databrussels.be/id/building/1722029","BLOCK_ID":"https://databrussels.be/id/block/26424","AREA":3},"bbox":[147340.3292463,166520.04603955,147342.76963798,166522.40539597]},{"type":"Feature","id":"Buildings.fid-4dd17ab5_1a025577777_-6248","geometry":{"type":"Polygon","coordinates":[[[147422.58810021,166917.72063577],[147421.14186226,166918.74501858],[147420.04473944,166917.20118388],[147421.76474252,166916.02554896],[147422.58810021,166917.72063577]]]},"geometry_name":"GEOM","properties":{"INSPIRE_ID":"https://databrussels.be/id/building/1722033","BLOCK_ID":"https://databrussels.be/id/block/26366","AREA":4},"bbox":[147420.04473944,166916.02554896,147422.58810021,166918.74501858]},{"type":"Feature","id":"Buildings.fid-4dd17ab5_1a025577777_-626a","geometry":{"type":"Polygon","coordinates":[[[147479.32,166849.31],[147476.221,166842.253],[147482.192,166839.884],[147483.02,166841.78],[147485.2,166846.73],[147484.28,166847.13],[147479.32,166849.31]]]},"geometry_name":"GEOM","properties":{"INSPIRE_ID":"https://databrussels.be/id/building/1722035","BLOCK_ID":"https://databrussels.be/id/block/30722","AREA":49},"bbox":[147476.221,166839.884,147485.2,166849.31]},{"type":"Feature","id":"Buildings.fid-4dd17ab5_1a025577777_-61c8","geometry":{"type":"Polygon","coordinates":[[[147453.669,166625.708],[147461.58,166622.22],[147462.494,166621.82],[147463.96,166625.18],[147466.14,166624.31],[147467.28,166627.19],[147465.71718424,166627.88625629],[147456.58,166631.957],[147453.669,166625.708]]]},"geometry_name":"GEOM","properties":{"INSPIRE_ID":"https://databrussels.be/id/building/1722042","BLOCK_ID":"https://databrussels.be/id/block/31122","AREA":73},"bbox":[147453.669,166621.82,147467.28,166631.957]},{"type":"Feature","id":"Buildings.fid-4dd17ab5_1a025577777_-60f6","geometry":{"type":"Polygon","coordinates":[[[147025.47,166726.46],[147032.442,166725.27],[147033.24,166724.51],[147034.639,166726.109],[147033.788,166726.93],[147035.192,166728.326],[147036.053,166727.637],[147037.393,166729.193],[147037.17,166729.39],[147032.66,166730.9],[147032.631,166730.905],[147026.22,166731.98],[147025.81,166728.96],[147025.47,166726.46]]]},"geometry_name":"GEOM","properties":{"INSPIRE_ID":"https://databrussels.be/id/building/1722059","BLOCK_ID":"https://databrussels.be/id/block/24634","AREA":53},"bbox":[147025.47,166724.51,147037.393,166731.98]},{"type":"Feature","id":"Buildings.fid-4dd17ab5_1a025577777_-6176","geometry":{"type":"Polygon","coordinates":[[[147386.539,166714.869],[147392.66500016,166709.28000011],[147396.57899973,166713.54199972],[147389.94999954,166718.90999976],[147390.05,166718.82],[147386.539,166714.869]]]},"geometry_name":"GEOM","properties":{"INSPIRE_ID":"https://databrussels.be/id/building/1722079","BLOCK_ID":"https://databrussels.be/id/block/24563","AREA":46},"bbox":[147386.539,166709.28000011,147396.57899973,166718.90999976]},{"type":"Feature","id":"Buildings.fid-4dd17ab5_1a025577777_-616b","geometry":{"type":"Polygon","coordinates":[[[147334.73326077,166503.52568344],[147335.62747515,166505.85759621],[147332.37243349,166507.01191686],[147331.55822891,166504.71330715],[147334.73326077,166503.52568344]]]},"geometry_name":"GEOM","properties":{"INSPIRE_ID":"https://databrussels.be/id/building/1722956","BLOCK_ID":"https://databrussels.be/id/block/26424","AREA":8},"bbox":[147331.55822891,166503.52568344,147335.62747515,166507.01191686]},{"type":"Feature","id":"Buildings.fid-4dd17ab5_1a025577777_-61ae","geometry":{"type":"Polygon","coordinates":[[[147404.370589,166532.414099],[147413.04470396,166528.7451841],[147415.06199683,166527.8850038],[147415.5500181,166528.99997871],[147416.97999646,166528.380004],[147418.44999718,166531.8000027],[147418.15999675,166531.92000357],[147418.17,166531.95],[147414.935881,166533.34072048],[147406.378693,166537.02044],[147404.370589,166532.414099]]]},"geometry_name":"GEOM","properties":{"INSPIRE_ID":"https://databrussels.be/id/building/1722969","BLOCK_ID":"https://databrussels.be/id/block/31122","AREA":64},"bbox":[147404.370589,166527.8850038,147418.44999718,166537.02044]},{"type":"Feature","id":"Buildings.fid-4dd17ab5_1a025577777_-61be","geometry":{"type":"Polygon","coordinates":[[[147419.04999945,166515.33000013],[147420.26088571,166512.60227172],[147420.8492336,166511.27691743],[147423.44510715,166505.42926814],[147424.042,166504.144],[147428.804,166506.304],[147424.75264809,166515.18049985],[147424.05000027,166516.7199991],[147423.68999997,166517.56000052],[147419.04999945,166515.33000013]]]},"geometry_name":"GEOM","properties":{"INSPIRE_ID":"https://databrussels.be/id/building/1722970","BLOCK_ID":"https://databrussels.be/id/block/31122","AREA":64},"bbox":[147419.04999945,166504.144,147428.804,166517.56000052]},{"type":"Feature","id":"Buildings.fid-4dd17ab5_1a025577777_-60df","geometry":{"type":"Polygon","coordinates":[[[147002.70000009,166788.21999979],[147005.00352489,166787.88967181],[147014.255,166786.563],[147015.057,166791.884],[147006.07295594,166793.28239112],[147003.39000352,166793.69999802],[147002.70000009,166788.21999979]]]},"geometry_name":"GEOM","properties":{"INSPIRE_ID":"https://databrussels.be/id/building/1722974","BLOCK_ID":"https://databrussels.be/id/block/25175","AREA":64},"bbox":[147002.70000009,166786.563,147015.057,166793.69999802]},{"type":"Feature","id":"Buildings.fid-4dd17ab5_1a025577777_-61b1","geometry":{"type":"Polygon","coordinates":[[[147402.26204613,166527.87145103],[147410.95863194,166524.18710183],[147411.92346617,166523.77834529],[147412.97328847,166523.32699601],[147414.08000024,166522.89999988],[147416.07000004,166527.32999945],[147416.11000003,166527.43000038],[147415.06199683,166527.8850038],[147413.04470396,166528.7451841],[147404.370589,166532.414099],[147402.26204613,166527.87145103]]]},"geometry_name":"GEOM","properties":{"INSPIRE_ID":"https://databrussels.be/id/building/1722975","BLOCK_ID":"https://databrussels.be/id/block/31122","AREA":64},"bbox":[147402.26204613,166522.89999988,147416.11000003,166532.414099]},{"type":"Feature","id":"Buildings.fid-4dd17ab5_1a025577777_-6240","geometry":{"type":"Polygon","coordinates":[[[147445.49,166817.99],[147459.95999996,166816.38000028],[147460.59999998,166822.22999978],[147459.01999993,166822.48999977],[147459.03,166822.55],[147446.21,166824.6],[147445.5,166818.02],[147445.49,166817.99]]]},"geometry_name":"GEOM","properties":{"INSPIRE_ID":"https://databrussels.be/id/building/1722982","BLOCK_ID":"https://databrussels.be/id/block/30722","AREA":92},"bbox":[147445.49,166816.38000028,147460.59999998,166824.6]},{"type":"Feature","id":"Buildings.fid-4dd17ab5_1a025577777_-6184","geometry":{"type":"Polygon","coordinates":[[[147366.85,166533.72],[147370.17265779,166532.41424244],[147380.05539437,166528.53046658],[147382.7131417,166527.4860094],[147384.543678,166531.71222],[147379.05966477,166534.07013403],[147367.044,166539.184],[147365.09,166534.67],[147365.02,166534.52],[147366.85,166533.72]]]},"geometry_name":"GEOM","properties":{"INSPIRE_ID":"https://databrussels.be/id/building/1723003","BLOCK_ID":"https://databrussels.be/id/block/26424","AREA":93},"bbox":[147365.02,166527.4860094,147384.543678,166539.184]},{"type":"Feature","id":"Buildings.fid-4dd17ab5_1a025577777_-612f","geometry":{"type":"Polygon","coordinates":[[[147338.34875255,166510.46366253],[147340.29436553,166514.5762842],[147336.6686295,166516.07453863],[147334.85661574,166511.84697888],[147338.34875255,166510.46366253]]]},"geometry_name":"GEOM","properties":{"INSPIRE_ID":"https://databrussels.be/id/building/1723014","BLOCK_ID":"https://databrussels.be/id/block/26424","AREA":18},"bbox":[147334.85661574,166510.46366253,147340.29436553,166516.07453863]},{"type":"Feature","id":"Buildings.fid-4dd17ab5_1a025577777_-618a","geometry":{"type":"Polygon","coordinates":[[[147356.53000019,166513.0900002],[147362.03502202,166510.88646202],[147370.93,166507.326],[147373.025,166512.535],[147364.32915891,166516.23806658],[147361.52401297,166517.43261959],[147359.87655558,166518.13417851],[147358.83723246,166518.5625602],[147356.53000019,166513.0900002]]]},"geometry_name":"GEOM","properties":{"INSPIRE_ID":"https://databrussels.be/id/building/1723170","BLOCK_ID":"https://databrussels.be/id/block/26424","AREA":89},"bbox":[147356.53000019,166507.326,147373.025,166518.5625602]},{"type":"Feature","id":"Buildings.fid-4dd17ab5_1a025577777_-621c","geometry":{"type":"Polygon","coordinates":[[[147320.62,166889.14],[147332.59,166886.05],[147334.389,166892.407],[147325.14,166894.97],[147320.24,166896.01],[147319.65,166893.47],[147319.87,166893.03],[147321.44,166892.67],[147320.62,166889.14]]]},"geometry_name":"GEOM","properties":{"INSPIRE_ID":"https://databrussels.be/id/building/1723175","BLOCK_ID":"https://databrussels.be/id/block/25819","AREA":90},"bbox":[147319.65,166886.05,147334.389,166896.01]},{"type":"Feature","id":"Buildings.fid-4dd17ab5_1a025577777_-61bb","geometry":{"type":"Polygon","coordinates":[[[147428.48699927,166520.372696],[147429.89286591,166517.09957933],[147433.596,166508.478],[147438.889,166510.879],[147434.60497427,166519.65867264],[147433.15999973,166522.61999985],[147428.48699927,166520.372696]]]},"geometry_name":"GEOM","properties":{"INSPIRE_ID":"https://databrussels.be/id/building/1723191","BLOCK_ID":"https://databrussels.be/id/block/31122","AREA":71},"bbox":[147428.48699927,166508.478,147438.889,166522.61999985]},{"type":"Feature","id":"Buildings.fid-4dd17ab5_1a025577777_-6208","geometry":{"type":"Polygon","coordinates":[[[147356.58,166961.69],[147367.02,166953.15],[147370.81,166957.88],[147375.479,166963.618],[147365.88,166971.35],[147365.7,166971.51],[147364.47,166969.99],[147363.02,166971.16],[147359.6,166966.93],[147360.1,166966.52],[147356.58,166961.69]]]},"geometry_name":"GEOM","properties":{"INSPIRE_ID":"https://databrussels.be/id/building/1723194","BLOCK_ID":"https://databrussels.be/id/block/25819","AREA":185},"bbox":[147356.58,166953.15,147375.479,166971.51]},{"type":"Feature","id":"Buildings.fid-4dd17ab5_1a025577777_-60d9","geometry":{"type":"Polygon","coordinates":[[[147034.96,166790.14],[147045.01855506,166788.64404555],[147048.68060461,166788.07446819],[147049.32532157,166791.45176468],[147049.7030868,166791.40843169],[147050.09510832,166794.04401696],[147052.28103242,166793.83516229],[147052.91358881,166798.89302318],[147048.99789666,166799.43527401],[147049.14,166800.39],[147036.72,166802.25],[147035.86,166796.36],[147035.85,166796.29],[147035.482,166793.752],[147034.767,166793.351],[147034.451,166791.174],[147035.023,166790.586],[147034.97,166790.22],[147034.96,166790.14]]]},"geometry_name":"GEOM","properties":{"INSPIRE_ID":"https://databrussels.be/id/building/1723195","BLOCK_ID":"https://databrussels.be/id/block/24634","AREA":186},"bbox":[147034.451,166788.07446819,147052.91358881,166802.25]},{"type":"Feature","id":"Buildings.fid-4dd17ab5_1a025577777_-60de","geometry":{"type":"Polygon","coordinates":[[[147004.42268177,166827.97476814],[147003.39000045,166827.13999979],[147004.2999997,166825.70000003],[147007.06000045,166827.74000008],[147009.7,166824.07],[147018.671,166830.809],[147015.025,166835.785],[147007.20000011,166829.88000013],[147004.42268177,166827.97476814]]]},"geometry_name":"GEOM","properties":{"INSPIRE_ID":"https://databrussels.be/id/building/1723198","BLOCK_ID":"https://databrussels.be/id/block/25175","AREA":75},"bbox":[147003.39000045,166824.07,147018.671,166835.785]},{"type":"Feature","id":"Buildings.fid-4dd17ab5_1a025577777_-60f2","geometry":{"type":"Polygon","coordinates":[[[147029.66557821,166719.66740342],[147037.781,166711.158],[147041.054,166714.389],[147042.261,166715.489],[147042.5431677,166715.79849608],[147033.75999986,166723.99000039],[147029.66557821,166719.66740342]]]},"geometry_name":"GEOM","properties":{"INSPIRE_ID":"https://databrussels.be/id/building/1723199","BLOCK_ID":"https://databrussels.be/id/block/24634","AREA":75},"bbox":[147029.66557821,166711.158,147042.5431677,166723.99000039]},{"type":"Feature","id":"Buildings.fid-4dd17ab5_1a025577777_-61b7","geometry":{"type":"Polygon","coordinates":[[[147438.26200044,166526.4810002],[147439.99167202,166522.67051527],[147444.242,166513.307],[147449.437,166515.702],[147445.05671905,166525.18691938],[147443.32,166529.02],[147438.26200044,166526.4810002]]]},"geometry_name":"GEOM","properties":{"INSPIRE_ID":"https://databrussels.be/id/building/1724139","BLOCK_ID":"https://databrussels.be/id/block/31122","AREA":83},"bbox":[147438.26200044,166513.307,147449.437,166529.02]},{"type":"Feature","id":"Buildings.fid-4dd17ab5_1a025577777_-6218","geometry":{"type":"Polygon","coordinates":[[[147326.52999997,166900.55000035],[147336.02,166898.17],[147336.3,166899.3],[147337.67,166904.81],[147333.27,166906.1],[147332.22,166906.41],[147332.4,166907.04],[147329.22,166907.77],[147329.4,166908.58],[147323.87,166910.2],[147321.43,166902.09],[147326.52999997,166900.55000035]]]},"geometry_name":"GEOM","properties":{"INSPIRE_ID":"https://databrussels.be/id/building/1724150","BLOCK_ID":"https://databrussels.be/id/block/25819","AREA":115},"bbox":[147321.43,166898.17,147337.67,166910.2]},{"type":"Feature","id":"Buildings.fid-4dd17ab5_1a025577777_-60e6","geometry":{"type":"Polygon","coordinates":[[[147000,166809.03],[147000.96,166808.82],[147000.89,166807.95],[147002.93,166807.62],[147002.629,166805.486],[147003.27092644,166805.37802725],[147016.749,166803.111],[147017.608,166808.811],[147008.99341464,166810.19933849],[147007.83804742,166810.38553911],[147002.35000003,166811.27000061],[146999.99999979,166811.62999975],[146999.4,166811.72],[146998.96,166809.26],[147000,166809.03]]]},"geometry_name":"GEOM","properties":{"INSPIRE_ID":"https://databrussels.be/id/building/1724154","BLOCK_ID":"https://databrussels.be/id/block/25175","AREA":95},"bbox":[146998.96,166803.111,147017.608,166811.72]},{"type":"Feature","id":"Buildings.fid-4dd17ab5_1a025577777_-6205","geometry":{"type":"Polygon","coordinates":[[[147365.88,166971.35],[147375.481,166963.62],[147379.885,166969.027],[147371.72,166975.7],[147368.97,166977.95],[147366.06,166974.39],[147367.44,166973.26],[147365.93,166971.41],[147365.88,166971.35]]]},"geometry_name":"GEOM","properties":{"INSPIRE_ID":"https://databrussels.be/id/building/1724156","BLOCK_ID":"https://databrussels.be/id/block/25819","AREA":95},"bbox":[147365.88,166963.62,147379.885,166977.95]},{"type":"Feature","id":"Buildings.fid-4dd17ab5_1a025577777_-60b5","geometry":{"type":"Polygon","coordinates":[[[147055.96,166928.36],[147055.1,166922.14],[147055.73,166921.93],[147056.683,166921.811],[147067.07,166920.52],[147070.26,166920.04],[147070.28,166920.18],[147070.76,166923.38],[147071.16,166926],[147070.41024351,166926.11640929],[147066.76561361,166926.68228601],[147055.96,166928.36]]]},"geometry_name":"GEOM","properties":{"INSPIRE_ID":"https://databrussels.be/id/building/1724158","BLOCK_ID":"https://databrussels.be/id/block/24634","AREA":95},"bbox":[147055.1,166920.04,147071.16,166928.36]},{"type":"Feature","id":"Buildings.fid-4dd17ab5_1a025577777_-61d0","geometry":{"type":"Polygon","coordinates":[[[147483.97,166595.41],[147482.198,166591.387],[147484.88,166590.19],[147488.39,166598.1],[147487.8,166598.37],[147488.86678943,166600.77691991],[147486.74246861,166601.63923475],[147485.69123742,166599.27730867],[147483.97,166595.41]]]},"geometry_name":"GEOM","properties":{"INSPIRE_ID":"https://databrussels.be/id/building/1724166","BLOCK_ID":"https://databrussels.be/id/block/31122","AREA":31},"bbox":[147482.198,166590.19,147488.86678943,166601.63923475]},{"type":"Feature","id":"Buildings.fid-4dd17ab5_1a025577777_-6220","geometry":{"type":"Polygon","coordinates":[[[147361.664,166884.029],[147367.62495343,166881.90608401],[147371.1800001,166880.64000028],[147371.76060045,166880.45178359],[147373,166880.05],[147375.36000024,166886.14000005],[147373.8,166886.66],[147363.804,166890.009],[147361.664,166884.029]]]},"geometry_name":"GEOM","properties":{"INSPIRE_ID":"https://databrussels.be/id/building/1724179","BLOCK_ID":"https://databrussels.be/id/block/26366","AREA":78},"bbox":[147361.664,166880.05,147375.36000024,166890.009]},{"type":"Feature","id":"Buildings.fid-4dd17ab5_1a025577777_-6258","geometry":{"type":"Polygon","coordinates":[[[147406.2,166959.23],[147415.99,166951.35],[147418.21,166949.57],[147427.2112781,166960.76398665],[147415.56,166970.12],[147406.2,166959.23]]]},"geometry_name":"GEOM","properties":{"INSPIRE_ID":"https://databrussels.be/id/building/1724258","BLOCK_ID":"https://databrussels.be/id/block/26366","AREA":218},"bbox":[147406.2,166949.57,147427.2112781,166970.12]},{"type":"Feature","id":"Buildings.fid-4dd17ab5_1a025577777_-61ba","geometry":{"type":"Polygon","coordinates":[[[147433.15999973,166522.61999985],[147434.60497427,166519.65867264],[147438.889,166510.879],[147444.242,166513.307],[147439.99167202,166522.67051527],[147438.26200044,166526.4810002],[147437.63,166527.66999954],[147432.09999975,166525.14000011],[147432.04999947,166525.11999991],[147433.15999973,166522.61999985]]]},"geometry_name":"GEOM","properties":{"INSPIRE_ID":"https://databrussels.be/id/building/1724263","BLOCK_ID":"https://databrussels.be/id/block/31122","AREA":96},"bbox":[147432.04999947,166510.879,147444.242,166527.66999954]},{"type":"Feature","id":"Buildings.fid-4dd17ab5_1a025577777_-6233","geometry":{"type":"Polygon","coordinates":[[[147352.76000053,166818.80999988],[147352.91888119,166811.70998684],[147364.6,166812.128],[147368.09768978,166812.24536419],[147368.03170108,166816.20473337],[147364.63999986,166816.11000045],[147364.45,166819.08],[147352.76000053,166818.80999988]]]},"geometry_name":"GEOM","properties":{"INSPIRE_ID":"https://databrussels.be/id/building/1724266","BLOCK_ID":"https://databrussels.be/id/block/26366","AREA":96},"bbox":[147352.76000053,166811.70998684,147368.09768978,166819.08]},{"type":"Feature","id":"Buildings.fid-4dd17ab5_1a025577777_-621f","geometry":{"type":"Polygon","coordinates":[[[147317.95000034,166883.84999992],[147319.30328043,166883.5010993],[147331.06,166880.47],[147332.59,166886.05],[147320.62,166889.14],[147319.89,166886.3],[147318.67,166886.62],[147317.95000034,166883.84999992]]]},"geometry_name":"GEOM","properties":{"INSPIRE_ID":"https://databrussels.be/id/building/1724340","BLOCK_ID":"https://databrussels.be/id/block/25819","AREA":75},"bbox":[147317.95000034,166880.47,147332.59,166889.14]},{"type":"Feature","id":"Buildings.fid-4dd17ab5_1a025577777_-616a","geometry":{"type":"Polygon","coordinates":[[[147355.38112002,166507.9477718],[147353.48,166503.27],[147357.28,166501.63],[147357.27,166501.6],[147357.72,166501.41],[147366.27,166497.81],[147366.29,166497.87],[147366.54,166497.78],[147367.017,166497.597],[147368.9,166502.279],[147359.84284464,166506.07991696],[147356.27462192,166507.57371648],[147355.38112002,166507.9477718]]]},"geometry_name":"GEOM","properties":{"INSPIRE_ID":"https://databrussels.be/id/building/1724342","BLOCK_ID":"https://databrussels.be/id/block/26424","AREA":75},"bbox":[147353.48,166497.597,147368.9,166507.9477718]},{"type":"Feature","id":"Buildings.fid-4dd17ab5_1a025577777_-6140","geometry":{"type":"Polygon","coordinates":[[[147210.2022,166550.0994],[147214.5129,166537.01],[147214.7957,166537.1102],[147214.6053,166537.6474],[147223.8538,166540.8267],[147229.0182,166542.602],[147233.7089,166544.2145],[147237.8987,166545.6547],[147242.56,166547.2571],[147247.8526,166549.0765],[147252.2008,166550.5712],[147254.03,166551.2],[147256.8155,166552.1424],[147261.6968,166553.794],[147266.5733,166555.4439],[147271.1142,166556.9802],[147274.01,166557.96],[147275.2823,166558.4292],[147280.2573,166560.2641],[147285.94,166562.36],[147292.7,166566.93],[147299.52,166574.65],[147304.1347,166580.635],[147308.9173,166586.8377],[147313.1473,166592.3237],[147316.972,166597.284],[147322.1653,166604.264],[147326.3793,166609.9277],[147331.1277,166616.3097],[147335.6373,166622.3708],[147340.926,166629.479],[147334.67,166633.03],[147330.29,166637.55],[147325.1043,166630.444],[147320.6502,166624.3404],[147315.9602,166617.9136],[147312.246,166612.824],[147311.7919,166612.215],[147306.5919,166605.24],[147302.8478,166600.218],[147298.7068,166594.6637],[147297.257,166592.719],[147293.9026,166588.4775],[147289.014,166582.296],[147283.323,166576.574],[147280.9925,166575.2223],[147278.699,166573.892],[147275.6309,166572.7611],[147272.763,166571.704],[147270.6342,166570.9846],[147269.132,166570.477],[147266.4519,166569.5742],[147261.9088,166568.0438],[147257.0299,166566.4002],[147252.1462,166564.7551],[147247.5261,166563.1987],[147243.168,166561.7306],[147237.8634,166559.9437],[147233.1915,166558.3699],[147228.9922,166556.9553],[147224.2909,166555.3716],[147219.1147,166553.6279],[147208.8332,166550.1644],[147208.9865,166549.699],[147210.2022,166550.0994]]]},"geometry_name":"GEOM","properties":{"INSPIRE_ID":"https://databrussels.be/id/building/1724349","BLOCK_ID":"https://databrussels.be/id/block/26424","AREA":2107},"bbox":[147208.8332,166537.01,147340.926,166637.55]},{"type":"Feature","id":"Buildings.fid-4dd17ab5_1a025577777_-6193","geometry":{"type":"Polygon","coordinates":[[[147482.126,166689.354],[147491.58,166685.4],[147494.22,166684.29],[147495.68,166687.64],[147496.8,166687.15],[147496.81,166687.18],[147498.101,166690.131],[147494.31613032,166691.72719682],[147484.756,166695.759],[147483.741,166693.286],[147482.26,166693.893],[147480.855,166690.471],[147482.335,166689.863],[147482.126,166689.354]]]},"geometry_name":"GEOM","properties":{"INSPIRE_ID":"https://databrussels.be/id/building/1724358","BLOCK_ID":"https://databrussels.be/id/block/31122","AREA":101},"bbox":[147480.855,166684.29,147498.101,166695.759]},{"type":"Feature","id":"Buildings.fid-4dd17ab5_1a025577777_-61aa","geometry":{"type":"Polygon","coordinates":[[[147480,166546.17],[147481.87261194,166541.92206344],[147486.001,166532.557],[147491.248,166534.976],[147487.23917253,166544.13753385],[147486.49182218,166545.84548332],[147484.761,166549.801],[147483.52,166552.73],[147483.47,166552.71],[147480.71,166551.51],[147482.37,166547.7],[147479.82,166546.63],[147480,166546.17]]]},"geometry_name":"GEOM","properties":{"INSPIRE_ID":"https://databrussels.be/id/building/1724361","BLOCK_ID":"https://databrussels.be/id/block/31122","AREA":101},"bbox":[147479.82,166532.557,147491.248,166552.73]},{"type":"Feature","id":"Buildings.fid-4dd17ab5_1a025577777_-6104","geometry":{"type":"Polygon","coordinates":[[[147013.136,166990.573],[147016.659,166986.309],[147024.21226041,166992.18801267],[147026.55688376,166994.01292921],[147023.9206836,166996.76090639],[147024.73018922,166997.55844617],[147023.49286091,166998.9225669],[147020.19803254,166996.26631925],[147013.136,166990.573]]]},"geometry_name":"GEOM","properties":{"INSPIRE_ID":"https://databrussels.be/id/building/1724365","BLOCK_ID":"https://databrussels.be/id/block/25150","AREA":72},"bbox":[147013.136,166986.309,147026.55688376,166998.9225669]},{"type":"Feature","id":"Buildings.fid-4dd17ab5_1a025577777_-61a0","geometry":{"type":"Polygon","coordinates":[[[147411.88799971,166773.59600056],[147412.32,166773.554],[147412.49,166773.545],[147416.443,166773.205],[147417.582,166773.528],[147418.009,166774.026],[147418.283,166774.642],[147418.052,166782.815],[147417.99367923,166785.16319353],[147419.51299982,166785.16670572],[147419.42300993,166785.54613219],[147419.37207158,166785.62914618],[147419.13357984,166786.01781496],[147419.08534884,166786.09641751],[147418.43987303,166786.48444555],[147417.68897279,166786.65717496],[147416.93700744,166786.56192911],[147416.35379461,166786.17193284],[147415.8875185,166785.6050287],[147415.77444694,166785.14951456],[147412.90458121,166785.35307607],[147412.84393113,166784.27372463],[147411.88799971,166773.59600056]]]},"geometry_name":"GEOM","properties":{"INSPIRE_ID":"https://databrussels.be/id/building/1724369","BLOCK_ID":"https://databrussels.be/id/block/26366","AREA":72},"bbox":[147411.88799971,166773.205,147419.51299982,166786.65717496]},{"type":"Feature","id":"Buildings.fid-4dd17ab5_1a025577777_-6152","geometry":{"type":"Polygon","coordinates":[[[147384.962,166776.221],[147391.76,166775.587],[147393.06000213,166787.52000271],[147386.43999094,166788.1999908],[147386.14400198,166788.23000245],[147384.962,166776.221]]]},"geometry_name":"GEOM","properties":{"INSPIRE_ID":"https://databrussels.be/id/building/1725275","BLOCK_ID":"https://databrussels.be/id/block/26366","AREA":83},"bbox":[147384.962,166775.587,147393.06000213,166788.23000245]},{"type":"Feature","id":"Buildings.fid-4dd17ab5_1a025577777_-61f4","geometry":{"type":"Polygon","coordinates":[[[147246.5,166906.8],[147260.75,166901.93],[147265.9,166914.26],[147251.57,166920.28],[147251.21,166919.43],[147250.47,166919.67],[147249.177,166916.203],[147247.463,166911.607],[147246.17,166908.14],[147246.86,166907.85],[147246.5,166906.8]]]},"geometry_name":"GEOM","properties":{"INSPIRE_ID":"https://databrussels.be/id/building/1725276","BLOCK_ID":"https://databrussels.be/id/block/25819","AREA":222},"bbox":[147246.17,166901.93,147265.9,166920.28]},{"type":"Feature","id":"Buildings.fid-4dd17ab5_1a025577777_-61cf","geometry":{"type":"Polygon","coordinates":[[[147483.97,166595.41],[147485.69123742,166599.27730867],[147486.74246861,166601.63923475],[147487.43,166603.19],[147484.63,166604.32],[147484.62,166604.29],[147481.44,166596.48],[147481.43,166596.44],[147483.97,166595.41]]]},"geometry_name":"GEOM","properties":{"INSPIRE_ID":"https://databrussels.be/id/building/1725286","BLOCK_ID":"https://databrussels.be/id/block/31122","AREA":25},"bbox":[147481.43,166595.41,147487.43,166604.32]},{"type":"Feature","id":"Buildings.fid-4dd17ab5_1a025577777_-60b1","geometry":{"type":"Polygon","coordinates":[[[147022.80999985,166930.94000021],[147024.24791887,166930.7248353],[147025.49967226,166930.53752977],[147025.69318362,166930.50857362],[147026.57475969,166930.37665853],[147035.614,166929.07],[147036.497,166934.911],[147027.49000003,166936.14000021],[147026.32000002,166936.29999984],[147023.59400749,166936.66077861],[147023.2248511,166933.96710358],[147022.80999985,166930.94000021]]]},"geometry_name":"GEOM","properties":{"INSPIRE_ID":"https://databrussels.be/id/building/1725332","BLOCK_ID":"https://databrussels.be/id/block/23952","AREA":76},"bbox":[147022.80999985,166929.07,147036.497,166936.66077861]},{"type":"Feature","id":"Buildings.fid-4dd17ab5_1a025577777_-61a2","geometry":{"type":"Polygon","coordinates":[[[147405.74699964,166774.1290005],[147408.421966,166773.88310967],[147411.88799971,166773.59600056],[147412.84393113,166784.27372463],[147406.71107315,166784.64832308],[147405.74699964,166774.1290005]]]},"geometry_name":"GEOM","properties":{"INSPIRE_ID":"https://databrussels.be/id/building/1725345","BLOCK_ID":"https://databrussels.be/id/block/26366","AREA":66},"bbox":[147405.74699964,166773.59600056,147412.84393113,166784.64832308]},{"type":"Feature","id":"Buildings.fid-4dd17ab5_1a025577777_-60dc","geometry":{"type":"Polygon","coordinates":[[[147009.7,166824.07],[147012.01,166820.86],[147019.245,166819.669],[147020.54,166828.259],[147018.671,166830.809],[147009.7,166824.07]]]},"geometry_name":"GEOM","properties":{"INSPIRE_ID":"https://databrussels.be/id/building/1725498","BLOCK_ID":"https://databrussels.be/id/block/25175","AREA":72},"bbox":[147009.7,166819.669,147020.54,166830.809]},{"type":"Feature","id":"Buildings.fid-4dd17ab5_1a025577777_-61ad","geometry":{"type":"Polygon","coordinates":[[[147474.51999998,166544.35999975],[147472.07000003,166543.27999983],[147469.39000011,166542.08000028],[147470.22824769,166540.32704642],[147473.41702325,166533.59496048],[147476.08,166527.98399999],[147481.174,166530.33199999],[147476.59000001,166539.55],[147474.51999998,166544.35999975]]]},"geometry_name":"GEOM","properties":{"INSPIRE_ID":"https://databrussels.be/id/building/1725499","BLOCK_ID":"https://databrussels.be/id/block/31122","AREA":86},"bbox":[147469.39000011,166527.98399999,147481.174,166544.35999975]},{"type":"Feature","id":"Buildings.fid-4dd17ab5_1a025577777_-61a5","geometry":{"type":"Polygon","coordinates":[[[147402.3,166673.723],[147408.42769349,166667.67328416],[147409.40870563,166666.74225174],[147416.56,166673.27],[147416.25000001,166673.56999999],[147410.58200029,166679.1039946],[147406.25499791,166674.93901698],[147405.06300363,166676.03496918],[147402.3,166673.723]]]},"geometry_name":"GEOM","properties":{"INSPIRE_ID":"https://databrussels.be/id/building/1725507","BLOCK_ID":"https://databrussels.be/id/block/26424","AREA":86},"bbox":[147402.3,166666.74225174,147416.56,166679.1039946]},{"type":"Feature","id":"Buildings.fid-4dd17ab5_1a025577777_-60bc","geometry":{"type":"Polygon","coordinates":[[[147018.39000199,166901.25999919],[147021.29912292,166900.82253403],[147025.03238733,166900.26113655],[147029.52462813,166899.5856064],[147031.118,166899.346],[147032.004,166905.204],[147022.21907048,166906.66523002],[147020.5800002,166906.91000012],[147020.26,166904.54],[147017.14,166905.08],[147017,166904.06],[147014.51,166904.49],[147014.05,166901.84],[147015.31,166901.67],[147018.39000199,166901.25999919]]]},"geometry_name":"GEOM","properties":{"INSPIRE_ID":"https://databrussels.be/id/building/1725512","BLOCK_ID":"https://databrussels.be/id/block/23952","AREA":86},"bbox":[147014.05,166899.346,147032.004,166906.91000012]},{"type":"Feature","id":"Buildings.fid-4dd17ab5_1a025577777_-60fa","geometry":{"type":"Polygon","coordinates":[[[146996.555,166768.575],[146999.844,166764.2],[147000,166764.26],[147002.59,166765.26],[147010.977,166764.206],[147011.782,166769.828],[147003.38999962,166771.0999999],[147003.27,166770.1899994],[147001.42000032,166770.55000019],[147001.53999994,166771.58999993],[147000.4500001,166771.57000039],[147000,166771.23],[146996.555,166768.575]]]},"geometry_name":"GEOM","properties":{"INSPIRE_ID":"https://databrussels.be/id/building/1726440","BLOCK_ID":"https://databrussels.be/id/block/25175","AREA":79},"bbox":[146996.555,166764.2,147011.782,166771.58999993]},{"type":"Feature","id":"Buildings.fid-4dd17ab5_1a025577777_-61f7","geometry":{"type":"Polygon","coordinates":[[[147238.74,166879.42],[147255.09,166877.03],[147255.49,166878.56],[147258.13,166888.68],[147258.73,166888.49],[147258.85,166888.97],[147244.12036066,166893.25173817],[147242.39022543,166893.75466875],[147241.006,166888.887],[147239.06,166881.17],[147238.74,166879.42]]]},"geometry_name":"GEOM","properties":{"INSPIRE_ID":"https://databrussels.be/id/building/1726449","BLOCK_ID":"https://databrussels.be/id/block/25819","AREA":227},"bbox":[147238.74,166877.03,147258.85,166893.75466875]},{"type":"Feature","id":"Buildings.fid-4dd17ab5_1a025577777_-61ed","geometry":{"type":"Polygon","coordinates":[[[147263.27,166945.59],[147272.47,166940.63],[147273.57,166942.67],[147281.11,166938.6],[147282.54,166938.87],[147286.02,166945.32],[147285.82,166946.38],[147277.97,166950.6],[147278.96997711,166952.39625518],[147269.9,166957.82],[147269.21,166956.43],[147268.235,166954.673],[147267.775,166953.843],[147266.78,166952.05],[147266.31,166951.22],[147265.336,166949.416],[147264.885,166948.58],[147263.27,166945.59]]]},"geometry_name":"GEOM","properties":{"INSPIRE_ID":"https://databrussels.be/id/building/1726452","BLOCK_ID":"https://databrussels.be/id/block/25819","AREA":230},"bbox":[147263.27,166938.6,147286.02,166957.82]},{"type":"Feature","id":"Buildings.fid-4dd17ab5_1a025577777_-6257","geometry":{"type":"Polygon","coordinates":[[[147415.56,166970.12],[147427.2112781,166960.76398665],[147431.1,166965.6],[147434.24602403,166980.27635818],[147425.43,166982.28],[147415.56,166970.12]]]},"geometry_name":"GEOM","properties":{"INSPIRE_ID":"https://databrussels.be/id/building/1726454","BLOCK_ID":"https://databrussels.be/id/block/26366","AREA":231},"bbox":[147415.56,166960.76398665,147434.24602403,166982.28]},{"type":"Feature","id":"Buildings.fid-4dd17ab5_1a025577777_-61e9","geometry":{"type":"Polygon","coordinates":[[[147269.9,166957.82],[147278.96997711,166952.39625518],[147279.05,166952.54],[147280.14,166954.11],[147287.28,166949.3],[147288.77,166949.58],[147292.67,166955.75],[147292.42,166957.09],[147285.05,166961.74],[147286.34,166963.77],[147277.63,166969.57],[147275.672,166966.609],[147275.159,166965.833],[147274.02,166964.11],[147273.54,166963.31],[147272.407,166961.601],[147271.893,166960.826],[147269.9,166957.82]]]},"geometry_name":"GEOM","properties":{"INSPIRE_ID":"https://databrussels.be/id/building/1726459","BLOCK_ID":"https://databrussels.be/id/block/25819","AREA":234},"bbox":[147269.9,166949.3,147292.67,166969.57]},{"type":"Feature","id":"Buildings.fid-4dd17ab5_1a025577777_-622d","geometry":{"type":"Polygon","coordinates":[[[147325.47,166832.23],[147325.29,166839.3],[147321.0158,166839.1988],[147319.249,166839.157],[147317.2904,166839.1108],[147313.82,166839.029],[147313.14,166839.013],[147312.568,166838.993],[147305.4385,166838.7437],[147305.5475,166834.4637],[147310.255,166834.5836],[147310.3201,166832.0283],[147312.7437,166832.09],[147313.57,166832.09],[147317.468,166832.1358],[147318.079,166832.143],[147321.609,166832.184],[147325.47,166832.23]]]},"geometry_name":"GEOM","properties":{"INSPIRE_ID":"https://databrussels.be/id/building/1726472","BLOCK_ID":"https://databrussels.be/id/block/25819","AREA":126},"bbox":[147305.4385,166832.0283,147325.47,166839.3]},{"type":"Feature","id":"Buildings.fid-4dd17ab5_1a025577777_-61a1","geometry":{"type":"Polygon","coordinates":[[[147410.58200029,166679.1039946],[147416.25000001,166673.56999999],[147422.739,166680.326],[147412.81000051,166690.14699399],[147409.4839983,166686.86001815],[147409.7560004,166685.58999678],[147407.05399883,166682.77101458],[147410.58200029,166679.1039946]]]},"geometry_name":"GEOM","properties":{"INSPIRE_ID":"https://databrussels.be/id/building/1726475","BLOCK_ID":"https://databrussels.be/id/block/26424","AREA":127},"bbox":[147407.05399883,166673.56999999,147422.739,166690.14699399]},{"type":"Feature","id":"Buildings.fid-4dd17ab5_1a025577777_-60bf","geometry":{"type":"Polygon","coordinates":[[[146995.185,166896.303],[146998.866,166891.356],[147000,166892.2],[147006.4535639,166896.81017495],[147009.15517074,166898.7515548],[147005.43387672,166903.79042426],[147002.7971258,166901.86411817],[147000,166899.82064851],[146995.185,166896.303]]]},"geometry_name":"GEOM","properties":{"INSPIRE_ID":"https://databrussels.be/id/building/1726482","BLOCK_ID":"https://databrussels.be/id/block/23952","AREA":79},"bbox":[146995.185,166891.356,147009.15517074,166903.79042426]},{"type":"Feature","id":"Buildings.fid-4dd17ab5_1a025577777_-6173","geometry":{"type":"Polygon","coordinates":[[[147391.39,166588.69],[147392.67,166588.15],[147401.033,166584.633],[147403.489,166590.293],[147399.47,166591.93],[147393.633,166594.326],[147391.5,166595.25],[147391.48,166595.2],[147389.16,166589.85],[147389.12,166589.76],[147391.43032228,166588.7780895],[147391.39,166588.69]]]},"geometry_name":"GEOM","properties":{"INSPIRE_ID":"https://databrussels.be/id/building/1726488","BLOCK_ID":"https://databrussels.be/id/block/26424","AREA":79},"bbox":[147389.12,166584.633,147403.489,166595.25]},{"type":"Feature","id":"Buildings.fid-4dd17ab5_1a025577777_-6237","geometry":{"type":"Polygon","coordinates":[[[147461.622,166869.351],[147471.82,166864.05],[147472.62,166864.33],[147473.23794389,166865.4935752],[147475.01322532,166865.75756582],[147476.45312313,166868.37007196],[147464.8,166874.892],[147461.622,166869.351]]]},"geometry_name":"GEOM","properties":{"INSPIRE_ID":"https://databrussels.be/id/building/1726489","BLOCK_ID":"https://databrussels.be/id/block/30722","AREA":79},"bbox":[147461.622,166864.05,147476.45312313,166874.892]},{"type":"Feature","id":"Buildings.fid-4dd17ab5_1a025577777_-610a","geometry":{"type":"Polygon","coordinates":[[[147063.13,166978.04],[147073.02602385,166976.52844773],[147074.98,166976.23],[147075.37,166978.85],[147080.16,166978.12],[147080.6800003,166981.53999989],[147078.3473001,166981.92316909],[147073.8609565,166982.66009558],[147071.87212316,166982.98678123],[147064.06,166984.27],[147063.632,166981.403],[147062.915,166981.003],[147062.635,166979.124],[147063.204,166978.535],[147063.13,166978.04]]]},"geometry_name":"GEOM","properties":{"INSPIRE_ID":"https://databrussels.be/id/building/1726491","BLOCK_ID":"https://databrussels.be/id/block/24634","AREA":93},"bbox":[147062.635,166976.23,147080.6800003,166984.27]},{"type":"Feature","id":"Buildings.fid-4dd17ab5_1a025577777_-61e0","geometry":{"type":"Polygon","coordinates":[[[147484.761,166549.801],[147486.49182218,166545.84548332],[147487.23917253,166544.13753385],[147491.248,166534.976],[147497.034,166537.643],[147492.71538814,166546.81836177],[147490.959,166550.55],[147488.33,166549.14],[147487.42,166551.01],[147484.761,166549.801]]]},"geometry_name":"GEOM","properties":{"INSPIRE_ID":"https://databrussels.be/id/building/1726496","BLOCK_ID":"https://databrussels.be/id/block/31122","AREA":93},"bbox":[147484.761,166534.976,147497.034,166551.01]},{"type":"Feature","id":"Buildings.fid-4dd17ab5_1a025577777_-61b0","geometry":{"type":"Polygon","coordinates":[[[147459.84,166537.24],[147461.95752923,166532.20130097],[147464.82,166525.39],[147465.83099958,166523.25899998],[147470.92800004,166525.60900015],[147468.68583897,166530.64024712],[147467.19578236,166533.9838261],[147465.3351449,166538.15896157],[147462.62565125,166536.93431928],[147462.02,166538.22],[147459.84,166537.24]]]},"geometry_name":"GEOM","properties":{"INSPIRE_ID":"https://databrussels.be/id/building/1727580","BLOCK_ID":"https://databrussels.be/id/block/31122","AREA":80},"bbox":[147459.84,166523.25899998,147470.92800004,166538.22]},{"type":"Feature","id":"Buildings.fid-4dd17ab5_1a025577777_-6147","geometry":{"type":"Polygon","coordinates":[[[147353.04,166805.69],[147353.117,166802.089],[147352.268,166802.071],[147352.334,166798.972],[147353.184,166798.99],[147353.2,166798.24],[147364.36,166798.48],[147364.36,166801.97],[147365.71,166801.97],[147365.71,166806.18],[147365.71,166806.26],[147364.59,166806.26],[147353.04,166805.69]]]},"geometry_name":"GEOM","properties":{"INSPIRE_ID":"https://databrussels.be/id/building/1727582","BLOCK_ID":"https://databrussels.be/id/block/26366","AREA":94},"bbox":[147352.268,166798.24,147365.71,166806.26]},{"type":"Feature","id":"Buildings.fid-4dd17ab5_1a025577777_-61e6","geometry":{"type":"Polygon","coordinates":[[[147274.66,166834.3],[147281.02999965,166833.66999967],[147282.51000054,166847.77000033],[147275.91000023,166848.40999992],[147274.383,166834.327],[147274.66,166834.3]]]},"geometry_name":"GEOM","properties":{"INSPIRE_ID":"https://databrussels.be/id/building/1727588","BLOCK_ID":"https://databrussels.be/id/block/25819","AREA":94},"bbox":[147274.383,166833.66999967,147282.51000054,166848.40999992]},{"type":"Feature","id":"Buildings.fid-4dd17ab5_1a025577777_-6197","geometry":{"type":"Polygon","coordinates":[[[147466.697,166785.279],[147469.26,166785.802],[147474.059,166786.915],[147471.36,166798.33],[147462.751,166796.493],[147463.706,166792.337],[147464.891,166792.666],[147466.697,166785.279]]]},"geometry_name":"GEOM","properties":{"INSPIRE_ID":"https://databrussels.be/id/building/1727590","BLOCK_ID":"https://databrussels.be/id/block/30722","AREA":94},"bbox":[147462.751,166785.279,147474.059,166798.33]},{"type":"Feature","id":"Buildings.fid-4dd17ab5_1a025577777_-622f","geometry":{"type":"Polygon","coordinates":[[[147313.57,166832.09],[147313.85,166824.131],[147325.68,166824.27],[147325.47,166832.23],[147313.57,166832.09]]]},"geometry_name":"GEOM","properties":{"INSPIRE_ID":"https://databrussels.be/id/building/1727591","BLOCK_ID":"https://databrussels.be/id/block/25819","AREA":94},"bbox":[147313.57,166824.131,147325.68,166832.23]},{"type":"Feature","id":"Buildings.fid-4dd17ab5_1a025577777_-61b6","geometry":{"type":"Polygon","coordinates":[[[147449.437,166515.702],[147454.49700247,166518.03399831],[147450.20550283,166527.54768225],[147448.77,166530.73],[147445.55953544,166529.3594508],[147445.20349098,166530.20905524],[147443.17532768,166529.31958974],[147443.32000054,166529.01999975],[147445.05671905,166525.18691938],[147449.437,166515.702]]]},"geometry_name":"GEOM","properties":{"INSPIRE_ID":"https://databrussels.be/id/building/1727592","BLOCK_ID":"https://databrussels.be/id/block/31122","AREA":81},"bbox":[147443.17532768,166515.702,147454.49700247,166530.73]},{"type":"Feature","id":"Buildings.fid-4dd17ab5_1a025577777_-614e","geometry":{"type":"Polygon","coordinates":[[[147243.3,166792.25],[147246.51,166781.57],[147246.99,166779.91],[147247.05,166779.94],[147257.126,166781.755],[147256.79,166783.619],[147263.192,166784.437],[147260.78,166799.24],[147254.24,166797.89],[147253.84,166799.21],[147248.19,166798.49],[147248.56,166796.37],[147245.34,166795.39],[147246.04,166793.09],[147243.3,166792.25]]]},"geometry_name":"GEOM","properties":{"INSPIRE_ID":"https://databrussels.be/id/building/1727613","BLOCK_ID":"https://databrussels.be/id/block/25819","AREA":277},"bbox":[147243.3,166779.91,147263.192,166799.24]},{"type":"Feature","id":"Buildings.fid-4dd17ab5_1a025577777_-61df","geometry":{"type":"Polygon","coordinates":[[[147476.68090467,166569.26079149],[147480.904,166567.338],[147484.03999991,166565.9399998],[147490.959,166550.55],[147492.71538814,166546.81836177],[147497.034,166537.643],[147502.267,166540.055],[147498.87832413,166548.16385975],[147497.7591399,166550.87525589],[147496.43000011,166553.38000043],[147495.41000015,166555.65000019],[147493.56999884,166559.44000133],[147494.53,166561.41],[147494.97,166561.25],[147495.55,166562.58],[147493.94,166563.19],[147495.7,166567.21],[147495.71,166567.23],[147495.74,166567.31],[147493.32,166568.35],[147478.956,166574.54],[147476.68090467,166569.26079149]]]},"geometry_name":"GEOM","properties":{"INSPIRE_ID":"https://databrussels.be/id/building/1727616","BLOCK_ID":"https://databrussels.be/id/block/31122","AREA":281},"bbox":[147476.68090467,166537.643,147502.267,166574.54]},{"type":"Feature","id":"Buildings.fid-4dd17ab5_1a025577777_-61ab","geometry":{"type":"Polygon","coordinates":[[[147420.18,166536.6],[147417.418,166537.781],[147416.895,166538.005],[147408.394,166541.642],[147406.379,166537.02],[147414.936,166533.341],[147418.17,166531.95],[147418.16,166531.92],[147418.45,166531.8],[147420.4616,166536.4801],[147420.18,166536.6]]]},"geometry_name":"GEOM","properties":{"INSPIRE_ID":"https://databrussels.be/id/building/1727632","BLOCK_ID":"https://databrussels.be/id/block/31122","AREA":66},"bbox":[147406.379,166531.8,147420.4616,166541.642]},{"type":"Feature","id":"Buildings.fid-4dd17ab5_1a025577777_-61bc","geometry":{"type":"Polygon","coordinates":[[[147424.05000027,166516.7199991],[147424.75264809,166515.18049985],[147428.804,166506.304],[147433.596,166508.478],[147429.89286591,166517.09957933],[147428.48699927,166520.372696],[147425.11967496,166518.76265372],[147425.82665597,166517.48669126],[147424.05000027,166516.7199991]]]},"geometry_name":"GEOM","properties":{"INSPIRE_ID":"https://databrussels.be/id/building/1727633","BLOCK_ID":"https://databrussels.be/id/block/31122","AREA":67},"bbox":[147424.05000027,166506.304,147433.596,166520.372696]},{"type":"Feature","id":"Buildings.fid-4dd17ab5_1a025577777_-6112","geometry":{"type":"Polygon","coordinates":[[[146995.69584227,166965.57766604],[146998.93926039,166961.23320837],[147000,166962.09529484],[147002.57231705,166964.18587364],[147002.76815899,166963.88286634],[147004.55533932,166965.44632437],[147010.211,166970.394],[147006.728,166974.641],[146999.99999944,166969.15999995],[146995.69584227,166965.57766604]]]},"geometry_name":"GEOM","properties":{"INSPIRE_ID":"https://databrussels.be/id/building/1727640","BLOCK_ID":"https://databrussels.be/id/block/23952","AREA":81},"bbox":[146995.69584227,166961.23320837,147010.211,166974.641]},{"type":"Feature","id":"Buildings.fid-4dd17ab5_1a025577777_-619c","geometry":{"type":"Polygon","coordinates":[[[147435.59100001,166713.98399999],[147445.21985679,166709.66169527],[147443.71141691,166706.22500091],[147444.41700001,166705.923],[147449.104,166703.825],[147450.64000001,166707.24000001],[147447.53599999,166708.622],[147449.43900001,166712.629],[147449.70999999,166712.5],[147451.03,166713.40999999],[147451.5,166714.67999999],[147451.59000001,166715.75],[147449.976,166716.473],[147451.855,166720.67],[147440.746,166725.5],[147440.52000001,166724.99500001],[147439.05699999,166724.66300001],[147438.322,166723.021],[147439.049,166721.70899999],[147437.06199999,166717.27000001],[147435.599,166716.93900001],[147434.86300001,166715.296],[147435.59100001,166713.98399999]]]},"geometry_name":"GEOM","properties":{"INSPIRE_ID":"https://databrussels.be/id/building/1727643","BLOCK_ID":"https://databrussels.be/id/block/26424","AREA":194},"bbox":[147434.86300001,166703.825,147451.855,166725.5]},{"type":"Feature","id":"Buildings.fid-4dd17ab5_1a025577777_-61f8","geometry":{"type":"Polygon","coordinates":[[[147237.282,166866.283],[147251.12,166864.95],[147255.32,166864.55],[147256.5,166876.83],[147255.09,166877.03],[147238.74,166879.42],[147238.625,166878.477],[147237.812,166878.572],[147237.364,166874.899],[147236.919,166871.095],[147236.49,166867.42],[147237.35,166867.3],[147237.282,166866.283]]]},"geometry_name":"GEOM","properties":{"INSPIRE_ID":"https://databrussels.be/id/building/1727648","BLOCK_ID":"https://databrussels.be/id/block/25819","AREA":240},"bbox":[147236.49,166864.55,147256.5,166879.42]},{"type":"Feature","id":"Buildings.fid-4dd17ab5_1a025577777_-60cf","geometry":{"type":"Polygon","coordinates":[[[147085.839,166819.038],[147087.87,166817.92],[147087.887,166817.911],[147096.823,166813.064],[147101.327,166820.733],[147092.66,166825.74],[147091.61,166826.41],[147091.57,166826.32],[147089.93,166827.29],[147087.97,166823.93],[147087.8,166824.02],[147085.16,166819.5],[147085.11,166819.4],[147085.839,166819.038]]]},"geometry_name":"GEOM","properties":{"INSPIRE_ID":"https://databrussels.be/id/building/1727701","BLOCK_ID":"https://databrussels.be/id/block/24634","AREA":120},"bbox":[147085.11,166813.064,147101.327,166827.29]},{"type":"Feature","id":"Buildings.fid-4dd17ab5_1a025577777_-613c","geometry":{"type":"Polygon","coordinates":[[[147275.563,166718.02],[147287.188,166710.222],[147295.324,166722.393],[147292.96,166723.94],[147293.56,166724.86],[147287.39045995,166728.92420739],[147286.90979395,166728.08199944],[147283.81654373,166730.04940828],[147283.734,166730.104],[147275.563,166718.02]]]},"geometry_name":"GEOM","properties":{"INSPIRE_ID":"https://databrussels.be/id/building/1727702","BLOCK_ID":"https://databrussels.be/id/block/24563","AREA":212},"bbox":[147275.563,166710.222,147295.324,166730.104]},{"type":"Feature","id":"Buildings.fid-4dd17ab5_1a025577777_-6229","geometry":{"type":"Polygon","coordinates":[[[147394.63333475,166842.65918135],[147392.22616504,166844.53456264],[147390.48015317,166842.03513842],[147392.92734656,166840.36844556],[147394.63333475,166842.65918135]]]},"geometry_name":"GEOM","properties":{"INSPIRE_ID":"https://databrussels.be/id/building/1728736","BLOCK_ID":"https://databrussels.be/id/block/26366","AREA":9},"bbox":[147390.48015317,166840.36844556,147394.63333475,166844.53456264]},{"type":"Feature","id":"Buildings.fid-4dd17ab5_1a025577777_-621a","geometry":{"type":"Polygon","coordinates":[[[147325.14,166894.97],[147334.389,166892.407],[147336.02,166898.17],[147326.52999997,166900.55000035],[147325.14,166894.97]]]},"geometry_name":"GEOM","properties":{"INSPIRE_ID":"https://databrussels.be/id/building/1728742","BLOCK_ID":"https://databrussels.be/id/block/25819","AREA":57},"bbox":[147325.14,166892.407,147336.02,166900.55000035]},{"type":"Feature","id":"Buildings.fid-4dd17ab5_1a025577777_-61b8","geometry":{"type":"Polygon","coordinates":[[[147398.24276,166518.126252],[147406.19999966,166514.54999963],[147406.22000021,166514.58000013],[147406.76000018,166514.33000021],[147409.65999998,166513.02999951],[147409.68999965,166513.09000002],[147410.92000037,166515.83000012],[147407.82000042,166517.21999981],[147408.6400075,166519.04999164],[147400.16499992,166522.76699979],[147398.24276,166518.126252]]]},"geometry_name":"GEOM","properties":{"INSPIRE_ID":"https://databrussels.be/id/building/1728744","BLOCK_ID":"https://databrussels.be/id/block/31122","AREA":57},"bbox":[147398.24276,166513.02999951,147410.92000037,166522.76699979]},{"type":"Feature","id":"Buildings.fid-4dd17ab5_1a025577777_-60c9","geometry":{"type":"Polygon","coordinates":[[[147017.821,166865.566],[147026.99010872,166872.04745123],[147025.216,166860.318],[147022.316,166859.445],[147017.821,166865.566]]]},"geometry_name":"GEOM","properties":{"INSPIRE_ID":"https://databrussels.be/id/building/1728747","BLOCK_ID":"https://databrussels.be/id/block/23952","AREA":59},"bbox":[147017.821,166859.445,147026.99010872,166872.04745123]},{"type":"Feature","id":"Buildings.fid-4dd17ab5_1a025577777_-60b2","geometry":{"type":"Polygon","coordinates":[[[147055.96,166928.36],[147066.76561361,166926.68228601],[147070.41024351,166926.11640929],[147071.16,166926],[147072.74,166925.77],[147073.26,166929.37],[147067.62,166930.15],[147068.03,166933.14],[147068.04,166933.17],[147067.47,166933.25],[147066.59,166933.38],[147056.85,166934.89],[147055.96,166928.36]]]},"geometry_name":"GEOM","properties":{"INSPIRE_ID":"https://databrussels.be/id/building/1728764","BLOCK_ID":"https://databrussels.be/id/block/24634","AREA":95},"bbox":[147055.96,166925.77,147073.26,166934.89]},{"type":"Feature","id":"Buildings.fid-4dd17ab5_1a025577777_-619d","geometry":{"type":"Polygon","coordinates":[[[147430.69,166700.36],[147435.25994894,166698.29988813],[147447.514,166692.765],[147448.852,166696.316],[147445.121,166697.946],[147445.971,166700.186],[147438.894,166703.276],[147437.762,166702.817],[147437.601,166702.487],[147432.78,166704.59],[147432.44,166703.68],[147431.37,166703.48],[147430.82,166702.2],[147431.01,166701.2],[147430.74,166700.47],[147430.69,166700.36]]]},"geometry_name":"GEOM","properties":{"INSPIRE_ID":"https://databrussels.be/id/building/1728765","BLOCK_ID":"https://databrussels.be/id/block/26424","AREA":95},"bbox":[147430.69,166692.765,147448.852,166704.59]},{"type":"Feature","id":"Buildings.fid-4dd17ab5_1a025577777_-6246","geometry":{"type":"Polygon","coordinates":[[[147429.25000033,166897.73000004],[147441.86099983,166890.40599947],[147446.19900058,166897.79200018],[147433.46999964,166905.02000023],[147429.25000033,166897.73000004]]]},"geometry_name":"GEOM","properties":{"INSPIRE_ID":"https://databrussels.be/id/building/1728768","BLOCK_ID":"https://databrussels.be/id/block/26366","AREA":124},"bbox":[147429.25000033,166890.40599947,147446.19900058,166905.02000023]},{"type":"Feature","id":"Buildings.fid-4dd17ab5_1a025577777_-60db","geometry":{"type":"Polygon","coordinates":[[[147032.992,166776.64],[147042.08,166775.13],[147042.74,166779.26],[147043.64,166779.41],[147043.98,166781.72],[147043.05,166781.87],[147033.969,166783.34],[147032.992,166776.64]]]},"geometry_name":"GEOM","properties":{"INSPIRE_ID":"https://databrussels.be/id/building/1728780","BLOCK_ID":"https://databrussels.be/id/block/24634","AREA":65},"bbox":[147032.992,166775.13,147043.98,166783.34]},{"type":"Feature","id":"Buildings.fid-4dd17ab5_1a025577777_-60ca","geometry":{"type":"Polygon","coordinates":[[[146993.85999958,166842.87999986],[146995.47000011,166840.77999957],[146996.87000007,166841.76000052],[146997.29000055,166841.18999984],[146998.51000012,166839.69999974],[146999.49475455,166840.41400478],[147000,166840.78033753],[147007.421,166846.161],[147004.145,166850.632],[147000,166847.51],[146993.85999958,166842.87999986]]]},"geometry_name":"GEOM","properties":{"INSPIRE_ID":"https://databrussels.be/id/building/1728783","BLOCK_ID":"https://databrussels.be/id/block/25175","AREA":65},"bbox":[146993.85999958,166839.69999974,147007.421,166850.632]},{"type":"Feature","id":"Buildings.fid-4dd17ab5_1a025577777_-6194","geometry":{"type":"Polygon","coordinates":[[[147474.02826437,166674.43113867],[147478.60188646,166672.47688545],[147485.64095851,166669.46917538],[147488.28901964,166668.33769099],[147490.02695488,166667.59509235],[147495.79,166680.76],[147494.25,166681.43],[147495.25,166683.71],[147494.17,166684.18],[147494.22,166684.29],[147491.58,166685.4],[147482.126,166689.354],[147480.761,166689.92],[147474.02826437,166674.43113867]]]},"geometry_name":"GEOM","properties":{"INSPIRE_ID":"https://databrussels.be/id/building/1728790","BLOCK_ID":"https://databrussels.be/id/block/31122","AREA":291},"bbox":[147474.02826437,166667.59509235,147495.79,166689.92]},{"type":"Feature","id":"Buildings.fid-4dd17ab5_1a025577777_-6244","geometry":{"type":"Polygon","coordinates":[[[147446.71,166963.05],[147434.81,166942.4],[147440.99,166941.05],[147447.5,166940.58],[147459.62,166961.61],[147460.2,166961.56],[147460.31,166962.18],[147453.05055077,166962.84501918],[147453.02269921,166962.32866804],[147446.71,166963.05]]]},"geometry_name":"GEOM","properties":{"INSPIRE_ID":"https://databrussels.be/id/building/1728791","BLOCK_ID":"https://databrussels.be/id/block/26366","AREA":293},"bbox":[147434.81,166940.58,147460.31,166963.05]},{"type":"Feature","id":"Buildings.fid-4dd17ab5_1a025577777_-623f","geometry":{"type":"Polygon","coordinates":[[[147446.21,166824.6],[147459.03,166822.55],[147459.27,166824.73],[147465.69,166823.69],[147466.27,166827.26],[147466.14,166827.29],[147462.76999964,166828.06999969],[147456.0800004,166829.43999981],[147455.97999955,166829.46000018],[147447.32,166831.24],[147446.24,166824.8],[147446.24,166824.78],[147446.23,166824.69],[147446.22,166824.67],[147446.21,166824.6]]]},"geometry_name":"GEOM","properties":{"INSPIRE_ID":"https://databrussels.be/id/building/1728806","BLOCK_ID":"https://databrussels.be/id/block/30722","AREA":108},"bbox":[147446.21,166822.55,147466.27,166831.24]},{"type":"Feature","id":"Buildings.fid-4dd17ab5_1a025577777_-6215","geometry":{"type":"Polygon","coordinates":[[[147287,166905.62],[147292.87000056,166903.14999999],[147297.50999951,166914.3300006],[147291.76,166916.87],[147287,166905.62]]]},"geometry_name":"GEOM","properties":{"INSPIRE_ID":"https://databrussels.be/id/building/1730896","BLOCK_ID":"https://databrussels.be/id/block/25819","AREA":77},"bbox":[147287,166903.14999999,147297.50999951,166916.87]},{"type":"Feature","id":"Buildings.fid-4dd17ab5_1a025577777_-621b","geometry":{"type":"Polygon","coordinates":[[[147282.26000038,166894.42000032],[147288.32000054,166892.19000016],[147292.87000056,166903.14999999],[147287,166905.62],[147282.26000038,166894.42000032]]]},"geometry_name":"GEOM","properties":{"INSPIRE_ID":"https://databrussels.be/id/building/1730898","BLOCK_ID":"https://databrussels.be/id/block/25819","AREA":77},"bbox":[147282.26000038,166892.19000016,147292.87000056,166905.62]},{"type":"Feature","id":"Buildings.fid-4dd17ab5_1a025577777_-6138","geometry":{"type":"Polygon","coordinates":[[[147297.985,166702.94],[147303.797,166699.066],[147309.121,166707.157],[147305.96,166709.34],[147305.88,166709.4],[147307.71,166712.05],[147305.25,166713.74],[147305.16,166713.61],[147304.52,166712.69],[147297.985,166702.94]]]},"geometry_name":"GEOM","properties":{"INSPIRE_ID":"https://databrussels.be/id/building/1730903","BLOCK_ID":"https://databrussels.be/id/block/24563","AREA":77},"bbox":[147297.985,166699.066,147309.121,166713.74]},{"type":"Feature","id":"Buildings.fid-4dd17ab5_1a025577777_-60a0","geometry":{"type":"Polygon","coordinates":[[[147152.2,166581.41],[147119.63,166585.14],[147115.57,166549.62],[147148.14,166545.9],[147152.2,166581.41]]]},"geometry_name":"GEOM","properties":{"INSPIRE_ID":"https://databrussels.be/id/building/1730958","BLOCK_ID":"https://databrussels.be/id/block/26987","AREA":1172},"bbox":[147115.57,166545.9,147152.2,166585.14]},{"type":"Feature","id":"Buildings.fid-4dd17ab5_1a025577777_-6143","geometry":{"type":"Polygon","coordinates":[[[147155.84,166581.86],[147159.68,166617.31],[147127.11,166621.03],[147123.06,166585.61],[147155.84,166581.86]]]},"geometry_name":"GEOM","properties":{"INSPIRE_ID":"https://databrussels.be/id/building/1730959","BLOCK_ID":"https://databrussels.be/id/block/26987","AREA":1173},"bbox":[147123.06,166581.86,147159.68,166621.03]},{"type":"Feature","id":"Buildings.fid-4dd17ab5_1a025577777_-6133","geometry":{"type":"Polygon","coordinates":[[[147332.19000004,166562.43000017],[147349.38,166601.81],[147343.67,166604.34],[147342.18,166600.97],[147336.05,166587.13],[147331.07,166575.87],[147326.28,166565.05],[147332.19000004,166562.43000017]]]},"geometry_name":"GEOM","properties":{"INSPIRE_ID":"https://databrussels.be/id/building/1730971","BLOCK_ID":"https://databrussels.be/id/block/26424","AREA":273},"bbox":[147326.28,166562.43000017,147349.38,166604.34]},{"type":"Feature","id":"Buildings.fid-4dd17ab5_1a025577777_-614d","geometry":{"type":"Polygon","coordinates":[[[147311.492,166782.991],[147311.535,166782.986],[147324.835,166781.24],[147327.353,166783.733],[147326.906,166799.553],[147326.197,166800.248],[147316.209,166800.155],[147316.18,166800.703],[147312.361,166800.58],[147311.086,166800.533],[147311.43,166798.57],[147311.42,166798.4],[147311.35,166797.84],[147312.56,166797.61],[147311.41,166789.68],[147312.24,166789.5],[147311.492,166782.991]]]},"geometry_name":"GEOM","properties":{"INSPIRE_ID":"https://databrussels.be/id/building/1730976","BLOCK_ID":"https://databrussels.be/id/block/25819","AREA":278},"bbox":[147311.086,166781.24,147327.353,166800.703]},{"type":"Feature","id":"Buildings.fid-4dd17ab5_1a025577777_-6125","geometry":{"type":"Polygon","coordinates":[[[147363.74,166718.97],[147362.06,166717.33],[147363.67,166715.71],[147365.33,166717.35],[147363.74,166718.97]]]},"geometry_name":"GEOM","properties":{"INSPIRE_ID":"https://databrussels.be/id/building/1732160","BLOCK_ID":"https://databrussels.be/id/block/24563","AREA":5},"bbox":[147362.06,166715.71,147365.33,166718.97]},{"type":"Feature","id":"Buildings.fid-4dd17ab5_1a025577777_-624a","geometry":{"type":"Polygon","coordinates":[[[147420.04,166874.95],[147417.12,166867.721],[147422.372,166865.447],[147422.63,166865.964],[147428.985,166863.293],[147431.33400013,166869.90299975],[147420.04,166874.95]]]},"geometry_name":"GEOM","properties":{"INSPIRE_ID":"https://databrussels.be/id/building/1732191","BLOCK_ID":"https://databrussels.be/id/block/26366","AREA":92},"bbox":[147417.12,166863.293,147431.33400013,166874.95]},{"type":"Feature","id":"Buildings.fid-4dd17ab5_1a025577777_-61fd","geometry":{"type":"Polygon","coordinates":[[[147200.678,166884.22],[147206.4,166880.729],[147211.642,166889.33],[147202.99,166894.602],[147198.888,166887.87],[147201.026,166886.564],[147201.439,166885.474],[147200.678,166884.22]]]},"geometry_name":"GEOM","properties":{"INSPIRE_ID":"https://databrussels.be/id/building/1732226","BLOCK_ID":"https://databrussels.be/id/block/26987","AREA":95},"bbox":[147198.888,166880.729,147211.642,166894.602]},{"type":"Feature","id":"Buildings.fid-4dd17ab5_1a025577777_-6113","geometry":{"type":"Polygon","coordinates":[[[147114.18,166987.8],[147113.73,166987.31],[147128.67,166971.92],[147130.76,166973.95],[147145.61,166958.66],[147151.72,166965.02],[147121.35,166996.28],[147114.18,166987.8]]]},"geometry_name":"GEOM","properties":{"INSPIRE_ID":"https://databrussels.be/id/building/1732248","BLOCK_ID":"https://databrussels.be/id/block/24634","AREA":444},"bbox":[147113.73,166958.66,147151.72,166996.28]},{"type":"Feature","id":"Buildings.fid-4dd17ab5_1a025577777_-6137","geometry":{"type":"Polygon","coordinates":[[[147302.18999962,166494.10999978],[147307.96,166491.61],[147312.53,166502.17],[147317.16,166512.88],[147321.85,166523.72],[147326.52,166534.53],[147331.11,166545.15],[147336.93,166558.61],[147331.24,166561.07],[147325.44999975,166547.85000001],[147302.18999962,166494.10999978]]]},"geometry_name":"GEOM","properties":{"INSPIRE_ID":"https://databrussels.be/id/building/1732252","BLOCK_ID":"https://databrussels.be/id/block/26424","AREA":458},"bbox":[147302.18999962,166491.61,147336.93,166561.07]},{"type":"Feature","id":"Buildings.fid-4dd17ab5_1a025577777_-613b","geometry":{"type":"Polygon","coordinates":[[[147289.26,166499.74],[147293.8,166510.41],[147298.4,166521.22],[147303.02,166532.1],[147307.58,166542.81],[147312.14,166553.54],[147317.98,166567.28],[147312.169,166569.747],[147306.31,166555.98],[147301.77,166545.3],[147292.58,166523.69],[147287.97,166512.85],[147283.45,166502.21],[147289.26,166499.74]]]},"geometry_name":"GEOM","properties":{"INSPIRE_ID":"https://databrussels.be/id/building/1732254","BLOCK_ID":"https://databrussels.be/id/block/26424","AREA":464},"bbox":[147283.45,166499.74,147317.98,166569.747]},{"type":"Feature","id":"Buildings.fid-4dd17ab5_1a025577777_-60a2","geometry":{"type":"Polygon","coordinates":[[[147082.5,166704.15],[147101.01,166691.21],[147120.3,166678],[147124.21,166683.7],[147126.04,166686.38],[147087.93,166712.48],[147082.5,166704.15]]]},"geometry_name":"GEOM","properties":{"INSPIRE_ID":"https://databrussels.be/id/building/1732255","BLOCK_ID":"https://databrussels.be/id/block/26987","AREA":466},"bbox":[147082.5,166678,147126.04,166712.48]},{"type":"Feature","id":"Buildings.fid-4dd17ab5_1a025577777_-60cc","geometry":{"type":"Polygon","coordinates":[[[147104.705,166835.336],[147105.022,166835.395],[147114.558,166850.299],[147131.077,166876.105],[147131.057,166876.241],[147122.803,166881.46],[147096.652,166840.648],[147104.705,166835.336]]]},"geometry_name":"GEOM","properties":{"INSPIRE_ID":"https://databrussels.be/id/building/1732259","BLOCK_ID":"https://databrussels.be/id/block/24634","AREA":479},"bbox":[147096.652,166835.336,147131.077,166881.46]},{"type":"Feature","id":"Buildings.fid-4dd17ab5_1a025577777_-6163","geometry":{"type":"Polygon","coordinates":[[[147234.438,166505.354],[147229.65,166503.03],[147232.36,166497.45],[147254.03,166507.95],[147251.32,166513.55],[147240.32,166508.3],[147234.438,166505.354]]]},"geometry_name":"GEOM","properties":{"INSPIRE_ID":"https://databrussels.be/id/building/1732458","BLOCK_ID":"https://databrussels.be/id/block/26424","AREA":150},"bbox":[147229.65,166497.45,147254.03,166513.55]},{"type":"Feature","id":"Buildings.fid-4dd17ab5_1a025577777_-60d0","geometry":{"type":"Polygon","coordinates":[[[147083.06,166813.429],[147085.17,166812.29],[147093.681,166807.714],[147096.823,166813.064],[147087.887,166817.911],[147087.87,166817.92],[147085.839,166819.038],[147083.06,166813.429]]]},"geometry_name":"GEOM","properties":{"INSPIRE_ID":"https://databrussels.be/id/building/1733572","BLOCK_ID":"https://databrussels.be/id/block/24634","AREA":76},"bbox":[147083.06,166807.714,147096.823,166819.038]},{"type":"Feature","id":"Buildings.fid-4dd17ab5_1a025577777_-60d7","geometry":{"type":"Polygon","coordinates":[[[147037.58,166808.16],[147047.8,166806.63],[147048,166806.6],[147050.88,166806.118],[147051.92,166805.97],[147051.94,166806.08],[147052.85,166812.4],[147052.94,166812.4],[147048.83,166813],[147038.44,166814.5],[147037.58,166808.16]]]},"geometry_name":"GEOM","properties":{"INSPIRE_ID":"https://databrussels.be/id/building/1733579","BLOCK_ID":"https://databrussels.be/id/block/24634","AREA":94},"bbox":[147037.58,166805.97,147052.94,166814.5]},{"type":"Feature","id":"Buildings.fid-4dd17ab5_1a025577777_-61ee","geometry":{"type":"Polygon","coordinates":[[[147264.26,166875.14],[147262.97,166863.84],[147268.96,166863.15],[147270.23,166874.17],[147264.26,166875.14]]]},"geometry_name":"GEOM","properties":{"INSPIRE_ID":"https://databrussels.be/id/building/1733586","BLOCK_ID":"https://databrussels.be/id/block/25819","AREA":68},"bbox":[147262.97,166863.15,147270.23,166875.14]},{"type":"Feature","id":"Buildings.fid-4dd17ab5_1a025577777_-6151","geometry":{"type":"Polygon","coordinates":[[[147377.517,166777.679],[147377.98,166776.673],[147378.768,166776.243],[147379.816,166775.943],[147381.295,166775.81],[147381.415,166776.552],[147384.962,166776.221],[147386.14400198,166788.23000245],[147379.216,166788.938],[147378.346,166781.468],[147377.698,166781.428],[147377.48,166779.476],[147377.517,166777.679]]]},"geometry_name":"GEOM","properties":{"INSPIRE_ID":"https://databrussels.be/id/building/1733596","BLOCK_ID":"https://databrussels.be/id/block/26366","AREA":90},"bbox":[147377.48,166775.81,147386.14400198,166788.938]},{"type":"Feature","id":"Buildings.fid-4dd17ab5_1a025577777_-61f1","geometry":{"type":"Polygon","coordinates":[[[147259.32,166836.04],[147257.82,166822.08],[147264.21,166821.39],[147265.71,166835.35],[147259.32,166836.04]]]},"geometry_name":"GEOM","properties":{"INSPIRE_ID":"https://databrussels.be/id/building/1733600","BLOCK_ID":"https://databrussels.be/id/block/25819","AREA":90},"bbox":[147257.82,166821.39,147265.71,166836.04]},{"type":"Feature","id":"Buildings.fid-4dd17ab5_1a025577777_-60ce","geometry":{"type":"Polygon","coordinates":[[[147091.61,166826.41],[147092.66,166825.74],[147101.327,166820.733],[147105.465,166827.777],[147097.065,166832.489],[147096.78,166831.93],[147096.48,166832.09],[147095.29,166832.77],[147091.61,166826.41]]]},"geometry_name":"GEOM","properties":{"INSPIRE_ID":"https://databrussels.be/id/building/1733601","BLOCK_ID":"https://databrussels.be/id/block/24634","AREA":90},"bbox":[147091.61,166820.733,147105.465,166832.77]},{"type":"Feature","id":"Buildings.fid-4dd17ab5_1a025577777_-60f4","geometry":{"type":"Polygon","coordinates":[[[147028.07,166742.84],[147034.23,166741.949],[147034.29,166741.94],[147036.56,166741.62],[147038.52,166741.33],[147038.53,166741.4],[147039.33,166746.889],[147037.3,166747.2],[147028.9,166748.5],[147028.11,166743.08],[147028.08,166742.88],[147028.07,166742.84]]]},"geometry_name":"GEOM","properties":{"INSPIRE_ID":"https://databrussels.be/id/building/1734769","BLOCK_ID":"https://databrussels.be/id/block/24634","AREA":60},"bbox":[147028.07,166741.33,147039.33,166748.5]},{"type":"Feature","id":"Buildings.fid-4dd17ab5_1a025577777_-6178","geometry":{"type":"Polygon","coordinates":[[[147398.209,166578.125],[147397.3096,166578.522],[147396.7468,166578.7703],[147394.099,166579.939],[147394.059,166579.957],[147389.91,166581.79],[147389.738,166581.866],[147389.623,166581.9175],[147388.97,166582.21],[147389.03,166582.34],[147387.17,166583.14],[147386.2146,166583.5509],[147383.7726,166577.8732],[147386.57,166576.67],[147387.2271,166576.3947],[147394.221,166573.464],[147394.4104,166573.3847],[147394.9778,166573.147],[147395.379,166572.979],[147395.885,166572.768],[147396.1029,166573.2704],[147397.2716,166575.9642],[147398.209,166578.125]]]},"geometry_name":"GEOM","properties":{"INSPIRE_ID":"https://databrussels.be/id/building/1734771","BLOCK_ID":"https://databrussels.be/id/block/26424","AREA":79},"bbox":[147383.7726,166572.768,147398.209,166583.5509]},{"type":"Feature","id":"Buildings.fid-4dd17ab5_1a025577777_-613a","geometry":{"type":"Polygon","coordinates":[[[147291.436,166705.837],[147294.781,166703.649],[147295.412,166704.668],[147297.985,166702.94],[147304.52,166712.69],[147301.81,166714.56],[147302.65,166715.77],[147299.748,166717.772],[147297.718,166714.851],[147291.436,166705.837]]]},"geometry_name":"GEOM","properties":{"INSPIRE_ID":"https://databrussels.be/id/building/1734862","BLOCK_ID":"https://databrussels.be/id/block/24563","AREA":92},"bbox":[147291.436,166702.94,147304.52,166717.772]},{"type":"Feature","id":"Buildings.fid-4dd17ab5_1a025577777_-622a","geometry":{"type":"Polygon","coordinates":[[[147384.93,166842.08],[147385.1,166839.16],[147387.5,166839.1],[147387.58,166842.23],[147384.93,166842.08]]]},"geometry_name":"GEOM","properties":{"INSPIRE_ID":"https://databrussels.be/id/building/1736037","BLOCK_ID":"https://databrussels.be/id/block/26366","AREA":8},"bbox":[147384.93,166839.1,147387.58,166842.23]},{"type":"Feature","id":"Buildings.fid-4dd17ab5_1a025577777_-6156","geometry":{"type":"Polygon","coordinates":[[[147276.823,166755.341],[147277.73,166744.42],[147277.78,166744.42],[147277.85,166743.53],[147277.91,166743.53],[147286.37,166744.23],[147285.93,166747.85],[147286.079,166747.85],[147285.547,166756.049],[147276.823,166755.341]]]},"geometry_name":"GEOM","properties":{"INSPIRE_ID":"https://databrussels.be/id/building/1736204","BLOCK_ID":"https://databrussels.be/id/block/24563","AREA":102},"bbox":[147276.823,166743.53,147286.37,166756.049]},{"type":"Feature","id":"Buildings.fid-4dd17ab5_1a025577777_-615b","geometry":{"type":"Polygon","coordinates":[[[147248.084,166736.896],[147254.277,166745.414],[147252.41,166746.632],[147252.247,166746.794],[147251.007,166750.413],[147241.877,166747.562],[147242.786,166743.536],[147241.239,166743.187],[147241.897,166741.205],[147248.063,166736.909],[147248.084,166736.896]]]},"geometry_name":"GEOM","properties":{"INSPIRE_ID":"https://databrussels.be/id/building/1736206","BLOCK_ID":"https://databrussels.be/id/block/24563","AREA":103},"bbox":[147241.239,166736.896,147254.277,166750.413]},{"type":"Feature","id":"Buildings.fid-4dd17ab5_1a025577777_-6155","geometry":{"type":"Polygon","coordinates":[[[147267.372,166754.574],[147268.019,166746.907],[147273.42,166744.29],[147274.52,166744.09],[147275.8,166744.22],[147277.73,166744.42],[147276.823,166755.341],[147267.372,166754.574]]]},"geometry_name":"GEOM","properties":{"INSPIRE_ID":"https://databrussels.be/id/building/1736268","BLOCK_ID":"https://databrussels.be/id/block/24563","AREA":95},"bbox":[147267.372,166744.09,147277.73,166755.341]},{"type":"Feature","id":"Buildings.fid-4dd17ab5_1a025577777_-6206","geometry":{"type":"Polygon","coordinates":[[[147277.63,166969.57],[147286.34,166963.77],[147294.55,166958.31],[147302.64,166970.47],[147286,166981.27],[147277.63,166969.57]]]},"geometry_name":"GEOM","properties":{"INSPIRE_ID":"https://databrussels.be/id/building/1736295","BLOCK_ID":"https://databrussels.be/id/block/25819","AREA":291},"bbox":[147277.63,166958.31,147302.64,166981.27]},{"type":"Feature","id":"Buildings.fid-4dd17ab5_1a025577777_-61e8","geometry":{"type":"Polygon","coordinates":[[[147273.32,166911.43],[147278.72,166909.12],[147283.93,166920.55],[147278.32,166923.11],[147273.32,166911.43]]]},"geometry_name":"GEOM","properties":{"INSPIRE_ID":"https://databrussels.be/id/building/1736457","BLOCK_ID":"https://databrussels.be/id/block/25819","AREA":76},"bbox":[147273.32,166909.12,147283.93,166923.11]},{"type":"Feature","id":"Buildings.fid-4dd17ab5_1a025577777_-61ef","geometry":{"type":"Polygon","coordinates":[[[147261.46,166849.95],[147267.47,166849.37],[147268.86,166862.24],[147263.52,166862.82],[147262.8,166856.12],[147262.25,166856.15],[147261.59,166855.11],[147261.03,166850],[147261.46,166849.95]]]},"geometry_name":"GEOM","properties":{"INSPIRE_ID":"https://databrussels.be/id/building/1736459","BLOCK_ID":"https://databrussels.be/id/block/25819","AREA":76},"bbox":[147261.03,166849.37,147268.86,166862.82]},{"type":"Feature","id":"Buildings.fid-4dd17ab5_1a025577777_-61c6","geometry":{"type":"Polygon","coordinates":[[[147414.97,166643.99],[147411.54,166635.98],[147421.72,166631.74],[147423.34,166635.61],[147424.27,166636.06],[147425.36,166638.51],[147425.14,166639.89],[147425.12,166640.05],[147425.13,166640.07],[147414.97,166643.99]]]},"geometry_name":"GEOM","properties":{"INSPIRE_ID":"https://databrussels.be/id/building/1736466","BLOCK_ID":"https://databrussels.be/id/block/26424","AREA":100},"bbox":[147411.54,166631.74,147425.36,166643.99]},{"type":"Feature","id":"Buildings.fid-4dd17ab5_1a025577777_-61ea","geometry":{"type":"Polygon","coordinates":[[[147273.32,166911.43],[147268.6,166900.21],[147274.16,166898.27],[147278.72,166909.12],[147273.32,166911.43]]]},"geometry_name":"GEOM","properties":{"INSPIRE_ID":"https://databrussels.be/id/building/1736490","BLOCK_ID":"https://databrussels.be/id/block/25819","AREA":70},"bbox":[147268.6,166898.27,147278.72,166911.43]},{"type":"Feature","id":"Buildings.fid-4dd17ab5_1a025577777_-61d4","geometry":{"type":"Polygon","coordinates":[[[147470.99,166572.23],[147471.58,166571],[147474.44,166572.37],[147473.35,166574.64],[147470.99,166572.23]]]},"geometry_name":"GEOM","properties":{"INSPIRE_ID":"https://databrussels.be/id/building/1737452","BLOCK_ID":"https://databrussels.be/id/block/31122","AREA":6},"bbox":[147470.99,166571,147474.44,166574.64]},{"type":"Feature","id":"Buildings.fid-4dd17ab5_1a025577777_-619b","geometry":{"type":"Polygon","coordinates":[[[147443.544,166794.094],[147444.072,166779.712],[147446.214,166778.428],[147460.257,166781.893],[147458.587,166788.713],[147458.212,166791.267],[147457.928,166795.297],[147453.103,166795.125],[147453.143,166794.435],[147443.544,166794.094]]]},"geometry_name":"GEOM","properties":{"INSPIRE_ID":"https://databrussels.be/id/building/1737523","BLOCK_ID":"https://databrussels.be/id/block/30722","AREA":222},"bbox":[147443.544,166778.428,147460.257,166795.297]},{"type":"Feature","id":"Buildings.fid-4dd17ab5_1a025577777_-621d","geometry":{"type":"Polygon","coordinates":[[[147363.804,166890.009],[147373.8,166886.66],[147375.36000024,166886.14000005],[147377.25,166885.5],[147378.08,166887.98],[147377.33,166888.23],[147378.87,166892.81],[147377.82,166893.2],[147377.75,166893.22],[147366.441,166897.38],[147363.804,166890.009]]]},"geometry_name":"GEOM","properties":{"INSPIRE_ID":"https://databrussels.be/id/building/1737530","BLOCK_ID":"https://databrussels.be/id/block/26366","AREA":104},"bbox":[147363.804,166885.5,147378.87,166897.38]},{"type":"Feature","id":"Buildings.fid-4dd17ab5_1a025577777_-6216","geometry":{"type":"Polygon","coordinates":[[[147368.97,166904.45],[147380.21,166900.28],[147382.21,166899.54],[147384.78,166906.49],[147371.41,166911.27],[147368.97,166904.45]]]},"geometry_name":"GEOM","properties":{"INSPIRE_ID":"https://databrussels.be/id/building/1737531","BLOCK_ID":"https://databrussels.be/id/block/26366","AREA":104},"bbox":[147368.97,166899.54,147384.78,166911.27]},{"type":"Feature","id":"Buildings.fid-4dd17ab5_1a025577777_-60d6","geometry":{"type":"Polygon","coordinates":[[[147038.44,166814.5],[147048.83,166813],[147052.94,166812.4],[147053.48,166812.36],[147053.49,166812.43],[147053.91,166815.36],[147053.42,166816.08],[147052.74,166816.18],[147053.21,166819.44],[147053.09,166819.46],[147051.76,166819.65],[147051.78,166819.78],[147039.4,166821.57],[147038.45,166814.6],[147038.44,166814.5]]]},"geometry_name":"GEOM","properties":{"INSPIRE_ID":"https://databrussels.be/id/building/1737532","BLOCK_ID":"https://databrussels.be/id/block/24634","AREA":104},"bbox":[147038.44,166812.36,147053.91,166821.57]},{"type":"Feature","id":"Buildings.fid-4dd17ab5_1a025577777_-6148","geometry":{"type":"Polygon","coordinates":[[[147227.38,166796.82],[147239.04,166795.66],[147239.33,166798.59],[147241.7,166798.36],[147242.03,166801.6],[147244.66,166801.28],[147245.41,166807.45],[147244.11,166807.58],[147244.791,166814.452],[147229.6799996,166815.93999989],[147228.73,166808.43],[147227.96,166808.55],[147226.63,166796.9],[147227.38,166796.82]]]},"geometry_name":"GEOM","properties":{"INSPIRE_ID":"https://databrussels.be/id/building/1737611","BLOCK_ID":"https://databrussels.be/id/block/25819","AREA":297},"bbox":[147226.63,166795.66,147245.41,166815.93999989]},{"type":"Feature","id":"Buildings.fid-4dd17ab5_1a025577777_-6209","geometry":{"type":"Polygon","coordinates":[[[147303.23,166953.02],[147311.6,166947.07],[147322.58,166962.52],[147324.59,166966.17],[147330.85,166977.54],[147323.6,166984.45],[147320.67,166987.24],[147307.36,166972.31],[147297.34,166957.21],[147303.23,166953.02]]]},"geometry_name":"GEOM","properties":{"INSPIRE_ID":"https://databrussels.be/id/building/1737657","BLOCK_ID":"https://databrussels.be/id/block/25819","AREA":625},"bbox":[147297.34,166947.07,147330.85,166987.24]},{"type":"Feature","id":"Buildings.fid-4dd17ab5_1a025577777_-618b","geometry":{"type":"Polygon","coordinates":[[[147347.969,166640.053],[147352.8,166623.92],[147358.42,166612.31],[147368.32,166608.18],[147364.87,166600.33],[147370.548,166596.914],[147370.78,166597.44],[147373.26,166602.97],[147375.67,166608.36],[147378.31,166614.26],[147380.69000032,166619.58000032],[147382.9910001,166625.02999999],[147386.19,166632.88],[147382.24,166634.57],[147380.14,166630.13],[147379,166632.6],[147376.78,166635.61],[147376.01,166637.41],[147364.63,166630.77],[147352.731,166642.867],[147347.969,166640.053]]]},"geometry_name":"GEOM","properties":{"INSPIRE_ID":"https://databrussels.be/id/building/1737659","BLOCK_ID":"https://databrussels.be/id/block/26424","AREA":801},"bbox":[147347.969,166596.914,147386.19,166642.867]},{"type":"Feature","id":"Buildings.fid-4dd17ab5_1a025577777_-620a","geometry":{"type":"Polygon","coordinates":[[[147346.64,166948.65],[147357.81,166940.76],[147367.01,166953.13],[147367.02,166953.15],[147356.58,166961.69],[147353.42,166957.22],[147352.4,166957.94],[147350.95,166955.89],[147350.29,166955.81],[147349.04,166954.04],[147349.09,166953.56],[147347.51,166951.32],[147348.3,166950.67],[147346.64,166948.65]]]},"geometry_name":"GEOM","properties":{"INSPIRE_ID":"https://databrussels.be/id/building/1738869","BLOCK_ID":"https://databrussels.be/id/block/25819","AREA":225},"bbox":[147346.64,166940.76,147367.02,166961.69]},{"type":"Feature","id":"Buildings.fid-4dd17ab5_1a025577777_-60af","geometry":{"type":"Polygon","coordinates":[[[147025.23,166940.01],[147028.35,166936.33],[147027.53,166936.44],[147027.49000003,166936.14000021],[147036.497,166934.911],[147036.935,166937.808],[147031.117,166944.902],[147025.23,166940.01]]]},"geometry_name":"GEOM","properties":{"INSPIRE_ID":"https://databrussels.be/id/building/1738915","BLOCK_ID":"https://databrussels.be/id/block/23952","AREA":67},"bbox":[147025.23,166934.911,147036.935,166944.902]},{"type":"Feature","id":"Buildings.fid-4dd17ab5_1a025577777_-61f0","geometry":{"type":"Polygon","coordinates":[[[147261.46,166849.95],[147260.05,166836.85],[147266.07,166836.43],[147267.47,166849.37],[147261.46,166849.95]]]},"geometry_name":"GEOM","properties":{"INSPIRE_ID":"https://databrussels.be/id/building/1738918","BLOCK_ID":"https://databrussels.be/id/block/25819","AREA":79},"bbox":[147260.05,166836.43,147267.47,166849.95]},{"type":"Feature","id":"Buildings.fid-4dd17ab5_1a025577777_-622b","geometry":{"type":"Polygon","coordinates":[[[147312.90000041,166845.7500004],[147313.14,166839.013],[147325.29,166839.3],[147325.11,166845.956],[147312.90000041,166845.7500004]]]},"geometry_name":"GEOM","properties":{"INSPIRE_ID":"https://databrussels.be/id/building/1738956","BLOCK_ID":"https://databrussels.be/id/block/25819","AREA":82},"bbox":[147312.90000041,166839.013,147325.29,166845.956]},{"type":"Feature","id":"Buildings.fid-4dd17ab5_1a025577777_-6204","geometry":{"type":"Polygon","coordinates":[[[147371.72,166975.7],[147379.885,166969.027],[147384.045,166973.987],[147375.92,166980.61],[147375.05,166981.32],[147373.15,166979.02],[147373.93,166978.38],[147371.72,166975.7]]]},"geometry_name":"GEOM","properties":{"INSPIRE_ID":"https://databrussels.be/id/building/1739214","BLOCK_ID":"https://databrussels.be/id/block/25819","AREA":71},"bbox":[147371.72,166969.027,147384.045,166981.32]},{"type":"Feature","id":"Buildings.fid-4dd17ab5_1a025577777_-6170","geometry":{"type":"Polygon","coordinates":[[[147393.633,166594.326],[147399.47,166591.93],[147403.489,166590.293],[147405.846,166595.725],[147396.23999981,166599.91000011],[147394.58,166600.48],[147393.68,166598.34],[147393.66,166597.77],[147394.89,166597.24],[147393.633,166594.326]]]},"geometry_name":"GEOM","properties":{"INSPIRE_ID":"https://databrussels.be/id/building/1739225","BLOCK_ID":"https://databrussels.be/id/block/26424","AREA":69},"bbox":[147393.633,166590.293,147405.846,166600.48]},{"type":"Feature","id":"Buildings.fid-4dd17ab5_1a025577777_-61d7","geometry":{"type":"Polygon","coordinates":[[[147464.99,166566.04],[147461.08,166562.09],[147462.35,166559.38],[147467.071,166561.578],[147466.23,166563.37],[147464.99,166566.04]]]},"geometry_name":"GEOM","properties":{"INSPIRE_ID":"https://databrussels.be/id/building/1740127","BLOCK_ID":"https://databrussels.be/id/block/31122","AREA":21},"bbox":[147461.08,166559.38,147467.071,166566.04]},{"type":"Feature","id":"Buildings.fid-4dd17ab5_1a025577777_-617b","geometry":{"type":"Polygon","coordinates":[[[147395.885,166572.76884244],[147395.379,166572.97984244],[147395.23910001,166573.03844244],[147394.9778,166573.14784244],[147394.41040001,166573.38554244],[147394.3771,166573.39944244],[147394.221,166573.46484245],[147387.2271,166576.39554244],[147386.603,166576.65704244],[147386.57,166576.67084244],[147383.77260001,166577.87404244],[147381.4101,166572.42974244],[147381.89,166572.22084244],[147383.951,166571.32384244],[147384.21,166571.21184244],[147384.2353,166571.20084244],[147384.679,166571.00884245],[147391.77000001,166567.94084245],[147391.97070001,166567.85414245],[147392.8286,166567.48344244],[147393.471,166567.20584244],[147393.6827,166567.69374244],[147394.878,166570.44824244],[147395.885,166572.76884244]]]},"geometry_name":"GEOM","properties":{"INSPIRE_ID":"https://databrussels.be/id/building/1740177","BLOCK_ID":"https://databrussels.be/id/block/26424","AREA":79},"bbox":[147381.4101,166567.20584244,147395.885,166577.87404244]},{"type":"Feature","id":"Buildings.fid-4dd17ab5_1a025577777_-6175","geometry":{"type":"Polygon","coordinates":[[[147388.97,166582.21],[147389.91,166581.79],[147398.209,166578.125],[147401.033,166584.633],[147392.67,166588.15],[147391.39,166588.69],[147390.37,166586.33],[147388.8,166586.92],[147387.17,166583.14],[147389.03,166582.34],[147388.97,166582.21]]]},"geometry_name":"GEOM","properties":{"INSPIRE_ID":"https://databrussels.be/id/building/1740289","BLOCK_ID":"https://databrussels.be/id/block/26424","AREA":80},"bbox":[147387.17,166578.125,147401.033,166588.69]},{"type":"Feature","id":"Buildings.fid-4dd17ab5_1a025577777_-6149","geometry":{"type":"Polygon","coordinates":[[[147283.313,166792.83],[147284.707,166792.7],[147284.139,166786.626],[147291.319,166785.859],[147292.87,166800.41],[147292.75,166800.43],[147284.45,166801.21],[147284.1,166801.254],[147283.313,166792.83]]]},"geometry_name":"GEOM","properties":{"INSPIRE_ID":"https://databrussels.be/id/building/1740325","BLOCK_ID":"https://databrussels.be/id/block/25819","AREA":119},"bbox":[147283.313,166785.859,147292.87,166801.254]},{"type":"Feature","id":"Buildings.fid-4dd17ab5_1a025577777_-611e","geometry":{"type":"Polygon","coordinates":[[[147102.37,166973.17],[147102.07,166972.78],[147101.77,166972.38],[147101.48,166971.98],[147100.97,166971.26],[147100.49,166970.53],[147100.04,166969.77],[147099.58,166968.89],[147099.18,166967.98],[147098.82,166967.05],[147098.54,166966.22],[147098.29,166965.38],[147098.08,166964.53],[147097.89,166963.65],[147097.73,166962.76],[147097.58,166961.88],[147091.33,166920.82],[147093.52,166920.49],[147095.64,166934.46],[147099.35,166958.83],[147099.53,166959.91],[147099.71,166960.98],[147099.89,166962.05],[147100.02,166962.89],[147100.15,166963.73],[147100.33,166964.56],[147100.53,166965.21],[147100.77,166965.85],[147101.03,166966.49],[147101.4,166967.35],[147101.81,166968.18],[147102.25,166969],[147102.86,166969.97],[147103.53,166970.9],[147104.2,166971.83],[147102.37,166973.17]]]},"geometry_name":"GEOM","properties":{"INSPIRE_ID":"https://databrussels.be/id/building/1740326","BLOCK_ID":"https://databrussels.be/id/block/24634","AREA":119},"bbox":[147091.33,166920.49,147104.2,166973.17]},{"type":"Feature","id":"Buildings.fid-4dd17ab5_1a025577777_-60f5","geometry":{"type":"Polygon","coordinates":[[[147026.21999975,166731.9799997],[147032.631,166730.905],[147034.23,166741.949],[147028.07,166742.84],[147028.05,166742.66],[147027.6,166740.06],[147027.14,166737.36],[147026.69,166734.71],[147026.21999975,166731.9799997]]]},"geometry_name":"GEOM","properties":{"INSPIRE_ID":"https://databrussels.be/id/building/1740595","BLOCK_ID":"https://databrussels.be/id/block/24634","AREA":70},"bbox":[147026.21999975,166730.905,147034.23,166742.84]},{"type":"Feature","id":"Buildings.fid-4dd17ab5_1a025577777_-615a","geometry":{"type":"Polygon","coordinates":[[[147338,166739.92],[147337.88,166738.65],[147338.02,166738.64],[147345.17,166737.96],[147346.28,166749.48],[147339.08,166750.07],[147338,166739.92]]]},"geometry_name":"GEOM","properties":{"INSPIRE_ID":"https://databrussels.be/id/building/1740608","BLOCK_ID":"https://databrussels.be/id/block/24563","AREA":84},"bbox":[147337.88,166737.96,147346.28,166750.07]},{"type":"Feature","id":"Buildings.fid-4dd17ab5_1a025577777_-617a","geometry":{"type":"Polygon","coordinates":[[[147384.72,166712.89],[147382.84,166711.01],[147388.739,166705.015],[147388.829,166705.095],[147392.661,166709.276],[147386.539,166714.869],[147385.19,166716.07],[147383.36,166714.25],[147384.72,166712.89]]]},"geometry_name":"GEOM","properties":{"INSPIRE_ID":"https://databrussels.be/id/building/1741443","BLOCK_ID":"https://databrussels.be/id/block/24563","AREA":51},"bbox":[147382.84,166705.015,147392.661,166716.07]},{"type":"Feature","id":"Buildings.fid-4dd17ab5_1a025577777_-61c1","geometry":{"type":"Polygon","coordinates":[[[147403.81799943,166505.09200008],[147406.242,166500.119],[147407.842,166496.836],[147411.481,166498.498],[147408.17999971,166505.27000012],[147405.41,166504.27],[147403.81799943,166505.09200008]]]},"geometry_name":"GEOM","properties":{"INSPIRE_ID":"https://databrussels.be/id/building/1741482","BLOCK_ID":"https://databrussels.be/id/block/31122","AREA":31},"bbox":[147403.81799943,166496.836,147411.481,166505.27000012]},{"type":"Feature","id":"Buildings.fid-4dd17ab5_1a025577777_-6105","geometry":{"type":"Polygon","coordinates":[[[147036.39,166984.52],[147043.67,166983],[147044.4,166987.86],[147037.15,166989.07],[147036.39,166984.52]]]},"geometry_name":"GEOM","properties":{"INSPIRE_ID":"https://databrussels.be/id/building/1741620","BLOCK_ID":"https://databrussels.be/id/block/25150","AREA":35},"bbox":[147036.39,166983,147044.4,166989.07]},{"type":"Feature","id":"Buildings.fid-4dd17ab5_1a025577777_-61e3","geometry":{"type":"Polygon","coordinates":[[[147278.73,166872.31],[147284.99000018,166871.22000058],[147285.99000013,166880.65000012],[147279.81,166881.47],[147278.73,166872.31]]]},"geometry_name":"GEOM","properties":{"INSPIRE_ID":"https://databrussels.be/id/building/1741633","BLOCK_ID":"https://databrussels.be/id/block/25819","AREA":59},"bbox":[147278.73,166871.22000058,147285.99000013,166881.47]},{"type":"Feature","id":"Buildings.fid-4dd17ab5_1a025577777_-6254","geometry":{"type":"Polygon","coordinates":[[[147415.45,166901.13],[147411,166904.5],[147406.18,166893.67],[147395.16,166868.9],[147384.68,166845.35],[147391,166845.19],[147394.66,166853.56],[147401.13,166868.36],[147406.56,166880.8],[147409.87,166888.37],[147413.54,166896.76],[147415.45,166901.13]]]},"geometry_name":"GEOM","properties":{"INSPIRE_ID":"https://databrussels.be/id/building/1741792","BLOCK_ID":"https://databrussels.be/id/block/26366","AREA":355},"bbox":[147384.68,166845.19,147415.45,166904.5]},{"type":"Feature","id":"Buildings.fid-4dd17ab5_1a025577777_-6207","geometry":{"type":"Polygon","coordinates":[[[147330.39,166969.66],[147347.78,166956.47],[147351.56,166961.46],[147346.24,166965.49],[147334.17,166974.64],[147330.39,166969.66]]]},"geometry_name":"GEOM","properties":{"INSPIRE_ID":"https://databrussels.be/id/building/1741929","BLOCK_ID":"https://databrussels.be/id/block/25819","AREA":137},"bbox":[147330.39,166956.47,147351.56,166974.64]},{"type":"Feature","id":"Buildings.fid-4dd17ab5_1a025577777_-60d5","geometry":{"type":"Polygon","coordinates":[[[147042.757,166828.252],[147041.82,166828.4],[147041.77,166828.41],[147041.74,166828.25],[147041.75,166828.23],[147040.34,166828.48],[147039.4,166821.57],[147051.78,166819.78],[147052.78,166826.69],[147052.72,166826.69],[147051.9,166826.812],[147042.757,166828.252]]]},"geometry_name":"GEOM","properties":{"INSPIRE_ID":"https://databrussels.be/id/building/1741981","BLOCK_ID":"https://databrussels.be/id/block/24634","AREA":88},"bbox":[147039.4,166819.78,147052.78,166828.48]},{"type":"Feature","id":"Buildings.fid-4dd17ab5_1a025577777_-61fe","geometry":{"type":"Polygon","coordinates":[[[147195.78,166897.31],[147198.4,166895.79],[147199.97,166898.3],[147197.38,166899.87],[147195.78,166897.31]]]},"geometry_name":"GEOM","properties":{"INSPIRE_ID":"https://databrussels.be/id/building/1742832","BLOCK_ID":"https://databrussels.be/id/block/26987","AREA":9},"bbox":[147195.78,166895.79,147199.97,166899.87]},{"type":"Feature","id":"Buildings.fid-4dd17ab5_1a025577777_-610b","geometry":{"type":"Polygon","coordinates":[[[147024.884,166976.356],[147028.569,166971.896],[147034.58,166977.04],[147031.03,166981.46],[147024.884,166976.356]]]},"geometry_name":"GEOM","properties":{"INSPIRE_ID":"https://databrussels.be/id/building/1742842","BLOCK_ID":"https://databrussels.be/id/block/25150","AREA":46},"bbox":[147024.884,166971.896,147034.58,166981.46]},{"type":"Feature","id":"Buildings.fid-4dd17ab5_1a025577777_-60e7","geometry":{"type":"Polygon","coordinates":[[[147125.39,166769.45],[147127.87,166767.6],[147131.56,166772.55],[147131.42,166772.66],[147129.1,166774.38],[147128.23,166773.21],[147125.39,166769.45]]]},"geometry_name":"GEOM","properties":{"INSPIRE_ID":"https://databrussels.be/id/building/1742867","BLOCK_ID":"https://databrussels.be/id/block/26987","AREA":19},"bbox":[147125.39,166767.6,147131.56,166774.38]},{"type":"Feature","id":"Buildings.fid-4dd17ab5_1a025577777_-6146","geometry":{"type":"Polygon","coordinates":[[[147200.918884,166810.17026],[147200.232875,166804.007184],[147202.966,166803.703],[147203.652,166809.866],[147200.918884,166810.17026]]]},"geometry_name":"GEOM","properties":{"INSPIRE_ID":"https://databrussels.be/id/building/1742900","BLOCK_ID":"https://databrussels.be/id/block/26987","AREA":17},"bbox":[147200.232875,166803.703,147203.652,166810.17026]},{"type":"Feature","id":"Buildings.fid-4dd17ab5_1a025577777_-60a8","geometry":{"type":"Polygon","coordinates":[[[147016.1,166497.21],[147017.81,166496.79],[147017.9,166510.62],[147016.19,166510.63],[147016.1,166497.21]]]},"geometry_name":"GEOM","properties":{"INSPIRE_ID":"https://databrussels.be/id/building/1742909","BLOCK_ID":"https://databrussels.be/id/block/26987","AREA":23},"bbox":[147016.1,166496.79,147017.9,166510.63]},{"type":"Feature","id":"Buildings.fid-4dd17ab5_1a025577777_-617d","geometry":{"type":"Polygon","coordinates":[[[147380.69000032,166619.58000032],[147384.43,166618.06],[147384.45,166618.09],[147386.79000019,166623.32999975],[147382.9910001,166625.02999999],[147380.69000032,166619.58000032]]]},"geometry_name":"GEOM","properties":{"INSPIRE_ID":"https://databrussels.be/id/building/1742915","BLOCK_ID":"https://databrussels.be/id/block/26424","AREA":24},"bbox":[147380.69000032,166618.06,147386.79000019,166625.02999999]},{"type":"Feature","id":"Buildings.fid-4dd17ab5_1a025577777_-60a3","geometry":{"type":"Polygon","coordinates":[[[147079.24,166697.44],[147075.14,166692.06],[147078.08,166689.83],[147082.17,166695.21],[147079.24,166697.44]]]},"geometry_name":"GEOM","properties":{"INSPIRE_ID":"https://databrussels.be/id/building/1742920","BLOCK_ID":"https://databrussels.be/id/block/26987","AREA":25},"bbox":[147075.14,166689.83,147082.17,166697.44]},{"type":"Feature","id":"Buildings.fid-4dd17ab5_1a025577777_-6144","geometry":{"type":"Polygon","coordinates":[[[147153.65,166806.89],[147155.26,166806.25],[147155.92,166807.94],[147154.32,166808.57],[147153.65,166806.89]]]},"geometry_name":"GEOM","properties":{"INSPIRE_ID":"https://databrussels.be/id/building/1742962","BLOCK_ID":"https://databrussels.be/id/block/26987","AREA":3},"bbox":[147153.65,166806.25,147155.92,166808.57]},{"type":"Feature","id":"Buildings.fid-4dd17ab5_1a025577777_-61d2","geometry":{"type":"Polygon","coordinates":[[[147472.94,166580.1],[147475.1,166579.2],[147475.92,166581.15],[147473.76,166582.06],[147472.94,166580.1]]]},"geometry_name":"GEOM","properties":{"INSPIRE_ID":"https://databrussels.be/id/building/1743004","BLOCK_ID":"https://databrussels.be/id/block/31122","AREA":5},"bbox":[147472.94,166579.2,147475.92,166582.06]},{"type":"Feature","id":"Buildings.fid-4dd17ab5_1a025577777_-61d1","geometry":{"type":"Polygon","coordinates":[[[147479.79,166586.33],[147482.563,166584.918],[147483.32,166586.41],[147480.541,166587.821],[147479.79,166586.33]]]},"geometry_name":"GEOM","properties":{"INSPIRE_ID":"https://databrussels.be/id/building/1743009","BLOCK_ID":"https://databrussels.be/id/block/31122","AREA":5},"bbox":[147479.79,166584.918,147483.32,166587.821]},{"type":"Feature","id":"Buildings.fid-4dd17ab5_1a025577777_-61ca","geometry":{"type":"Polygon","coordinates":[[[147402.34,166616.9],[147405.65,166615.55],[147413.132,166612.515],[147418.377,166624.601],[147412.757,166627.071],[147412.737,166627.081],[147405.379,166630.315],[147400.05,166618],[147402.38,166616.99],[147402.34,166616.9]]]},"geometry_name":"GEOM","properties":{"INSPIRE_ID":"https://databrussels.be/id/building/1743013","BLOCK_ID":"https://databrussels.be/id/block/26424","AREA":190},"bbox":[147400.05,166612.515,147418.377,166630.315]},{"type":"Feature","id":"Buildings.fid-4dd17ab5_1a025577777_-61e1","geometry":{"type":"Polygon","coordinates":[[[147279.81,166881.47],[147285.99000013,166880.65000012],[147286.8300001,166888.6100003],[147288.32000054,166892.19000016],[147282.26000038,166894.42000032],[147280.98,166891.39],[147279.81,166881.47]]]},"geometry_name":"GEOM","properties":{"INSPIRE_ID":"https://databrussels.be/id/building/1743032","BLOCK_ID":"https://databrussels.be/id/block/25819","AREA":79},"bbox":[147279.81,166880.65000012,147288.32000054,166894.42000032]},{"type":"Feature","id":"Buildings.fid-4dd17ab5_1a025577777_-626e","geometry":{"type":"Polygon","coordinates":[[[147468.011,166880.49],[147480.97,166872.99],[147484.23,166878.51],[147471.218,166886.083],[147468.011,166880.49]]]},"geometry_name":"GEOM","properties":{"INSPIRE_ID":"https://databrussels.be/id/building/1743039","BLOCK_ID":"https://databrussels.be/id/block/30722","AREA":97},"bbox":[147468.011,166872.99,147484.23,166886.083]},{"type":"Feature","id":"Buildings.fid-4dd17ab5_1a025577777_-617f","geometry":{"type":"Polygon","coordinates":[[[147379.48,166714.37000001],[147374.1306123,166709.47022841],[147382.73900001,166699.38499999],[147388.73900001,166705.01500001],[147382.84000001,166711.00999999],[147379.48,166714.37000001]]]},"geometry_name":"GEOM","properties":{"INSPIRE_ID":"https://databrussels.be/id/building/1743042","BLOCK_ID":"https://databrussels.be/id/block/24563","AREA":102},"bbox":[147374.1306123,166699.38499999,147388.73900001,166714.37000001]},{"type":"Feature","id":"Buildings.fid-4dd17ab5_1a025577777_-6239","geometry":{"type":"Polygon","coordinates":[[[147467.55694058,166954.80096699],[147476.15011737,166949.5128688],[147469.289,166937.71],[147456.352,166945.128],[147458.41,166948.67],[147458.54,166948.6],[147463.56,166957.26],[147467.55694058,166954.80096699]]]},"geometry_name":"GEOM","properties":{"INSPIRE_ID":"https://databrussels.be/id/building/1743056","BLOCK_ID":"https://databrussels.be/id/block/26366","AREA":206},"bbox":[147456.352,166937.71,147476.15011737,166957.26]},{"type":"Feature","id":"Buildings.fid-4dd17ab5_1a025577777_-60c6","geometry":{"type":"Polygon","coordinates":[[[147059.986,166869.58],[147062.85,166889.03],[147088.37,166885.26],[147088.55,166885.23],[147088.72,166885.19],[147088.89,166885.18],[147088.98,166885.19],[147089.06,166885.21],[147089.15,166885.23],[147089.34,166885.32],[147089.51,166885.44],[147089.65,166885.59],[147089.75,166885.74],[147089.81,166885.9],[147089.88,166886.07],[147092.06,166900.63],[147090.93,166900.79],[147080.81,166902.31],[147080.24,166898.44],[147064.61,166900.78],[147067.46,166919.83],[147067.45,166919.94],[147067.45,166920.04],[147067.43,166920.15],[147067.39,166920.22],[147067.35,166920.29],[147067.29,166920.36],[147067.23,166920.42],[147067.15,166920.47],[147067.07,166920.52],[147056.683,166921.811],[147056.653,166921.508],[147053.639,166900.983],[147051.479,166886.673],[147049.271,166871.566],[147049.252,166871.416],[147049.24,166871.318],[147049.24,166871.256],[147049.25,166871.153],[147059.986,166869.58]]]},"geometry_name":"GEOM","properties":{"INSPIRE_ID":"https://databrussels.be/id/building/1743161","BLOCK_ID":"https://databrussels.be/id/block/24634","AREA":926},"bbox":[147049.24,166869.58,147092.06,166921.811]},{"type":"Feature","id":"Buildings.fid-4dd17ab5_1a025577777_-6127","geometry":{"type":"Polygon","coordinates":[[[147360.92,166553.54],[147355.55,166555.82],[147351.97,166547.37],[147357.33,166545.09],[147360.92,166553.54]]]},"geometry_name":"GEOM","properties":{"INSPIRE_ID":"https://databrussels.be/id/building/1744226","BLOCK_ID":"https://databrussels.be/id/block/26424","AREA":54},"bbox":[147351.97,166545.09,147360.92,166555.82]},{"type":"Feature","id":"Buildings.fid-4dd17ab5_1a025577777_-6109","geometry":{"type":"Polygon","coordinates":[[[147020.942,166981.126],[147024.884,166976.356],[147031.03,166981.46],[147029.6,166983.24],[147030.49,166983.95],[147027.98000031,166986.86999981],[147020.942,166981.126]]]},"geometry_name":"GEOM","properties":{"INSPIRE_ID":"https://databrussels.be/id/building/1744227","BLOCK_ID":"https://databrussels.be/id/block/25150","AREA":54},"bbox":[147020.942,166976.356,147031.03,166986.86999981]},{"type":"Feature","id":"Buildings.fid-4dd17ab5_1a025577777_-60f8","geometry":{"type":"Polygon","coordinates":[[[147003.38999962,166771.0999999],[147011.782,166769.828],[147012.618,166775.674],[147003.94,166776.79],[147003.82,166774.35],[147003.38999962,166771.0999999]]]},"geometry_name":"GEOM","properties":{"INSPIRE_ID":"https://databrussels.be/id/building/1744271","BLOCK_ID":"https://databrussels.be/id/block/25175","AREA":50},"bbox":[147003.38999962,166769.828,147012.618,166776.79]},{"type":"Feature","id":"Buildings.fid-4dd17ab5_1a025577777_-6217","geometry":{"type":"Polygon","coordinates":[[[147397.31,166907.41],[147394.61,166901.41],[147400.09,166898.58],[147402.58,166904.68],[147397.31,166907.41]]]},"geometry_name":"GEOM","properties":{"INSPIRE_ID":"https://databrussels.be/id/building/1744304","BLOCK_ID":"https://databrussels.be/id/block/26366","AREA":40},"bbox":[147394.61,166898.58,147402.58,166907.41]},{"type":"Feature","id":"Buildings.fid-4dd17ab5_1a025577777_-613f","geometry":{"type":"Polygon","coordinates":[[[147234.438,166505.354],[147240.32,166508.3],[147237.66,166513.8],[147234.97,166512.5],[147231.74,166510.93],[147234.438,166505.354]]]},"geometry_name":"GEOM","properties":{"INSPIRE_ID":"https://databrussels.be/id/building/1744310","BLOCK_ID":"https://databrussels.be/id/block/26424","AREA":40},"bbox":[147231.74,166505.354,147240.32,166513.8]},{"type":"Feature","id":"Buildings.fid-4dd17ab5_1a025577777_-615e","geometry":{"type":"Polygon","coordinates":[[[147393.963,166744.151],[147392.947,166735.319],[147399.785,166734.549],[147400.695,166743.451],[147393.963,166744.151]]]},"geometry_name":"GEOM","properties":{"INSPIRE_ID":"https://databrussels.be/id/building/1744319","BLOCK_ID":"https://databrussels.be/id/block/24563","AREA":61},"bbox":[147392.947,166734.549,147400.695,166744.151]},{"type":"Feature","id":"Buildings.fid-4dd17ab5_1a025577777_-6213","geometry":{"type":"Polygon","coordinates":[[[147291.76,166916.87],[147297.50999951,166914.3300006],[147301.36,166923.6],[147295.63,166926.02],[147291.76,166916.87]]]},"geometry_name":"GEOM","properties":{"INSPIRE_ID":"https://databrussels.be/id/building/1744370","BLOCK_ID":"https://databrussels.be/id/block/25819","AREA":62},"bbox":[147291.76,166914.3300006,147301.36,166926.02]},{"type":"Feature","id":"Buildings.fid-4dd17ab5_1a025577777_-6211","geometry":{"type":"Polygon","coordinates":[[[147381.29,166927.01],[147388.55,166921.59],[147390.12,166920.42],[147391.89,166922.73],[147390.3,166923.95],[147390.65,166924.41],[147392.2,166926.44],[147385.20999989,166932.23999989],[147381.29,166927.01]]]},"geometry_name":"GEOM","properties":{"INSPIRE_ID":"https://databrussels.be/id/building/1744379","BLOCK_ID":"https://databrussels.be/id/block/26366","AREA":63},"bbox":[147381.29,166920.42,147392.2,166932.23999989]},{"type":"Feature","id":"Buildings.fid-4dd17ab5_1a025577777_-61f2","geometry":{"type":"Polygon","coordinates":[[[147257.17,166933.05],[147272.23,166925.93],[147278.15,166937.8],[147272.47,166940.63],[147263.27,166945.59],[147263.21,166945.46],[147258.92,166936.9],[147257.17,166933.05]]]},"geometry_name":"GEOM","properties":{"INSPIRE_ID":"https://databrussels.be/id/building/1744386","BLOCK_ID":"https://databrussels.be/id/block/25819","AREA":227},"bbox":[147257.17,166925.93,147278.15,166945.59]},{"type":"Feature","id":"Buildings.fid-4dd17ab5_1a025577777_-61f3","geometry":{"type":"Polygon","coordinates":[[[147251.57,166920.28],[147265.9,166914.26],[147267.11,166913.75],[147272.23,166925.93],[147257.17,166933.05],[147254.8,166927.85],[147251.57,166920.28]]]},"geometry_name":"GEOM","properties":{"INSPIRE_ID":"https://databrussels.be/id/building/1744388","BLOCK_ID":"https://databrussels.be/id/block/25819","AREA":228},"bbox":[147251.57,166913.75,147272.23,166933.05]},{"type":"Feature","id":"Buildings.fid-4dd17ab5_1a025577777_-620e","geometry":{"type":"Polygon","coordinates":[[[147337.79,166934.37],[147349.58,166927.66],[147349.6,166927.69],[147357.8,166940.74],[147357.81,166940.76],[147346.64,166948.65],[147343.8,166943.95],[147342.88,166944.5],[147341.46,166942.17],[147340.77,166942.02],[147339.65,166940.18],[147339.76,166939.71],[147338.39,166937.46],[147339.31,166936.9],[147337.79,166934.37]]]},"geometry_name":"GEOM","properties":{"INSPIRE_ID":"https://databrussels.be/id/building/1744390","BLOCK_ID":"https://databrussels.be/id/block/25819","AREA":229},"bbox":[147337.79,166927.66,147357.81,166948.65]},{"type":"Feature","id":"Buildings.fid-4dd17ab5_1a025577777_-6212","geometry":{"type":"Polygon","coordinates":[[[147337.79,166934.37],[147336.48,166935.12],[147334.25,166930.75],[147333.27,166931.25],[147329.53,166923.9],[147330.32,166923.45],[147329.27,166921.39],[147333.75,166919.08],[147334.09,166919.74],[147343.07,166915.12],[147349.58,166927.66],[147337.79,166934.37]]]},"geometry_name":"GEOM","properties":{"INSPIRE_ID":"https://databrussels.be/id/building/1744391","BLOCK_ID":"https://databrussels.be/id/block/25819","AREA":230},"bbox":[147329.27,166915.12,147349.58,166935.12]},{"type":"Feature","id":"Buildings.fid-4dd17ab5_1a025577777_-6126","geometry":{"type":"Polygon","coordinates":[[[147357.65,166698.04],[147354.17,166696.52],[147359.712,166683.684],[147366.177,166686.777],[147366.259,166686.826],[147361.188,166695.519],[147359.47,166694.77],[147357.65,166698.04]]]},"geometry_name":"GEOM","properties":{"INSPIRE_ID":"https://databrussels.be/id/building/1744450","BLOCK_ID":"https://databrussels.be/id/block/24563","AREA":82},"bbox":[147354.17,166683.684,147366.259,166698.04]},{"type":"Feature","id":"Buildings.fid-4dd17ab5_1a025577777_-613e","geometry":{"type":"Polygon","coordinates":[[[147259.052,166729.335],[147264.859,166725.445],[147264.865,166725.441],[147270.71,166733.83],[147271.54,166735.02],[147271.48,166735.06],[147265.459,166738.917],[147259.052,166729.335]]]},"geometry_name":"GEOM","properties":{"INSPIRE_ID":"https://databrussels.be/id/building/1744454","BLOCK_ID":"https://databrussels.be/id/block/24563","AREA":82},"bbox":[147259.052,166725.441,147271.54,166738.917]},{"type":"Feature","id":"Buildings.fid-4dd17ab5_1a025577777_-6219","geometry":{"type":"Polygon","coordinates":[[[147366.441,166897.38],[147377.75,166893.22],[147377.82,166893.2],[147378.87,166892.81],[147380.3,166897.43],[147381.44,166897.08],[147382.21,166899.54],[147380.21,166900.28],[147368.97,166904.45],[147366.441,166897.38]]]},"geometry_name":"GEOM","properties":{"INSPIRE_ID":"https://databrussels.be/id/building/1744455","BLOCK_ID":"https://databrussels.be/id/block/26366","AREA":101},"bbox":[147366.441,166892.81,147382.21,166904.45]},{"type":"Feature","id":"Buildings.fid-4dd17ab5_1a025577777_-6153","geometry":{"type":"Polygon","coordinates":[[[147227.38,166796.82],[147226.34,166787.15],[147225.670531,166787.071357],[147224.972159,166781.236327],[147231.83,166775.5],[147237.34754,166777.434129],[147236.99,166778.44],[147246.51,166781.57],[147243.3,166792.25],[147242.8,166792.1],[147238.98,166795.05],[147239.04,166795.64],[147239.04,166795.66],[147227.38,166796.82]]]},"geometry_name":"GEOM","properties":{"INSPIRE_ID":"https://databrussels.be/id/building/1744498","BLOCK_ID":"https://databrussels.be/id/block/25819","AREA":319},"bbox":[147224.972159,166775.5,147246.51,166796.82]},{"type":"Feature","id":"Buildings.fid-4dd17ab5_1a025577777_-6139","geometry":{"type":"Polygon","coordinates":[[[147302.18999962,166494.10999978],[147325.44999975,166547.85000001],[147331.24,166561.07],[147325.7,166563.46],[147319.92,166550.1],[147315.29,166539.38],[147310.64,166528.64],[147305.95,166517.79],[147301.33,166507.09],[147296.729,166496.461],[147300.18,166494.97],[147302.18999962,166494.10999978]]]},"geometry_name":"GEOM","properties":{"INSPIRE_ID":"https://databrussels.be/id/building/1744538","BLOCK_ID":"https://databrussels.be/id/block/26424","AREA":435},"bbox":[147296.729,166494.10999978,147331.24,166563.46]},{"type":"Feature","id":"Buildings.fid-4dd17ab5_1a025577777_-61c5","geometry":{"type":"Polygon","coordinates":[[[147471.6282,166637.9204],[147475.9505,166636.1274],[147477.2043,166639.1499],[147472.9045,166640.9973],[147470.1467,166642.1911],[147467.0231,166643.5432],[147466.7191,166642.8103],[147466.6161,166642.5621],[147463.4912,166643.8616],[147462.8447,166642.3031],[147461.4489,166642.8821],[147460.4008,166640.3616],[147459.61,166638.46],[147460.9929,166637.8388],[147464.0813,166636.4514],[147464.109,166636.439],[147465.0112,166636.0343],[147468.81,166634.33],[147469.352,166634.086],[147469.79,166633.89],[147469.9306,166633.828],[147471.5575,166637.75],[147471.6282,166637.9204]]]},"geometry_name":"GEOM","properties":{"INSPIRE_ID":"https://databrussels.be/id/building/1744722","BLOCK_ID":"https://databrussels.be/id/block/31122","AREA":94},"bbox":[147459.61,166633.828,147477.2043,166643.8616]},{"type":"Feature","id":"Buildings.fid-4dd17ab5_1a025577777_-60a4","geometry":{"type":"Polygon","coordinates":[[[147079.69,166687.11],[147074.55,166690.91],[147069.44,166684.01],[147074.58,166680.21],[147079.69,166687.11]]]},"geometry_name":"GEOM","properties":{"INSPIRE_ID":"https://databrussels.be/id/building/1745630","BLOCK_ID":"https://databrussels.be/id/block/26987","AREA":55},"bbox":[147069.44,166680.21,147079.69,166690.91]},{"type":"Feature","id":"Buildings.fid-4dd17ab5_1a025577777_-6108","geometry":{"type":"Polygon","coordinates":[[[147036.39,166984.52],[147034.67,166984.88],[147033.76,166984.15],[147032.31,166982.98],[147034.07,166980.17],[147036.59,166980.22],[147037.56,166980.24],[147038.12,166979.33],[147038.14,166978.33],[147042.86,166977.55],[147043.65,166982.87],[147043.67,166982.97],[147043.67,166983],[147036.39,166984.52]]]},"geometry_name":"GEOM","properties":{"INSPIRE_ID":"https://databrussels.be/id/building/1745641","BLOCK_ID":"https://databrussels.be/id/block/25150","AREA":51},"bbox":[147032.31,166977.55,147043.67,166984.88]},{"type":"Feature","id":"Buildings.fid-4dd17ab5_1a025577777_-61ec","geometry":{"type":"Polygon","coordinates":[[[147265.25,166885.83],[147264.15,166876.44],[147270.47,166875.13],[147271.64,166885.21],[147265.25,166885.83]]]},"geometry_name":"GEOM","properties":{"INSPIRE_ID":"https://databrussels.be/id/building/1745742","BLOCK_ID":"https://databrussels.be/id/block/25819","AREA":63},"bbox":[147264.15,166875.13,147271.64,166885.83]},{"type":"Feature","id":"Buildings.fid-4dd17ab5_1a025577777_-6268","geometry":{"type":"Polygon","coordinates":[[[147480.998,166903.134],[147489.39,166898.18],[147492.58,166903.84],[147484.219,166908.751],[147480.998,166903.134]]]},"geometry_name":"GEOM","properties":{"INSPIRE_ID":"https://databrussels.be/id/building/1745747","BLOCK_ID":"https://databrussels.be/id/block/30722","AREA":63},"bbox":[147480.998,166898.18,147492.58,166908.751]},{"type":"Feature","id":"Buildings.fid-4dd17ab5_1a025577777_-61c3","geometry":{"type":"Polygon","coordinates":[[[147467.479,166656.69],[147471.28,166655.04],[147471.03,166654.45],[147471,166654.38],[147474.7,166652.84],[147474.14,166651.48],[147476.01,166650.71],[147476.73,166652.44],[147481.03,166650.66],[147483.42,166656.12],[147469.919,166662.289],[147469.439,166661.189],[147468.38,166660.887],[147467.721,166659.374],[147468.221,166658.393],[147467.479,166656.69]]]},"geometry_name":"GEOM","properties":{"INSPIRE_ID":"https://databrussels.be/id/building/1745784","BLOCK_ID":"https://databrussels.be/id/block/31122","AREA":98},"bbox":[147467.479,166650.66,147483.42,166662.289]},{"type":"Feature","id":"Buildings.fid-4dd17ab5_1a025577777_-61e4","geometry":{"type":"Polygon","coordinates":[[[147277.43,166862.34],[147283.9700009,166861.59000146],[147284.99000018,166871.22000058],[147278.73,166872.31],[147278.52,166872.33],[147277.43,166862.34]]]},"geometry_name":"GEOM","properties":{"INSPIRE_ID":"https://databrussels.be/id/building/1745815","BLOCK_ID":"https://databrussels.be/id/block/25819","AREA":65},"bbox":[147277.43,166861.59000146,147284.99000018,166872.33]},{"type":"Feature","id":"Buildings.fid-4dd17ab5_1a025577777_-61a6","geometry":{"type":"Polygon","coordinates":[[[147399.785,166734.549],[147399.936,166734.532],[147399.829,166733.594],[147399.824,166733.54],[147408.683,166732.743],[147409.535,166740.876],[147408.16,166742.678],[147400.772,166743.45],[147400.702,166743.45],[147400.695,166743.451],[147399.785,166734.549]]]},"geometry_name":"GEOM","properties":{"INSPIRE_ID":"https://databrussels.be/id/building/1746033","BLOCK_ID":"https://databrussels.be/id/block/24563","AREA":88},"bbox":[147399.785,166732.743,147409.535,166743.451]},{"type":"Feature","id":"Buildings.fid-4dd17ab5_1a025577777_-613d","geometry":{"type":"Polygon","coordinates":[[[147264.865,166725.441],[147268.415,166723.055],[147268.136,166722.64],[147268.272,166721.946],[147270.098,166720.719],[147270.792,166720.855],[147271.071,166721.27],[147272.056,166722.776],[147271.905,166723.418],[147276.43,166730.191],[147276.51,166730.14],[147277.27,166731.35],[147271.54,166735.02],[147270.71,166733.83],[147264.865,166725.441]]]},"geometry_name":"GEOM","properties":{"INSPIRE_ID":"https://databrussels.be/id/building/1746084","BLOCK_ID":"https://databrussels.be/id/block/24563","AREA":85},"bbox":[147264.865,166720.719,147277.27,166735.02]},{"type":"Feature","id":"Buildings.fid-4dd17ab5_1a025577777_-61c4","geometry":{"type":"Polygon","coordinates":[[[147414.97,166643.99],[147425.13,166640.07],[147426.97,166644.22],[147428.37,166647.4],[147416.84,166652.5],[147413.52,166644.74],[147413.59,166644.71],[147415.02,166644.1],[147414.97,166643.99]]]},"geometry_name":"GEOM","properties":{"INSPIRE_ID":"https://databrussels.be/id/building/1746088","BLOCK_ID":"https://databrussels.be/id/block/26424","AREA":104},"bbox":[147413.52,166640.07,147428.37,166652.5]},{"type":"Feature","id":"Buildings.fid-4dd17ab5_1a025577777_-61eb","geometry":{"type":"Polygon","coordinates":[[[147265.25,166885.83],[147271.64,166885.21],[147272.55,166894.67],[147273.73,166897.32],[147268.03,166899.45],[147266.04,166894.1],[147265.25,166885.83]]]},"geometry_name":"GEOM","properties":{"INSPIRE_ID":"https://databrussels.be/id/building/1747110","BLOCK_ID":"https://databrussels.be/id/block/25819","AREA":83},"bbox":[147265.25,166885.21,147273.73,166899.45]},{"type":"Feature","id":"Buildings.fid-4dd17ab5_1a025577777_-6251","geometry":{"type":"Polygon","coordinates":[[[147401.2,166952.95],[147410.27,166945.7],[147411,166945.12],[147415.99,166951.35],[147406.2,166959.23],[147401.2,166952.95]]]},"geometry_name":"GEOM","properties":{"INSPIRE_ID":"https://databrussels.be/id/building/1747172","BLOCK_ID":"https://databrussels.be/id/block/26366","AREA":101},"bbox":[147401.2,166945.12,147415.99,166959.23]},{"type":"Feature","id":"Buildings.fid-4dd17ab5_1a025577777_-6131","geometry":{"type":"Polygon","coordinates":[[[147332.19000004,166562.43000017],[147337.63,166560.02],[147342.57,166571.18],[147347.46,166582.2],[147355.03,166599.31],[147349.38,166601.81],[147332.19000004,166562.43000017]]]},"geometry_name":"GEOM","properties":{"INSPIRE_ID":"https://databrussels.be/id/building/1747248","BLOCK_ID":"https://databrussels.be/id/block/26424","AREA":261},"bbox":[147332.19000004,166560.02,147355.03,166601.81]},{"type":"Feature","id":"Buildings.fid-4dd17ab5_1a025577777_-615c","geometry":{"type":"Polygon","coordinates":[[[147312.181,166752.616],[147310.998,166741.353],[147312.44,166741.2],[147311.9,166736.16],[147317.37,166735.57],[147319.025,166751.903],[147312.181,166752.616]]]},"geometry_name":"GEOM","properties":{"INSPIRE_ID":"https://databrussels.be/id/building/1747369","BLOCK_ID":"https://databrussels.be/id/block/24563","AREA":106},"bbox":[147310.998,166735.57,147319.025,166752.616]},{"type":"Feature","id":"Buildings.fid-4dd17ab5_1a025577777_-616f","geometry":{"type":"Polygon","coordinates":[[[147396.061548,166513.105127],[147403.99,166509.64],[147404,166509.66],[147406.19999966,166514.54999963],[147398.24276,166518.126252],[147396.061548,166513.105127]]]},"geometry_name":"GEOM","properties":{"INSPIRE_ID":"https://databrussels.be/id/building/1748332","BLOCK_ID":"https://databrussels.be/id/block/31122","AREA":47},"bbox":[147396.061548,166509.64,147406.19999966,166518.126252]},{"type":"Feature","id":"Buildings.fid-4dd17ab5_1a025577777_-60c0","geometry":{"type":"Polygon","coordinates":[[[147019.58,166895.93],[147019.19,166893.66],[147019.59,166893.24],[147021.05,166893.05],[147020.65000002,166890.77000014],[147029.632,166889.519],[147030.371,166894.407],[147019.58,166895.93]]]},"geometry_name":"GEOM","properties":{"INSPIRE_ID":"https://databrussels.be/id/building/1748334","BLOCK_ID":"https://databrussels.be/id/block/23952","AREA":50},"bbox":[147019.19,166889.519,147030.371,166895.93]},{"type":"Feature","id":"Buildings.fid-4dd17ab5_1a025577777_-61d8","geometry":{"type":"Polygon","coordinates":[[[147452.65,166552.93],[147453.614,166550.844],[147455.94,166553.3],[147454.399,166554.77],[147452.65,166552.93]]]},"geometry_name":"GEOM","properties":{"INSPIRE_ID":"https://databrussels.be/id/building/1748449","BLOCK_ID":"https://databrussels.be/id/block/31122","AREA":6},"bbox":[147452.65,166550.844,147455.94,166554.77]},{"type":"Feature","id":"Buildings.fid-4dd17ab5_1a025577777_-60ea","geometry":{"type":"Polygon","coordinates":[[[147056.88,166757.98],[147056.96999962,166758.16000012],[147066.695,166753.355],[147069.413,166758.865],[147059.51,166763.5],[147057.498,166764.667],[147057.11,166764.87],[147057.06,166764.76],[147054.28,166759.3],[147054.35,166759.26],[147056.88,166757.98]]]},"geometry_name":"GEOM","properties":{"INSPIRE_ID":"https://databrussels.be/id/building/1748455","BLOCK_ID":"https://databrussels.be/id/block/24634","AREA":83},"bbox":[147054.28,166753.355,147069.413,166764.87]},{"type":"Feature","id":"Buildings.fid-4dd17ab5_1a025577777_-61a4","geometry":{"type":"Polygon","coordinates":[[[147405.307,166801.277],[147417.74299977,166801.34899957],[147417.621,166806.665],[147414.33,166806.764],[147414.172,166808.585],[147405.198,166808.49],[147405.307,166801.277]]]},"geometry_name":"GEOM","properties":{"INSPIRE_ID":"https://databrussels.be/id/building/1748465","BLOCK_ID":"https://databrussels.be/id/block/26366","AREA":84},"bbox":[147405.198,166801.277,147417.74299977,166808.585]},{"type":"Feature","id":"Buildings.fid-4dd17ab5_1a025577777_-60eb","geometry":{"type":"Polygon","coordinates":[[[147049.06,166742.09],[147058.363,166736.579],[147058.406,166736.554],[147058.437,166736.608],[147066.695,166753.355],[147056.96999962,166758.16000012],[147056.88,166757.98],[147056.15,166756.51],[147055.43,166756.87],[147052.44,166750.84],[147049.09,166744.11],[147049.99,166743.52],[147049.06,166742.09]]]},"geometry_name":"GEOM","properties":{"INSPIRE_ID":"https://databrussels.be/id/building/1748491","BLOCK_ID":"https://databrussels.be/id/block/24634","AREA":210},"bbox":[147049.06,166736.554,147066.695,166758.16000012]},{"type":"Feature","id":"Buildings.fid-4dd17ab5_1a025577777_-6214","geometry":{"type":"Polygon","coordinates":[[[147376.496,166920.687],[147380.515,166917.573],[147381.072,166918.299],[147388.468,166912.654],[147392.88,166918.25],[147392.62,166918.45],[147390.12,166920.42],[147388.55,166921.59],[147381.29,166927.01],[147376.496,166920.687]]]},"geometry_name":"GEOM","properties":{"INSPIRE_ID":"https://databrussels.be/id/building/1748746","BLOCK_ID":"https://databrussels.be/id/block/26366","AREA":108},"bbox":[147376.496,166912.654,147392.88,166927.01]},{"type":"Feature","id":"Buildings.fid-4dd17ab5_1a025577777_-6136","geometry":{"type":"Polygon","coordinates":[[[147308.855,166695.658],[147314.788,166691.79],[147323.11,166704.63],[147317.413,166708.568],[147308.855,166695.658]]]},"geometry_name":"GEOM","properties":{"INSPIRE_ID":"https://databrussels.be/id/building/1748749","BLOCK_ID":"https://databrussels.be/id/block/24563","AREA":108},"bbox":[147308.855,166691.79,147323.11,166708.568]},{"type":"Feature","id":"Buildings.fid-4dd17ab5_1a025577777_-615d","geometry":{"type":"Polygon","coordinates":[[[147317.37,166735.57],[147322.87,166734.98],[147323.42,166739.99],[147324.893,166739.829],[147325.97,166751.179],[147319.112,166751.893],[147319.025,166751.903],[147317.37,166735.57]]]},"geometry_name":"GEOM","properties":{"INSPIRE_ID":"https://databrussels.be/id/building/1748750","BLOCK_ID":"https://databrussels.be/id/block/24563","AREA":108},"bbox":[147317.37,166734.98,147325.97,166751.903]},{"type":"Feature","id":"Buildings.fid-4dd17ab5_1a025577777_-61cb","geometry":{"type":"Polygon","coordinates":[[[147400.00899987,166611.51899938],[147401.08,166611.05],[147403.23,166610.11],[147410.68,166606.864],[147413.132,166612.515],[147405.65,166615.55],[147402.34,166616.9],[147400.00899987,166611.51899938]]]},"geometry_name":"GEOM","properties":{"INSPIRE_ID":"https://databrussels.be/id/building/1748801","BLOCK_ID":"https://databrussels.be/id/block/26424","AREA":70},"bbox":[147400.00899987,166606.864,147413.132,166616.9]},{"type":"Feature","id":"Buildings.fid-4dd17ab5_1a025577777_-6181","geometry":{"type":"Polygon","coordinates":[[[147371.85,166549],[147374.44,166547.85],[147383.35,166543.884],[147385.917,166549.798],[147376.84,166553.58],[147375.6,166550.72],[147373.81,166551.39],[147372.64,166550.83],[147371.85,166549]]]},"geometry_name":"GEOM","properties":{"INSPIRE_ID":"https://databrussels.be/id/building/1748804","BLOCK_ID":"https://databrussels.be/id/block/26424","AREA":70},"bbox":[147371.85,166543.884,147385.917,166553.58]},{"type":"Feature","id":"Buildings.fid-4dd17ab5_1a025577777_-617c","geometry":{"type":"Polygon","coordinates":[[[147381.61,166565.85],[147391.098,166561.739],[147391.218,166562.015],[147391.97,166561.693],[147393.267,166564.727],[147392.532,166565.042],[147393.471,166567.205],[147384.21,166571.211],[147381.89,166572.22],[147380.86,166569.86],[147382.95,166568.96],[147381.61,166565.85]]]},"geometry_name":"GEOM","properties":{"INSPIRE_ID":"https://databrussels.be/id/building/1748806","BLOCK_ID":"https://databrussels.be/id/block/26424","AREA":70},"bbox":[147380.86,166561.693,147393.471,166572.22]},{"type":"Feature","id":"Buildings.fid-4dd17ab5_1a025577777_-610e","geometry":{"type":"Polygon","coordinates":[[[147028.569,166971.896],[147032.188,166967.517],[147039.56,166973.56],[147035.72,166978.02],[147034.58,166977.04],[147028.569,166971.896]]]},"geometry_name":"GEOM","properties":{"INSPIRE_ID":"https://databrussels.be/id/building/1749654","BLOCK_ID":"https://databrussels.be/id/block/25150","AREA":55},"bbox":[147028.569,166967.517,147039.56,166978.02]},{"type":"Feature","id":"Buildings.fid-4dd17ab5_1a025577777_-616e","geometry":{"type":"Polygon","coordinates":[[[147398.077,166642.334],[147397.11,166640.04],[147399.67,166638.96],[147400.64,166641.25],[147398.077,166642.334]]]},"geometry_name":"GEOM","properties":{"INSPIRE_ID":"https://databrussels.be/id/building/1749781","BLOCK_ID":"https://databrussels.be/id/block/26424","AREA":7},"bbox":[147397.11,166638.96,147400.64,166642.334]},{"type":"Feature","id":"Buildings.fid-4dd17ab5_1a025577777_-60ec","geometry":{"type":"Polygon","coordinates":[[[147046.162,166737.653],[147055.302,166731.203],[147058.363,166736.579],[147049.06,166742.09],[147046.162,166737.653]]]},"geometry_name":"GEOM","properties":{"INSPIRE_ID":"https://databrussels.be/id/building/1749815","BLOCK_ID":"https://databrussels.be/id/block/24634","AREA":63},"bbox":[147046.162,166731.203,147058.363,166742.09]},{"type":"Feature","id":"Buildings.fid-4dd17ab5_1a025577777_-60d4","geometry":{"type":"Polygon","coordinates":[[[147042.757,166828.252],[147051.9,166826.812],[147053.024,166834.55],[147043.892,166835.888],[147043.866,166835.868],[147042.757,166828.252]]]},"geometry_name":"GEOM","properties":{"INSPIRE_ID":"https://databrussels.be/id/building/1749871","BLOCK_ID":"https://databrussels.be/id/block/24634","AREA":72},"bbox":[147042.757,166826.812,147053.024,166835.888]},{"type":"Feature","id":"Buildings.fid-4dd17ab5_1a025577777_-61e2","geometry":{"type":"Polygon","coordinates":[[[147278.89,166924.12],[147284.45,166921.41],[147289.56,166931.89],[147284,166934.6],[147278.89,166924.12]]]},"geometry_name":"GEOM","properties":{"INSPIRE_ID":"https://databrussels.be/id/building/1749876","BLOCK_ID":"https://databrussels.be/id/block/25819","AREA":72},"bbox":[147278.89,166921.41,147289.56,166934.6]},{"type":"Feature","id":"Buildings.fid-4dd17ab5_1a025577777_-6159","geometry":{"type":"Polygon","coordinates":[[[147332.01,166750.65],[147330.92,166740.6],[147338,166739.92],[147339.08,166750.07],[147332.01,166750.65]]]},"geometry_name":"GEOM","properties":{"INSPIRE_ID":"https://databrussels.be/id/building/1749877","BLOCK_ID":"https://databrussels.be/id/block/24563","AREA":72},"bbox":[147330.92,166739.92,147339.08,166750.65]},{"type":"Feature","id":"Buildings.fid-4dd17ab5_1a025577777_-619a","geometry":{"type":"Polygon","coordinates":[[[147443.76,166801.59],[147455.69,166800.68],[147455.93,166800.66],[147455.95,166800.83],[147456.93,166809.86],[147444.74,166811.06],[147444.73,166810.97],[147443.71,166801.6],[147443.76,166801.59]]]},"geometry_name":"GEOM","properties":{"INSPIRE_ID":"https://databrussels.be/id/building/1750156","BLOCK_ID":"https://databrussels.be/id/block/30722","AREA":115},"bbox":[147443.71,166800.66,147456.93,166811.06]},{"type":"Feature","id":"Buildings.fid-4dd17ab5_1a025577777_-6198","geometry":{"type":"Polygon","coordinates":[[[147456.9567,166743.8253],[147457.0073,166743.7208],[147457.8823,166741.9136],[147459.5772,166738.4128],[147463.3373,166740.1962],[147466.6331,166741.7919],[147467.4746,166740.0538],[147471.1177,166741.8177],[147470.2762,166743.5558],[147470.6393,166743.7316],[147468.9298,166747.2625],[147472.44,166748.962],[147471.5651,166750.7692],[147470.1059,166753.7829],[147469.231,166755.5901],[147461.6547,166751.9219],[147460.8871,166753.5073],[147457.5704,166751.9015],[147454.2814,166750.309],[147455.049,166748.7236],[147454.6732,166748.5417],[147455.5337,166746.7644],[147455.471,166746.5306],[147455.4325,166746.2916],[147455.4187,166746.05],[147455.4298,166745.8082],[147455.4655,166745.5688],[147455.5256,166745.3343],[147455.6094,166745.1072],[147455.716,166744.8899],[147455.8443,166744.6846],[147455.9929,166744.4936],[147456.1603,166744.3187],[147456.3448,166744.162],[147456.5443,166744.0249],[147456.7568,166743.909],[147456.9567,166743.8253]]]},"geometry_name":"GEOM","properties":{"INSPIRE_ID":"https://databrussels.be/id/building/1751211","BLOCK_ID":"https://databrussels.be/id/block/26424","AREA":189},"bbox":[147454.2814,166738.4128,147472.44,166755.5901]},{"type":"Feature","id":"Buildings.fid-4dd17ab5_1a025577777_-6161","geometry":{"type":"Polygon","coordinates":[[[147371.986,166746.463],[147371.099,166736.037],[147370.992,166734.878],[147373.3,166735.15],[147373.4,166734.31],[147373.81,166733.35],[147374.35,166732.58],[147375.27,166731.68],[147376.42,166731.38],[147377.29,166731.16],[147378.3,166731.28],[147379.58,166731.44],[147380.79,166732.29],[147381.72,166733.24],[147381.95,166734.12],[147384.234,166733.537],[147384.381,166734.65],[147385.781,166744.839],[147371.986,166746.463]]]},"geometry_name":"GEOM","properties":{"INSPIRE_ID":"https://databrussels.be/id/building/1751250","BLOCK_ID":"https://databrussels.be/id/block/24563","AREA":175},"bbox":[147370.992,166731.16,147385.781,166746.463]},{"type":"Feature","id":"Buildings.fid-4dd17ab5_1a025577777_-623e","geometry":{"type":"Polygon","coordinates":[[[147448.33,166929.21],[147452.15,166926.94],[147460.183,166922.16],[147463.602,166928.144],[147455.875,166932.973],[147456.107,166933.426],[147450.793,166936.5],[147447.78,166931.65],[147448.08,166931.46],[147447.14,166929.95],[147448.33,166929.21]]]},"geometry_name":"GEOM","properties":{"INSPIRE_ID":"https://databrussels.be/id/building/1751460","BLOCK_ID":"https://databrussels.be/id/block/26366","AREA":111},"bbox":[147447.14,166922.16,147463.602,166936.5]},{"type":"Feature","id":"Buildings.fid-4dd17ab5_1a025577777_-620b","geometry":{"type":"Polygon","coordinates":[[[147316.86,166948.67],[147320.67,166946.45],[147335.64,166937.73],[147338.85,166943.24],[147320.07,166954.18],[147316.86,166948.67]]]},"geometry_name":"GEOM","properties":{"INSPIRE_ID":"https://databrussels.be/id/building/1751471","BLOCK_ID":"https://databrussels.be/id/block/25819","AREA":139},"bbox":[147316.86,166937.73,147338.85,166954.18]},{"type":"Feature","id":"Buildings.fid-4dd17ab5_1a025577777_-614a","geometry":{"type":"Polygon","coordinates":[[[147291.319,166785.859],[147294.845,166785.483],[147297.945,166785.143],[147298.399,166785.094],[147299.96,166799.74],[147292.87,166800.41],[147291.319,166785.859]]]},"geometry_name":"GEOM","properties":{"INSPIRE_ID":"https://databrussels.be/id/building/1751503","BLOCK_ID":"https://databrussels.be/id/block/25819","AREA":105},"bbox":[147291.319,166785.094,147299.96,166800.41]},{"type":"Feature","id":"Buildings.fid-4dd17ab5_1a025577777_-6132","geometry":{"type":"Polygon","coordinates":[[[147336.70594972,166681.65903744],[147329.796,166683.016],[147331.834,166694.429],[147336.13,166693.79],[147336.49,166696.18],[147339.34,166695.59],[147338.87995092,166693.16097384],[147336.70594972,166681.65903744]]]},"geometry_name":"GEOM","properties":{"INSPIRE_ID":"https://databrussels.be/id/building/1752225","BLOCK_ID":"https://databrussels.be/id/block/24563","AREA":90},"bbox":[147329.796,166681.65903744,147339.34,166696.18]},{"type":"Feature","id":"Buildings.fid-4dd17ab5_1a025577777_-6124","geometry":{"type":"Polygon","coordinates":[[[147112.55,167000],[147113.01,167000.53],[147108.06,167004.17],[147104.55,167000],[147102.3,166997.33],[147101.65,166996.56],[147101.07,166995.92],[147103.75,166993.51],[147104.17,166993.92],[147105.93,166992.33],[147106.81,166993.43],[147107.28,166994.02],[147112.55,167000]]]},"geometry_name":"GEOM","properties":{"INSPIRE_ID":"https://databrussels.be/id/building/1759192","BLOCK_ID":"https://databrussels.be/id/block/24634","AREA":66},"bbox":[147101.07,166992.33,147113.01,167004.17]},{"type":"Feature","id":"Buildings.fid-4dd17ab5_1a025577777_-60d2","geometry":{"type":"Polygon","coordinates":[[[147076.47,166801.63],[147087.843,166795.967],[147080.74399784,166781.68899566],[147069.40921166,166787.27830541],[147071.25,166790.98],[147070.5,166791.42],[147073.95,166798.36],[147074.67,166798.01],[147076.47,166801.63]]]},"geometry_name":"GEOM","properties":{"INSPIRE_ID":"https://databrussels.be/id/building/1777186","BLOCK_ID":"https://databrussels.be/id/block/24634","AREA":209},"bbox":[147069.40921166,166781.68899566,147087.843,166801.63]},{"type":"Feature","id":"Buildings.fid-4dd17ab5_1a025577777_-624e","geometry":{"type":"Polygon","coordinates":[[[147404.469,166829.151],[147419.368,166827.22],[147420.11,166833.37],[147411.113,166835.07],[147408.68,166835.53],[147408.21,166831.95],[147404.89,166832.38],[147404.469,166829.151]]]},"geometry_name":"GEOM","properties":{"INSPIRE_ID":"https://databrussels.be/id/building/1782018","BLOCK_ID":"https://databrussels.be/id/block/26366","AREA":87},"bbox":[147404.469,166827.22,147420.11,166835.53]},{"type":"Feature","id":"Buildings.fid-4dd17ab5_1a025577777_-61bf","geometry":{"type":"Polygon","coordinates":[[[147424.042,166504.144],[147423.4451,166505.4293],[147420.8492,166511.2769],[147420.2609,166512.6023],[147419.05,166515.33],[147413.46,166508.9308],[147416.987,166501.0138],[147424.042,166504.144]]]},"geometry_name":"GEOM","properties":{"INSPIRE_ID":"https://databrussels.be/id/building/1784511","BLOCK_ID":"https://databrussels.be/id/block/31122","AREA":81},"bbox":[147413.46,166501.0138,147424.042,166515.33]},{"type":"Feature","id":"Buildings.fid-4dd17ab5_1a025577777_-6111","geometry":{"type":"Polygon","coordinates":[[[147032.188,166967.517],[147034.8568,166964.2879],[147037.6109,166964.5039],[147041.1571,166965.6309],[147042.1653,166973.0763],[147042.2331,166973.5773],[147040.0035,166973.9235],[147039.4968,166973.5082],[147032.188,166967.517]]]},"geometry_name":"GEOM","properties":{"INSPIRE_ID":"https://databrussels.be/id/building/1786656","BLOCK_ID":"https://databrussels.be/id/block/25150","AREA":58},"bbox":[147032.188,166964.2879,147042.2331,166973.9235]},{"type":"Feature","id":"Buildings.fid-4dd17ab5_1a025577777_-626b","geometry":{"type":"Polygon","coordinates":[[[147474.6701,166815.5533],[147476.1539,166814.6162],[147477.0549,166816.0753],[147475.6312,166816.9888],[147474.6701,166815.5533]]]},"geometry_name":"GEOM","properties":{"INSPIRE_ID":"https://databrussels.be/id/building/1796116","BLOCK_ID":"https://databrussels.be/id/block/30722","AREA":3},"bbox":[147474.6701,166814.6162,147477.0549,166816.9888]},{"type":"Feature","id":"Buildings.fid-4dd17ab5_1a025577777_-616d","geometry":{"type":"Polygon","coordinates":[[[147402.7329,166647.3147],[147399.7263,166648.3999],[147398.1891,166644.6211],[147401.1641,166643.5828],[147402.7329,166647.3147]]]},"geometry_name":"GEOM","properties":{"INSPIRE_ID":"https://databrussels.be/id/building/1798353","BLOCK_ID":"https://databrussels.be/id/block/26424","AREA":13},"bbox":[147398.1891,166643.5828,147402.7329,166648.3999]},{"type":"Feature","id":"Buildings.fid-4dd17ab5_1a025577777_-60a6","geometry":{"type":"Polygon","coordinates":[[[147073.8761,166678.3144],[147069.7971,166683.0616],[147055.8177,166671.4628],[147059.813,166666.4816],[147073.8761,166678.3144]]]},"geometry_name":"GEOM","properties":{"INSPIRE_ID":"https://databrussels.be/id/building/1798354","BLOCK_ID":"https://databrussels.be/id/block/26987","AREA":116},"bbox":[147055.8177,166666.4816,147073.8761,166683.0616]},{"type":"Feature","id":"Buildings.fid-4dd17ab5_1a025577777_-61dc","geometry":{"type":"Polygon","coordinates":[[[147444.6874,166545.0463],[147442.5629,166546.9843],[147440.7185,166545.1117],[147442.7611,166543.248],[147444.6874,166545.0463]]]},"geometry_name":"GEOM","properties":{"INSPIRE_ID":"https://databrussels.be/id/building/1798409","BLOCK_ID":"https://databrussels.be/id/block/31122","AREA":7},"bbox":[147440.7185,166543.248,147444.6874,166546.9843]},{"type":"Feature","id":"Buildings.fid-4dd17ab5_1a025577777_-6266","geometry":{"type":"Polygon","coordinates":[[[147486.359,166849.745],[147488.055,166848.874],[147489.225,166851.152],[147487.529,166852.023],[147486.359,166849.745]]]},"geometry_name":"GEOM","properties":{"INSPIRE_ID":"https://databrussels.be/id/building/1802702","BLOCK_ID":"https://databrussels.be/id/block/30722","AREA":5},"bbox":[147486.359,166848.874,147489.225,166852.023]},{"type":"Feature","id":"Buildings.fid-4dd17ab5_1a025577777_-61cc","geometry":{"type":"Polygon","coordinates":[[[147498.758,166606.803],[147499.175,166607.902],[147496.852,166608.785],[147496.434,166607.686],[147498.758,166606.803]]]},"geometry_name":"GEOM","properties":{"INSPIRE_ID":"https://databrussels.be/id/building/1803972","BLOCK_ID":"https://databrussels.be/id/block/31122","AREA":3},"bbox":[147496.434,166606.803,147499.175,166608.785]},{"type":"Feature","id":"Buildings.fid-4dd17ab5_1a025577777_-61d3","geometry":{"type":"Polygon","coordinates":[[[147480.457,166578.26],[147480.939,166579.475],[147479.648,166579.988],[147479.166,166578.773],[147480.457,166578.26]]]},"geometry_name":"GEOM","properties":{"INSPIRE_ID":"https://databrussels.be/id/building/1804103","BLOCK_ID":"https://databrussels.be/id/block/31122","AREA":2},"bbox":[147479.166,166578.26,147480.939,166579.988]},{"type":"Feature","id":"Buildings.fid-4dd17ab5_1a025577777_-6263","geometry":{"type":"Polygon","coordinates":[[[147489.092,166855.561],[147490.479,166854.832],[147491.406,166856.596],[147490.019,166857.325],[147489.092,166855.561]]]},"geometry_name":"GEOM","properties":{"INSPIRE_ID":"https://databrussels.be/id/building/1804114","BLOCK_ID":"https://databrussels.be/id/block/30722","AREA":3},"bbox":[147489.092,166854.832,147491.406,166857.325]},{"type":"Feature","id":"Buildings.fid-4dd17ab5_1a025577777_-61d5","geometry":{"type":"Polygon","coordinates":[[[147475.87,166569.63],[147476.6809,166569.2608],[147478.956,166574.54],[147477.7048,166575.2814],[147476.3049,166578.0414],[147473.35,166574.64],[147474.44,166572.37],[147475.87,166569.63]]]},"geometry_name":"GEOM","properties":{"INSPIRE_ID":"https://databrussels.be/id/building/1808405","BLOCK_ID":"https://databrussels.be/id/block/31122","AREA":25},"bbox":[147473.35,166569.2608,147478.956,166578.0414]},{"type":"Feature","id":"Buildings.fid-4dd17ab5_1a025577777_-6199","geometry":{"type":"Polygon","coordinates":[[[147455.281,166704.83],[147452.765,166705.919],[147451.48,166702.948],[147453.995,166701.859],[147455.281,166704.83]]]},"geometry_name":"GEOM","properties":{"INSPIRE_ID":"https://databrussels.be/id/building/1809105","BLOCK_ID":"https://databrussels.be/id/block/26424","AREA":9},"bbox":[147451.48,166701.859,147455.281,166705.919]},{"type":"Feature","id":"Buildings.fid-4dd17ab5_1a025577777_-6232","geometry":{"type":"Polygon","coordinates":[[[147289.409,166818.725],[147287.384,166818.677],[147287.413,166817.454],[147289.438,166817.502],[147289.409,166818.725]]]},"geometry_name":"GEOM","properties":{"INSPIRE_ID":"https://databrussels.be/id/building/1809106","BLOCK_ID":"https://databrussels.be/id/block/25819","AREA":2},"bbox":[147287.384,166817.454,147289.438,166818.725]},{"type":"Feature","id":"Buildings.fid-4dd17ab5_1a025577777_-6177","geometry":{"type":"Polygon","coordinates":[[[147389.292,166641.782],[147386.036,166643.437],[147385.5,166642.382],[147388.756,166640.727],[147389.292,166641.782]]]},"geometry_name":"GEOM","properties":{"INSPIRE_ID":"https://databrussels.be/id/building/1809110","BLOCK_ID":"https://databrussels.be/id/block/26424","AREA":4},"bbox":[147385.5,166640.727,147389.292,166643.437]},{"type":"Feature","id":"Buildings.fid-4dd17ab5_1a025577777_-6123","geometry":{"type":"Polygon","coordinates":[[[147032.63,167003.1],[147031.89,167000],[147033.90557219,166999.6314275],[147033.38084088,166995.78988038],[147034.25300106,166995.61930235],[147045.31,166993.96],[147046.20999974,166999.99999956],[147046.37000026,167001.06999989],[147033.08,167003.03],[147032.63,167003.1]]]},"geometry_name":"GEOM","properties":{"INSPIRE_ID":"https://databrussels.be/id/building/1812563","BLOCK_ID":"https://databrussels.be/id/block/25150","AREA":93},"bbox":[147031.89,166993.96,147046.37000026,167003.1]},{"type":"Feature","id":"Buildings.fid-4dd17ab5_1a025577777_-6122","geometry":{"type":"Polygon","coordinates":[[[147066.4,167000],[147065.76,166995.67],[147065.74,166995.57],[147073.62,166994.49],[147074.093,166998.222],[147075.262,166998],[147075.479,166999.327],[147075.589,167000],[147075.644,167000.378],[147074.546,167000.579],[147074.587,167000.913],[147066.69,167001.89],[147066.4,167000]]]},"geometry_name":"GEOM","properties":{"INSPIRE_ID":"https://databrussels.be/id/building/1823714","BLOCK_ID":"https://databrussels.be/id/block/24634","AREA":54},"bbox":[147065.74,166994.49,147075.644,167001.89]},{"type":"Feature","id":"Buildings.fid-4dd17ab5_1a025577777_-61f6","geometry":{"type":"Polygon","coordinates":[[[147241.66,166948.79],[147241.77,166950.07],[147240.81,166950.78],[147239.6,166950.38],[147239.39,166949.06],[147240.43,166948.27],[147241.66,166948.79]]]},"geometry_name":"GEOM","properties":{"INSPIRE_ID":"https://databrussels.be/id/building/30141","BLOCK_ID":null,"AREA":4},"bbox":[147239.39,166948.27,147241.77,166950.78]}],"numberReturned":421,"grand_bruxelles_source":{"authority":"Paradigm / Brussels-Capital Region","service":"https://geoservices-urbis.irisnet.be/geoserver/urbisvector/wfs","layer":"urbisvector:Buildings","crs":"EPSG:31370","bbox":[147000.0,166500.0,147500.0,167000.0],"cell_id":"bxl-e147000-n166500-s500","ownership":"polygon_or_multipolygon_centroid_global_500m_cell"}}
