{"type":"FeatureCollection","totalFeatures":94,"numberMatched":94,"timeStamp":"2026-08-23T03:17:34.143Z","crs":{"type":"name","properties":{"name":"urn:ogc:def:crs:EPSG::31370"}},"bbox":[148410.3,164904.00457206,149076.54,165597.84000036],"features":[{"type":"Feature","id":"StreetSurfaces.fid--2dded296_1a02c23f8dc_-38e3","geometry":{"type":"Polygon","coordinates":[[[148832.86696062,165193.25201026],[148830.915,165197.73500036],[148829.13036725,165201.83369522],[148828,165199.72000036],[148800.09,165192.14000036],[148792.55,165190.09000036],[148782.99,165187.37000036],[148777.34,165185.66000036],[148775.214,165185.03700036],[148773.94092285,165184.66024617],[148774.615,165182.14500036],[148775.78753638,165177.76980798],[148776.14,165177.88000036],[148786.96,165181.18000036],[148798.42,165184.46000036],[148799.95,165184.90000036],[148801.47,165185.34000036],[148803,165185.77000036],[148806.49,165186.75000036],[148813.49,165188.65000036],[148817.04,165189.62000036],[148820.58,165190.58000036],[148824.13,165191.54000036],[148827.01,165192.29000036],[148829.9,165193.05000036],[148831.21,165193.39600036],[148832.098,165193.46800036],[148832.86696062,165193.25201026]]]},"geometry_name":"GEOM","properties":{"INSPIRE_ID":"https://databrussels.be/id/streetsurface/105","TYPE":"S","STREET_ID":"https://databrussels.be/id/streetname/642","STRNAMEFRE":"Dieweg","STRNAMEDUT":"Dieweg","MUNNISCODE":"21016","HIERARCHY":"DC","LVL":0,"ADMIN":"MUN_RBC","AREA":409},"bbox":[148773.94092285,165177.76980798,148832.86696062,165201.83369522]},{"type":"Feature","id":"StreetSurfaces.fid--2dded296_1a02c23f8dc_-38b1","geometry":{"type":"Polygon","coordinates":[[[148602.91511934,165007.59815777],[148603.132,165008.28100036],[148603.697,165010.22400036],[148603.7953485,165010.61630066],[148603.862831,165011.01507136],[148603.89812024,165011.41826735],[148603.9,165011.82300036],[148603.80450062,165012.6137738],[148603.58,165013.37800036],[148603.11170025,165014.34106072],[148602.49,165015.21300036],[148601.67540751,165016.02542652],[148600.737,165016.69100036],[148596.14872252,165019.38401912],[148591.574,165022.10000036],[148589.42534274,165023.38741356],[148587.281,165024.68200036],[148585.11069395,165026.00604903],[148582.944,165027.33600036],[148581.92691055,165027.96077015],[148578.01013143,165021.79490538],[148581.309,165018.94500036],[148602.91511934,165007.59815777]]]},"geometry_name":"GEOM","properties":{"INSPIRE_ID":"https://databrussels.be/id/streetsurface/133999","TYPE":"SW","STREET_ID":"https://databrussels.be/id/streetname/2960","STRNAMEFRE":"Avenue Jean et Pierre Carsoel","STRNAMEDUT":"Jean en Pierre Carsoellaan","MUNNISCODE":"21016","HIERARCHY":"IDR","LVL":0,"ADMIN":"MUN_RE_RBC","AREA":201},"bbox":[148578.01013143,165007.59815777,148603.9,165027.96077015]},{"type":"Feature","id":"StreetSurfaces.fid--2dded296_1a02c23f8dc_-38a8","geometry":{"type":"Polygon","coordinates":[[[148532.45232294,165055.50762352],[148531.382,165053.81400036],[148538.654,165049.31200036],[148546.92009,165044.05223636],[148554.243865,165039.42164636],[148557.241,165037.45400036],[148560.024,165035.62700036],[148566.548,165031.20500036],[148570.194,165028.60600036],[148578.01013143,165021.79490538],[148581.92691055,165027.96077015],[148580.10133224,165029.0821722],[148577.264,165030.83700036],[148570.153,165035.30600036],[148563.547,165039.49900036],[148563.3069016,165039.61369855],[148563.04495917,165039.66048618],[148562.78,165039.63600036],[148562.4222475,165039.4700107],[148562.154782,165039.18018036],[148561.9,165038.77500036],[148561.097,165037.45000036],[148552.605,165042.80800036],[148553.539,165044.31300036],[148551.802,165045.40700036],[148550.87,165043.89700036],[148539.212,165051.24000036],[148534.558,165054.18800036],[148532.45232294,165055.50762352]]]},"geometry_name":"GEOM","properties":{"INSPIRE_ID":"https://databrussels.be/id/streetsurface/134179","TYPE":"SW","STREET_ID":"https://databrussels.be/id/streetname/2960","STRNAMEFRE":"Avenue Jean et Pierre Carsoel","STRNAMEDUT":"Jean en Pierre Carsoellaan","MUNNISCODE":"21016","HIERARCHY":"IDR","LVL":0,"ADMIN":"MUN_RE_RBC","AREA":204},"bbox":[148531.382,165021.79490538,148581.92691055,165055.50762352]},{"type":"Feature","id":"StreetSurfaces.fid--2dded296_1a02c23f8dc_-38b5","geometry":{"type":"Polygon","coordinates":[[[148642.14482816,165002.80010483],[148646.899,165000.35000036],[148647.57657669,165000.00400036],[148648.04766133,164999.76344414],[148649.547,165002.65700036],[148646.635,165003.50000036],[148644.52568638,165004.62696225],[148644.486,165004.54900036],[148644.42105554,165004.46182298],[148644.329,165004.40400036],[148644.19081677,165004.38065926],[148644.054,165004.41100036],[148643.949,165004.46700036],[148643.06957039,165004.8349934],[148642.14482816,165002.80010483]]]},"geometry_name":"GEOM","properties":{"INSPIRE_ID":"https://databrussels.be/id/streetsurface/134180","TYPE":"SW","STREET_ID":"https://databrussels.be/id/streetname/2960","STRNAMEFRE":"Avenue Jean et Pierre Carsoel","STRNAMEDUT":"Jean en Pierre Carsoellaan","MUNNISCODE":"21016","HIERARCHY":"IDR","LVL":0,"ADMIN":"MUN_RE_RBC","AREA":18},"bbox":[148642.14482816,164999.76344414,148649.547,165004.8349934]},{"type":"Feature","id":"StreetSurfaces.fid--2dded296_1a02c23f8dc_-38b2","geometry":{"type":"Polygon","coordinates":[[[148628.50570086,165010.04623969],[148635.616,165006.22900036],[148636.76,165005.60600036],[148635.983,165004.12800036],[148637.79,165003.17800036],[148638.576,165004.64000036],[148639.737,165004.04100036],[148642.14482816,165002.80010483],[148643.06957039,165004.8349934],[148642.77742723,165004.95723928],[148641.62,165005.48000036],[148640.47456295,165006.01781634],[148639.36,165006.61700036],[148633.451,165009.75100036],[148629.51427404,165011.89668604],[148628.50570086,165010.04623969]]]},"geometry_name":"GEOM","properties":{"INSPIRE_ID":"https://databrussels.be/id/streetsurface/134181","TYPE":"SW","STREET_ID":"https://databrussels.be/id/streetname/2960","STRNAMEFRE":"Avenue Jean et Pierre Carsoel","STRNAMEDUT":"Jean en Pierre Carsoellaan","MUNNISCODE":"21016","HIERARCHY":"IDR","LVL":0,"ADMIN":"MUN_RE_RBC","AREA":36},"bbox":[148628.50570086,165002.80010483,148643.06957039,165011.89668604]},{"type":"Feature","id":"StreetSurfaces.fid--2dded296_1a02c23f8dc_-38a3","geometry":{"type":"Polygon","coordinates":[[[148532.45232294,165055.50762352],[148529.846,165057.14100036],[148530.801,165058.66400036],[148523.90615619,165063.00042983],[148520.09197794,165065.5449633],[148518.03792933,165066.64888846],[148516.50800674,165067.27034938],[148515.21018157,165067.67321446],[148513.62677359,165068.00210879],[148511.76500836,165068.16692073],[148511.11520643,165068.15464219],[148510.39612374,165068.10303831],[148509.68100897,165068.01163945],[148508.97206272,165067.88072688],[148508.73074972,165067.82216408],[148507.57,165064.84000036],[148509.99,165065.01000036],[148511.18,165064.97000036],[148512.31,165064.73000036],[148514.54,165064.00000036],[148516.13,165063.22000036],[148520.38,165060.76000036],[148531.382,165053.81400036],[148532.45232294,165055.50762352]]]},"geometry_name":"GEOM","properties":{"INSPIRE_ID":"https://databrussels.be/id/streetsurface/134221","TYPE":"SW","STREET_ID":"https://databrussels.be/id/streetname/642","STRNAMEFRE":"Dieweg","STRNAMEDUT":"Dieweg","MUNNISCODE":"21016","HIERARCHY":"IDR","LVL":0,"ADMIN":"MUN_RBC","AREA":95},"bbox":[148507.57,165053.81400036,148532.45232294,165068.16692073]},{"type":"Feature","id":"StreetSurfaces.fid--2dded296_1a02c23f8dc_-38ad","geometry":{"type":"Polygon","coordinates":[[[148586.11036663,165034.56115368],[148586.931,165034.05700036],[148589.11417266,165032.72482023],[148591.3,165031.39700036],[148593.43344762,165030.10293409],[148595.57,165028.81400036],[148598.02752624,165027.34434788],[148600.49,165025.88300036],[148599.624,165024.43500036],[148601.392,165023.39600036],[148602.246,165024.85500036],[148603.2747366,165024.26391176],[148604.303,165023.67200036],[148605.38406985,165023.04812212],[148606.464649,165022.42339436],[148607.54540413,165021.79896865],[148608.627,165021.17600036],[148610.77100736,165019.94589143],[148612.918,165018.72100036],[148615.14667858,165017.46015886],[148617.378,165016.20400036],[148618.26493926,165015.70566526],[148619.27301652,165017.49910306],[148610.111,165022.64900036],[148595.367,165031.39500036],[148591.01,165034.04600036],[148587.2594549,165036.37499138],[148586.11036663,165034.56115368]]]},"geometry_name":"GEOM","properties":{"INSPIRE_ID":"https://databrussels.be/id/streetsurface/134222","TYPE":"SW","STREET_ID":"https://databrussels.be/id/streetname/2960","STRNAMEFRE":"Avenue Jean et Pierre Carsoel","STRNAMEDUT":"Jean en Pierre Carsoellaan","MUNNISCODE":"21016","HIERARCHY":"IDR","LVL":0,"ADMIN":"MUN_RE_RBC","AREA":81},"bbox":[148586.11036663,165015.70566526,148619.27301652,165036.37499138]},{"type":"Feature","id":"StreetSurfaces.fid--2dded296_1a02c23f8dc_-38a5","geometry":{"type":"Polygon","coordinates":[[[148538.09778029,165064.44070063],[148539.07857325,165063.82148677],[148540.64699878,165062.86166604],[148544.90968834,165060.26827784],[148549.1513936,165057.64113478],[148553.37184261,165054.98040529],[148556.55250007,165052.94395058],[148555.724,165051.65900036],[148557.434,165050.56300036],[148558.331,165051.98600036],[148561.177,165050.18600036],[148563.74,165048.57100036],[148565.7,165047.31500036],[148567.981,165045.87400036],[148575.056,165041.43500036],[148574.153,165040.02700036],[148575.884,165038.93900036],[148576.775,165040.35600036],[148577.023,165040.21000036],[148577.87286592,165039.66970815],[148578.725,165039.13300036],[148580.86048087,165037.80224922],[148583,165036.47800036],[148584.96415877,165035.26532259],[148586.11036663,165034.56115368],[148587.2594549,165036.37499138],[148574.275,165044.43800036],[148564.534,165050.63800036],[148557.482,165055.08000036],[148547.022,165061.72600036],[148539.415,165066.52500036],[148538.09778029,165064.44070063]]]},"geometry_name":"GEOM","properties":{"INSPIRE_ID":"https://databrussels.be/id/streetsurface/134223","TYPE":"SW","STREET_ID":"https://databrussels.be/id/streetname/2960","STRNAMEFRE":"Avenue Jean et Pierre Carsoel","STRNAMEDUT":"Jean en Pierre Carsoellaan","MUNNISCODE":"21016","HIERARCHY":"IDR","LVL":0,"ADMIN":"MUN_RE_RBC","AREA":133},"bbox":[148538.09778029,165034.56115368,148587.2594549,165066.52500036]},{"type":"Feature","id":"StreetSurfaces.fid--2dded296_1a02c23f8dc_-38b0","geometry":{"type":"Polygon","coordinates":[[[148628.50570086,165010.04623969],[148629.51427404,165011.89668604],[148628.589,165012.40100036],[148620.684,165016.70600036],[148619.27301652,165017.49910306],[148618.26493926,165015.70566526],[148619.58921817,165014.9616068],[148621.802,165013.72200036],[148623.17,165012.96800036],[148624.709,165012.11500036],[148623.888,165010.63100036],[148625.681,165009.65300036],[148626.487,165011.12900036],[148627.64,165010.51100036],[148628.50570086,165010.04623969]]]},"geometry_name":"GEOM","properties":{"INSPIRE_ID":"https://databrussels.be/id/streetsurface/134224","TYPE":"SW","STREET_ID":"https://databrussels.be/id/streetname/2960","STRNAMEFRE":"Avenue Jean et Pierre Carsoel","STRNAMEDUT":"Jean en Pierre Carsoellaan","MUNNISCODE":"21016","HIERARCHY":"IDR","LVL":0,"ADMIN":"MUN_RE_RBC","AREA":28},"bbox":[148618.26493926,165009.65300036,148629.51427404,165017.49910306]},{"type":"Feature","id":"StreetSurfaces.fid--2dded296_1a02c23f8dc_-38bb","geometry":{"type":"Polygon","coordinates":[[[148683.24891768,165007.59547186],[148677.228487,165005.85830036],[148676.968,165005.58900036],[148673.931,165004.62800036],[148671.838,165004.00400036],[148670.734,165003.89400036],[148665.372,165002.44600036],[148665.03,165001.83300036],[148664.337,165001.59100036],[148660.218,165001.43100036],[148658.82,165001.63200036],[148654.287,165001.80200036],[148653.11016165,165001.92848284],[148650.64700821,165002.39200967],[148649.547,165002.65700036],[148648.04766133,164999.76344414],[148655.402,164996.00800036],[148654.648,164994.52500036],[148656.922,164993.37500036],[148658.728,164992.46800036],[148661.447,164991.08800036],[148662.4064612,164990.73951393],[148663.419,164990.61000036],[148664.41257311,164990.6962415],[148665.371,164990.97200036],[148666.27953644,164991.41193519],[148667.1,164992.00000036],[148667.80441138,164992.70169931],[148668.382,164993.51100036],[148669.927,164996.12400036],[148670.60220448,164997.22557276],[148671.383,164998.25500036],[148672.21710561,164999.07119842],[148673.154,164999.76700036],[148673.60203192,165000.00400036],[148673.80421545,165000.11095144],[148674.49,165000.37700036],[148674.884,165000.51400036],[148676.471,165001.07400036],[148675.916,165002.76700036],[148678.359,165003.48000036],[148683.97656935,165005.11506208],[148683.24891768,165007.59547186]]]},"geometry_name":"GEOM","properties":{"INSPIRE_ID":"https://databrussels.be/id/streetsurface/134254","TYPE":"SW","STREET_ID":"https://databrussels.be/id/streetname/2960","STRNAMEFRE":"Avenue Jean et Pierre Carsoel","STRNAMEDUT":"Jean en Pierre Carsoellaan","MUNNISCODE":"21016","HIERARCHY":"IDR","LVL":0,"ADMIN":"MUN_RE_RBC","AREA":225},"bbox":[148648.04766133,164990.61000036,148683.97656935,165007.59547186]},{"type":"Feature","id":"StreetSurfaces.fid--2dded296_1a02c23f8dc_-38be","geometry":{"type":"Polygon","coordinates":[[[148611.34406423,164988.36745081],[148610.0615262,164990.17990176],[148607.219,164994.00000036],[148603.519,164998.77900036],[148602.919,164999.59800036],[148602.67388088,165000.00400036],[148602.32750351,165000.57771821],[148601.933,165001.65200036],[148601.75843781,165002.8005465],[148601.813,165003.96100036],[148602.216,165005.39700036],[148602.91511934,165007.59815777],[148581.309,165018.94500036],[148584.27,165016.19300036],[148590.59606483,165009.71307819],[148596.034,165003.77200036],[148604.339,164993.97700036],[148608.501,164988.31800036],[148609.36226685,164987.0360245],[148611.34406423,164988.36745081]]]},"geometry_name":"GEOM","properties":{"INSPIRE_ID":"https://databrussels.be/id/streetsurface/134484","TYPE":"SW","STREET_ID":"https://databrussels.be/id/streetname/2960","STRNAMEFRE":"Avenue Jean et Pierre Carsoel","STRNAMEDUT":"Jean en Pierre Carsoellaan","MUNNISCODE":"21016","HIERARCHY":"DC","LVL":0,"ADMIN":"MUN_RE_RBC","AREA":141},"bbox":[148581.309,164987.0360245,148611.34406423,165018.94500036]},{"type":"Feature","id":"StreetSurfaces.fid--2dded296_1a02c23f8dc_-38dc","geometry":{"type":"Polygon","coordinates":[[[148684.08,165482.80000036],[148685.28645378,165483.79886281],[148682.23,165488.93000036],[148680.99,165489.42000036],[148678.23,165489.78000036],[148672.66,165490.06000036],[148668.29694491,165489.58448575],[148668.7,165489.03000036],[148669.82,165489.18000036],[148670.91,165489.22000036],[148672,165489.18000036],[148673.54,165488.95000036],[148674.75,165488.62000036],[148677.69,165487.61000036],[148679.08,165486.96000036],[148681.7,165485.50000036],[148682.45,165484.92000036],[148683.05,165484.27000036],[148684.08,165482.80000036]]]},"geometry_name":"GEOM","properties":{"INSPIRE_ID":"https://databrussels.be/id/streetsurface/135222","TYPE":"SW","STREET_ID":"https://databrussels.be/id/streetname/1477","STRNAMEFRE":"Avenue Kamerdelle","STRNAMEDUT":"Kamerdellelaan","MUNNISCODE":"21016","HIERARCHY":"DR","LVL":0,"ADMIN":"MUN_RBC","AREA":32},"bbox":[148668.29694491,165482.80000036,148685.28645378,165490.06000036]},{"type":"Feature","id":"StreetSurfaces.fid--2dded296_1a02c23f8dc_-38e6","geometry":{"type":"Polygon","coordinates":[[[148756.80521267,165384.09445632],[148759.99818657,165385.34198437],[148759.03,165387.82000036],[148756.781,165395.83500036],[148753.02,165394.78000036],[148755.04073581,165389.87612449],[148756.80521267,165384.09445632]]]},"geometry_name":"GEOM","properties":{"INSPIRE_ID":"https://databrussels.be/id/streetsurface/135223","TYPE":"SW","STREET_ID":"https://databrussels.be/id/streetname/1477","STRNAMEFRE":"Avenue Kamerdelle","STRNAMEDUT":"Kamerdellelaan","MUNNISCODE":"21016","HIERARCHY":"DR","LVL":0,"ADMIN":"MUN_RBC","AREA":38},"bbox":[148753.02,165384.09445632,148759.99818657,165395.83500036]},{"type":"Feature","id":"StreetSurfaces.fid--2dded296_1a02c23f8dc_-38f4","geometry":{"type":"Polygon","coordinates":[[[149074.80727624,165304.69081749],[149076.54,165306.96000036],[149073.87,165308.80000036],[149066.72,165315.02000036],[149050.94,165330.09000036],[149048.86,165332.39000036],[149044.18,165336.61000036],[149036.45,165344.02000036],[149034.78,165345.52000036],[149017.87,165363.07000036],[149013.91,165367.83000036],[149007.33,165375.27000036],[149000,165385.14000036],[148990.43,165398.90000036],[148984.36,165407.08000036],[148982.84,165409.17000036],[148978.69,165415.81000036],[148970.323,165427.67900036],[148939.514,165471.96100036],[148923.038,165495.15800036],[148911.58,165510.10000036],[148897.88,165527.24000036],[148893.05,165533.55000036],[148883.99,165544.72000036],[148875.42,165555.04000036],[148866.04,165566.01000036],[148855.8,165577.59000036],[148849.13,165584.82000036],[148845.834,165588.27100036],[148843.06422097,165585.62540979],[148846.88,165581.56000036],[148853.49,165574.33000036],[148860.03,165567.02000036],[148866.49,165559.65000036],[148873.31,165551.67000036],[148880.03,165543.62000036],[148886.69,165535.51000036],[148890.68,165530.57000036],[148891.56,165529.47000036],[148894.87,165525.31000036],[148896.4,165523.39000036],[148901.21,165517.29000036],[148901.7,165516.68000036],[148903.02,165514.98000036],[148905.3,165512.08000036],[148906.18,165510.96000036],[148909.38,165506.85000036],[148913.45,165501.62000036],[148914.94,165499.66000036],[148919.95,165493.09000036],[148922.84,165489.05000036],[148930.96,165477.71000036],[148941.59,165462.53000036],[148947.76,165453.50000036],[148948.19,165452.86000036],[148961.01,165434.41000036],[148969.7,165422.14000036],[148977.28,165411.20000036],[148989.37,165394.19000036],[148998.99,165381.17000036],[149000,165379.92000036],[149006.36,165372.07000036],[149015.62,165361.65000036],[149032.27,165343.71000036],[149045.84,165330.36000036],[149071.04,165307.06000036],[149072.16,165306.33000036],[149073.28,165305.59000036],[149074.43,165304.90000036],[149074.80727624,165304.69081749]]]},"geometry_name":"GEOM","properties":{"INSPIRE_ID":"https://databrussels.be/id/streetsurface/135224","TYPE":"SW","STREET_ID":"https://databrussels.be/id/streetname/2355","STRNAMEFRE":"Avenue des Statuaires","STRNAMEDUT":"Beeldhouwerslaan","MUNNISCODE":"21016","HIERARCHY":"DR","LVL":0,"ADMIN":"MUN_RBC","AREA":1275},"bbox":[148843.06422097,165304.69081749,149076.54,165588.27100036]},{"type":"Feature","id":"StreetSurfaces.fid--2dded296_1a02c23f8dc_-38f1","geometry":{"type":"Polygon","coordinates":[[[148747.54063481,165379.89144688],[148748.71180769,165380.47859489],[148746.9,165384.07000036],[148744.57,165388.49000036],[148742.27,165392.93000036],[148740.14,165397.31000036],[148738.05,165401.72000036],[148735.85,165406.06000036],[148735.05,165407.53000036],[148734.23,165409.00000036],[148733.42,165410.46000036],[148730.42,165416.67000036],[148725.64,165424.81000036],[148718.96,165433.53000036],[148709.72,165445.60000036],[148703.7,165453.34000036],[148697.95,165462.64000036],[148687.18,165480.62000036],[148685.28645378,165483.79886281],[148684.08,165482.80000036],[148684.79,165481.61000036],[148686.07,165479.13000036],[148691.16,165471.31000036],[148696.18,165463.60000036],[148702.8,165452.40000036],[148716.65,165435.24000036],[148723.53,165426.80000036],[148723.94,165426.09000036],[148730,165415.63000036],[148736.44,165403.43000036],[148747.03,165380.91000036],[148747.54063481,165379.89144688]]]},"geometry_name":"GEOM","properties":{"INSPIRE_ID":"https://databrussels.be/id/streetsurface/135295","TYPE":"SW","STREET_ID":"https://databrussels.be/id/streetname/1477","STRNAMEFRE":"Avenue Kamerdelle","STRNAMEDUT":"Kamerdellelaan","MUNNISCODE":"21016","HIERARCHY":"DR","LVL":0,"ADMIN":"MUN_RBC","AREA":121},"bbox":[148684.08,165379.89144688,148748.71180769,165483.79886281]},{"type":"Feature","id":"StreetSurfaces.fid--2dded296_1a02c23f8dc_-38f7","geometry":{"type":"Polygon","coordinates":[[[148835.09,165205.50000036],[148833.21,165204.88000036],[148833.78,165204.28000036],[148834.27,165203.76000036],[148834.79,165203.28000036],[148835.37,165202.88000036],[148835.89596896,165202.64845947],[148835.09,165205.50000036]]]},"geometry_name":"GEOM","properties":{"INSPIRE_ID":"https://databrussels.be/id/streetsurface/135296","TYPE":"SW","STREET_ID":"https://databrussels.be/id/streetname/642","STRNAMEFRE":"Dieweg","STRNAMEDUT":"Dieweg","MUNNISCODE":"21016","HIERARCHY":"DC","LVL":0,"ADMIN":"MUN_RBC","AREA":3},"bbox":[148833.21,165202.64845947,148835.89596896,165205.50000036]},{"type":"Feature","id":"StreetSurfaces.fid--2dded296_1a02c23f8dc_-38e5","geometry":{"type":"Polygon","coordinates":[[[148756.80521267,165384.09445632],[148756.87531076,165383.86476561],[148758.08313242,165377.69684314],[148758.39627136,165373.46932782],[148757.88182881,165372.03778824],[148756.65915897,165370.76113495],[148769.06,165343.77000036],[148781.14,165317.44000036],[148790.14,165298.27000036],[148807.17,165261.63000036],[148827.19,165217.38000036],[148828.33,165214.75000036],[148829.48,165212.12000036],[148830.66,165209.50000036],[148831.14,165208.37000036],[148831.62,165207.25000036],[148832.21,165206.19000036],[148832.69,165205.52000036],[148833.21,165204.88000036],[148835.09,165205.50000036],[148829.946,165214.40100036],[148812.13,165257.16000036],[148786.96,165321.04000036],[148783.78,165328.47000036],[148781.02,165334.35000036],[148778.89,165338.77000036],[148770.34,165362.67000036],[148763.32,165376.84000036],[148759.99818657,165385.34198437],[148756.80521267,165384.09445632]]]},"geometry_name":"GEOM","properties":{"INSPIRE_ID":"https://databrussels.be/id/streetsurface/135324","TYPE":"SW","STREET_ID":"https://databrussels.be/id/streetname/1477","STRNAMEFRE":"Avenue Kamerdelle","STRNAMEDUT":"Kamerdellelaan","MUNNISCODE":"21016","HIERARCHY":"DR","LVL":0,"ADMIN":"MUN_RBC","AREA":941},"bbox":[148756.65915897,165204.88000036,148835.09,165385.34198437]},{"type":"Feature","id":"StreetSurfaces.fid--2dded296_1a02c23f8dc_-38f8","geometry":{"type":"Polygon","coordinates":[[[148835.09,165205.50000036],[148835.89596896,165202.64845947],[148836.32,165202.51000036],[148836.81,165202.41000036],[148837.36,165202.41000036],[148837.92,165202.49000036],[148838.48,165202.56000036],[148839.82,165202.86000036],[148840.5,165203.01000036],[148845.09,165204.10000036],[148849.67,165205.26000036],[148854.25,165206.45000036],[148859.55,165207.83000036],[148862.2,165208.53000036],[148868.35,165210.17000036],[148874.5,165211.82000036],[148880.65,165213.44000036],[148883.49,165214.16000036],[148886.34,165214.87000036],[148889.19,165215.60000036],[148895.73,165217.33000036],[148902.27,165219.11000036],[148908.8,165220.89000036],[148917.71,165223.31000036],[148921.27,165224.28000036],[148932.67,165227.38000036],[148937.09,165228.58000036],[148942.13,165229.95000036],[148968.05,165236.90000036],[148969.73,165237.35000036],[148972.87,165238.18000036],[148984.5,165241.29000036],[148986.65,165241.86000036],[148987.21,165242.00000036],[149000,165245.26000036],[149002.64,165245.93000036],[149005.39,165246.63000036],[149010.15,165247.84000036],[149012.82,165248.52000036],[149015.45,165249.22000036],[149021.93,165250.96000036],[149024.75,165251.71000036],[149030.62,165253.28000036],[149034.79,165254.40000036],[149042.28,165256.40000036],[149047.34,165257.76000036],[149049.03,165258.16000036],[149062.36,165261.39000036],[149063.13,165261.60000036],[149063.89,165261.80000036],[149064.01788991,165261.83533836],[149063.14,165265.37000036],[149054.46,165263.17000036],[149000,165249.10000036],[148968.79,165241.15000036],[148916.58,165227.01000036],[148835.09,165205.50000036]]]},"geometry_name":"GEOM","properties":{"INSPIRE_ID":"https://databrussels.be/id/streetsurface/135325","TYPE":"SW","STREET_ID":"https://databrussels.be/id/streetname/642","STRNAMEFRE":"Dieweg","STRNAMEDUT":"Dieweg","MUNNISCODE":"21016","HIERARCHY":"DC","LVL":0,"ADMIN":"MUN_RBC","AREA":900},"bbox":[148835.09,165202.41000036,149064.01788991,165265.37000036]},{"type":"Feature","id":"StreetSurfaces.fid--2dded296_1a02c23f8dc_-38e9","geometry":{"type":"Polygon","coordinates":[[[148829.22681747,165203.82480535],[148827.95,165206.62000036],[148820.15,165224.62000036],[148812,165242.97000036],[148799.58,165270.35000036],[148787.01,165297.49000036],[148786.47,165298.53000036],[148776.47,165320.51000036],[148762.45,165350.27000036],[148760.35,165354.71000036],[148758.25,165359.14000036],[148756.18,165363.59000036],[148753.84,165368.93000036],[148751.55,165374.30000036],[148749.15,165379.61000036],[148748.71180769,165380.47859489],[148747.54063481,165379.89144688],[148752.67,165369.66000036],[148758.82,165355.01000036],[148762.51,165343.29000036],[148765.29,165336.62000036],[148775.56,165310.24000036],[148787.22,165282.54000036],[148795,165261.64000036],[148799.83,165263.49000036],[148804.12,165253.13000036],[148805.85,165253.98000036],[148811.16,165241.93000036],[148816.51,165230.16000036],[148828.37,165203.58000036],[148829.22681747,165203.82480535]]]},"geometry_name":"GEOM","properties":{"INSPIRE_ID":"https://databrussels.be/id/streetsurface/135387","TYPE":"SW","STREET_ID":"https://databrussels.be/id/streetname/1477","STRNAMEFRE":"Avenue Kamerdelle","STRNAMEDUT":"Kamerdellelaan","MUNNISCODE":"21016","HIERARCHY":"DR","LVL":0,"ADMIN":"MUN_RBC","AREA":607},"bbox":[148747.54063481,165203.58000036,148829.22681747,165380.47859489]},{"type":"Feature","id":"StreetSurfaces.fid--2dded296_1a02c23f8dc_-38c2","geometry":{"type":"Polygon","coordinates":[[[148829.22681747,165203.82480535],[148828.37,165203.58000036],[148829.13036725,165201.83369522],[148829.23,165202.02000036],[148829.28,165202.18000036],[148829.33,165202.35000036],[148829.37,165202.52000036],[148829.4,165202.80000036],[148829.42,165203.09000036],[148829.43,165203.38000036],[148829.22681747,165203.82480535]]]},"geometry_name":"GEOM","properties":{"INSPIRE_ID":"https://databrussels.be/id/streetsurface/135415","TYPE":"SW","STREET_ID":"https://databrussels.be/id/streetname/642","STRNAMEFRE":"Dieweg","STRNAMEDUT":"Dieweg","MUNNISCODE":"21016","HIERARCHY":"DC","LVL":0,"ADMIN":"MUN_RBC","AREA":1},"bbox":[148828.37,165201.83369522,148829.43,165203.82480535]},{"type":"Feature","id":"StreetSurfaces.fid--2dded296_1a02c23f8dc_-38c3","geometry":{"type":"Polygon","coordinates":[[[148837.41703066,165192.69210117],[148838.64,165192.94000036],[148837.99005822,165195.23951268],[148837.591,165195.04800036],[148837.244,165194.69300036],[148837.04,165194.24000036],[148837.004,165193.74400036],[148837.139,165193.26600036],[148837.41703066,165192.69210117]]]},"geometry_name":"GEOM","properties":{"INSPIRE_ID":"https://databrussels.be/id/streetsurface/135416","TYPE":"SW","STREET_ID":"https://databrussels.be/id/streetname/642","STRNAMEFRE":"Dieweg","STRNAMEDUT":"Dieweg","MUNNISCODE":"21016","HIERARCHY":"DC","LVL":0,"ADMIN":"MUN_RBC","AREA":3},"bbox":[148837.004,165192.69210117,148838.64,165195.23951268]},{"type":"Feature","id":"StreetSurfaces.fid--2dded296_1a02c23f8dc_-38fa","geometry":{"type":"Polygon","coordinates":[[[149066.181,165253.12900036],[149065.74,165255.06000036],[149065.14,165255.06000036],[149064.84,165255.04000036],[149063.75,165254.86000036],[149061.59,165254.24000036],[149049.05,165251.11000036],[149021.81,165243.79000036],[149000,165237.83000036],[148993.49,165236.06000036],[148951.99,165225.49000036],[148942.26,165222.94000036],[148932.03,165220.19000036],[148926.91,165218.85000036],[148916.65,165216.19000036],[148910.82,165214.67000036],[148905,165213.16000036],[148899.18,165211.60000036],[148896.83,165210.96000036],[148894.48,165210.31000036],[148892.14,165209.66000036],[148883.65,165207.39000036],[148875.14,165205.15000036],[148866.65,165202.89000036],[148859.87,165201.03000036],[148856.48,165200.12000036],[148853.48,165199.36000036],[148850.46,165198.62000036],[148847.46,165197.86000036],[148842.56,165196.53000036],[148837.99005822,165195.23951268],[148838.64,165192.94000036],[148852.19,165197.04000036],[148899.38,165209.58000036],[148922.19,165215.32000036],[148923.12,165215.34000036],[148924.66,165215.86000036],[148973.61,165228.64000036],[149000,165235.67000036],[149066.181,165253.12900036]]]},"geometry_name":"GEOM","properties":{"INSPIRE_ID":"https://databrussels.be/id/streetsurface/135418","TYPE":"SW","STREET_ID":"https://databrussels.be/id/streetname/642","STRNAMEFRE":"Dieweg","STRNAMEDUT":"Dieweg","MUNNISCODE":"21016","HIERARCHY":"DC","LVL":0,"ADMIN":"MUN_RBC","AREA":516},"bbox":[148837.99005822,165192.94000036,149066.181,165255.06000036]},{"type":"Feature","id":"StreetSurfaces.fid--2dded296_1a02c23f8dc_-38e1","geometry":{"type":"Polygon","coordinates":[[[148410.3,165595.03000036],[148410.87520702,165594.08086369],[148416.73,165584.42000036],[148420.3,165578.95000036],[148428.42,165565.28000036],[148431.85,165559.90000036],[148436.5,165553.40000036],[148446.66,165539.60000036],[148447.58,165537.82000036],[148447.94,165536.49000036],[148448.491,165533.02600036],[148454.753,165522.41000036],[148455.644,165522.93100036],[148466.871,165503.25200036],[148464.448,165501.86500036],[148504.784,165433.21300036],[148511.821,165421.71500036],[148516.36,165411.75000036],[148511.39,165409.01000036],[148513.52,165407.64000036],[148519.78,165396.42000036],[148521.84,165395.80000036],[148532.67,165375.68000036],[148540.01,165361.33000036],[148546.61,165349.33000036],[148551.103,165341.96500036],[148554.514,165335.72600036],[148557.614,165329.09400036],[148560.56,165321.97000036],[148567.517,165306.50600036],[148578.77,165278.99000036],[148589.14,165257.04000036],[148596.29,165253.04000036],[148601.22,165250.01100036],[148605.934,165247.93400036],[148626.843,165239.93700036],[148654.91,165229.91700036],[148661.523,165227.70000036],[148675.05,165222.85000036],[148689.53,165217.63000036],[148692.91,165216.16000036],[148699.49,165213.58000036],[148709.81,165207.98000036],[148738.16,165191.67000036],[148744.58,165187.95000036],[148746.6783134,165191.64084708],[148745.91,165192.13000036],[148745.2,165192.57000036],[148744.48,165193.01000036],[148742.95,165193.79000036],[148741.41,165194.58000036],[148739.88,165195.36000036],[148735.06,165197.76000036],[148730.23,165200.13000036],[148725.4,165202.48000036],[148720.92,165204.64000036],[148711.94,165208.94000036],[148702.1,165213.66000036],[148697.14,165215.95000036],[148692.97,165217.81000036],[148688.78,165219.62000036],[148684.56,165221.35000036],[148679.21,165223.30000036],[148673.8,165225.11000036],[148668.41,165226.96000036],[148664.19,165228.50000036],[148662.08,165229.28000036],[148655.46,165231.50000036],[148651.37,165232.97000036],[148646.13,165234.85000036],[148639.89,165237.06000036],[148633.65,165239.26000036],[148627.42,165241.51000036],[148623.07,165243.13000036],[148618.73,165244.76000036],[148614.4,165246.42000036],[148611.78,165247.41000036],[148609.17,165248.42000036],[148606.58,165249.48000036],[148604.26,165250.47000036],[148601.95,165251.52000036],[148599.71,165252.67000036],[148598.14,165253.56000036],[148596.61,165254.52000036],[148595.14,165255.56000036],[148594.09,165256.40000036],[148593.08,165257.29000036],[148592.11,165258.21000036],[148590.87,165259.50000036],[148589.7,165260.84000036],[148588.62,165262.25000036],[148587.3,165264.35000036],[148584.98,165268.79000036],[148584.47,165269.83000036],[148583.26,165272.39000036],[148581.84,165275.39000036],[148574.56,165293.32000036],[148573.1,165297.05000036],[148571.63,165300.77000036],[148570.12,165304.48000036],[148568.99,165307.14000036],[148567.83,165309.80000036],[148566.65,165312.45000036],[148565.12,165315.84000036],[148563.56,165319.22000036],[148562.03,165322.61000036],[148560.54,165326.16000036],[148559.09,165329.72000036],[148557.54,165333.24000036],[148555.94,165336.46000036],[148554.25,165339.63000036],[148552.49,165342.77000036],[148551.01,165345.23000036],[148549.48,165347.67000036],[148548,165350.13000036],[148546.74,165352.42000036],[148544.28,165357.04000036],[148540.33,165364.02000036],[148533.18,165378.77000036],[148526.17,165393.79000036],[148524.61,165397.65000036],[148520.99,165406.07000036],[148519.13,165410.27000036],[148517.38,165414.11000036],[148515.59,165417.93000036],[148513.75,165421.73000036],[148511.19,165426.74000036],[148508.54,165431.70000036],[148505.88,165436.66000036],[148503.15,165441.71000036],[148500.41,165446.76000036],[148497.67,165451.80000036],[148494.93,165456.82000036],[148492.18,165461.85000036],[148489.49,165466.90000036],[148487.91,165469.97000036],[148486.35,165473.06000036],[148484.76,165476.13000036],[148482.25,165480.82000036],[148479.66,165485.47000036],[148477.02,165490.09000036],[148475.5,165492.70000036],[148473.96,165495.29000036],[148472.4,165497.88000036],[148470.95,165500.16000036],[148469.49,165502.42000036],[148468.15,165504.75000036],[148467.18,165506.74000036],[148466.3,165508.76000036],[148465.41,165510.79000036],[148467.74,165512.30000036],[148474.13,165501.37000036],[148478.1,165494.75000036],[148481.72,165488.57000036],[148485.8,165480.96000036],[148489.69,165473.62000036],[148492.36,165468.70000036],[148495.72,165462.38000036],[148497.43,165459.24000036],[148499.71,165455.22000036],[148502.03,165451.22000036],[148504.32,165447.21000036],[148506.51,165443.32000036],[148508.67,165439.42000036],[148510.77,165435.49000036],[148512.57,165431.98000036],[148514.32,165428.44000036],[148516.02,165424.88000036],[148517.43,165421.78000036],[148518.79,165418.67000036],[148520.17,165415.56000036],[148521.77,165412.00000036],[148523.39,165408.45000036],[148524.96,165404.88000036],[148526.48,165401.15000036],[148527.95,165397.40000036],[148529.49,165393.68000036],[148530.91,165390.49000036],[148532.37,165387.33000036],[148533.86,165384.17000036],[148535.74,165380.19000036],[148537.66,165376.24000036],[148539.61,165372.30000036],[148541.23,165369.03000036],[148542.87,165365.78000036],[148544.58,165362.57000036],[148545.44,165361.03000036],[148546.32,165359.50000036],[148547.24,165358.01000036],[148548.28,165356.46000036],[148549.38,165354.94000036],[148550.46,165353.42000036],[148551.78,165351.51000036],[148553.09,165349.59000036],[148554.34,165347.64000036],[148555.72,165345.27000036],[148557.02,165342.86000036],[148558.29,165340.43000036],[148560.16,165336.74000036],[148561.96,165333.02000036],[148563.72,165329.27000036],[148565.09,165326.31000036],[148566.43,165323.34000036],[148567.78,165320.37000036],[148576.08,165302.29000036],[148585.18,165278.71000036],[148586.56,165275.42000036],[148587.93,165272.13000036],[148589.46,165268.92000036],[148590.06,165267.80000036],[148590.67,165266.68000036],[148591.34,165265.60000036],[148592.23,165264.36000036],[148594.15,165261.98000036],[148595.49,165260.67000036],[148596.84,165259.35000036],[148598.25,165258.12000036],[148599.72,165257.04000036],[148601.25,165256.04000036],[148602.82,165255.11000036],[148604.83,165254.08000036],[148606.9,165253.17000036],[148608.97,165252.27000036],[148611.56,165251.11000036],[148614.15,165249.97000036],[148616.75,165248.86000036],[148620.93,165247.18000036],[148625.14,165245.56000036],[148629.35,165243.98000036],[148633.91,165242.30000036],[148638.48,165240.65000036],[148643.06,165239.01000036],[148650.42,165236.35000036],[148654.11,165235.05000036],[148656.04,165234.39000036],[148657.98,165233.74000036],[148659.91,165233.09000036],[148665.85,165231.17000036],[148671.78,165229.25000036],[148677.69,165227.23000036],[148680.68,165226.15000036],[148683.66,165225.05000036],[148686.63,165223.91000036],[148691.7,165221.85000036],[148696.74,165219.69000036],[148701.75,165217.47000036],[148704.82,165216.09000036],[148710.94,165213.29000036],[148713.83,165211.99000036],[148719.61,165209.37000036],[148724.46,165207.13000036],[148729.3,165204.86000036],[148734.16,165202.62000036],[148737.11,165201.30000036],[148740.07,165199.98000036],[148743.02,165198.66000036],[148744.39149503,165198.03912085],[148749.03338651,165195.78243463],[148750.497,165198.35600036],[148748.15,165199.69000036],[148740.93,165203.42000036],[148722.21,165214.01000036],[148722.45,165214.41000036],[148713.61,165219.46000036],[148686.01,165231.85000036],[148674.31,165231.09000036],[148670.78,165232.95000036],[148674.02,165239.89000036],[148675.16,165242.13000036],[148666.82,165246.93000036],[148649.28,165257.26000036],[148635.6,165264.95000036],[148628.82,165269.47000036],[148622.75,165274.12000036],[148617.27,165278.71000036],[148609.23,165285.10000036],[148607.45,165283.05000036],[148603.77,165285.90000036],[148602.62,165286.94000036],[148601.28,165288.53000036],[148594.54,165296.58000036],[148589.31,165303.70000036],[148578.38,165319.29000036],[148573.12,165328.51000036],[148566.16,165341.47000036],[148562.67,165348.32000036],[148559.76,165353.34000036],[148551.893,165368.03700036],[148550.24,165367.15000036],[148547.827,165371.62600036],[148542.4,165368.70000036],[148537.06,165379.54000036],[148533.19,165386.97000036],[148531.44,165390.77000036],[148528.67,165398.56000036],[148522.8,165412.14000036],[148515.07,165428.74000036],[148508.07,165442.63000036],[148502.44,165453.43000036],[148498.127,165461.33400036],[148478.97,165496.21000036],[148471.03,165507.35000036],[148463.31,165520.40000036],[148449.07,165543.71000036],[148433.7,165566.37000036],[148429.17,165573.52000036],[148421.37,165586.92000036],[148415.27,165597.84000036],[148410.3,165595.03000036]]]},"geometry_name":"GEOM","properties":{"INSPIRE_ID":"https://databrussels.be/id/streetsurface/135473","TYPE":"SW","STREET_ID":"https://databrussels.be/id/streetname/1182","STRNAMEFRE":"Avenue Paul Stroobant","STRNAMEDUT":"Paul Stroobantlaan","MUNNISCODE":"21016","HIERARCHY":"DR","LVL":0,"ADMIN":"MUN_RBC","AREA":5237},"bbox":[148410.3,165187.95000036,148750.497,165597.84000036]},{"type":"Feature","id":"StreetSurfaces.fid--2dded296_1a02c23f8dc_-38e4","geometry":{"type":"Polygon","coordinates":[[[148773.07,165187.91000036],[148773.94092285,165184.66024617],[148775.214,165185.03700036],[148777.34,165185.66000036],[148782.99,165187.37000036],[148792.55,165190.09000036],[148800.09,165192.14000036],[148828,165199.72000036],[148829.13036725,165201.83369522],[148828.37,165203.58000036],[148812.03,165199.04000036],[148787.35,165191.59000036],[148777.97,165189.38000036],[148773.07,165187.91000036]]]},"geometry_name":"GEOM","properties":{"INSPIRE_ID":"https://databrussels.be/id/streetsurface/135474","TYPE":"SW","STREET_ID":"https://databrussels.be/id/streetname/642","STRNAMEFRE":"Dieweg","STRNAMEDUT":"Dieweg","MUNNISCODE":"21016","HIERARCHY":"DC","LVL":0,"ADMIN":"MUN_RBC","AREA":189},"bbox":[148773.07,165184.66024617,148829.13036725,165203.58000036]},{"type":"Feature","id":"StreetSurfaces.fid--2dded296_1a02c23f8dc_-38e7","geometry":{"type":"Polygon","coordinates":[[[148773.07,165187.91000036],[148768.67,165189.50000036],[148757.33,165194.47000036],[148750.497,165198.35600036],[148749.03338651,165195.78243463],[148752.8790573,165193.91283636],[148754.14098026,165192.96380069],[148755.293,165191.88400036],[148756.23201915,165190.8014454],[148757.06034768,165189.63202075],[148758.294,165187.43300036],[148759.08761461,165186.41679977],[148759.99950788,165185.50524152],[148761.016,165184.71200036],[148761.97830346,165184.12489994],[148762.99786702,165183.64406212],[148764.063,165183.27500036],[148764.90550711,165183.10664908],[148765.75856871,165183.00444201],[148766.617,165182.96900036],[148767.5878499,165183.00963248],[148768.55134676,165183.13562565],[148769.5,165183.34600036],[148773.94092285,165184.66024617],[148773.07,165187.91000036]]]},"geometry_name":"GEOM","properties":{"INSPIRE_ID":"https://databrussels.be/id/streetsurface/135475","TYPE":"SW","STREET_ID":"https://databrussels.be/id/streetname/642","STRNAMEFRE":"Dieweg","STRNAMEDUT":"Dieweg","MUNNISCODE":"21016","HIERARCHY":"DC","LVL":0,"ADMIN":"MUN_RBC","AREA":136},"bbox":[148749.03338651,165182.96900036,148773.94092285,165198.35600036]},{"type":"Feature","id":"StreetSurfaces.fid--2dded296_1a02c23f8dc_-38c5","geometry":{"type":"Polygon","coordinates":[[[148832.86696062,165193.25201026],[148833.46,165191.89000036],[148834.13091717,165192.02599708],[148833.678,165192.70400036],[148832.86696062,165193.25201026]]]},"geometry_name":"GEOM","properties":{"INSPIRE_ID":"https://databrussels.be/id/streetsurface/135476","TYPE":"SW","STREET_ID":"https://databrussels.be/id/streetname/642","STRNAMEFRE":"Dieweg","STRNAMEDUT":"Dieweg","MUNNISCODE":"21016","HIERARCHY":"DC","LVL":0,"ADMIN":"MUN_RBC","AREA":1},"bbox":[148832.86696062,165191.89000036,148834.13091717,165193.25201026]},{"type":"Feature","id":"StreetSurfaces.fid--2dded296_1a02c23f8dc_-38c9","geometry":{"type":"Polygon","coordinates":[[[148894.47672051,165075.63703083],[148900.25,165065.26000036],[148900.87,165064.24000036],[148901.27,165063.86000036],[148901.43,165063.77000036],[148901.6,165063.70000036],[148901.77,165063.65000036],[148901.99,165063.63000036],[148902.21,165063.65000036],[148902.43,165063.69000036],[148902.78,165063.78000036],[148903.12,165063.92000036],[148903.45,165064.06000036],[148906.32352221,165065.12908256],[148905.442,165067.58700036],[148902.05,165066.37000036],[148896.518,165076.72700036],[148894.47672051,165075.63703083]]]},"geometry_name":"GEOM","properties":{"INSPIRE_ID":"https://databrussels.be/id/streetsurface/135477","TYPE":"SW","STREET_ID":"https://databrussels.be/id/streetname/2089","STRNAMEFRE":"Avenue Georges Lecointe","STRNAMEDUT":"Georges Lecointelaan","MUNNISCODE":"21016","HIERARCHY":"DR","LVL":0,"ADMIN":"MUN_RBC","AREA":40},"bbox":[148894.47672051,165063.63000036,148906.32352221,165076.72700036]},{"type":"Feature","id":"StreetSurfaces.fid--2dded296_1a02c23f8dc_-38c6","geometry":{"type":"Polygon","coordinates":[[[148894.47672051,165075.63703083],[148896.518,165076.72700036],[148887.48,165093.65000036],[148863.11,165140.73000036],[148842.87,165182.97000036],[148838.64,165192.94000036],[148837.41703066,165192.69210117],[148838.76,165189.92000036],[148843.48,165180.02000036],[148859.98,165144.77000036],[148872.72,165119.26000036],[148879.75,165104.43000036],[148891.71,165080.61000036],[148894.47672051,165075.63703083]]]},"geometry_name":"GEOM","properties":{"INSPIRE_ID":"https://databrussels.be/id/streetsurface/135478","TYPE":"SW","STREET_ID":"https://databrussels.be/id/streetname/576","STRNAMEFRE":"Avenue François Folie","STRNAMEDUT":"François Folielaan","MUNNISCODE":"21016","HIERARCHY":"DR","LVL":0,"ADMIN":"MUN_RBC","AREA":177},"bbox":[148837.41703066,165075.63703083,148896.518,165192.94000036]},{"type":"Feature","id":"StreetSurfaces.fid--2dded296_1a02c23f8dc_-38da","geometry":{"type":"Polygon","coordinates":[[[148529.16162025,165072.86760892],[148538.15,165067.57000036],[148537.12,165068.70000036],[148536.4,165070.00000036],[148536.1,165070.98000036],[148535.77,165073.04000036],[148535.88,165075.92000036],[148536.3,165077.60000036],[148536.77,165078.61000036],[148538.1,165080.44000036],[148540.03,165082.25000036],[148542.56,165083.73000036],[148553.28,165088.98000036],[148564.98,165094.81000036],[148616.26,165118.02000036],[148624.22,165121.35000036],[148644.68,165129.52000036],[148647.98,165131.16000036],[148671.24,165139.93000036],[148675.42,165141.72000036],[148687.11,165146.18000036],[148696.18,165149.68000036],[148716.63,165156.89000036],[148742.83,165165.75000036],[148746.716,165166.98900036],[148746.26283627,165168.40999778],[148743.1,165167.36000036],[148714.35,165157.68000036],[148697.2,165151.53000036],[148683.53,165146.65000036],[148670.42,165141.69000036],[148644.26,165131.64000036],[148632.52,165126.90000036],[148609.06,165116.83000036],[148592.63,165109.44000036],[148567.07,165097.62000036],[148552.0177206,165090.5179624],[148542.97199918,165085.9896289],[148537.272299,165083.11456846],[148536.54447539,165082.78947172],[148535.83388809,165082.42830705],[148535.14232511,165082.03198323],[148534.47152658,165081.60149749],[148533.82318038,165081.13793304],[148533.1989179,165080.64245632],[148532.60030992,165080.11631406],[148532.0288627,165079.56083015],[148531.48601411,165078.97740233],[148530.9731301,165078.36749863],[148530.49150119,165077.7326537],[148530.04233928,165077.07446498],[148529.62677457,165076.39458861],[148529.48011898,165076.13494],[148529.32319699,165075.64392599],[148529.20476057,165075.14231484],[148529.12552167,165074.63312186],[148529.08595663,165074.11940792],[148529.08630327,165073.60426109],[148529.12655951,165073.09077804],[148529.16162025,165072.86760892]]]},"geometry_name":"GEOM","properties":{"INSPIRE_ID":"https://databrussels.be/id/streetsurface/135980","TYPE":"SW","STREET_ID":"https://databrussels.be/id/streetname/642","STRNAMEFRE":"Dieweg","STRNAMEDUT":"Dieweg","MUNNISCODE":"21016","HIERARCHY":"DC","LVL":0,"ADMIN":"MUN_RBC","AREA":466},"bbox":[148529.08595663,165067.57000036,148746.716,165168.40999778]},{"type":"Feature","id":"StreetSurfaces.fid--2dded296_1a02c23f8dc_-38a4","geometry":{"type":"Polygon","coordinates":[[[148817.42508447,165044.46662784],[148816.691,165047.05300036],[148796.8,165041.41000036],[148785.07,165037.99000036],[148785.24,165037.53000036],[148785.95641607,165035.18023351],[148817.42508447,165044.46662784]]]},"geometry_name":"GEOM","properties":{"INSPIRE_ID":"https://databrussels.be/id/streetsurface/135981","TYPE":"SW","STREET_ID":"https://databrussels.be/id/streetname/2089","STRNAMEFRE":"Avenue Georges Lecointe","STRNAMEDUT":"Georges Lecointelaan","MUNNISCODE":"21016","HIERARCHY":"DR","LVL":0,"ADMIN":"MUN_RBC","AREA":93},"bbox":[148785.07,165035.18023351,148817.42508447,165047.05300036]},{"type":"Feature","id":"StreetSurfaces.fid--2dded296_1a02c23f8dc_-38b8","geometry":{"type":"Polygon","coordinates":[[[148685.96324559,164998.34290527],[148686.54542959,164996.35836385],[148692.309,164997.98600036],[148702.44980268,165000.93775523],[148702.59313814,165000.51089327],[148705.14702061,165001.29688867],[148735.45,165010.43000036],[148779.57,165022.93000036],[148784.158,165024.38800036],[148786.1,165024.90000036],[148788.92,165025.46000036],[148788.14863297,165027.99000036],[148787.72,165027.99000036],[148786.67,165027.91000036],[148785.56,165027.70000036],[148784.46,165027.40000036],[148783.36,165027.09000036],[148769.6,165023.04000036],[148730.74,165011.51000036],[148704.96,165003.95000036],[148702.032,165003.06900036],[148693.034,165000.42600036],[148691.60158418,165000.00400036],[148685.96324559,164998.34290527]]]},"geometry_name":"GEOM","properties":{"INSPIRE_ID":"https://databrussels.be/id/streetsurface/135982","TYPE":"SW","STREET_ID":"https://databrussels.be/id/streetname/2089","STRNAMEFRE":"Avenue Georges Lecointe","STRNAMEDUT":"Georges Lecointelaan","MUNNISCODE":"21016","HIERARCHY":"DR","LVL":0,"ADMIN":"MUN_RBC","AREA":270},"bbox":[148685.96324559,164996.35836385,148788.92,165027.99000036]},{"type":"Feature","id":"StreetSurfaces.fid--2dded296_1a02c23f8dc_-38ea","geometry":{"type":"Polygon","coordinates":[[[148775.78753638,165177.76980798],[148752.95,165170.63000036],[148746.26283627,165168.40999778],[148746.716,165166.98900036],[148776.16,165176.38000036],[148775.78753638,165177.76980798]]]},"geometry_name":"GEOM","properties":{"INSPIRE_ID":"https://databrussels.be/id/streetsurface/135995","TYPE":"SW","STREET_ID":"https://databrussels.be/id/streetname/642","STRNAMEFRE":"Dieweg","STRNAMEDUT":"Dieweg","MUNNISCODE":"21016","HIERARCHY":"DC","LVL":0,"ADMIN":"MUN_RBC","AREA":47},"bbox":[148746.26283627,165166.98900036,148776.16,165177.76980798]},{"type":"Feature","id":"StreetSurfaces.fid--2dded296_1a02c23f8dc_-38cb","geometry":{"type":"Polygon","coordinates":[[[148817.42508447,165044.46662784],[148888.87,165065.55000036],[148889.22,165065.67000036],[148889.56,165065.81000036],[148889.88,165065.98000036],[148890.29,165066.34000036],[148890.64,165066.77000036],[148890.93,165067.24000036],[148891.14,165067.69000036],[148891.29,165068.17000036],[148891.4,165068.66000036],[148891.5,165069.33000036],[148891.53,165070.02000036],[148891.5,165070.70000036],[148891.41,165071.30000036],[148891.27,165071.90000036],[148891.13,165072.49000036],[148890.62880322,165073.58169402],[148889.54,165073.00000036],[148889.39,165071.51000036],[148888.59,165070.51000036],[148887.28,165069.81000036],[148884.88,165068.77000036],[148882.73,165068.02000036],[148877.74,165065.79000036],[148863.57,165060.67000036],[148848.2,165056.24000036],[148843.29,165054.60000036],[148838.67,165053.21000036],[148825.14,165049.45000036],[148816.691,165047.05300036],[148817.42508447,165044.46662784]]]},"geometry_name":"GEOM","properties":{"INSPIRE_ID":"https://databrussels.be/id/streetsurface/135996","TYPE":"SW","STREET_ID":"https://databrussels.be/id/streetname/2089","STRNAMEFRE":"Avenue Georges Lecointe","STRNAMEDUT":"Georges Lecointelaan","MUNNISCODE":"21016","HIERARCHY":"DR","LVL":0,"ADMIN":"MUN_RBC","AREA":229},"bbox":[148816.691,165044.46662784,148891.53,165073.58169402]},{"type":"Feature","id":"StreetSurfaces.fid--2dded296_1a02c23f8dc_-38ab","geometry":{"type":"Polygon","coordinates":[[[148800.2,165020.35000036],[148802.19096327,165021.12210974],[148802.05,165021.35000036],[148801.37,165022.27000036],[148800.65,165023.06000036],[148799.86,165023.80000036],[148799.04,165024.48000036],[148798.09,165025.17000036],[148797.08,165025.80000036],[148796.04,165026.35000036],[148795.04,165026.78000036],[148794.01,165027.13000036],[148792.97,165027.43000036],[148791.93,165027.65000036],[148790.88,165027.82000036],[148789.83,165027.93000036],[148788.78,165027.99000036],[148788.14863297,165027.99000036],[148788.92,165025.46000036],[148789.82,165025.49000036],[148790.73,165025.42000036],[148792.21,165025.26000036],[148793.36,165025.07000036],[148795.49,165024.19000036],[148796.77,165023.45000036],[148797.42,165023.00000036],[148798.8,165021.83000036],[148800.2,165020.35000036]]]},"geometry_name":"GEOM","properties":{"INSPIRE_ID":"https://databrussels.be/id/streetsurface/135997","TYPE":"SW","STREET_ID":"https://databrussels.be/id/streetname/2089","STRNAMEFRE":"Avenue Georges Lecointe","STRNAMEDUT":"Georges Lecointelaan","MUNNISCODE":"21016","HIERARCHY":"DR","LVL":0,"ADMIN":"MUN_RBC","AREA":33},"bbox":[148788.14863297,165020.35000036,148802.19096327,165027.99000036]},{"type":"Feature","id":"StreetSurfaces.fid--2dded296_1a02c23f8dc_-38a1","geometry":{"type":"Polygon","coordinates":[[[148508.73074972,165067.82216408],[148508.27146661,165067.71070344],[148507.58137655,165067.50209234],[148506.90391613,165067.25553554],[148506.24117007,165066.97179174],[148505.59517781,165066.65173412],[148505.11010877,165066.39332559],[148503.74,165065.67000036],[148501.06,165064.17000036],[148491.84126239,165059.24764972],[148492.81,165058.03000036],[148495.92,165059.80000036],[148503.81,165063.90000036],[148506.08,165064.56000036],[148507.57,165064.84000036],[148508.73074972,165067.82216408]]]},"geometry_name":"GEOM","properties":{"INSPIRE_ID":"https://databrussels.be/id/streetsurface/136013","TYPE":"SW","STREET_ID":"https://databrussels.be/id/streetname/642","STRNAMEFRE":"Dieweg","STRNAMEDUT":"Dieweg","MUNNISCODE":"21016","HIERARCHY":"IDR","LVL":0,"ADMIN":"MUN_RBC","AREA":29},"bbox":[148491.84126239,165058.03000036,148508.73074972,165067.82216408]},{"type":"Feature","id":"StreetSurfaces.fid--2dded296_1a02c23f8dc_-389f","geometry":{"type":"Polygon","coordinates":[[[148529.16162025,165072.86760892],[148529.20648337,165072.58204545],[148529.3255944,165072.08112143],[148529.48317659,165071.59101717],[148529.67828267,165071.11467879],[148529.90973983,165070.65496969],[148530.17615671,165070.21465329],[148530.47593181,165069.79637644],[148530.80726311,165069.4026535],[148531.01230551,165069.18729867],[148532.99581083,165067.79842385],[148535.0017216,165066.44091911],[148537.02949275,165065.11515333],[148538.09778029,165064.44070063],[148539.415,165066.52500036],[148538.15,165067.57000036],[148529.16162025,165072.86760892]]]},"geometry_name":"GEOM","properties":{"INSPIRE_ID":"https://databrussels.be/id/streetsurface/136014","TYPE":"SW","STREET_ID":"https://databrussels.be/id/streetname/642","STRNAMEFRE":"Dieweg","STRNAMEDUT":"Dieweg","MUNNISCODE":"21016","HIERARCHY":"IDR","LVL":0,"ADMIN":"MUN_RBC","AREA":26},"bbox":[148529.16162025,165064.44070063,148539.415,165072.86760892]},{"type":"Feature","id":"StreetSurfaces.fid--2dded296_1a02c23f8dc_-38ae","geometry":{"type":"Polygon","coordinates":[[[148683.97656935,165005.11506208],[148687.388,165006.10800036],[148693.705,165007.93400036],[148700.112,165009.87400036],[148722.37,165016.42000036],[148723.309,165016.69300036],[148785.95641607,165035.18023351],[148785.24,165037.53000036],[148777.56,165035.12000036],[148758.6,165029.90000036],[148734.927,165022.85900036],[148721.62,165018.95000036],[148700.50633927,165012.57217993],[148691.499949,165009.97627436],[148683.24891768,165007.59547186],[148683.97656935,165005.11506208]]]},"geometry_name":"GEOM","properties":{"INSPIRE_ID":"https://databrussels.be/id/streetsurface/136015","TYPE":"SW","STREET_ID":"https://databrussels.be/id/streetname/2089","STRNAMEFRE":"Avenue Georges Lecointe","STRNAMEDUT":"Georges Lecointelaan","MUNNISCODE":"21016","HIERARCHY":"DR","LVL":0,"ADMIN":"MUN_RBC","AREA":273},"bbox":[148683.24891768,165005.11506208,148785.95641607,165037.53000036]},{"type":"Feature","id":"StreetSurfaces.fid--2dded296_1a02c23f8dc_-38c1","geometry":{"type":"Polygon","coordinates":[[[148834.30912567,164941.02184748],[148833.37,164943.45300036],[148831.894,164947.15100036],[148828.672,164955.38900036],[148826.786,164960.16400036],[148821.41,164973.62000036],[148821.09,164974.44000036],[148820.1,164976.97000036],[148816.57,164985.95000036],[148812.57,164995.98000036],[148810.97,165000.00000036],[148803.26,165019.40000036],[148802.65,165020.38000036],[148802.19096327,165021.12210974],[148800.2,165020.35000036],[148808.34,165000.00000036],[148824.03664701,164960.25753323],[148825.479,164956.66300036],[148826.268,164954.56200036],[148829.488,164946.22500036],[148831.022,164942.21500036],[148831.959,164939.85500036],[148834.30912567,164941.02184748]]]},"geometry_name":"GEOM","properties":{"INSPIRE_ID":"https://databrussels.be/id/streetsurface/136025","TYPE":"SW","STREET_ID":"https://databrussels.be/id/streetname/4445","STRNAMEFRE":"Avenue Louis Thévenet","STRNAMEDUT":"Louis Thévenetlaan","MUNNISCODE":"21016","HIERARCHY":"DR","LVL":0,"ADMIN":"MUN_RBC","AREA":216},"bbox":[148800.2,164939.85500036,148834.30912567,165021.12210974]},{"type":"Feature","id":"StreetSurfaces.fid--2dded296_1a02c23f8dc_-38ce","geometry":{"type":"Polygon","coordinates":[[[148812.01,165024.93000036],[148809.6077155,165023.99837775],[148809.65,165023.68000036],[148810,165022.40000036],[148810.34,165021.12000036],[148811.94,165016.92000036],[148812.75,165014.82000036],[148813.75,165012.28000036],[148815.79,165007.20000036],[148816.64,165005.09000036],[148818.66,165000.00000036],[148826.22,164980.85000036],[148833.369,164962.61500036],[148834.789,164958.98500036],[148835.564,164956.94300036],[148836.557,164954.38100036],[148837.894,164951.00600036],[148838.954,164948.41000036],[148840.136413,164945.39796736],[148840.271,164944.89300036],[148840.57021431,164944.13050391],[148842.829,164945.25200036],[148840.277,164951.73700036],[148837.644,164958.53100036],[148835.28193921,164964.25765631],[148831.59,164973.18000036],[148827.6,164982.77000036],[148821.23,165000.00000036],[148818.32,165007.85000036],[148812.01,165024.93000036]]]},"geometry_name":"GEOM","properties":{"INSPIRE_ID":"https://databrussels.be/id/streetsurface/136026","TYPE":"SW","STREET_ID":"https://databrussels.be/id/streetname/4445","STRNAMEFRE":"Avenue Louis Thévenet","STRNAMEDUT":"Louis Thévenetlaan","MUNNISCODE":"21016","HIERARCHY":"DR","LVL":0,"ADMIN":"MUN_RBC","AREA":206},"bbox":[148809.6077155,164944.13050391,148842.829,165024.93000036]},{"type":"Feature","id":"StreetSurfaces.fid--2dded296_1a02c23f8dc_-38ec","geometry":{"type":"Polygon","coordinates":[[[148743.15,165178.17000036],[148744.05898126,165175.3201937],[148748.18,165176.71000036],[148748.76,165176.84000036],[148749.35,165176.98000036],[148749.9,165177.18000036],[148750.26,165177.38000036],[148750.61,165177.62000036],[148750.94,165177.88000036],[148751.37,165178.33000036],[148751.75,165178.83000036],[148752.08,165179.36000036],[148752.35,165179.94000036],[148752.56,165180.56000036],[148752.72,165181.18000036],[148752.85,165181.88000036],[148752.93,165182.58000036],[148752.92,165183.28000036],[148752.81,165184.13000036],[148752.59,165184.97000036],[148752.24,165185.74000036],[148751.52145678,165187.01655029],[148750.53069453,165188.46795922],[148749.53417056,165189.68559436],[148748.66518236,165190.32368339],[148748.02,165190.74000036],[148746.6783134,165191.64084708],[148744.58,165187.95000036],[148745.97,165186.71000036],[148747.07,165184.75000036],[148747.16,165182.68000036],[148746.52,165180.84000036],[148745.22,165179.44000036],[148743.15,165178.17000036]]]},"geometry_name":"GEOM","properties":{"INSPIRE_ID":"https://databrussels.be/id/streetsurface/136034","TYPE":"SW","STREET_ID":"https://databrussels.be/id/streetname/642","STRNAMEFRE":"Dieweg","STRNAMEDUT":"Dieweg","MUNNISCODE":"21016","HIERARCHY":"DC","LVL":0,"ADMIN":"MUN_RBC","AREA":86},"bbox":[148743.15,165175.3201937,148752.93,165191.64084708]},{"type":"Feature","id":"StreetSurfaces.fid--2dded296_1a02c23f8dc_-38d4","geometry":{"type":"Polygon","coordinates":[[[148743.15,165178.17000036],[148742.85,165178.98000036],[148680.82,165156.80000036],[148663.84,165150.61000036],[148651.89,165146.12000036],[148617.59,165131.69000036],[148608.41,165128.09000036],[148604.22,165126.26000036],[148582.55,165116.82000036],[148578.65,165115.45000036],[148561.67335915,165105.32856759],[148561.9720321,165105.0388937],[148562.28150393,165104.79672291],[148562.61383891,165104.58664844],[148562.96560312,165104.4108409],[148563.33316192,165104.27111686],[148563.71271745,165104.16892003],[148564.1003479,165104.10530638],[148564.49204803,165104.08093321],[148564.90581305,165104.09808332],[148567.17690865,165105.1147506],[148566.2941516,165107.12048247],[148578.19359563,165112.68967973],[148578.95307069,165110.99023967],[148580.65423998,165111.75048752],[148579.89476492,165113.44992758],[148585.83859058,165116.03694082],[148586.67210182,165114.23029285],[148590.63490259,165116.2292208],[148617.95,165128.30000036],[148634.27,165134.93000036],[148663.91,165146.65000036],[148677.65,165151.53000036],[148698.22,165159.40000036],[148710.57,165163.77000036],[148730.3,165170.68000036],[148744.05898126,165175.3201937],[148743.15,165178.17000036]]]},"geometry_name":"GEOM","properties":{"INSPIRE_ID":"https://databrussels.be/id/streetsurface/136035","TYPE":"SW","STREET_ID":"https://databrussels.be/id/streetname/642","STRNAMEFRE":"Dieweg","STRNAMEDUT":"Dieweg","MUNNISCODE":"21016","HIERARCHY":"DC","LVL":0,"ADMIN":"MUN_RBC","AREA":667},"bbox":[148561.67335915,165104.08093321,148744.05898126,165178.98000036]},{"type":"Feature","id":"StreetSurfaces.fid--2dded296_1a02c23f8dc_-38e2","geometry":{"type":"Polygon","coordinates":[[[148832.86696062,165193.25201026],[148832.098,165193.46800036],[148831.21,165193.39600036],[148829.9,165193.05000036],[148827.01,165192.29000036],[148824.13,165191.54000036],[148820.58,165190.58000036],[148817.04,165189.62000036],[148813.49,165188.65000036],[148806.49,165186.75000036],[148803,165185.77000036],[148801.47,165185.34000036],[148799.95,165184.90000036],[148798.42,165184.46000036],[148786.96,165181.18000036],[148776.14,165177.88000036],[148775.78753638,165177.76980798],[148776.16,165176.38000036],[148780.51,165177.38000036],[148798.66,165182.86000036],[148801.96,165183.36000036],[148833.46,165191.89000036],[148832.86696062,165193.25201026]]]},"geometry_name":"GEOM","properties":{"INSPIRE_ID":"https://databrussels.be/id/streetsurface/136036","TYPE":"SW","STREET_ID":"https://databrussels.be/id/streetname/642","STRNAMEFRE":"Dieweg","STRNAMEDUT":"Dieweg","MUNNISCODE":"21016","HIERARCHY":"DC","LVL":0,"ADMIN":"MUN_RBC","AREA":113},"bbox":[148775.78753638,165176.38000036,148833.46,165193.46800036]},{"type":"Feature","id":"StreetSurfaces.fid--2dded296_1a02c23f8dc_-38c8","geometry":{"type":"Polygon","coordinates":[[[148890.62880322,165073.58169402],[148882.15,165092.05000036],[148877.17,165102.07000036],[148870.71,165115.63000036],[148856.89,165143.91000036],[148856.1,165145.52000036],[148847.57,165162.86000036],[148846.87,165164.38000036],[148835.32,165189.49000036],[148835.08,165189.97000036],[148834.84,165190.44000036],[148834.13091717,165192.02599708],[148833.46,165191.89000036],[148846.7,165164.20000036],[148862.27,165131.12000036],[148870.43,165115.05000036],[148869.17,165114.42000036],[148873.04,165107.00000036],[148880.33,165092.29000036],[148889.54,165073.00000036],[148890.62880322,165073.58169402]]]},"geometry_name":"GEOM","properties":{"INSPIRE_ID":"https://databrussels.be/id/streetsurface/136037","TYPE":"SW","STREET_ID":"https://databrussels.be/id/streetname/576","STRNAMEFRE":"Avenue François Folie","STRNAMEDUT":"François Folielaan","MUNNISCODE":"21016","HIERARCHY":"DR","LVL":0,"ADMIN":"MUN_RBC","AREA":113},"bbox":[148833.46,165073.00000036,148890.62880322,165192.02599708]},{"type":"Feature","id":"StreetSurfaces.fid--2dded296_1a02c23f8dc_-38a7","geometry":{"type":"Polygon","coordinates":[[[148819.33609492,165037.73092808],[148818.79,165037.59000036],[148817.59,165037.17000036],[148816.8,165036.81000036],[148816.04,165036.39000036],[148815.31,165035.93000036],[148814.13,165034.99000036],[148813.07,165033.90000036],[148812.14,165032.72000036],[148811.36,165031.53000036],[148810.68,165030.26000036],[148810.15,165028.94000036],[148809.78,165027.64000036],[148809.54,165026.30000036],[148809.48,165024.96000036],[148809.6077155,165023.99837775],[148812.01,165024.93000036],[148812.19,165027.26000036],[148812.91,165029.71000036],[148813.97,165031.53000036],[148815.57,165033.15000036],[148817.75,165034.45000036],[148820,165035.39000036],[148819.33609492,165037.73092808]]]},"geometry_name":"GEOM","properties":{"INSPIRE_ID":"https://databrussels.be/id/streetsurface/136038","TYPE":"SW","STREET_ID":"https://databrussels.be/id/streetname/2089","STRNAMEFRE":"Avenue Georges Lecointe","STRNAMEDUT":"Georges Lecointelaan","MUNNISCODE":"21016","HIERARCHY":"DR","LVL":0,"ADMIN":"MUN_RBC","AREA":39},"bbox":[148809.48,165023.99837775,148820,165037.73092808]},{"type":"Feature","id":"StreetSurfaces.fid--2dded296_1a02c23f8dc_-38cd","geometry":{"type":"Polygon","coordinates":[[[148819.33609492,165037.73092808],[148820,165035.39000036],[148834.28,165039.82000036],[148872.3,165050.78000036],[148883.65,165053.90000036],[148887.27,165053.91000036],[148893.56,165054.69000036],[148897.42,165054.78000036],[148898.55,165054.53000036],[148899.4,165054.06000036],[148899.77,165053.67000036],[148900.4,165052.76000036],[148901.46873223,165053.24343036],[148900.15903178,165055.37344223],[148898.6250196,165056.72203955],[148896.93514506,165057.73418384],[148894.88383351,165058.63347378],[148891.74574977,165059.05447166],[148881.59,165056.03000036],[148861.96,165050.24000036],[148839.77,165043.68000036],[148821.27,165038.24000036],[148820.03,165037.91000036],[148819.33609492,165037.73092808]]]},"geometry_name":"GEOM","properties":{"INSPIRE_ID":"https://databrussels.be/id/streetsurface/136039","TYPE":"SW","STREET_ID":"https://databrussels.be/id/streetname/2089","STRNAMEFRE":"Avenue Georges Lecointe","STRNAMEDUT":"Georges Lecointelaan","MUNNISCODE":"21016","HIERARCHY":"DR","LVL":0,"ADMIN":"MUN_RBC","AREA":215},"bbox":[148819.33609492,165035.39000036,148901.46873223,165059.05447166]},{"type":"Feature","id":"StreetSurfaces.fid--2dded296_1a02c23f8dc_-38ca","geometry":{"type":"Polygon","coordinates":[[[148907.57,165056.56000036],[148908.97,165057.75000036],[148908.24080068,165059.78320153],[148906.01059228,165058.82891388],[148906.21033624,165058.01585257],[148907.57,165056.56000036]]]},"geometry_name":"GEOM","properties":{"INSPIRE_ID":"https://databrussels.be/id/streetsurface/136040","TYPE":"SW","STREET_ID":"https://databrussels.be/id/streetname/2089","STRNAMEFRE":"Avenue Georges Lecointe","STRNAMEDUT":"Georges Lecointelaan","MUNNISCODE":"21016","HIERARCHY":"DR","LVL":0,"ADMIN":"MUN_RBC","AREA":6},"bbox":[148906.01059228,165056.56000036,148908.97,165059.78320153]},{"type":"Feature","id":"StreetSurfaces.fid--2dded296_1a02c23f8dc_-38de","geometry":{"type":"Polygon","coordinates":[[[148668.7,165489.03000036],[148668.29694491,165489.58448575],[148667.43,165489.49000036],[148662.13,165487.65000036],[148654.27,165483.71000036],[148646.98,165479.65000036],[148639.54,165475.51000036],[148639.64,165474.68000036],[148646,165478.01000036],[148651.97,165481.52000036],[148663.11,165487.71000036],[148668.7,165489.03000036]]]},"geometry_name":"GEOM","properties":{"INSPIRE_ID":"https://databrussels.be/id/streetsurface/136874","TYPE":"SW","STREET_ID":"https://databrussels.be/id/streetname/878","STRNAMEFRE":"Chemin du Crabbegat","STRNAMEDUT":"Crabbegatweg","MUNNISCODE":"21016","HIERARCHY":"DR","LVL":0,"ADMIN":"MUN_RBC","AREA":23},"bbox":[148639.54,165474.68000036,148668.7,165489.58448575]},{"type":"Feature","id":"StreetSurfaces.fid--2dded296_1a02c23f8dc_-38f6","geometry":{"type":"Polygon","coordinates":[[[149067.69,165295.37000036],[149069.92505535,165298.29703894],[149067.87,165300.24000036],[149064.56,165303.34000036],[149060.74,165306.92000036],[149056.9,165310.49000036],[149053.07,165314.06000036],[149049.24,165317.62000036],[149045.42,165321.18000036],[149041.62,165324.76000036],[149038.38,165327.84000036],[149035.15,165330.95000036],[149031.97,165334.09000036],[149029.57,165336.53000036],[149027.2,165339.00000036],[149024.84,165341.48000036],[149018.9,165347.71000036],[149013.02,165354.00000036],[149007.26,165360.40000036],[149003.49,165364.74000036],[149000,165368.88000036],[148999.78,165369.13000036],[148996.15,165373.58000036],[148993.42,165377.04000036],[148990.74,165380.52000036],[148988.08,165384.03000036],[148983.18,165390.72000036],[148978.39,165397.48000036],[148973.61,165404.26000036],[148970.23,165409.00000036],[148966.86,165413.74000036],[148963.51,165418.50000036],[148959.77,165423.88000036],[148956.06,165429.27000036],[148952.35,165434.66000036],[148949.39,165438.96000036],[148946.44,165443.25000036],[148943.48,165447.54000036],[148940.27,165452.13000036],[148933.83,165461.31000036],[148924.95,165474.07000036],[148920.49,165480.44000036],[148916.89,165485.63000036],[148913.28,165490.81000036],[148909.52,165495.88000036],[148907.09,165498.94000036],[148904.59,165501.96000036],[148902.1,165504.97000036],[148898.87,165509.01000036],[148896.22,165512.33000036],[148885.54,165525.68000036],[148880.82,165531.46000036],[148872.42,165541.77000036],[148872.32,165541.89000036],[148861.94,165553.99000036],[148854.2,165563.03000036],[148850.6,165566.91000036],[148842.06,165576.14000036],[148840.74,165577.65000036],[148839.42,165579.15000036],[148838.438,165580.61600036],[148838.13516288,165580.91785001],[148835.53,165578.43000036],[148842.04,165571.36000036],[148859.46,165551.70000036],[148872.82,165535.90000036],[148890.17,165514.66000036],[148907.17,165492.85000036],[148910.19,165488.64000036],[148915.79,165480.80000036],[148926.22,165465.86000036],[148958.63,165418.98000036],[148970.77,165401.75000036],[148976.64,165393.58000036],[149000,165362.62000036],[149008.16,165353.83000036],[149020.38,165340.67000036],[149032.91,165328.10000036],[149042.23,165318.98000036],[149054.61,165307.05000036],[149067.69,165295.37000036]]]},"geometry_name":"GEOM","properties":{"INSPIRE_ID":"https://databrussels.be/id/streetsurface/136875","TYPE":"SW","STREET_ID":"https://databrussels.be/id/streetname/2355","STRNAMEFRE":"Avenue des Statuaires","STRNAMEDUT":"Beeldhouwerslaan","MUNNISCODE":"21016","HIERARCHY":"DR","LVL":0,"ADMIN":"MUN_RBC","AREA":1330},"bbox":[148835.53,165295.37000036,149069.92505535,165580.91785001]},{"type":"Feature","id":"StreetSurfaces.fid--2dded296_1a02c23f8dc_-38db","geometry":{"type":"Polygon","coordinates":[[[148667.86138175,165503.12068619],[148666.21,165501.37800036],[148665.685,165497.63900036],[148665.16,165493.90000036],[148665.98820979,165492.760627],[148666.49,165493.13000036],[148667.31,165494.11000036],[148667.97,165495.25000036],[148668.44,165496.46000036],[148668.71,165497.62000036],[148668.82,165498.84000036],[148668.78,165500.04000036],[148668.62,165501.04000036],[148668.34,165502.02000036],[148667.97,165502.95000036],[148667.86138175,165503.12068619]]]},"geometry_name":"GEOM","properties":{"INSPIRE_ID":"https://databrussels.be/id/streetsurface/137414","TYPE":"SW","STREET_ID":"https://databrussels.be/id/streetname/1477","STRNAMEFRE":"Avenue Kamerdelle","STRNAMEDUT":"Kamerdellelaan","MUNNISCODE":"21016","HIERARCHY":"DR","LVL":0,"ADMIN":"MUN_RBC","AREA":24},"bbox":[148665.16,165492.760627,148668.82,165503.12068619]},{"type":"Feature","id":"StreetSurfaces.fid--2dded296_1a02c23f8dc_-38dd","geometry":{"type":"Polygon","coordinates":[[[148665.16,165493.90000036],[148640.7,165480.32000036],[148637.13,165478.01000036],[148633.03,165476.01000036],[148632.25,165475.79000036],[148631.36,165475.82000036],[148628.64,165476.68000036],[148626.91,165477.61000036],[148626,165478.33000036],[148624.33,165479.97000036],[148616.68,165491.15000036],[148610.06,165502.21000036],[148600.58,165516.02000036],[148595.76,165523.50000036],[148589.7202843,165531.26292189],[148592.83,165527.09100036],[148595.88,165522.62000036],[148606.42,165506.39000036],[148615.74,165491.83000036],[148622.51,165481.15000036],[148624.39,165478.91000036],[148625.43,165477.92000036],[148626.53,165477.09000036],[148627.73,165476.38000036],[148628.98,165475.83000036],[148630.01,165475.49000036],[148631.08,165475.26000036],[148632.11,165475.26000036],[148632.87,165475.52000036],[148633.6,165475.92000036],[148634.34,165476.32000036],[148644.34,165481.41000036],[148653.91,165486.21000036],[148664.16,165491.71000036],[148664.96,165492.16000036],[148665.77,165492.60000036],[148665.98820979,165492.760627],[148665.16,165493.90000036]]]},"geometry_name":"GEOM","properties":{"INSPIRE_ID":"https://databrussels.be/id/streetsurface/137415","TYPE":"SW","STREET_ID":"https://databrussels.be/id/streetname/878","STRNAMEFRE":"Chemin du Crabbegat","STRNAMEDUT":"Crabbegatweg","MUNNISCODE":"21016","HIERARCHY":"DR","LVL":0,"ADMIN":"MUN_RBC","AREA":73},"bbox":[148589.7202843,165475.26000036,148665.98820979,165531.26292189]},{"type":"Feature","id":"StreetSurfaces.fid--2dded296_1a02c23f8dc_-38ed","geometry":{"type":"Polygon","coordinates":[[[148691.34920028,165493.30586344],[148693.49661669,165493.13984687],[148691.92,165494.87000036],[148691.34920028,165493.30586344]]]},"geometry_name":"GEOM","properties":{"INSPIRE_ID":"https://databrussels.be/id/streetsurface/137416","TYPE":"SW","STREET_ID":"https://databrussels.be/id/streetname/1477","STRNAMEFRE":"Avenue Kamerdelle","STRNAMEDUT":"Kamerdellelaan","MUNNISCODE":"21016","HIERARCHY":"DR","LVL":0,"ADMIN":"MUN_RBC","AREA":2},"bbox":[148691.34920028,165493.13984687,148693.49661669,165494.87000036]},{"type":"Feature","id":"StreetSurfaces.fid--2dded296_1a02c23f8dc_-38f2","geometry":{"type":"Polygon","coordinates":[[[148673.03930013,165508.58437578],[148675.78,165506.10000036],[148678.53,165503.56000036],[148681.24,165500.97000036],[148683.67,165498.52000036],[148686.06,165496.02000036],[148688.45,165493.53000036],[148691.34920028,165493.30586344],[148691.92,165494.87000036],[148684.52,165502.43000036],[148675.399,165511.07400036],[148673.03930013,165508.58437578]]]},"geometry_name":"GEOM","properties":{"INSPIRE_ID":"https://databrussels.be/id/streetsurface/137417","TYPE":"SW","STREET_ID":"https://databrussels.be/id/streetname/1477","STRNAMEFRE":"Avenue Kamerdelle","STRNAMEDUT":"Kamerdellelaan","MUNNISCODE":"21016","HIERARCHY":"DR","LVL":0,"ADMIN":"MUN_RBC","AREA":77},"bbox":[148673.03930013,165493.30586344,148691.92,165511.07400036]},{"type":"Feature","id":"StreetSurfaces.fid--2dded296_1a02c23f8dc_-38d6","geometry":{"type":"Polygon","coordinates":[[[148499.1,165097.65000036],[148500.19,165097.83000036],[148501.28,165098.04000036],[148502.36,165098.31000036],[148503.42,165098.66000036],[148504.47,165099.07000036],[148505.5,165099.51000036],[148506.95,165100.17000036],[148508.37,165100.88000036],[148509.8,165101.59000036],[148511.54,165102.49000036],[148514.55,165104.06000036],[148531.93,165113.09000036],[148542.23902141,165118.46528154],[148548.80856762,165121.81894445],[148547.144785,165124.9292508],[148545.19,165124.04000036],[148525.716,165113.69200036],[148524.119,165112.86200036],[148504.547,165102.68900036],[148502.903,165102.09500036],[148499.449,165101.18700036],[148497.239,165100.82100036],[148495.22874889,165100.61881691],[148495.58185614,165097.10797446],[148496.65776891,165097.23760262],[148497.58,165097.42000036],[148499.1,165097.65000036]]]},"geometry_name":"GEOM","properties":{"INSPIRE_ID":"https://databrussels.be/id/streetsurface/144892","TYPE":"SW","STREET_ID":"https://databrussels.be/id/streetname/642","STRNAMEFRE":"Dieweg","STRNAMEDUT":"Dieweg","MUNNISCODE":"21016","HIERARCHY":"IDR","LVL":0,"ADMIN":"MUN_RBC","AREA":201},"bbox":[148495.22874889,165097.10797446,148548.80856762,165124.9292508]},{"type":"Feature","id":"StreetSurfaces.fid--2dded296_1a02c23f8dc_-38f0","geometry":{"type":"Polygon","coordinates":[[[148689.00260095,165486.87558233],[148685.28645378,165483.79886281],[148687.18,165480.62000036],[148697.95,165462.64000036],[148703.7,165453.34000036],[148709.72,165445.60000036],[148718.96,165433.53000036],[148725.64,165424.81000036],[148730.42,165416.67000036],[148733.42,165410.46000036],[148734.23,165409.00000036],[148735.05,165407.53000036],[148735.85,165406.06000036],[148738.05,165401.72000036],[148740.14,165397.31000036],[148742.27,165392.93000036],[148744.57,165388.49000036],[148746.9,165384.07000036],[148748.71180769,165380.47859489],[148752.07143401,165382.16288755],[148751.92,165382.21000036],[148751.64,165382.38000036],[148751.39,165382.62000036],[148751.13,165382.85000036],[148749.55,165386.30000036],[148746.56,165392.68000036],[148744.86,165396.18000036],[148743.14,165399.67000036],[148741.44,165403.17000036],[148739.87,165406.57000036],[148738.32,165409.99000036],[148736.71,165413.38000036],[148734.94,165416.90000036],[148733.1,165420.39000036],[148731.12,165423.78000036],[148729.26,165426.59000036],[148727.28,165429.34000036],[148725.29,165432.07000036],[148722.59,165435.74000036],[148719.85,165439.37000036],[148717.06,165442.97000036],[148714.71,165445.88000036],[148712.32,165448.75000036],[148709.98,165451.66000036],[148708.11,165454.03000036],[148706.28,165456.42000036],[148704.52,165458.86000036],[148702.45,165462.12000036],[148700.51,165465.47000036],[148698.58,165468.84000036],[148695.68,165473.83000036],[148692.82,165478.84000036],[148690.03,165483.88000036],[148688.72993169,165486.28865406],[148689.28222951,165486.37108929],[148689.00260095,165486.87558233]]]},"geometry_name":"GEOM","properties":{"INSPIRE_ID":"https://databrussels.be/id/streetsurface/16454","TYPE":"S","STREET_ID":"https://databrussels.be/id/streetname/1477","STRNAMEFRE":"Avenue Kamerdelle","STRNAMEDUT":"Kamerdellelaan","MUNNISCODE":"21016","HIERARCHY":"DR","LVL":0,"ADMIN":"MUN_RBC","AREA":477},"bbox":[148685.28645378,165380.47859489,148752.07143401,165486.87558233]},{"type":"Feature","id":"StreetSurfaces.fid--2dded296_1a02c23f8dc_-38f3","geometry":{"type":"Polygon","coordinates":[[[148691.34920028,165493.30586344],[148688.45,165493.53000036],[148686.06,165496.02000036],[148683.67,165498.52000036],[148681.24,165500.97000036],[148678.53,165503.56000036],[148675.78,165506.10000036],[148673.03930013,165508.58437578],[148670.804,165506.22600036],[148667.86138175,165503.12068619],[148667.97,165502.95000036],[148668.34,165502.02000036],[148668.62,165501.04000036],[148668.78,165500.04000036],[148668.82,165498.84000036],[148668.71,165497.62000036],[148668.44,165496.46000036],[148667.97,165495.25000036],[148667.31,165494.11000036],[148666.49,165493.13000036],[148665.98820979,165492.760627],[148666.93,165491.46500036],[148668.29694491,165489.58448575],[148672.66,165490.06000036],[148678.23,165489.78000036],[148680.99,165489.42000036],[148682.23,165488.93000036],[148685.28645378,165483.79886281],[148689.00260095,165486.87558233],[148691.34920028,165493.30586344]]]},"geometry_name":"GEOM","properties":{"INSPIRE_ID":"https://databrussels.be/id/streetsurface/17166","TYPE":"I","STREET_ID":"https://databrussels.be/id/streetname/1477","STRNAMEFRE":"Avenue Kamerdelle","STRNAMEDUT":"Kamerdellelaan","MUNNISCODE":"21016","HIERARCHY":"DR","LVL":0,"ADMIN":"MUN_RBC","AREA":297},"bbox":[148665.98820979,165483.79886281,148691.34920028,165508.58437578]},{"type":"Feature","id":"StreetSurfaces.fid--2dded296_1a02c23f8dc_-38b9","geometry":{"type":"Polygon","coordinates":[[[148624.00584707,165001.79028153],[148624.322,165001.26800036],[148624.43731525,165000.77341429],[148624.453701,165000.26582736],[148624.40876087,165000.00400036],[148624.36759561,164999.76416622],[148624.18,164999.29100036],[148623.01035666,164997.04478207],[148630.9426926,164992.87897303],[148631.597,164994.11100036],[148632.31462442,164995.06248871],[148633.293,164995.74300036],[148634.43757888,164996.0888923],[148635.633,164996.06300036],[148638.40040313,164994.56109666],[148639.948,164997.96600036],[148642.14482816,165002.80010483],[148639.737,165004.04100036],[148638.576,165004.64000036],[148637.79,165003.17800036],[148635.983,165004.12800036],[148636.76,165005.60600036],[148635.616,165006.22900036],[148628.50570086,165010.04623969],[148624.00584707,165001.79028153]]]},"geometry_name":"GEOM","properties":{"INSPIRE_ID":"https://databrussels.be/id/streetsurface/18552","TYPE":"IC","STREET_ID":"https://databrussels.be/id/streetname/2960","STRNAMEFRE":"Avenue Jean et Pierre Carsoel","STRNAMEDUT":"Jean en Pierre Carsoellaan","MUNNISCODE":"21016","HIERARCHY":"IDR","LVL":0,"ADMIN":"MUN_RE_RBC","AREA":187},"bbox":[148623.01035666,164992.87897303,148642.14482816,165010.04623969]},{"type":"Feature","id":"StreetSurfaces.fid--2dded296_1a02c23f8dc_-38af","geometry":{"type":"Polygon","coordinates":[[[148602.91511934,165007.59815777],[148610.907,165003.33400036],[148611.801,165006.11900036],[148611.911,165006.47100036],[148612.18422055,165006.94580094],[148612.59401322,165007.30933227],[148613.098,165007.52400036],[148613.70481123,165007.59288827],[148618.26493926,165015.70566526],[148617.378,165016.20400036],[148615.14667858,165017.46015886],[148612.918,165018.72100036],[148610.77100736,165019.94589143],[148608.627,165021.17600036],[148607.54540413,165021.79896865],[148606.464649,165022.42339436],[148605.38406985,165023.04812212],[148604.303,165023.67200036],[148603.2747366,165024.26391176],[148602.246,165024.85500036],[148601.392,165023.39600036],[148599.624,165024.43500036],[148600.49,165025.88300036],[148598.02752624,165027.34434788],[148595.57,165028.81400036],[148593.43344762,165030.10293409],[148591.3,165031.39700036],[148589.11417266,165032.72482023],[148586.931,165034.05700036],[148586.11036663,165034.56115368],[148582.676,165029.14000036],[148581.92691055,165027.96077015],[148582.944,165027.33600036],[148585.11069395,165026.00604903],[148587.281,165024.68200036],[148589.42534274,165023.38741356],[148591.574,165022.10000036],[148596.14872252,165019.38401912],[148600.737,165016.69100036],[148601.67540751,165016.02542652],[148602.49,165015.21300036],[148603.11170025,165014.34106072],[148603.58,165013.37800036],[148603.80450062,165012.6137738],[148603.9,165011.82300036],[148603.89812024,165011.41826735],[148603.862831,165011.01507136],[148603.7953485,165010.61630066],[148603.697,165010.22400036],[148603.132,165008.28100036],[148602.91511934,165007.59815777]]]},"geometry_name":"GEOM","properties":{"INSPIRE_ID":"https://databrussels.be/id/streetsurface/18557","TYPE":"IC","STREET_ID":"https://databrussels.be/id/streetname/2960","STRNAMEFRE":"Avenue Jean et Pierre Carsoel","STRNAMEDUT":"Jean en Pierre Carsoellaan","MUNNISCODE":"21016","HIERARCHY":"IDR","LVL":0,"ADMIN":"MUN_RE_RBC","AREA":358},"bbox":[148581.92691055,165003.33400036,148618.26493926,165034.56115368]},{"type":"Feature","id":"StreetSurfaces.fid--2dded296_1a02c23f8dc_-38d9","geometry":{"type":"Polygon","coordinates":[[[148561.4341992,165105.60920938],[148561.21139538,165105.93146141],[148561.02251173,165106.2740849],[148560.86949994,165106.63353967],[148555.34516245,165103.64683489],[148556.33646146,165101.53545606],[148554.93097389,165100.78324715],[148545.67622915,165095.96220893],[148537.83629637,165091.85846096],[148527.88382332,165086.53993401],[148520.67540371,165082.80137845],[148516.24438662,165080.48082168],[148529.16162025,165072.86760892],[148529.12655951,165073.09077804],[148529.08630327,165073.60426109],[148529.08595663,165074.11940792],[148529.12552167,165074.63312186],[148529.20476057,165075.14231484],[148529.32319699,165075.64392599],[148529.48011898,165076.13494],[148529.62677457,165076.39458861],[148530.04233928,165077.07446498],[148530.49150119,165077.7326537],[148530.9731301,165078.36749863],[148531.48601411,165078.97740233],[148532.0288627,165079.56083015],[148532.60030992,165080.11631406],[148533.1989179,165080.64245632],[148533.82318038,165081.13793304],[148534.47152658,165081.60149749],[148535.14232511,165082.03198323],[148535.83388809,165082.42830705],[148536.54447539,165082.78947172],[148537.272299,165083.11456846],[148542.97199918,165085.9896289],[148552.0177206,165090.5179624],[148567.07,165097.62000036],[148592.63,165109.44000036],[148609.06,165116.83000036],[148632.52,165126.90000036],[148644.26,165131.64000036],[148670.42,165141.69000036],[148683.53,165146.65000036],[148697.2,165151.53000036],[148714.35,165157.68000036],[148743.1,165167.36000036],[148746.26283627,165168.40999778],[148744.933,165172.58000036],[148744.05898126,165175.3201937],[148730.3,165170.68000036],[148710.57,165163.77000036],[148698.22,165159.40000036],[148677.65,165151.53000036],[148663.91,165146.65000036],[148634.27,165134.93000036],[148617.95,165128.30000036],[148590.63490259,165116.2292208],[148586.67210182,165114.23029285],[148585.83859058,165116.03694082],[148579.89476492,165113.44992758],[148580.65423998,165111.75048752],[148578.95307069,165110.99023967],[148578.19359563,165112.68967973],[148566.2941516,165107.12048247],[148567.17690865,165105.1147506],[148564.90581305,165104.09808332],[148564.49204803,165104.08093321],[148564.1003479,165104.10530638],[148563.71271745,165104.16892003],[148563.33316192,165104.27111686],[148562.96560312,165104.4108409],[148562.61383891,165104.58664844],[148562.28150393,165104.79672291],[148561.9720321,165105.0388937],[148561.67335915,165105.32856759],[148561.4341992,165105.60920938]]]},"geometry_name":"GEOM","properties":{"INSPIRE_ID":"https://databrussels.be/id/streetsurface/18917","TYPE":"S","STREET_ID":"https://databrussels.be/id/streetname/642","STRNAMEFRE":"Dieweg","STRNAMEDUT":"Dieweg","MUNNISCODE":"21016","HIERARCHY":"DC","LVL":0,"ADMIN":"MUN_RBC","AREA":1810},"bbox":[148516.24438662,165072.86760892,148746.26283627,165175.3201937]},{"type":"Feature","id":"StreetSurfaces.fid--2dded296_1a02c23f8dc_-38bc","geometry":{"type":"Polygon","coordinates":[[[148638.40040313,164994.56109666],[148639.578,164993.92200036],[148638.791,164992.43400036],[148643.16018921,164990.17111172],[148645.696,164995.22500036],[148648.04766133,164999.76344414],[148647.57657669,165000.00400036],[148646.899,165000.35000036],[148642.14482816,165002.80010483],[148639.948,164997.96600036],[148638.40040313,164994.56109666]]]},"geometry_name":"GEOM","properties":{"INSPIRE_ID":"https://databrussels.be/id/streetsurface/19110","TYPE":"SC","STREET_ID":"https://databrussels.be/id/streetname/2960","STRNAMEFRE":"Avenue Jean et Pierre Carsoel","STRNAMEDUT":"Jean en Pierre Carsoellaan","MUNNISCODE":"21016","HIERARCHY":"IDR","LVL":0,"ADMIN":"MUN_RE_RBC","AREA":66},"bbox":[148638.40040313,164990.17111172,148648.04766133,165002.80010483]},{"type":"Feature","id":"StreetSurfaces.fid--2dded296_1a02c23f8dc_-38ee","geometry":{"type":"Polygon","coordinates":[[[148689.00260095,165486.87558233],[148690.90339298,165487.19361761],[148693.54788013,165486.78749994],[148693.91233871,165486.60763726],[148694.13903109,165486.60763726],[148695.62,165486.45000036],[148696.01,165486.13000036],[148696.75,165485.40000036],[148697.65,165484.29000036],[148698.55,165483.17000036],[148699.44,165482.05000036],[148700.54,165480.63000036],[148701.63,165479.20000036],[148702.7,165477.76000036],[148704.16,165475.91000036],[148705.6,165474.05000036],[148706.79,165472.06000036],[148707.23,165471.14000036],[148707.63,165470.20000036],[148707.82,165469.23000036],[148707.84,165468.61000036],[148707.77,165467.98000036],[148707.57,165467.40000036],[148707.46,165467.22000036],[148707.33,165467.04000036],[148707.2,165466.87000036],[148709.14,165464.57000036],[148711.09,165462.27000036],[148712.96,165459.90000036],[148715.15,165456.69000036],[148717.21,165453.38000036],[148719.32,165450.11000036],[148721.51,165447.04000036],[148723.76,165444.00000036],[148725.98,165440.95000036],[148727.72,165438.50000036],[148729.45,165436.05000036],[148731.18,165433.60000036],[148732.96,165431.18000036],[148734.74,165428.75000036],[148736.4,165426.25000036],[148737.88,165423.66000036],[148739.23,165421.00000036],[148740.51,165418.30000036],[148741.88,165415.11000036],[148743.14,165411.88000036],[148744.39,165408.64000036],[148746.03,165404.30000036],[148747.64,165399.95000036],[148749.3,165395.62000036],[148750.56,165392.50000036],[148751.86,165389.38000036],[148753.15,165386.26000036],[148753.32,165385.40000036],[148753.49,165384.55000036],[148753.53,165383.69000036],[148753.52,165383.10000036],[148753.48883225,165382.79871206],[148756.80521267,165384.09445632],[148755.04073581,165389.87612449],[148753.02,165394.78000036],[148744.73,165416.00000036],[148741.4,165426.21000036],[148728.04,165448.82000036],[148719.8,165460.32000036],[148717.09,165465.35000036],[148709.95,165474.71000036],[148701.31,165484.86000036],[148700.03,165485.77000036],[148698.8,165487.32000036],[148693.49661669,165493.13984687],[148691.34920028,165493.30586344],[148689.00260095,165486.87558233]]]},"geometry_name":"GEOM","properties":{"INSPIRE_ID":"https://databrussels.be/id/streetsurface/19327","TYPE":"S","STREET_ID":"https://databrussels.be/id/streetname/1477","STRNAMEFRE":"Avenue Kamerdelle","STRNAMEDUT":"Kamerdellelaan","MUNNISCODE":"21016","HIERARCHY":"DR","LVL":0,"ADMIN":"MUN_RBC","AREA":567},"bbox":[148689.00260095,165382.79871206,148756.80521267,165493.30586344]},{"type":"Feature","id":"StreetSurfaces.fid--2dded296_1a02c23f8dc_-38e8","geometry":{"type":"Polygon","coordinates":[[[148829.22681747,165203.82480535],[148831.73,165204.54000036],[148833.21,165204.88000036],[148832.69,165205.52000036],[148832.21,165206.19000036],[148831.62,165207.25000036],[148831.14,165208.37000036],[148830.66,165209.50000036],[148829.48,165212.12000036],[148828.33,165214.75000036],[148827.19,165217.38000036],[148807.17,165261.63000036],[148790.14,165298.27000036],[148781.14,165317.44000036],[148769.06,165343.77000036],[148756.65915897,165370.76113495],[148757.88182881,165372.03778824],[148758.39627136,165373.46932782],[148758.08313242,165377.69684314],[148756.87531076,165383.86476561],[148756.80521267,165384.09445632],[148753.48883225,165382.79871206],[148753.46,165382.52000036],[148753.24,165382.13000036],[148752.86,165382.03000036],[148752.37,165382.07000036],[148752.07143401,165382.16288755],[148748.71180769,165380.47859489],[148749.15,165379.61000036],[148751.55,165374.30000036],[148753.84,165368.93000036],[148756.18,165363.59000036],[148758.25,165359.14000036],[148760.35,165354.71000036],[148762.45,165350.27000036],[148776.47,165320.51000036],[148786.47,165298.53000036],[148787.01,165297.49000036],[148799.58,165270.35000036],[148812,165242.97000036],[148820.15,165224.62000036],[148827.95,165206.62000036],[148829.22681747,165203.82480535]]]},"geometry_name":"GEOM","properties":{"INSPIRE_ID":"https://databrussels.be/id/streetsurface/19394","TYPE":"S","STREET_ID":"https://databrussels.be/id/streetname/1477","STRNAMEFRE":"Avenue Kamerdelle","STRNAMEDUT":"Kamerdellelaan","MUNNISCODE":"21016","HIERARCHY":"DR","LVL":0,"ADMIN":"MUN_RBC","AREA":683},"bbox":[148748.71180769,165203.82480535,148833.21,165384.09445632]},{"type":"Feature","id":"StreetSurfaces.fid--2dded296_1a02c23f8dc_-38b3","geometry":{"type":"Polygon","coordinates":[[[148624.00584707,165001.79028153],[148628.50570086,165010.04623969],[148627.64,165010.51100036],[148626.487,165011.12900036],[148625.681,165009.65300036],[148623.888,165010.63100036],[148624.709,165012.11500036],[148623.17,165012.96800036],[148621.802,165013.72200036],[148619.58921817,165014.9616068],[148618.26493926,165015.70566526],[148613.70481123,165007.59288827],[148614.16096936,165007.53700231],[148614.657,165007.33300036],[148623.017,165002.72900036],[148623.8060005,165002.12042586],[148624.00584707,165001.79028153]]]},"geometry_name":"GEOM","properties":{"INSPIRE_ID":"https://databrussels.be/id/streetsurface/19791","TYPE":"SC","STREET_ID":"https://databrussels.be/id/streetname/2960","STRNAMEFRE":"Avenue Jean et Pierre Carsoel","STRNAMEDUT":"Jean en Pierre Carsoellaan","MUNNISCODE":"21016","HIERARCHY":"IDR","LVL":0,"ADMIN":"MUN_RE_RBC","AREA":103},"bbox":[148613.70481123,165001.79028153,148628.50570086,165015.70566526]},{"type":"Feature","id":"StreetSurfaces.fid--2dded296_1a02c23f8dc_-38a0","geometry":{"type":"Polygon","coordinates":[[[148508.73074972,165067.82216408],[148513.5106308,165079.8567045],[148513.16125824,165079.94584274],[148512.82387297,165080.07305141],[148512.50262069,165080.23676741],[148508.7054798,165082.63675886],[148501.02858054,165087.41454989],[148496.22025625,165090.41852506],[148495.83495132,165090.77657469],[148488.83115588,165082.92085848],[148489.11273389,165082.63297992],[148489.57080643,165082.10749415],[148489.99798385,165081.55661926],[148490.39286181,165080.98216625],[148490.75414214,165080.38602363],[148491.08063713,165079.77015124],[148491.37127342,165079.13657375],[148491.62509555,165078.48737406],[148491.84126908,165077.82468641],[148492.01908333,165077.15068939],[148492.15795373,165076.46759878],[148492.25742376,165075.77766023],[148492.31716641,165075.08314191],[148492.33698526,165074.38632708],[148492.31681516,165073.68950651],[148492.25672243,165072.99497099],[148492.15690461,165072.30500382],[148492.01768987,165071.62187327],[148491.83953586,165070.94782514],[148491.62302828,165070.28507536],[148491.36887889,165069.63580273],[148491.0779232,165069.00214174],[148490.75111775,165068.38617553],[148490.38953689,165067.78992912],[148489.99436934,165067.21536267],[148489.56691421,165066.66436506],[148489.10857675,165066.1387477],[148488.62086376,165065.64023857],[148488.1053786,165065.17047651],[148487.56381592,165064.73100586],[148488.778,165063.09800036],[148491.84126239,165059.24764972],[148501.06,165064.17000036],[148503.74,165065.67000036],[148505.11010877,165066.39332559],[148505.59517781,165066.65173412],[148506.24117007,165066.97179174],[148506.90391613,165067.25553554],[148507.58137655,165067.50209234],[148508.27146661,165067.71070344],[148508.73074972,165067.82216408]]]},"geometry_name":"GEOM","properties":{"INSPIRE_ID":"https://databrussels.be/id/streetsurface/20330","TYPE":"IC","STREET_ID":"https://databrussels.be/id/streetname/642","STRNAMEFRE":"Dieweg","STRNAMEDUT":"Dieweg","MUNNISCODE":"21016","HIERARCHY":"IDR","LVL":0,"ADMIN":"MUN_RBC","AREA":460},"bbox":[148487.56381592,165059.24764972,148513.5106308,165090.77657469]},{"type":"Feature","id":"StreetSurfaces.fid--2dded296_1a02c23f8dc_-38a2","geometry":{"type":"Polygon","coordinates":[[[148532.45232294,165055.50762352],[148538.09778029,165064.44070063],[148537.02949275,165065.11515333],[148535.0017216,165066.44091911],[148532.99581083,165067.79842385],[148531.01230551,165069.18729867],[148530.80726311,165069.4026535],[148530.47593181,165069.79637644],[148530.17615671,165070.21465329],[148529.90973983,165070.65496969],[148529.67828267,165071.11467879],[148529.48317659,165071.59101717],[148529.3255944,165072.08112143],[148529.20648337,165072.58204545],[148529.16162025,165072.86760892],[148516.24438662,165080.48082168],[148515.96928253,165080.33674761],[148515.5414837,165080.11270617],[148515.2848736,165080.00344507],[148514.94103957,165079.89550384],[148514.58732331,165079.82625159],[148514.22807119,165079.79653928],[148513.86769763,165079.806732],[148513.5106308,165079.8567045],[148508.73074972,165067.82216408],[148508.97206272,165067.88072688],[148509.68100897,165068.01163945],[148510.39612374,165068.10303831],[148511.11520643,165068.15464219],[148511.76500836,165068.16692073],[148513.62677359,165068.00210879],[148515.21018157,165067.67321446],[148516.50800674,165067.27034938],[148518.03792933,165066.64888846],[148520.09197794,165065.5449633],[148523.90615619,165063.00042983],[148530.801,165058.66400036],[148529.846,165057.14100036],[148532.45232294,165055.50762352]]]},"geometry_name":"GEOM","properties":{"INSPIRE_ID":"https://databrussels.be/id/streetsurface/24038","TYPE":"IC","STREET_ID":"https://databrussels.be/id/streetname/642","STRNAMEFRE":"Dieweg","STRNAMEDUT":"Dieweg","MUNNISCODE":"21016","HIERARCHY":"IDR","LVL":0,"ADMIN":"MUN_RBC","AREA":305},"bbox":[148508.73074972,165055.50762352,148538.09778029,165080.48082168]},{"type":"Feature","id":"StreetSurfaces.fid--2dded296_1a02c23f8dc_-38bf","geometry":{"type":"Polygon","coordinates":[[[148683.86394338,164982.46359987],[148682.78568878,164982.94792099],[148681.374,164983.58100036],[148680.673,164982.04600036],[148678.739,164982.91200036],[148677.88888245,164983.43290809],[148677.18,164984.13400036],[148676.63291756,164984.99095596],[148676.258,164985.93600036],[148676.08268571,164986.71108476],[148676.03,164987.50400036],[148676.09226624,164988.30546791],[148676.272,164989.08900036],[148678.282,164993.74200036],[148678.57030758,164994.29819227],[148678.933,164994.80900036],[148679.32983362,164995.23038441],[148679.781,164995.59300036],[148680.58045404,164996.14942692],[148681.413,164996.65500036],[148682.30804321,164997.15592204],[148683.255,164997.55000036],[148684.022,164997.77100036],[148685.96324559,164998.34290527],[148683.97656935,165005.11506208],[148678.359,165003.48000036],[148675.916,165002.76700036],[148676.471,165001.07400036],[148674.884,165000.51400036],[148674.49,165000.37700036],[148673.80421545,165000.11095144],[148673.60203192,165000.00400036],[148673.154,164999.76700036],[148672.21710561,164999.07119842],[148671.383,164998.25500036],[148670.60220448,164997.22557276],[148669.927,164996.12400036],[148668.382,164993.51100036],[148667.80441138,164992.70169931],[148667.1,164992.00000036],[148666.27953644,164991.41193519],[148665.371,164990.97200036],[148664.41257311,164990.6962415],[148663.419,164990.61000036],[148662.4064612,164990.73951393],[148661.447,164991.08800036],[148658.728,164992.46800036],[148656.922,164993.37500036],[148654.648,164994.52500036],[148655.402,164996.00800036],[148648.04766133,164999.76344414],[148645.696,164995.22500036],[148643.16018921,164990.17111172],[148643.367,164990.06400036],[148647.937,164987.74400036],[148650.555,164986.43300036],[148651.314,164987.94300036],[148653.583,164986.81000036],[148655.403,164985.92300036],[148656.778,164985.26300036],[148656.048,164983.73200036],[148657.225,164983.15500036],[148662.674,164980.49000036],[148669.977,164977.04100036],[148675.091,164974.66500036],[148675.804,164976.18600036],[148677.654,164975.33400036],[148676.938,164973.81300036],[148679.55985047,164972.61435994],[148681.709,164977.53200036],[148683.86394338,164982.46359987]]]},"geometry_name":"GEOM","properties":{"INSPIRE_ID":"https://databrussels.be/id/streetsurface/24040","TYPE":"IC","STREET_ID":"https://databrussels.be/id/streetname/2960","STRNAMEFRE":"Avenue Jean et Pierre Carsoel","STRNAMEDUT":"Jean en Pierre Carsoellaan","MUNNISCODE":"21016","HIERARCHY":"IDR","LVL":0,"ADMIN":"MUN_RE_RBC","AREA":557},"bbox":[148643.16018921,164972.61435994,148685.96324559,165005.11506208]},{"type":"Feature","id":"StreetSurfaces.fid--2dded296_1a02c23f8dc_-38a6","geometry":{"type":"Polygon","coordinates":[[[148532.45232294,165055.50762352],[148534.558,165054.18800036],[148539.212,165051.24000036],[148550.87,165043.89700036],[148551.802,165045.40700036],[148553.539,165044.31300036],[148552.605,165042.80800036],[148561.097,165037.45000036],[148561.9,165038.77500036],[148562.154782,165039.18018036],[148562.4222475,165039.4700107],[148562.78,165039.63600036],[148563.04495917,165039.66048618],[148563.3069016,165039.61369855],[148563.547,165039.49900036],[148570.153,165035.30600036],[148577.264,165030.83700036],[148580.10133224,165029.0821722],[148581.92691055,165027.96077015],[148582.676,165029.14000036],[148586.11036663,165034.56115368],[148584.96415877,165035.26532259],[148583,165036.47800036],[148580.86048087,165037.80224922],[148578.725,165039.13300036],[148577.87286592,165039.66970815],[148577.023,165040.21000036],[148576.775,165040.35600036],[148575.884,165038.93900036],[148574.153,165040.02700036],[148575.056,165041.43500036],[148567.981,165045.87400036],[148565.7,165047.31500036],[148563.74,165048.57100036],[148561.177,165050.18600036],[148558.331,165051.98600036],[148557.434,165050.56300036],[148555.724,165051.65900036],[148556.55250007,165052.94395058],[148553.37184261,165054.98040529],[148549.1513936,165057.64113478],[148544.90968834,165060.26827784],[148540.64699878,165062.86166604],[148539.07857325,165063.82148677],[148538.09778029,165064.44070063],[148532.45232294,165055.50762352]]]},"geometry_name":"GEOM","properties":{"INSPIRE_ID":"https://databrussels.be/id/streetsurface/24308","TYPE":"SC","STREET_ID":"https://databrussels.be/id/streetname/2960","STRNAMEFRE":"Avenue Jean et Pierre Carsoel","STRNAMEDUT":"Jean en Pierre Carsoellaan","MUNNISCODE":"21016","HIERARCHY":"IDR","LVL":0,"ADMIN":"MUN_RE_RBC","AREA":530},"bbox":[148532.45232294,165027.96077015,148586.11036663,165064.44070063]},{"type":"Feature","id":"StreetSurfaces.fid--2dded296_1a02c23f8dc_-38eb","geometry":{"type":"Polygon","coordinates":[[[148775.78753638,165177.76980798],[148774.615,165182.14500036],[148773.94092285,165184.66024617],[148769.5,165183.34600036],[148768.55134676,165183.13562565],[148767.5878499,165183.00963248],[148766.617,165182.96900036],[148765.75856871,165183.00444201],[148764.90550711,165183.10664908],[148764.063,165183.27500036],[148762.99786702,165183.64406212],[148761.97830346,165184.12489994],[148761.016,165184.71200036],[148759.99950788,165185.50524152],[148759.08761461,165186.41679977],[148758.294,165187.43300036],[148757.06034768,165189.63202075],[148756.23201915,165190.8014454],[148755.293,165191.88400036],[148754.14098026,165192.96380069],[148752.8790573,165193.91283636],[148749.03338651,165195.78243463],[148747.538,165193.15300036],[148746.6783134,165191.64084708],[148748.02,165190.74000036],[148748.66518236,165190.32368339],[148749.53417056,165189.68559436],[148750.53069453,165188.46795922],[148751.52145678,165187.01655029],[148752.24,165185.74000036],[148752.59,165184.97000036],[148752.81,165184.13000036],[148752.92,165183.28000036],[148752.93,165182.58000036],[148752.85,165181.88000036],[148752.72,165181.18000036],[148752.56,165180.56000036],[148752.35,165179.94000036],[148752.08,165179.36000036],[148751.75,165178.83000036],[148751.37,165178.33000036],[148750.94,165177.88000036],[148750.61,165177.62000036],[148750.26,165177.38000036],[148749.9,165177.18000036],[148749.35,165176.98000036],[148748.76,165176.84000036],[148748.18,165176.71000036],[148744.05898126,165175.3201937],[148744.933,165172.58000036],[148746.26283627,165168.40999778],[148752.95,165170.63000036],[148775.78753638,165177.76980798]]]},"geometry_name":"GEOM","properties":{"INSPIRE_ID":"https://databrussels.be/id/streetsurface/2446","TYPE":"I","STREET_ID":"https://databrussels.be/id/streetname/642","STRNAMEFRE":"Dieweg","STRNAMEDUT":"Dieweg","MUNNISCODE":"21016","HIERARCHY":"DC","LVL":0,"ADMIN":"MUN_RBC","AREA":355},"bbox":[148744.05898126,165168.40999778,148775.78753638,165195.78243463]},{"type":"Feature","id":"StreetSurfaces.fid--2dded296_1a02c23f8dc_-38b6","geometry":{"type":"Polygon","coordinates":[[[148683.97656935,165005.11506208],[148685.96324559,164998.34290527],[148691.60158418,165000.00400036],[148693.034,165000.42600036],[148702.032,165003.06900036],[148704.96,165003.95000036],[148730.74,165011.51000036],[148769.6,165023.04000036],[148783.36,165027.09000036],[148784.46,165027.40000036],[148785.56,165027.70000036],[148786.67,165027.91000036],[148787.72,165027.99000036],[148788.14863297,165027.99000036],[148787.08,165031.49500036],[148785.95641607,165035.18023351],[148723.309,165016.69300036],[148722.37,165016.42000036],[148700.112,165009.87400036],[148693.705,165007.93400036],[148687.388,165006.10800036],[148683.97656935,165005.11506208]]]},"geometry_name":"GEOM","properties":{"INSPIRE_ID":"https://databrussels.be/id/streetsurface/26439","TYPE":"S","STREET_ID":"https://databrussels.be/id/streetname/2089","STRNAMEFRE":"Avenue Georges Lecointe","STRNAMEDUT":"Georges Lecointelaan","MUNNISCODE":"21016","HIERARCHY":"DR","LVL":0,"ADMIN":"MUN_RBC","AREA":750},"bbox":[148683.97656935,164998.34290527,148788.14863297,165035.18023351]},{"type":"Feature","id":"StreetSurfaces.fid--2dded296_1a02c23f8dc_-38cc","geometry":{"type":"Polygon","coordinates":[[[148894.47672051,165075.63703083],[148893.029,165074.86400036],[148890.62880322,165073.58169402],[148891.13,165072.49000036],[148891.27,165071.90000036],[148891.41,165071.30000036],[148891.5,165070.70000036],[148891.53,165070.02000036],[148891.5,165069.33000036],[148891.4,165068.66000036],[148891.29,165068.17000036],[148891.14,165067.69000036],[148890.93,165067.24000036],[148890.64,165066.77000036],[148890.29,165066.34000036],[148889.88,165065.98000036],[148889.56,165065.81000036],[148889.22,165065.67000036],[148888.87,165065.55000036],[148817.42508447,165044.46662784],[148818.346,165041.22200036],[148819.33609492,165037.73092808],[148820.03,165037.91000036],[148821.27,165038.24000036],[148839.77,165043.68000036],[148861.96,165050.24000036],[148881.59,165056.03000036],[148891.74574977,165059.05447166],[148894.88383351,165058.63347378],[148896.93514506,165057.73418384],[148898.6250196,165056.72203955],[148900.15903178,165055.37344223],[148901.46873223,165053.24343036],[148906.17,165055.37000036],[148907.57,165056.56000036],[148906.21033624,165058.01585257],[148906.01059228,165058.82891388],[148908.24080068,165059.78320153],[148906.32352221,165065.12908256],[148903.45,165064.06000036],[148903.12,165063.92000036],[148902.78,165063.78000036],[148902.43,165063.69000036],[148902.21,165063.65000036],[148901.99,165063.63000036],[148901.77,165063.65000036],[148901.6,165063.70000036],[148901.43,165063.77000036],[148901.27,165063.86000036],[148900.87,165064.24000036],[148900.25,165065.26000036],[148894.47672051,165075.63703083]]]},"geometry_name":"GEOM","properties":{"INSPIRE_ID":"https://databrussels.be/id/streetsurface/26479","TYPE":"S","STREET_ID":"https://databrussels.be/id/streetname/2089","STRNAMEFRE":"Avenue Georges Lecointe","STRNAMEDUT":"Georges Lecointelaan","MUNNISCODE":"21016","HIERARCHY":"DR","LVL":0,"ADMIN":"MUN_RBC","AREA":732},"bbox":[148817.42508447,165037.73092808,148908.24080068,165075.63703083]},{"type":"Feature","id":"StreetSurfaces.fid--2dded296_1a02c23f8dc_-38f5","geometry":{"type":"Polygon","coordinates":[[[149074.80727624,165304.69081749],[149074.43,165304.90000036],[149073.28,165305.59000036],[149072.16,165306.33000036],[149071.04,165307.06000036],[149045.84,165330.36000036],[149032.27,165343.71000036],[149015.62,165361.65000036],[149006.36,165372.07000036],[149000,165379.92000036],[148998.99,165381.17000036],[148989.37,165394.19000036],[148977.28,165411.20000036],[148969.7,165422.14000036],[148961.01,165434.41000036],[148948.19,165452.86000036],[148947.76,165453.50000036],[148941.59,165462.53000036],[148930.96,165477.71000036],[148922.84,165489.05000036],[148919.95,165493.09000036],[148914.94,165499.66000036],[148913.45,165501.62000036],[148909.38,165506.85000036],[148906.18,165510.96000036],[148905.3,165512.08000036],[148903.02,165514.98000036],[148901.7,165516.68000036],[148901.21,165517.29000036],[148896.4,165523.39000036],[148894.87,165525.31000036],[148891.56,165529.47000036],[148890.68,165530.57000036],[148886.69,165535.51000036],[148880.03,165543.62000036],[148873.31,165551.67000036],[148866.49,165559.65000036],[148860.03,165567.02000036],[148853.49,165574.33000036],[148846.88,165581.56000036],[148843.06422097,165585.62540979],[148840.682,165583.35000036],[148838.13516288,165580.91785001],[148838.438,165580.61600036],[148839.42,165579.15000036],[148840.74,165577.65000036],[148842.06,165576.14000036],[148850.6,165566.91000036],[148854.2,165563.03000036],[148861.94,165553.99000036],[148872.32,165541.89000036],[148872.42,165541.77000036],[148880.82,165531.46000036],[148885.54,165525.68000036],[148896.22,165512.33000036],[148898.87,165509.01000036],[148902.1,165504.97000036],[148904.59,165501.96000036],[148907.09,165498.94000036],[148909.52,165495.88000036],[148913.28,165490.81000036],[148916.89,165485.63000036],[148920.49,165480.44000036],[148924.95,165474.07000036],[148933.83,165461.31000036],[148940.27,165452.13000036],[148943.48,165447.54000036],[148946.44,165443.25000036],[148949.39,165438.96000036],[148952.35,165434.66000036],[148956.06,165429.27000036],[148959.77,165423.88000036],[148963.51,165418.50000036],[148966.86,165413.74000036],[148970.23,165409.00000036],[148973.61,165404.26000036],[148978.39,165397.48000036],[148983.18,165390.72000036],[148988.08,165384.03000036],[148990.74,165380.52000036],[148993.42,165377.04000036],[148996.15,165373.58000036],[148999.78,165369.13000036],[149000,165368.88000036],[149003.49,165364.74000036],[149007.26,165360.40000036],[149013.02,165354.00000036],[149018.9,165347.71000036],[149024.84,165341.48000036],[149027.2,165339.00000036],[149029.57,165336.53000036],[149031.97,165334.09000036],[149035.15,165330.95000036],[149038.38,165327.84000036],[149041.62,165324.76000036],[149045.42,165321.18000036],[149049.24,165317.62000036],[149053.07,165314.06000036],[149056.9,165310.49000036],[149060.74,165306.92000036],[149064.56,165303.34000036],[149067.87,165300.24000036],[149069.92505535,165298.29703894],[149072.115,165301.16500036],[149074.80727624,165304.69081749]]]},"geometry_name":"GEOM","properties":{"INSPIRE_ID":"https://databrussels.be/id/streetsurface/3010","TYPE":"S","STREET_ID":"https://databrussels.be/id/streetname/2355","STRNAMEFRE":"Avenue des Statuaires","STRNAMEDUT":"Beeldhouwerslaan","MUNNISCODE":"21016","HIERARCHY":"DR","LVL":0,"ADMIN":"MUN_RBC","AREA":2570},"bbox":[148838.13516288,165298.29703894,149074.80727624,165585.62540979]},{"type":"Feature","id":"StreetSurfaces.fid--2dded296_1a02c23f8dc_-38c4","geometry":{"type":"Polygon","coordinates":[[[148832.86696062,165193.25201026],[148833.678,165192.70400036],[148834.13091717,165192.02599708],[148836.05,165192.41500036],[148837.41703066,165192.69210117],[148837.139,165193.26600036],[148837.004,165193.74400036],[148837.04,165194.24000036],[148837.244,165194.69300036],[148837.591,165195.04800036],[148837.99005822,165195.23951268],[148836.865,165199.22000036],[148835.89596896,165202.64845947],[148835.37,165202.88000036],[148834.79,165203.28000036],[148834.27,165203.76000036],[148833.78,165204.28000036],[148833.21,165204.88000036],[148831.73,165204.54000036],[148829.22681747,165203.82480535],[148829.43,165203.38000036],[148829.42,165203.09000036],[148829.4,165202.80000036],[148829.37,165202.52000036],[148829.33,165202.35000036],[148829.28,165202.18000036],[148829.23,165202.02000036],[148829.13036725,165201.83369522],[148830.915,165197.73500036],[148832.86696062,165193.25201026]]]},"geometry_name":"GEOM","properties":{"INSPIRE_ID":"https://databrussels.be/id/streetsurface/3061","TYPE":"I","STREET_ID":"https://databrussels.be/id/streetname/642","STRNAMEFRE":"Dieweg","STRNAMEDUT":"Dieweg","MUNNISCODE":"21016","HIERARCHY":"DC","LVL":0,"ADMIN":"MUN_RBC","AREA":71},"bbox":[148829.13036725,165192.02599708,148837.99005822,165204.88000036]},{"type":"Feature","id":"StreetSurfaces.fid--2dded296_1a02c23f8dc_-38c0","geometry":{"type":"Polygon","coordinates":[[[148834.30912567,164941.02184748],[148837.394,164942.55350036],[148840.57021431,164944.13050391],[148840.271,164944.89300036],[148840.136413,164945.39796736],[148838.954,164948.41000036],[148837.894,164951.00600036],[148836.557,164954.38100036],[148835.564,164956.94300036],[148834.789,164958.98500036],[148833.369,164962.61500036],[148826.22,164980.85000036],[148818.66,165000.00000036],[148816.64,165005.09000036],[148815.79,165007.20000036],[148813.75,165012.28000036],[148812.75,165014.82000036],[148811.94,165016.92000036],[148810.34,165021.12000036],[148810,165022.40000036],[148809.65,165023.68000036],[148809.6077155,165023.99837775],[148806.105,165022.64000036],[148802.19096327,165021.12210974],[148802.65,165020.38000036],[148803.26,165019.40000036],[148810.97,165000.00000036],[148812.57,164995.98000036],[148816.57,164985.95000036],[148820.1,164976.97000036],[148821.09,164974.44000036],[148821.41,164973.62000036],[148826.786,164960.16400036],[148828.672,164955.38900036],[148831.894,164947.15100036],[148833.37,164943.45300036],[148834.30912567,164941.02184748]]]},"geometry_name":"GEOM","properties":{"INSPIRE_ID":"https://databrussels.be/id/streetsurface/3137","TYPE":"S","STREET_ID":"https://databrussels.be/id/streetname/4445","STRNAMEFRE":"Avenue Louis Thévenet","STRNAMEDUT":"Louis Thévenetlaan","MUNNISCODE":"21016","HIERARCHY":"DR","LVL":0,"ADMIN":"MUN_RBC","AREA":611},"bbox":[148802.19096327,164941.02184748,148840.57021431,165023.99837775]},{"type":"Feature","id":"StreetSurfaces.fid--2dded296_1a02c23f8dc_-38df","geometry":{"type":"Polygon","coordinates":[[[148584.64,165537.57000036],[148580.57,165537.16000036],[148585.05496982,165531.82897335],[148586.54782883,165530.05449726],[148587.297,165529.16400036],[148587.98056103,165528.22328329],[148589.34428639,165526.3465237],[148593.44,165520.71000036],[148600.81,165509.75000036],[148609.21,165496.15000036],[148617.31,165482.81000036],[148619.676,165479.07700036],[148621.833,165476.50800036],[148623.16,165475.24400036],[148624.577,165474.17500036],[148626.127,165473.25800036],[148627.723,165472.55600036],[148629.09,165472.10400036],[148630.697,165471.86600036],[148632.5,165472.19300036],[148639.54,165475.51000036],[148646.98,165479.65000036],[148654.27,165483.71000036],[148662.13,165487.65000036],[148667.43,165489.49000036],[148668.29694491,165489.58448575],[148666.93,165491.46500036],[148665.98820979,165492.760627],[148665.77,165492.60000036],[148664.96,165492.16000036],[148664.16,165491.71000036],[148653.91,165486.21000036],[148644.34,165481.41000036],[148634.34,165476.32000036],[148633.6,165475.92000036],[148632.87,165475.52000036],[148632.11,165475.26000036],[148631.08,165475.26000036],[148630.01,165475.49000036],[148628.98,165475.83000036],[148627.73,165476.38000036],[148626.53,165477.09000036],[148625.43,165477.92000036],[148624.39,165478.91000036],[148622.51,165481.15000036],[148615.74,165491.83000036],[148606.42,165506.39000036],[148595.88,165522.62000036],[148592.83,165527.09100036],[148589.7202843,165531.26292189],[148589.46853092,165531.58650363],[148588.99338042,165532.17073699],[148586.18,165535.63000036],[148584.64,165537.57000036]]]},"geometry_name":"GEOM","properties":{"INSPIRE_ID":"https://databrussels.be/id/streetsurface/31605","TYPE":"S","STREET_ID":"https://databrussels.be/id/streetname/878","STRNAMEFRE":"Chemin du Crabbegat","STRNAMEDUT":"Crabbegatweg","MUNNISCODE":"21016","HIERARCHY":"DR","LVL":0,"ADMIN":"MUN_RBC","AREA":376},"bbox":[148580.57,165471.86600036,148668.29694491,165537.57000036]},{"type":"Feature","id":"StreetSurfaces.fid--2dded296_1a02c23f8dc_-38e0","geometry":{"type":"Polygon","coordinates":[[[148746.6783134,165191.64084708],[148747.538,165193.15300036],[148749.03338651,165195.78243463],[148744.39149503,165198.03912085],[148743.02,165198.66000036],[148740.07,165199.98000036],[148737.11,165201.30000036],[148734.16,165202.62000036],[148729.3,165204.86000036],[148724.46,165207.13000036],[148719.61,165209.37000036],[148713.83,165211.99000036],[148710.94,165213.29000036],[148704.82,165216.09000036],[148701.75,165217.47000036],[148696.74,165219.69000036],[148691.7,165221.85000036],[148686.63,165223.91000036],[148683.66,165225.05000036],[148680.68,165226.15000036],[148677.69,165227.23000036],[148671.78,165229.25000036],[148665.85,165231.17000036],[148659.91,165233.09000036],[148657.98,165233.74000036],[148656.04,165234.39000036],[148654.11,165235.05000036],[148650.42,165236.35000036],[148643.06,165239.01000036],[148638.48,165240.65000036],[148633.91,165242.30000036],[148629.35,165243.98000036],[148625.14,165245.56000036],[148620.93,165247.18000036],[148616.75,165248.86000036],[148614.15,165249.97000036],[148611.56,165251.11000036],[148608.97,165252.27000036],[148606.9,165253.17000036],[148604.83,165254.08000036],[148602.82,165255.11000036],[148601.25,165256.04000036],[148599.72,165257.04000036],[148598.25,165258.12000036],[148596.84,165259.35000036],[148595.49,165260.67000036],[148594.15,165261.98000036],[148592.23,165264.36000036],[148591.34,165265.60000036],[148590.67,165266.68000036],[148590.06,165267.80000036],[148589.46,165268.92000036],[148587.93,165272.13000036],[148586.56,165275.42000036],[148585.18,165278.71000036],[148576.08,165302.29000036],[148567.78,165320.37000036],[148566.43,165323.34000036],[148565.09,165326.31000036],[148563.72,165329.27000036],[148561.96,165333.02000036],[148560.16,165336.74000036],[148558.29,165340.43000036],[148557.02,165342.86000036],[148555.72,165345.27000036],[148554.34,165347.64000036],[148553.09,165349.59000036],[148551.78,165351.51000036],[148550.46,165353.42000036],[148549.38,165354.94000036],[148548.28,165356.46000036],[148547.24,165358.01000036],[148546.32,165359.50000036],[148545.44,165361.03000036],[148544.58,165362.57000036],[148542.87,165365.78000036],[148541.23,165369.03000036],[148539.61,165372.30000036],[148537.66,165376.24000036],[148535.74,165380.19000036],[148533.86,165384.17000036],[148532.37,165387.33000036],[148530.91,165390.49000036],[148529.49,165393.68000036],[148527.95,165397.40000036],[148526.48,165401.15000036],[148524.96,165404.88000036],[148523.39,165408.45000036],[148521.77,165412.00000036],[148520.17,165415.56000036],[148518.79,165418.67000036],[148517.43,165421.78000036],[148516.02,165424.88000036],[148514.32,165428.44000036],[148512.57,165431.98000036],[148510.77,165435.49000036],[148508.67,165439.42000036],[148506.51,165443.32000036],[148504.32,165447.21000036],[148502.03,165451.22000036],[148499.71,165455.22000036],[148497.43,165459.24000036],[148495.72,165462.38000036],[148492.36,165468.70000036],[148489.69,165473.62000036],[148485.8,165480.96000036],[148481.72,165488.57000036],[148478.1,165494.75000036],[148474.13,165501.37000036],[148467.74,165512.30000036],[148465.41,165510.79000036],[148466.3,165508.76000036],[148467.18,165506.74000036],[148468.15,165504.75000036],[148469.49,165502.42000036],[148470.95,165500.16000036],[148472.4,165497.88000036],[148473.96,165495.29000036],[148475.5,165492.70000036],[148477.02,165490.09000036],[148479.66,165485.47000036],[148482.25,165480.82000036],[148484.76,165476.13000036],[148486.35,165473.06000036],[148487.91,165469.97000036],[148489.49,165466.90000036],[148492.18,165461.85000036],[148494.93,165456.82000036],[148497.67,165451.80000036],[148500.41,165446.76000036],[148503.15,165441.71000036],[148505.88,165436.66000036],[148508.54,165431.70000036],[148511.19,165426.74000036],[148513.75,165421.73000036],[148515.59,165417.93000036],[148517.38,165414.11000036],[148519.13,165410.27000036],[148520.99,165406.07000036],[148524.61,165397.65000036],[148526.17,165393.79000036],[148533.18,165378.77000036],[148540.33,165364.02000036],[148544.28,165357.04000036],[148546.74,165352.42000036],[148548,165350.13000036],[148549.48,165347.67000036],[148551.01,165345.23000036],[148552.49,165342.77000036],[148554.25,165339.63000036],[148555.94,165336.46000036],[148557.54,165333.24000036],[148559.09,165329.72000036],[148560.54,165326.16000036],[148562.03,165322.61000036],[148563.56,165319.22000036],[148565.12,165315.84000036],[148566.65,165312.45000036],[148567.83,165309.80000036],[148568.99,165307.14000036],[148570.12,165304.48000036],[148571.63,165300.77000036],[148573.1,165297.05000036],[148574.56,165293.32000036],[148581.84,165275.39000036],[148583.26,165272.39000036],[148584.47,165269.83000036],[148584.98,165268.79000036],[148587.3,165264.35000036],[148588.62,165262.25000036],[148589.7,165260.84000036],[148590.87,165259.50000036],[148592.11,165258.21000036],[148593.08,165257.29000036],[148594.09,165256.40000036],[148595.14,165255.56000036],[148596.61,165254.52000036],[148598.14,165253.56000036],[148599.71,165252.67000036],[148601.95,165251.52000036],[148604.26,165250.47000036],[148606.58,165249.48000036],[148609.17,165248.42000036],[148611.78,165247.41000036],[148614.4,165246.42000036],[148618.73,165244.76000036],[148623.07,165243.13000036],[148627.42,165241.51000036],[148633.65,165239.26000036],[148639.89,165237.06000036],[148646.13,165234.85000036],[148651.37,165232.97000036],[148655.46,165231.50000036],[148662.08,165229.28000036],[148664.19,165228.50000036],[148668.41,165226.96000036],[148673.8,165225.11000036],[148679.21,165223.30000036],[148684.56,165221.35000036],[148688.78,165219.62000036],[148692.97,165217.81000036],[148697.14,165215.95000036],[148702.1,165213.66000036],[148711.94,165208.94000036],[148720.92,165204.64000036],[148725.4,165202.48000036],[148730.23,165200.13000036],[148735.06,165197.76000036],[148739.88,165195.36000036],[148741.41,165194.58000036],[148742.95,165193.79000036],[148744.48,165193.01000036],[148745.2,165192.57000036],[148745.91,165192.13000036],[148746.6783134,165191.64084708]]]},"geometry_name":"GEOM","properties":{"INSPIRE_ID":"https://databrussels.be/id/streetsurface/32320","TYPE":"S","STREET_ID":"https://databrussels.be/id/streetname/1182","STRNAMEFRE":"Avenue Paul Stroobant","STRNAMEDUT":"Paul Stroobantlaan","MUNNISCODE":"21016","HIERARCHY":"DR","LVL":0,"ADMIN":"MUN_RBC","AREA":1595},"bbox":[148465.41,165191.64084708,148749.03338651,165512.30000036]},{"type":"Feature","id":"StreetSurfaces.fid--2dded296_1a02c23f8dc_-38cf","geometry":{"type":"Polygon","coordinates":[[[148907.57,165056.56000036],[148906.17,165055.37000036],[148918.98,165040.01000036],[148983.27,164974.28000036],[148991.93,164964.76000036],[149002.49,164952.81000036],[149005.88,164948.72000036],[149007.44,164946.59000036],[149008.83,164944.25000036],[149010.08,164941.82000036],[149011.36,164939.41000036],[149012.75,164937.01000036],[149015.66,164932.31000036],[149017.53,164929.73000036],[149021.46,164924.71000036],[149028.62,164916.48000036],[149033.8,164908.70000036],[149034.7,164907.08000036],[149034.94,164906.20000036],[149035.01,164904.89000036],[149034.79466672,164904.11733928],[149039.288,164904.07000036],[149047.00324743,164904.00457206],[149041.736,164906.40500036],[149038,164909.09000036],[149034.81,164912.29000036],[149030.327,164918.13600036],[149025.63,164924.02000036],[149017.311,164934.07000036],[149009.354,164948.42100036],[148984.635,164975.68600036],[148921.14,165042.03000036],[148907.57,165056.56000036]]]},"geometry_name":"GEOM","properties":{"INSPIRE_ID":"https://databrussels.be/id/streetsurface/37823","TYPE":"S","STREET_ID":"https://databrussels.be/id/streetname/576","STRNAMEFRE":"Avenue François Folie","STRNAMEDUT":"François Folielaan","MUNNISCODE":"21016","HIERARCHY":"T","LVL":0,"ADMIN":"MUN_RBC","AREA":510},"bbox":[148906.17,164904.00457206,149047.00324743,165056.56000036]},{"type":"Feature","id":"StreetSurfaces.fid--2dded296_1a02c23f8dc_-38ef","geometry":{"type":"Polygon","coordinates":[[[148690.90339298,165487.19361761],[148689.00260095,165486.87558233],[148689.28222951,165486.37108929],[148688.72993169,165486.28865406],[148690.03,165483.88000036],[148692.82,165478.84000036],[148695.68,165473.83000036],[148698.58,165468.84000036],[148700.51,165465.47000036],[148702.45,165462.12000036],[148704.52,165458.86000036],[148706.28,165456.42000036],[148708.11,165454.03000036],[148709.98,165451.66000036],[148712.32,165448.75000036],[148714.71,165445.88000036],[148717.06,165442.97000036],[148719.85,165439.37000036],[148722.59,165435.74000036],[148725.29,165432.07000036],[148727.28,165429.34000036],[148729.26,165426.59000036],[148731.12,165423.78000036],[148733.1,165420.39000036],[148734.94,165416.90000036],[148736.71,165413.38000036],[148738.32,165409.99000036],[148739.87,165406.57000036],[148741.44,165403.17000036],[148743.14,165399.67000036],[148744.86,165396.18000036],[148746.56,165392.68000036],[148749.55,165386.30000036],[148751.13,165382.85000036],[148751.39,165382.62000036],[148751.64,165382.38000036],[148751.92,165382.21000036],[148752.37,165382.07000036],[148752.86,165382.03000036],[148753.24,165382.13000036],[148753.46,165382.52000036],[148753.52,165383.10000036],[148753.53,165383.69000036],[148753.49,165384.55000036],[148753.32,165385.40000036],[148753.15,165386.26000036],[148751.86,165389.38000036],[148750.56,165392.50000036],[148749.3,165395.62000036],[148747.64,165399.95000036],[148746.03,165404.30000036],[148744.39,165408.64000036],[148743.14,165411.88000036],[148741.88,165415.11000036],[148740.51,165418.30000036],[148739.23,165421.00000036],[148737.88,165423.66000036],[148736.4,165426.25000036],[148734.74,165428.75000036],[148732.96,165431.18000036],[148731.18,165433.60000036],[148727.72,165438.50000036],[148725.98,165440.95000036],[148723.76,165444.00000036],[148721.51,165447.04000036],[148719.32,165450.11000036],[148717.21,165453.38000036],[148715.15,165456.69000036],[148712.96,165459.90000036],[148711.09,165462.27000036],[148709.14,165464.57000036],[148707.2,165466.87000036],[148707.33,165467.04000036],[148707.46,165467.22000036],[148707.57,165467.40000036],[148707.77,165467.98000036],[148707.84,165468.61000036],[148707.82,165469.23000036],[148707.63,165470.20000036],[148707.23,165471.14000036],[148706.79,165472.06000036],[148705.6,165474.05000036],[148704.16,165475.91000036],[148702.7,165477.76000036],[148701.63,165479.20000036],[148700.54,165480.63000036],[148699.44,165482.05000036],[148698.55,165483.17000036],[148697.65,165484.29000036],[148696.75,165485.40000036],[148696.01,165486.13000036],[148695.62,165486.45000036],[148694.13903109,165486.60763726],[148693.91233871,165486.60763726],[148693.54788013,165486.78749994],[148690.90339298,165487.19361761]]]},"geometry_name":"GEOM","properties":{"INSPIRE_ID":"https://databrussels.be/id/streetsurface/40608","TYPE":"M","STREET_ID":"https://databrussels.be/id/streetname/1477","STRNAMEFRE":"Avenue Kamerdelle","STRNAMEDUT":"Kamerdellelaan","MUNNISCODE":"21016","HIERARCHY":"DR","LVL":0,"ADMIN":"MUN_RBC","AREA":718},"bbox":[148688.72993169,165382.03000036,148753.53,165487.19361761]},{"type":"Feature","id":"StreetSurfaces.fid--2dded296_1a02c23f8dc_-38d5","geometry":{"type":"Polygon","coordinates":[[[148552.67533084,165114.59034493],[148544.66977856,165110.20815844],[148549.85863374,165100.48126892],[148555.10619865,165102.97931585],[148555.68067083,165101.75574112],[148556.11223495,165102.01303861],[148555.34516245,165103.64683489],[148560.86949994,165106.63353967],[148561.02251173,165106.2740849],[148561.21139538,165105.93146141],[148561.4341992,165105.60920938],[148561.67335915,165105.32856759],[148578.65,165115.45000036],[148576.96,165115.07000036],[148575.37,165114.93000036],[148572.14,165115.11000036],[148567.92,165115.85000036],[148565.06,165116.59000036],[148563.71,165117.14000036],[148562.37,165117.96000036],[148559.9,165120.00000036],[148556.83,165122.55000036],[148555.6,165124.06000036],[148553.928,165128.01500036],[148547.144785,165124.9292508],[148552.67533084,165114.59034493]]]},"geometry_name":"GEOM","properties":{"INSPIRE_ID":"https://databrussels.be/id/streetsurface/40705","TYPE":"K","STREET_ID":"https://databrussels.be/id/streetname/642","STRNAMEFRE":"Dieweg","STRNAMEDUT":"Dieweg","MUNNISCODE":"21016","HIERARCHY":"DR","LVL":0,"ADMIN":"MUN_RBC","AREA":364},"bbox":[148544.66977856,165100.48126892,148578.65,165128.01500036]},{"type":"Feature","id":"StreetSurfaces.fid--2dded296_1a02c23f8dc_-38ba","geometry":{"type":"Polygon","coordinates":[[[148624.36759561,164999.76416622],[148624.453701,165000.26582736],[148624.43731525,165000.77341429],[148624.322,165001.26800036],[148623.8060005,165002.12042586],[148623.017,165002.72900036],[148614.657,165007.33300036],[148614.16096936,165007.53700231],[148613.70481123,165007.59288827],[148613.098,165007.52400036],[148612.59401322,165007.30933227],[148612.18422055,165006.94580094],[148611.911,165006.47100036],[148611.801,165006.11900036],[148610.907,165003.33400036],[148610.874,165003.22300036],[148610.567,165002.26300036],[148610.44192163,165001.27233712],[148610.591,165000.28500036],[148610.94407822,164999.33519685],[148611.5,164998.48800036],[148616.678,164992.21400036],[148617.28922284,164991.68774542],[148618.03838008,164991.38891261],[148618.844,164991.35000036],[148619.60922556,164991.57316889],[148620.26306487,164992.02909487],[148620.737,164992.67000036],[148622.785,164996.61200036],[148624.18,164999.29100036],[148624.36759561,164999.76416622]]]},"geometry_name":"GEOM","properties":{"INSPIRE_ID":"https://databrussels.be/id/streetsurface/40706","TYPE":"M","STREET_ID":"https://databrussels.be/id/streetname/2960","STRNAMEFRE":"Avenue Jean et Pierre Carsoel","STRNAMEDUT":"Jean en Pierre Carsoellaan","MUNNISCODE":"21016","HIERARCHY":"IDR","LVL":0,"ADMIN":"MUN_RE_RBC","AREA":144},"bbox":[148610.44192163,164991.35000036,148624.453701,165007.59288827]},{"type":"Feature","id":"StreetSurfaces.fid--2dded296_1a02c23f8dc_-38d7","geometry":{"type":"Polygon","coordinates":[[[148551.66105109,165116.48645847],[148548.80856762,165121.81894445],[148542.23902141,165118.46528154],[148531.93,165113.09000036],[148514.55,165104.06000036],[148511.54,165102.49000036],[148509.8,165101.59000036],[148508.37,165100.88000036],[148506.95,165100.17000036],[148505.5,165099.51000036],[148504.47,165099.07000036],[148503.42,165098.66000036],[148502.36,165098.31000036],[148501.28,165098.04000036],[148500.19,165097.83000036],[148499.1,165097.65000036],[148497.58,165097.42000036],[148496.65776891,165097.23760262],[148495.58185614,165097.10797446],[148496.10130294,165091.94326642],[148496.21011195,165091.96393899],[148497.55364561,165091.93833331],[148500.40519461,165092.01553309],[148503.46810514,165092.37899904],[148505.78870984,165092.94032977],[148507.59142754,165093.47361883],[148508.58312061,165093.82994237],[148509.03405977,165094.0457837],[148511.44714744,165095.37945113],[148517.94908232,165098.77560429],[148522.74,165101.33000036],[148537.86,165109.24000036],[148551.66105109,165116.48645847]]]},"geometry_name":"GEOM","properties":{"INSPIRE_ID":"https://databrussels.be/id/streetsurface/40707","TYPE":"C","STREET_ID":"https://databrussels.be/id/streetname/642","STRNAMEFRE":"Dieweg","STRNAMEDUT":"Dieweg","MUNNISCODE":"21016","HIERARCHY":"IDR","LVL":0,"ADMIN":"MUN_RBC","AREA":369},"bbox":[148495.58185614,165091.93833331,148551.66105109,165121.81894445]},{"type":"Feature","id":"StreetSurfaces.fid--2dded296_1a02c23f8dc_-38d8","geometry":{"type":"Polygon","coordinates":[[[148500,165092.00456329],[148497.55364561,165091.93833331],[148496.21011195,165091.96393899],[148496.10130294,165091.94326642],[148495.90095833,165091.86494147],[148495.77343047,165091.76258041],[148495.67444856,165091.63241235],[148495.60989092,165091.48216771],[148495.5835915,165091.32076919],[148495.59711217,165091.15780191],[148495.64964996,165091.00294416],[148495.73389741,165090.87048036],[148495.83495132,165090.77657469],[148496.22025625,165090.41852506],[148500,165088.05715014],[148501.02858054,165087.41454989],[148508.7054798,165082.63675886],[148512.50262069,165080.23676741],[148512.82387297,165080.07305141],[148513.16125824,165079.94584274],[148513.5106308,165079.8567045],[148513.86769763,165079.806732],[148514.22807119,165079.79653928],[148514.58732331,165079.82625159],[148514.94103957,165079.89550384],[148515.2848736,165080.00344507],[148515.5414837,165080.11270617],[148520.67540371,165082.80137845],[148527.88382332,165086.53993401],[148537.83629637,165091.85846096],[148545.67622915,165095.96220893],[148554.93097389,165100.78324715],[148556.33646146,165101.53545606],[148556.11223495,165102.01303861],[148555.68067083,165101.75574112],[148555.10619865,165102.97931585],[148549.85863374,165100.48126892],[148544.66977856,165110.20815844],[148552.67533084,165114.59034493],[148551.66105109,165116.48645847],[148537.86,165109.24000036],[148522.74,165101.33000036],[148517.94908232,165098.77560429],[148511.44714744,165095.37945113],[148509.03405977,165094.0457837],[148508.58312061,165093.82994237],[148507.59142754,165093.47361883],[148505.78870984,165092.94032977],[148503.46810514,165092.37899904],[148500.40519461,165092.01553309],[148500,165092.00456329]]]},"geometry_name":"GEOM","properties":{"INSPIRE_ID":"https://databrussels.be/id/streetsurface/40715","TYPE":"M","STREET_ID":"https://databrussels.be/id/streetname/642","STRNAMEFRE":"Dieweg","STRNAMEDUT":"Dieweg","MUNNISCODE":"21016","HIERARCHY":"DR","LVL":0,"ADMIN":"MUN_RBC","AREA":761},"bbox":[148495.5835915,165079.79653928,148556.33646146,165116.48645847]},{"type":"Feature","id":"StreetSurfaces.fid--2dded296_1a02c23f8dc_-38bd","geometry":{"type":"Polygon","coordinates":[[[148611.34406423,164988.36745081],[148616.84962148,164992.06623649],[148616.678,164992.21400036],[148611.5,164998.48800036],[148610.94407822,164999.33519685],[148610.69545843,165000.00400036],[148610.591,165000.28500036],[148610.44192163,165001.27233712],[148610.567,165002.26300036],[148610.874,165003.22300036],[148610.907,165003.33400036],[148602.91511934,165007.59815777],[148602.216,165005.39700036],[148601.813,165003.96100036],[148601.75843781,165002.8005465],[148601.933,165001.65200036],[148602.32750351,165000.57771821],[148602.67388088,165000.00400036],[148602.919,164999.59800036],[148603.519,164998.77900036],[148607.219,164994.00000036],[148610.0615262,164990.17990176],[148611.34406423,164988.36745081]]]},"geometry_name":"GEOM","properties":{"INSPIRE_ID":"https://databrussels.be/id/streetsurface/43210","TYPE":"S","STREET_ID":"https://databrussels.be/id/streetname/2960","STRNAMEFRE":"Avenue Jean et Pierre Carsoel","STRNAMEDUT":"Jean en Pierre Carsoellaan","MUNNISCODE":"21016","HIERARCHY":"DC","LVL":0,"ADMIN":"MUN_RE_RBC","AREA":126},"bbox":[148601.75843781,164988.36745081,148616.84962148,165007.59815777]},{"type":"Feature","id":"StreetSurfaces.fid--2dded296_1a02c23f8dc_-38a9","geometry":{"type":"Polygon","coordinates":[[[148817.42508447,165044.46662784],[148785.95641607,165035.18023351],[148787.08,165031.49500036],[148788.14863297,165027.99000036],[148788.78,165027.99000036],[148789.83,165027.93000036],[148790.88,165027.82000036],[148791.93,165027.65000036],[148792.97,165027.43000036],[148794.01,165027.13000036],[148795.04,165026.78000036],[148796.04,165026.35000036],[148797.08,165025.80000036],[148798.09,165025.17000036],[148799.04,165024.48000036],[148799.86,165023.80000036],[148800.65,165023.06000036],[148801.37,165022.27000036],[148802.05,165021.35000036],[148802.19096327,165021.12210974],[148806.105,165022.64000036],[148809.6077155,165023.99837775],[148809.48,165024.96000036],[148809.54,165026.30000036],[148809.78,165027.64000036],[148810.15,165028.94000036],[148810.68,165030.26000036],[148811.36,165031.53000036],[148812.14,165032.72000036],[148813.07,165033.90000036],[148814.13,165034.99000036],[148815.31,165035.93000036],[148816.04,165036.39000036],[148816.8,165036.81000036],[148817.59,165037.17000036],[148818.79,165037.59000036],[148819.33609492,165037.73092808],[148818.346,165041.22200036],[148817.42508447,165044.46662784]]]},"geometry_name":"GEOM","properties":{"INSPIRE_ID":"https://databrussels.be/id/streetsurface/4870","TYPE":"I","STREET_ID":"https://databrussels.be/id/streetname/2089","STRNAMEFRE":"Avenue Georges Lecointe","STRNAMEDUT":"Georges Lecointelaan","MUNNISCODE":"21016","HIERARCHY":"DR","LVL":0,"ADMIN":"MUN_RBC","AREA":394},"bbox":[148785.95641607,165021.12210974,148819.33609492,165044.46662784]},{"type":"Feature","id":"StreetSurfaces.fid--2dded296_1a02c23f8dc_-38aa","geometry":{"type":"Polygon","coordinates":[[[148502.69915715,165020.35283064],[148504.97818334,165021.60309159],[148500.925,165029.188],[148498.02729402,165034.621245],[148495.7295266,165033.39316363],[148502.69915715,165020.35283064]]]},"geometry_name":"GEOM","properties":{"INSPIRE_ID":"https://databrussels.be/id/streetsurface/49141","TYPE":"S","STREET_ID":"https://databrussels.be/id/streetname/5989","STRNAMEFRE":"Ancien Cimetière d'Uccle","STRNAMEDUT":"Oude Begraafplaats van Ukkel","MUNNISCODE":"21016","HIERARCHY":"T","LVL":0,"ADMIN":"UNKNOWN","AREA":38},"bbox":[148495.7295266,165020.35283064,148504.97818334,165034.621245]},{"type":"Feature","id":"StreetSurfaces.fid--2dded296_1a02c23f8dc_-38fb","geometry":{"type":"Polygon","coordinates":[[[148503.67793649,165018.52151284],[148502.69915715,165020.35283064],[148480.83712134,165008.92995031],[148481.77646387,165007.07802684],[148503.67793649,165018.52151284]]]},"geometry_name":"GEOM","properties":{"INSPIRE_ID":"https://databrussels.be/id/streetsurface/49143","TYPE":"S","STREET_ID":"https://databrussels.be/id/streetname/5989","STRNAMEFRE":"Ancien Cimetière d'Uccle","STRNAMEDUT":"Oude Begraafplaats van Ukkel","MUNNISCODE":"21016","HIERARCHY":"T","LVL":0,"ADMIN":"UNKNOWN","AREA":51},"bbox":[148480.83712134,165007.07802684,148503.67793649,165020.35283064]},{"type":"Feature","id":"StreetSurfaces.fid--2dded296_1a02c23f8dc_-38b4","geometry":{"type":"Polygon","coordinates":[[[148512.95861511,165001.15715778],[148515.24623206,165002.38904185],[148514.207,165004.334],[148506.98,165017.857],[148505.97021357,165019.7466598],[148503.67793649,165018.52151284],[148512.95861511,165001.15715778]]]},"geometry_name":"GEOM","properties":{"INSPIRE_ID":"https://databrussels.be/id/streetsurface/49147","TYPE":"S","STREET_ID":"https://databrussels.be/id/streetname/5989","STRNAMEFRE":"Ancien Cimetière d'Uccle","STRNAMEDUT":"Oude Begraafplaats van Ukkel","MUNNISCODE":"21016","HIERARCHY":"T","LVL":0,"ADMIN":"UNKNOWN","AREA":51},"bbox":[148503.67793649,165001.15715778,148515.24623206,165019.7466598]},{"type":"Feature","id":"StreetSurfaces.fid--2dded296_1a02c23f8dc_-38fc","geometry":{"type":"Polygon","coordinates":[[[148514.8220746,164997.67058384],[148512.95861511,165001.15715778],[148490.60204671,164989.67829942],[148492.39015044,164986.15303448],[148514.8220746,164997.67058384]]]},"geometry_name":"GEOM","properties":{"INSPIRE_ID":"https://databrussels.be/id/streetsurface/49148","TYPE":"S","STREET_ID":"https://databrussels.be/id/streetname/5989","STRNAMEFRE":"Ancien Cimetière d'Uccle","STRNAMEDUT":"Oude Begraafplaats van Ukkel","MUNNISCODE":"21016","HIERARCHY":"T","LVL":0,"ADMIN":"UNKNOWN","AREA":100},"bbox":[148490.60204671,164986.15303448,148514.8220746,165001.15715778]},{"type":"Feature","id":"StreetSurfaces.fid--2dded296_1a02c23f8dc_-38ac","geometry":{"type":"Polygon","coordinates":[[[148503.67793649,165018.52151284],[148505.97021357,165019.7466598],[148504.97818334,165021.60309159],[148502.69915715,165020.35283064],[148503.67793649,165018.52151284]]]},"geometry_name":"GEOM","properties":{"INSPIRE_ID":"https://databrussels.be/id/streetsurface/49188","TYPE":"I","STREET_ID":"https://databrussels.be/id/streetname/5989","STRNAMEFRE":"Ancien Cimetière d'Uccle","STRNAMEDUT":"Oude Begraafplaats van Ukkel","MUNNISCODE":"21016","HIERARCHY":"T","LVL":0,"ADMIN":"UNKNOWN","AREA":5},"bbox":[148502.69915715,165018.52151284,148505.97021357,165021.60309159]},{"type":"Feature","id":"StreetSurfaces.fid--2dded296_1a02c23f8dc_-38b7","geometry":{"type":"Polygon","coordinates":[[[148514.8220746,164997.67058384],[148517.11313042,164998.89507808],[148515.24623206,165002.38904185],[148512.95861511,165001.15715778],[148514.8220746,164997.67058384]]]},"geometry_name":"GEOM","properties":{"INSPIRE_ID":"https://databrussels.be/id/streetsurface/49193","TYPE":"I","STREET_ID":"https://databrussels.be/id/streetname/5989","STRNAMEFRE":"Ancien Cimetière d'Uccle","STRNAMEDUT":"Oude Begraafplaats van Ukkel","MUNNISCODE":"21016","HIERARCHY":"T","LVL":0,"ADMIN":"UNKNOWN","AREA":10},"bbox":[148512.95861511,164997.67058384,148517.11313042,165002.38904185]},{"type":"Feature","id":"StreetSurfaces.fid--2dded296_1a02c23f8dc_-38d0","geometry":{"type":"Polygon","coordinates":[[[148548.46307091,165137.22295785],[148494.3442039,165254.94478728],[148490.29812985,165253.08473342],[148543.52308905,165134.95195831],[148548.46307091,165137.22295785]]]},"geometry_name":"GEOM","properties":{"INSPIRE_ID":"https://databrussels.be/id/streetsurface/49262","TYPE":"S","STREET_ID":"https://databrussels.be/id/streetname/6122","STRNAMEFRE":"Parc de Wolvendael","STRNAMEDUT":"Wolvendaalpark","MUNNISCODE":"21016","HIERARCHY":"T","LVL":0,"ADMIN":"UNKNOWN","AREA":641},"bbox":[148490.29812985,165134.95195831,148548.46307091,165254.94478728]},{"type":"Feature","id":"StreetSurfaces.fid--2dded296_1a02c23f8dc_-38d1","geometry":{"type":"Polygon","coordinates":[[[148424.11675311,165174.12106362],[148431.01998961,165171.80106552],[148448.46931509,165166.28997566],[148477.37593247,165157.52215287],[148485.99800232,165154.82162545],[148493.11964444,165152.24218877],[148505.53528756,165147.35388856],[148525.04566984,165139.6688184],[148532.80063924,165136.2643668],[148538.89707124,165133.76797726],[148545.18092379,165131.72639526],[148543.52308905,165134.95195831],[148539.77729067,165136.16894336],[148533.79859514,165138.61712173],[148526.02791919,165142.02846854],[148506.47165555,165149.73161121],[148494.02303679,165154.63289462],[148486.81542801,165157.24346816],[148478.12872145,165159.96424051],[148449.22502257,165168.73117807],[148431.81190809,165174.23083127],[148424.79202572,165176.59003101],[148424.11675311,165174.12106362]]]},"geometry_name":"GEOM","properties":{"INSPIRE_ID":"https://databrussels.be/id/streetsurface/49264","TYPE":"S","STREET_ID":"https://databrussels.be/id/streetname/6122","STRNAMEFRE":"Parc de Wolvendael","STRNAMEDUT":"Wolvendaalpark","MUNNISCODE":"21016","HIERARCHY":"T","LVL":0,"ADMIN":"UNKNOWN","AREA":325},"bbox":[148424.11675311,165131.72639526,148545.18092379,165176.59003101]},{"type":"Feature","id":"StreetSurfaces.fid--2dded296_1a02c23f8dc_-38d3","geometry":{"type":"Polygon","coordinates":[[[148548.85572747,165125.70757458],[148552.90919879,165127.55153756],[148549.97645025,165133.93098603],[148545.18092379,165131.72639526],[148548.85572747,165125.70757458]]]},"geometry_name":"GEOM","properties":{"INSPIRE_ID":"https://databrussels.be/id/streetsurface/49265","TYPE":"S","STREET_ID":"https://databrussels.be/id/streetname/6122","STRNAMEFRE":"Parc de Wolvendael","STRNAMEDUT":"Wolvendaalpark","MUNNISCODE":"21016","HIERARCHY":"T","LVL":0,"ADMIN":"UNKNOWN","AREA":34},"bbox":[148545.18092379,165125.70757458,148552.90919879,165133.93098603]},{"type":"Feature","id":"StreetSurfaces.fid--2dded296_1a02c23f8dc_-38d2","geometry":{"type":"Polygon","coordinates":[[[148549.97645025,165133.93098603],[148548.46307091,165137.22295785],[148543.52308905,165134.95195831],[148545.18092379,165131.72639526],[148549.97645025,165133.93098603]]]},"geometry_name":"GEOM","properties":{"INSPIRE_ID":"https://databrussels.be/id/streetsurface/49270","TYPE":"I","STREET_ID":"https://databrussels.be/id/streetname/6122","STRNAMEFRE":"Parc de Wolvendael","STRNAMEDUT":"Wolvendaalpark","MUNNISCODE":"21016","HIERARCHY":"T","LVL":0,"ADMIN":"UNKNOWN","AREA":19},"bbox":[148543.52308905,165131.72639526,148549.97645025,165137.22295785]},{"type":"Feature","id":"StreetSurfaces.fid--2dded296_1a02c23f8dc_-38f9","geometry":{"type":"Polygon","coordinates":[[[148837.99005822,165195.23951268],[148842.56,165196.53000036],[148847.46,165197.86000036],[148850.46,165198.62000036],[148853.48,165199.36000036],[148856.48,165200.12000036],[148859.87,165201.03000036],[148866.65,165202.89000036],[148875.14,165205.15000036],[148883.65,165207.39000036],[148892.14,165209.66000036],[148894.48,165210.31000036],[148896.83,165210.96000036],[148899.18,165211.60000036],[148905,165213.16000036],[148910.82,165214.67000036],[148916.65,165216.19000036],[148926.91,165218.85000036],[148932.03,165220.19000036],[148942.26,165222.94000036],[148951.99,165225.49000036],[148993.49,165236.06000036],[149000,165237.83000036],[149021.81,165243.79000036],[149049.05,165251.11000036],[149061.59,165254.24000036],[149063.75,165254.86000036],[149064.84,165255.04000036],[149065.14,165255.06000036],[149065.74,165255.06000036],[149064.66,165259.25000036],[149064.01788991,165261.83533836],[149063.89,165261.80000036],[149063.13,165261.60000036],[149062.36,165261.39000036],[149049.03,165258.16000036],[149047.34,165257.76000036],[149042.28,165256.40000036],[149034.79,165254.40000036],[149030.62,165253.28000036],[149024.75,165251.71000036],[149021.93,165250.96000036],[149015.45,165249.22000036],[149012.82,165248.52000036],[149010.15,165247.84000036],[149005.39,165246.63000036],[149002.64,165245.93000036],[149000,165245.26000036],[148987.21,165242.00000036],[148986.65,165241.86000036],[148984.5,165241.29000036],[148972.87,165238.18000036],[148969.73,165237.35000036],[148968.05,165236.90000036],[148942.13,165229.95000036],[148937.09,165228.58000036],[148932.67,165227.38000036],[148921.27,165224.28000036],[148917.71,165223.31000036],[148908.8,165220.89000036],[148902.27,165219.11000036],[148895.73,165217.33000036],[148889.19,165215.60000036],[148886.34,165214.87000036],[148883.49,165214.16000036],[148880.65,165213.44000036],[148874.5,165211.82000036],[148868.35,165210.17000036],[148862.2,165208.53000036],[148859.55,165207.83000036],[148854.25,165206.45000036],[148849.67,165205.26000036],[148845.09,165204.10000036],[148840.5,165203.01000036],[148839.82,165202.86000036],[148838.48,165202.56000036],[148837.92,165202.49000036],[148837.36,165202.41000036],[148836.81,165202.41000036],[148836.32,165202.51000036],[148835.89596896,165202.64845947],[148836.865,165199.22000036],[148837.99005822,165195.23951268]]]},"geometry_name":"GEOM","properties":{"INSPIRE_ID":"https://databrussels.be/id/streetsurface/7788","TYPE":"S","STREET_ID":"https://databrussels.be/id/streetname/642","STRNAMEFRE":"Dieweg","STRNAMEDUT":"Dieweg","MUNNISCODE":"21016","HIERARCHY":"DC","LVL":0,"ADMIN":"MUN_RBC","AREA":1608},"bbox":[148835.89596896,165195.23951268,149065.74,165261.83533836]},{"type":"Feature","id":"StreetSurfaces.fid--2dded296_1a02c23f8dc_-38c7","geometry":{"type":"Polygon","coordinates":[[[148894.47672051,165075.63703083],[148891.71,165080.61000036],[148879.75,165104.43000036],[148872.72,165119.26000036],[148859.98,165144.77000036],[148843.48,165180.02000036],[148838.76,165189.92000036],[148837.41703066,165192.69210117],[148836.05,165192.41500036],[148834.13091717,165192.02599708],[148834.84,165190.44000036],[148835.08,165189.97000036],[148835.32,165189.49000036],[148846.87,165164.38000036],[148847.57,165162.86000036],[148856.1,165145.52000036],[148856.89,165143.91000036],[148870.71,165115.63000036],[148877.17,165102.07000036],[148882.15,165092.05000036],[148890.62880322,165073.58169402],[148893.029,165074.86400036],[148894.47672051,165075.63703083]]]},"geometry_name":"GEOM","properties":{"INSPIRE_ID":"https://databrussels.be/id/streetsurface/876","TYPE":"S","STREET_ID":"https://databrussels.be/id/streetname/576","STRNAMEFRE":"Avenue François Folie","STRNAMEDUT":"François Folielaan","MUNNISCODE":"21016","HIERARCHY":"DR","LVL":0,"ADMIN":"MUN_RBC","AREA":449},"bbox":[148834.13091717,165073.58169402,148894.47672051,165192.69210117]}],"numberReturned":94,"grand_bruxelles_source":{"authority":"Paradigm / Brussels-Capital Region","service":"https://geoservices-urbis.irisnet.be/geoserver/urbisvector/wfs","layer":"urbisvector:StreetSurfaces","crs":"EPSG:31370","bbox":[148500.0,165000.0,149000.0,165500.0],"cell_id":"bxl-e148500-n165000-s500","ownership":"bbox_intersection_source_unclipped"}}
