{"type":"FeatureCollection","totalFeatures":765,"numberMatched":765,"timeStamp":"2026-08-24T01:58:59.861Z","crs":{"type":"name","properties":{"name":"urn:ogc:def:crs:EPSG::31370"}},"bbox":[153490.291,166951.04190036,154046,167523.913],"features":[{"type":"Feature","id":"Buildings.fid--324554a4_1a031387ba0_2654","geometry":{"type":"Polygon","coordinates":[[[153502.64,167202.74],[153502.495,167201.106],[153506.73,167200.97],[153506.98,167203.11],[153507.11,167204.92],[153502.82,167205.23],[153502.64,167202.74]]]},"geometry_name":"GEOM","properties":{"INSPIRE_ID":"https://databrussels.be/id/building/1580181","BLOCK_ID":"https://databrussels.be/id/block/24180","AREA":17},"bbox":[153502.495,167200.97,153507.11,167205.23]},{"type":"Feature","id":"Buildings.fid--324554a4_1a031387ba0_260d","geometry":{"type":"Polygon","coordinates":[[[153557.17,167351.72],[153553.99,167348.9],[153554.55,167348.32],[153555.64,167347.19],[153558.65,167350.08],[153557.17,167351.72]]]},"geometry_name":"GEOM","properties":{"INSPIRE_ID":"https://databrussels.be/id/building/1580183","BLOCK_ID":"https://databrussels.be/id/block/26811","AREA":10},"bbox":[153553.99,167347.19,153558.65,167351.72]},{"type":"Feature","id":"Buildings.fid--324554a4_1a031387ba0_25a0","geometry":{"type":"Polygon","coordinates":[[[153501.26000047,167402.39999964],[153503.19,167400.26],[153505.69,167402.6],[153503.69999992,167404.70000018],[153501.26000047,167402.39999964]]]},"geometry_name":"GEOM","properties":{"INSPIRE_ID":"https://databrussels.be/id/building/1580184","BLOCK_ID":"https://databrussels.be/id/block/24596","AREA":10},"bbox":[153501.26000047,167400.26,153505.69,167404.70000018]},{"type":"Feature","id":"Buildings.fid--324554a4_1a031387ba0_25c4","geometry":{"type":"Polygon","coordinates":[[[153686.16,167316.17],[153688.58,167314.24],[153688.58,167312.22],[153691.76,167309.69],[153691.76,167308.8],[153689.86,167306.41],[153693.69,167303.37],[153698.06,167309.44],[153697.25,167310.18],[153696.86,167313.08],[153701.58,167318.87],[153695.85,167323.54],[153691.74,167318.5],[153690.29,167319.96],[153689.23,167318.91],[153686.16,167316.17]]]},"geometry_name":"GEOM","properties":{"INSPIRE_ID":"https://databrussels.be/id/building/1580197","BLOCK_ID":"https://databrussels.be/id/block/24180","AREA":143},"bbox":[153686.16,167303.37,153701.58,167323.54]},{"type":"Feature","id":"Buildings.fid--324554a4_1a031387ba0_26cd","geometry":{"type":"Polygon","coordinates":[[[153585.93,167137.29],[153591.501,167127.087],[153602.072,167132.762],[153596.63,167143.06],[153594.17,167141.65],[153593.48,167142.97],[153590.34,167141.34],[153587.7,167139.97],[153588.42,167138.58],[153585.93,167137.29]]]},"geometry_name":"GEOM","properties":{"INSPIRE_ID":"https://databrussels.be/id/building/1580199","BLOCK_ID":"https://databrussels.be/id/block/24635","AREA":150},"bbox":[153585.93,167127.087,153602.072,167143.06]},{"type":"Feature","id":"Buildings.fid--324554a4_1a031387ba0_24b6","geometry":{"type":"Polygon","coordinates":[[[153868.87,167283.18],[153870.75,167281.87],[153877.204,167277.353],[153883.484,167280.24],[153875.91,167285.18],[153874.18,167286.31],[153873.68,167286.63],[153856.28,167297.98],[153851.65,167294.59],[153868.87,167283.18]]]},"geometry_name":"GEOM","properties":{"INSPIRE_ID":"https://databrussels.be/id/building/1580201","BLOCK_ID":"https://databrussels.be/id/block/24635","AREA":176},"bbox":[153851.65,167277.353,153883.484,167297.98]},{"type":"Feature","id":"Buildings.fid--324554a4_1a031387ba0_255c","geometry":{"type":"Polygon","coordinates":[[[153508.13,167487.7],[153504.759,167479.375],[153505.92,167478.92],[153511.632,167476.683],[153520.555,167498.273],[153513.61,167501.282],[153508.13,167487.7]]]},"geometry_name":"GEOM","properties":{"INSPIRE_ID":"https://databrussels.be/id/building/1580202","BLOCK_ID":"https://databrussels.be/id/block/24596","AREA":176},"bbox":[153504.759,167476.683,153520.555,167501.282]},{"type":"Feature","id":"Buildings.fid--324554a4_1a031387ba0_251a","geometry":{"type":"Polygon","coordinates":[[[153766.73,167383.12],[153766.66,167382.9],[153766.76,167382.84],[153769.21,167381.38],[153776.37999989,167376.44999993],[153779.94000053,167374.00000011],[153781.53,167372.9],[153787.45,167381.67],[153770.1,167393.4],[153769.7,167393.49],[153766.73,167383.12]]]},"geometry_name":"GEOM","properties":{"INSPIRE_ID":"https://databrussels.be/id/building/1580206","BLOCK_ID":"https://databrussels.be/id/block/24420","AREA":207},"bbox":[153766.66,167372.9,153787.45,167393.49]},{"type":"Feature","id":"Buildings.fid--324554a4_1a031387ba0_2561","geometry":{"type":"Polygon","coordinates":[[[153552.16,167414.25],[153549.16,167411.51],[153549.93,167410.68],[153548.89000025,167409.73000008],[153555.863,167402.442],[153559.737,167406.167],[153552.16,167414.25]]]},"geometry_name":"GEOM","properties":{"INSPIRE_ID":"https://databrussels.be/id/building/1580430","BLOCK_ID":"https://databrussels.be/id/block/24596","AREA":59},"bbox":[153548.89000025,167402.442,153559.737,167414.25]},{"type":"Feature","id":"Buildings.fid--324554a4_1a031387ba0_2521","geometry":{"type":"Polygon","coordinates":[[[153700.275,167403.665],[153704.36,167394.44],[153705.68,167391.45],[153708.3,167392.67],[153706.47,167396.6],[153708.61,167397.59],[153705.042,167405.819],[153700.275,167403.665]]]},"geometry_name":"GEOM","properties":{"INSPIRE_ID":"https://databrussels.be/id/building/1580431","BLOCK_ID":"https://databrussels.be/id/block/24420","AREA":59},"bbox":[153700.275,167391.45,153708.61,167405.819]},{"type":"Feature","id":"Buildings.fid--324554a4_1a031387ba0_2624","geometry":{"type":"Polygon","coordinates":[[[153573.44003303,167268.35584451],[153578.15985615,167272.0193502],[153579.05,167270.9],[153580.80139204,167268.65275889],[153576.06436002,167264.97559873],[153573.44003303,167268.35584451]]]},"geometry_name":"GEOM","properties":{"INSPIRE_ID":"https://databrussels.be/id/building/1580435","BLOCK_ID":"https://databrussels.be/id/block/24180","AREA":26},"bbox":[153573.44003303,167264.97559873,153580.80139204,167272.0193502]},{"type":"Feature","id":"Buildings.fid--324554a4_1a031387ba0_25dd","geometry":{"type":"Polygon","coordinates":[[[153689.151,167398.638],[153693.07,167390.32],[153694.7,167386.87],[153695.79,167387.36],[153694.62,167389.94],[153695.98,167390.56],[153695.83,167390.89],[153698.57,167392.13],[153694.533,167401.07],[153689.151,167398.638]]]},"geometry_name":"GEOM","properties":{"INSPIRE_ID":"https://databrussels.be/id/building/1580444","BLOCK_ID":"https://databrussels.be/id/block/24420","AREA":62},"bbox":[153689.151,167386.87,153698.57,167401.07]},{"type":"Feature","id":"Buildings.fid--324554a4_1a031387ba0_23fa","geometry":{"type":"Polygon","coordinates":[[[153822.3,167264.51],[153818.95206344,167262.65424985],[153817.44306839,167265.49017608],[153813.35252691,167263.36678267],[153816.57,167257.41],[153817.32,167256.01],[153820.75,167249.647],[153828.287,167253.517],[153824.73,167260.02],[153824.13,167261.14],[153822.3,167264.51]]]},"geometry_name":"GEOM","properties":{"INSPIRE_ID":"https://databrussels.be/id/building/1580446","BLOCK_ID":"https://databrussels.be/id/block/24635","AREA":120},"bbox":[153813.35252691,167249.647,153828.287,167265.49017608]},{"type":"Feature","id":"Buildings.fid--324554a4_1a031387ba0_264a","geometry":{"type":"Polygon","coordinates":[[[153631.89,167301.63],[153637.21,167295.8],[153643.65,167300.94],[153638.49,167305.49],[153637.32,167306.52],[153631.89,167301.63]]]},"geometry_name":"GEOM","properties":{"INSPIRE_ID":"https://databrussels.be/id/building/1580447","BLOCK_ID":"https://databrussels.be/id/block/24180","AREA":63},"bbox":[153631.89,167295.8,153643.65,167306.52]},{"type":"Feature","id":"Buildings.fid--324554a4_1a031387ba0_26c9","geometry":{"type":"Polygon","coordinates":[[[153576.2,167130.04],[153581.066,167121.347],[153586.194,167124.237],[153581.66,167132.68],[153580.71,167134.44],[153575.36,167131.67],[153576.2,167130.04]]]},"geometry_name":"GEOM","properties":{"INSPIRE_ID":"https://databrussels.be/id/building/1580603","BLOCK_ID":"https://databrussels.be/id/block/24635","AREA":70},"bbox":[153575.36,167121.347,153586.194,167134.44]},{"type":"Feature","id":"Buildings.fid--324554a4_1a031387ba0_23f7","geometry":{"type":"Polygon","coordinates":[[[153809.727,167261.488],[153812.91,167255.58],[153817.238,167247.556],[153820.845,167249.471],[153820.75,167249.647],[153817.32,167256.01],[153816.57,167257.41],[153813.353,167263.367],[153809.727,167261.488]]]},"geometry_name":"GEOM","properties":{"INSPIRE_ID":"https://databrussels.be/id/building/1580604","BLOCK_ID":"https://databrussels.be/id/block/24635","AREA":65},"bbox":[153809.727,167247.556,153820.845,167263.367]},{"type":"Feature","id":"Buildings.fid--324554a4_1a031387ba0_2573","geometry":{"type":"Polygon","coordinates":[[[153560.22,167445.58],[153565.44000044,167443.80999959],[153567.57,167450.23],[153569.55,167455.99],[153569.65,167456.28],[153564.55,167458.12],[153560.22,167445.58]]]},"geometry_name":"GEOM","properties":{"INSPIRE_ID":"https://databrussels.be/id/building/1580611","BLOCK_ID":"https://databrussels.be/id/block/24596","AREA":72},"bbox":[153560.22,167443.80999959,153569.65,167458.12]},{"type":"Feature","id":"Buildings.fid--324554a4_1a031387ba0_26dd","geometry":{"type":"Polygon","coordinates":[[[153645.92,167116.1],[153649.7,167108.64],[153653.01,167110.32],[153649.22,167117.78],[153645.92,167116.1]]]},"geometry_name":"GEOM","properties":{"INSPIRE_ID":"https://databrussels.be/id/building/1580628","BLOCK_ID":"https://databrussels.be/id/block/26449","AREA":31},"bbox":[153645.92,167108.64,153653.01,167117.78]},{"type":"Feature","id":"Buildings.fid--324554a4_1a031387ba0_240a","geometry":{"type":"Polygon","coordinates":[[[153872.6,167209.82],[153874.99,167205.38],[153881.45,167208.86],[153879.07,167213.29],[153872.6,167209.82]]]},"geometry_name":"GEOM","properties":{"INSPIRE_ID":"https://databrussels.be/id/building/1580629","BLOCK_ID":"https://databrussels.be/id/block/26449","AREA":37},"bbox":[153872.6,167205.38,153881.45,167213.29]},{"type":"Feature","id":"Buildings.fid--324554a4_1a031387ba0_268d","geometry":{"type":"Polygon","coordinates":[[[153711.43,167177.433],[153715.61,167169.53],[153719.52,167171.48],[153715.301,167179.501],[153711.43,167177.433]]]},"geometry_name":"GEOM","properties":{"INSPIRE_ID":"https://databrussels.be/id/building/1580630","BLOCK_ID":"https://databrussels.be/id/block/26449","AREA":39},"bbox":[153711.43,167169.53,153719.52,167179.501]},{"type":"Feature","id":"Buildings.fid--324554a4_1a031387ba0_2678","geometry":{"type":"Polygon","coordinates":[[[153767.414,167207.497],[153771.97,167198.67],[153777.06,167201.23],[153772.423,167210.157],[153767.414,167207.497]]]},"geometry_name":"GEOM","properties":{"INSPIRE_ID":"https://databrussels.be/id/building/1580631","BLOCK_ID":"https://databrussels.be/id/block/26449","AREA":57},"bbox":[153767.414,167198.67,153777.06,167210.157]},{"type":"Feature","id":"Buildings.fid--324554a4_1a031387ba0_2409","geometry":{"type":"Polygon","coordinates":[[[153872.384,167262.061],[153876.33,167254.17],[153876.41,167254],[153877.79,167251.23],[153882.77,167253.44],[153881.26,167256.35],[153877.164,167264.245],[153872.384,167262.061]]]},"geometry_name":"GEOM","properties":{"INSPIRE_ID":"https://databrussels.be/id/building/1580634","BLOCK_ID":"https://databrussels.be/id/block/26449","AREA":65},"bbox":[153872.384,167251.23,153882.77,167264.245]},{"type":"Feature","id":"Buildings.fid--324554a4_1a031387ba0_26cb","geometry":{"type":"Polygon","coordinates":[[[153605.09,167120.711],[153604.634,167120.465],[153604.752,167120.244],[153604.356,167120.03],[153604.239,167120.25],[153584.369,167109.448],[153587.838,167102.284],[153591.338,167104.235],[153593.769,167099.353],[153600.262,167102.909],[153605.354,167093.356],[153616.647,167099.384],[153616.26,167100.1],[153611.61,167108.82],[153605.09,167120.711]]]},"geometry_name":"GEOM","properties":{"INSPIRE_ID":"https://databrussels.be/id/building/1580639","BLOCK_ID":"https://databrussels.be/id/block/26449","AREA":436},"bbox":[153584.369,167093.356,153616.647,167120.711]},{"type":"Feature","id":"Buildings.fid--324554a4_1a031387ba0_2479","geometry":{"type":"Polygon","coordinates":[[[153943.06,167458.15],[153940.59,167457.38],[153941.95,167453.01],[153943.46,167453.38],[153944.38,167453.63],[153945.37,167453.9],[153953.05,167455.996],[153951.845,167460.507],[153944.03,167458.41],[153943.06,167458.15]]]},"geometry_name":"GEOM","properties":{"INSPIRE_ID":"https://databrussels.be/id/building/1580659","BLOCK_ID":"https://databrussels.be/id/block/26220","AREA":54},"bbox":[153940.59,167453.01,153953.05,167460.507]},{"type":"Feature","id":"Buildings.fid--324554a4_1a031387ba0_2634","geometry":{"type":"Polygon","coordinates":[[[153646.48,167235.43],[153644.11,167232.92],[153646.75,167230.45],[153649.24,167233.33],[153646.48,167235.43]]]},"geometry_name":"GEOM","properties":{"INSPIRE_ID":"https://databrussels.be/id/building/1581250","BLOCK_ID":"https://databrussels.be/id/block/24180","AREA":13},"bbox":[153644.11,167230.45,153649.24,167235.43]},{"type":"Feature","id":"Buildings.fid--324554a4_1a031387ba0_25ab","geometry":{"type":"Polygon","coordinates":[[[153526.51,167425.1],[153523.99,167422.67],[153526.76,167419.8],[153529.28,167422.24],[153526.51,167425.1]]]},"geometry_name":"GEOM","properties":{"INSPIRE_ID":"https://databrussels.be/id/building/1581253","BLOCK_ID":"https://databrussels.be/id/block/24596","AREA":14},"bbox":[153523.99,167419.8,153529.28,167425.1]},{"type":"Feature","id":"Buildings.fid--324554a4_1a031387ba0_2667","geometry":{"type":"Polygon","coordinates":[[[153714.75,167275.88],[153712.74,167272.86],[153716.15,167270.58],[153718.17,167273.6],[153714.75,167275.88]]]},"geometry_name":"GEOM","properties":{"INSPIRE_ID":"https://databrussels.be/id/building/1581256","BLOCK_ID":"https://databrussels.be/id/block/24180","AREA":15},"bbox":[153712.74,167270.58,153718.17,167275.88]},{"type":"Feature","id":"Buildings.fid--324554a4_1a031387ba0_26d5","geometry":{"type":"Polygon","coordinates":[[[153610.61,167183.22],[153611.65799978,167181.31200004],[153612.11,167180.49],[153616.61,167182.95],[153614.98,167185.8],[153610.61,167183.22]]]},"geometry_name":"GEOM","properties":{"INSPIRE_ID":"https://databrussels.be/id/building/1581258","BLOCK_ID":"https://databrussels.be/id/block/24635","AREA":16},"bbox":[153610.61,167180.49,153616.61,167185.8]},{"type":"Feature","id":"Buildings.fid--324554a4_1a031387ba0_2632","geometry":{"type":"Polygon","coordinates":[[[153650.68,167231.91],[153653.46,167227.54],[153656.012,167229.198],[153656.208,167229.332],[153653.49,167233.66],[153650.68,167231.91]]]},"geometry_name":"GEOM","properties":{"INSPIRE_ID":"https://databrussels.be/id/building/1581259","BLOCK_ID":"https://databrussels.be/id/block/24180","AREA":17},"bbox":[153650.68,167227.54,153656.208,167233.66]},{"type":"Feature","id":"Buildings.fid--324554a4_1a031387ba0_269d","geometry":{"type":"Polygon","coordinates":[[[153614.98,167185.8],[153616.61,167182.95],[153621.28,167185.51],[153619.62,167188.54],[153614.98,167185.8]]]},"geometry_name":"GEOM","properties":{"INSPIRE_ID":"https://databrussels.be/id/building/1581260","BLOCK_ID":"https://databrussels.be/id/block/24635","AREA":18},"bbox":[153614.98,167182.95,153621.28,167188.54]},{"type":"Feature","id":"Buildings.fid--324554a4_1a031387ba0_2636","geometry":{"type":"Polygon","coordinates":[[[153634.59,167237.48],[153636.61,167234.86],[153641.9,167238.9],[153639.74,167240.54],[153634.59,167237.48]]]},"geometry_name":"GEOM","properties":{"INSPIRE_ID":"https://databrussels.be/id/building/1581261","BLOCK_ID":"https://databrussels.be/id/block/24180","AREA":19},"bbox":[153634.59,167234.86,153641.9,167240.54]},{"type":"Feature","id":"Buildings.fid--324554a4_1a031387ba0_2648","geometry":{"type":"Polygon","coordinates":[[[153685.21,167298.83],[153682.89,167295.81],[153686.77,167292.83],[153689.09,167295.85],[153688.77,167296.1],[153685.21,167298.83]]]},"geometry_name":"GEOM","properties":{"INSPIRE_ID":"https://databrussels.be/id/building/1581262","BLOCK_ID":"https://databrussels.be/id/block/24180","AREA":19},"bbox":[153682.89,167292.83,153689.09,167298.83]},{"type":"Feature","id":"Buildings.fid--324554a4_1a031387ba0_2631","geometry":{"type":"Polygon","coordinates":[[[153650.746,167225.777],[153653.46,167227.54],[153650.68,167231.91],[153650.3,167232.57],[153650.11,167232.67],[153649.24,167233.33],[153647.42302804,167231.22844207],[153650.746,167225.777]]]},"geometry_name":"GEOM","properties":{"INSPIRE_ID":"https://databrussels.be/id/building/1581263","BLOCK_ID":"https://databrussels.be/id/block/24180","AREA":21},"bbox":[153647.42302804,167225.777,153653.46,167233.33]},{"type":"Feature","id":"Buildings.fid--324554a4_1a031387ba0_25ff","geometry":{"type":"Polygon","coordinates":[[[153567.65,167329.32],[153566.19,167328.07],[153569.006,167324.816],[153572.481,167327.832],[153569.76,167330.99],[153567.65,167329.32]]]},"geometry_name":"GEOM","properties":{"INSPIRE_ID":"https://databrussels.be/id/building/1581265","BLOCK_ID":"https://databrussels.be/id/block/26811","AREA":20},"bbox":[153566.19,167324.816,153572.481,167330.99]},{"type":"Feature","id":"Buildings.fid--324554a4_1a031387ba0_267b","geometry":{"type":"Polygon","coordinates":[[[153772.423,167210.157],[153777.06,167201.23],[153777.98,167199.72],[153779.67,167196.98],[153780.58,167197.44],[153782.98,167192.92],[153786.09,167194.57],[153788.52,167189.73],[153801.66,167196.72],[153799.09,167201.54],[153802.26,167203.13],[153798.95,167209.23],[153799.9,167209.72],[153799.23,167211.03],[153798.48,167212.49],[153793.855,167221.524],[153783.144,167215.851],[153772.423,167210.157]]]},"geometry_name":"GEOM","properties":{"INSPIRE_ID":"https://databrussels.be/id/building/1581635","BLOCK_ID":"https://databrussels.be/id/block/26449","AREA":553},"bbox":[153772.423,167189.73,153802.26,167221.524]},{"type":"Feature","id":"Buildings.fid--324554a4_1a031387ba0_26d9","geometry":{"type":"Polygon","coordinates":[[[153668.49,167075.25],[153675.421,167060.91],[153706.18,167042.35],[153710.76,167044.29],[153717.13,167030.83],[153759.779,167050.942],[153790.075,167065.34],[153783.856,167079.335],[153784.404,167079.579],[153772.179,167107.085],[153769.597,167105.876],[153767.525,167110.538],[153768.788,167111.129],[153765.74,167117.58],[153765.26,167117.35],[153763.78,167120.47],[153730.63,167104.69],[153716.63,167098.05],[153691.14,167085.9],[153668.49,167075.25]]]},"geometry_name":"GEOM","properties":{"INSPIRE_ID":"https://databrussels.be/id/building/1581636","BLOCK_ID":"https://databrussels.be/id/block/26449","AREA":5805},"bbox":[153668.49,167030.83,153790.075,167120.47]},{"type":"Feature","id":"Buildings.fid--324554a4_1a031387ba0_256b","geometry":{"type":"Polygon","coordinates":[[[153553.99,167427.55],[153554.96,167430.36],[153553.28,167430.98],[153554.46,167434.18],[153551.21,167435.38],[153550.01,167432.1],[153549.94,167431.92],[153553.99,167427.55]]]},"geometry_name":"GEOM","properties":{"INSPIRE_ID":"https://databrussels.be/id/building/1582285","BLOCK_ID":"https://databrussels.be/id/block/24596","AREA":20},"bbox":[153549.94,167427.55,153554.96,167435.38]},{"type":"Feature","id":"Buildings.fid--324554a4_1a031387ba0_2505","geometry":{"type":"Polygon","coordinates":[[[153705.39,167277.88],[153704.11,167278.87],[153700.16,167276.42],[153704.99,167272.7],[153707.64,167276.15],[153705.39,167277.88]]]},"geometry_name":"GEOM","properties":{"INSPIRE_ID":"https://databrussels.be/id/building/1582287","BLOCK_ID":"https://databrussels.be/id/block/24180","AREA":23},"bbox":[153700.16,167272.7,153707.64,167278.87]},{"type":"Feature","id":"Buildings.fid--324554a4_1a031387ba0_25ca","geometry":{"type":"Polygon","coordinates":[[[153649.45,167347.81],[153658.44,167341.43],[153660.03,167343.66],[153655.17,167347.11],[153654.5,167346.17],[153650.6,167348.93],[153649.45,167347.81]]]},"geometry_name":"GEOM","properties":{"INSPIRE_ID":"https://databrussels.be/id/building/1582289","BLOCK_ID":"https://databrussels.be/id/block/24180","AREA":24},"bbox":[153649.45,167341.43,153660.03,167348.93]},{"type":"Feature","id":"Buildings.fid--324554a4_1a031387ba0_264b","geometry":{"type":"Polygon","coordinates":[[[153685.21,167298.83],[153688.77,167296.1],[153690.23,167298.08],[153686.43,167300.88],[153685.21,167298.83]]]},"geometry_name":"GEOM","properties":{"INSPIRE_ID":"https://databrussels.be/id/building/1583318","BLOCK_ID":"https://databrussels.be/id/block/24180","AREA":11},"bbox":[153685.21,167296.1,153690.23,167300.88]},{"type":"Feature","id":"Buildings.fid--324554a4_1a031387ba0_259e","geometry":{"type":"Polygon","coordinates":[[[153498.54,167399.82],[153500.53,167397.62],[153503.3,167400.14],[153503.19,167400.26],[153501.26000047,167402.39999964],[153498.54,167399.82]]]},"geometry_name":"GEOM","properties":{"INSPIRE_ID":"https://databrussels.be/id/building/1583319","BLOCK_ID":"https://databrussels.be/id/block/24596","AREA":11},"bbox":[153498.54,167397.62,153503.3,167402.39999964]},{"type":"Feature","id":"Buildings.fid--324554a4_1a031387ba0_25a9","geometry":{"type":"Polygon","coordinates":[[[153517.257,167417.533],[153519.53,167415.23],[153522.16,167417.83],[153519.945,167420.075],[153517.257,167417.533]]]},"geometry_name":"GEOM","properties":{"INSPIRE_ID":"https://databrussels.be/id/building/1583321","BLOCK_ID":"https://databrussels.be/id/block/24596","AREA":12},"bbox":[153517.257,167415.23,153522.16,167420.075]},{"type":"Feature","id":"Buildings.fid--324554a4_1a031387ba0_25d5","geometry":{"type":"Polygon","coordinates":[[[153684.13,167380.73],[153686.63,167375.28],[153692.44,167377.92],[153691.97,167378.96],[153692.2,167379.07],[153690.18,167383.52],[153684.13,167380.73]]]},"geometry_name":"GEOM","properties":{"INSPIRE_ID":"https://databrussels.be/id/building/1583346","BLOCK_ID":"https://databrussels.be/id/block/24420","AREA":40},"bbox":[153684.13,167375.28,153692.44,167383.52]},{"type":"Feature","id":"Buildings.fid--324554a4_1a031387ba0_263b","geometry":{"type":"Polygon","coordinates":[[[153650.48,167246.85],[153651.81999995,167247.63999982],[153658.27,167252.58],[153656.07,167255.31],[153655.47,167256.06],[153647.88,167250.02],[153650.48,167246.85]]]},"geometry_name":"GEOM","properties":{"INSPIRE_ID":"https://databrussels.be/id/building/1583347","BLOCK_ID":"https://databrussels.be/id/block/24180","AREA":42},"bbox":[153647.88,167246.85,153658.27,167256.06]},{"type":"Feature","id":"Buildings.fid--324554a4_1a031387ba0_257f","geometry":{"type":"Polygon","coordinates":[[[153685.41,167421.27],[153689.195,167413.03],[153693.717,167415.053],[153690.16999994,167423.23000043],[153688.97,167422.73],[153685.41,167421.27]]]},"geometry_name":"GEOM","properties":{"INSPIRE_ID":"https://databrussels.be/id/building/1583354","BLOCK_ID":"https://databrussels.be/id/block/26811","AREA":45},"bbox":[153685.41,167413.03,153693.717,167423.23000043]},{"type":"Feature","id":"Buildings.fid--324554a4_1a031387ba0_26d2","geometry":{"type":"Polygon","coordinates":[[[153607.05,167145.43],[153611.12,167137.62],[153614.679,167139.53],[153610.64,167147.36],[153609.2,167146.62],[153607.4,167150.1],[153605.22,167148.98],[153607.05,167145.43]]]},"geometry_name":"GEOM","properties":{"INSPIRE_ID":"https://databrussels.be/id/building/1583355","BLOCK_ID":"https://databrussels.be/id/block/24635","AREA":46},"bbox":[153605.22,167137.62,153614.679,167150.1]},{"type":"Feature","id":"Buildings.fid--324554a4_1a031387ba0_2474","geometry":{"type":"Polygon","coordinates":[[[153947.74,167446.56],[153948.04,167445.35],[153948.9,167444.6],[153951.09,167442.69],[153952.36,167441.59],[153952.54,167441.63],[153953.59,167441.89],[153955.68,167446.15],[153955.066,167448.447],[153947.74,167446.56]]]},"geometry_name":"GEOM","properties":{"INSPIRE_ID":"https://databrussels.be/id/building/1583356","BLOCK_ID":"https://databrussels.be/id/block/26220","AREA":32},"bbox":[153947.74,167441.59,153955.68,167448.447]},{"type":"Feature","id":"Buildings.fid--324554a4_1a031387ba0_242d","geometry":{"type":"Polygon","coordinates":[[[153960.81,167472.61],[153961.81,167468.83],[153969.87,167471.11],[153968.86,167474.84],[153960.81,167472.61]]]},"geometry_name":"GEOM","properties":{"INSPIRE_ID":"https://databrussels.be/id/building/1583357","BLOCK_ID":"https://databrussels.be/id/block/24167","AREA":33},"bbox":[153960.81,167468.83,153969.87,167474.84]},{"type":"Feature","id":"Buildings.fid--324554a4_1a031387ba0_2432","geometry":{"type":"Polygon","coordinates":[[[153970.82,167487.48],[153977.72,167484.14],[153979.64,167488.03],[153972.79,167491.49],[153970.82,167487.48]]]},"geometry_name":"GEOM","properties":{"INSPIRE_ID":"https://databrussels.be/id/building/1583358","BLOCK_ID":"https://databrussels.be/id/block/24167","AREA":34},"bbox":[153970.82,167484.14,153979.64,167491.49]},{"type":"Feature","id":"Buildings.fid--324554a4_1a031387ba0_247b","geometry":{"type":"Polygon","coordinates":[[[153942.94,167462.48],[153943.79,167459.26],[153942.83,167459.01],[153943.06,167458.15],[153944.03,167458.41],[153951.845,167460.507],[153950.83,167464.304],[153942.94,167462.48]]]},"geometry_name":"GEOM","properties":{"INSPIRE_ID":"https://databrussels.be/id/building/1583359","BLOCK_ID":"https://databrussels.be/id/block/26220","AREA":34},"bbox":[153942.83,167458.15,153951.845,167464.304]},{"type":"Feature","id":"Buildings.fid--324554a4_1a031387ba0_2597","geometry":{"type":"Polygon","coordinates":[[[153622.49993714,167461.10086045],[153623.50989808,167461.56294748],[153624.52095902,167462.02483437],[153630.162,167460.322],[153627.87999985,167452.57999973],[153626.67,167448.46],[153626.34,167447.36],[153617.37,167454.33],[153618.6100116,167455.95095636],[153622.49993714,167461.10086045]]]},"geometry_name":"GEOM","properties":{"INSPIRE_ID":"https://databrussels.be/id/building/1583590","BLOCK_ID":"https://databrussels.be/id/block/26811","AREA":104},"bbox":[153617.37,167447.36,153630.162,167462.02483437]},{"type":"Feature","id":"Buildings.fid--324554a4_1a031387ba0_2576","geometry":{"type":"Polygon","coordinates":[[[153588.11999991,167455.78000039],[153590.64000042,167453.96000027],[153591.45999963,167453.35999993],[153597.987,167448.629],[153601.251,167452.805],[153593.93000048,167458.27000002],[153591.53999999,167460.0499995],[153590.57999993,167458.85999976],[153588.11999991,167455.78000039]]]},"geometry_name":"GEOM","properties":{"INSPIRE_ID":"https://databrussels.be/id/building/1583591","BLOCK_ID":"https://databrussels.be/id/block/24596","AREA":65},"bbox":[153588.11999991,167448.629,153601.251,167460.0499995]},{"type":"Feature","id":"Buildings.fid--324554a4_1a031387ba0_25e0","geometry":{"type":"Polygon","coordinates":[[[153636.67,167398.59],[153638.45,167396.54],[153644.22,167389.9],[153648.17,167393.32],[153648.37,167393.43],[153642.6,167400.01],[153640.32,167402.6],[153636.22,167399.09],[153636.67,167398.59]]]},"geometry_name":"GEOM","properties":{"INSPIRE_ID":"https://databrussels.be/id/building/1583596","BLOCK_ID":"https://databrussels.be/id/block/26811","AREA":66},"bbox":[153636.22,167389.9,153648.37,167402.6]},{"type":"Feature","id":"Buildings.fid--324554a4_1a031387ba0_25d7","geometry":{"type":"Polygon","coordinates":[[[153660.39,167385.58],[153663.14,167379.52],[153664.01,167377.62],[153670.319,167380.46],[153667.607,167386.463],[153664.791,167387.529],[153660.39,167385.58]]]},"geometry_name":"GEOM","properties":{"INSPIRE_ID":"https://databrussels.be/id/building/1583681","BLOCK_ID":"https://databrussels.be/id/block/24180","AREA":58},"bbox":[153660.39,167377.62,153670.319,167387.529]},{"type":"Feature","id":"Buildings.fid--324554a4_1a031387ba0_2540","geometry":{"type":"Polygon","coordinates":[[[153663.37,167497.43],[153665.53,167489.21],[153671.79,167490.86],[153669.57,167499.12],[153663.37,167497.43]]]},"geometry_name":"GEOM","properties":{"INSPIRE_ID":"https://databrussels.be/id/building/1583686","BLOCK_ID":"https://databrussels.be/id/block/23778","AREA":55},"bbox":[153663.37,167489.21,153671.79,167499.12]},{"type":"Feature","id":"Buildings.fid--324554a4_1a031387ba0_252d","geometry":{"type":"Polygon","coordinates":[[[153736.231,167489.631],[153738.82,167480.38],[153738.961,167479.88],[153744.21,167481.29],[153744.06,167481.89],[153741.522,167491.061],[153736.231,167489.631]]]},"geometry_name":"GEOM","properties":{"INSPIRE_ID":"https://databrussels.be/id/building/1583688","BLOCK_ID":"https://databrussels.be/id/block/26220","AREA":55},"bbox":[153736.231,167479.88,153744.21,167491.061]},{"type":"Feature","id":"Buildings.fid--324554a4_1a031387ba0_2541","geometry":{"type":"Polygon","coordinates":[[[153678.87095084,167474.05680397],[153680.41006636,167468.92086475],[153678.88493098,167463.53888181],[153664.40303525,167467.93492929],[153663.78606491,167469.9538248],[153678.87095084,167474.05680397]]]},"geometry_name":"GEOM","properties":{"INSPIRE_ID":"https://databrussels.be/id/building/1583690","BLOCK_ID":"https://databrussels.be/id/block/26220","AREA":101},"bbox":[153663.78606491,167463.53888181,153680.41006636,167474.05680397]},{"type":"Feature","id":"Buildings.fid--324554a4_1a031387ba0_25ec","geometry":{"type":"Polygon","coordinates":[[[153514.85,167324.88],[153516.2,167323.2],[153516.67,167322.61],[153517.68,167323.42],[153520.01,167325.3],[153518.34,167327.43],[153514.85,167324.88]]]},"geometry_name":"GEOM","properties":{"INSPIRE_ID":"https://databrussels.be/id/building/1584318","BLOCK_ID":"https://databrussels.be/id/block/24180","AREA":12},"bbox":[153514.85,167322.61,153520.01,167327.43]},{"type":"Feature","id":"Buildings.fid--324554a4_1a031387ba0_25d0","geometry":{"type":"Polygon","coordinates":[[[153646.23,167365.36],[153648.05,167363.34],[153651.59,167366.1],[153649.78,167368.12],[153646.23,167365.36]]]},"geometry_name":"GEOM","properties":{"INSPIRE_ID":"https://databrussels.be/id/building/1584319","BLOCK_ID":"https://databrussels.be/id/block/24180","AREA":12},"bbox":[153646.23,167363.34,153651.59,167368.12]},{"type":"Feature","id":"Buildings.fid--324554a4_1a031387ba0_25a4","geometry":{"type":"Polygon","coordinates":[[[153506.42000022,167407.2699998],[153508.73,167404.9],[153511.41,167407.44],[153509.13,167409.84],[153506.42000022,167407.2699998]]]},"geometry_name":"GEOM","properties":{"INSPIRE_ID":"https://databrussels.be/id/building/1584320","BLOCK_ID":"https://databrussels.be/id/block/24596","AREA":12},"bbox":[153506.42000022,167404.9,153511.41,167409.84]},{"type":"Feature","id":"Buildings.fid--324554a4_1a031387ba0_25a2","geometry":{"type":"Polygon","coordinates":[[[153503.69999992,167404.70000018],[153505.69,167402.6],[153505.98,167402.3],[153508.73,167404.9],[153506.42000022,167407.2699998],[153503.69999992,167404.70000018]]]},"geometry_name":"GEOM","properties":{"INSPIRE_ID":"https://databrussels.be/id/building/1584322","BLOCK_ID":"https://databrussels.be/id/block/24596","AREA":12},"bbox":[153503.69999992,167402.3,153508.73,167407.2699998]},{"type":"Feature","id":"Buildings.fid--324554a4_1a031387ba0_24dd","geometry":{"type":"Polygon","coordinates":[[[153827.6,167493.61],[153828.59,167489.98],[153833.36,167491.29],[153832.34,167494.99],[153827.6,167493.61]]]},"geometry_name":"GEOM","properties":{"INSPIRE_ID":"https://databrussels.be/id/building/1584338","BLOCK_ID":"https://databrussels.be/id/block/26220","AREA":19},"bbox":[153827.6,167489.98,153833.36,167494.99]},{"type":"Feature","id":"Buildings.fid--324554a4_1a031387ba0_246a","geometry":{"type":"Polygon","coordinates":[[[153916.76000027,167406.00999968],[153925.7,167403.05],[153926.69,167402.93],[153927.85,167406.48],[153928.75,167406.22],[153930.75,167413.15],[153933.34,167412.4],[153933.46004462,167412.81096565],[153938.09036825,167411.19060309],[153937.42843303,167409.71281483],[153927.02938157,167397.93024688],[153924.5,167398.94],[153922.81995663,167392.89088829],[153913.73,167395.75],[153916.76000027,167406.00999968]]]},"geometry_name":"GEOM","properties":{"INSPIRE_ID":"https://databrussels.be/id/building/1584357","BLOCK_ID":"https://databrussels.be/id/block/26220","AREA":183},"bbox":[153913.73,167392.89088829,153938.09036825,167413.15]},{"type":"Feature","id":"Buildings.fid--324554a4_1a031387ba0_2487","geometry":{"type":"Polygon","coordinates":[[[153958.75,167480.41],[153959.459,167477.717],[153958.686,167477.513],[153959.022,167476.239],[153967.802,167478.761],[153967.22,167480.92],[153966.75,167482.64],[153958.75,167480.41]]]},"geometry_name":"GEOM","properties":{"INSPIRE_ID":"https://databrussels.be/id/building/1584360","BLOCK_ID":"https://databrussels.be/id/block/24167","AREA":35},"bbox":[153958.686,167476.239,153967.802,167482.64]},{"type":"Feature","id":"Buildings.fid--324554a4_1a031387ba0_2414","geometry":{"type":"Polygon","coordinates":[[[153939.4,167228.22],[153941.87,167223.24],[153943.96,167224.27],[153941.48,167229.25],[153939.4,167228.22]]]},"geometry_name":"GEOM","properties":{"INSPIRE_ID":"https://databrussels.be/id/building/1584622","BLOCK_ID":"https://databrussels.be/id/block/26449","AREA":13},"bbox":[153939.4,167223.24,153943.96,167229.25]},{"type":"Feature","id":"Buildings.fid--324554a4_1a031387ba0_23ff","geometry":{"type":"Polygon","coordinates":[[[153831.26,167224.15],[153827.63,167222.22],[153829.52,167218.65],[153833.065,167220.75],[153831.26,167224.15]]]},"geometry_name":"GEOM","properties":{"INSPIRE_ID":"https://databrussels.be/id/building/1584623","BLOCK_ID":"https://databrussels.be/id/block/26449","AREA":16},"bbox":[153827.63,167218.65,153833.065,167224.15]},{"type":"Feature","id":"Buildings.fid--324554a4_1a031387ba0_26b1","geometry":{"type":"Polygon","coordinates":[[[153690.42,167141.5],[153688.29,167145.65],[153685.15,167144.04],[153687.28,167139.89],[153690.42,167141.5]]]},"geometry_name":"GEOM","properties":{"INSPIRE_ID":"https://databrussels.be/id/building/1584624","BLOCK_ID":"https://databrussels.be/id/block/26449","AREA":16},"bbox":[153685.15,167139.89,153690.42,167145.65]},{"type":"Feature","id":"Buildings.fid--324554a4_1a031387ba0_26e5","geometry":{"type":"Polygon","coordinates":[[[153719.63,167140.87],[153718.74,167140.44],[153718.85,167140.2],[153716.14,167138.89],[153718.24,167134.95],[153721.68,167136.61],[153719.63,167140.87]]]},"geometry_name":"GEOM","properties":{"INSPIRE_ID":"https://databrussels.be/id/building/1584625","BLOCK_ID":"https://databrussels.be/id/block/26449","AREA":18},"bbox":[153716.14,167134.95,153721.68,167140.87]},{"type":"Feature","id":"Buildings.fid--324554a4_1a031387ba0_26e6","geometry":{"type":"Polygon","coordinates":[[[153719.63,167140.87],[153721.68,167136.61],[153726.16,167138.78],[153723.94,167142.95],[153719.94,167141.02],[153719.63,167140.87]]]},"geometry_name":"GEOM","properties":{"INSPIRE_ID":"https://databrussels.be/id/building/1584626","BLOCK_ID":"https://databrussels.be/id/block/26449","AREA":23},"bbox":[153719.63,167136.61,153726.16,167142.95]},{"type":"Feature","id":"Buildings.fid--324554a4_1a031387ba0_26c4","geometry":{"type":"Polygon","coordinates":[[[153558.47,167124.49],[153564.491,167112.625],[153569.49,167115.27],[153565.26000034,167123.74999963],[153564.9,167124.44],[153562.89,167123.4],[153561.53,167126.04],[153558.47,167124.49]]]},"geometry_name":"GEOM","properties":{"INSPIRE_ID":"https://databrussels.be/id/building/1584627","BLOCK_ID":"https://databrussels.be/id/block/24635","AREA":69},"bbox":[153558.47,167112.625,153569.49,167126.04]},{"type":"Feature","id":"Buildings.fid--324554a4_1a031387ba0_266c","geometry":{"type":"Polygon","coordinates":[[[153733.84,167259.5],[153734.08,167259.85],[153735.23,167259.49],[153736.1,167260.75],[153735.44,167261.87],[153738.1,167265.81],[153730.76,167270.77],[153726.46,167264.49],[153733.84,167259.5]]]},"geometry_name":"GEOM","properties":{"INSPIRE_ID":"https://databrussels.be/id/building/1584637","BLOCK_ID":"https://databrussels.be/id/block/24180","AREA":70},"bbox":[153726.46,167259.49,153738.1,167270.77]},{"type":"Feature","id":"Buildings.fid--324554a4_1a031387ba0_2574","geometry":{"type":"Polygon","coordinates":[[[153576.15,167448.1],[153579.65,167445.18],[153580.34,167446.05],[153576.94,167449.01],[153576.15,167448.1]]]},"geometry_name":"GEOM","properties":{"INSPIRE_ID":"https://databrussels.be/id/building/1585289","BLOCK_ID":"https://databrussels.be/id/block/24596","AREA":5},"bbox":[153576.15,167445.18,153580.34,167449.01]},{"type":"Feature","id":"Buildings.fid--324554a4_1a031387ba0_2509","geometry":{"type":"Polygon","coordinates":[[[153705.39,167277.88],[153707.64,167276.15],[153707.86,167275.99],[153709.12,167277.66],[153706.64,167279.54],[153705.39,167277.88]]]},"geometry_name":"GEOM","properties":{"INSPIRE_ID":"https://databrussels.be/id/building/1585291","BLOCK_ID":"https://databrussels.be/id/block/24180","AREA":6},"bbox":[153705.39,167275.99,153709.12,167279.54]},{"type":"Feature","id":"Buildings.fid--324554a4_1a031387ba0_261f","geometry":{"type":"Polygon","coordinates":[[[153560.5730002,167259.45500046],[153563.433,167261.69],[153562.308,167263.142],[153559.43900005,167260.91800032],[153560.5730002,167259.45500046]]]},"geometry_name":"GEOM","properties":{"INSPIRE_ID":"https://databrussels.be/id/building/1585292","BLOCK_ID":"https://databrussels.be/id/block/24180","AREA":7},"bbox":[153559.43900005,167259.45500046,153563.433,167263.142]},{"type":"Feature","id":"Buildings.fid--324554a4_1a031387ba0_242e","geometry":{"type":"Polygon","coordinates":[[[153961.81,167468.83],[153962.63,167465.71],[153961.87,167465.49],[153962.79,167462.2],[153963.73,167462.45],[153964.87,167458.14],[153966.59,167458.59],[153972.2,167470.1],[153969.87,167471.11],[153961.81,167468.83]]]},"geometry_name":"GEOM","properties":{"INSPIRE_ID":"https://databrussels.be/id/building/1585313","BLOCK_ID":"https://databrussels.be/id/block/24167","AREA":76},"bbox":[153961.81,167458.14,153972.2,167471.11]},{"type":"Feature","id":"Buildings.fid--324554a4_1a031387ba0_251c","geometry":{"type":"Polygon","coordinates":[[[153759.92,167381.75],[153764.27,167378.96],[153766.76,167382.84],[153766.66,167382.9],[153766.73,167383.12],[153762.61,167385.81],[153759.92,167381.75]]]},"geometry_name":"GEOM","properties":{"INSPIRE_ID":"https://databrussels.be/id/building/1585361","BLOCK_ID":"https://databrussels.be/id/block/24420","AREA":25},"bbox":[153759.92,167378.96,153766.76,167385.81]},{"type":"Feature","id":"Buildings.fid--324554a4_1a031387ba0_2494","geometry":{"type":"Polygon","coordinates":[[[153899.06,167499.08],[153899.02,167499.21],[153895.3,167498.23],[153896.81,167492.5],[153900.55999995,167493.49000009],[153899.06,167499.08]]]},"geometry_name":"GEOM","properties":{"INSPIRE_ID":"https://databrussels.be/id/building/1585363","BLOCK_ID":"https://databrussels.be/id/block/26220","AREA":23},"bbox":[153895.3,167492.5,153900.55999995,167499.21]},{"type":"Feature","id":"Buildings.fid--324554a4_1a031387ba0_25ad","geometry":{"type":"Polygon","coordinates":[[[153598.72,167358.82],[153593.97,167364.45],[153596.31,167366.43],[153596.51,167366.22],[153598.54,167367.93],[153599.34,167366.97],[153600.954,167365.114],[153607.18,167357.952],[153602.78499152,167354.14392256],[153599.72059666,167351.48744684],[153595.53,167356.13],[153598.72,167358.82]]]},"geometry_name":"GEOM","properties":{"INSPIRE_ID":"https://databrussels.be/id/building/1585687","BLOCK_ID":"https://databrussels.be/id/block/26811","AREA":103},"bbox":[153593.97,167351.48744684,153607.18,167367.93]},{"type":"Feature","id":"Buildings.fid--324554a4_1a031387ba0_261b","geometry":{"type":"Polygon","coordinates":[[[153557.91,167248.809],[153561.677,167243.902],[153570.418,167250.188],[153571.756,167251.225],[153569.392,167254.275],[153568.807,167253.821],[153567.14900618,167255.96000482],[153557.91,167248.809]]]},"geometry_name":"GEOM","properties":{"INSPIRE_ID":"https://databrussels.be/id/building/1585688","BLOCK_ID":"https://databrussels.be/id/block/24180","AREA":78},"bbox":[153557.91,167243.902,153571.756,167255.96000482]},{"type":"Feature","id":"Buildings.fid--324554a4_1a031387ba0_2627","geometry":{"type":"Polygon","coordinates":[[[153538.935,167274.925],[153538.346,167274.466],[153542.373,167269.299],[153551.85811688,167276.53709039],[153550.177,167278.701],[153550.577,167279.011],[153548.482,167281.708],[153538.935,167274.925]]]},"geometry_name":"GEOM","properties":{"INSPIRE_ID":"https://databrussels.be/id/building/1585690","BLOCK_ID":"https://databrussels.be/id/block/24180","AREA":78},"bbox":[153538.346,167269.299,153551.85811688,167281.708]},{"type":"Feature","id":"Buildings.fid--324554a4_1a031387ba0_2504","geometry":{"type":"Polygon","coordinates":[[[153756.22,167274.48],[153760.13,167271.81],[153765.96,167275.08],[153765.988,167277.459],[153760.712,167281.084],[153756.22,167274.48]]]},"geometry_name":"GEOM","properties":{"INSPIRE_ID":"https://databrussels.be/id/building/1585695","BLOCK_ID":"https://databrussels.be/id/block/24180","AREA":51},"bbox":[153756.22,167271.81,153765.988,167281.084]},{"type":"Feature","id":"Buildings.fid--324554a4_1a031387ba0_2525","geometry":{"type":"Polygon","coordinates":[[[153702.156,167480.388],[153703.88,167473.78],[153707.73,167474.75],[153705.816,167481.384],[153702.156,167480.388]]]},"geometry_name":"GEOM","properties":{"INSPIRE_ID":"https://databrussels.be/id/building/1586404","BLOCK_ID":"https://databrussels.be/id/block/26220","AREA":27},"bbox":[153702.156,167473.78,153707.73,167481.384]},{"type":"Feature","id":"Buildings.fid--324554a4_1a031387ba0_2476","geometry":{"type":"Polygon","coordinates":[[[153946.85,167450.16],[153947.74,167446.56],[153955.066,167448.447],[153954.077,167452.149],[153946.85,167450.16]]]},"geometry_name":"GEOM","properties":{"INSPIRE_ID":"https://databrussels.be/id/building/1586407","BLOCK_ID":"https://databrussels.be/id/block/26220","AREA":28},"bbox":[153946.85,167446.56,153955.066,167452.149]},{"type":"Feature","id":"Buildings.fid--324554a4_1a031387ba0_2629","geometry":{"type":"Polygon","coordinates":[[[153564.216,167279.824],[153569.93,167272.46],[153574.6,167276.22],[153568.936,167283.495],[153564.216,167279.824]]]},"geometry_name":"GEOM","properties":{"INSPIRE_ID":"https://databrussels.be/id/building/1586614","BLOCK_ID":"https://databrussels.be/id/block/24180","AREA":56},"bbox":[153564.216,167272.46,153574.6,167283.495]},{"type":"Feature","id":"Buildings.fid--324554a4_1a031387ba0_2478","geometry":{"type":"Polygon","coordinates":[[[153917.927,167458.268],[153923.64,167452.19],[153923.91,167451.91],[153928.16,167455.87],[153924.44,167459.78],[153923.05,167461.23],[153922.118,167462.207],[153917.927,167458.268]]]},"geometry_name":"GEOM","properties":{"INSPIRE_ID":"https://databrussels.be/id/building/1586710","BLOCK_ID":"https://databrussels.be/id/block/26220","AREA":51},"bbox":[153917.927,167451.91,153928.16,167462.207]},{"type":"Feature","id":"Buildings.fid--324554a4_1a031387ba0_2488","geometry":{"type":"Polygon","coordinates":[[[153893.09,167482.75],[153894.12,167479.14],[153903.42,167481.59],[153902.46,167485.22],[153893.09,167482.75]]]},"geometry_name":"GEOM","properties":{"INSPIRE_ID":"https://databrussels.be/id/building/1587475","BLOCK_ID":"https://databrussels.be/id/block/26220","AREA":36},"bbox":[153893.09,167479.14,153903.42,167485.22]},{"type":"Feature","id":"Buildings.fid--324554a4_1a031387ba0_248a","geometry":{"type":"Polygon","coordinates":[[[153957.69,167484.43],[153956.916,167484.226],[153957.274,167482.872],[153958.047,167483.076],[153958.75,167480.41],[153966.75,167482.64],[153966.28,167484.38],[153967.46,167484.7],[153966.87,167486.81],[153965.71,167486.49],[153957.69,167484.43]]]},"geometry_name":"GEOM","properties":{"INSPIRE_ID":"https://databrussels.be/id/building/1587479","BLOCK_ID":"https://databrussels.be/id/block/24167","AREA":38},"bbox":[153956.916,167480.41,153967.46,167486.81]},{"type":"Feature","id":"Buildings.fid--324554a4_1a031387ba0_2495","geometry":{"type":"Polygon","coordinates":[[[153899.06,167499.08],[153900.55999995,167493.49000009],[153900.69,167493.01],[153906.49,167494.57],[153904.85,167500.64],[153899.06,167499.08]]]},"geometry_name":"GEOM","properties":{"INSPIRE_ID":"https://databrussels.be/id/building/1587480","BLOCK_ID":"https://databrussels.be/id/block/26220","AREA":38},"bbox":[153899.06,167493.01,153906.49,167500.64]},{"type":"Feature","id":"Buildings.fid--324554a4_1a031387ba0_2524","geometry":{"type":"Polygon","coordinates":[[[153699.859,167457.17],[153705.553,167455.442],[153708.14,167464.35],[153708.26,167464.75],[153702.65,167466.41],[153699.859,167457.17]]]},"geometry_name":"GEOM","properties":{"INSPIRE_ID":"https://databrussels.be/id/building/1587650","BLOCK_ID":"https://databrussels.be/id/block/26220","AREA":57},"bbox":[153699.859,167455.442,153708.26,167466.41]},{"type":"Feature","id":"Buildings.fid--324554a4_1a031387ba0_2523","geometry":{"type":"Polygon","coordinates":[[[153694.32105101,167478.25894112],[153697.822987,167479.21094149],[153699.38,167474.14],[153695.64659774,167473.09067096],[153694.32105101,167478.25894112]]]},"geometry_name":"GEOM","properties":{"INSPIRE_ID":"https://databrussels.be/id/building/1588437","BLOCK_ID":"https://databrussels.be/id/block/26220","AREA":20},"bbox":[153694.32105101,167473.09067096,153699.38,167479.21094149]},{"type":"Feature","id":"Buildings.fid--324554a4_1a031387ba0_2514","geometry":{"type":"Polygon","coordinates":[[[153700.12,167312.57],[153700.9,167312.04],[153700.24,167311.07],[153702.61,167309.45],[153703.5,167308.849],[153703.78,167309.26],[153708.9,167316.676],[153704.978,167319.837],[153700.12,167312.57]]]},"geometry_name":"GEOM","properties":{"INSPIRE_ID":"https://databrussels.be/id/building/1589433","BLOCK_ID":"https://databrussels.be/id/block/24180","AREA":47},"bbox":[153700.12,167308.849,153708.9,167319.837]},{"type":"Feature","id":"Buildings.fid--324554a4_1a031387ba0_23f6","geometry":{"type":"Polygon","coordinates":[[[153808.42,167253.16],[153812.566,167245.076],[153817.238,167247.556],[153812.91,167255.58],[153808.42,167253.16]]]},"geometry_name":"GEOM","properties":{"INSPIRE_ID":"https://databrussels.be/id/building/1589434","BLOCK_ID":"https://databrussels.be/id/block/24635","AREA":47},"bbox":[153808.42,167245.076,153817.238,167255.58]},{"type":"Feature","id":"Buildings.fid--324554a4_1a031387ba0_2617","geometry":{"type":"Polygon","coordinates":[[[153569.005,167233.084],[153573.052,167227.915],[153582.823,167235.489],[153580.382,167238.639],[153579.791,167238.181],[153578.31075108,167240.08981281],[153569.005,167233.084]]]},"geometry_name":"GEOM","properties":{"INSPIRE_ID":"https://databrussels.be/id/building/1589679","BLOCK_ID":"https://databrussels.be/id/block/24180","AREA":78},"bbox":[153569.005,167227.915,153582.823,167240.08981281]},{"type":"Feature","id":"Buildings.fid--324554a4_1a031387ba0_2469","geometry":{"type":"Polygon","coordinates":[[[153945.32,167381.45],[153949.99,167379.89],[153954.42999949,167389.68999998],[153951.02,167391.24],[153945.41,167381.6],[153945.32,167381.45]]]},"geometry_name":"GEOM","properties":{"INSPIRE_ID":"https://databrussels.be/id/building/1591442","BLOCK_ID":"https://databrussels.be/id/block/25971","AREA":47},"bbox":[153945.32,167379.89,153954.42999949,167391.24]},{"type":"Feature","id":"Buildings.fid--324554a4_1a031387ba0_247c","geometry":{"type":"Polygon","coordinates":[[[153912.225,167464.335],[153917.927,167458.268],[153922.118,167462.207],[153920.98,167463.4],[153919.76,167464.68],[153916.371,167468.232],[153912.225,167464.335]]]},"geometry_name":"GEOM","properties":{"INSPIRE_ID":"https://databrussels.be/id/building/1591443","BLOCK_ID":"https://databrussels.be/id/block/26220","AREA":48},"bbox":[153912.225,167458.268,153922.118,167468.232]},{"type":"Feature","id":"Buildings.fid--324554a4_1a031387ba0_247e","geometry":{"type":"Polygon","coordinates":[[[153906.43,167470.5],[153912.225,167464.335],[153916.371,167468.232],[153912.92,167471.85],[153911.58,167473.26],[153910.52,167474.38],[153906.43,167470.5]]]},"geometry_name":"GEOM","properties":{"INSPIRE_ID":"https://databrussels.be/id/building/1591444","BLOCK_ID":"https://databrussels.be/id/block/26220","AREA":48},"bbox":[153906.43,167464.335,153916.371,167474.38]},{"type":"Feature","id":"Buildings.fid--324554a4_1a031387ba0_2613","geometry":{"type":"Polygon","coordinates":[[[153581.189,167221.851],[153582.752,167219.825],[153581.869,167219.144],[153584.595,167215.611],[153585.491,167216.309],[153587.709,167213.461],[153591.252,167216.221],[153592.089,167215.147],[153594.714,167217.192],[153593.921,167218.262],[153588.78614769,167225.19379983],[153586.519,167223.445],[153585.789,167224.391],[153584.667,167224.536],[153581.189,167221.851]]]},"geometry_name":"GEOM","properties":{"INSPIRE_ID":"https://databrussels.be/id/building/1592487","BLOCK_ID":"https://databrussels.be/id/block/24180","AREA":88},"bbox":[153581.189,167213.461,153594.714,167225.19379983]},{"type":"Feature","id":"Buildings.fid--324554a4_1a031387ba0_24e9","geometry":{"type":"Polygon","coordinates":[[[153715.506,167410.548],[153720.43,167399.36],[153730.29,167403.94],[153729.9,167404.79],[153728.89,167407.14],[153725.477,167415.054],[153715.506,167410.548]]]},"geometry_name":"GEOM","properties":{"INSPIRE_ID":"https://databrussels.be/id/building/1592512","BLOCK_ID":"https://databrussels.be/id/block/24420","AREA":133},"bbox":[153715.506,167399.36,153730.29,167415.054]},{"type":"Feature","id":"Buildings.fid--324554a4_1a031387ba0_263d","geometry":{"type":"Polygon","coordinates":[[[153638.529,167260.251],[153638.841,167259.851],[153636.71,167258.245],[153636.229,167257.205],[153636.152,167256.041],[153638.096,167253.551],[153639.588,167253.266],[153638.681,167252.572],[153641.787,167248.572],[153645.395,167251.471],[153646.436,167250.171],[153649.35,167252.506],[153648.36,167253.746],[153651.341,167256.136],[153644.521,167264.889],[153638.529,167260.251]]]},"geometry_name":"GEOM","properties":{"INSPIRE_ID":"https://databrussels.be/id/building/1592516","BLOCK_ID":"https://databrussels.be/id/block/24180","AREA":137},"bbox":[153636.152,167248.572,153651.341,167264.889]},{"type":"Feature","id":"Buildings.fid--324554a4_1a031387ba0_2508","geometry":{"type":"Polygon","coordinates":[[[153740.08,167282.5],[153739.99,167282.37],[153736.13,167276.78],[153739.07,167274.75],[153742.92,167280.32],[153745.15,167278.77],[153745.87,167279.83],[153751.191,167287.626],[153746.061,167291.151],[153741.26,167284.2],[153740.08,167282.5]]]},"geometry_name":"GEOM","properties":{"INSPIRE_ID":"https://databrussels.be/id/building/1593484","BLOCK_ID":"https://databrussels.be/id/block/24180","AREA":91},"bbox":[153736.13,167274.75,153751.191,167291.151]},{"type":"Feature","id":"Buildings.fid--324554a4_1a031387ba0_2517","geometry":{"type":"Polygon","coordinates":[[[153742.62,167374.88],[153751.44,167369.01],[153759.92,167381.75],[153762.61,167385.81],[153762.708,167385.958],[153762.6,167386.03],[153758.42,167388.82],[153754.08,167391.71],[153753.9,167391.82],[153746.74,167381.05],[153745.58,167379.31],[153742.62,167374.88]]]},"geometry_name":"GEOM","properties":{"INSPIRE_ID":"https://databrussels.be/id/building/1593549","BLOCK_ID":"https://databrussels.be/id/block/24420","AREA":216},"bbox":[153742.62,167369.01,153762.708,167391.82]},{"type":"Feature","id":"Buildings.fid--324554a4_1a031387ba0_24be","geometry":{"type":"Polygon","coordinates":[[[153827.818,167341.532],[153807.686,167355.348],[153799.726,167343.113],[153819.893,167329.803],[153827.818,167341.532]]]},"geometry_name":"GEOM","properties":{"INSPIRE_ID":"https://databrussels.be/id/building/1593550","BLOCK_ID":"https://databrussels.be/id/block/24420","AREA":349},"bbox":[153799.726,167329.803,153827.818,167355.348]},{"type":"Feature","id":"Buildings.fid--324554a4_1a031387ba0_24bb","geometry":{"type":"Polygon","coordinates":[[[153815.666,167312.813],[153816.53,167312.21],[153820.98,167309.11],[153834.238,167318.454],[153840.733,167323.032],[153847.612,167328.118],[153856.186,167336.845],[153849.94,167343.13],[153849.2,167343.86],[153847.511,167345.537],[153837.335,167335.232],[153834.192,167337.495],[153820.572,167317.476],[153819.807,167317.974],[153815.666,167312.813]]]},"geometry_name":"GEOM","properties":{"INSPIRE_ID":"https://databrussels.be/id/building/1593552","BLOCK_ID":"https://databrussels.be/id/block/24420","AREA":504},"bbox":[153815.666,167309.11,153856.186,167345.537]},{"type":"Feature","id":"Buildings.fid--324554a4_1a031387ba0_261d","geometry":{"type":"Polygon","coordinates":[[[153553.78,167254.189],[153557.91,167248.809],[153567.14900618,167255.96000482],[153565.367,167258.259],[153565.916,167258.685],[153563.53,167261.765],[153563.433,167261.69],[153560.5730002,167259.45500046],[153553.78,167254.189]]]},"geometry_name":"GEOM","properties":{"INSPIRE_ID":"https://databrussels.be/id/building/1593732","BLOCK_ID":"https://databrussels.be/id/block/24180","AREA":82},"bbox":[153553.78,167248.809,153567.14900618,167261.765]},{"type":"Feature","id":"Buildings.fid--324554a4_1a031387ba0_25df","geometry":{"type":"Polygon","coordinates":[[[153694.533,167401.07],[153698.57,167392.13],[153698.65,167391.96],[153699.36,167390.38],[153702.06,167391.61],[153703.17,167389.16],[153706.12,167390.5],[153705.68,167391.45],[153704.36,167394.44],[153700.275,167403.665],[153694.533,167401.07]]]},"geometry_name":"GEOM","properties":{"INSPIRE_ID":"https://databrussels.be/id/building/1593733","BLOCK_ID":"https://databrussels.be/id/block/24420","AREA":82},"bbox":[153694.533,167389.16,153706.12,167403.665]},{"type":"Feature","id":"Buildings.fid--324554a4_1a031387ba0_262b","geometry":{"type":"Polygon","coordinates":[[[153534.979,167280.001],[153538.935,167274.925],[153548.482,167281.708],[153549.007,167282.108],[153545.238,167286.958],[153544.116,167287.099],[153534.979,167280.001]]]},"geometry_name":"GEOM","properties":{"INSPIRE_ID":"https://databrussels.be/id/building/1593735","BLOCK_ID":"https://databrussels.be/id/block/24180","AREA":83},"bbox":[153534.979,167274.925,153549.007,167287.099]},{"type":"Feature","id":"Buildings.fid--324554a4_1a031387ba0_24fc","geometry":{"type":"Polygon","coordinates":[[[153739.716,167445.07],[153746.913,167442.886],[153749.82,167452.9],[153747.24,167453.65],[153748.7,167458.65],[153748.3,167458.77],[153749.4,167462.51],[153745.45999977,167463.82999982],[153743.68,167458],[153742.74,167454.94],[153742.7,167454.809],[153739.716,167445.07]]]},"geometry_name":"GEOM","properties":{"INSPIRE_ID":"https://databrussels.be/id/building/1593978","BLOCK_ID":"https://databrussels.be/id/block/26220","AREA":118},"bbox":[153739.716,167442.886,153749.82,167463.82999982]},{"type":"Feature","id":"Buildings.fid--324554a4_1a031387ba0_26e9","geometry":{"type":"Polygon","coordinates":[[[153521.729,167012.03],[153517.531,167009.845],[153518.927,167007.316],[153523.091,167009.542],[153521.729,167012.03]]]},"geometry_name":"GEOM","properties":{"INSPIRE_ID":"https://databrussels.be/id/building/1594486","BLOCK_ID":"https://databrussels.be/id/block/26197","AREA":14},"bbox":[153517.531,167007.316,153523.091,167012.03]},{"type":"Feature","id":"Buildings.fid--324554a4_1a031387ba0_245d","geometry":{"type":"Polygon","coordinates":[[[153958.6068,167336.11110035],[153962.4727,167346.96640035],[153962.21,167347.06000035],[153963.36,167351.14000036],[153966.04,167360.70000035],[153959.53,167362.69000035],[153956.94,167354.18000035],[153955.76,167350.28000035],[153955.46,167350.38000035],[153955.19,167349.56000035],[153954.208,167346.87500035],[153952.761,167342.91800036],[153951.2677,167338.72480036],[153958.6068,167336.11110035]]]},"geometry_name":"GEOM","properties":{"INSPIRE_ID":"https://databrussels.be/id/building/1594512","BLOCK_ID":"https://databrussels.be/id/block/24635","AREA":187},"bbox":[153951.2677,167336.11110035,153966.04,167362.69000035]},{"type":"Feature","id":"Buildings.fid--324554a4_1a031387ba0_26c7","geometry":{"type":"Polygon","coordinates":[[[153569.49,167183.51],[153576.7,167170.41],[153581.454,167173.071],[153574.797,167184.076],[153569.49,167183.51]]]},"geometry_name":"GEOM","properties":{"INSPIRE_ID":"https://databrussels.be/id/building/1594514","BLOCK_ID":"https://databrussels.be/id/block/24635","AREA":72},"bbox":[153569.49,167170.41,153581.454,167184.076]},{"type":"Feature","id":"Buildings.fid--324554a4_1a031387ba0_25d2","geometry":{"type":"Polygon","coordinates":[[[153664.37,167376.311],[153668.08,167367.55],[153674.822,167370.485],[153670.319,167380.46],[153664.01,167377.62],[153663.85,167377.54],[153664.37,167376.311]]]},"geometry_name":"GEOM","properties":{"INSPIRE_ID":"https://databrussels.be/id/building/1594519","BLOCK_ID":"https://databrussels.be/id/block/24180","AREA":79},"bbox":[153663.85,167367.55,153674.822,167380.46]},{"type":"Feature","id":"Buildings.fid--324554a4_1a031387ba0_2643","geometry":{"type":"Polygon","coordinates":[[[153651.8,167278.293],[153654.52,167276.023],[153652.377,167273.406],[153659.56,167267.49],[153662.93,167271.69],[153662.63,167272],[153665.29,167275.28],[153655.787,167283.136],[153651.8,167278.293]]]},"geometry_name":"GEOM","properties":{"INSPIRE_ID":"https://databrussels.be/id/building/1594520","BLOCK_ID":"https://databrussels.be/id/block/24180","AREA":110},"bbox":[153651.8,167267.49,153665.29,167283.136]},{"type":"Feature","id":"Buildings.fid--324554a4_1a031387ba0_264c","geometry":{"type":"Polygon","coordinates":[[[153608.649,167309.134],[153610.231,167307.333],[153614.869,167302.248],[153615.523,167302.861],[153616.621,167301.526],[153617.119,167301.1],[153618.134,167301.1],[153621.44,167304.28],[153620.76,167305.13],[153623.727,167307.946],[153616.177,167316.032],[153608.649,167309.134]]]},"geometry_name":"GEOM","properties":{"INSPIRE_ID":"https://databrussels.be/id/building/1594525","BLOCK_ID":"https://databrussels.be/id/block/24180","AREA":119},"bbox":[153608.649,167301.1,153623.727,167316.032]},{"type":"Feature","id":"Buildings.fid--324554a4_1a031387ba0_243c","geometry":{"type":"Polygon","coordinates":[[[153995.98,167414.46],[153995.76,167413.89],[153997.45,167413.25],[153997.99,167414.7],[153998.2,167415.25],[153996.51,167415.88],[153995.98,167414.46]]]},"geometry_name":"GEOM","properties":{"INSPIRE_ID":"https://databrussels.be/id/building/1594547","BLOCK_ID":"https://databrussels.be/id/block/25971","AREA":4},"bbox":[153995.76,167413.25,153998.2,167415.88]},{"type":"Feature","id":"Buildings.fid--324554a4_1a031387ba0_2659","geometry":{"type":"Polygon","coordinates":[[[153507.37,167261.51],[153511,167261.51],[153507.68,167265.67],[153507.37,167261.51]]]},"geometry_name":"GEOM","properties":{"INSPIRE_ID":"https://databrussels.be/id/building/1595551","BLOCK_ID":"https://databrussels.be/id/block/24180","AREA":8},"bbox":[153507.37,167261.51,153511,167265.67]},{"type":"Feature","id":"Buildings.fid--324554a4_1a031387ba0_2519","geometry":{"type":"Polygon","coordinates":[[[153742.62,167374.88],[153745.58,167379.31],[153743.2,167380.77],[153738.05,167373.51],[153740.65,167371.66],[153742.62,167374.88]]]},"geometry_name":"GEOM","properties":{"INSPIRE_ID":"https://databrussels.be/id/building/1595579","BLOCK_ID":"https://databrussels.be/id/block/24420","AREA":27},"bbox":[153738.05,167371.66,153745.58,167380.77]},{"type":"Feature","id":"Buildings.fid--324554a4_1a031387ba0_2625","geometry":{"type":"Polygon","coordinates":[[[153579.05,167270.9],[153582.89999962,167265.95999956],[153586.54000037,167268.64000026],[153582.84000044,167273.34999976],[153582.65,167273.62],[153579.05,167270.9]]]},"geometry_name":"GEOM","properties":{"INSPIRE_ID":"https://databrussels.be/id/building/1595581","BLOCK_ID":"https://databrussels.be/id/block/24180","AREA":28},"bbox":[153579.05,167265.95999956,153586.54000037,167273.62]},{"type":"Feature","id":"Buildings.fid--324554a4_1a031387ba0_2644","geometry":{"type":"Polygon","coordinates":[[[153603.488,167277.609],[153600.628,167275.488],[153605.73,167268.62],[153608.59,167270.75],[153603.488,167277.609]]]},"geometry_name":"GEOM","properties":{"INSPIRE_ID":"https://databrussels.be/id/building/1595582","BLOCK_ID":"https://databrussels.be/id/block/24180","AREA":30},"bbox":[153600.628,167268.62,153608.59,167277.609]},{"type":"Feature","id":"Buildings.fid--324554a4_1a031387ba0_2660","geometry":{"type":"Polygon","coordinates":[[[153520.3,167261.82],[153523.07,167263.98],[153517.57,167271.04],[153514.8,167268.88],[153520.3,167261.82]]]},"geometry_name":"GEOM","properties":{"INSPIRE_ID":"https://databrussels.be/id/building/1595583","BLOCK_ID":"https://databrussels.be/id/block/24180","AREA":31},"bbox":[153514.8,167261.82,153523.07,167271.04]},{"type":"Feature","id":"Buildings.fid--324554a4_1a031387ba0_26a6","geometry":{"type":"Polygon","coordinates":[[[153655.38,167195.19],[153652.772,167200.147],[153647.53,167197.4],[153650.13,167192.44],[153655.38,167195.19]]]},"geometry_name":"GEOM","properties":{"INSPIRE_ID":"https://databrussels.be/id/building/1595584","BLOCK_ID":"https://databrussels.be/id/block/24635","AREA":33},"bbox":[153647.53,167192.44,153655.38,167200.147]},{"type":"Feature","id":"Buildings.fid--324554a4_1a031387ba0_2501","geometry":{"type":"Polygon","coordinates":[[[153793.19,167460.99],[153795.01,167467.19],[153798.01,167467.14],[153803.23,167467.07],[153808.66,167466.99],[153808.76000027,167460.48999988],[153808.42990014,167460.51094308],[153808.3649718,167460.27074797],[153805.93611851,167451.3429316],[153801.64993655,167452.62084496],[153796.88996772,167454.04081511],[153798.84995114,167460.67216072],[153793.19,167460.99]]]},"geometry_name":"GEOM","properties":{"INSPIRE_ID":"https://databrussels.be/id/building/1595972","BLOCK_ID":"https://databrussels.be/id/block/26220","AREA":171},"bbox":[153793.19,167451.3429316,153808.76000027,167467.19]},{"type":"Feature","id":"Buildings.fid--324554a4_1a031387ba0_253a","geometry":{"type":"Polygon","coordinates":[[[153625.083,167480.039],[153629.763,167478.549],[153634.14,167491.22],[153636.19,167497.15],[153631.55,167498.76],[153630.15,167494.72],[153628.27,167489.26],[153625.083,167480.039]]]},"geometry_name":"GEOM","properties":{"INSPIRE_ID":"https://databrussels.be/id/building/1595980","BLOCK_ID":"https://databrussels.be/id/block/27459","AREA":97},"bbox":[153625.083,167478.549,153636.19,167498.76]},{"type":"Feature","id":"Buildings.fid--324554a4_1a031387ba0_25e4","geometry":{"type":"Polygon","coordinates":[[[153504.39,167302.67],[153506.66,167299.69],[153509.04,167301.62],[153509.68,167302.085],[153507.423,167305],[153504.39,167302.67]]]},"geometry_name":"GEOM","properties":{"INSPIRE_ID":"https://databrussels.be/id/building/1653915","BLOCK_ID":"https://databrussels.be/id/block/24180","AREA":14},"bbox":[153504.39,167299.69,153509.68,167305]},{"type":"Feature","id":"Buildings.fid--324554a4_1a031387ba0_2662","geometry":{"type":"Polygon","coordinates":[[[153518.414,167285.96],[153520.792,167287.795],[153519.478,167289.496],[153517.063,167287.614],[153518.414,167285.96]]]},"geometry_name":"GEOM","properties":{"INSPIRE_ID":"https://databrussels.be/id/building/1653916","BLOCK_ID":"https://databrussels.be/id/block/24180","AREA":6},"bbox":[153517.063,167285.96,153520.792,167289.496]},{"type":"Feature","id":"Buildings.fid--324554a4_1a031387ba0_26db","geometry":{"type":"Polygon","coordinates":[[[153689.069,167102.773],[153691.896,167096.993],[153695.596,167098.85],[153692.591,167104.545],[153689.069,167102.773]]]},"geometry_name":"GEOM","properties":{"INSPIRE_ID":"https://databrussels.be/id/building/1655334","BLOCK_ID":"https://databrussels.be/id/block/26449","AREA":26},"bbox":[153689.069,167096.993,153695.596,167104.545]},{"type":"Feature","id":"Buildings.fid--324554a4_1a031387ba0_2691","geometry":{"type":"Polygon","coordinates":[[[153729.452,167144.971],[153730.397,167143.239],[153733.042,167144.4],[153732.131,167146.259],[153729.452,167144.971]]]},"geometry_name":"GEOM","properties":{"INSPIRE_ID":"https://databrussels.be/id/building/1655335","BLOCK_ID":"https://databrussels.be/id/block/26449","AREA":6},"bbox":[153729.452,167143.239,153733.042,167146.259]},{"type":"Feature","id":"Buildings.fid--324554a4_1a031387ba0_2649","geometry":{"type":"Polygon","coordinates":[[[153660.117,167293.296],[153664.215,167293.767],[153663.774,167297.384],[153659.633,167296.872],[153660.117,167293.296]]]},"geometry_name":"GEOM","properties":{"INSPIRE_ID":"https://databrussels.be/id/building/1655445","BLOCK_ID":"https://databrussels.be/id/block/24180","AREA":15},"bbox":[153659.633,167293.296,153664.215,167297.384]},{"type":"Feature","id":"Buildings.fid--324554a4_1a031387ba0_250b","geometry":{"type":"Polygon","coordinates":[[[153703.17,167286.696],[153705.48,167285.095],[153706.706,167286.98],[153704.235,167288.608],[153703.17,167286.696]]]},"geometry_name":"GEOM","properties":{"INSPIRE_ID":"https://databrussels.be/id/building/1655446","BLOCK_ID":"https://databrussels.be/id/block/24180","AREA":6},"bbox":[153703.17,167285.095,153706.706,167288.608]},{"type":"Feature","id":"Buildings.fid--324554a4_1a031387ba0_24cb","geometry":{"type":"Polygon","coordinates":[[[153858.35,167368.5],[153861.539,167369.235],[153862.21,167371.472],[153859.461,167372.229],[153858.35,167368.5]]]},"geometry_name":"GEOM","properties":{"INSPIRE_ID":"https://databrussels.be/id/building/1655449","BLOCK_ID":"https://databrussels.be/id/block/24420","AREA":9},"bbox":[153858.35,167368.5,153862.21,167372.229]},{"type":"Feature","id":"Buildings.fid--324554a4_1a031387ba0_24c7","geometry":{"type":"Polygon","coordinates":[[[153852.595,167365.801],[153853.609,167364.154],[153855.851,167365.906],[153854.672,167367.396],[153852.595,167365.801]]]},"geometry_name":"GEOM","properties":{"INSPIRE_ID":"https://databrussels.be/id/building/1655450","BLOCK_ID":"https://databrussels.be/id/block/24420","AREA":5},"bbox":[153852.595,167364.154,153855.851,167367.396]},{"type":"Feature","id":"Buildings.fid--324554a4_1a031387ba0_245e","geometry":{"type":"Polygon","coordinates":[[[153916.655,167338.806],[153918.901,167336.75],[153921.127,167339.055],[153918.962,167341.226],[153916.655,167338.806]]]},"geometry_name":"GEOM","properties":{"INSPIRE_ID":"https://databrussels.be/id/building/1655451","BLOCK_ID":"https://databrussels.be/id/block/24635","AREA":10},"bbox":[153916.655,167336.75,153921.127,167341.226]},{"type":"Feature","id":"Buildings.fid--324554a4_1a031387ba0_247a","geometry":{"type":"Polygon","coordinates":[[[153912.748,167453.733],[153914.506,167455.104],[153914.179,167455.559],[153912.288,167455.931],[153911.709,167455.371],[153912.748,167453.733]]]},"geometry_name":"GEOM","properties":{"INSPIRE_ID":"https://databrussels.be/id/building/1655452","BLOCK_ID":"https://databrussels.be/id/block/26220","AREA":3},"bbox":[153911.709,167453.733,153914.506,167455.931]},{"type":"Feature","id":"Buildings.fid--324554a4_1a031387ba0_247f","geometry":{"type":"Polygon","coordinates":[[[153904.822,167472.205],[153903.421,167467.416],[153904.967,167466.484],[153906.43,167470.5],[153904.822,167472.205]]]},"geometry_name":"GEOM","properties":{"INSPIRE_ID":"https://databrussels.be/id/building/1655456","BLOCK_ID":"https://databrussels.be/id/block/26220","AREA":9},"bbox":[153903.421,167466.484,153906.43,167472.205]},{"type":"Feature","id":"Buildings.fid--324554a4_1a031387ba0_2698","geometry":{"type":"Polygon","coordinates":[[[153757.945,167147.213],[153758.941,167144.963],[153761.851,167146.557],[153761.016,167148.731],[153757.945,167147.213]]]},"geometry_name":"GEOM","properties":{"INSPIRE_ID":"https://databrussels.be/id/building/1656677","BLOCK_ID":"https://databrussels.be/id/block/26449","AREA":8},"bbox":[153757.945,167144.963,153761.851,167148.731]},{"type":"Feature","id":"Buildings.fid--324554a4_1a031387ba0_26cc","geometry":{"type":"Polygon","coordinates":[[[153587.148,167167.831],[153589.266,167169.069],[153587.74,167172.064],[153585.685,167170.94],[153587.148,167167.831]]]},"geometry_name":"GEOM","properties":{"INSPIRE_ID":"https://databrussels.be/id/building/1656678","BLOCK_ID":"https://databrussels.be/id/block/24635","AREA":8},"bbox":[153585.685,167167.831,153589.266,167172.064]},{"type":"Feature","id":"Buildings.fid--324554a4_1a031387ba0_26d0","geometry":{"type":"Polygon","coordinates":[[[153601.908,167155.202],[153604.338,167150.637],[153607.939,167152.436],[153605.506,167157.189],[153601.908,167155.202]]]},"geometry_name":"GEOM","properties":{"INSPIRE_ID":"https://databrussels.be/id/building/1656679","BLOCK_ID":"https://databrussels.be/id/block/24635","AREA":21},"bbox":[153601.908,167150.637,153607.939,167157.189]},{"type":"Feature","id":"Buildings.fid--324554a4_1a031387ba0_26bc","geometry":{"type":"Polygon","coordinates":[[[153519.289,167196.711],[153521.299,167196.62],[153521.509,167198.615],[153519.451,167198.769],[153519.289,167196.711]]]},"geometry_name":"GEOM","properties":{"INSPIRE_ID":"https://databrussels.be/id/building/1656681","BLOCK_ID":"https://databrussels.be/id/block/24180","AREA":4},"bbox":[153519.289,167196.62,153521.509,167198.769]},{"type":"Feature","id":"Buildings.fid--324554a4_1a031387ba0_24fa","geometry":{"type":"Polygon","coordinates":[[[153766.00107963,167437.06392184],[153766.80273988,167439.74281514],[153770.016,167438.94],[153769.1652578,167436.09886096],[153766.00107963,167437.06392184]]]},"geometry_name":"GEOM","properties":{"INSPIRE_ID":"https://databrussels.be/id/building/1656785","BLOCK_ID":"https://databrussels.be/id/block/26220","AREA":10},"bbox":[153766.00107963,167436.09886096,153770.016,167439.74281514]},{"type":"Feature","id":"Buildings.fid--324554a4_1a031387ba0_26a0","geometry":{"type":"Polygon","coordinates":[[[153629.197,167192.485],[153627.713,167195.029],[153624.894,167193.864],[153626.148,167191.066],[153629.197,167192.485]]]},"geometry_name":"GEOM","properties":{"INSPIRE_ID":"https://databrussels.be/id/building/1662141","BLOCK_ID":"https://databrussels.be/id/block/24635","AREA":10},"bbox":[153624.894,167191.066,153629.197,167195.029]},{"type":"Feature","id":"Buildings.fid--324554a4_1a031387ba0_23fc","geometry":{"type":"Polygon","coordinates":[[[153824.038,167219.721],[153821.473,167218.539],[153823.419,167214.545],[153826.199,167215.877],[153824.038,167219.721]]]},"geometry_name":"GEOM","properties":{"INSPIRE_ID":"https://databrussels.be/id/building/1662142","BLOCK_ID":"https://databrussels.be/id/block/26449","AREA":13},"bbox":[153821.473,167214.545,153826.199,167219.721]},{"type":"Feature","id":"Buildings.fid--324554a4_1a031387ba0_240b","geometry":{"type":"Polygon","coordinates":[[[153873.92,167240.23],[153875.32,167237.336],[153878.853,167239.029],[153878.62,167239.552],[153879.739,167240.073],[153878.629,167242.744],[153873.92,167240.23]]]},"geometry_name":"GEOM","properties":{"INSPIRE_ID":"https://databrussels.be/id/building/1663448","BLOCK_ID":"https://databrussels.be/id/block/26449","AREA":17},"bbox":[153873.92,167237.336,153879.739,167242.744]},{"type":"Feature","id":"Buildings.fid--324554a4_1a031387ba0_2611","geometry":{"type":"Polygon","coordinates":[[[153531.461,167207.09480035],[153531.798,167211.38600036],[153532.697,167220.02200035],[153528.688,167220.40300036],[153527.3801,167207.48270036],[153531.461,167207.09480035]]]},"geometry_name":"GEOM","properties":{"INSPIRE_ID":"https://databrussels.be/id/building/1751623","BLOCK_ID":"https://databrussels.be/id/block/24180","AREA":52},"bbox":[153527.3801,167207.09480035,153532.697,167220.40300036]},{"type":"Feature","id":"Buildings.fid--324554a4_1a031387ba0_26c1","geometry":{"type":"Polygon","coordinates":[[[153552.5666,167168.5961],[153555.4705,167163.066],[153557.908,167164.346],[153555.0036,167169.8769],[153552.5666,167168.5961]]]},"geometry_name":"GEOM","properties":{"INSPIRE_ID":"https://databrussels.be/id/building/1751624","BLOCK_ID":"https://databrussels.be/id/block/24635","AREA":17},"bbox":[153552.5666,167163.066,153557.908,167169.8769]},{"type":"Feature","id":"Buildings.fid--324554a4_1a031387ba0_241e","geometry":{"type":"Polygon","coordinates":[[[153973.7164,167300.7946],[153993.669,167303.7],[153992.723,167311.088],[153992.39,167313.369],[153992.2232,167313.3462],[153992.0081,167314.9213],[153987.4442,167314.2981],[153987.4111,167314.5302],[153984.7149,167316.502],[153971.7715,167314.8005],[153973.7164,167300.7946]]]},"geometry_name":"GEOM","properties":{"INSPIRE_ID":"https://databrussels.be/id/building/1752632","BLOCK_ID":"https://databrussels.be/id/block/24635","AREA":268},"bbox":[153971.7715,167300.7946,153993.669,167316.502]},{"type":"Feature","id":"Buildings.fid--324554a4_1a031387ba0_26b7","geometry":{"type":"Polygon","coordinates":[[[153503.7511743,167193.35480022],[153510.681,167193.908],[153510.5325,167195.7898],[153505.874674,167195.44731191],[153505.86599441,167196.73486042],[153503.65502378,167196.63878343],[153503.7511743,167193.35480022]]]},"geometry_name":"GEOM","properties":{"INSPIRE_ID":"https://databrussels.be/id/building/1752660","BLOCK_ID":"https://databrussels.be/id/block/24180","AREA":16},"bbox":[153503.65502378,167193.35480022,153510.681,167196.73486042]},{"type":"Feature","id":"Buildings.fid--324554a4_1a031387ba0_2679","geometry":{"type":"Polygon","coordinates":[[[153767.88,167235],[153773.516,167224.344],[153776.93,167226.157],[153771.18,167236.85],[153767.88,167235]]]},"geometry_name":"GEOM","properties":{"INSPIRE_ID":"https://databrussels.be/id/building/1752661","BLOCK_ID":"https://databrussels.be/id/block/24635","AREA":46},"bbox":[153767.88,167224.344,153776.93,167236.85]},{"type":"Feature","id":"Buildings.fid--324554a4_1a031387ba0_2471","geometry":{"type":"Polygon","coordinates":[[[153938.33999961,167437.36999997],[153941.37494481,167440.7498454],[153949.3799943,167433.80083878],[153946.62,167430.17],[153938.33999961,167437.36999997]]]},"geometry_name":"GEOM","properties":{"INSPIRE_ID":"https://databrussels.be/id/building/1752662","BLOCK_ID":"https://databrussels.be/id/block/26220","AREA":49},"bbox":[153938.33999961,167430.17,153949.3799943,167440.7498454]},{"type":"Feature","id":"Buildings.fid--324554a4_1a031387ba0_26d3","geometry":{"type":"Polygon","coordinates":[[[153608.68202438,167179.60728514],[153611.65799978,167181.31200004],[153610.61,167183.22],[153610.05364602,167184.26738378],[153607.064,167182.553],[153608.68202438,167179.60728514]]]},"geometry_name":"GEOM","properties":{"INSPIRE_ID":"https://databrussels.be/id/building/1752670","BLOCK_ID":"https://databrussels.be/id/block/24635","AREA":12},"bbox":[153607.064,167179.60728514,153611.65799978,167184.26738378]},{"type":"Feature","id":"Buildings.fid--324554a4_1a031387ba0_25e1","geometry":{"type":"Polygon","coordinates":[[[153614.36,167399.12],[153615.87,167397.98],[153619.33,167402.16],[153617.81,167403.67],[153616.43,167402.01],[153614.17,167399.28],[153614.36,167399.12]]]},"geometry_name":"GEOM","properties":{"INSPIRE_ID":"https://databrussels.be/id/building/1752676","BLOCK_ID":"https://databrussels.be/id/block/26811","AREA":12},"bbox":[153614.17,167397.98,153619.33,167403.67]},{"type":"Feature","id":"Buildings.fid--324554a4_1a031387ba0_240f","geometry":{"type":"Polygon","coordinates":[[[153957.5893,167160.068],[153953.9693,167163.7563],[153964.2489,167173.8456],[153961.537,167176.6086],[153963.5516,167178.5859],[153962.0359,167180.1303],[153964.5159,167182.5644],[153953.1775,167194.1167],[153954.1406,167195.062],[153947.0703,167202.2657],[153942.3186,167197.6021],[153941.2607,167198.68],[153931.8276,167189.4217],[153935.6109,167185.567],[153935.3581,167185.3189],[153948.0117,167172.4265],[153945.1002,167169.5689],[153946.2305,167168.4172],[153940.3511,167162.6467],[153943.8728,167159.0585],[153942.2971,167157.512],[153946.6446,167153.0825],[153951.1306,167157.4854],[153953.0085,167155.572],[153957.5893,167160.068]]]},"geometry_name":"GEOM","properties":{"INSPIRE_ID":"https://databrussels.be/id/building/1752678","BLOCK_ID":"https://databrussels.be/id/block/26449","AREA":782},"bbox":[153931.8276,167153.0825,153964.5159,167202.2657]},{"type":"Feature","id":"Buildings.fid--324554a4_1a031387ba0_26d8","geometry":{"type":"Polygon","coordinates":[[[153675.421,167060.91],[153672.66508445,167059.66806267],[153676.05796281,167052.95409381],[153716.18108268,167030.3551504],[153733.16582014,167020.54628819],[153745.71288852,167013.43256338],[153749.87138588,167012.61356773],[153752.1192201,167013.4171388],[153751.13893595,167032.70658044],[153753.73891235,167039.13397273],[153757.01325967,167044.98871957],[153760.84945913,167049.12580387],[153759.779,167050.942],[153717.13,167030.83],[153710.76,167044.29],[153706.18,167042.35],[153675.421,167060.91]]]},"geometry_name":"GEOM","properties":{"INSPIRE_ID":"https://databrussels.be/id/building/1752679","BLOCK_ID":"https://databrussels.be/id/block/26449","AREA":1009},"bbox":[153672.66508445,167012.61356773,153760.84945913,167060.91]},{"type":"Feature","id":"Buildings.fid--324554a4_1a031387ba0_2633","geometry":{"type":"Polygon","coordinates":[[[153630.19,167234.58],[153635.06,167228.14],[153639.28,167231.46],[153636.61,167234.86],[153634.59,167237.48],[153634.39,167237.36],[153630.05,167234.78],[153630.19,167234.58]]]},"geometry_name":"GEOM","properties":{"INSPIRE_ID":"https://databrussels.be/id/building/1752681","BLOCK_ID":"https://databrussels.be/id/block/24180","AREA":42},"bbox":[153630.05,167228.14,153639.28,167237.48]},{"type":"Feature","id":"Buildings.fid--324554a4_1a031387ba0_2457","geometry":{"type":"Polygon","coordinates":[[[153943.205,167305.214],[153944.43,167296.7],[153949.41,167297.37],[153948.06,167305.92],[153943.205,167305.214]]]},"geometry_name":"GEOM","properties":{"INSPIRE_ID":"https://databrussels.be/id/building/1752685","BLOCK_ID":"https://databrussels.be/id/block/24635","AREA":43},"bbox":[153943.205,167296.7,153949.41,167305.92]},{"type":"Feature","id":"Buildings.fid--324554a4_1a031387ba0_25fc","geometry":{"type":"Polygon","coordinates":[[[153549.087,167319.215],[153551.566,167316.145],[153557.63402445,167321.16407791],[153560.06,167322.91],[153557.61999984,167325.9899998],[153555.15553157,167324.24114295],[153549.087,167319.215]]]},"geometry_name":"GEOM","properties":{"INSPIRE_ID":"https://databrussels.be/id/building/1752686","BLOCK_ID":"https://databrussels.be/id/block/26811","AREA":43},"bbox":[153549.087,167316.145,153560.06,167325.9899998]},{"type":"Feature","id":"Buildings.fid--324554a4_1a031387ba0_25ba","geometry":{"type":"Polygon","coordinates":[[[153524.30428511,167393.74534901],[153529.23191561,167388.43073595],[153534.944,167382.62],[153537.68,167385.207],[153531.96718732,167390.83111359],[153526.98842421,167396.27971586],[153524.30428511,167393.74534901]]]},"geometry_name":"GEOM","properties":{"INSPIRE_ID":"https://databrussels.be/id/building/1752689","BLOCK_ID":"https://databrussels.be/id/block/24596","AREA":57},"bbox":[153524.30428511,167382.62,153537.68,167396.27971586]},{"type":"Feature","id":"Buildings.fid--324554a4_1a031387ba0_24ca","geometry":{"type":"Polygon","coordinates":[[[153876.48,167372.44],[153876.4,167372.19],[153878.15,167372.38],[153878.99,167372.23],[153880.52,167371.44],[153885.651,167366.399],[153887.963,167368.717],[153882.77999965,167373.58000035],[153882.41000017,167373.92],[153885.551,167383.996],[153880.587,167385.49],[153877.80778057,167376.56674505],[153876.48,167372.44]]]},"geometry_name":"GEOM","properties":{"INSPIRE_ID":"https://databrussels.be/id/building/1752694","BLOCK_ID":"https://databrussels.be/id/block/24420","AREA":92},"bbox":[153876.4,167366.399,153887.963,167385.49]},{"type":"Feature","id":"Buildings.fid--324554a4_1a031387ba0_261c","geometry":{"type":"Polygon","coordinates":[[[153600.20830274,167258.87771805],[153608.20435944,167248.02926824],[153607.562,167247.55],[153607.461,167246.85],[153606.499,167246.133],[153605.799,167246.234],[153603.412,167244.453],[153595.41,167255.27],[153600.20830274,167258.87771805]]]},"geometry_name":"GEOM","properties":{"INSPIRE_ID":"https://databrussels.be/id/building/1752695","BLOCK_ID":"https://databrussels.be/id/block/24180","AREA":82},"bbox":[153595.41,167244.453,153608.20435944,167258.87771805]},{"type":"Feature","id":"Buildings.fid--324554a4_1a031387ba0_25f8","geometry":{"type":"Polygon","coordinates":[[[153524.99000034,167309.33000004],[153526.93590178,167306.45313688],[153539.027,167315.534],[153536.626,167318.539],[153528.16921516,167311.87575793],[153524.99000034,167309.33000004]]]},"geometry_name":"GEOM","properties":{"INSPIRE_ID":"https://databrussels.be/id/building/1752701","BLOCK_ID":"https://databrussels.be/id/block/24180","AREA":55},"bbox":[153524.99000034,167306.45313688,153539.027,167318.539]},{"type":"Feature","id":"Buildings.fid--324554a4_1a031387ba0_2670","geometry":{"type":"Polygon","coordinates":[[[153739.54,167221.69],[153745.946,167209.707],[153749.534,167211.612],[153743.02999899,167223.65001035],[153739.54,167221.69]]]},"geometry_name":"GEOM","properties":{"INSPIRE_ID":"https://databrussels.be/id/building/1752703","BLOCK_ID":"https://databrussels.be/id/block/24635","AREA":55},"bbox":[153739.54,167209.707,153749.534,167223.65001035]},{"type":"Feature","id":"Buildings.fid--324554a4_1a031387ba0_252e","geometry":{"type":"Polygon","coordinates":[[[153738.07,167459.65],[153743.68,167458],[153745.45999977,167463.82999982],[153746.5999994,167467.71000016],[153745.0217599,167467.74880928],[153742.22967363,167467.81746706],[153741.72000008,167467.83],[153740.5,167467.86],[153738.07,167459.65]]]},"geometry_name":"GEOM","properties":{"INSPIRE_ID":"https://databrussels.be/id/building/1752704","BLOCK_ID":"https://databrussels.be/id/block/26220","AREA":55},"bbox":[153738.07,167458,153746.5999994,167467.86]},{"type":"Feature","id":"Buildings.fid--324554a4_1a031387ba0_268b","geometry":{"type":"Polygon","coordinates":[[[153712.4,167165.68000035],[153712.9543,167164.64210035],[153717.0518,167166.83040035],[153715.61,167169.53000035],[153711.43,167177.43300035],[153707.377,167175.26700035],[153711.569,167167.26600035],[153712.4,167165.68000035]]]},"geometry_name":"GEOM","properties":{"INSPIRE_ID":"https://databrussels.be/id/building/1752709","BLOCK_ID":"https://databrussels.be/id/block/26449","AREA":55},"bbox":[153707.377,167164.64210035,153717.0518,167177.43300035]},{"type":"Feature","id":"Buildings.fid--324554a4_1a031387ba0_25b5","geometry":{"type":"Polygon","coordinates":[[[153552.18,167382.51],[153558.42069451,167376.14792077],[153560.4,167373.92],[153560.8,167373.5],[153561.69,167374.34],[153561.2,167374.85],[153561.59,167375.22],[153561.29,167375.54],[153564.02,167378.15],[153562.5,167379.74],[153556.13,167386.22],[153552.18,167382.51]]]},"geometry_name":"GEOM","properties":{"INSPIRE_ID":"https://databrussels.be/id/building/1753795","BLOCK_ID":"https://databrussels.be/id/block/26811","AREA":63},"bbox":[153552.18,167373.5,153564.02,167386.22]},{"type":"Feature","id":"Buildings.fid--324554a4_1a031387ba0_2430","geometry":{"type":"Polygon","coordinates":[[[153973.6237,167330.76330036],[153977.49,167340.05000036],[153984.05,167355.04000035],[153973,167358.51000036],[153970.6905,167350.63790035],[153965.8224,167340.60390035],[153963.5903,167334.33640035],[153973.6237,167330.76330036]]]},"geometry_name":"GEOM","properties":{"INSPIRE_ID":"https://databrussels.be/id/building/1753816","BLOCK_ID":"https://databrussels.be/id/block/24635","AREA":284},"bbox":[153963.5903,167330.76330036,153984.05,167358.51000036]},{"type":"Feature","id":"Buildings.fid--324554a4_1a031387ba0_2490","geometry":{"type":"Polygon","coordinates":[[[153914.12,167487.36],[153917.67,167490.77],[153918.55,167491.61],[153918.15,167493.01],[153912.92,167491.49],[153914.12,167487.36]]]},"geometry_name":"GEOM","properties":{"INSPIRE_ID":"https://databrussels.be/id/building/1753818","BLOCK_ID":"https://databrussels.be/id/block/26220","AREA":16},"bbox":[153912.92,167487.36,153918.55,167493.01]},{"type":"Feature","id":"Buildings.fid--324554a4_1a031387ba0_2412","geometry":{"type":"Polygon","coordinates":[[[153932.08489599,167211.10725892],[153935.16355407,167212.66532128],[153932.47597215,167218.6108515],[153929.15104809,167216.86945517],[153932.08489599,167211.10725892]]]},"geometry_name":"GEOM","properties":{"INSPIRE_ID":"https://databrussels.be/id/building/1753819","BLOCK_ID":"https://databrussels.be/id/block/26449","AREA":23},"bbox":[153929.15104809,167211.10725892,153935.16355407,167218.6108515]},{"type":"Feature","id":"Buildings.fid--324554a4_1a031387ba0_2647","geometry":{"type":"Polygon","coordinates":[[[153613.61135454,167281.30231795],[153616.99365445,167283.78811245],[153614.77381203,167286.83229028],[153611.31116277,167284.42505796],[153613.61135454,167281.30231795]]]},"geometry_name":"GEOM","properties":{"INSPIRE_ID":"https://databrussels.be/id/building/1753821","BLOCK_ID":"https://databrussels.be/id/block/24180","AREA":16},"bbox":[153611.31116277,167281.30231795,153616.99365445,167286.83229028]},{"type":"Feature","id":"Buildings.fid--324554a4_1a031387ba0_25fd","geometry":{"type":"Polygon","coordinates":[[[153546.657,167322.225],[153549.087,167319.215],[153555.15553157,167324.24114295],[153557.61999984,167325.9899998],[153559.24955508,167327.27915672],[153556.80999937,167330.20000082],[153552.81302684,167327.24172095],[153546.657,167322.225]]]},"geometry_name":"GEOM","properties":{"INSPIRE_ID":"https://databrussels.be/id/building/1753831","BLOCK_ID":"https://databrussels.be/id/block/26811","AREA":50},"bbox":[153546.657,167319.215,153559.24955508,167330.20000082]},{"type":"Feature","id":"Buildings.fid--324554a4_1a031387ba0_25f6","geometry":{"type":"Polygon","coordinates":[[[153532.11251637,167304.78131439],[153534.63614532,167301.59760082],[153538.46322944,167304.46083015],[153544.264,167308.979],[153541.715,167312.169],[153532.11251637,167304.78131439]]]},"geometry_name":"GEOM","properties":{"INSPIRE_ID":"https://databrussels.be/id/building/1753832","BLOCK_ID":"https://databrussels.be/id/block/24180","AREA":50},"bbox":[153532.11251637,167301.59760082,153544.264,167312.169]},{"type":"Feature","id":"Buildings.fid--324554a4_1a031387ba0_2406","geometry":{"type":"Polygon","coordinates":[[[153859.624,167256.033],[153864.509,167258.464],[153868.71,167250.37],[153863.63,167248.05],[153859.624,167256.033]]]},"geometry_name":"GEOM","properties":{"INSPIRE_ID":"https://databrussels.be/id/building/1753833","BLOCK_ID":"https://databrussels.be/id/block/26449","AREA":50},"bbox":[153859.624,167248.05,153868.71,167258.464]},{"type":"Feature","id":"Buildings.fid--324554a4_1a031387ba0_26a8","geometry":{"type":"Polygon","coordinates":[[[153651.52,167177.24],[153654.46,167171.48],[153658.709,167163.168],[153664.39,167166.2],[153659.58166897,167174.85125261],[153657.01666089,167179.6302619],[153656.54,167180.5],[153653.18,167178.59],[153651.35,167177.54],[153651.52,167177.24]]]},"geometry_name":"GEOM","properties":{"INSPIRE_ID":"https://databrussels.be/id/building/1753839","BLOCK_ID":"https://databrussels.be/id/block/24635","AREA":100},"bbox":[153651.35,167163.168,153664.39,167180.5]},{"type":"Feature","id":"Buildings.fid--324554a4_1a031387ba0_26a5","geometry":{"type":"Polygon","coordinates":[[[153647.39,167172.17],[153648.49715933,167170.24459787],[153653.809,167160.537],[153658.709,167163.168],[153654.46,167171.48],[153651.52,167177.24],[153647.93218724,167175.37672337],[153647.03729296,167177.11551572],[153645.21785056,167176.24325085],[153645.76342737,167175.25019185],[153647.39,167172.17]]]},"geometry_name":"GEOM","properties":{"INSPIRE_ID":"https://databrussels.be/id/building/1753852","BLOCK_ID":"https://databrussels.be/id/block/24635","AREA":96},"bbox":[153645.21785056,167160.537,153658.709,167177.24]},{"type":"Feature","id":"Buildings.fid--324554a4_1a031387ba0_2593","geometry":{"type":"Polygon","coordinates":[[[153656.83,167442.7],[153658.96,167442.06],[153658.08,167439.12],[153658.21,167438.92],[153659.32,167438.58],[153658.88,167437.12],[153662.60999987,167435.99999996],[153666.643,167449.372],[153659.395,167451.536],[153656.83,167442.7]]]},"geometry_name":"GEOM","properties":{"INSPIRE_ID":"https://databrussels.be/id/building/1753855","BLOCK_ID":"https://databrussels.be/id/block/26811","AREA":92},"bbox":[153656.83,167435.99999996,153666.643,167451.536]},{"type":"Feature","id":"Buildings.fid--324554a4_1a031387ba0_25c9","geometry":{"type":"Polygon","coordinates":[[[153628.70080283,167341.48079684],[153642.37,167355.04],[153649.45,167347.81],[153644.35,167342.86],[153641.32,167338.52],[153644.89450192,167335.83290343],[153644.01,167334.64],[153641.80740227,167331.72359745],[153628.70080283,167341.48079684]]]},"geometry_name":"GEOM","properties":{"INSPIRE_ID":"https://databrussels.be/id/building/1753859","BLOCK_ID":"https://databrussels.be/id/block/24180","AREA":218},"bbox":[153628.70080283,167331.72359745,153649.45,167355.04]},{"type":"Feature","id":"Buildings.fid--324554a4_1a031387ba0_24a6","geometry":{"type":"Polygon","coordinates":[[[153859.303,167408.734],[153868.64,167405.906],[153871.66210538,167415.8255306],[153873.0700001,167420.13999977],[153863.66,167422.86],[153861.98506012,167417.84422869],[153859.303,167408.734]]]},"geometry_name":"GEOM","properties":{"INSPIRE_ID":"https://databrussels.be/id/building/1753860","BLOCK_ID":"https://databrussels.be/id/block/26220","AREA":146},"bbox":[153859.303,167405.906,153873.0700001,167422.86]},{"type":"Feature","id":"Buildings.fid--324554a4_1a031387ba0_26e3","geometry":{"type":"Polygon","coordinates":[[[153655.629,167147.711],[153662,167134.78],[153665.14,167128.96],[153671.16,167132.21],[153669.65,167135.23],[153669.38,167135.77],[153668.19004612,167138.16510183],[153661.777,167150.977],[153655.629,167147.711]]]},"geometry_name":"GEOM","properties":{"INSPIRE_ID":"https://databrussels.be/id/building/1753863","BLOCK_ID":"https://databrussels.be/id/block/26449","AREA":147},"bbox":[153655.629,167128.96,153671.16,167150.977]},{"type":"Feature","id":"Buildings.fid--324554a4_1a031387ba0_2513","geometry":{"type":"Polygon","coordinates":[[[153723.69,167358.16],[153727.47988028,167355.61969024],[153727.20752734,167355.18898967],[153727.89,167354.55],[153728.31,167354.08],[153728.73,167353.62],[153729.16,167353.16],[153730.35,167352.05],[153731.6,167351.01],[153732.89,167350.02],[153733.88,167349.29],[153734.9,167348.6],[153735.93,167347.93],[153737.13,167347.19],[153738.35,167346.5],[153739.61,167345.86],[153740.43,167345.5],[153741.26,167345.16],[153742.09,167344.82],[153730.9,167328.26],[153732.55,167327.13],[153727.22,167319.43],[153734.52,167314.43],[153747.16,167305.89],[153752.76,167314.19],[153750.76,167315.54],[153740.04,167322.98],[153738.25,167324.19],[153749.71505658,167341.20832665],[153757.67361048,167353.02172409],[153768.95,167369.76],[153770.75,167368.54],[153773.21,167372.45],[153773.58999988,167372.36999992],[153776.37999989,167376.44999993],[153769.21,167381.38],[153764.14,167373.91],[153762.42,167375.03],[153751.32,167358.37],[153750.74,167358.97],[153750.16,167359.56],[153749.57,167360.14],[153748.77,167360.84],[153747.95,167361.51],[153747.11,167362.17],[153746.19,167362.89],[153745.25,167363.61],[153744.28,167364.29],[153743.48,167364.8],[153742.67,167365.3],[153741.84,167365.76],[153740.87,167366.27],[153739.89,167366.74],[153738.88,167367.17],[153738.26,167367.41],[153737.63,167367.64],[153737,167367.87],[153736.06,167368.48],[153735.73,167367.99],[153732,167370.44],[153723.69,167358.16]]]},"geometry_name":"GEOM","properties":{"INSPIRE_ID":"https://databrussels.be/id/building/1753871","BLOCK_ID":"https://databrussels.be/id/block/24420","AREA":1173},"bbox":[153723.69,167305.89,153776.37999989,167381.38]},{"type":"Feature","id":"Buildings.fid--324554a4_1a031387ba0_25b0","geometry":{"type":"Polygon","coordinates":[[[153571.86,167364.63],[153577.06,167358.74],[153581.04,167362.66],[153584.25,167365.81],[153585.12,167366.67],[153575.72,167376.23],[153572.68,167373.53],[153570.56,167371.45],[153572.37,167369.61],[153574.72152399,167367.21521185],[153571.86,167364.63]]]},"geometry_name":"GEOM","properties":{"INSPIRE_ID":"https://databrussels.be/id/building/1753883","BLOCK_ID":"https://databrussels.be/id/block/26811","AREA":127},"bbox":[153570.56,167358.74,153585.12,167376.23]},{"type":"Feature","id":"Buildings.fid--324554a4_1a031387ba0_25b4","geometry":{"type":"Polygon","coordinates":[[[153560.4,167373.92],[153558.42069451,167376.14792077],[153552.18,167382.51],[153548.12,167378.7],[153554.29714932,167372.15621359],[153557.01,167369.52],[153557.86,167368.64],[153559.93,167370.66],[153561.79202461,167372.51910618],[153560.8,167373.5],[153560.4,167373.92]]]},"geometry_name":"GEOM","properties":{"INSPIRE_ID":"https://databrussels.be/id/building/1753890","BLOCK_ID":"https://databrussels.be/id/block/26811","AREA":78},"bbox":[153548.12,167368.64,153561.79202461,167382.51]},{"type":"Feature","id":"Buildings.fid--324554a4_1a031387ba0_2653","geometry":{"type":"Polygon","coordinates":[[[153505.971,167247.57184244],[153506.1428,167249.31404244],[153501.5728,167249.65164244],[153501.449,167247.99984244],[153501.371,167246.95884244],[153501.3491,167246.67004244],[153501.152,167244.07384244],[153501.13799999,167243.90784244],[153501.12979999,167243.81194244],[153500.7555,167239.42884244],[153500.747,167239.32884244],[153500.39199999,167235.17584244],[153504.871,167234.77684244],[153505.214,167239.01984244],[153505.2149,167239.03084244],[153505.5687,167243.38884244],[153505.5708,167243.41444244],[153505.59,167243.65084244],[153505.60199999,167243.80584244],[153505.8438,167246.27954244],[153505.872,167246.56784244],[153505.971,167247.57184244]]]},"geometry_name":"GEOM","properties":{"INSPIRE_ID":"https://databrussels.be/id/building/1753894","BLOCK_ID":"https://databrussels.be/id/block/24180","AREA":65},"bbox":[153500.39199999,167234.77684244,153506.1428,167249.65164244]},{"type":"Feature","id":"Buildings.fid--324554a4_1a031387ba0_268c","geometry":{"type":"Polygon","coordinates":[[[153710.14000033,167206.47000053],[153716.51,167194.012],[153720.922,167196.366],[153715.11000024,167206.95000051],[153714.41000019,167206.55999982],[153713.52999977,167208.25000027],[153710.14000033,167206.47000053]]]},"geometry_name":"GEOM","properties":{"INSPIRE_ID":"https://databrussels.be/id/building/1753896","BLOCK_ID":"https://databrussels.be/id/block/24635","AREA":66},"bbox":[153710.14000033,167194.012,153720.922,167208.25000027]},{"type":"Feature","id":"Buildings.fid--324554a4_1a031387ba0_263a","geometry":{"type":"MultiPolygon","coordinates":[[[[153664.0234,167255.16440035],[153662.8933,167253.44320035],[153658.4777,167246.71820035],[153662.8669,167243.83630035],[153665.5295,167242.08800035],[153667.4768,167245.05380036],[153671.8642,167242.17300035],[153672.3726,167242.94730035],[153673.088,167242.47750035],[153675.826,167246.64740035],[153675.1106,167247.11720035],[153675.6671,167247.96490035],[153666.9299,167253.70180035],[153666.7254,167253.39030035],[153664.0234,167255.16440035]]]]},"geometry_name":"GEOM","properties":{"INSPIRE_ID":"https://databrussels.be/id/building/1753898","BLOCK_ID":"https://databrussels.be/id/block/24180","AREA":128},"bbox":[153658.4777,167242.08800035,153675.826,167255.16440035]},{"type":"Feature","id":"Buildings.fid--324554a4_1a031387ba0_24a8","geometry":{"type":"Polygon","coordinates":[[[153849.766,167411.622],[153854.483,167410.194],[153857.47709262,167419.15110781],[153859.63,167426.76],[153860.03,167428.06],[153856.96,167429],[153855.99,167425.85],[153854.2,167426.4],[153853.47,167424.02],[153853.08315395,167422.42807847],[153849.766,167411.622]]]},"geometry_name":"GEOM","properties":{"INSPIRE_ID":"https://databrussels.be/id/building/1753900","BLOCK_ID":"https://databrussels.be/id/block/26220","AREA":89},"bbox":[153849.766,167410.194,153860.03,167429]},{"type":"Feature","id":"Buildings.fid--324554a4_1a031387ba0_2568","geometry":{"type":"Polygon","coordinates":[[[153557.58,167437.93],[153560.01446991,167437.55397784],[153571.88325141,167424.74405664],[153575.20399989,167421.15000023],[153581.509,167428.344],[153576.41000024,167433.76999981],[153573.2300003,167437.15000035],[153567.67999936,167443.04999981],[153565.44000044,167443.80999959],[153560.22,167445.58],[153557.58,167437.93]]]},"geometry_name":"GEOM","properties":{"INSPIRE_ID":"https://databrussels.be/id/building/1754011","BLOCK_ID":"https://databrussels.be/id/block/24596","AREA":241},"bbox":[153557.58,167421.15000023,153581.509,167445.58]},{"type":"Feature","id":"Buildings.fid--324554a4_1a031387ba0_24f4","geometry":{"type":"Polygon","coordinates":[[[153704.872,167437.95784244],[153703.592,167433.74784244],[153703.559,167433.64084244],[153703.4005,167433.11964244],[153702.80039999,167431.14624244],[153702.1193,167428.90674244],[153702.008,167428.54084244],[153701.9553,167428.36754244],[153700.90999999,167424.93084244],[153701.788,167423.29184244],[153704.119,167422.70154244],[153705.595,167427.24104244],[153707.8302,167426.54924244],[153708.11999999,167427.59984244],[153709.15079999,167431.33984244],[153710.512,167436.27384244],[153704.872,167437.95784244]]]},"geometry_name":"GEOM","properties":{"INSPIRE_ID":"https://databrussels.be/id/building/1754897","BLOCK_ID":"https://databrussels.be/id/block/26811","AREA":78},"bbox":[153700.90999999,167422.70154244,153710.512,167437.95784244]},{"type":"Feature","id":"Buildings.fid--324554a4_1a031387ba0_2609","geometry":{"type":"Polygon","coordinates":[[[153577.07999951,167349.55999978],[153580.14467961,167346.22602262],[153585.96,167339.56],[153590.473,167343.471],[153584.73129301,167350.14491845],[153581.51,167353.58],[153577.07999951,167349.55999978]]]},"geometry_name":"GEOM","properties":{"INSPIRE_ID":"https://databrussels.be/id/building/1754902","BLOCK_ID":"https://databrussels.be/id/block/26811","AREA":81},"bbox":[153577.07999951,167339.56,153590.473,167353.58]},{"type":"Feature","id":"Buildings.fid--324554a4_1a031387ba0_24f3","geometry":{"type":"Polygon","coordinates":[[[153707.61,167425.75],[153709.242,167421.999],[153713.885,167424.076],[153717.015,167434.332],[153710.512,167436.273],[153707.61,167425.75]]]},"geometry_name":"GEOM","properties":{"INSPIRE_ID":"https://databrussels.be/id/building/1754904","BLOCK_ID":"https://databrussels.be/id/block/26811","AREA":82},"bbox":[153707.61,167421.999,153717.015,167436.273]},{"type":"Feature","id":"Buildings.fid--324554a4_1a031387ba0_2567","geometry":{"type":"Polygon","coordinates":[[[153594.85,167425.72],[153602.17,167420.07],[153602.34,167419.94],[153605.54,167417.47],[153609.3,167422.26],[153608.63,167422.75],[153605.95507159,167424.94316122],[153598.7,167430.44],[153594.85,167425.72]]]},"geometry_name":"GEOM","properties":{"INSPIRE_ID":"https://databrussels.be/id/building/1754906","BLOCK_ID":"https://databrussels.be/id/block/26811","AREA":82},"bbox":[153594.85,167417.47,153609.3,167430.44]},{"type":"Feature","id":"Buildings.fid--324554a4_1a031387ba0_2542","geometry":{"type":"Polygon","coordinates":[[[153669.57,167499.12],[153671.79,167490.86],[153678.11,167492.53],[153675.05000051,167503.94000002],[153674.72,167505.17],[153671.08,167504.19],[153671.35,167503.21],[153668.67,167502.49],[153669.57,167499.12]]]},"geometry_name":"GEOM","properties":{"INSPIRE_ID":"https://databrussels.be/id/building/1754911","BLOCK_ID":"https://databrussels.be/id/block/23778","AREA":83},"bbox":[153668.67,167490.86,153678.11,167505.17]},{"type":"Feature","id":"Buildings.fid--324554a4_1a031387ba0_2682","geometry":{"type":"Polygon","coordinates":[[[153788.8100002,167246.81000053],[153794.71,167235.596],[153798.482,167237.599],[153792.66,167248.29],[153792.26,167249.04],[153791.17,167248.6],[153791.77,167247.5],[153790.3,167246.7],[153789.92,167247.4],[153788.8100002,167246.81000053]]]},"geometry_name":"GEOM","properties":{"INSPIRE_ID":"https://databrussels.be/id/building/1754982","BLOCK_ID":"https://databrussels.be/id/block/24635","AREA":52},"bbox":[153788.8100002,167235.596,153798.482,167249.04]},{"type":"Feature","id":"Buildings.fid--324554a4_1a031387ba0_26df","geometry":{"type":"Polygon","coordinates":[[[153621.377,167129.519],[153621.592,167129.106],[153627.595,167117.617],[153632.2,167120.1],[153634.23,167116.34],[153638.04,167118.39],[153634.81,167124.88],[153629.762,167133.972],[153621.377,167129.519]]]},"geometry_name":"GEOM","properties":{"INSPIRE_ID":"https://databrussels.be/id/building/1755018","BLOCK_ID":"https://databrussels.be/id/block/26449","AREA":148},"bbox":[153621.377,167116.34,153638.04,167133.972]},{"type":"Feature","id":"Buildings.fid--324554a4_1a031387ba0_24b4","geometry":{"type":"Polygon","coordinates":[[[153842.64,167276.48],[153839.4,167282.48],[153848.53,167287.42],[153851.61,167281.71],[153847.51,167279.49],[153849.85,167274.68],[153850.05,167274.78],[153851.02,167272.99],[153854.07444317,167274.74813268],[153857.38996064,167268.53093177],[153854.37193796,167266.79376267],[153849.267,167264.142],[153844.97581097,167272.33839157],[153842.64,167276.48]]]},"geometry_name":"GEOM","properties":{"INSPIRE_ID":"https://databrussels.be/id/building/1755020","BLOCK_ID":"https://databrussels.be/id/block/24635","AREA":173},"bbox":[153839.4,167264.142,153857.38996064,167287.42]},{"type":"Feature","id":"Buildings.fid--324554a4_1a031387ba0_26ac","geometry":{"type":"Polygon","coordinates":[[[153671.97,167193.12],[153677.313,167183.257],[153681.576,167175.373],[153688.122,167178.866],[153682.06999987,167189.85999989],[153678.46,167196.77],[153671.97,167193.12]]]},"geometry_name":"GEOM","properties":{"INSPIRE_ID":"https://databrussels.be/id/building/1755022","BLOCK_ID":"https://databrussels.be/id/block/24635","AREA":149},"bbox":[153671.97,167175.373,153688.122,167196.77]},{"type":"Feature","id":"Buildings.fid--324554a4_1a031387ba0_2548","geometry":{"type":"Polygon","coordinates":[[[153561.1,167464.23],[153563.77,167463.28],[153565.07,167466.93],[153567.32,167466.13],[153571.931,167479.481],[153567.158,167481.145],[153561.1,167464.23]]]},"geometry_name":"GEOM","properties":{"INSPIRE_ID":"https://databrussels.be/id/building/1755023","BLOCK_ID":"https://databrussels.be/id/block/24596","AREA":83},"bbox":[153561.1,167463.28,153571.931,167481.145]},{"type":"Feature","id":"Buildings.fid--324554a4_1a031387ba0_24f9","geometry":{"type":"Polygon","coordinates":[[[153773.41896935,167434.80083292],[153776.64576969,167445.5842972],[153782.45,167443.91],[153783.55,167447.73],[153788.85,167446.18],[153788.3808908,167444.58303234],[153784.523,167431.413],[153779.43599886,167432.96581196],[153773.41896935,167434.80083292]]]},"geometry_name":"GEOM","properties":{"INSPIRE_ID":"https://databrussels.be/id/building/1755026","BLOCK_ID":"https://databrussels.be/id/block/26220","AREA":153},"bbox":[153773.41896935,167431.413,153788.85,167447.73]},{"type":"Feature","id":"Buildings.fid--324554a4_1a031387ba0_25c0","geometry":{"type":"Polygon","coordinates":[[[153582.8,167411.32],[153590.76,167405.27],[153591.87,167406.66],[153592.67794674,167407.77920024],[153593.92267545,167406.78216564],[153599.58,167402.19],[153597.7,167399.82],[153600.1499995,167397.86999967],[153603.4,167395.29],[153604.72134172,167394.24230903],[153609.59289077,167400.12612852],[153606.27,167402.56],[153596.67758736,167410.00701212],[153587.68999997,167416.9200004],[153582.8,167411.32]]]},"geometry_name":"GEOM","properties":{"INSPIRE_ID":"https://databrussels.be/id/building/1755028","BLOCK_ID":"https://databrussels.be/id/block/26811","AREA":178},"bbox":[153582.8,167394.24230903,153609.59289077,167416.9200004]},{"type":"Feature","id":"Buildings.fid--324554a4_1a031387ba0_23ef","geometry":{"type":"Polygon","coordinates":[[[153793.855,167221.524],[153798.48,167212.49],[153799.83,167213.18],[153806.69,167200.66],[153809.63,167202.27],[153810.41,167200.73],[153813.03,167202.07],[153807.70579552,167212.43318373],[153805.55401451,167216.58276696],[153800.839,167225.223],[153793.855,167221.524]]]},"geometry_name":"GEOM","properties":{"INSPIRE_ID":"https://databrussels.be/id/building/1755031","BLOCK_ID":"https://databrussels.be/id/block/26449","AREA":179},"bbox":[153793.855,167200.66,153813.03,167225.223]},{"type":"Feature","id":"Buildings.fid--324554a4_1a031387ba0_258d","geometry":{"type":"Polygon","coordinates":[[[153623.02000019,167436.09000018],[153625.67150932,167434.00698881],[153628.99,167431.4],[153631.13999989,167438.70000016],[153636.973,167458.266],[153630.162,167460.322],[153627.87999985,167452.57999973],[153626.67,167448.46],[153629.43,167447.6],[153628.81,167445.63],[153626.08,167446.48],[153625.69,167445.15],[153625.66,167445.05],[153624.41,167440.82],[153623.75990062,167438.61002988],[153623.02000019,167436.09000018]]]},"geometry_name":"GEOM","properties":{"INSPIRE_ID":"https://databrussels.be/id/building/1755035","BLOCK_ID":"https://databrussels.be/id/block/26811","AREA":183},"bbox":[153623.02000019,167431.4,153636.973,167460.322]},{"type":"Feature","id":"Buildings.fid--324554a4_1a031387ba0_2405","geometry":{"type":"Polygon","coordinates":[[[153852.441,167252.459],[153857.39323199,167242.75206591],[153858.7,167240.4],[153861.31144442,167235.37453995],[153864.52,167229.2],[153865.11,167229.51],[153865.56,167229.75],[153866.91135487,167230.45094879],[153866.12022426,167231.93032046],[153868.22,167233.02],[153861.9,167245.19],[153861.03,167246.87],[153856.95,167254.703],[153852.441,167252.459]]]},"geometry_name":"GEOM","properties":{"INSPIRE_ID":"https://databrussels.be/id/building/1755036","BLOCK_ID":"https://databrussels.be/id/block/26449","AREA":129},"bbox":[153852.441,167229.2,153868.22,167254.703]},{"type":"Feature","id":"Buildings.fid--324554a4_1a031387ba0_2690","geometry":{"type":"Polygon","coordinates":[[[153724.745,167184.546],[153729.1475197,167176.68864599],[153730.56,167174.13],[153731.76,167171.72],[153735.85,167173.93],[153739.4,167167.35],[153741.94,167168.62],[153738.61,167174.82],[153731.311,167188.053],[153724.745,167184.546]]]},"geometry_name":"GEOM","properties":{"INSPIRE_ID":"https://databrussels.be/id/building/1755038","BLOCK_ID":"https://databrussels.be/id/block/26449","AREA":130},"bbox":[153724.745,167167.35,153741.94,167188.053]},{"type":"Feature","id":"Buildings.fid--324554a4_1a031387ba0_26a3","geometry":{"type":"Polygon","coordinates":[[[153637,167167.92],[153639.35513931,167163.24987181],[153643.511,167155.009],[153648.73,167157.811],[153643.56287011,167167.0863651],[153642.22,167169.49],[153641.72,167170.37],[153637,167167.92]]]},"geometry_name":"GEOM","properties":{"INSPIRE_ID":"https://databrussels.be/id/building/1755041","BLOCK_ID":"https://databrussels.be/id/block/24635","AREA":81},"bbox":[153637,167155.009,153648.73,167170.37]},{"type":"Feature","id":"Buildings.fid--324554a4_1a031387ba0_243a","geometry":{"type":"Polygon","coordinates":[[[153988.92000002,167337.54999971],[153993.88000057,167335.75999987],[153994.09999949,167336.37999993],[153995.44000017,167340.08999982],[153999.12,167350.3],[153994.05,167351.89],[153988.92000002,167337.54999971]]]},"geometry_name":"GEOM","properties":{"INSPIRE_ID":"https://databrussels.be/id/building/1755045","BLOCK_ID":"https://databrussels.be/id/block/24635","AREA":81},"bbox":[153988.92000002,167335.75999987,153999.12,167351.89]},{"type":"Feature","id":"Buildings.fid--324554a4_1a031387ba0_249d","geometry":{"type":"Polygon","coordinates":[[[153859.045,167391.977],[153854.78000042,167377.6799998],[153860.59,167375.93],[153862.38209939,167382.1879517],[153864.698,167390.275],[153859.045,167391.977]]]},"geometry_name":"GEOM","properties":{"INSPIRE_ID":"https://databrussels.be/id/building/1755054","BLOCK_ID":"https://databrussels.be/id/block/24420","AREA":89},"bbox":[153854.78000042,167375.93,153864.698,167391.977]},{"type":"Feature","id":"Buildings.fid--324554a4_1a031387ba0_2564","geometry":{"type":"Polygon","coordinates":[[[153552.23,167420.08],[153553.77378928,167418.52913328],[153562.678,167408.993],[153567.305,167413.441],[153564.17283122,167417.02799753],[153555.54884647,167425.91671154],[153553.99,167427.55],[153551.13,167424.92],[153554.04,167421.74],[153552.23,167420.08]]]},"geometry_name":"GEOM","properties":{"INSPIRE_ID":"https://databrussels.be/id/building/1755055","BLOCK_ID":"https://databrussels.be/id/block/24596","AREA":115},"bbox":[153551.13,167408.993,153567.305,167427.55]},{"type":"Feature","id":"Buildings.fid--324554a4_1a031387ba0_2431","geometry":{"type":"Polygon","coordinates":[[[153968.74,167373.65],[153974.63,167371.69],[153977.87628388,167379.93247209],[153979.77655067,167384.21103883],[153981.03000007,167388.05999977],[153978.84999998,167389.71999993],[153975.99000006,167391.52000029],[153972.24522899,167382.86425491],[153968.74,167373.65]]]},"geometry_name":"GEOM","properties":{"INSPIRE_ID":"https://databrussels.be/id/building/1755059","BLOCK_ID":"https://databrussels.be/id/block/25971","AREA":116},"bbox":[153968.74,167371.69,153981.03000007,167391.52000029]},{"type":"Feature","id":"Buildings.fid--324554a4_1a031387ba0_24a1","geometry":{"type":"Polygon","coordinates":[[[153809.37,167392.84],[153811.75,167392.14],[153808.33,167384.43],[153813,167383.06],[153814.62,167388.58],[153815.00755495,167390.33305968],[153818.817,167404.09],[153813.02,167405.836],[153810.59173975,167396.54561123],[153809.37,167392.84]]]},"geometry_name":"GEOM","properties":{"INSPIRE_ID":"https://databrussels.be/id/building/1755062","BLOCK_ID":"https://databrussels.be/id/block/24420","AREA":117},"bbox":[153808.33,167383.06,153818.817,167405.836]},{"type":"Feature","id":"Buildings.fid--324554a4_1a031387ba0_2592","geometry":{"type":"Polygon","coordinates":[[[153636.39,167437.15],[153635.56,167434.35],[153639.08,167433.31],[153640.86,167439.33],[153640.59,167439.41],[153641.26,167441.66],[153643.6,167440.97],[153647.954,167454.952],[153642.189,167456.692],[153637.41291781,167440.35427738],[153636.39,167437.15]]]},"geometry_name":"GEOM","properties":{"INSPIRE_ID":"https://databrussels.be/id/building/1755064","BLOCK_ID":"https://databrussels.be/id/block/26811","AREA":117},"bbox":[153635.56,167433.31,153647.954,167456.692]},{"type":"Feature","id":"Buildings.fid--324554a4_1a031387ba0_268a","geometry":{"type":"Polygon","coordinates":[[[153714.5373,167197.8682],[153714.4556,167198.0278],[153712.3999,167202.0499],[153712.2981,167202.2491],[153710.14,167206.47],[153710.0014,167206.7411],[153708.0661,167210.5263],[153706.0961,167209.3687],[153703.9802,167208.1254],[153705.6895,167205.13],[153706.0559,167204.4879],[153708.3032,167200.5521],[153708.4878,167200.2289],[153710.836,167196.117],[153713.083,167192.183],[153716.51,167194.012],[153714.5373,167197.8682]]]},"geometry_name":"GEOM","properties":{"INSPIRE_ID":"https://databrussels.be/id/building/1755070","BLOCK_ID":"https://databrussels.be/id/block/24635","AREA":80},"bbox":[153703.9802,167192.183,153716.51,167210.5263]},{"type":"Feature","id":"Buildings.fid--324554a4_1a031387ba0_2555","geometry":{"type":"Polygon","coordinates":[[[153609.08699999,167495.45584244],[153609.98799999,167497.80584244],[153610.3133,167498.69734244],[153606.0202,167500.16334244],[153605.101,167497.68584244],[153605.068,167497.59684244],[153604.69089999,167496.59114244],[153604.60729999,167496.36814244],[153603.276,167492.81784244],[153603.10719999,167492.36774244],[153602.20849999,167489.97064244],[153601.60339999,167488.35694244],[153601.46199999,167487.97984244],[153605.872,167486.48984244],[153606.0079,167486.86884244],[153606.5754,167488.45164244],[153606.76299999,167488.97484244],[153607.336,167490.57384244],[153607.44529999,167490.87874244],[153608.8855,167494.89634244],[153608.96589999,167495.12054244],[153609.07999999,167495.43884244],[153609.08699999,167495.45584244]]]},"geometry_name":"GEOM","properties":{"INSPIRE_ID":"https://databrussels.be/id/building/1755071","BLOCK_ID":"https://databrussels.be/id/block/27459","AREA":59},"bbox":[153601.46199999,167486.48984244,153610.3133,167500.16334244]},{"type":"Feature","id":"Buildings.fid--324554a4_1a031387ba0_2665","geometry":{"type":"Polygon","coordinates":[[[153709.79,167251.65],[153712.06,167254.93],[153712.77,167254.46],[153714.07,167256.33],[153713.34,167256.77],[153715.791,167260.317],[153713.16,167262.48],[153709.16,167265.22],[153702.97,167256.17],[153709.79,167251.65]]]},"geometry_name":"GEOM","properties":{"INSPIRE_ID":"https://databrussels.be/id/building/1755072","BLOCK_ID":"https://databrussels.be/id/block/24180","AREA":91},"bbox":[153702.97,167251.65,153715.791,167265.22]},{"type":"Feature","id":"Buildings.fid--324554a4_1a031387ba0_268f","geometry":{"type":"Polygon","coordinates":[[[153719.818,167181.914],[153724.26876076,167173.7691252],[153725.56722355,167171.57292408],[153726.43,167169.91],[153729.49,167171.56],[153728.65,167173.1],[153730.56,167174.13],[153729.1475197,167176.68864599],[153724.745,167184.546],[153719.818,167181.914]]]},"geometry_name":"GEOM","properties":{"INSPIRE_ID":"https://databrussels.be/id/building/1755075","BLOCK_ID":"https://databrussels.be/id/block/26449","AREA":73},"bbox":[153719.818,167169.91,153730.56,167184.546]},{"type":"Feature","id":"Buildings.fid--324554a4_1a031387ba0_26d4","geometry":{"type":"Polygon","coordinates":[[[153610.64,167147.36],[153614.679,167139.53],[153619.667,167142.208],[153613.47,167153.82],[153608.59999956,167151.30000013],[153610.64,167147.36]]]},"geometry_name":"GEOM","properties":{"INSPIRE_ID":"https://databrussels.be/id/building/1755078","BLOCK_ID":"https://databrussels.be/id/block/24635","AREA":74},"bbox":[153608.59999956,167139.53,153619.667,167153.82]},{"type":"Feature","id":"Buildings.fid--324554a4_1a031387ba0_23f2","geometry":{"type":"Polygon","coordinates":[[[153800.839,167225.223],[153805.55401451,167216.58276696],[153807.70579552,167212.43318373],[153812.07141188,167214.89527767],[153809.95629159,167219.30876491],[153805.312,167227.592],[153800.839,167225.223]]]},"geometry_name":"GEOM","properties":{"INSPIRE_ID":"https://databrussels.be/id/building/1755087","BLOCK_ID":"https://databrussels.be/id/block/26449","AREA":74},"bbox":[153800.839,167212.43318373,153812.07141188,167227.592]},{"type":"Feature","id":"Buildings.fid--324554a4_1a031387ba0_2520","geometry":{"type":"Polygon","coordinates":[[[153744.27076658,167392.7402438],[153745.14498923,167391.08238264],[153747.02252567,167392.09460411],[153746.16621108,167393.77091747],[153744.27076658,167392.7402438]]]},"geometry_name":"GEOM","properties":{"INSPIRE_ID":"https://databrussels.be/id/building/1755089","BLOCK_ID":"https://databrussels.be/id/block/24420","AREA":4},"bbox":[153744.27076658,167391.08238264,153747.02252567,167393.77091747]},{"type":"Feature","id":"Buildings.fid--324554a4_1a031387ba0_2566","geometry":{"type":"Polygon","coordinates":[[[153553.99,167427.55],[153555.54884647,167425.91671154],[153564.17283122,167417.02799753],[153567.305,167413.441],[153575.20399989,167421.15000023],[153571.88325141,167424.74405664],[153560.01446991,167437.55397784],[153557.58,167437.93],[153554.96,167430.36],[153553.99,167427.55]]]},"geometry_name":"GEOM","properties":{"INSPIRE_ID":"https://databrussels.be/id/building/1755170","BLOCK_ID":"https://databrussels.be/id/block/24596","AREA":244},"bbox":[153553.99,167413.441,153575.20399989,167437.93]},{"type":"Feature","id":"Buildings.fid--324554a4_1a031387ba0_2444","geometry":{"type":"Polygon","coordinates":[[[153907.06000016,167308.24999973],[153909.37770696,167306.20339385],[153910.23503332,167303.47510854],[153912.12,167294.73],[153918.6,167296.48],[153916.7,167309.84],[153905.09,167321.65],[153902.28,167324.52],[153896.58,167318.93],[153907.06000016,167308.24999973]]]},"geometry_name":"GEOM","properties":{"INSPIRE_ID":"https://databrussels.be/id/building/1755171","BLOCK_ID":"https://databrussels.be/id/block/24635","AREA":244},"bbox":[153896.58,167294.73,153918.6,167324.52]},{"type":"Feature","id":"Buildings.fid--324554a4_1a031387ba0_24eb","geometry":{"type":"Polygon","coordinates":[[[153725.477,167415.054],[153728.89,167407.14],[153729.9,167404.79],[153734.47,167406.91],[153734.26999978,167407.35000042],[153733.51493197,167409.27496968],[153729.946,167417.073],[153725.477,167415.054]]]},"geometry_name":"GEOM","properties":{"INSPIRE_ID":"https://databrussels.be/id/building/1755172","BLOCK_ID":"https://databrussels.be/id/block/24420","AREA":56},"bbox":[153725.477,167404.79,153734.47,167417.073]},{"type":"Feature","id":"Buildings.fid--324554a4_1a031387ba0_24d0","geometry":{"type":"Polygon","coordinates":[[[153782.444,167502.1],[153787.17,167486.19],[153789.75,167486.87],[153788.82,167490.19],[153791.61,167490.92],[153788.167,167503.637],[153782.444,167502.1]]]},"geometry_name":"GEOM","properties":{"INSPIRE_ID":"https://databrussels.be/id/building/1755193","BLOCK_ID":"https://databrussels.be/id/block/26220","AREA":85},"bbox":[153782.444,167486.19,153791.61,167503.637]},{"type":"Feature","id":"Buildings.fid--324554a4_1a031387ba0_2582","geometry":{"type":"Polygon","coordinates":[[[153688.97,167422.73],[153690.16999994,167423.23000043],[153694.84,167425.14],[153695.24,167426.46],[153699.274,167439.629],[153694.562,167441.036],[153689.93,167426.29],[153688.97,167422.73]]]},"geometry_name":"GEOM","properties":{"INSPIRE_ID":"https://databrussels.be/id/building/1755196","BLOCK_ID":"https://databrussels.be/id/block/26811","AREA":85},"bbox":[153688.97,167422.73,153699.274,167441.036]},{"type":"Feature","id":"Buildings.fid--324554a4_1a031387ba0_2486","geometry":{"type":"Polygon","coordinates":[[[153912.781,167486.108],[153917.917,167480.753],[153917.657,167480.504],[153917.634,167479.373],[153920.36,167476.53],[153920.97,167475.86],[153924.01,167478.65],[153923.37,167479.42],[153925.21,167481.17],[153920.56,167486.02],[153921.9,167487.31],[153919.3,167490.02],[153918.83,167489.57],[153917.67,167490.77],[153914.12,167487.36],[153912.781,167486.108]]]},"geometry_name":"GEOM","properties":{"INSPIRE_ID":"https://databrussels.be/id/building/1755201","BLOCK_ID":"https://databrussels.be/id/block/26220","AREA":86},"bbox":[153912.781,167475.86,153925.21,167490.77]},{"type":"Feature","id":"Buildings.fid--324554a4_1a031387ba0_262e","geometry":{"type":"Polygon","coordinates":[[[153537.95,167293.04],[153537.38,167292.59],[153540.04,167289.22],[153546.63603878,167294.52645378],[153552.361,167298.844],[153549.622,167302.272],[153543.86282407,167297.58251921],[153537.95,167293.04]]]},"geometry_name":"GEOM","properties":{"INSPIRE_ID":"https://databrussels.be/id/building/1755204","BLOCK_ID":"https://databrussels.be/id/block/24180","AREA":66},"bbox":[153537.38,167289.22,153552.361,167302.272]},{"type":"Feature","id":"Buildings.fid--324554a4_1a031387ba0_24b0","geometry":{"type":"Polygon","coordinates":[[[153805.06,167425.16],[153810.051,167423.649],[153813.73,167435.97],[153808.85,167437.42],[153805.06,167425.16]]]},"geometry_name":"GEOM","properties":{"INSPIRE_ID":"https://databrussels.be/id/building/1755206","BLOCK_ID":"https://databrussels.be/id/block/26220","AREA":66},"bbox":[153805.06,167423.649,153813.73,167437.42]},{"type":"Feature","id":"Buildings.fid--324554a4_1a031387ba0_2641","geometry":{"type":"Polygon","coordinates":[[[153631.839,167268.941],[153634.241,167265.821],[153638.17273293,167260.71377376],[153638.529,167260.251],[153644.521,167264.889],[153637.791,167273.539],[153631.839,167268.941]]]},"geometry_name":"GEOM","properties":{"INSPIRE_ID":"https://databrussels.be/id/building/1756062","BLOCK_ID":"https://databrussels.be/id/block/24180","AREA":83},"bbox":[153631.839,167260.251,153644.521,167273.539]},{"type":"Feature","id":"Buildings.fid--324554a4_1a031387ba0_2546","geometry":{"type":"Polygon","coordinates":[[[153556.62999993,167467.46999987],[153556.14,167466.07],[153558.54,167465.22],[153558.16,167464.17],[153560.75,167463.25],[153561.1,167464.23],[153567.158,167481.145],[153562.114,167482.904],[153556.62999993,167467.46999987]]]},"geometry_name":"GEOM","properties":{"INSPIRE_ID":"https://databrussels.be/id/building/1756069","BLOCK_ID":"https://databrussels.be/id/block/24596","AREA":98},"bbox":[153556.14,167463.25,153567.158,167482.904]},{"type":"Feature","id":"Buildings.fid--324554a4_1a031387ba0_2680","geometry":{"type":"Polygon","coordinates":[[[153781.54726092,167243.02501649],[153783.2004681,167239.90082448],[153787.503,167231.77],[153791.17,167233.717],[153785.20795777,167245.13724566],[153784.34,167246.8],[153780.55,167244.82],[153781.54726092,167243.02501649]]]},"geometry_name":"GEOM","properties":{"INSPIRE_ID":"https://databrussels.be/id/building/1756083","BLOCK_ID":"https://databrussels.be/id/block/24635","AREA":62},"bbox":[153780.55,167231.77,153791.17,167246.8]},{"type":"Feature","id":"Buildings.fid--324554a4_1a031387ba0_25eb","geometry":{"type":"Polygon","coordinates":[[[153501.721,167334.694],[153506.35617899,167328.8942535],[153508.95202051,167325.40776248],[153510.42,167323.7],[153511.34,167324.42],[153513.81,167321.31],[153516.2,167323.2],[153514.85,167324.88],[153513.32,167326.79],[153509.41248343,167331.78440602],[153504.693,167337.524],[153501.721,167334.694]]]},"geometry_name":"GEOM","properties":{"INSPIRE_ID":"https://databrussels.be/id/building/1756090","BLOCK_ID":"https://databrussels.be/id/block/24180","AREA":72},"bbox":[153501.721,167321.31,153516.2,167337.524]},{"type":"Feature","id":"Buildings.fid--324554a4_1a031387ba0_250c","geometry":{"type":"Polygon","coordinates":[[[153730.80145895,167288.36086197],[153735.35426593,167285.20912388],[153736.8714609,167287.4274344],[153741.649,167294.182],[153737.07,167297.328],[153731.97353667,167290.09080161],[153730.80145895,167288.36086197]]]},"geometry_name":"GEOM","properties":{"INSPIRE_ID":"https://databrussels.be/id/building/1756094","BLOCK_ID":"https://databrussels.be/id/block/24180","AREA":61},"bbox":[153730.80145895,167285.20912388,153741.649,167297.328]},{"type":"Feature","id":"Buildings.fid--324554a4_1a031387ba0_2529","geometry":{"type":"Polygon","coordinates":[[[153710.961,167482.783],[153713.23202768,167474.17140531],[153713.86,167471.56],[153713.99,167471.06],[153719.87,167472.56],[153719.44457283,167473.86976714],[153716.595,167484.315],[153710.961,167482.783]]]},"geometry_name":"GEOM","properties":{"INSPIRE_ID":"https://databrussels.be/id/building/1756097","BLOCK_ID":"https://databrussels.be/id/block/26220","AREA":72},"bbox":[153710.961,167471.06,153719.87,167484.315]},{"type":"Feature","id":"Buildings.fid--324554a4_1a031387ba0_261a","geometry":{"type":"Polygon","coordinates":[[[153560.963,167243.354],[153562.85928957,167240.93212102],[153561.80750974,167240.27021307],[153564.04737349,167237.34483475],[153565.058,167238.124],[153574.72194637,167245.71195862],[153572.556,167248.506],[153572.035,167248.102],[153570.418,167250.188],[153561.677,167243.902],[153560.963,167243.354]]]},"geometry_name":"GEOM","properties":{"INSPIRE_ID":"https://databrussels.be/id/building/1756162","BLOCK_ID":"https://databrussels.be/id/block/24180","AREA":82},"bbox":[153560.963,167237.34483475,153574.72194637,167250.188]},{"type":"Feature","id":"Buildings.fid--324554a4_1a031387ba0_2526","geometry":{"type":"Polygon","coordinates":[[[153705.553,167455.442],[153710.98434873,167453.7928974],[153713.54,167462.66],[153715.22,167468.35],[153714.73,167468.37],[153709.4,167468.6],[153708.26,167464.75],[153708.14,167464.35],[153705.553,167455.442]]]},"geometry_name":"GEOM","properties":{"INSPIRE_ID":"https://databrussels.be/id/building/1756164","BLOCK_ID":"https://databrussels.be/id/block/26220","AREA":82},"bbox":[153705.553,167453.7928974,153715.22,167468.6]},{"type":"Feature","id":"Buildings.fid--324554a4_1a031387ba0_2615","geometry":{"type":"Polygon","coordinates":[[[153594.136,167228.469],[153601.516,167219.341],[153606.746,167223.415],[153599.588,167232.692],[153597.099,167230.771],[153596.69,167231.301],[153593.72,167229.01],[153594.136,167228.469]]]},"geometry_name":"GEOM","properties":{"INSPIRE_ID":"https://databrussels.be/id/building/1756167","BLOCK_ID":"https://databrussels.be/id/block/24180","AREA":82},"bbox":[153593.72,167219.341,153606.746,167232.692]},{"type":"Feature","id":"Buildings.fid--324554a4_1a031387ba0_2421","geometry":{"type":"Polygon","coordinates":[[[153991.19003097,167286.08080172],[153984.88,167285.16],[153982.87,167289.956],[153988.68705826,167290.77074198],[153991.56202513,167291.17381269],[153995.7139231,167291.76783726],[153999.99998332,167292.02884272],[154001.00699941,167292.1069267],[154006.22491828,167291.95591966],[154005.612,167284.541],[154000,167285.14],[153992.92,167285.89],[153991.19003097,167286.08080172]]]},"geometry_name":"GEOM","properties":{"INSPIRE_ID":"https://databrussels.be/id/building/1756174","BLOCK_ID":"https://databrussels.be/id/block/26449","AREA":133},"bbox":[153982.87,167284.541,154006.22491828,167292.1069267]},{"type":"Feature","id":"Buildings.fid--324554a4_1a031387ba0_2467","geometry":{"type":"Polygon","coordinates":[[[153954.38,167378.43],[153962.48,167375.73],[153966.65641218,167384.52894953],[153967.79849497,167387.1392152],[153971.14000049,167394.70000001],[153963.66000001,167398.76000003],[153962.08,167395.29],[153960.54,167391.92],[153958.73681959,167387.47265265],[153954.38,167378.43]]]},"geometry_name":"GEOM","properties":{"INSPIRE_ID":"https://databrussels.be/id/building/1756189","BLOCK_ID":"https://databrussels.be/id/block/25971","AREA":183},"bbox":[153954.38,167375.73,153971.14000049,167398.76000003]},{"type":"Feature","id":"Buildings.fid--324554a4_1a031387ba0_254d","geometry":{"type":"Polygon","coordinates":[[[153578.65405145,167466.34315086],[153583.18,167464.8],[153579.94,167455.27],[153580.9,167454.44],[153578.43,167451.58],[153582.18,167448.35],[153583.24000041,167449.66999957],[153585.79999952,167452.86999995],[153588.11999991,167455.78000039],[153590.57999993,167458.85999976],[153586.29866653,167460.36947855],[153587.15727737,167463.37728],[153590.391,167473.044],[153581.94609306,167475.98926731],[153578.65405145,167466.34315086]]]},"geometry_name":"GEOM","properties":{"INSPIRE_ID":"https://databrussels.be/id/building/1756190","BLOCK_ID":"https://databrussels.be/id/block/24596","AREA":184},"bbox":[153578.43,167448.35,153590.57999993,167475.98926731]},{"type":"Feature","id":"Buildings.fid--324554a4_1a031387ba0_25d8","geometry":{"type":"Polygon","coordinates":[[[153620.21000398,167392.50000558],[153623.72049268,167388.59970421],[153625.81178585,167386.1755144],[153631.67,167379],[153636.04,167382.8],[153630.41848585,167389.54556863],[153627.854,167392.113],[153625.29998852,167395.01998497],[153624.3100038,167396.17000571],[153620.21000398,167392.50000558]]]},"geometry_name":"GEOM","properties":{"INSPIRE_ID":"https://databrussels.be/id/building/1756219","BLOCK_ID":"https://databrussels.be/id/block/26811","AREA":100},"bbox":[153620.21000398,167379,153636.04,167396.17000571]},{"type":"Feature","id":"Buildings.fid--324554a4_1a031387ba0_25c6","geometry":{"type":"Polygon","coordinates":[[[153689.23,167318.91],[153687.242,167320.909],[153692.978,167325.787],[153688.906,167330.35],[153681.2772,167323.6157],[153677.61,167320.54],[153682.11251967,167315.6969533],[153684.36252061,167317.53382368],[153685.88518432,167315.87708127],[153686.16,167316.17],[153689.23,167318.91]]]},"geometry_name":"GEOM","properties":{"INSPIRE_ID":"https://databrussels.be/id/building/1756220","BLOCK_ID":"https://databrussels.be/id/block/24180","AREA":104},"bbox":[153677.61,167315.6969533,153692.978,167330.35]},{"type":"Feature","id":"Buildings.fid--324554a4_1a031387ba0_26a9","geometry":{"type":"Polygon","coordinates":[[[153661.777,167150.977],[153668.19004612,167138.16510183],[153672.99,167140.58],[153674.47,167141.38],[153672.95,167144.2],[153672.05,167145.98],[153667.849,167154.202],[153661.777,167150.977]]]},"geometry_name":"GEOM","properties":{"INSPIRE_ID":"https://databrussels.be/id/building/1756223","BLOCK_ID":"https://databrussels.be/id/block/26449","AREA":100},"bbox":[153661.777,167138.16510183,153674.47,167154.202]},{"type":"Feature","id":"Buildings.fid--324554a4_1a031387ba0_25a5","geometry":{"type":"Polygon","coordinates":[[[153508.68,167380.45],[153515.38514106,167374.21698591],[153520.666,167369.108],[153524.206,167372.462],[153519.09840155,167377.68581185],[153516.21426677,167380.63556907],[153513.57,167383.34],[153511.76,167385.27],[153508.52,167382.22],[153509.4,167381.21],[153508.68,167380.45]]]},"geometry_name":"GEOM","properties":{"INSPIRE_ID":"https://databrussels.be/id/building/1756229","BLOCK_ID":"https://databrussels.be/id/block/24596","AREA":91},"bbox":[153508.52,167369.108,153524.206,167385.27]},{"type":"Feature","id":"Buildings.fid--324554a4_1a031387ba0_2543","geometry":{"type":"Polygon","coordinates":[[[153675.05000051,167503.94000002],[153678.11,167492.53],[153683.86,167494.05],[153680.8,167505.48],[153678.458,167504.853],[153675.05000051,167503.94000002]]]},"geometry_name":"GEOM","properties":{"INSPIRE_ID":"https://databrussels.be/id/building/1756230","BLOCK_ID":"https://databrussels.be/id/block/23778","AREA":70},"bbox":[153675.05000051,167492.53,153683.86,167505.48]},{"type":"Feature","id":"Buildings.fid--324554a4_1a031387ba0_259a","geometry":{"type":"Polygon","coordinates":[[[153494.65000025,167368.00000023],[153500.507154,167362.66501771],[153507.174,167356.32],[153509.821,167358.829],[153503.46218419,167365.22000606],[153497.384,167371.217],[153497.06,167371.52],[153493.99,167368.62],[153494.65000025,167368.00000023]]]},"geometry_name":"GEOM","properties":{"INSPIRE_ID":"https://databrussels.be/id/building/1756237","BLOCK_ID":"https://databrussels.be/id/block/24596","AREA":71},"bbox":[153493.99,167356.32,153509.821,167371.52]},{"type":"Feature","id":"Buildings.fid--324554a4_1a031387ba0_2417","geometry":{"type":"Polygon","coordinates":[[[153905.51324093,167234.17911436],[153906.90906945,167234.80253244],[153905.89056256,167237.31054254],[153904.45806318,167236.74563539],[153905.51324093,167234.17911436]]]},"geometry_name":"GEOM","properties":{"INSPIRE_ID":"https://databrussels.be/id/building/1756247","BLOCK_ID":"https://databrussels.be/id/block/26449","AREA":4},"bbox":[153904.45806318,167234.17911436,153906.90906945,167237.31054254]},{"type":"Feature","id":"Buildings.fid--324554a4_1a031387ba0_262a","geometry":{"type":"Polygon","coordinates":[[[153589.87103729,167275.4673987],[153592.57,167273.08],[153594.70704712,167274.93691101],[153598.33579776,167277.59992433],[153596.56974457,167280.36883076],[153589.87103729,167275.4673987]]]},"geometry_name":"GEOM","properties":{"INSPIRE_ID":"https://databrussels.be/id/building/1756250","BLOCK_ID":"https://databrussels.be/id/block/24180","AREA":26},"bbox":[153589.87103729,167273.08,153598.33579776,167280.36883076]},{"type":"Feature","id":"Buildings.fid--324554a4_1a031387ba0_24bf","geometry":{"type":"Polygon","coordinates":[[[153848.9,167352.64],[153846.85,167354.69],[153842.6,167350.41],[153849.2,167343.86],[153849.94,167343.13],[153856.186,167336.845],[153860.479,167341.15],[153853.66042243,167348.21845877],[153848.9,167352.64]]]},"geometry_name":"GEOM","properties":{"INSPIRE_ID":"https://databrussels.be/id/building/1756252","BLOCK_ID":"https://databrussels.be/id/block/24420","AREA":118},"bbox":[153842.6,167336.845,153860.479,167354.69]},{"type":"Feature","id":"Buildings.fid--324554a4_1a031387ba0_249b","geometry":{"type":"Polygon","coordinates":[[[153866.62,167377.46],[153868.89,167376.78],[153868.32,167374.88],[153871.26,167374],[153872.342645,167377.09502416],[153872.8210709,167378.88394578],[153875.088,167387.146],[153870.068,167388.658],[153867.73537493,167380.48056723],[153866.62,167377.46]]]},"geometry_name":"GEOM","properties":{"INSPIRE_ID":"https://databrussels.be/id/building/1756254","BLOCK_ID":"https://databrussels.be/id/block/24420","AREA":69},"bbox":[153866.62,167374,153875.088,167388.658]},{"type":"Feature","id":"Buildings.fid--324554a4_1a031387ba0_24ac","geometry":{"type":"MultiPolygon","coordinates":[[[[153824.381,167419.30900035],[153829.25,167417.83500036],[153831.85,167426.56000035],[153832.819,167429.78910035],[153828.0673,167431.26350035],[153824.381,167419.30900035]]]]},"geometry_name":"GEOM","properties":{"INSPIRE_ID":"https://databrussels.be/id/building/1756258","BLOCK_ID":"https://databrussels.be/id/block/26220","AREA":63},"bbox":[153824.381,167417.83500036,153832.819,167431.26350035]},{"type":"Feature","id":"Buildings.fid--324554a4_1a031387ba0_25ef","geometry":{"type":"Polygon","coordinates":[[[153507.781,167340.464],[153512.59301092,167334.65025909],[153515.40252661,167331.33431159],[153516.5,167329.77],[153516.66,167329.57],[153519.94,167332.45],[153519.43999984,167333.0199997],[153518.30990159,167334.85226089],[153515.86990264,167337.89883233],[153511.05,167343.576],[153507.781,167340.464]]]},"geometry_name":"GEOM","properties":{"INSPIRE_ID":"https://databrussels.be/id/building/1756275","BLOCK_ID":"https://databrussels.be/id/block/24180","AREA":64},"bbox":[153507.781,167329.57,153519.94,167343.576]},{"type":"Feature","id":"Buildings.fid--324554a4_1a031387ba0_24c1","geometry":{"type":"Polygon","coordinates":[[[153855.62,167354.65],[153858.07045746,167352.22559279],[153864.753,167345.438],[153868.352,167349.048],[153862.49560988,167355.10499516],[153860.26232338,167357.23285451],[153859.19,167358.2],[153855.62,167354.65]]]},"geometry_name":"GEOM","properties":{"INSPIRE_ID":"https://databrussels.be/id/building/1756367","BLOCK_ID":"https://databrussels.be/id/block/24420","AREA":66},"bbox":[153855.62,167345.438,153868.352,167358.2]},{"type":"Feature","id":"Buildings.fid--324554a4_1a031387ba0_2422","geometry":{"type":"Polygon","coordinates":[[[153990.23808662,167245.46202051],[153990.3,167248.54],[153989.74,167248.55],[153989.81001788,167251.65079177],[153991.08,167251.62],[154000,167251.28],[154003.24,167251.16],[154003.178,167249.759],[154004.664,167249.676],[154004.634,167246.26],[154005.073,167246.24],[154005.028,167241.98],[154005.017,167240.962],[154000,167241.052],[153991.43242737,167241.20861248],[153991.25203628,167231.67991678],[153984.58696709,167231.6867887],[153984.48799669,167234.69193376],[153985.58599287,167235.29281132],[153984.2242107,167244.65653558],[153990.23808662,167245.46202051]]]},"geometry_name":"GEOM","properties":{"INSPIRE_ID":"https://databrussels.be/id/building/1756501","BLOCK_ID":"https://databrussels.be/id/block/26449","AREA":233},"bbox":[153984.2242107,167231.67991678,154005.073,167251.65079177]},{"type":"Feature","id":"Buildings.fid--324554a4_1a031387ba0_2428","geometry":{"type":"Polygon","coordinates":[[[153992.33,167279.71],[154000,167279.04],[154004.72,167278.63],[154005.121,167278.609],[154005.612,167284.541],[154000,167285.14],[153992.92,167285.89],[153992.33,167279.71]]]},"geometry_name":"GEOM","properties":{"INSPIRE_ID":"https://databrussels.be/id/building/1756503","BLOCK_ID":"https://databrussels.be/id/block/26449","AREA":78},"bbox":[153992.33,167278.609,154005.612,167285.89]},{"type":"Feature","id":"Buildings.fid--324554a4_1a031387ba0_24d3","geometry":{"type":"Polygon","coordinates":[[[153798.6,167506.439],[153801.71,167494],[153802.73,167490.13],[153805.63,167490.89],[153803.86,167497.21],[153803,167496.99],[153802.88,167497.44],[153806.25,167498.32],[153803.667,167507.8],[153798.6,167506.439]]]},"geometry_name":"GEOM","properties":{"INSPIRE_ID":"https://databrussels.be/id/building/1757333","BLOCK_ID":"https://databrussels.be/id/block/26220","AREA":73},"bbox":[153798.6,167490.13,153806.25,167507.8]},{"type":"Feature","id":"Buildings.fid--324554a4_1a031387ba0_240d","geometry":{"type":"Polygon","coordinates":[[[153888.976,167253.37100035],[153888.09,167255.15000035],[153886.421,167258.53000036],[153882.518,167266.69100035],[153877.164,167264.24500036],[153881.26,167256.35000036],[153882.77,167253.44000036],[153883.911,167250.94250036],[153889.0225,167253.27780035],[153888.976,167253.37100035]]]},"geometry_name":"GEOM","properties":{"INSPIRE_ID":"https://databrussels.be/id/building/1757334","BLOCK_ID":"https://databrussels.be/id/block/26449","AREA":85},"bbox":[153877.164,167250.94250036,153889.0225,167266.69100035]},{"type":"Feature","id":"Buildings.fid--324554a4_1a031387ba0_24d2","geometry":{"type":"Polygon","coordinates":[[[153792.96,167504.924],[153796.37,167492.6],[153801.71,167494],[153798.6,167506.439],[153792.96,167504.924]]]},"geometry_name":"GEOM","properties":{"INSPIRE_ID":"https://databrussels.be/id/building/1757348","BLOCK_ID":"https://databrussels.be/id/block/26220","AREA":73},"bbox":[153792.96,167492.6,153801.71,167506.439]},{"type":"Feature","id":"Buildings.fid--324554a4_1a031387ba0_2686","geometry":{"type":"Polygon","coordinates":[[[153697.349,167200.813],[153697.74,167200.13],[153704.529,167187.62],[153708.878,167189.94],[153704.40378364,167198.05157732],[153701.56,167202.97],[153697.349,167200.813]]]},"geometry_name":"GEOM","properties":{"INSPIRE_ID":"https://databrussels.be/id/building/1757349","BLOCK_ID":"https://databrussels.be/id/block/24635","AREA":73},"bbox":[153697.349,167187.62,153708.878,167202.97]},{"type":"Feature","id":"Buildings.fid--324554a4_1a031387ba0_2531","geometry":{"type":"Polygon","coordinates":[[[153747.646,167492.715],[153750.05027857,167483.9256857],[153751.54,167478.8],[153754.16,167479.51],[153753.76,167481.02],[153756.05,167481.64],[153752.92,167494.14],[153747.646,167492.715]]]},"geometry_name":"GEOM","properties":{"INSPIRE_ID":"https://databrussels.be/id/building/1757350","BLOCK_ID":"https://databrussels.be/id/block/26220","AREA":73},"bbox":[153747.646,167478.8,153756.05,167494.14]},{"type":"Feature","id":"Buildings.fid--324554a4_1a031387ba0_2502","geometry":{"type":"Polygon","coordinates":[[[153710.98434873,167453.7928974],[153716.224,167452.202],[153719.1,167460.9],[153720.26,167464.39],[153720.73,167465.99],[153716.98,167467.1],[153715.49,167462.08],[153713.54,167462.66],[153710.98434873,167453.7928974]]]},"geometry_name":"GEOM","properties":{"INSPIRE_ID":"https://databrussels.be/id/building/1757397","BLOCK_ID":"https://databrussels.be/id/block/26220","AREA":73},"bbox":[153710.98434873,167452.202,153720.73,167467.1]},{"type":"Feature","id":"Buildings.fid--324554a4_1a031387ba0_268e","geometry":{"type":"Polygon","coordinates":[[[153715.301,167179.501],[153719.52,167171.48],[153721.64,167172.53],[153725.68,167165.02],[153726.91,167165.68],[153728.28229967,167166.4679872],[153726.43,167169.91],[153725.56722355,167171.57292408],[153724.26876076,167173.7691252],[153719.818,167181.914],[153715.301,167179.501]]]},"geometry_name":"GEOM","properties":{"INSPIRE_ID":"https://databrussels.be/id/building/1757401","BLOCK_ID":"https://databrussels.be/id/block/26449","AREA":73},"bbox":[153715.301,167165.02,153728.28229967,167181.914]},{"type":"Feature","id":"Buildings.fid--324554a4_1a031387ba0_25cb","geometry":{"type":"Polygon","coordinates":[[[153642.37,167355.04],[153649.45,167347.81],[153650.6,167348.93],[153655.34,167353.53],[153648.1299996,167360.78000011],[153642.37,167355.04]]]},"geometry_name":"GEOM","properties":{"INSPIRE_ID":"https://databrussels.be/id/building/1757404","BLOCK_ID":"https://databrussels.be/id/block/24180","AREA":83},"bbox":[153642.37,167347.81,153655.34,167360.78000011]},{"type":"Feature","id":"Buildings.fid--324554a4_1a031387ba0_2619","geometry":{"type":"Polygon","coordinates":[[[153565.058,167238.124],[153566.78334247,167235.92087711],[153565.68824124,167235.17957017],[153567.9097138,167232.20709442],[153569.005,167233.084],[153578.31075108,167240.08981281],[153576.489,167242.439],[153576.97,167242.812],[153574.72194637,167245.71195862],[153565.058,167238.124]]]},"geometry_name":"GEOM","properties":{"INSPIRE_ID":"https://databrussels.be/id/building/1757409","BLOCK_ID":"https://databrussels.be/id/block/24180","AREA":83},"bbox":[153565.058,167232.20709442,153578.31075108,167245.71195862]},{"type":"Feature","id":"Buildings.fid--324554a4_1a031387ba0_253c","geometry":{"type":"Polygon","coordinates":[[[153629.763,167478.549],[153634.683,167476.989],[153637.84,167486.16],[153639.02773387,167489.59329322],[153636.63000033,167490.40000037],[153634.14,167491.22],[153629.763,167478.549]]]},"geometry_name":"GEOM","properties":{"INSPIRE_ID":"https://databrussels.be/id/building/1757416","BLOCK_ID":"https://databrussels.be/id/block/27459","AREA":69},"bbox":[153629.763,167476.989,153639.02773387,167491.22]},{"type":"Feature","id":"Buildings.fid--324554a4_1a031387ba0_2614","geometry":{"type":"Polygon","coordinates":[[[153588.78614769,167225.19379983],[153593.921,167218.262],[153594.714,167217.192],[153596.241,167215.232],[153596.331,167215.302],[153601.516,167219.341],[153594.136,167228.469],[153592.023,167226.838],[153591.61,167227.373],[153588.78614769,167225.19379983]]]},"geometry_name":"GEOM","properties":{"INSPIRE_ID":"https://databrussels.be/id/building/1757417","BLOCK_ID":"https://databrussels.be/id/block/24180","AREA":79},"bbox":[153588.78614769,167215.232,153601.516,167228.469]},{"type":"Feature","id":"Buildings.fid--324554a4_1a031387ba0_26ca","geometry":{"type":"Polygon","coordinates":[[[153580.71,167134.44],[153581.66,167132.68],[153586.194,167124.237],[153591.501,167127.087],[153585.93,167137.29],[153585.12,167138.7],[153582.43,167137.16],[153580.02,167135.79],[153580.71,167134.44]]]},"geometry_name":"GEOM","properties":{"INSPIRE_ID":"https://databrussels.be/id/building/1757418","BLOCK_ID":"https://databrussels.be/id/block/24635","AREA":79},"bbox":[153580.02,167124.237,153591.501,167138.7]},{"type":"Feature","id":"Buildings.fid--324554a4_1a031387ba0_252b","geometry":{"type":"Polygon","coordinates":[[[153722.459,167485.91],[153724.99310756,167476.45195933],[153725.81,167473.27],[153726.36,167471.08],[153727.74,167471.43],[153727.39,167472.81],[153731.42,167473.83],[153730.43709146,167478.03977173],[153727.94,167487.391],[153722.459,167485.91]]]},"geometry_name":"GEOM","properties":{"INSPIRE_ID":"https://databrussels.be/id/building/1757431","BLOCK_ID":"https://databrussels.be/id/block/26220","AREA":81},"bbox":[153722.459,167471.08,153731.42,167487.391]},{"type":"Feature","id":"Buildings.fid--324554a4_1a031387ba0_25dc","geometry":{"type":"Polygon","coordinates":[[[153632.55000037,167395.0699997],[153634.5410406,167392.81911389],[153640.12,167386.33],[153644.22,167389.9],[153638.45,167396.54],[153636.67,167398.59],[153634.68,167396.89],[153634.57,167396.8],[153632.55000037,167395.0699997]]]},"geometry_name":"GEOM","properties":{"INSPIRE_ID":"https://databrussels.be/id/building/1757433","BLOCK_ID":"https://databrussels.be/id/block/26811","AREA":62},"bbox":[153632.55000037,167386.33,153644.22,167398.59]},{"type":"Feature","id":"Buildings.fid--324554a4_1a031387ba0_2588","geometry":{"type":"Polygon","coordinates":[[[153659.08,167423.99],[153660.78,167424.03],[153664.64,167424.1],[153665.96999957,167428.73000036],[153662.501,167429.343],[153660.93,167429.62],[153660.22786299,167428.19909044],[153659.08,167423.99]]]},"geometry_name":"GEOM","properties":{"INSPIRE_ID":"https://databrussels.be/id/building/1757438","BLOCK_ID":"https://databrussels.be/id/block/26811","AREA":28},"bbox":[153659.08,167423.99,153665.96999957,167429.62]},{"type":"Feature","id":"Buildings.fid--324554a4_1a031387ba0_2640","geometry":{"type":"Polygon","coordinates":[[[153634.241,167265.821],[153630.844,167263.219],[153634.726,167257.794],[153638.17273293,167260.71377376],[153634.241,167265.821]]]},"geometry_name":"GEOM","properties":{"INSPIRE_ID":"https://databrussels.be/id/building/1757440","BLOCK_ID":"https://databrussels.be/id/block/24180","AREA":29},"bbox":[153630.844,167257.794,153638.17273293,167265.821]},{"type":"Feature","id":"Buildings.fid--324554a4_1a031387ba0_269a","geometry":{"type":"Polygon","coordinates":[[[153773.97,167194.71],[153775.12566178,167192.05436692],[153777.25,167188.14],[153780.93,167190],[153777.44,167196.56],[153773.97,167194.71]]]},"geometry_name":"GEOM","properties":{"INSPIRE_ID":"https://databrussels.be/id/building/1757441","BLOCK_ID":"https://databrussels.be/id/block/26449","AREA":30},"bbox":[153773.97,167188.14,153780.93,167196.56]},{"type":"Feature","id":"Buildings.fid--324554a4_1a031387ba0_25f0","geometry":{"type":"Polygon","coordinates":[[[153514.21497491,167346.59088425],[153518.86803352,167340.76697123],[153521.46041512,167337.52128043],[153518.30990159,167334.85226089],[153515.86990264,167337.89883233],[153511.05,167343.576],[153514.21497491,167346.59088425]]]},"geometry_name":"GEOM","properties":{"INSPIRE_ID":"https://databrussels.be/id/building/1757442","BLOCK_ID":"https://databrussels.be/id/block/24180","AREA":48},"bbox":[153511.05,167334.85226089,153521.46041512,167346.59088425]},{"type":"Feature","id":"Buildings.fid--324554a4_1a031387ba0_2553","geometry":{"type":"Polygon","coordinates":[[[153592.122,167491.219],[153596.673,167489.639],[153600.14405675,167499.85821973],[153602.14,167505.09],[153602.22,167505.31],[153597.85999541,167507.07000392],[153595.68999962,167500.61000017],[153592.122,167491.219]]]},"geometry_name":"GEOM","properties":{"INSPIRE_ID":"https://databrussels.be/id/building/1757446","BLOCK_ID":"https://databrussels.be/id/block/27459","AREA":77},"bbox":[153592.122,167489.639,153602.22,167507.07000392]},{"type":"Feature","id":"Buildings.fid--324554a4_1a031387ba0_2442","geometry":{"type":"Polygon","coordinates":[[[153892.05,167302.75],[153894.31,167303.63],[153894.43,167303.31],[153897.78203119,167304.61284],[153902.72007812,167291.80082769],[153898.2,167290.2],[153893.94716117,167298.53368167],[153892.05,167302.75]]]},"geometry_name":"GEOM","properties":{"INSPIRE_ID":"https://databrussels.be/id/building/1757447","BLOCK_ID":"https://databrussels.be/id/block/24635","AREA":75},"bbox":[153892.05,167290.2,153902.72007812,167304.61284]},{"type":"Feature","id":"Buildings.fid--324554a4_1a031387ba0_26a4","geometry":{"type":"Polygon","coordinates":[[[153645.76342737,167175.25019185],[153640.48845383,167172.56526692],[153641.72,167170.37],[153642.22,167169.49],[153643.56287011,167167.0863651],[153648.73,167157.811],[153653.809,167160.537],[153648.49715933,167170.24459787],[153647.39,167172.17],[153645.76342737,167175.25019185]]]},"geometry_name":"GEOM","properties":{"INSPIRE_ID":"https://databrussels.be/id/building/1757451","BLOCK_ID":"https://databrussels.be/id/block/24635","AREA":98},"bbox":[153640.48845383,167157.811,153653.809,167175.25019185]},{"type":"Feature","id":"Buildings.fid--324554a4_1a031387ba0_2522","geometry":{"type":"Polygon","coordinates":[[[153699.859,167457.17],[153693.96200987,167458.96086288],[153696.88201145,167468.27382701],[153696.09577965,167471.33932309],[153703.28609807,167468.62288229],[153702.65,167466.41],[153699.859,167457.17]]]},"geometry_name":"GEOM","properties":{"INSPIRE_ID":"https://databrussels.be/id/building/1757453","BLOCK_ID":"https://databrussels.be/id/block/26220","AREA":76},"bbox":[153693.96200987,167457.17,153703.28609807,167471.33932309]},{"type":"Feature","id":"Buildings.fid--324554a4_1a031387ba0_2441","geometry":{"type":"Polygon","coordinates":[[[153890.97702965,167270.55585879],[153896.032,167272.864],[153899.94088346,167264.95277465],[153901.45685206,167261.98322593],[153902.57,167259.46],[153898.28,167257.56],[153897.82,167258.48],[153897.08273793,167258.15427377],[153890.97702965,167270.55585879]]]},"geometry_name":"GEOM","properties":{"INSPIRE_ID":"https://databrussels.be/id/building/1757454","BLOCK_ID":"https://databrussels.be/id/block/26449","AREA":82},"bbox":[153890.97702965,167257.56,153902.57,167272.864]},{"type":"Feature","id":"Buildings.fid--324554a4_1a031387ba0_2451","geometry":{"type":"Polygon","coordinates":[[[153933.81419104,167306.71676319],[153934.10417325,167304.10819815],[153935.07,167295.42],[153939.68,167296.05],[153938.49924675,167304.60722491],[153938.20823395,167306.71627017],[153938.08047035,167307.64220605],[153933.81623879,167307.0978643],[153933.81419104,167306.71676319]]]},"geometry_name":"GEOM","properties":{"INSPIRE_ID":"https://databrussels.be/id/building/1757459","BLOCK_ID":"https://databrussels.be/id/block/24635","AREA":53},"bbox":[153933.81419104,167295.42,153939.68,167307.64220605]},{"type":"Feature","id":"Buildings.fid--324554a4_1a031387ba0_25f9","geometry":{"type":"Polygon","coordinates":[[[153522.76,167312.2],[153524.99000034,167309.33000004],[153528.16921516,167311.87575793],[153536.626,167318.539],[153534.448,167321.265],[153526.10771009,167314.84107354],[153522.76,167312.2]]]},"geometry_name":"GEOM","properties":{"INSPIRE_ID":"https://databrussels.be/id/building/1757463","BLOCK_ID":"https://databrussels.be/id/block/24180","AREA":53},"bbox":[153522.76,167309.33000004,153536.626,167321.265]},{"type":"Feature","id":"Buildings.fid--324554a4_1a031387ba0_24ee","geometry":{"type":"Polygon","coordinates":[[[153729.946,167417.073],[153733.51493197,167409.27496968],[153734.26999978,167407.35000042],[153738.95,167409.53],[153738.15383836,167411.46332659],[153734.286,167419.035],[153729.946,167417.073]]]},"geometry_name":"GEOM","properties":{"INSPIRE_ID":"https://databrussels.be/id/building/1757466","BLOCK_ID":"https://databrussels.be/id/block/24420","AREA":53},"bbox":[153729.946,167407.35000042,153738.95,167419.035]},{"type":"Feature","id":"Buildings.fid--324554a4_1a031387ba0_2489","geometry":{"type":"Polygon","coordinates":[[[153933.81,167479.55],[153936.10972438,167480.16876855],[153937.97263385,167480.67000678],[153945.889,167482.8],[153944.644,167487.459],[153936.81,167485.34],[153935.91999975,167485.10000024],[153935.47,167484.97],[153936.09,167482.66],[153934.04291666,167482.11129725],[153933.18,167481.88],[153933.81,167479.55]]]},"geometry_name":"GEOM","properties":{"INSPIRE_ID":"https://databrussels.be/id/building/1757470","BLOCK_ID":"https://databrussels.be/id/block/26220","AREA":53},"bbox":[153933.18,167479.55,153945.889,167487.459]},{"type":"Feature","id":"Buildings.fid--324554a4_1a031387ba0_24b8","geometry":{"type":"Polygon","coordinates":[[[153893.1909,167286.8529],[153892.0438,167289.1816],[153889.9963,167293.3377],[153889.84,167293.655],[153888.0742,167297.3635],[153886.704,167300.241],[153886.669,167300.313],[153885.8364,167302.0026],[153882.696,167300.5589],[153880.8989,167304.4681],[153881.8689,167304.914],[153878.9269,167311.3135],[153872.9367,167308.5597],[153874.1482,167305.9244],[153873.3597,167305.5619],[153875.0902,167301.7976],[153875.6232,167300.6383],[153868.4701,167297.3498],[153876.1318,167291.8733],[153879.0384,167293.2095],[153882.6848,167294.8859],[153884.548,167290.833],[153880.3118,167288.8855],[153880.419,167288.8089],[153884.6519,167285.7833],[153884.7263,167285.7301],[153884.9678,167285.5574],[153886.7576,167284.2781],[153887.0835,167284.0452],[153887.1248,167284.0157],[153888.915,167282.736],[153894.055,167285.099],[153893.1909,167286.8529]]]},"geometry_name":"GEOM","properties":{"INSPIRE_ID":"https://databrussels.be/id/building/1757472","BLOCK_ID":"https://databrussels.be/id/block/24635","AREA":275},"bbox":[153868.4701,167282.736,153894.055,167311.3135]},{"type":"Feature","id":"Buildings.fid--324554a4_1a031387ba0_2418","geometry":{"type":"Polygon","coordinates":[[[154004.4796,167348.61140035],[153999.9996,167350.01980035],[153999.1196,167350.29980035],[153995.4396,167340.08980035],[153994.099,167336.37900035],[153995.96,167335.74900035],[153998.93,167334.74000035],[154004.4796,167348.61140035]]]},"geometry_name":"GEOM","properties":{"INSPIRE_ID":"https://databrussels.be/id/building/1757575","BLOCK_ID":"https://databrussels.be/id/block/24635","AREA":80},"bbox":[153994.099,167334.74000035,154004.4796,167350.29980035]},{"type":"Feature","id":"Buildings.fid--324554a4_1a031387ba0_25ae","geometry":{"type":"Polygon","coordinates":[[[153536.41,167367.69],[153542.66781838,167361.17838314],[153545.12,167358.52],[153546.09,167359.4],[153549.41,167362.26],[153546.91293712,167364.91785906],[153540.51,167371.54],[153536.41,167367.69]]]},"geometry_name":"GEOM","properties":{"INSPIRE_ID":"https://databrussels.be/id/building/1758609","BLOCK_ID":"https://databrussels.be/id/block/26811","AREA":72},"bbox":[153536.41,167358.52,153549.41,167371.54]},{"type":"Feature","id":"Buildings.fid--324554a4_1a031387ba0_2465","geometry":{"type":"Polygon","coordinates":[[[153926.03,167365.05],[153928.24,167364.36],[153928.2,167364.24],[153932.75,167362.84],[153930.77,167356.45],[153933.27,167355.67],[153934.63993651,167360.48111908],[153937.56,167369.41],[153930.57,167371.55],[153929.64,167368.49],[153927.34,167369.21],[153926.03,167365.05]]]},"geometry_name":"GEOM","properties":{"INSPIRE_ID":"https://databrussels.be/id/building/1758612","BLOCK_ID":"https://databrussels.be/id/block/24635","AREA":83},"bbox":[153926.03,167355.67,153937.56,167371.55]},{"type":"Feature","id":"Buildings.fid--324554a4_1a031387ba0_2512","geometry":{"type":"Polygon","coordinates":[[[153703.5,167308.849],[153700.76,167304.83],[153702.76,167303.47],[153702.95,167303.74],[153705.61,167301.93],[153708.25203986,167306.0317086],[153713.509,167313.516],[153708.9,167316.676],[153703.78,167309.26],[153703.5,167308.849]]]},"geometry_name":"GEOM","properties":{"INSPIRE_ID":"https://databrussels.be/id/building/1758623","BLOCK_ID":"https://databrussels.be/id/block/24180","AREA":79},"bbox":[153700.76,167301.93,153713.509,167316.676]},{"type":"Feature","id":"Buildings.fid--324554a4_1a031387ba0_2527","geometry":{"type":"Polygon","coordinates":[[[153705.816,167481.384],[153707.73,167474.75],[153708.3,167472.51],[153708.86,167470.3],[153713.86,167471.56],[153713.23202768,167474.17140531],[153710.961,167482.783],[153705.816,167481.384]]]},"geometry_name":"GEOM","properties":{"INSPIRE_ID":"https://databrussels.be/id/building/1758626","BLOCK_ID":"https://databrussels.be/id/block/26220","AREA":60},"bbox":[153705.816,167470.3,153713.86,167482.783]},{"type":"Feature","id":"Buildings.fid--324554a4_1a031387ba0_26ae","geometry":{"type":"Polygon","coordinates":[[[153680.425,167160.882],[153685.27201065,167151.62442392],[153686.23,167149.57],[153690.49,167151.86],[153688.94613753,167155.01890789],[153684.543,167163.069],[153680.425,167160.882]]]},"geometry_name":"GEOM","properties":{"INSPIRE_ID":"https://databrussels.be/id/building/1758635","BLOCK_ID":"https://databrussels.be/id/block/26449","AREA":61},"bbox":[153680.425,167149.57,153690.49,167163.069]},{"type":"Feature","id":"Buildings.fid--324554a4_1a031387ba0_24cf","geometry":{"type":"Polygon","coordinates":[[[153775.52,167489.76],[153776.32,167487.05],[153778.90999962,167477.44999953],[153780.63084267,167471.06747181],[153781.63160455,167467.35485542],[153792.13,167467.26],[153787.17,167486.19],[153782.444,167502.1],[153776.849,167500.597],[153779.49,167490.73],[153775.52,167489.76]]]},"geometry_name":"GEOM","properties":{"INSPIRE_ID":"https://databrussels.be/id/building/1758649","BLOCK_ID":"https://databrussels.be/id/block/26220","AREA":311},"bbox":[153775.52,167467.26,153792.13,167502.1]},{"type":"Feature","id":"Buildings.fid--324554a4_1a031387ba0_24b3","geometry":{"type":"Polygon","coordinates":[[[153871.53686852,167455.33957165],[153873.18115802,167454.83735973],[153873.73543692,167456.81917052],[153872.09824187,167457.31233345],[153871.53686852,167455.33957165]]]},"geometry_name":"GEOM","properties":{"INSPIRE_ID":"https://databrussels.be/id/building/1758653","BLOCK_ID":"https://databrussels.be/id/block/26220","AREA":4},"bbox":[153871.53686852,167454.83735973,153873.73543692,167457.31233345]},{"type":"Feature","id":"Buildings.fid--324554a4_1a031387ba0_2600","geometry":{"type":"Polygon","coordinates":[[[153541.797,167328.245],[153544.196,167325.273],[153550.45185029,167330.12108582],[153554.95,167333.6],[153552.54,167336.67],[153551.72,167336.03],[153548.05108845,167333.24450348],[153541.797,167328.245]]]},"geometry_name":"GEOM","properties":{"INSPIRE_ID":"https://databrussels.be/id/building/1758665","BLOCK_ID":"https://databrussels.be/id/block/26811","AREA":53},"bbox":[153541.797,167325.273,153554.95,167336.67]},{"type":"Feature","id":"Buildings.fid--324554a4_1a031387ba0_2651","geometry":{"type":"Polygon","coordinates":[[[153499.18,167211.55],[153499.07,167210.44],[153500.49,167210.36],[153500.59,167211.39],[153503.63,167211.1],[153504.722,167222.676],[153500.343,167223.092],[153499.18,167211.55]]]},"geometry_name":"GEOM","properties":{"INSPIRE_ID":"https://databrussels.be/id/building/1758666","BLOCK_ID":"https://databrussels.be/id/block/24180","AREA":53},"bbox":[153499.07,167210.36,153504.722,167223.092]},{"type":"Feature","id":"Buildings.fid--324554a4_1a031387ba0_23f0","geometry":{"type":"Polygon","coordinates":[[[153796.111,167250.144],[153802.009,167239.471],[153805.533,167241.342],[153799.96,167252.16],[153799.54,167252.93],[153796.98,167251.55],[153797.37,167250.82],[153796.111,167250.144]]]},"geometry_name":"GEOM","properties":{"INSPIRE_ID":"https://databrussels.be/id/building/1758667","BLOCK_ID":"https://databrussels.be/id/block/24635","AREA":53},"bbox":[153796.111,167239.471,153805.533,167252.93]},{"type":"Feature","id":"Buildings.fid--324554a4_1a031387ba0_2675","geometry":{"type":"Polygon","coordinates":[[[153756.95,167230.51],[153759.29723888,167226.48020504],[153763.381,167218.964],[153766.657,167220.703],[153761.12,167231.26],[153760.16,167232.98],[153756.61,167231.12],[153756.95,167230.51]]]},"geometry_name":"GEOM","properties":{"INSPIRE_ID":"https://databrussels.be/id/building/1758668","BLOCK_ID":"https://databrussels.be/id/block/24635","AREA":53},"bbox":[153756.61,167218.964,153766.657,167232.98]},{"type":"Feature","id":"Buildings.fid--324554a4_1a031387ba0_26be","geometry":{"type":"Polygon","coordinates":[[[153538.3,167175.31],[153542.3842757,167166.88380243],[153542.99825652,167167.19758852],[153544.84597237,167163.41138383],[153550.36488647,167166.02005283],[153548.2785313,167170.0558575],[153547.13,167172.78],[153546.01,167174.84],[153544.34,167178.56],[153543.38,167180.73],[153537.13,167177.95],[153538.3,167175.31]]]},"geometry_name":"GEOM","properties":{"INSPIRE_ID":"https://databrussels.be/id/building/1758671","BLOCK_ID":"https://databrussels.be/id/block/24635","AREA":108},"bbox":[153537.13,167163.41138383,153550.36488647,167180.73]},{"type":"Feature","id":"Buildings.fid--324554a4_1a031387ba0_255a","geometry":{"type":"Polygon","coordinates":[[[153502.2003,167487.3499],[153502.41,167487.95],[153503.94,167487.35],[153504.61,167489.07],[153508.13,167487.7],[153513.61,167501.282],[153507.564,167503.901],[153503.97,167495.06],[153502.8,167492.21],[153501.97,167490.35],[153500.94,167488.06],[153500.8759,167487.8945],[153502.2003,167487.3499]]]},"geometry_name":"GEOM","properties":{"INSPIRE_ID":"https://databrussels.be/id/building/1758675","BLOCK_ID":"https://databrussels.be/id/block/24596","AREA":104},"bbox":[153500.8759,167487.3499,153513.61,167503.901]},{"type":"Feature","id":"Buildings.fid--324554a4_1a031387ba0_2426","geometry":{"type":"Polygon","coordinates":[[[153991.81,167266.04],[153992.89,167265.98],[154000,167265.54],[154004.02,167265.29],[154004.613,167272.462],[154000,167272.79],[153996.96,167273.01],[153996.0200005,167273.07999996],[153992.27000001,167273.31000016],[153991.81,167266.04]]]},"geometry_name":"GEOM","properties":{"INSPIRE_ID":"https://databrussels.be/id/building/1758978","BLOCK_ID":"https://databrussels.be/id/block/26449","AREA":89},"bbox":[153991.81,167265.29,154004.613,167273.31000016]},{"type":"Feature","id":"Buildings.fid--324554a4_1a031387ba0_2425","geometry":{"type":"Polygon","coordinates":[[[153991.08,167251.62],[154000,167251.28],[154003.24,167251.16],[154003.267,167251.759],[154004.066,167251.724],[154004.27,167256.326],[154003.47,167256.362],[154003.55,167258.2],[154000,167258.33],[153993.52,167258.56],[153991.22,167258.64],[153991.08,167251.62]]]},"geometry_name":"GEOM","properties":{"INSPIRE_ID":"https://databrussels.be/id/building/1758981","BLOCK_ID":"https://databrussels.be/id/block/26449","AREA":90},"bbox":[153991.08,167251.16,154004.27,167258.64]},{"type":"Feature","id":"Buildings.fid--324554a4_1a031387ba0_2450","geometry":{"type":"Polygon","coordinates":[[[153931.912,167282.82],[153933.24615202,167274.05452406],[153933.5004686,167272.38364564],[153934.64,167269.46],[153938.36,167269.96],[153937.71511142,167274.59324869],[153936.525,167283.466],[153931.912,167282.82]]]},"geometry_name":"GEOM","properties":{"INSPIRE_ID":"https://databrussels.be/id/building/1759784","BLOCK_ID":"https://databrussels.be/id/block/26449","AREA":61},"bbox":[153931.912,167269.46,153938.36,167283.466]},{"type":"Feature","id":"Buildings.fid--324554a4_1a031387ba0_2446","geometry":{"type":"Polygon","coordinates":[[[153903.49000022,167306.43000043],[153904.93644175,167302.11306836],[153907.42,167293.46],[153912.12,167294.73],[153910.23503332,167303.47510854],[153909.37770696,167306.20339385],[153907.06000016,167308.24999973],[153905.98000021,167307.42000044],[153903.44000049,167306.59999998],[153903.49000022,167306.43000043]]]},"geometry_name":"GEOM","properties":{"INSPIRE_ID":"https://databrussels.be/id/building/1759789","BLOCK_ID":"https://databrussels.be/id/block/24635","AREA":72},"bbox":[153903.44000049,167293.46,153912.12,167308.24999973]},{"type":"Feature","id":"Buildings.fid--324554a4_1a031387ba0_24c0","geometry":{"type":"Polygon","coordinates":[[[153848.9,167352.64],[153853.66042243,167348.21845877],[153860.479,167341.15],[153864.753,167345.438],[153858.07045746,167352.22559279],[153855.62,167354.65],[153855.19,167355.08],[153852.68,167352.58],[153850.78,167354.5],[153848.9,167352.64]]]},"geometry_name":"GEOM","properties":{"INSPIRE_ID":"https://databrussels.be/id/building/1759799","BLOCK_ID":"https://databrussels.be/id/block/24420","AREA":89},"bbox":[153848.9,167341.15,153864.753,167355.08]},{"type":"Feature","id":"Buildings.fid--324554a4_1a031387ba0_253d","geometry":{"type":"Polygon","coordinates":[[[153634.683,167476.989],[153638.63,167475.739],[153643.52,167477.02],[153640.68,167485.89],[153641.69,167488.94],[153642,167489.85],[153644.27999989,167490.35000013],[153643.52000001,167492.61000051],[153641.60999993,167497.10999978],[153639.83000032,167491.93000015],[153639.02773387,167489.59329322],[153637.84,167486.16],[153634.683,167476.989]]]},"geometry_name":"GEOM","properties":{"INSPIRE_ID":"https://databrussels.be/id/building/1759800","BLOCK_ID":"https://databrussels.be/id/block/27459","AREA":89},"bbox":[153634.683,167475.739,153644.27999989,167497.10999978]},{"type":"Feature","id":"Buildings.fid--324554a4_1a031387ba0_2594","geometry":{"type":"Polygon","coordinates":[[[153610.64,167445.82],[153617.21298703,167440.60277887],[153617.5383829,167440.35500251],[153620.13955438,167438.37431109],[153623.02000019,167436.09000018],[153623.75990062,167438.61002988],[153619.98495699,167441.54267814],[153621.26,167443.31],[153620.24295474,167444.09164219],[153613.44,167449.32],[153610.64,167445.82]]]},"geometry_name":"GEOM","properties":{"INSPIRE_ID":"https://databrussels.be/id/building/1759805","BLOCK_ID":"https://databrussels.be/id/block/26811","AREA":58},"bbox":[153610.64,167436.09000018,153623.75990062,167449.32]},{"type":"Feature","id":"Buildings.fid--324554a4_1a031387ba0_253e","geometry":{"type":"Polygon","coordinates":[[[153643.52,167477.02],[153648.34000183,167478.28999875],[153645.30999494,167487.28000448],[153644.27999989,167490.35000013],[153642,167489.85],[153641.69,167488.94],[153640.68,167485.89],[153643.52,167477.02]]]},"geometry_name":"GEOM","properties":{"INSPIRE_ID":"https://databrussels.be/id/building/1759807","BLOCK_ID":"https://databrussels.be/id/block/27459","AREA":58},"bbox":[153640.68,167477.02,153648.34000183,167490.35000013]},{"type":"Feature","id":"Buildings.fid--324554a4_1a031387ba0_2695","geometry":{"type":"Polygon","coordinates":[[[153742.947,167194.27],[153749.21999943,167183.27999445],[153749.34,167183.05],[153753.19,167185.12],[153751.24,167188.74],[153749.97,167191.07],[153747.04,167196.456],[153742.947,167194.27]]]},"geometry_name":"GEOM","properties":{"INSPIRE_ID":"https://databrussels.be/id/building/1759809","BLOCK_ID":"https://databrussels.be/id/block/26449","AREA":58},"bbox":[153742.947,167183.05,153753.19,167196.456]},{"type":"Feature","id":"Buildings.fid--324554a4_1a031387ba0_25f1","geometry":{"type":"Polygon","coordinates":[[[153579.191,167295.71784244],[153579.184,167295.72784244],[153578.28599999,167296.89484244],[153577.5511,167297.85084244],[153577.3871,167298.06424244],[153577.25,167298.24254244],[153574.8825,167301.32224244],[153574.869,167301.33984244],[153571.97,167305.11084244],[153568.38,167302.43084244],[153571.29699999,167298.67784244],[153571.3237,167298.64354244],[153573.82999999,167295.42084244],[153573.982,167295.22284244],[153574.64999999,167294.36084244],[153574.76259999,167294.21524244],[153576.0162,167292.60084244],[153579.53239999,167295.27504244],[153579.191,167295.71784244]]]},"geometry_name":"GEOM","properties":{"INSPIRE_ID":"https://databrussels.be/id/building/1759812","BLOCK_ID":"https://databrussels.be/id/block/24180","AREA":55},"bbox":[153568.38,167292.60084244,153579.53239999,167305.11084244]},{"type":"Feature","id":"Buildings.fid--324554a4_1a031387ba0_2484","geometry":{"type":"Polygon","coordinates":[[[153933.81,167479.55],[153933.92777958,167478.30292409],[153934.17297103,167476.97244996],[153934.60964345,167475.95135898],[153935.12,167475.16],[153937.49608067,167475.78792872],[153939.21482619,167476.24214295],[153947.085,167478.322],[153945.889,167482.8],[153937.97263385,167480.67000678],[153936.10972438,167480.16876855],[153933.81,167479.55]]]},"geometry_name":"GEOM","properties":{"INSPIRE_ID":"https://databrussels.be/id/building/1759815","BLOCK_ID":"https://databrussels.be/id/block/26220","AREA":58},"bbox":[153933.81,167475.16,153947.085,167482.8]},{"type":"Feature","id":"Buildings.fid--324554a4_1a031387ba0_25bb","geometry":{"type":"Polygon","coordinates":[[[153566.34,167395.82],[153572.72743936,167389.42065468],[153576.24,167385.69],[153579.22,167382.64],[153582.43,167385.84],[153576.98,167391.3],[153578.83,167393.15],[153571.45,167400.63],[153566.34,167395.82]]]},"geometry_name":"GEOM","properties":{"INSPIRE_ID":"https://databrussels.be/id/building/1759818","BLOCK_ID":"https://databrussels.be/id/block/26811","AREA":109},"bbox":[153566.34,167382.64,153582.43,167400.63]},{"type":"Feature","id":"Buildings.fid--324554a4_1a031387ba0_263e","geometry":{"type":"Polygon","coordinates":[[[153676.564,167252.558],[153678.335,167253.629],[153679.25,167252.162],[153683.832,167255.285],[153687.04,167257.36],[153686.31,167258.48],[153686.69,167258.73],[153684.13,167263.09],[153683.85,167262.91],[153682.39,167265.13],[153671.8,167258.2],[153674.23,167253.84],[153675.39,167254.484],[153676.564,167252.558]]]},"geometry_name":"GEOM","properties":{"INSPIRE_ID":"https://databrussels.be/id/building/1759819","BLOCK_ID":"https://databrussels.be/id/block/24180","AREA":109},"bbox":[153671.8,167252.162,153687.04,167265.13]},{"type":"Feature","id":"Buildings.fid--324554a4_1a031387ba0_255f","geometry":{"type":"Polygon","coordinates":[[[153550.67207296,167469.77707317],[153556.68026087,167467.6114527],[153558.55786023,167472.89571025],[153562.11400001,167482.904],[153556.49500001,167484.86300001],[153552.65920868,167474.92530601],[153550.67207296,167469.77707317]]]},"geometry_name":"GEOM","properties":{"INSPIRE_ID":"https://databrussels.be/id/building/1759825","BLOCK_ID":"https://databrussels.be/id/block/24596","AREA":100},"bbox":[153550.67207296,167467.6114527,153562.11400001,167484.86300001]},{"type":"Feature","id":"Buildings.fid--324554a4_1a031387ba0_25bf","geometry":{"type":"Polygon","coordinates":[[[153536.03,167408.78],[153533.89,167406.81],[153535.02145433,167405.53602447],[153534.17551376,167404.74177988],[153535.8,167403.07],[153540.46120722,167398.20605015],[153545.787,167392.87],[153548.431,167395.369],[153541.91269203,167402.42716432],[153537.45000026,167407.24000021],[153536.03,167408.78]]]},"geometry_name":"GEOM","properties":{"INSPIRE_ID":"https://databrussels.be/id/building/1759828","BLOCK_ID":"https://databrussels.be/id/block/24596","AREA":70},"bbox":[153533.89,167392.87,153548.431,167408.78]},{"type":"Feature","id":"Buildings.fid--324554a4_1a031387ba0_25b2","geometry":{"type":"Polygon","coordinates":[[[153571.86,167364.63],[153574.72152399,167367.21521185],[153572.37,167369.61],[153568.22,167365.77],[153570.46,167363.34],[153571.86,167364.63]]]},"geometry_name":"GEOM","properties":{"INSPIRE_ID":"https://databrussels.be/id/building/1759840","BLOCK_ID":"https://databrussels.be/id/block/26811","AREA":19},"bbox":[153568.22,167363.34,153574.72152399,167369.61]},{"type":"Feature","id":"Buildings.fid--324554a4_1a031387ba0_245c","geometry":{"type":"Polygon","coordinates":[[[153900.89219621,167330.92247785],[153904.17988759,167334.24873752],[153903.75027059,167334.58719489],[153904.65580045,167335.44035694],[153902.62540472,167337.51067651],[153898.42010066,167333.36556221],[153900.89219621,167330.92247785]]]},"geometry_name":"GEOM","properties":{"INSPIRE_ID":"https://databrussels.be/id/building/1759842","BLOCK_ID":"https://databrussels.be/id/block/24635","AREA":20},"bbox":[153898.42010066,167330.92247785,153904.65580045,167337.51067651]},{"type":"Feature","id":"Buildings.fid--324554a4_1a031387ba0_26c2","geometry":{"type":"Polygon","coordinates":[[[153553.068,167032.017],[153553.759,167031.143],[153554.681,167030.518],[153555.749,167030.2],[153556.863,167030.219],[153557.91900018,167030.57299964],[153558.82000024,167031.23000051],[153559.47999994,167032.12700039],[153559.83900014,167033.18199985],[153559.86200018,167034.29600033],[153559.54900024,167035.36599975],[153553.068,167032.017]]]},"geometry_name":"GEOM","properties":{"INSPIRE_ID":"https://databrussels.be/id/building/1759843","BLOCK_ID":"https://databrussels.be/id/block/26197","AREA":20},"bbox":[153553.068,167030.2,153559.86200018,167035.36599975]},{"type":"Feature","id":"Buildings.fid--324554a4_1a031387ba0_2623","geometry":{"type":"Polygon","coordinates":[[[153542.373,167269.299],[153541.426,167268.561],[153545.447,167263.401],[153546.95798113,167264.6005286],[153556.06630458,167271.83138954],[153553.822,167274.72],[153553.478,167274.452],[153551.85811688,167276.53709039],[153542.373,167269.299]]]},"geometry_name":"GEOM","properties":{"INSPIRE_ID":"https://databrussels.be/id/building/1759846","BLOCK_ID":"https://databrussels.be/id/block/24180","AREA":86},"bbox":[153541.426,167263.401,153556.06630458,167276.53709039]},{"type":"Feature","id":"Buildings.fid--324554a4_1a031387ba0_2534","geometry":{"type":"Polygon","coordinates":[[[153770.3704,167484.756],[153770.0928,167485.7968],[153769.241,167488.991],[153769.1598,167489.2957],[153768.0265,167493.5484],[153768.013,167493.599],[153767.531,167495.406],[153766.864,167497.907],[153761.647,167496.497],[153762.8067,167492.1377],[153762.817,167492.099],[153763.541,167489.38],[153763.939,167487.8847],[153764.1,167487.28],[153765.04,167483.75],[153765.1495,167483.345],[153767.0614,167483.8617],[153770.3704,167484.756]]]},"geometry_name":"GEOM","properties":{"INSPIRE_ID":"https://databrussels.be/id/building/1759855","BLOCK_ID":"https://databrussels.be/id/block/26220","AREA":74},"bbox":[153761.647,167483.345,153770.3704,167497.907]},{"type":"Feature","id":"Buildings.fid--324554a4_1a031387ba0_2435","geometry":{"type":"Polygon","coordinates":[[[153974.63,167371.69],[153989.35,167366.79],[153991.86583912,167375.17614567],[153993.35309148,167380.13366161],[153996.88,167392.11],[154000,167402.89],[154000.97,167406.25],[154000,167406.57],[153988.34,167410.38],[153981.03000007,167388.05999977],[153979.77655067,167384.21103883],[153977.87628388,167379.93247209],[153974.63,167371.69]]]},"geometry_name":"GEOM","properties":{"INSPIRE_ID":"https://databrussels.be/id/building/1760150","BLOCK_ID":"https://databrussels.be/id/block/25971","AREA":581},"bbox":[153974.63,167366.79,154000.97,167410.38]},{"type":"Feature","id":"Buildings.fid--324554a4_1a031387ba0_26b0","geometry":{"type":"Polygon","coordinates":[[[153684.543,167163.069],[153688.94613753,167155.01890789],[153690.49,167151.86],[153691.48,167149.88],[153694.54,167151.4],[153693.62,167153.24],[153691.64511193,167156.83892426],[153687.82,167164.82],[153684.543,167163.069]]]},"geometry_name":"GEOM","properties":{"INSPIRE_ID":"https://databrussels.be/id/building/1760937","BLOCK_ID":"https://databrussels.be/id/block/26449","AREA":51},"bbox":[153684.543,167149.88,153694.54,167164.82]},{"type":"Feature","id":"Buildings.fid--324554a4_1a031387ba0_25fe","geometry":{"type":"Polygon","coordinates":[[[153557.60728405,167330.89865352],[153555.22999921,167333.81000049],[153554.95,167333.6],[153550.45185029,167330.12108582],[153544.196,167325.273],[153546.657,167322.225],[153552.81302684,167327.24172095],[153556.80999937,167330.20000082],[153557.60728405,167330.89865352]]]},"geometry_name":"GEOM","properties":{"INSPIRE_ID":"https://databrussels.be/id/building/1760940","BLOCK_ID":"https://databrussels.be/id/block/26811","AREA":53},"bbox":[153544.196,167322.225,153557.60728405,167333.81000049]},{"type":"Feature","id":"Buildings.fid--324554a4_1a031387ba0_2681","geometry":{"type":"Polygon","coordinates":[[[153785.20795777,167245.13724566],[153791.17,167233.717],[153794.71,167235.596],[153788.8100002,167246.81000053],[153788.68337923,167247.00278679],[153785.20795777,167245.13724566]]]},"geometry_name":"GEOM","properties":{"INSPIRE_ID":"https://databrussels.be/id/building/1760941","BLOCK_ID":"https://databrussels.be/id/block/24635","AREA":51},"bbox":[153785.20795777,167233.717,153794.71,167247.00278679]},{"type":"Feature","id":"Buildings.fid--324554a4_1a031387ba0_25de","geometry":{"type":"Polygon","coordinates":[[[153609.76,167393.34],[153609.94000022,167393.12999991],[153613.68,167388.724],[153619.252,167393.645],[153619.501,167393.865],[153615.87,167397.98],[153614.36,167399.12],[153613.11,167397.55],[153609.76,167393.34]]]},"geometry_name":"GEOM","properties":{"INSPIRE_ID":"https://databrussels.be/id/building/1760945","BLOCK_ID":"https://databrussels.be/id/block/26811","AREA":51},"bbox":[153609.76,167388.724,153619.501,167399.12]},{"type":"Feature","id":"Buildings.fid--324554a4_1a031387ba0_25bc","geometry":{"type":"Polygon","coordinates":[[[153529.24,167399.25],[153535.48335271,167392.76530919],[153540.307,167387.689],[153543.222,167390.445],[153538.00495491,167395.57891351],[153533.4,167400.59],[153532.05,167401.98],[153529.24,167399.25]]]},"geometry_name":"GEOM","properties":{"INSPIRE_ID":"https://databrussels.be/id/building/1760947","BLOCK_ID":"https://databrussels.be/id/block/24596","AREA":62},"bbox":[153529.24,167387.689,153543.222,167401.98]},{"type":"Feature","id":"Buildings.fid--324554a4_1a031387ba0_2692","geometry":{"type":"Polygon","coordinates":[[[153731.311,167188.053],[153738.61,167174.82],[153740.98,167176.1],[153740.34,167177.3],[153741.63,167177.99],[153735.152,167190.105],[153731.311,167188.053]]]},"geometry_name":"GEOM","properties":{"INSPIRE_ID":"https://databrussels.be/id/building/1760952","BLOCK_ID":"https://databrussels.be/id/block/26449","AREA":62},"bbox":[153731.311,167174.82,153741.63,167190.105]},{"type":"Feature","id":"Buildings.fid--324554a4_1a031387ba0_24f5","geometry":{"type":"Polygon","coordinates":[[[153713.885,167424.076],[153725.562,167429.3],[153725.662,167431.75],[153717.015,167434.332],[153713.885,167424.076]]]},"geometry_name":"GEOM","properties":{"INSPIRE_ID":"https://databrussels.be/id/building/1760956","BLOCK_ID":"https://databrussels.be/id/block/26811","AREA":62},"bbox":[153713.885,167424.076,153725.662,167434.332]},{"type":"Feature","id":"Buildings.fid--324554a4_1a031387ba0_24c3","geometry":{"type":"Polygon","coordinates":[[[153862.07216503,167362.83278376],[153865.7303687,167366.55037546],[153867.5,167364.81],[153869.09035746,167363.09696751],[153875.86,167356.579],[153872.10704753,167352.81384746],[153862.07216503,167362.83278376]]]},"geometry_name":"GEOM","properties":{"INSPIRE_ID":"https://databrussels.be/id/building/1760958","BLOCK_ID":"https://databrussels.be/id/block/24420","AREA":74},"bbox":[153862.07216503,167352.81384746,153875.86,167366.55037546]},{"type":"Feature","id":"Buildings.fid--324554a4_1a031387ba0_24af","geometry":{"type":"Polygon","coordinates":[[[153810.051,167423.649],[153814.124,167422.415],[153819.42,167439.11],[153814.87,167440.3],[153814.18,167437.67],[153813.73,167435.97],[153810.051,167423.649]]]},"geometry_name":"GEOM","properties":{"INSPIRE_ID":"https://databrussels.be/id/building/1760959","BLOCK_ID":"https://databrussels.be/id/block/26220","AREA":77},"bbox":[153810.051,167422.415,153819.42,167440.3]},{"type":"Feature","id":"Buildings.fid--324554a4_1a031387ba0_24e8","geometry":{"type":"Polygon","coordinates":[[[153792.34,167397.96],[153797.76,167396.36],[153798.77,167399.97],[153801.405,167409.333],[153795.865,167411.002],[153793.31,167401.54],[153792.34,167397.96]]]},"geometry_name":"GEOM","properties":{"INSPIRE_ID":"https://databrussels.be/id/building/1760962","BLOCK_ID":"https://databrussels.be/id/block/24420","AREA":77},"bbox":[153792.34,167396.36,153801.405,167411.002]},{"type":"Feature","id":"Buildings.fid--324554a4_1a031387ba0_26c8","geometry":{"type":"Polygon","coordinates":[[[153571.51,167125.9],[153575.327,167118.336],[153581.066,167121.347],[153576.2,167130.04],[153573.38,167128.59],[153574.03,167127.34],[153571.44,167126.01],[153571.51,167125.9]]]},"geometry_name":"GEOM","properties":{"INSPIRE_ID":"https://databrussels.be/id/building/1760968","BLOCK_ID":"https://databrussels.be/id/block/24635","AREA":58},"bbox":[153571.44,167118.336,153581.066,167130.04]},{"type":"Feature","id":"Buildings.fid--324554a4_1a031387ba0_25e6","geometry":{"type":"Polygon","coordinates":[[[153523.055,167307.808],[153522.712,167306.83],[153524.6050005,167304.46199978],[153526.93590178,167306.45313688],[153524.99000034,167309.33000004],[153523.055,167307.808]]]},"geometry_name":"GEOM","properties":{"INSPIRE_ID":"https://databrussels.be/id/building/1760975","BLOCK_ID":"https://databrussels.be/id/block/24180","AREA":11},"bbox":[153522.712,167304.46199978,153526.93590178,167309.33000004]},{"type":"Feature","id":"Buildings.fid--324554a4_1a031387ba0_25b8","geometry":{"type":"Polygon","coordinates":[[[153521.45,167391.32],[153525.90217715,167386.59188949],[153532.41,167380.225],[153534.944,167382.62],[153529.23191561,167388.43073595],[153524.30428511,167393.74534901],[153521.45,167391.32]]]},"geometry_name":"GEOM","properties":{"INSPIRE_ID":"https://databrussels.be/id/building/1760977","BLOCK_ID":"https://databrussels.be/id/block/24596","AREA":56},"bbox":[153521.45,167380.225,153534.944,167393.74534901]},{"type":"Feature","id":"Buildings.fid--324554a4_1a031387ba0_266b","geometry":{"type":"Polygon","coordinates":[[[153724.54,167211.48],[153729.915,167201.163],[153733.481,167203.066],[153727.15,167215.35],[153723.51,167213.45],[153724.54,167211.48]]]},"geometry_name":"GEOM","properties":{"INSPIRE_ID":"https://databrussels.be/id/building/1760978","BLOCK_ID":"https://databrussels.be/id/block/24635","AREA":56},"bbox":[153723.51,167201.163,153733.481,167215.35]},{"type":"Feature","id":"Buildings.fid--324554a4_1a031387ba0_26af","geometry":{"type":"Polygon","coordinates":[[[153682.06999987,167189.85999989],[153688.122,167178.866],[153692.1,167180.988],[153686.05,167191.94],[153682.06999987,167189.85999989]]]},"geometry_name":"GEOM","properties":{"INSPIRE_ID":"https://databrussels.be/id/building/1760979","BLOCK_ID":"https://databrussels.be/id/block/24635","AREA":56},"bbox":[153682.06999987,167178.866,153692.1,167191.94]},{"type":"Feature","id":"Buildings.fid--324554a4_1a031387ba0_26cf","geometry":{"type":"Polygon","coordinates":[[[153600.01,167149.49],[153607.518,167135.686],[153611.12,167137.62],[153607.05,167145.43],[153605.44,167144.51],[153603.67,167147.94],[153604.48,167148.36],[153603.08,167151.08],[153600.01,167149.49]]]},"geometry_name":"GEOM","properties":{"INSPIRE_ID":"https://databrussels.be/id/building/1760982","BLOCK_ID":"https://databrussels.be/id/block/24635","AREA":56},"bbox":[153600.01,167135.686,153611.12,167151.08]},{"type":"Feature","id":"Buildings.fid--324554a4_1a031387ba0_24f1","geometry":{"type":"Polygon","coordinates":[[[153754.71,167411.77],[153759.27,167410.43],[153759.69,167411.88],[153760.09145471,167412.90079988],[153762.672,167420.815],[153757.464,167422.355],[153755.06659095,167413.83668743],[153754.71,167411.77]]]},"geometry_name":"GEOM","properties":{"INSPIRE_ID":"https://databrussels.be/id/building/1760985","BLOCK_ID":"https://databrussels.be/id/block/24420","AREA":57},"bbox":[153754.71,167410.43,153762.672,167422.355]},{"type":"Feature","id":"Buildings.fid--324554a4_1a031387ba0_25da","geometry":{"type":"Polygon","coordinates":[[[153627.854,167392.113],[153630.41848585,167389.54556863],[153636.04,167382.8],[153640.12,167386.33],[153634.5410406,167392.81911389],[153632.55000037,167395.0699997],[153631.834,167395.849],[153627.854,167392.113]]]},"geometry_name":"GEOM","properties":{"INSPIRE_ID":"https://databrussels.be/id/building/1760991","BLOCK_ID":"https://databrussels.be/id/block/26811","AREA":67},"bbox":[153627.854,167382.8,153640.12,167395.849]},{"type":"Feature","id":"Buildings.fid--324554a4_1a031387ba0_25f7","geometry":{"type":"Polygon","coordinates":[[[153526.93590178,167306.45313688],[153529.57,167302.83],[153531.19000018,167304.07000061],[153532.11251637,167304.78131439],[153541.715,167312.169],[153539.027,167315.534],[153526.93590178,167306.45313688]]]},"geometry_name":"GEOM","properties":{"INSPIRE_ID":"https://databrussels.be/id/building/1760993","BLOCK_ID":"https://databrussels.be/id/block/24180","AREA":67},"bbox":[153526.93590178,167302.83,153541.715,167315.534]},{"type":"Feature","id":"Buildings.fid--324554a4_1a031387ba0_2565","geometry":{"type":"Polygon","coordinates":[[[153608.4275,167415.2428],[153605.54,167417.47],[153604.4498,167418.3109],[153603.231,167419.251],[153602.34,167419.94],[153602.3248,167419.9515],[153602.209,167420.039],[153602.17,167420.07],[153598.7461,167422.7113],[153598.692,167422.753],[153594.85,167425.72],[153591.439,167421.529],[153595.171,167418.695],[153595.3602,167418.5513],[153596.8262,167417.4374],[153598.9594,167415.8166],[153599.122,167415.693],[153599.953,167415.062],[153600.451,167414.581],[153600.99,167414.06],[153605.0848,167410.8397],[153608.4275,167415.2428]]]},"geometry_name":"GEOM","properties":{"INSPIRE_ID":"https://databrussels.be/id/building/1760995","BLOCK_ID":"https://databrussels.be/id/block/26811","AREA":93},"bbox":[153591.439,167410.8397,153608.4275,167425.72]},{"type":"Feature","id":"Buildings.fid--324554a4_1a031387ba0_2549","geometry":{"type":"Polygon","coordinates":[[[153565.86,167461.91],[153568.46,167461],[153569.97,167465.32],[153572.32,167464.51],[153576.927,167477.739],[153571.931,167479.481],[153567.32,167466.13],[153565.86,167461.91]]]},"geometry_name":"GEOM","properties":{"INSPIRE_ID":"https://databrussels.be/id/building/1761010","BLOCK_ID":"https://databrussels.be/id/block/24596","AREA":87},"bbox":[153565.86,167461,153576.927,167479.481]},{"type":"Feature","id":"Buildings.fid--324554a4_1a031387ba0_2645","geometry":{"type":"Polygon","coordinates":[[[153631.839,167268.941],[153637.791,167273.539],[153637.531,167273.868],[153631.902,167281.11],[153624.441,167275.362],[153629.166,167269.322],[153630.627,167270.502],[153631.839,167268.941]]]},"geometry_name":"GEOM","properties":{"INSPIRE_ID":"https://databrussels.be/id/building/1761013","BLOCK_ID":"https://databrussels.be/id/block/24180","AREA":87},"bbox":[153624.441,167268.941,153637.791,167281.11]},{"type":"Feature","id":"Buildings.fid--324554a4_1a031387ba0_2427","geometry":{"type":"Polygon","coordinates":[[[153992.33,167279.71],[153992.13,167276.59],[153996.23,167276.34],[153996.0200005,167273.07999996],[153996.96,167273.01],[154000,167272.79],[154004.613,167272.462],[154005.121,167278.609],[154004.72,167278.63],[154000,167279.04],[153992.33,167279.71]]]},"geometry_name":"GEOM","properties":{"INSPIRE_ID":"https://databrussels.be/id/building/1761992","BLOCK_ID":"https://databrussels.be/id/block/26449","AREA":67},"bbox":[153992.13,167272.462,154005.121,167279.71]},{"type":"Feature","id":"Buildings.fid--324554a4_1a031387ba0_2673","geometry":{"type":"Polygon","coordinates":[[[153750.42999835,167226.86001167],[153756.527,167215.325],[153759.885,167217.108],[153754.96,167226.4],[153754.12,167227.91],[153753.38,167227.52],[153752.96,167228.27],[153750.42999835,167226.86001167]]]},"geometry_name":"GEOM","properties":{"INSPIRE_ID":"https://databrussels.be/id/building/1762136","BLOCK_ID":"https://databrussels.be/id/block/24635","AREA":49},"bbox":[153750.42999835,167215.325,153759.885,167228.27]},{"type":"Feature","id":"Buildings.fid--324554a4_1a031387ba0_2572","geometry":{"type":"Polygon","coordinates":[[[153583.24000041,167449.66999957],[153586.89024887,167447.01992497],[153593.283,167442.61],[153595.651,167445.639],[153589.14457358,167450.39273842],[153585.79999952,167452.86999995],[153583.24000041,167449.66999957]]]},"geometry_name":"GEOM","properties":{"INSPIRE_ID":"https://databrussels.be/id/building/1762137","BLOCK_ID":"https://databrussels.be/id/block/24596","AREA":49},"bbox":[153583.24000041,167442.61,153595.651,167452.86999995]},{"type":"Feature","id":"Buildings.fid--324554a4_1a031387ba0_2470","geometry":{"type":"Polygon","coordinates":[[[153935.4700003,167434.01999985],[153943.809,167426.773],[153946.62,167430.17],[153938.33999961,167437.36999997],[153938.2399997,167437.31000003],[153938.11999981,167437.39999973],[153935.4700003,167434.01999985]]]},"geometry_name":"GEOM","properties":{"INSPIRE_ID":"https://databrussels.be/id/building/1762138","BLOCK_ID":"https://databrussels.be/id/block/26220","AREA":49},"bbox":[153935.4700003,167426.773,153946.62,167437.39999973]},{"type":"Feature","id":"Buildings.fid--324554a4_1a031387ba0_23f1","geometry":{"type":"Polygon","coordinates":[[[153799.96,167252.16],[153805.533,167241.342],[153809.177,167243.277],[153803.67412418,167253.52607226],[153803.39702944,167254.02194487],[153799.96,167252.16]]]},"geometry_name":"GEOM","properties":{"INSPIRE_ID":"https://databrussels.be/id/building/1762139","BLOCK_ID":"https://databrussels.be/id/block/24635","AREA":49},"bbox":[153799.96,167241.342,153809.177,167254.02194487]},{"type":"Feature","id":"Buildings.fid--324554a4_1a031387ba0_256d","geometry":{"type":"Polygon","coordinates":[[[153575.77000031,167440.33999972],[153578.90330588,167437.03930544],[153584.421,167431.872],[153587.261,167435.313],[153581.82379128,167440.165881],[153579.16,167442.49],[153578.85,167442.75],[153577.24,167440.81],[153576.58,167441.35],[153575.77000031,167440.33999972]]]},"geometry_name":"GEOM","properties":{"INSPIRE_ID":"https://databrussels.be/id/building/1762144","BLOCK_ID":"https://databrussels.be/id/block/24596","AREA":49},"bbox":[153575.77000031,167431.872,153587.261,167442.75]},{"type":"Feature","id":"Buildings.fid--324554a4_1a031387ba0_2481","geometry":{"type":"Polygon","coordinates":[[[153903.484,167479.068],[153900.797,167476.386],[153902.51,167474.67],[153904.822,167472.205],[153906.43,167470.5],[153910.52,167474.38],[153910.3,167474.61],[153906.82,167478.25],[153905.654,167479.611],[153903.484,167479.068]]]},"geometry_name":"GEOM","properties":{"INSPIRE_ID":"https://databrussels.be/id/building/1762157","BLOCK_ID":"https://databrussels.be/id/block/26220","AREA":45},"bbox":[153900.797,167470.5,153910.52,167479.611]},{"type":"Feature","id":"Buildings.fid--324554a4_1a031387ba0_24ab","geometry":{"type":"MultiPolygon","coordinates":[[[[153831.85,167426.56000035],[153829.25,167417.83500036],[153833.937,167416.41500035],[153836.732,167425.33500035],[153834.72,167425.62000035],[153831.85,167426.56000035]]]]},"geometry_name":"GEOM","properties":{"INSPIRE_ID":"https://databrussels.be/id/building/1762158","BLOCK_ID":"https://databrussels.be/id/block/26220","AREA":45},"bbox":[153829.25,167416.41500035,153836.732,167426.56000035]},{"type":"Feature","id":"Buildings.fid--324554a4_1a031387ba0_2608","geometry":{"type":"Polygon","coordinates":[[[153532.006,167340.373],[153534.493,167337.292],[153540.7623806,167342.39363174],[153543.36,167344.36],[153541.71,167346.4],[153542.77,167347.26],[153542.03,167348.18],[153541.14,167347.49],[153538.22,167345.21],[153537.09,167344.33],[153532.006,167340.373]]]},"geometry_name":"GEOM","properties":{"INSPIRE_ID":"https://databrussels.be/id/building/1762159","BLOCK_ID":"https://databrussels.be/id/block/26811","AREA":45},"bbox":[153532.006,167337.292,153543.36,167348.18]},{"type":"Feature","id":"Buildings.fid--324554a4_1a031387ba0_23f4","geometry":{"type":"Polygon","coordinates":[[[153803.67412418,167253.52607226],[153809.177,167243.277],[153812.566,167245.076],[153808.42,167253.16],[153806.72289756,167256.70523729],[153805.55166457,167256.05820281],[153805.98280941,167255.2675545],[153803.39702944,167254.02194487],[153803.67412418,167253.52607226]]]},"geometry_name":"GEOM","properties":{"INSPIRE_ID":"https://databrussels.be/id/building/1762162","BLOCK_ID":"https://databrussels.be/id/block/24635","AREA":49},"bbox":[153803.39702944,167243.277,153812.566,167256.70523729]},{"type":"Feature","id":"Buildings.fid--324554a4_1a031387ba0_2684","geometry":{"type":"Polygon","coordinates":[[[153691.608,167166.843],[153695.39897079,167168.86978387],[153700.99318175,167158.16325171],[153699.65,167157.44],[153698.18,167160.17],[153695.67,167158.82],[153691.608,167166.843]]]},"geometry_name":"GEOM","properties":{"INSPIRE_ID":"https://databrussels.be/id/building/1762164","BLOCK_ID":"https://databrussels.be/id/block/26449","AREA":44},"bbox":[153691.608,167157.44,153700.99318175,167168.86978387]},{"type":"Feature","id":"Buildings.fid--324554a4_1a031387ba0_2575","geometry":{"type":"Polygon","coordinates":[[[153585.79999952,167452.86999995],[153589.14457358,167450.39273842],[153595.651,167445.639],[153597.987,167448.629],[153591.45999963,167453.35999993],[153590.64000042,167453.96000027],[153588.11999991,167455.78000039],[153585.79999952,167452.86999995]]]},"geometry_name":"GEOM","properties":{"INSPIRE_ID":"https://databrussels.be/id/building/1762166","BLOCK_ID":"https://databrussels.be/id/block/24596","AREA":46},"bbox":[153585.79999952,167445.639,153597.987,167455.78000039]},{"type":"Feature","id":"Buildings.fid--324554a4_1a031387ba0_2676","geometry":{"type":"Polygon","coordinates":[[[153761.12,167231.26],[153766.657,167220.703],[153770.138,167222.551],[153764.48,167233.01],[153761.12,167231.26]]]},"geometry_name":"GEOM","properties":{"INSPIRE_ID":"https://databrussels.be/id/building/1762167","BLOCK_ID":"https://databrussels.be/id/block/24635","AREA":46},"bbox":[153761.12,167220.703,153770.138,167233.01]},{"type":"Feature","id":"Buildings.fid--324554a4_1a031387ba0_2621","geometry":{"type":"Polygon","coordinates":[[[153592.03898115,167270.00021758],[153590.73375623,167271.73112819],[153586.54000037,167268.64000025],[153582.89999962,167265.95999956],[153584.26099978,167264.21200025],[153586.02900028,167261.83199976],[153591.55537658,167266.24328282],[153589.94573755,167268.38911531],[153592.03898115,167270.00021758]]]},"geometry_name":"GEOM","properties":{"INSPIRE_ID":"https://databrussels.be/id/building/1762169","BLOCK_ID":"https://databrussels.be/id/block/24180","AREA":41},"bbox":[153582.89999962,167261.83199976,153592.03898115,167271.73112819]},{"type":"Feature","id":"Buildings.fid--324554a4_1a031387ba0_2448","geometry":{"type":"Polygon","coordinates":[[[153909.51000012,167264.73000008],[153910.83815359,167262.11132332],[153912.5599998,167258.47000004],[153918.094,167261.195],[153914.477,167268.613],[153912.14,167267.47],[153912.71,167266.29],[153909.51000012,167264.73000008]]]},"geometry_name":"GEOM","properties":{"INSPIRE_ID":"https://databrussels.be/id/building/1762170","BLOCK_ID":"https://databrussels.be/id/block/26449","AREA":46},"bbox":[153909.51000012,167258.47000004,153918.094,167268.613]},{"type":"Feature","id":"Buildings.fid--324554a4_1a031387ba0_248f","geometry":{"type":"Polygon","coordinates":[[[153932.69,167489],[153933.27,167486.89],[153935.29,167487.44],[153935.91999975,167485.10000024],[153936.81,167485.34],[153944.644,167487.459],[153943.474,167491.839],[153935.18242796,167489.72533404],[153932.69,167489]]]},"geometry_name":"GEOM","properties":{"INSPIRE_ID":"https://databrussels.be/id/building/1762173","BLOCK_ID":"https://databrussels.be/id/block/26220","AREA":46},"bbox":[153932.69,167485.10000024,153944.644,167491.839]},{"type":"Feature","id":"Buildings.fid--324554a4_1a031387ba0_2453","geometry":{"type":"Polygon","coordinates":[[[153940.1,167315.93],[153937.94,167314.79],[153938.18,167314.33],[153945.53,167308.57],[153948.06,167305.92],[153951.86887738,167306.70474102],[153950.54,167307.75],[153941.23000033,167315.0600003],[153940.1,167315.93]]]},"geometry_name":"GEOM","properties":{"INSPIRE_ID":"https://databrussels.be/id/building/1762179","BLOCK_ID":"https://databrussels.be/id/block/24635","AREA":36},"bbox":[153937.94,167305.92,153951.86887738,167315.93]},{"type":"Feature","id":"Buildings.fid--324554a4_1a031387ba0_2491","geometry":{"type":"Polygon","coordinates":[[[153955.71,167491.93],[153954.935,167491.731],[153955.294,167490.372],[153956.067,167490.576],[153956.71,167488.14],[153964.78647649,167490.23032722],[153965.89,167490.59],[153965.27,167492.82],[153964.09,167492.5],[153963.65,167494.13],[153955.71,167491.93]]]},"geometry_name":"GEOM","properties":{"INSPIRE_ID":"https://databrussels.be/id/building/1762180","BLOCK_ID":"https://databrussels.be/id/block/24167","AREA":37},"bbox":[153954.935,167488.14,153965.89,167494.13]},{"type":"Feature","id":"Buildings.fid--324554a4_1a031387ba0_2493","geometry":{"type":"Polygon","coordinates":[[[153954.257,167497.278],[153955.71,167491.93],[153963.65,167494.13],[153964.22,167494.28],[153965.42,167494.62],[153963.95,167499.96],[153962.69764255,167499.67523012],[153954.81094944,167497.41558222],[153954.257,167497.278]]]},"geometry_name":"GEOM","properties":{"INSPIRE_ID":"https://databrussels.be/id/building/1762184","BLOCK_ID":"https://databrussels.be/id/block/24167","AREA":56},"bbox":[153954.257,167491.93,153965.42,167499.96]},{"type":"Feature","id":"Buildings.fid--324554a4_1a031387ba0_2440","geometry":{"type":"Polygon","coordinates":[[[153887.521,167268.976],[153890.97702965,167270.55585879],[153897.08273793,167258.15427377],[153893.61,167256.62],[153891.56131142,167261.0477903],[153887.521,167268.976]]]},"geometry_name":"GEOM","properties":{"INSPIRE_ID":"https://databrussels.be/id/building/1762187","BLOCK_ID":"https://databrussels.be/id/block/26449","AREA":52},"bbox":[153887.521,167256.62,153897.08273793,167270.55585879]},{"type":"Feature","id":"Buildings.fid--324554a4_1a031387ba0_25d4","geometry":{"type":"Polygon","coordinates":[[[153652.74,167380.4],[153654.90039409,167377.39818872],[153656.54,167375.12],[153663.14,167379.52],[153660.39,167385.58],[153652.74,167380.4]]]},"geometry_name":"GEOM","properties":{"INSPIRE_ID":"https://databrussels.be/id/building/1762190","BLOCK_ID":"https://databrussels.be/id/block/24180","AREA":56},"bbox":[153652.74,167375.12,153663.14,167385.58]},{"type":"Feature","id":"Buildings.fid--324554a4_1a031387ba0_26b5","geometry":{"type":"MultiPolygon","coordinates":[[[[153495.788,167062.81700035],[153500.5019,167053.53800035],[153502.9262,167049.00050035],[153505.9602,167043.04370035],[153510.94,167045.60000036],[153508.8627,167049.61370035],[153505.439,167056.22900035],[153500.593,167065.36700035],[153495.788,167062.81700035]]]]},"geometry_name":"GEOM","properties":{"INSPIRE_ID":"https://databrussels.be/id/building/1762192","BLOCK_ID":"https://databrussels.be/id/block/26197","AREA":124},"bbox":[153495.788,167043.04370035,153510.94,167065.36700035]},{"type":"Feature","id":"Buildings.fid--324554a4_1a031387ba0_24f8","geometry":{"type":"Polygon","coordinates":[[[153784.523,167431.413],[153789.733,167429.824],[153793.49000021,167443.04999964],[153788.3808908,167444.58303234],[153784.523,167431.413]]]},"geometry_name":"GEOM","properties":{"INSPIRE_ID":"https://databrussels.be/id/building/1763074","BLOCK_ID":"https://databrussels.be/id/block/26220","AREA":74},"bbox":[153784.523,167429.824,153793.49000021,167444.58303234]},{"type":"Feature","id":"Buildings.fid--324554a4_1a031387ba0_24a5","geometry":{"type":"Polygon","coordinates":[[[153868.64,167405.906],[153873.461,167404.446],[153876.80918504,167414.35605743],[153877.8,167418.63],[153875.91,167419.17],[153877.28,167423.43],[153874.72,167424.17],[153876.26,167428.97],[153874.14,167429.91],[153872.14,167422.98],[153873.74,167422.46],[153873.0700001,167420.13999977],[153871.66210538,167415.8255306],[153868.64,167405.906]]]},"geometry_name":"GEOM","properties":{"INSPIRE_ID":"https://databrussels.be/id/building/1763084","BLOCK_ID":"https://databrussels.be/id/block/26220","AREA":105},"bbox":[153868.64,167404.446,153877.8,167429.91]},{"type":"Feature","id":"Buildings.fid--324554a4_1a031387ba0_2424","geometry":{"type":"Polygon","coordinates":[[[153991.22,167258.64],[153993.52,167258.56],[154000,167258.33],[154003.55,167258.2],[154003.59,167258.799],[154004.388,167258.746],[154004.699,167263.441],[154003.901,167263.494],[154004.02,167265.29],[154000,167265.54],[153992.89,167265.98],[153991.81,167266.04],[153990.74,167266.07],[153990.67,167262.42],[153991.04,167262.41],[153990.96,167258.64],[153991.22,167258.64]]]},"geometry_name":"GEOM","properties":{"INSPIRE_ID":"https://databrussels.be/id/building/1763236","BLOCK_ID":"https://databrussels.be/id/block/26449","AREA":98},"bbox":[153990.67,167258.2,154004.699,167266.07]},{"type":"Feature","id":"Buildings.fid--324554a4_1a031387ba0_24e6","geometry":{"type":"Polygon","coordinates":[[[153705.042,167405.819],[153708.61,167397.59],[153710.04,167394.52],[153720.43,167399.36],[153715.506,167410.548],[153705.042,167405.819]]]},"geometry_name":"GEOM","properties":{"INSPIRE_ID":"https://databrussels.be/id/building/1763325","BLOCK_ID":"https://databrussels.be/id/block/24420","AREA":141},"bbox":[153705.042,167394.52,153720.43,167410.548]},{"type":"Feature","id":"Buildings.fid--324554a4_1a031387ba0_2552","geometry":{"type":"Polygon","coordinates":[[[153591.53999999,167460.0499995],[153593.93000048,167458.27000002],[153601.251,167452.805],[153610.134,167464.169],[153609.431,167466.405],[153599.416,167469.897],[153593.81000015,167462.89000008],[153591.53999999,167460.0499995]]]},"geometry_name":"GEOM","properties":{"INSPIRE_ID":"https://databrussels.be/id/building/1763335","BLOCK_ID":"https://databrussels.be/id/block/24596","AREA":173},"bbox":[153591.53999999,167452.805,153610.134,167469.897]},{"type":"Feature","id":"Buildings.fid--324554a4_1a031387ba0_2697","geometry":{"type":"Polygon","coordinates":[[[153754.659,167200.722],[153758.128,167194.013],[153759.13505365,167192.04226197],[153759.609,167191.144],[153767.33,167176.19],[153771.22,167178.15],[153770.61,167179.35],[153769.92,167179],[153768.85,167181.12],[153769.57,167181.48],[153768.54,167183.43],[153768.81,167183.6],[153767.26,167186.51],[153769.46,167187.61],[153768.98171658,167188.56581086],[153769.32688678,167188.7498845],[153767.07945401,167193.00015646],[153765.88284435,167195.15180085],[153765.57403912,167195.70706884],[153760.932,167204.054],[153754.659,167200.722]]]},"geometry_name":"GEOM","properties":{"INSPIRE_ID":"https://databrussels.be/id/building/1763338","BLOCK_ID":"https://databrussels.be/id/block/26449","AREA":175},"bbox":[153754.659,167176.19,153771.22,167204.054]},{"type":"Feature","id":"Buildings.fid--324554a4_1a031387ba0_24ff","geometry":{"type":"MultiPolygon","coordinates":[[[[153738.07,167459.65000035],[153740.5,167467.86000035],[153734.42,167468.01000035],[153732.106,167460.40300035],[153731.143,167457.20600035],[153728.515,167448.47100035],[153734.24,167446.73300035],[153737.14,167456.50000035],[153738.07,167459.65000035]]]]},"geometry_name":"GEOM","properties":{"INSPIRE_ID":"https://databrussels.be/id/building/1763347","BLOCK_ID":"https://databrussels.be/id/block/26220","AREA":126},"bbox":[153728.515,167446.73300035,153740.5,167468.01000035]},{"type":"Feature","id":"Buildings.fid--324554a4_1a031387ba0_24e0","geometry":{"type":"Polygon","coordinates":[[[153843.47904032,167469.48269139],[153840.11213217,167468.57888016],[153840.58537366,167466.62721934],[153843.942138,167467.36691154],[153843.47904032,167469.48269139]]]},"geometry_name":"GEOM","properties":{"INSPIRE_ID":"https://databrussels.be/id/building/1763348","BLOCK_ID":"https://databrussels.be/id/block/26220","AREA":7},"bbox":[153840.11213217,167466.62721934,153843.942138,167469.48269139]},{"type":"Feature","id":"Buildings.fid--324554a4_1a031387ba0_246b","geometry":{"type":"Polygon","coordinates":[[[153905.63,167398.3],[153913.73,167395.75],[153916.76000027,167406.00999968],[153918.79442897,167413.45230455],[153913.52967393,167414.90148129],[153912.66,167411.69],[153909.94,167412.49],[153908.67220329,167408.25216534],[153905.63,167398.3]]]},"geometry_name":"GEOM","properties":{"INSPIRE_ID":"https://databrussels.be/id/building/1763359","BLOCK_ID":"https://databrussels.be/id/block/26220","AREA":144},"bbox":[153905.63,167395.75,153918.79442897,167414.90148129]},{"type":"Feature","id":"Buildings.fid--324554a4_1a031387ba0_25c8","geometry":{"type":"Polygon","coordinates":[[[153677.61,167320.54],[153681.2772,167323.6157],[153688.906,167330.35],[153688.306,167331.021],[153688.491,167331.79],[153687.558,167332.834],[153686.774,167332.736],[153684.847,167334.892],[153683.88618217,167335.88631138],[153676.78600874,167329.64569984],[153675.83724673,167330.78372258],[153672.18975443,167327.61749096],[153671.6870395,167327.10897851],[153673.37470451,167325.27787337],[153672.41214538,167324.3879865],[153674.99595953,167321.71219539],[153675.88,167322.56],[153677.61,167320.54]]]},"geometry_name":"GEOM","properties":{"INSPIRE_ID":"https://databrussels.be/id/building/1763371","BLOCK_ID":"https://databrussels.be/id/block/24180","AREA":126},"bbox":[153671.6870395,167320.54,153688.906,167335.88631138]},{"type":"Feature","id":"Buildings.fid--324554a4_1a031387ba0_26b6","geometry":{"type":"MultiPolygon","coordinates":[[[[153512.4373,167051.51110036],[153510.3714,167055.40320035],[153509.5606,167056.00300035],[153509.0392,167056.98540035],[153510.5457,167057.78500035],[153509.74,167059.37000036],[153509.64,167059.55000036],[153505.416,167067.92700036],[153500.593,167065.36700035],[153505.439,167056.22900035],[153508.8627,167049.61370035],[153512.4373,167051.51110036]]]]},"geometry_name":"GEOM","properties":{"INSPIRE_ID":"https://databrussels.be/id/building/1763377","BLOCK_ID":"https://databrussels.be/id/block/26197","AREA":86},"bbox":[153500.593,167049.61370035,153512.4373,167067.92700036]},{"type":"Feature","id":"Buildings.fid--324554a4_1a031387ba0_23fb","geometry":{"type":"Polygon","coordinates":[[[153816.643,167233.593],[153820.75590635,167226.56841943],[153821.78,167223.88],[153823.15,167221.3],[153828.4,167224.1],[153826.44,167227.77],[153828.48,167228.86],[153828.71,167228.98],[153824.125,167237.556],[153816.643,167233.593]]]},"geometry_name":"GEOM","properties":{"INSPIRE_ID":"https://databrussels.be/id/building/1764237","BLOCK_ID":"https://databrussels.be/id/block/26449","AREA":105},"bbox":[153816.643,167221.3,153828.71,167237.556]},{"type":"Feature","id":"Buildings.fid--324554a4_1a031387ba0_248d","geometry":{"type":"Polygon","coordinates":[[[153956.71,167488.14],[153957.69,167484.43],[153965.71,167486.49],[153965.24,167488.24],[153966.44,167488.57],[153965.89,167490.59],[153964.78647649,167490.23032722],[153956.71,167488.14]]]},"geometry_name":"GEOM","properties":{"INSPIRE_ID":"https://databrussels.be/id/building/1764238","BLOCK_ID":"https://databrussels.be/id/block/24167","AREA":34},"bbox":[153956.71,167484.43,153966.44,167490.59]},{"type":"Feature","id":"Buildings.fid--324554a4_1a031387ba0_2642","geometry":{"type":"Polygon","coordinates":[[[153678.70091398,167265.29735903],[153681.33675158,167267.71494265],[153676.73748923,167272.59688735],[153676.55134594,167272.43731062],[153675.3810672,167273.63327971],[153672.75974321,167271.01492586],[153673.9008291,167269.99434074],[153673.4039006,167269.37320851],[153676.26917303,167266.32756601],[153676.99484934,167267.0345794],[153678.70091398,167265.29735903]]]},"geometry_name":"GEOM","properties":{"INSPIRE_ID":"https://databrussels.be/id/building/1764239","BLOCK_ID":"https://databrussels.be/id/block/24180","AREA":34},"bbox":[153672.75974321,167265.29735903,153681.33675158,167273.63327971]},{"type":"Feature","id":"Buildings.fid--324554a4_1a031387ba0_2483","geometry":{"type":"Polygon","coordinates":[[[153959.022,167476.239],[153959.349,167474.999],[153960.122,167475.203],[153960.81,167472.61],[153968.86,167474.84],[153967.802,167478.761],[153959.022,167476.239]]]},"geometry_name":"GEOM","properties":{"INSPIRE_ID":"https://databrussels.be/id/building/1764240","BLOCK_ID":"https://databrussels.be/id/block/24167","AREA":35},"bbox":[153959.022,167472.61,153968.86,167478.761]},{"type":"Feature","id":"Buildings.fid--324554a4_1a031387ba0_2434","geometry":{"type":"Polygon","coordinates":[[[153983.2,167495.25084244],[153982.9806,167495.35934244],[153982.927,167495.38584244],[153982.9085,167495.39504244],[153979.7687,167496.95384244],[153979.676,167496.99984244],[153979.6555,167497.01004244],[153976.4504,167498.60114244],[153976.34539999,167498.65324244],[153975.3325,167499.15604244],[153973.5327,167495.59404244],[153974.58399999,167495.20684244],[153974.7038,167495.14404244],[153977.98539999,167493.42424244],[153978.03,167493.40084244],[153981.1211,167491.78214244],[153981.40999999,167491.63084244],[153982.08299999,167491.29984244],[153982.96999999,167493.09284244],[153982.29599999,167493.42384244],[153983.2,167495.25084244]]]},"geometry_name":"GEOM","properties":{"INSPIRE_ID":"https://databrussels.be/id/building/1764242","BLOCK_ID":"https://databrussels.be/id/block/24167","AREA":36},"bbox":[153973.5327,167491.29984244,153983.2,167499.15604244]},{"type":"Feature","id":"Buildings.fid--324554a4_1a031387ba0_2533","geometry":{"type":"Polygon","coordinates":[[[153757.566,167495.395],[153760.09,167486.09],[153761.01,167482.67],[153765.04,167483.75],[153761.647,167496.497],[153757.566,167495.395]]]},"geometry_name":"GEOM","properties":{"INSPIRE_ID":"https://databrussels.be/id/building/1764246","BLOCK_ID":"https://databrussels.be/id/block/26220","AREA":55},"bbox":[153757.566,167482.67,153765.04,167496.497]},{"type":"Feature","id":"Buildings.fid--324554a4_1a031387ba0_2604","geometry":{"type":"Polygon","coordinates":[[[153577.1795,167335.0395],[153575.8309,167336.5204],[153572.89,167339.7483],[153572.871,167339.771],[153572.8627,167339.7807],[153572.8384,167339.8093],[153570.8974,167342.0989],[153569.5171,167343.7271],[153568.48,167342.79],[153568.3251,167342.6308],[153568.9965,167341.8598],[153567.2046,167340.3486],[153567.52,167339.98],[153568.2018,167339.3018],[153568.305,167339.199],[153569.9876,167337.3376],[153570.029,167337.291],[153570.6396,167336.6097],[153572.9551,167334.0251],[153573.489,167333.429],[153574.3019,167332.5219],[153575.87,167330.772],[153578.773,167333.291],[153577.1795,167335.0395]]]},"geometry_name":"GEOM","properties":{"INSPIRE_ID":"https://databrussels.be/id/building/1764248","BLOCK_ID":"https://databrussels.be/id/block/26811","AREA":51},"bbox":[153567.2046,167330.772,153578.773,167343.7271]},{"type":"Feature","id":"Buildings.fid--324554a4_1a031387ba0_2515","geometry":{"type":"Polygon","coordinates":[[[153750.76,167315.54],[153740.04,167322.98],[153738.25,167324.19],[153749.71505658,167341.20832665],[153757.67361048,167353.02172409],[153768.95,167369.76],[153770.75,167368.54],[153773.21,167372.45],[153773.58999988,167372.36999992],[153777.13999985,167369.85000011],[153779.94000053,167374.00000011],[153781.53,167372.9],[153789.18,167367.68],[153783.71,167359.52],[153781.65,167360.77],[153770.06,167343.67],[153805.53789955,167319.67317058],[153798.45674775,167309.00961704],[153762.65,167333.16],[153750.76,167315.54]]]},"geometry_name":"GEOM","properties":{"INSPIRE_ID":"https://databrussels.be/id/building/1764253","BLOCK_ID":"https://databrussels.be/id/block/24420","AREA":1528},"bbox":[153738.25,167309.00961704,153805.53789955,167374.00000011]},{"type":"Feature","id":"Buildings.fid--324554a4_1a031387ba0_249c","geometry":{"type":"Polygon","coordinates":[[[153860.59,167375.93],[153863.347,167375.167],[153864.248,167378.17],[153866.62,167377.46],[153867.73537493,167380.48056723],[153870.068,167388.658],[153864.698,167390.275],[153862.38209939,167382.1879517],[153860.59,167375.93]]]},"geometry_name":"GEOM","properties":{"INSPIRE_ID":"https://databrussels.be/id/building/1764263","BLOCK_ID":"https://databrussels.be/id/block/24420","AREA":75},"bbox":[153860.59,167375.167,153870.068,167390.275]},{"type":"Feature","id":"Buildings.fid--324554a4_1a031387ba0_24ae","geometry":{"type":"Polygon","coordinates":[[[153814.124,167422.415],[153819.42,167439.11],[153823.57105968,167437.7008269],[153818.47309686,167421.09893632],[153814.124,167422.415]]]},"geometry_name":"GEOM","properties":{"INSPIRE_ID":"https://databrussels.be/id/building/1764265","BLOCK_ID":"https://databrussels.be/id/block/26220","AREA":78},"bbox":[153814.124,167421.09893632,153823.57105968,167439.11]},{"type":"Feature","id":"Buildings.fid--324554a4_1a031387ba0_248c","geometry":{"type":"Polygon","coordinates":[[[153930.772,167488.48],[153931.946,167484.036],[153933.396,167484.42],[153935.47,167484.97],[153935.91999975,167485.10000024],[153935.29,167487.44],[153933.27,167486.89],[153932.69,167489],[153930.772,167488.48]]]},"geometry_name":"GEOM","properties":{"INSPIRE_ID":"https://databrussels.be/id/building/1764493","BLOCK_ID":"https://databrussels.be/id/block/26220","AREA":14},"bbox":[153930.772,167484.036,153935.91999975,167489]},{"type":"Feature","id":"Buildings.fid--324554a4_1a031387ba0_263f","geometry":{"type":"Polygon","coordinates":[[[153689.88304877,167254.9165735],[153691.4431306,167254.44913477],[153692.99244081,167255.29684932],[153693.3660309,167256.66942513],[153692.85941077,167258.31772152],[153691.16417364,167258.96293647],[153690.21727385,167258.75968292],[153689.30412874,167258.0121314],[153688.89238545,167256.50630028],[153689.88304877,167254.9165735]]]},"geometry_name":"GEOM","properties":{"INSPIRE_ID":"https://databrussels.be/id/building/1764496","BLOCK_ID":"https://databrussels.be/id/block/24180","AREA":15},"bbox":[153688.89238545,167254.44913477,153693.3660309,167258.96293647]},{"type":"Feature","id":"Buildings.fid--324554a4_1a031387ba0_2646","geometry":{"type":"Polygon","coordinates":[[[153685.7029997,167280.22900022],[153691.06018971,167287.37158978],[153681.75286881,167294.34996135],[153673.70748843,167283.66454648],[153680.87990385,167278.19816102],[153683.58618253,167281.80966358],[153685.7029997,167280.22900022]]]},"geometry_name":"GEOM","properties":{"INSPIRE_ID":"https://databrussels.be/id/building/1764512","BLOCK_ID":"https://databrussels.be/id/block/24180","AREA":144},"bbox":[153673.70748843,167278.19816102,153691.06018971,167294.34996135]},{"type":"Feature","id":"Buildings.fid--324554a4_1a031387ba0_25e3","geometry":{"type":"Polygon","coordinates":[[[153506.66,167299.69],[153508.63,167297.26],[153508.98576462,167296.97465992],[153510.33,167297.83],[153511.35,167298.66],[153510.61,167299.7],[153509.62,167299],[153508.95,167299.95],[153509.86,167300.6],[153509.04,167301.62],[153506.66,167299.69]]]},"geometry_name":"GEOM","properties":{"INSPIRE_ID":"https://databrussels.be/id/building/1764514","BLOCK_ID":"https://databrussels.be/id/block/24180","AREA":10},"bbox":[153506.66,167296.97465992,153511.35,167301.62]},{"type":"Feature","id":"Buildings.fid--324554a4_1a031387ba0_2407","geometry":{"type":"Polygon","coordinates":[[[153870.3465,167217.52180035],[153868.4345,167221.19020035],[153864.3591,167219.06600035],[153866.2711,167215.39770035],[153870.3465,167217.52180035]]]},"geometry_name":"GEOM","properties":{"INSPIRE_ID":"https://databrussels.be/id/building/1764519","BLOCK_ID":"https://databrussels.be/id/block/26449","AREA":19},"bbox":[153864.3591,167215.39770035,153870.3465,167221.19020035]},{"type":"Feature","id":"Buildings.fid--324554a4_1a031387ba0_254b","geometry":{"type":"Polygon","coordinates":[[[153570.81,167460.19],[153573.27,167459.33],[153573.48,167459.25],[153573.7,167459.17],[153573.92,167459.1],[153574.47,167459.04],[153575.04,167459.08],[153575.55,167459.25],[153575.83,167459.44],[153576.09,167459.68],[153576.31,167459.95],[153576.54,167460.4],[153578.65405145,167466.34315086],[153581.94609306,167475.98926731],[153576.927,167477.739],[153572.32,167464.51],[153570.81,167460.19]]]},"geometry_name":"GEOM","properties":{"INSPIRE_ID":"https://databrussels.be/id/building/1764525","BLOCK_ID":"https://databrussels.be/id/block/24596","AREA":98},"bbox":[153570.81,167459.04,153581.94609306,167477.739]},{"type":"Feature","id":"Buildings.fid--324554a4_1a031387ba0_269e","geometry":{"type":"Polygon","coordinates":[[[153618.17,167157.04],[153624.404,167144.751],[153629.577,167147.528],[153622.65,167160.37],[153621.37,167162.85],[153616.47,167160.31],[153618.17,167157.04]]]},"geometry_name":"GEOM","properties":{"INSPIRE_ID":"https://databrussels.be/id/building/1764526","BLOCK_ID":"https://databrussels.be/id/block/24635","AREA":99},"bbox":[153616.47,167144.751,153629.577,167162.85]},{"type":"Feature","id":"Buildings.fid--324554a4_1a031387ba0_261e","geometry":{"type":"Polygon","coordinates":[[[153545.447,167263.401],[153544.88015403,167262.96761705],[153548.76131798,167257.92285409],[153549.902,167258.794],[153550.879,167259.556],[153551.046,167259.342],[153560.958,167267.042],[153558.617,167270.055],[153557.887,167269.488],[153556.06630458,167271.83138954],[153546.95798113,167264.6005286],[153545.447,167263.401]]]},"geometry_name":"GEOM","properties":{"INSPIRE_ID":"https://databrussels.be/id/building/1764527","BLOCK_ID":"https://databrussels.be/id/block/24180","AREA":99},"bbox":[153544.88015403,167257.92285409,153560.958,167271.83138954]},{"type":"Feature","id":"Buildings.fid--324554a4_1a031387ba0_24d6","geometry":{"type":"Polygon","coordinates":[[[153807.609,167508.859],[153811.14389974,167496.05741299],[153811.26566528,167495.46758688],[153813.6,167486.56],[153817.51,167487.65],[153816.67,167490.65],[153815.47,167494.96],[153811.409,167509.885],[153807.609,167508.859]]]},"geometry_name":"GEOM","properties":{"INSPIRE_ID":"https://databrussels.be/id/building/1764534","BLOCK_ID":"https://databrussels.be/id/block/26220","AREA":91},"bbox":[153807.609,167486.56,153817.51,167509.885]},{"type":"Feature","id":"Buildings.fid--324554a4_1a031387ba0_26de","geometry":{"type":"Polygon","coordinates":[[[153644.51,167118.93],[153643.27326251,167121.28560893],[153642.70254282,167122.38282219],[153635.238,167136.881],[153629.762,167133.972],[153634.81,167124.88],[153636.13,167125.54],[153639.21084225,167119.35424643],[153642.47941118,167113.0395233],[153646.50582286,167114.94385224],[153645.92,167116.1],[153644.51,167118.93]]]},"geometry_name":"GEOM","properties":{"INSPIRE_ID":"https://databrussels.be/id/building/1764537","BLOCK_ID":"https://databrussels.be/id/block/26449","AREA":126},"bbox":[153629.762,167113.0395233,153646.50582286,167136.881]},{"type":"Feature","id":"Buildings.fid--324554a4_1a031387ba0_2530","geometry":{"type":"Polygon","coordinates":[[[153750.18764519,167483.45304824],[153750.05027857,167483.9256857],[153747.646,167492.715],[153741.522,167491.061],[153744.06,167481.89],[153744.1141682,167481.67332719],[153750.18764519,167483.45304824]]]},"geometry_name":"GEOM","properties":{"INSPIRE_ID":"https://databrussels.be/id/building/1764539","BLOCK_ID":"https://databrussels.be/id/block/26220","AREA":61},"bbox":[153741.522,167481.67332719,153750.18764519,167492.715]},{"type":"Feature","id":"Buildings.fid--324554a4_1a031387ba0_2536","geometry":{"type":"Polygon","coordinates":[[[153770.98021064,167482.43373482],[153772.52877657,167482.86457341],[153772.15802284,167484.29261007],[153773.31900521,167484.64564088],[153772.94,167486.15],[153776.32,167487.05],[153775.52,167489.76],[153772.651,167499.47],[153766.864,167497.907],[153770.62,167483.82],[153770.98021064,167482.43373482]]]},"geometry_name":"GEOM","properties":{"INSPIRE_ID":"https://databrussels.be/id/building/1764542","BLOCK_ID":"https://databrussels.be/id/block/26220","AREA":87},"bbox":[153766.864,167482.43373482,153776.32,167499.47]},{"type":"Feature","id":"Buildings.fid--324554a4_1a031387ba0_25f4","geometry":{"type":"Polygon","coordinates":[[[153575.64,167307.85],[153580.99878829,167300.72555805],[153582.58701745,167298.48667578],[153583.93,167296.88],[153585.71,167294.6],[153586.85,167295.54],[153586.22,167296.36],[153589.73,167299.03],[153589.08,167299.91],[153585.63,167304.53],[153580.46,167311.45],[153575.64,167307.85]]]},"geometry_name":"GEOM","properties":{"INSPIRE_ID":"https://databrussels.be/id/building/1764547","BLOCK_ID":"https://databrussels.be/id/block/24180","AREA":95},"bbox":[153575.64,167294.6,153589.73,167311.45]},{"type":"Feature","id":"Buildings.fid--324554a4_1a031387ba0_2463","geometry":{"type":"Polygon","coordinates":[[[153938.24876507,167347.50022634],[153937.95,167346.6],[153941.67,167345.37],[153943.39,167350.58],[153946.17,167349.66],[153947.35000016,167353.24000032],[153948.50999997,167356.77999953],[153951.29,167365.21],[153947.36,167366.42],[153944.91000052,167359.04999958],[153942.58999963,167352.10999948],[153939.9799997,167352.97999994],[153938.24876507,167347.50022634]]]},"geometry_name":"GEOM","properties":{"INSPIRE_ID":"https://databrussels.be/id/building/1765406","BLOCK_ID":"https://databrussels.be/id/block/24635","AREA":92},"bbox":[153937.95,167345.37,153951.29,167366.42]},{"type":"Feature","id":"Buildings.fid--324554a4_1a031387ba0_258b","geometry":{"type":"Polygon","coordinates":[[[153660.93,167429.62],[153662.501,167429.343],[153663.131,167432.763],[153664.059,167433.757],[153664.14173489,167434.10244936],[153667.50295211,167433.06821783],[153668.08000023,167434.81999981],[153671.886,167447.806],[153666.643,167449.372],[153662.60999987,167435.99999996],[153661.55,167431.64],[153660.93,167429.62]]]},"geometry_name":"GEOM","properties":{"INSPIRE_ID":"https://databrussels.be/id/building/1765407","BLOCK_ID":"https://databrussels.be/id/block/26811","AREA":92},"bbox":[153660.93,167429.343,153671.886,167449.372]},{"type":"Feature","id":"Buildings.fid--324554a4_1a031387ba0_25d9","geometry":{"type":"Polygon","coordinates":[[[153684.068,167396.341],[153679.412,167394.237],[153678.74,167392.47],[153684.13,167380.73],[153690.18,167383.52],[153689.04,167386.04],[153688.52672945,167387.02190887],[153688.18577823,167387.7345235],[153684.068,167396.341]]]},"geometry_name":"GEOM","properties":{"INSPIRE_ID":"https://databrussels.be/id/building/1765409","BLOCK_ID":"https://databrussels.be/id/block/24420","AREA":93},"bbox":[153678.74,167380.73,153690.18,167396.341]},{"type":"Feature","id":"Buildings.fid--324554a4_1a031387ba0_256a","geometry":{"type":"Polygon","coordinates":[[[153515.4000001,167429.22999991],[153522.73,167422.71],[153523.56,167423.86],[153525.49,167428.79],[153539.7164522,167466.57523849],[153535.35,167468.38],[153530.96,167470.06],[153521.31989667,167445.28680445],[153515.4000001,167429.22999991]]]},"geometry_name":"GEOM","properties":{"INSPIRE_ID":"https://databrussels.be/id/building/1765414","BLOCK_ID":"https://databrussels.be/id/block/24596","AREA":436},"bbox":[153515.4000001,167422.71,153539.7164522,167470.06]},{"type":"Feature","id":"Buildings.fid--324554a4_1a031387ba0_2671","geometry":{"type":"Polygon","coordinates":[[[153743.02999899,167223.65001035],[153749.534,167211.612],[153753.05,167213.479],[153748.10000042,167222.88999925],[153746.59227122,167225.68221721],[153743.02999899,167223.65001035]]]},"geometry_name":"GEOM","properties":{"INSPIRE_ID":"https://databrussels.be/id/building/1765427","BLOCK_ID":"https://databrussels.be/id/block/24635","AREA":56},"bbox":[153743.02999899,167211.612,153753.05,167225.68221721]},{"type":"Feature","id":"Buildings.fid--324554a4_1a031387ba0_245b","geometry":{"type":"Polygon","coordinates":[[[153956.591,167286.276],[153958.05865086,167277.33592105],[153959.76,167272.85],[153960.97,167269.62],[153964.23,167271.07],[153962.98,167274.41],[153965.02,167275.18],[153964.00416847,167278.05119629],[153962.623,167287.121],[153956.591,167286.276]]]},"geometry_name":"GEOM","properties":{"INSPIRE_ID":"https://databrussels.be/id/building/1765431","BLOCK_ID":"https://databrussels.be/id/block/26449","AREA":90},"bbox":[153956.591,167269.62,153965.02,167287.121]},{"type":"Feature","id":"Buildings.fid--324554a4_1a031387ba0_2580","geometry":{"type":"Polygon","coordinates":[[[153629.23,167415.55],[153633.35,167419.24],[153629.08,167422.64],[153624.85,167417.76],[153628.46,167414.9],[153629.23,167415.55]]]},"geometry_name":"GEOM","properties":{"INSPIRE_ID":"https://databrussels.be/id/building/1765454","BLOCK_ID":"https://databrussels.be/id/block/26811","AREA":33},"bbox":[153624.85,167414.9,153633.35,167422.64]},{"type":"Feature","id":"Buildings.fid--324554a4_1a031387ba0_251e","geometry":{"type":"Polygon","coordinates":[[[153796.48826297,167392.10392143],[153802.263,167390.316],[153803.28,167393.79],[153797.52919225,167395.5877015],[153796.48826297,167392.10392143]]]},"geometry_name":"GEOM","properties":{"INSPIRE_ID":"https://databrussels.be/id/building/1765463","BLOCK_ID":"https://databrussels.be/id/block/24420","AREA":22},"bbox":[153796.48826297,167390.316,153803.28,167395.5877015]},{"type":"Feature","id":"Buildings.fid--324554a4_1a031387ba0_26bf","geometry":{"type":"Polygon","coordinates":[[[153544.34,167178.56],[153546.01,167174.84],[153550.98000003,167177.53999953],[153549.09,167181.14],[153544.34,167178.56]]]},"geometry_name":"GEOM","properties":{"INSPIRE_ID":"https://databrussels.be/id/building/1765465","BLOCK_ID":"https://databrussels.be/id/block/24635","AREA":22},"bbox":[153544.34,167174.84,153550.98000003,167181.14]},{"type":"Feature","id":"Buildings.fid--324554a4_1a031387ba0_2587","geometry":{"type":"Polygon","coordinates":[[[153664.64,167424.1],[153667.18,167424.15],[153670.60606074,167423.95134875],[153670.79948941,167424.61619644],[153671.41000038,167427.05000032],[153665.96999957,167428.73000036],[153664.64,167424.1]]]},"geometry_name":"GEOM","properties":{"INSPIRE_ID":"https://databrussels.be/id/building/1765466","BLOCK_ID":"https://databrussels.be/id/block/26811","AREA":23},"bbox":[153664.64,167423.95134875,153671.41000038,167428.73000036]},{"type":"Feature","id":"Buildings.fid--324554a4_1a031387ba0_24ce","geometry":{"type":"Polygon","coordinates":[[[153774.22474721,167471.09276282],[153775.16,167467.67],[153781.63160455,167467.35485542],[153780.63084267,167471.06747181],[153774.22474721,167471.09276282]]]},"geometry_name":"GEOM","properties":{"INSPIRE_ID":"https://databrussels.be/id/building/1765467","BLOCK_ID":"https://databrussels.be/id/block/26220","AREA":23},"bbox":[153774.22474721,167467.35485542,153781.63160455,167471.09276282]},{"type":"Feature","id":"Buildings.fid--324554a4_1a031387ba0_243b","geometry":{"type":"Polygon","coordinates":[[[153989.35,167366.79],[153996.44,167364.54],[153998.77,167372.21],[153999.801,167375.604],[154000,167376.25],[154000.46,167377.78],[154002,167377.31],[154004.82,167386.79],[154001.42,167387.8],[154002.22,167390.52],[154000,167391.18],[153996.88,167392.11],[153993.35309148,167380.13366161],[153991.86583912,167375.17614567],[153989.35,167366.79]]]},"geometry_name":"GEOM","properties":{"INSPIRE_ID":"https://databrussels.be/id/building/1765552","BLOCK_ID":"https://databrussels.be/id/block/25971","AREA":208},"bbox":[153989.35,167364.54,154004.82,167392.11]},{"type":"Feature","id":"Buildings.fid--324554a4_1a031387ba0_2550","geometry":{"type":"Polygon","coordinates":[[[153590.391,167473.044],[153587.15727737,167463.37728],[153586.29866653,167460.36947855],[153590.57999993,167458.85999976],[153591.53999999,167460.0499995],[153593.81000015,167462.89000008],[153599.416,167469.897],[153590.391,167473.044]]]},"geometry_name":"GEOM","properties":{"INSPIRE_ID":"https://databrussels.be/id/building/1765705","BLOCK_ID":"https://databrussels.be/id/block/24596","AREA":95},"bbox":[153586.29866653,167458.85999976,153599.416,167473.044]},{"type":"Feature","id":"Buildings.fid--324554a4_1a031387ba0_249f","geometry":{"type":"Polygon","coordinates":[[[153838.58,167385.85],[153841.16,167385.04],[153843.01,167384.46],[153842.68,167383.42],[153842.22,167383.57],[153840.89,167379.35],[153843.34,167378.58],[153844.49696432,167381.40544288],[153845.27079373,167384.06252836],[153848.328,167395.204],[153841.961,167397.121],[153839.38,167388.51],[153838.58,167385.85]]]},"geometry_name":"GEOM","properties":{"INSPIRE_ID":"https://databrussels.be/id/building/1765706","BLOCK_ID":"https://databrussels.be/id/block/24420","AREA":95},"bbox":[153838.58,167378.58,153848.328,167397.121]},{"type":"Feature","id":"Buildings.fid--324554a4_1a031387ba0_253f","geometry":{"type":"Polygon","coordinates":[[[153654.6,167497.28],[153658.43,167486.11],[153663.97,167487.75],[153663.69,167488.64],[153665.53,167489.21],[153663.37,167497.43],[153662.71,167499.95],[153654.6,167497.28]]]},"geometry_name":"GEOM","properties":{"INSPIRE_ID":"https://databrussels.be/id/building/1765708","BLOCK_ID":"https://databrussels.be/id/block/23778","AREA":95},"bbox":[153654.6,167486.11,153665.53,167499.95]},{"type":"Feature","id":"Buildings.fid--324554a4_1a031387ba0_2563","geometry":{"type":"MultiPolygon","coordinates":[[[[153562.678,167408.99380035],[153559.774,167412.10380035],[153559.759,167412.11980035],[153556.8672,167415.21550035],[153556.837,167415.24780035],[153556.2714,167415.85360035],[153553.7904,167418.51120035],[153553.773,167418.52980035],[153553.6493,167418.65410036],[153552.23,167420.08080036],[153551.401,167420.96180036],[153550.2811,167422.15570035],[153547.3537,167419.38570035],[153547.63,167419.09200035],[153547.811,167418.91100035],[153548.501,167418.22100035],[153550.724,167415.99800035],[153550.7564,167415.95850035],[153550.8841,167415.80310035],[153552.16,167414.25000035],[153553.2673,167413.06960035],[153553.8644,167412.43260035],[153556.8098,167409.29050035],[153559.737,167406.16780036],[153562.678,167408.99380035]]]]},"geometry_name":"GEOM","properties":{"INSPIRE_ID":"https://databrussels.be/id/building/1765711","BLOCK_ID":"https://databrussels.be/id/block/24596","AREA":73},"bbox":[153547.3537,167406.16780036,153562.678,167422.15570035]},{"type":"Feature","id":"Buildings.fid--324554a4_1a031387ba0_2570","geometry":{"type":"Polygon","coordinates":[[[153565.44000044,167443.80999959],[153567.67999936,167443.04999981],[153573.2300003,167437.15000035],[153575.77000031,167440.33999972],[153576.58,167441.35],[153578.18,167443.35],[153579.65,167445.18],[153576.15,167448.1],[153575.82,167448.38],[153574.94,167447.5],[153572.92,167449.52],[153571.77,167448.37],[153571.54,167448.59],[153567.57,167450.23],[153565.44000044,167443.80999959]]]},"geometry_name":"GEOM","properties":{"INSPIRE_ID":"https://databrussels.be/id/building/1765716","BLOCK_ID":"https://databrussels.be/id/block/24596","AREA":99},"bbox":[153565.44000044,167437.15000035,153579.65,167450.23]},{"type":"Feature","id":"Buildings.fid--324554a4_1a031387ba0_25c2","geometry":{"type":"MultiPolygon","coordinates":[[[[153537.45,167407.24000035],[153541.9127,167402.42720035],[153548.431,167395.36900035],[153552.89,167399.58500035],[153546.355,167406.69600035],[153541.83,167411.37000035],[153537.45,167407.24000035]]]]},"geometry_name":"GEOM","properties":{"INSPIRE_ID":"https://databrussels.be/id/building/1765717","BLOCK_ID":"https://databrussels.be/id/block/24596","AREA":99},"bbox":[153537.45,167395.36900035,153552.89,167411.37000035]},{"type":"Feature","id":"Buildings.fid--324554a4_1a031387ba0_2443","geometry":{"type":"Polygon","coordinates":[[[153896.032,167272.864],[153899.94088346,167264.95277465],[153901.45685206,167261.98322593],[153902.57,167259.46],[153903.44,167257.68],[153905.394,167258.634],[153906.841,167255.596],[153908.76000005,167256.61],[153912.5599998,167258.47000004],[153910.83815359,167262.11132332],[153909.51000012,167264.73000008],[153903.863,167276.441],[153896.032,167272.864]]]},"geometry_name":"GEOM","properties":{"INSPIRE_ID":"https://databrussels.be/id/building/1765720","BLOCK_ID":"https://databrussels.be/id/block/26449","AREA":165},"bbox":[153896.032,167255.596,153912.5599998,167276.441]},{"type":"Feature","id":"Buildings.fid--324554a4_1a031387ba0_244d","geometry":{"type":"Polygon","coordinates":[[[153922.79,167305.02],[153924.41,167293.98],[153931.02,167294.87],[153929.8974036,167303.41742008],[153929.53572457,167306.17123438],[153929.2,167308.73],[153929.17,167309],[153924.46,167308.38],[153924.86,167305.29],[153922.79,167305.02]]]},"geometry_name":"GEOM","properties":{"INSPIRE_ID":"https://databrussels.be/id/building/1766588","BLOCK_ID":"https://databrussels.be/id/block/24635","AREA":90},"bbox":[153922.79,167293.98,153931.02,167309]},{"type":"Feature","id":"Buildings.fid--324554a4_1a031387ba0_2590","geometry":{"type":"Polygon","coordinates":[[[153648.09,167434.36],[153649.26,167434.02],[153653.77849816,167432.59072138],[153654.12,167433.69],[153656.83,167442.7],[153659.395,167451.536],[153653.681,167453.242],[153650.72983073,167443.8126968],[153648.09,167434.36]]]},"geometry_name":"GEOM","properties":{"INSPIRE_ID":"https://databrussels.be/id/building/1766594","BLOCK_ID":"https://databrussels.be/id/block/26811","AREA":120},"bbox":[153648.09,167432.59072138,153659.395,167453.242]},{"type":"Feature","id":"Buildings.fid--324554a4_1a031387ba0_242f","geometry":{"type":"Polygon","coordinates":[[[153962.48,167375.73],[153968.74,167373.65],[153972.24522899,167382.86425491],[153975.99000006,167391.52000029],[153971.14000049,167394.70000001],[153967.79849497,167387.1392152],[153966.65641218,167384.52894953],[153962.48,167375.73]]]},"geometry_name":"GEOM","properties":{"INSPIRE_ID":"https://databrussels.be/id/building/1766595","BLOCK_ID":"https://databrussels.be/id/block/25971","AREA":120},"bbox":[153962.48,167373.65,153975.99000006,167394.70000001]},{"type":"Feature","id":"Buildings.fid--324554a4_1a031387ba0_2578","geometry":{"type":"Polygon","coordinates":[[[153564.55,167458.12],[153569.65,167456.28],[153569.55,167455.99],[153571.84999982,167455.19999997],[153573.27,167459.33],[153570.81,167460.19],[153568.46,167461],[153565.86,167461.91],[153564.55,167458.12]]]},"geometry_name":"GEOM","properties":{"INSPIRE_ID":"https://databrussels.be/id/building/1766607","BLOCK_ID":"https://databrussels.be/id/block/24596","AREA":33},"bbox":[153564.55,167455.19999997,153573.27,167461.91]},{"type":"Feature","id":"Buildings.fid--324554a4_1a031387ba0_2433","geometry":{"type":"Polygon","coordinates":[[[153972.79,167491.49],[153979.64,167488.03],[153980.313,167487.699],[153981.195,167489.494],[153980.522,167489.825],[153981.41,167491.63],[153974.58480136,167495.20620889],[153973.46,167495.62],[153973.07,167494.77],[153974.16,167494.28],[153972.79,167491.49]]]},"geometry_name":"GEOM","properties":{"INSPIRE_ID":"https://databrussels.be/id/building/1766612","BLOCK_ID":"https://databrussels.be/id/block/24167","AREA":34},"bbox":[153972.79,167487.699,153981.41,167495.62]},{"type":"Feature","id":"Buildings.fid--324554a4_1a031387ba0_2507","geometry":{"type":"Polygon","coordinates":[[[153745.15,167278.77],[153743.33,167276.1],[153746.08,167274.22],[153746.79,167275.25],[153748.77,167273.9],[153750.83969911,167276.52499104],[153755.836,167284.434],[153751.191,167287.626],[153745.87,167279.83],[153745.15,167278.77]]]},"geometry_name":"GEOM","properties":{"INSPIRE_ID":"https://databrussels.be/id/building/1766619","BLOCK_ID":"https://databrussels.be/id/block/24180","AREA":78},"bbox":[153743.33,167273.9,153755.836,167287.626]},{"type":"Feature","id":"Buildings.fid--324554a4_1a031387ba0_26d6","geometry":{"type":"Polygon","coordinates":[[[153610.677,167123.733],[153615.18601242,167114.97612824],[153616.93000036,167111.65999955],[153618.88,167107.53],[153619.02,167107.61],[153624.51,167110.54],[153622.92,167113.66],[153623.09,167113.75],[153620.97,167117.9],[153618.224,167123.269],[153618.976,167124.215],[153618.157,167125.818],[153616.95,167125.762],[153616.404,167126.831],[153610.677,167123.733]]]},"geometry_name":"GEOM","properties":{"INSPIRE_ID":"https://databrussels.be/id/building/1766626","BLOCK_ID":"https://databrussels.be/id/block/26449","AREA":120},"bbox":[153610.677,167107.53,153624.51,167126.831]},{"type":"Feature","id":"Buildings.fid--324554a4_1a031387ba0_25d6","geometry":{"type":"Polygon","coordinates":[[[153617.2,167384.82],[153618.92263455,167382.89421982],[153624.79,167375.95],[153627.697,167378.449],[153625.828,167380.68],[153626.825,167381.462],[153622.441,167386.033],[153620.679,167387.866],[153617.2,167384.82]]]},"geometry_name":"GEOM","properties":{"INSPIRE_ID":"https://databrussels.be/id/building/1766628","BLOCK_ID":"https://databrussels.be/id/block/26811","AREA":54},"bbox":[153617.2,167375.95,153627.697,167387.866]},{"type":"Feature","id":"Buildings.fid--324554a4_1a031387ba0_2650","geometry":{"type":"Polygon","coordinates":[[[153498.34,167279.7],[153503.62,167273.08],[153508.59,167277.05],[153503.30869604,167283.66239934],[153498.34,167279.7]]]},"geometry_name":"GEOM","properties":{"INSPIRE_ID":"https://databrussels.be/id/building/1766631","BLOCK_ID":"https://databrussels.be/id/block/24180","AREA":54},"bbox":[153498.34,167273.08,153508.59,167283.66239934]},{"type":"Feature","id":"Buildings.fid--324554a4_1a031387ba0_2496","geometry":{"type":"Polygon","coordinates":[[[153931.06,167493.12],[153932.4293221,167493.43909753],[153942.318,167496.168],[153941.118,167500.658],[153933.1,167498.44],[153931.26,167497.93],[153930.13,167497.62],[153930.45,167496.45],[153930.16,167496.37],[153931.06,167493.12]]]},"geometry_name":"GEOM","properties":{"INSPIRE_ID":"https://databrussels.be/id/building/1766632","BLOCK_ID":"https://databrussels.be/id/block/26220","AREA":54},"bbox":[153930.13,167493.12,153942.318,167500.658]},{"type":"Feature","id":"Buildings.fid--324554a4_1a031387ba0_2598","geometry":{"type":"Polygon","coordinates":[[[153491.47,167407.29],[153494.64,167403.94],[153498.54,167399.82],[153501.26000047,167402.39999964],[153503.69999992,167404.70000018],[153506.42000022,167407.2699998],[153509.13,167409.84],[153511.81999993,167412.38999975],[153513.53205743,167413.97157505],[153514.348,167414.782],[153517.257,167417.533],[153519.945,167420.075],[153522.73,167422.71],[153515.4000001,167429.22999991],[153505.28,167420.08],[153498.58,167413.87],[153491.47,167407.29]]]},"geometry_name":"GEOM","properties":{"INSPIRE_ID":"https://databrussels.be/id/building/1766637","BLOCK_ID":"https://databrussels.be/id/block/24596","AREA":331},"bbox":[153491.47,167399.82,153522.73,167429.22999991]},{"type":"Feature","id":"Buildings.fid--324554a4_1a031387ba0_24fb","geometry":{"type":"Polygon","coordinates":[[[153754.24718383,167467.97983818],[153759.75301151,167467.88289568],[153764.75,167467.79],[153775.16,167467.67],[153770.353,167451.621],[153766.80273988,167439.74281514],[153766.00107963,167437.06392184],[153755.19198591,167440.36081728],[153746.913,167442.886],[153749.82,167452.9],[153754.24718383,167467.97983818]]]},"geometry_name":"GEOM","properties":{"INSPIRE_ID":"https://databrussels.be/id/building/1766640","BLOCK_ID":"https://databrussels.be/id/block/26220","AREA":582},"bbox":[153746.913,167437.06392184,153775.16,167467.97983818]},{"type":"Feature","id":"Buildings.fid--324554a4_1a031387ba0_24e5","geometry":{"type":"Polygon","coordinates":[[[153771.65999984,167399.94000041],[153770.74620835,167397.05788412],[153773.84276379,167396.05413858],[153774.62735772,167399.06813966],[153791.23,167394.19],[153792.34,167397.96],[153793.31,167401.54],[153795.865,167411.002],[153776.728,167416.659],[153774.16,167408.3],[153773.19,167405.16],[153771.65999984,167399.94000041]]]},"geometry_name":"GEOM","properties":{"INSPIRE_ID":"https://databrussels.be/id/building/1766641","BLOCK_ID":"https://databrussels.be/id/block/24420","AREA":363},"bbox":[153770.74620835,167394.19,153795.865,167416.659]},{"type":"Feature","id":"Buildings.fid--324554a4_1a031387ba0_24fe","geometry":{"type":"Polygon","coordinates":[[[153770.353,167451.621],[153773.53,167450.68],[153783.55,167447.73],[153788.85,167446.18],[153789.01,167446.74],[153793.19,167460.99],[153795.01,167467.19],[153792.13,167467.26],[153781.63160455,167467.35485542],[153775.16,167467.67],[153770.353,167451.621]]]},"geometry_name":"GEOM","properties":{"INSPIRE_ID":"https://databrussels.be/id/building/1766642","BLOCK_ID":"https://databrussels.be/id/block/26220","AREA":370},"bbox":[153770.353,167446.18,153795.01,167467.67]},{"type":"Feature","id":"Buildings.fid--324554a4_1a031387ba0_241d","geometry":{"type":"Polygon","coordinates":[[[153962.623,167287.121],[153964.00416847,167278.05119629],[153965.02,167275.18],[153974.07,167249.48],[153982.79,167254.7],[153975.3,167275.96],[153974.04986035,167279.82541655],[153972.654,167288.525],[153962.623,167287.121]]]},"geometry_name":"GEOM","properties":{"INSPIRE_ID":"https://databrussels.be/id/building/1766643","BLOCK_ID":"https://databrussels.be/id/block/26449","AREA":375},"bbox":[153962.623,167249.48,153982.79,167288.525]},{"type":"Feature","id":"Buildings.fid--324554a4_1a031387ba0_2438","geometry":{"type":"Polygon","coordinates":[[[153977.49,167340.05],[153979.94,167339.17],[153978.12,167334.06],[153984.72,167331.7],[153986.59,167336.93],[153988.46,167336.26],[153988.92000002,167337.54999971],[153994.05,167351.89],[153984.05,167355.04],[153977.49,167340.05]]]},"geometry_name":"GEOM","properties":{"INSPIRE_ID":"https://databrussels.be/id/building/1766657","BLOCK_ID":"https://databrussels.be/id/block/24635","AREA":220},"bbox":[153977.49,167331.7,153994.05,167355.04]},{"type":"Feature","id":"Buildings.fid--324554a4_1a031387ba0_24a9","geometry":{"type":"Polygon","coordinates":[[[153841.936,167413.993],[153849.766,167411.622],[153853.08315395,167422.42807847],[153853.47,167424.02],[153850.25,167424.96],[153850.97,167427.4],[153850.65,167427.49],[153852.21278323,167432.8184258],[153855.8874517,167431.65075881],[153856.26,167432.81],[153858.1,167439.07],[153855.05,167439.96],[153854.45,167440.281],[153855.811,167444.75],[153851.633,167445.959],[153850.42803055,167441.3076278],[153847.27,167431.56],[153846.37156065,167428.6217673],[153845.04168598,167424.60550195],[153841.936,167413.993]]]},"geometry_name":"GEOM","properties":{"INSPIRE_ID":"https://databrussels.be/id/building/1766658","BLOCK_ID":"https://databrussels.be/id/block/26220","AREA":226},"bbox":[153841.936,167411.622,153858.1,167445.959]},{"type":"Feature","id":"Buildings.fid--324554a4_1a031387ba0_24a3","geometry":{"type":"Polygon","coordinates":[[[153803.28,167393.79],[153806.29,167392.91],[153809.14,167392.07],[153809.37,167392.84],[153810.59173975,167396.54561123],[153813.02,167405.836],[153807.401,167407.528],[153803.28,167393.79]]]},"geometry_name":"GEOM","properties":{"INSPIRE_ID":"https://databrussels.be/id/building/1766663","BLOCK_ID":"https://databrussels.be/id/block/24420","AREA":87},"bbox":[153803.28,167392.07,153813.02,167407.528]},{"type":"Feature","id":"Buildings.fid--324554a4_1a031387ba0_2401","geometry":{"type":"Polygon","coordinates":[[[153833.89,167271.93],[153835.36193349,167269.13736821],[153840.427,167259.553],[153844.848,167261.848],[153838.71,167273.87],[153835.36,167272.06],[153834.48,167273.86],[153833.19,167273.23],[153833.89,167271.93]]]},"geometry_name":"GEOM","properties":{"INSPIRE_ID":"https://databrussels.be/id/building/1767779","BLOCK_ID":"https://databrussels.be/id/block/24635","AREA":71},"bbox":[153833.19,167259.553,153844.848,167273.87]},{"type":"Feature","id":"Buildings.fid--324554a4_1a031387ba0_2677","geometry":{"type":"Polygon","coordinates":[[[153763.61,167234.57],[153764.48,167233.01],[153770.138,167222.551],[153773.516,167224.344],[153767.88,167235],[153765.16623062,167240.40470746],[153761.55979247,167238.54670464],[153763.61,167234.57]]]},"geometry_name":"GEOM","properties":{"INSPIRE_ID":"https://databrussels.be/id/building/1767781","BLOCK_ID":"https://databrussels.be/id/block/24635","AREA":71},"bbox":[153761.55979247,167222.551,153773.516,167240.40470746]},{"type":"Feature","id":"Buildings.fid--324554a4_1a031387ba0_2693","geometry":{"type":"Polygon","coordinates":[[[153735.152,167190.105],[153741.63,167177.99],[153742.76,167175.9],[153746.57636508,167178.16014551],[153744.99000002,167180.99999453],[153739.162,167192.248],[153735.152,167190.105]]]},"geometry_name":"GEOM","properties":{"INSPIRE_ID":"https://databrussels.be/id/building/1767785","BLOCK_ID":"https://databrussels.be/id/block/26449","AREA":71},"bbox":[153735.152,167175.9,153746.57636508,167192.248]},{"type":"Feature","id":"Buildings.fid--324554a4_1a031387ba0_245a","geometry":{"type":"Polygon","coordinates":[[[153951.723,167285.594],[153952.990812,167276.68019256],[153954.4681364,167273.166588],[153955.41,167271.19],[153959.76,167272.85],[153958.05865086,167277.33592105],[153956.591,167286.276],[153951.723,167285.594]]]},"geometry_name":"GEOM","properties":{"INSPIRE_ID":"https://databrussels.be/id/building/1767786","BLOCK_ID":"https://databrussels.be/id/block/26449","AREA":71},"bbox":[153951.723,167271.19,153959.76,167286.276]},{"type":"Feature","id":"Buildings.fid--324554a4_1a031387ba0_243d","geometry":{"type":"Polygon","coordinates":[[[153882.518,167266.691],[153886.42191914,167258.53026325],[153888.09,167255.15],[153891.29,167248.73],[153891.57,167248.87],[153892.45,167247.1],[153895.56,167248.48],[153895.17,167249.27],[153895.85,167249.61],[153895.38,167250.67],[153896.36,167251.1],[153893.61,167256.62],[153891.56131142,167261.0477903],[153887.521,167268.976],[153882.518,167266.691]]]},"geometry_name":"GEOM","properties":{"INSPIRE_ID":"https://databrussels.be/id/building/1767794","BLOCK_ID":"https://databrussels.be/id/block/26449","AREA":120},"bbox":[153882.518,167247.1,153896.36,167268.976]},{"type":"Feature","id":"Buildings.fid--324554a4_1a031387ba0_2408","geometry":{"type":"Polygon","coordinates":[[[153864.509,167258.464],[153868.71,167250.37],[153870,167247.88],[153872.78,167242.49],[153876.86,167244.54],[153873.45,167251.33],[153874.85,167252.03],[153874.37,167252.98],[153876.41,167254],[153876.33,167254.17],[153872.384,167262.061],[153864.509,167258.464]]]},"geometry_name":"GEOM","properties":{"INSPIRE_ID":"https://databrussels.be/id/building/1767795","BLOCK_ID":"https://databrussels.be/id/block/26449","AREA":120},"bbox":[153864.509,167242.49,153876.86,167262.061]},{"type":"Feature","id":"Buildings.fid--324554a4_1a031387ba0_25bd","geometry":{"type":"Polygon","coordinates":[[[153571.45,167400.63],[153578.83,167393.15],[153580.28,167394.56],[153584.58,167390.13],[153587.03,167392.52],[153585.26,167394.33],[153582.04385027,167398.08507783],[153575.32,167404.27],[153571.45,167400.63]]]},"geometry_name":"GEOM","properties":{"INSPIRE_ID":"https://databrussels.be/id/building/1767801","BLOCK_ID":"https://databrussels.be/id/block/26811","AREA":80},"bbox":[153571.45,167390.13,153587.03,167404.27]},{"type":"Feature","id":"Buildings.fid--324554a4_1a031387ba0_250e","geometry":{"type":"Polygon","coordinates":[[[153719.27,167292.65],[153723.98,167289.44],[153724.14,167289.68],[153726.63261923,167293.2803586],[153732.097,167300.745],[153727.144,167304.148],[153722.2829501,167296.80872201],[153719.27,167292.65]]]},"geometry_name":"GEOM","properties":{"INSPIRE_ID":"https://databrussels.be/id/building/1767808","BLOCK_ID":"https://databrussels.be/id/block/24180","AREA":80},"bbox":[153719.27,167289.44,153732.097,167304.148]},{"type":"Feature","id":"Buildings.fid--324554a4_1a031387ba0_2511","geometry":{"type":"Polygon","coordinates":[[[153710.2,167298.80900035],[153713.122,167302.83700036],[153718.141,167310.33400035],[153713.509,167313.51600035],[153708.252,167306.03100035],[153705.61,167301.93000035],[153710.185,167298.78720035],[153710.2,167298.80900035]]]},"geometry_name":"GEOM","properties":{"INSPIRE_ID":"https://databrussels.be/id/building/1767809","BLOCK_ID":"https://databrussels.be/id/block/24180","AREA":80},"bbox":[153705.61,167298.78720035,153718.141,167313.51600035]},{"type":"Feature","id":"Buildings.fid--324554a4_1a031387ba0_24ea","geometry":{"type":"Polygon","coordinates":[[[153763.07,167405.91],[153762.57,167404.21],[153767.34,167402.81],[153767.67,167403.94],[153768.4968309,167406.53108009],[153772.199,167417.998],[153767.146,167419.492],[153764.79487009,167411.12223708],[153764.18083553,167409.00552728],[153763.07,167405.91]]]},"geometry_name":"GEOM","properties":{"INSPIRE_ID":"https://databrussels.be/id/building/1767813","BLOCK_ID":"https://databrussels.be/id/block/24420","AREA":80},"bbox":[153762.57,167402.81,153772.199,167419.492]},{"type":"Feature","id":"Buildings.fid--324554a4_1a031387ba0_24f7","geometry":{"type":"Polygon","coordinates":[[[153789.733,167429.824],[153794.768,167428.288],[153799.57,167444.72],[153795.95,167445.8],[153795.71,167444.86],[153794.17,167445.31],[153793.49000021,167443.04999964],[153789.733,167429.824]]]},"geometry_name":"GEOM","properties":{"INSPIRE_ID":"https://databrussels.be/id/building/1767821","BLOCK_ID":"https://databrussels.be/id/block/26220","AREA":89},"bbox":[153789.733,167428.288,153799.57,167445.8]},{"type":"Feature","id":"Buildings.fid--324554a4_1a031387ba0_25d3","geometry":{"type":"Polygon","coordinates":[[[153616.16,167377.76],[153618.878,167374.553],[153619.952,167375.456],[153621.714,167373.32],[153624.79,167375.95],[153618.92263455,167382.89421982],[153617.2,167384.82],[153613.14,167381.25],[153614.77,167379.4],[153616.16,167377.76]]]},"geometry_name":"GEOM","properties":{"INSPIRE_ID":"https://databrussels.be/id/building/1767827","BLOCK_ID":"https://databrussels.be/id/block/26811","AREA":59},"bbox":[153613.14,167373.32,153624.79,167384.82]},{"type":"Feature","id":"Buildings.fid--324554a4_1a031387ba0_241f","geometry":{"type":"Polygon","coordinates":[[[153972.654,167288.525],[153974.04986035,167279.82541655],[153975.3,167275.96],[153978.86,167277.49],[153981.97,167270.24],[153984.59,167271.36],[153982.81124028,167275.24921534],[153980.17600501,167280.63791167],[153976.773,167289.102],[153972.654,167288.525]]]},"geometry_name":"GEOM","properties":{"INSPIRE_ID":"https://databrussels.be/id/building/1767838","BLOCK_ID":"https://databrussels.be/id/block/26449","AREA":87},"bbox":[153972.654,167270.24,153984.59,167289.102]},{"type":"Feature","id":"Buildings.fid--324554a4_1a031387ba0_24d1","geometry":{"type":"Polygon","coordinates":[[[153788.167,167503.637],[153791.61,167490.92],[153793.22,167484.75],[153796.42073544,167485.59330754],[153794.82821724,167491.69851773],[153796.51359666,167492.08180337],[153796.37,167492.6],[153792.96,167504.924],[153788.167,167503.637]]]},"geometry_name":"GEOM","properties":{"INSPIRE_ID":"https://databrussels.be/id/building/1767839","BLOCK_ID":"https://databrussels.be/id/block/26220","AREA":87},"bbox":[153788.167,167484.75,153796.51359666,167504.924]},{"type":"Feature","id":"Buildings.fid--324554a4_1a031387ba0_2404","geometry":{"type":"Polygon","coordinates":[[[153847.279,167249.89],[153851.82863621,167241.01538631],[153853.75818758,167237.45272961],[153856.43395485,167232.87419908],[153861.31144442,167235.37453995],[153858.7,167240.4],[153857.39323199,167242.75206591],[153852.441,167252.459],[153847.279,167249.89]]]},"geometry_name":"GEOM","properties":{"INSPIRE_ID":"https://databrussels.be/id/building/1767840","BLOCK_ID":"https://databrussels.be/id/block/26449","AREA":110},"bbox":[153847.279,167232.87419908,153861.31144442,167252.459]},{"type":"Feature","id":"Buildings.fid--324554a4_1a031387ba0_26e1","geometry":{"type":"Polygon","coordinates":[[[153635.238,167136.881],[153642.70254282,167122.38282219],[153643.27326251,167121.28560893],[153644.51,167118.93],[153647.86,167120.59],[153647.71129678,167120.86475628],[153649.43631041,167121.82875763],[153648.01,167124.27],[153647.7,167124.89],[153647.18,167125.93],[153639.947,167139.382],[153635.238,167136.881]]]},"geometry_name":"GEOM","properties":{"INSPIRE_ID":"https://databrussels.be/id/building/1767844","BLOCK_ID":"https://databrussels.be/id/block/26449","AREA":111},"bbox":[153635.238,167118.93,153649.43631041,167139.382]},{"type":"Feature","id":"Buildings.fid--324554a4_1a031387ba0_23f5","geometry":{"type":"Polygon","coordinates":[[[153805.312,167227.592],[153809.95629159,167219.30876491],[153812.07141188,167214.89527767],[153814.49,167210.35],[153819.03,167212.77],[153815.24,167219.89],[153814.88,167219.7],[153814.05,167221.26],[153815.61,167222.1],[153811.047,167230.629],[153805.312,167227.592]]]},"geometry_name":"GEOM","properties":{"INSPIRE_ID":"https://databrussels.be/id/building/1767847","BLOCK_ID":"https://databrussels.be/id/block/26449","AREA":111},"bbox":[153805.312,167210.35,153819.03,167230.629]},{"type":"Feature","id":"Buildings.fid--324554a4_1a031387ba0_2537","geometry":{"type":"Polygon","coordinates":[[[153614.30189327,167483.65988349],[153619.31207418,167497.83986094],[153615.30910889,167499.25384682],[153615.82000045,167500.70000047],[153619.93000022,167499.35999984],[153621.20000021,167498.94000018],[153621.03999957,167498.46999984],[153625.68000037,167496.83000022],[153625.46007971,167496.1799732],[153620.423,167481.599],[153614.30189327,167483.65988349]]]},"geometry_name":"GEOM","properties":{"INSPIRE_ID":"https://databrussels.be/id/building/1767856","BLOCK_ID":"https://databrussels.be/id/block/27459","AREA":111},"bbox":[153614.30189327,167481.599,153625.68000037,167500.70000047]},{"type":"Feature","id":"Buildings.fid--324554a4_1a031387ba0_24e7","geometry":{"type":"Polygon","coordinates":[[[153757.15001731,167402.59096444],[153755.16034097,167395.47154004],[153747.80802843,167395.66784067],[153744.32297976,167397.87380329],[153743.3699458,167398.50082121],[153746.98490669,167403.11585279],[153747.48998507,167403.76080131],[153747.44801456,167410.05077711],[153749.42200781,167409.87284545],[153749.78504087,167415.30696445],[153749.8789195,167424.59775821],[153757.464,167422.355],[153755.06659095,167413.83668744],[153754.71,167411.77],[153753.90992932,167402.89094471],[153757.15001731,167402.59096444]]]},"geometry_name":"GEOM","properties":{"INSPIRE_ID":"https://databrussels.be/id/building/1767859","BLOCK_ID":"https://databrussels.be/id/block/24420","AREA":211},"bbox":[153743.3699458,167395.47154004,153757.464,167424.59775821]},{"type":"Feature","id":"Buildings.fid--324554a4_1a031387ba0_251f","geometry":{"type":"Polygon","coordinates":[[[153724.23647787,167392.07041541],[153724.79372411,167390.86872577],[153726.04226044,167391.44281875],[153725.47345762,167392.65339843],[153724.23647787,167392.07041541]]]},"geometry_name":"GEOM","properties":{"INSPIRE_ID":"https://databrussels.be/id/building/1767860","BLOCK_ID":"https://databrussels.be/id/block/24420","AREA":2},"bbox":[153724.23647787,167390.86872577,153726.04226044,167392.65339843]},{"type":"Feature","id":"Buildings.fid--324554a4_1a031387ba0_23f3","geometry":{"type":"Polygon","coordinates":[[[153803.76,167261.78],[153802.55969223,167261.03090588],[153803.39233813,167259.61465489],[153804.55824108,167260.30342529],[153803.76,167261.78]]]},"geometry_name":"GEOM","properties":{"INSPIRE_ID":"https://databrussels.be/id/building/1767863","BLOCK_ID":"https://databrussels.be/id/block/24635","AREA":2},"bbox":[153802.55969223,167259.61465489,153804.55824108,167261.78]},{"type":"Feature","id":"Buildings.fid--324554a4_1a031387ba0_246f","geometry":{"type":"Polygon","coordinates":[[[153926.10929916,167418.2956852],[153926.57400342,167419.50445584],[153924.94807703,167420.20384687],[153924.42340319,167419.00784743],[153926.10929916,167418.2956852]]]},"geometry_name":"GEOM","properties":{"INSPIRE_ID":"https://databrussels.be/id/building/1767864","BLOCK_ID":"https://databrussels.be/id/block/26220","AREA":2},"bbox":[153924.42340319,167418.2956852,153926.57400342,167420.20384687]},{"type":"Feature","id":"Buildings.fid--324554a4_1a031387ba0_25cf","geometry":{"type":"Polygon","coordinates":[[[153601.63,167372.27000035],[153604.638,167368.52900035],[153610.924,167361.19800035],[153616.006,167365.60200035],[153609.49,167372.95000035],[153607.06,167370.90000035],[153603.98,167374.25000035],[153601.63,167372.27000035]]]},"geometry_name":"GEOM","properties":{"INSPIRE_ID":"https://databrussels.be/id/building/1768996","BLOCK_ID":"https://databrussels.be/id/block/26811","AREA":80},"bbox":[153601.63,167361.19800035,153616.006,167374.25000035]},{"type":"Feature","id":"Buildings.fid--324554a4_1a031387ba0_2456","geometry":{"type":"Polygon","coordinates":[[[153949.09,167272.08000035],[153946.99,167275.74000035],[153945.875,167284.77500035],[153941.232,167284.12500035],[153942.543,167275.28100035],[153941.52,167275.19000035],[153941.67,167274.08000035],[153943.414,167270.63700035],[153944.1887,167269.10760035],[153949.2728,167271.72500036],[153949.09,167272.08000035]]]},"geometry_name":"GEOM","properties":{"INSPIRE_ID":"https://databrussels.be/id/building/1768998","BLOCK_ID":"https://databrussels.be/id/block/26449","AREA":73},"bbox":[153941.232,167269.10760035,153949.2728,167284.77500035]},{"type":"Feature","id":"Buildings.fid--324554a4_1a031387ba0_24c4","geometry":{"type":"Polygon","coordinates":[[[153867.5,167364.81],[153869.09035746,167363.09696751],[153875.86,167356.579],[153879.624,167360.354],[153873.53339375,167366.19569379],[153871.38,167368.24],[153869.73,167366.59],[153869.51,167366.81],[153867.5,167364.81]]]},"geometry_name":"GEOM","properties":{"INSPIRE_ID":"https://databrussels.be/id/building/1769009","BLOCK_ID":"https://databrussels.be/id/block/24420","AREA":61},"bbox":[153867.5,167356.579,153879.624,167368.24]},{"type":"Feature","id":"Buildings.fid--324554a4_1a031387ba0_2596","geometry":{"type":"Polygon","coordinates":[[[153613.44,167449.32],[153620.24295474,167444.09164219],[153621.26,167443.31],[153621.7,167443.85],[153620.56,167444.77],[153622.63,167447.55],[153625.69,167445.15],[153626.08,167446.48],[153626.34,167447.36],[153617.37,167454.33],[153613.44,167449.32]]]},"geometry_name":"GEOM","properties":{"INSPIRE_ID":"https://databrussels.be/id/building/1769010","BLOCK_ID":"https://databrussels.be/id/block/26811","AREA":61},"bbox":[153613.44,167443.31,153626.34,167454.33]},{"type":"Feature","id":"Buildings.fid--324554a4_1a031387ba0_25cd","geometry":{"type":"Polygon","coordinates":[[[153599.2105,167370.17230035],[153599.2857,167370.08550035],[153597.7931,167368.79140035],[153598.54,167367.93000035],[153599.34,167366.97000035],[153600.954,167365.11400035],[153607.18,167357.95200035],[153610.924,167361.19800035],[153604.638,167368.52900035],[153601.63,167372.27000035],[153599.2105,167370.17230035]]]},"geometry_name":"GEOM","properties":{"INSPIRE_ID":"https://databrussels.be/id/building/1769015","BLOCK_ID":"https://databrussels.be/id/block/26811","AREA":72},"bbox":[153597.7931,167357.95200035,153610.924,167372.27000035]},{"type":"Feature","id":"Buildings.fid--324554a4_1a031387ba0_266e","geometry":{"type":"Polygon","coordinates":[[[153731.66,167217.26],[153737.998,167205.476],[153742.54,167207.899],[153736.1,167219.57],[153731.66,167217.26]]]},"geometry_name":"GEOM","properties":{"INSPIRE_ID":"https://databrussels.be/id/building/1769016","BLOCK_ID":"https://databrussels.be/id/block/24635","AREA":68},"bbox":[153731.66,167205.476,153742.54,167219.57]},{"type":"Feature","id":"Buildings.fid--324554a4_1a031387ba0_2639","geometry":{"type":"Polygon","coordinates":[[[153648.95,167245.95],[153650.43191118,167244.75268671],[153654.64,167241.44],[153656.56,167243.83],[153651.81999995,167247.63999982],[153650.48,167246.85],[153648.95,167245.95]]]},"geometry_name":"GEOM","properties":{"INSPIRE_ID":"https://databrussels.be/id/building/1769028","BLOCK_ID":"https://databrussels.be/id/block/24180","AREA":21},"bbox":[153648.95,167241.44,153656.56,167247.63999982]},{"type":"Feature","id":"Buildings.fid--324554a4_1a031387ba0_2658","geometry":{"type":"Polygon","coordinates":[[[153508.63,167297.26],[153506.44,167295.46],[153511.19,167289.67],[153513.35,167291.44],[153511.17644179,167294.1001821],[153508.98576462,167296.97465992],[153508.63,167297.26]]]},"geometry_name":"GEOM","properties":{"INSPIRE_ID":"https://databrussels.be/id/building/1769032","BLOCK_ID":"https://databrussels.be/id/block/24180","AREA":21},"bbox":[153506.44,167289.67,153513.35,167297.26]},{"type":"Feature","id":"Buildings.fid--324554a4_1a031387ba0_24c8","geometry":{"type":"Polygon","coordinates":[[[153878.29,167369.46],[153883.524,167364.266],[153885.651,167366.399],[153880.52,167371.44],[153878.29,167369.46]]]},"geometry_name":"GEOM","properties":{"INSPIRE_ID":"https://databrussels.be/id/building/1769035","BLOCK_ID":"https://databrussels.be/id/block/24420","AREA":22},"bbox":[153878.29,167364.266,153885.651,167371.44]},{"type":"Feature","id":"Buildings.fid--324554a4_1a031387ba0_24c2","geometry":{"type":"Polygon","coordinates":[[[153859.19,167358.2],[153857.83,167359.57],[153861.40232793,167363.50155644],[153862.07216503,167362.83278376],[153872.10704753,167352.81384746],[153868.352,167349.048],[153862.49560988,167355.10499516],[153860.26232338,167357.23285451],[153859.19,167358.2]]]},"geometry_name":"GEOM","properties":{"INSPIRE_ID":"https://databrussels.be/id/building/1769037","BLOCK_ID":"https://databrussels.be/id/block/24420","AREA":79},"bbox":[153857.83,167349.048,153872.10704753,167363.50155644]},{"type":"Feature","id":"Buildings.fid--324554a4_1a031387ba0_2539","geometry":{"type":"Polygon","coordinates":[[[153620.423,167481.599],[153625.083,167480.039],[153628.27,167489.26],[153630.15,167494.72],[153625.46007971,167496.1799732],[153620.423,167481.599]]]},"geometry_name":"GEOM","properties":{"INSPIRE_ID":"https://databrussels.be/id/building/1769042","BLOCK_ID":"https://databrussels.be/id/block/27459","AREA":76},"bbox":[153620.423,167480.039,153630.15,167496.1799732]},{"type":"Feature","id":"Buildings.fid--324554a4_1a031387ba0_2571","geometry":{"type":"Polygon","coordinates":[[[153582.56598702,167444.79947579],[153584.30510891,167443.22118855],[153590.04100001,167438.68099999],[153593.28299999,167442.60999999],[153586.89024887,167447.01992497],[153585.33443801,167448.1494412],[153582.56598702,167444.79947579]]]},"geometry_name":"GEOM","properties":{"INSPIRE_ID":"https://databrussels.be/id/building/1769048","BLOCK_ID":"https://databrussels.be/id/block/24596","AREA":46},"bbox":[153582.56598702,167438.68099999,153593.28299999,167448.1494412]},{"type":"Feature","id":"Buildings.fid--324554a4_1a031387ba0_244a","geometry":{"type":"Polygon","coordinates":[[[153916.26707567,167280.6309349],[153919.127,167281.03],[153920.39536491,167272.45836797],[153924.11,167264.75],[153927.26296181,167258.32181848],[153924.56026089,167257.01012655],[153918.12991008,167270.48080896],[153917.66401727,167271.43187329],[153916.26707567,167280.6309349]]]},"geometry_name":"GEOM","properties":{"INSPIRE_ID":"https://databrussels.be/id/building/1769058","BLOCK_ID":"https://databrussels.be/id/block/26449","AREA":72},"bbox":[153916.26707567,167257.01012655,153927.26296181,167281.03]},{"type":"Feature","id":"Buildings.fid--324554a4_1a031387ba0_2447","geometry":{"type":"Polygon","coordinates":[[[153903.863,167276.441],[153909.51000012,167264.73000008],[153912.71,167266.29],[153912.14,167267.47],[153914.477,167268.613],[153916.76,167269.73],[153916.71,167269.83],[153915.8,167271.71],[153911.6,167279.976],[153903.863,167276.441]]]},"geometry_name":"GEOM","properties":{"INSPIRE_ID":"https://databrussels.be/id/building/1769060","BLOCK_ID":"https://databrussels.be/id/block/26449","AREA":104},"bbox":[153903.863,167264.73000008,153916.76,167279.976]},{"type":"Feature","id":"Buildings.fid--324554a4_1a031387ba0_249a","geometry":{"type":"Polygon","coordinates":[[[153843.34,167378.58],[153842.11,167374.47],[153844.41,167373.78],[153845.1,167376.09],[153846.2,167375.76],[153847.02,167378.52],[153847.41186575,167379.6696459],[153847.36743252,167379.99615862],[153846.74033508,167380.89453151],[153850.00228902,167380.01375021],[153850.73,167382.45],[153851.11,167383.7],[153854.041,167393.484],[153848.328,167395.204],[153845.27079373,167384.06252836],[153844.49696432,167381.40544288],[153843.34,167378.58]]]},"geometry_name":"GEOM","properties":{"INSPIRE_ID":"https://databrussels.be/id/building/1769063","BLOCK_ID":"https://databrussels.be/id/block/24420","AREA":105},"bbox":[153842.11,167373.78,153854.041,167395.204]},{"type":"Feature","id":"Buildings.fid--324554a4_1a031387ba0_258c","geometry":{"type":"Polygon","coordinates":[[[153606.4,167440.24],[153613.17,167435.04],[153614.12,167434.3],[153615.58,167436.31],[153614.68,167436.96],[153615.06,167437.45],[153617.65,167435.41],[153617.46,167435.16],[153623.08,167430.74],[153625.67150932,167434.00698881],[153623.02000019,167436.09000018],[153620.13955438,167438.37431109],[153617.5383829,167440.35500251],[153617.21298703,167440.60277887],[153610.64,167445.82],[153606.4,167440.24]]]},"geometry_name":"GEOM","properties":{"INSPIRE_ID":"https://databrussels.be/id/building/1769064","BLOCK_ID":"https://databrussels.be/id/block/26811","AREA":105},"bbox":[153606.4,167430.74,153625.67150932,167445.82]},{"type":"Feature","id":"Buildings.fid--324554a4_1a031387ba0_24a7","geometry":{"type":"Polygon","coordinates":[[[153854.483,167410.194],[153859.303,167408.734],[153861.98506012,167417.84422869],[153863.66,167422.86],[153864.4,167425.29],[153859.63,167426.76],[153857.47709262,167419.15110781],[153854.483,167410.194]]]},"geometry_name":"GEOM","properties":{"INSPIRE_ID":"https://databrussels.be/id/building/1769076","BLOCK_ID":"https://databrussels.be/id/block/26220","AREA":84},"bbox":[153854.483,167408.734,153864.4,167426.76]},{"type":"Feature","id":"Buildings.fid--324554a4_1a031387ba0_262d","geometry":{"type":"Polygon","coordinates":[[[153563.09,167298.48],[153568.42588375,167291.29455504],[153571.15,167288.01],[153571.43,167287.66],[153575.1,167290.52],[153573.07,167293.13],[153574.65,167294.36],[153573.83,167295.42],[153568.38,167302.43],[153563.09,167298.48]]]},"geometry_name":"GEOM","properties":{"INSPIRE_ID":"https://databrussels.be/id/building/1769083","BLOCK_ID":"https://databrussels.be/id/block/24180","AREA":85},"bbox":[153563.09,167287.66,153575.1,167302.43]},{"type":"Feature","id":"Buildings.fid--324554a4_1a031387ba0_2685","geometry":{"type":"Polygon","coordinates":[[[153695.39897079,167168.86978387],[153699.44105013,167171.02883811],[153705.20215039,167160.00264797],[153705.54895511,167159.33889719],[153701.48513155,167157.22172905],[153700.99318175,167158.16325171],[153695.39897079,167168.86978387]]]},"geometry_name":"GEOM","properties":{"INSPIRE_ID":"https://databrussels.be/id/building/1770162","BLOCK_ID":"https://databrussels.be/id/block/26449","AREA":60},"bbox":[153695.39897079,167157.22172905,153705.54895511,167171.02883811]},{"type":"Feature","id":"Buildings.fid--324554a4_1a031387ba0_2656","geometry":{"type":"Polygon","coordinates":[[[153503.63,167211.1],[153503.57,167210.48],[153507.56999796,167210.09000049],[153508.842,167222.285],[153504.722,167222.676],[153503.63,167211.1]]]},"geometry_name":"GEOM","properties":{"INSPIRE_ID":"https://databrussels.be/id/building/1770187","BLOCK_ID":"https://databrussels.be/id/block/24180","AREA":50},"bbox":[153503.57,167210.09000049,153508.842,167222.676]},{"type":"Feature","id":"Buildings.fid--324554a4_1a031387ba0_25be","geometry":{"type":"Polygon","coordinates":[[[153545.787,167392.87084244],[153543.1559,167395.50674244],[153543.04299999,167395.61984244],[153540.935,167397.73234244],[153540.75819999,167397.90954244],[153540.717,167397.95084244],[153540.5085,167398.15934244],[153540.461,167398.20684244],[153536.44699999,167402.39584244],[153535.967,167402.89654244],[153533.4473,167400.53934244],[153537.87659999,167395.71754244],[153538.004,167395.57884244],[153538.062,167395.52284244],[153538.1274,167395.45844244],[153538.3059,167395.28284244],[153540.582,167393.04284244],[153543.222,167390.44584244],[153545.787,167392.87084244]]]},"geometry_name":"GEOM","properties":{"INSPIRE_ID":"https://databrussels.be/id/building/1770193","BLOCK_ID":"https://databrussels.be/id/block/24596","AREA":50},"bbox":[153533.4473,167390.44584244,153545.787,167402.89654244]},{"type":"Feature","id":"Buildings.fid--324554a4_1a031387ba0_2672","geometry":{"type":"Polygon","coordinates":[[[153748.10000042,167222.88999925],[153753.05,167213.479],[153756.527,167215.325],[153750.42999835,167226.86001167],[153750.21000079,167227.24999766],[153747.53000011,167225.84999779],[153748.94000091,167223.32999518],[153748.10000042,167222.88999925]]]},"geometry_name":"GEOM","properties":{"INSPIRE_ID":"https://databrussels.be/id/building/1770195","BLOCK_ID":"https://databrussels.be/id/block/24635","AREA":50},"bbox":[153747.53000011,167213.479,153756.527,167227.24999766]},{"type":"Feature","id":"Buildings.fid--324554a4_1a031387ba0_2454","geometry":{"type":"Polygon","coordinates":[[[153938.20823395,167306.71627017],[153938.49924675,167304.60722491],[153939.68,167296.05],[153944.43,167296.7],[153943.205,167305.214],[153942.9848135,167305.18201952],[153942.70361536,167307.14210256],[153938.20823395,167306.71627017]]]},"geometry_name":"GEOM","properties":{"INSPIRE_ID":"https://databrussels.be/id/building/1770196","BLOCK_ID":"https://databrussels.be/id/block/24635","AREA":50},"bbox":[153938.20823395,167296.05,153944.43,167307.14210256]},{"type":"Feature","id":"Buildings.fid--324554a4_1a031387ba0_262c","geometry":{"type":"Polygon","coordinates":[[[153559.54,167295.84],[153565.66905247,167287.95435851],[153567.86,167285.44],[153571.15,167288.01],[153568.42588375,167291.29455504],[153563.09,167298.48],[153559.54,167295.84]]]},"geometry_name":"GEOM","properties":{"INSPIRE_ID":"https://databrussels.be/id/building/1770200","BLOCK_ID":"https://databrussels.be/id/block/24180","AREA":57},"bbox":[153559.54,167285.44,153571.15,167298.48]},{"type":"Feature","id":"Buildings.fid--324554a4_1a031387ba0_266a","geometry":{"type":"Polygon","coordinates":[[[153720.2,167209.04],[153725.604,167198.863],[153729.915,167201.163],[153724.54,167211.48],[153720.2,167209.04]]]},"geometry_name":"GEOM","properties":{"INSPIRE_ID":"https://databrussels.be/id/building/1770203","BLOCK_ID":"https://databrussels.be/id/block/24635","AREA":57},"bbox":[153720.2,167198.863,153729.915,167211.48]},{"type":"Feature","id":"Buildings.fid--324554a4_1a031387ba0_260f","geometry":{"type":"Polygon","coordinates":[[[153528.85,167360.33],[153534.577888,167354.46616848],[153536.74000002,167352.16000018],[153540.47,167355.63],[153538.74062127,167357.12237822],[153532.58,167363.96],[153528.85,167360.33]]]},"geometry_name":"GEOM","properties":{"INSPIRE_ID":"https://databrussels.be/id/building/1770206","BLOCK_ID":"https://databrussels.be/id/block/26811","AREA":57},"bbox":[153528.85,167352.16000018,153540.47,167363.96]},{"type":"Feature","id":"Buildings.fid--324554a4_1a031387ba0_25a8","geometry":{"type":"Polygon","coordinates":[[[153516.36,167385.77],[153518.66194518,167383.25128251],[153522.14886375,167379.5575705],[153526.853,167374.97],[153529.641,167377.606],[153524.73423466,167382.28338913],[153522.19820598,167384.94784814],[153518.84,167388.41],[153516.2,167385.92],[153516.36,167385.77]]]},"geometry_name":"GEOM","properties":{"INSPIRE_ID":"https://databrussels.be/id/building/1770207","BLOCK_ID":"https://databrussels.be/id/block/24596","AREA":57},"bbox":[153516.2,167374.97,153529.641,167388.41]},{"type":"Feature","id":"Buildings.fid--324554a4_1a031387ba0_25fb","geometry":{"type":"Polygon","coordinates":[[[153551.566,167316.145],[153554.214,167312.865],[153555.185,167312.823],[153563.938,167320.418],[153561.13,167323.76],[153560.06,167322.91],[153557.63402445,167321.16407791],[153551.566,167316.145]]]},"geometry_name":"GEOM","properties":{"INSPIRE_ID":"https://databrussels.be/id/building/1770208","BLOCK_ID":"https://databrussels.be/id/block/26811","AREA":57},"bbox":[153551.566,167312.823,153563.938,167323.76]},{"type":"Feature","id":"Buildings.fid--324554a4_1a031387ba0_24c5","geometry":{"type":"Polygon","coordinates":[[[153871.38,167368.24],[153873.53339375,167366.19569379],[153879.624,167360.354],[153883.524,167364.266],[153878.29,167369.46],[153877.38,167370.36],[153876.49,167369.47],[153875.2,167370.64],[153874.44,167369.79],[153872.57,167371.48],[153870.28,167371.05],[153868.74,167370.77],[153871.38,167368.24]]]},"geometry_name":"GEOM","properties":{"INSPIRE_ID":"https://databrussels.be/id/building/1770214","BLOCK_ID":"https://databrussels.be/id/block/24420","AREA":67},"bbox":[153868.74,167360.354,153883.524,167371.48]},{"type":"Feature","id":"Buildings.fid--324554a4_1a031387ba0_2466","geometry":{"type":"Polygon","coordinates":[[[153885.551,167383.996],[153882.41000017,167373.92],[153882.77999965,167373.58000035],[153887.963,167368.717],[153897.034,167377.816],[153896.051,167380.834],[153885.551,167383.996]]]},"geometry_name":"GEOM","properties":{"INSPIRE_ID":"https://databrussels.be/id/building/1770215","BLOCK_ID":"https://databrussels.be/id/block/24420","AREA":131},"bbox":[153882.41000017,167368.717,153897.034,167383.996]},{"type":"Feature","id":"Buildings.fid--324554a4_1a031387ba0_24ba","geometry":{"type":"Polygon","coordinates":[[[153790.12339695,167296.46036872],[153798.45674775,167309.00961704],[153805.53789955,167319.67317058],[153813.285,167314.431],[153815.24,167313.11],[153815.666,167312.813],[153816.53,167312.21],[153808.92829251,167302.29356163],[153810.24205285,167301.4509651],[153806.16593517,167298.95891045],[153801.41436941,167296.05344938],[153796.331,167299.676],[153792.92777488,167294.58541415],[153790.12339695,167296.46036872]]]},"geometry_name":"GEOM","properties":{"INSPIRE_ID":"https://databrussels.be/id/building/1770220","BLOCK_ID":"https://databrussels.be/id/block/24420","AREA":291},"bbox":[153790.12339695,167294.58541415,153816.53,167319.67317058]},{"type":"Feature","id":"Buildings.fid--324554a4_1a031387ba0_263c","geometry":{"type":"Polygon","coordinates":[[[153600.20830274,167258.87771805],[153602.9139968,167260.91327113],[153602.67,167261.27],[153605.54,167263.4],[153605.74,167263.13],[153607.91377149,167264.29657633],[153612.87593075,167257.68020929],[153610.177,167255.813],[153613.292,167251.826],[153608.20435944,167248.02926824],[153600.20830274,167258.87771805]]]},"geometry_name":"GEOM","properties":{"INSPIRE_ID":"https://databrussels.be/id/building/1770231","BLOCK_ID":"https://databrussels.be/id/block/24180","AREA":113},"bbox":[153600.20830274,167248.02926824,153613.292,167264.29657633]},{"type":"Feature","id":"Buildings.fid--324554a4_1a031387ba0_23f8","geometry":{"type":"Polygon","coordinates":[[[153811.047,167230.629],[153815.61,167222.1],[153817.93,167217.74],[153821.72,167219.76],[153820.03,167222.94],[153821.78,167223.88],[153820.75590635,167226.56841943],[153816.643,167233.593],[153811.047,167230.629]]]},"geometry_name":"GEOM","properties":{"INSPIRE_ID":"https://databrussels.be/id/building/1770234","BLOCK_ID":"https://databrussels.be/id/block/26449","AREA":87},"bbox":[153811.047,167217.74,153821.78,167233.593]},{"type":"Feature","id":"Buildings.fid--324554a4_1a031387ba0_2458","geometry":{"type":"Polygon","coordinates":[[[153945.875,167284.775],[153946.99,167275.74],[153949.09,167272.08],[153952.41,167272.93],[153953.2,167269.28],[153955.85,167270.04],[153955.41,167271.19],[153954.4681364,167273.166588],[153952.990812,167276.68019256],[153951.723,167285.594],[153945.875,167284.775]]]},"geometry_name":"GEOM","properties":{"INSPIRE_ID":"https://databrussels.be/id/building/1770236","BLOCK_ID":"https://databrussels.be/id/block/26449","AREA":85},"bbox":[153945.875,167269.28,153955.85,167285.594]},{"type":"Feature","id":"Buildings.fid--324554a4_1a031387ba0_25d1","geometry":{"type":"Polygon","coordinates":[[[153617.078,167376.67684244],[153616.3131,167377.58014244],[153616.15999999,167377.76084244],[153614.77,167379.40084244],[153613.14,167381.25084244],[153613.02669999,167381.37944244],[153610.80349999,167379.47354244],[153610.8386,167375.40644244],[153611.20229999,167374.99404244],[153609.8914,167373.86844244],[153610.6448,167372.99094244],[153610.38679999,167372.76944244],[153608.46289999,167375.03274244],[153607.9961,167374.63584244],[153609.49,167372.95084244],[153609.96899999,167372.41064244],[153611.06899999,167371.16984244],[153612.601,167369.44184244],[153613.0111,167368.97944244],[153616.00599999,167365.60284244],[153620.16589999,167369.16094244],[153617.2097,167372.61254244],[153616.9261,167372.94284244],[153618.878,167374.55384244],[153617.52939999,167376.14444244],[153617.078,167376.67684244]]]},"geometry_name":"GEOM","properties":{"INSPIRE_ID":"https://databrussels.be/id/building/1770240","BLOCK_ID":"https://databrussels.be/id/block/26811","AREA":88},"bbox":[153607.9961,167365.60284244,153620.16589999,167381.37944244]},{"type":"Feature","id":"Buildings.fid--324554a4_1a031387ba0_259d","geometry":{"type":"Polygon","coordinates":[[[153497.384,167371.217],[153503.46218419,167365.22000606],[153509.821,167358.829],[153512.615,167361.477],[153506.00090808,167367.95101141],[153500.07211852,167373.79211297],[153497.384,167371.217]]]},"geometry_name":"GEOM","properties":{"INSPIRE_ID":"https://databrussels.be/id/building/1770245","BLOCK_ID":"https://databrussels.be/id/block/24596","AREA":66},"bbox":[153497.384,167358.829,153512.615,167373.79211297]},{"type":"Feature","id":"Buildings.fid--324554a4_1a031387ba0_2499","geometry":{"type":"Polygon","coordinates":[[[153871.26,167374],[153876.48,167372.44],[153877.80778057,167376.56674505],[153880.587,167385.49],[153875.088,167387.146],[153872.8210709,167378.88394578],[153872.342645,167377.09502416],[153871.26,167374]]]},"geometry_name":"GEOM","properties":{"INSPIRE_ID":"https://databrussels.be/id/building/1770249","BLOCK_ID":"https://databrussels.be/id/block/24420","AREA":76},"bbox":[153871.26,167372.44,153880.587,167387.146]},{"type":"Feature","id":"Buildings.fid--324554a4_1a031387ba0_249e","geometry":{"type":"Polygon","coordinates":[[[153851.11,167383.7],[153852.97,167383.14],[153851.61,167378.63],[153854.78,167377.68],[153859.045,167391.977],[153854.041,167393.484],[153851.11,167383.7]]]},"geometry_name":"GEOM","properties":{"INSPIRE_ID":"https://databrussels.be/id/building/1770270","BLOCK_ID":"https://databrussels.be/id/block/24420","AREA":69},"bbox":[153851.11,167377.68,153859.045,167393.484]},{"type":"Feature","id":"Buildings.fid--324554a4_1a031387ba0_26a7","geometry":{"type":"Polygon","coordinates":[[[153650.296,167144.879],[153656.49,167132.51],[153658.79,167133.74],[153659.08,167133.2],[153662,167134.78],[153655.629,167147.711],[153650.296,167144.879]]]},"geometry_name":"GEOM","properties":{"INSPIRE_ID":"https://databrussels.be/id/building/1770272","BLOCK_ID":"https://databrussels.be/id/block/26449","AREA":85},"bbox":[153650.296,167132.51,153662,167147.711]},{"type":"Feature","id":"Buildings.fid--324554a4_1a031387ba0_2605","geometry":{"type":"Polygon","coordinates":[[[153536.946,167334.254],[153539.393,167331.223],[153545.74380622,167336.10429463],[153549.13,167339.08],[153551.37,167340.89],[153549.01,167343.82],[153545.8,167341.33],[153543.13738794,167339.28675535],[153536.946,167334.254]]]},"geometry_name":"GEOM","properties":{"INSPIRE_ID":"https://databrussels.be/id/building/1771359","BLOCK_ID":"https://databrussels.be/id/block/26811","AREA":61},"bbox":[153536.946,167331.223,153551.37,167343.82]},{"type":"Feature","id":"Buildings.fid--324554a4_1a031387ba0_24ed","geometry":{"type":"Polygon","coordinates":[[[153759.69,167411.88],[153761.39,167411.38],[153760.45,167408.19],[153760.81,167408.08],[153760.4,167406.69],[153763.07,167405.91],[153764.18083553,167409.00552728],[153764.79487009,167411.12223708],[153767.146,167419.492],[153762.672,167420.815],[153760.09145471,167412.90079988],[153759.69,167411.88]]]},"geometry_name":"GEOM","properties":{"INSPIRE_ID":"https://databrussels.be/id/building/1771361","BLOCK_ID":"https://databrussels.be/id/block/24420","AREA":61},"bbox":[153759.69,167405.91,153767.146,167420.815]},{"type":"Feature","id":"Buildings.fid--324554a4_1a031387ba0_25f5","geometry":{"type":"Polygon","coordinates":[[[153534.63614532,167301.59760082],[153537.35738172,167298.03534756],[153538.54,167298.94],[153541.10981534,167301.11780586],[153546.883,167305.701],[153544.264,167308.979],[153538.46322944,167304.46083015],[153534.63614532,167301.59760082]]]},"geometry_name":"GEOM","properties":{"INSPIRE_ID":"https://databrussels.be/id/building/1771365","BLOCK_ID":"https://databrussels.be/id/block/24180","AREA":52},"bbox":[153534.63614532,167298.03534756,153546.883,167308.979]},{"type":"Feature","id":"Buildings.fid--324554a4_1a031387ba0_25ce","geometry":{"type":"Polygon","coordinates":[[[153668.07998355,167367.54997212],[153670.98498264,167361.07297229],[153677.76999984,167363.95000044],[153674.822,167370.485],[153668.07998355,167367.54997212]]]},"geometry_name":"GEOM","properties":{"INSPIRE_ID":"https://databrussels.be/id/building/1771371","BLOCK_ID":"https://databrussels.be/id/block/24180","AREA":53},"bbox":[153668.07998355,167361.07297229,153677.76999984,167370.485]},{"type":"Feature","id":"Buildings.fid--324554a4_1a031387ba0_24fd","geometry":{"type":"Polygon","coordinates":[[[153734.24,167446.733],[153739.716,167445.07],[153742.7,167454.809],[153737.14,167456.5],[153734.24,167446.733]]]},"geometry_name":"GEOM","properties":{"INSPIRE_ID":"https://databrussels.be/id/building/1771383","BLOCK_ID":"https://databrussels.be/id/block/26220","AREA":59},"bbox":[153734.24,167445.07,153742.7,167456.5]},{"type":"Feature","id":"Buildings.fid--324554a4_1a031387ba0_250a","geometry":{"type":"Polygon","coordinates":[[[153734.78,167284.41],[153736,167283.55],[153736.85,167284.77],[153740.08,167282.5],[153741.26,167284.2],[153746.061,167291.151],[153741.649,167294.182],[153736.8714609,167287.4274344],[153735.35426593,167285.20912388],[153734.78,167284.41]]]},"geometry_name":"GEOM","properties":{"INSPIRE_ID":"https://databrussels.be/id/building/1771388","BLOCK_ID":"https://databrussels.be/id/block/24180","AREA":59},"bbox":[153734.78,167282.5,153746.061,167294.182]},{"type":"Feature","id":"Buildings.fid--324554a4_1a031387ba0_265e","geometry":{"type":"MultiPolygon","coordinates":[[[[153515.5206,167208.47960035],[153515.69,167210.23000035],[153516.7,167221.54000035],[153512.681,167221.92100035],[153511.911,167213.17900036],[153511.5016,167208.86060035],[153515.5206,167208.47960035]]]]},"geometry_name":"GEOM","properties":{"INSPIRE_ID":"https://databrussels.be/id/building/1771389","BLOCK_ID":"https://databrussels.be/id/block/24180","AREA":53},"bbox":[153511.5016,167208.47960035,153516.7,167221.92100035]},{"type":"Feature","id":"Buildings.fid--324554a4_1a031387ba0_26c6","geometry":{"type":"Polygon","coordinates":[[[153565.26000034,167123.74999963],[153569.49,167115.27],[153575.327,167118.336],[153571.51,167125.9],[153568.62,167124.4],[153568.14,167125.25],[153567.71217062,167125.0271722],[153565.26000034,167123.74999963]]]},"geometry_name":"GEOM","properties":{"INSPIRE_ID":"https://databrussels.be/id/building/1771390","BLOCK_ID":"https://databrussels.be/id/block/24635","AREA":59},"bbox":[153565.26000034,167115.27,153575.327,167125.9]},{"type":"Feature","id":"Buildings.fid--324554a4_1a031387ba0_2554","geometry":{"type":"Polygon","coordinates":[[[153596.673,167489.639],[153601.462,167487.979],[153605.06880645,167497.59622183],[153607.21,167503.37],[153603.77,167504.68],[153603.7,167504.49],[153602.14,167505.09],[153600.14405675,167499.85821973],[153596.673,167489.639]]]},"geometry_name":"GEOM","properties":{"INSPIRE_ID":"https://databrussels.be/id/building/1771398","BLOCK_ID":"https://databrussels.be/id/block/27459","AREA":87},"bbox":[153596.673,167487.979,153607.21,167505.09]},{"type":"Feature","id":"Buildings.fid--324554a4_1a031387ba0_265d","geometry":{"type":"Polygon","coordinates":[[[153511.17644179,167294.1001821],[153513.35,167291.44],[153513.89,167290.78],[153515.05,167291.6],[153512.42,167294.93],[153511.17644179,167294.1001821]]]},"geometry_name":"GEOM","properties":{"INSPIRE_ID":"https://databrussels.be/id/building/1771402","BLOCK_ID":"https://databrussels.be/id/block/24180","AREA":6},"bbox":[153511.17644179,167290.78,153515.05,167294.93]},{"type":"Feature","id":"Buildings.fid--324554a4_1a031387ba0_2472","geometry":{"type":"Polygon","coordinates":[[[153940.76354428,167441.27936614],[153943.49001624,167444.68084143],[153951.36997751,167437.8408505],[153949.3799943,167433.80083878],[153941.37494481,167440.7498454],[153940.76354428,167441.27936614]]]},"geometry_name":"GEOM","properties":{"INSPIRE_ID":"https://databrussels.be/id/building/1771403","BLOCK_ID":"https://databrussels.be/id/block/26220","AREA":48},"bbox":[153940.76354428,167433.80083878,153951.36997751,167444.68084143]},{"type":"Feature","id":"Buildings.fid--324554a4_1a031387ba0_2477","geometry":{"type":"Polygon","coordinates":[[[153943.46,167453.38],[153944.42,167449.55],[153946.43,167450.05],[153946.85,167450.16],[153954.077,167452.149],[153953.05,167455.996],[153945.37,167453.9],[153944.38,167453.63],[153943.46,167453.38]]]},"geometry_name":"GEOM","properties":{"INSPIRE_ID":"https://databrussels.be/id/building/1771404","BLOCK_ID":"https://databrussels.be/id/block/26220","AREA":40},"bbox":[153943.46,167449.55,153954.077,167455.996]},{"type":"Feature","id":"Buildings.fid--324554a4_1a031387ba0_2473","geometry":{"type":"Polygon","coordinates":[[[153923.91,167451.91],[153928.16,167455.87],[153934.92003303,167448.79088358],[153931.65402005,167444.57191838],[153931.00101755,167443.72888532],[153928.11016361,167439.9953816],[153925.19196868,167442.31930451],[153928.449,167447.07],[153923.91,167451.91]]]},"geometry_name":"GEOM","properties":{"INSPIRE_ID":"https://databrussels.be/id/building/1771405","BLOCK_ID":"https://databrussels.be/id/block/26220","AREA":81},"bbox":[153923.91,167439.9953816,153934.92003303,167455.87]},{"type":"Feature","id":"Buildings.fid--324554a4_1a031387ba0_2626","geometry":{"type":"Polygon","coordinates":[[[153582.84000044,167273.34999976],[153586.54000037,167268.64000026],[153590.99,167271.92],[153592.57,167273.08],[153589.87103729,167275.4673987],[153587.75999968,167276.85000016],[153582.84000044,167273.34999976]]]},"geometry_name":"GEOM","properties":{"INSPIRE_ID":"https://databrussels.be/id/building/1771407","BLOCK_ID":"https://databrussels.be/id/block/24180","AREA":41},"bbox":[153582.84000044,167268.64000026,153592.57,167276.85000016]},{"type":"Feature","id":"Buildings.fid--324554a4_1a031387ba0_24b5","geometry":{"type":"Polygon","coordinates":[[[153865.76,167279.53],[153872.16200012,167275.22200006],[153877.204,167277.353],[153870.75,167281.87],[153868.87,167283.18],[153865.76,167279.53]]]},"geometry_name":"GEOM","properties":{"INSPIRE_ID":"https://databrussels.be/id/building/1771410","BLOCK_ID":"https://databrussels.be/id/block/24635","AREA":42},"bbox":[153865.76,167275.22200006,153877.204,167283.18]},{"type":"Feature","id":"Buildings.fid--324554a4_1a031387ba0_255d","geometry":{"type":"Polygon","coordinates":[[[153532.06,167472.86],[153535.14,167480.69],[153535.31,167481.11],[153538.544,167489.324],[153539.167,167490.906],[153532.755,167493.466],[153525.81488451,167475.38926174],[153532.06,167472.86]]]},"geometry_name":"GEOM","properties":{"INSPIRE_ID":"https://databrussels.be/id/building/1771414","BLOCK_ID":"https://databrussels.be/id/block/24596","AREA":132},"bbox":[153525.81488451,167472.86,153539.167,167493.466]},{"type":"Feature","id":"Buildings.fid--324554a4_1a031387ba0_26ea","geometry":{"type":"Polygon","coordinates":[[[153523.88681522,167012.64547667],[153525.31896251,167009.30326183],[153527.36620243,167010.26011849],[153525.90348006,167013.51504322],[153523.88681522,167012.64547667]]]},"geometry_name":"GEOM","properties":{"INSPIRE_ID":"https://databrussels.be/id/building/1771417","BLOCK_ID":"https://databrussels.be/id/block/26197","AREA":8},"bbox":[153523.88681522,167009.30326183,153527.36620243,167013.51504322]},{"type":"Feature","id":"Buildings.fid--324554a4_1a031387ba0_2618","geometry":{"type":"Polygon","coordinates":[[[153562.3951129,167228.1580553],[153564.2538214,167229.6170063],[153562.20032617,167232.2553052],[153560.27248174,167230.80947668],[153562.3951129,167228.1580553]]]},"geometry_name":"GEOM","properties":{"INSPIRE_ID":"https://databrussels.be/id/building/1771419","BLOCK_ID":"https://databrussels.be/id/block/24180","AREA":8},"bbox":[153560.27248174,167228.1580553,153564.2538214,167232.2553052]},{"type":"Feature","id":"Buildings.fid--324554a4_1a031387ba0_23f9","geometry":{"type":"Polygon","coordinates":[[[153817.6198,167273.5482],[153816.6207,167275.0287],[153813.2102,167272.7272],[153814.2093,167271.2467],[153817.6198,167273.5482]]]},"geometry_name":"GEOM","properties":{"INSPIRE_ID":"https://databrussels.be/id/building/1771466","BLOCK_ID":"https://databrussels.be/id/block/24635","AREA":7},"bbox":[153813.2102,167271.2467,153817.6198,167275.0287]},{"type":"Feature","id":"Buildings.fid--324554a4_1a031387ba0_257a","geometry":{"type":"Polygon","coordinates":[[[153652.57,167417.62],[153660.8,167400.01],[153666.26,167402.49],[153661.83,167412],[153659.69,167411.04],[153656.94,167417.14],[153656.0040285,167419.11042796],[153654.81,167418.63],[153652.57,167417.62]]]},"geometry_name":"GEOM","properties":{"INSPIRE_ID":"https://databrussels.be/id/building/1772025","BLOCK_ID":"https://databrussels.be/id/block/26811","AREA":96},"bbox":[153652.57,167400.01,153666.26,167419.11042796]},{"type":"Feature","id":"Buildings.fid--324554a4_1a031387ba0_25ac","geometry":{"type":"Polygon","coordinates":[[[153532.58,167363.96],[153538.74062127,167357.12237822],[153540.47,167355.63],[153545.17,167350.68],[153549.35,167354.06],[153545.12,167358.52],[153542.66781838,167361.17838314],[153536.41,167367.69],[153532.58,167363.96]]]},"geometry_name":"GEOM","properties":{"INSPIRE_ID":"https://databrussels.be/id/building/1772033","BLOCK_ID":"https://databrussels.be/id/block/26811","AREA":101},"bbox":[153532.58,167350.68,153549.35,167367.69]},{"type":"Feature","id":"Buildings.fid--324554a4_1a031387ba0_2595","geometry":{"type":"Polygon","coordinates":[[[153631.13999989,167438.70000016],[153633.63130914,167437.96447077],[153634.62719791,167441.24946864],[153637.41291781,167440.35427738],[153642.189,167456.692],[153636.973,167458.266],[153631.13999989,167438.70000016]]]},"geometry_name":"GEOM","properties":{"INSPIRE_ID":"https://databrussels.be/id/building/1772041","BLOCK_ID":"https://databrussels.be/id/block/26811","AREA":102},"bbox":[153631.13999989,167437.96447077,153642.189,167458.266]},{"type":"Feature","id":"Buildings.fid--324554a4_1a031387ba0_246e","geometry":{"type":"Polygon","coordinates":[[[153927.946,167425.245],[153935.4700003,167434.01999985],[153943.809,167426.773],[153941.23296025,167423.66887811],[153939.94310588,167422.41781475],[153942.57149014,167419.91234491],[153938.91,167415.738],[153927.946,167425.245]]]},"geometry_name":"GEOM","properties":{"INSPIRE_ID":"https://databrussels.be/id/building/1772042","BLOCK_ID":"https://databrussels.be/id/block/26220","AREA":147},"bbox":[153927.946,167415.738,153943.809,167434.01999985]},{"type":"Feature","id":"Buildings.fid--324554a4_1a031387ba0_25e8","geometry":{"type":"Polygon","coordinates":[[[153517.68,167323.42],[153522.86,167316.9],[153523.72172478,167317.65738179],[153532.147,167324.145],[153526.937,167330.667],[153521.08752325,167326.00433072],[153520.01,167325.3],[153517.68,167323.42]]]},"geometry_name":"GEOM","properties":{"INSPIRE_ID":"https://databrussels.be/id/building/1772063","BLOCK_ID":"https://databrussels.be/id/block/24180","AREA":98},"bbox":[153517.68,167316.9,153532.147,167330.667]},{"type":"Feature","id":"Buildings.fid--324554a4_1a031387ba0_2669","geometry":{"type":"Polygon","coordinates":[[[153715.11000024,167206.95000051],[153720.922,167196.366],[153725.604,167198.863],[153720.2,167209.04],[153719.88,167209.62],[153715.11000024,167206.95000051]]]},"geometry_name":"GEOM","properties":{"INSPIRE_ID":"https://databrussels.be/id/building/1772221","BLOCK_ID":"https://databrussels.be/id/block/24635","AREA":65},"bbox":[153715.11000024,167196.366,153725.604,167209.62]},{"type":"Feature","id":"Buildings.fid--324554a4_1a031387ba0_25c3","geometry":{"type":"Polygon","coordinates":[[[153578.9,167407.63],[153587.45234327,167400.73118991],[153589.94,167398.88],[153591.27,167400.58],[153593.35,167403.25],[153593.25,167403.32],[153590.76,167405.27],[153582.8,167411.32],[153582.69,167411.19],[153578.9,167407.63]]]},"geometry_name":"GEOM","properties":{"INSPIRE_ID":"https://databrussels.be/id/building/1772228","BLOCK_ID":"https://databrussels.be/id/block/26811","AREA":75},"bbox":[153578.9,167398.88,153593.35,167411.32]},{"type":"Feature","id":"Buildings.fid--324554a4_1a031387ba0_24b7","geometry":{"type":"Polygon","coordinates":[[[153870.963,167288.4023],[153873.68,167286.63],[153874.18,167286.31],[153875.91,167285.18],[153883.484,167280.24],[153888.915,167282.736],[153887.1248,167284.0157],[153887.0835,167284.0452],[153886.7576,167284.2781],[153884.9678,167285.5574],[153884.7263,167285.7301],[153884.6519,167285.7833],[153880.419,167288.8089],[153880.3118,167288.8855],[153880.623,167289.0286],[153876.1318,167291.8733],[153874.2158,167293.2429],[153870.963,167288.4023]]]},"geometry_name":"GEOM","properties":{"INSPIRE_ID":"https://databrussels.be/id/building/1773035","BLOCK_ID":"https://databrussels.be/id/block/24635","AREA":91},"bbox":[153870.963,167280.24,153888.915,167293.2429]},{"type":"Feature","id":"Buildings.fid--324554a4_1a031387ba0_26c3","geometry":{"type":"Polygon","coordinates":[[[153564.9,167124.44],[153564.5953,167125.0221],[153562.749,167128.552],[153561.0596,167131.5647],[153556.2741,167128.8173],[153558.47,167124.49],[153561.53,167126.04],[153562.89,167123.4],[153564.9,167124.44]]]},"geometry_name":"GEOM","properties":{"INSPIRE_ID":"https://databrussels.be/id/building/1773183","BLOCK_ID":"https://databrussels.be/id/block/24635","AREA":35},"bbox":[153556.2741,167123.4,153564.9,167131.5647]},{"type":"Feature","id":"Buildings.fid--324554a4_1a031387ba0_250d","geometry":{"type":"Polygon","coordinates":[[[153724.14,167289.68],[153729.28,167286.18],[153729.65,167286.72],[153730.75411366,167288.29098222],[153731.97353667,167290.09080161],[153737.07,167297.328],[153732.097,167300.745],[153726.63261923,167293.2803586],[153724.14,167289.68]]]},"geometry_name":"GEOM","properties":{"INSPIRE_ID":"https://databrussels.be/id/building/1773186","BLOCK_ID":"https://databrussels.be/id/block/24180","AREA":84},"bbox":[153724.14,167286.18,153737.07,167300.745]},{"type":"Feature","id":"Buildings.fid--324554a4_1a031387ba0_26d1","geometry":{"type":"Polygon","coordinates":[[[153605.09,167120.711],[153611.61,167108.82],[153616.93000036,167111.65999955],[153615.18601242,167114.97612824],[153610.677,167123.733],[153605.09,167120.711]]]},"geometry_name":"GEOM","properties":{"INSPIRE_ID":"https://databrussels.be/id/building/1773192","BLOCK_ID":"https://databrussels.be/id/block/26449","AREA":84},"bbox":[153605.09,167108.82,153616.93000036,167123.733]},{"type":"Feature","id":"Buildings.fid--324554a4_1a031387ba0_26b3","geometry":{"type":"Polygon","coordinates":[[[153687.82,167164.82],[153691.64511193,167156.83892426],[153693.62,167153.24],[153694.9,167153.88],[153694.45,167154.73],[153697.15,167156.07],[153695.67,167158.82],[153691.608,167166.843],[153687.82,167164.82]]]},"geometry_name":"GEOM","properties":{"INSPIRE_ID":"https://databrussels.be/id/building/1773378","BLOCK_ID":"https://databrussels.be/id/block/26449","AREA":55},"bbox":[153687.82,167153.24,153697.15,167166.843]},{"type":"Feature","id":"Buildings.fid--324554a4_1a031387ba0_2668","geometry":{"type":"Polygon","coordinates":[[[153713.16,167262.48],[153715.791,167260.317],[153720.735,167257.01],[153724.025,167261.99],[153716.301,167267.072],[153713.16,167262.48]]]},"geometry_name":"GEOM","properties":{"INSPIRE_ID":"https://databrussels.be/id/building/1773379","BLOCK_ID":"https://databrussels.be/id/block/24180","AREA":55},"bbox":[153713.16,167257.01,153724.025,167267.072]},{"type":"Feature","id":"Buildings.fid--324554a4_1a031387ba0_2445","geometry":{"type":"Polygon","coordinates":[[[153897.68495977,167304.86485401],[153897.59,167305.11],[153899.94,167305.87],[153900.12,167305.34],[153903.49000022,167306.43000043],[153904.93644175,167302.11306836],[153907.42,167293.46],[153902.72007812,167291.80082769],[153897.78203119,167304.61284],[153897.68495977,167304.86485401]]]},"geometry_name":"GEOM","properties":{"INSPIRE_ID":"https://databrussels.be/id/building/1773381","BLOCK_ID":"https://databrussels.be/id/block/24635","AREA":77},"bbox":[153897.59,167291.80082769,153907.42,167306.43000043]},{"type":"Feature","id":"Buildings.fid--324554a4_1a031387ba0_2589","geometry":{"type":"Polygon","coordinates":[[[153685.33000019,167427.52999985],[153689.93,167426.29],[153694.562,167441.036],[153689.83,167442.449],[153685.33000019,167427.52999985]]]},"geometry_name":"GEOM","properties":{"INSPIRE_ID":"https://databrussels.be/id/building/1773383","BLOCK_ID":"https://databrussels.be/id/block/26811","AREA":75},"bbox":[153685.33000019,167426.29,153694.562,167442.449]},{"type":"Feature","id":"Buildings.fid--324554a4_1a031387ba0_2591","geometry":{"type":"Polygon","coordinates":[[[153668.08000023,167434.81999981],[153669.39999994,167434.43099989],[153673.32,167433.25],[153677.311,167446.187],[153671.886,167447.806],[153668.08000023,167434.81999981]]]},"geometry_name":"GEOM","properties":{"INSPIRE_ID":"https://databrussels.be/id/building/1773384","BLOCK_ID":"https://databrussels.be/id/block/26811","AREA":75},"bbox":[153668.08000023,167433.25,153677.311,167447.806]},{"type":"Feature","id":"Buildings.fid--324554a4_1a031387ba0_26e2","geometry":{"type":"Polygon","coordinates":[[[153652.544,167127.1188],[153651.7598,167128.5949],[153650.931,167130.155],[153649.1754,167133.533],[153649.085,167133.707],[153647.005,167137.7087],[153646.995,167137.728],[153645.0217,167141.5238],[153644.796,167141.958],[153639.947,167139.382],[153640.1788,167138.951],[153642.2149,167135.1641],[153642.8544,167133.9748],[153644.4436,167131.0192],[153647.083,167126.1104],[153647.18,167125.93],[153647.7,167124.89],[153647.762,167124.766],[153647.8361,167124.6178],[153652.544,167127.1188]]]},"geometry_name":"GEOM","properties":{"INSPIRE_ID":"https://databrussels.be/id/building/1774038","BLOCK_ID":"https://databrussels.be/id/block/26449","AREA":90},"bbox":[153639.947,167124.6178,153652.544,167141.958]},{"type":"Feature","id":"Buildings.fid--324554a4_1a031387ba0_2696","geometry":{"type":"Polygon","coordinates":[[[153760.764,167188.906],[153759.609,167191.144],[153759.135,167192.042],[153759.0436,167192.2209],[153758.128,167194.013],[153756.899,167196.389],[153754.7118,167200.6198],[153748.8385,167197.4319],[153753.111,167189.1576],[153756.8837,167191.1056],[153758.331,167188.3027],[153754.5582,167186.3547],[153758.1167,167179.4631],[153764.0564,167182.53],[153760.764,167188.906]]]},"geometry_name":"GEOM","properties":{"INSPIRE_ID":"https://databrussels.be/id/building/1774039","BLOCK_ID":"https://databrussels.be/id/block/26449","AREA":122},"bbox":[153748.8385,167179.4631,153764.0564,167200.6198]},{"type":"Feature","id":"Buildings.fid--324554a4_1a031387ba0_2664","geometry":{"type":"Polygon","coordinates":[[[153523.41,167205.46],[153527.14,167205.1],[153527.358,167207.264],[153528.688,167220.403],[153524.529,167220.797],[153523.41,167205.46]]]},"geometry_name":"GEOM","properties":{"INSPIRE_ID":"https://databrussels.be/id/building/1774214","BLOCK_ID":"https://databrussels.be/id/block/24180","AREA":61},"bbox":[153523.41,167205.1,153528.688,167220.797]},{"type":"Feature","id":"Buildings.fid--324554a4_1a031387ba0_2586","geometry":{"type":"Polygon","coordinates":[[[153677.311,167446.187],[153673.32,167433.25],[153671.41,167427.05],[153670.7995,167424.6162],[153678.501,167423.862],[153678.769,167424.529],[153680.74,167431.84],[153683.98,167430.77],[153682.88,167427.46],[153685.15,167426.86],[153685.33,167427.53],[153689.83,167442.449],[153684.168,167444.1398],[153677.311,167446.187]]]},"geometry_name":"GEOM","properties":{"INSPIRE_ID":"https://databrussels.be/id/building/1774217","BLOCK_ID":"https://databrussels.be/id/block/26811","AREA":245},"bbox":[153670.7995,167423.862,153689.83,167446.187]},{"type":"Feature","id":"Buildings.fid--324554a4_1a031387ba0_24f6","geometry":{"type":"Polygon","coordinates":[[[153794.768,167428.288],[153799.796,167426.754],[153803.41,167441.44],[153804.4488,167445.3916],[153805.9361,167451.3429],[153801.6499,167452.6208],[153799.57,167444.72],[153794.768,167428.288]]]},"geometry_name":"GEOM","properties":{"INSPIRE_ID":"https://databrussels.be/id/building/1774220","BLOCK_ID":"https://databrussels.be/id/block/26220","AREA":121},"bbox":[153794.768,167426.754,153805.9361,167452.6208]},{"type":"Feature","id":"Buildings.fid--324554a4_1a031387ba0_267e","geometry":{"type":"Polygon","coordinates":[[[153777.978,167241.21],[153784.018,167229.92],[153787.503,167231.77],[153783.2005,167239.9008],[153781.5473,167243.025],[153777.978,167241.21]]]},"geometry_name":"GEOM","properties":{"INSPIRE_ID":"https://databrussels.be/id/building/1774222","BLOCK_ID":"https://databrussels.be/id/block/24635","AREA":51},"bbox":[153777.978,167229.92,153787.503,167243.025]},{"type":"Feature","id":"Buildings.fid--324554a4_1a031387ba0_25b9","geometry":{"type":"Polygon","coordinates":[[[153561.2,167390.99],[153567.68,167384.611],[153571.13,167380.9],[153576.24,167385.69],[153572.7274,167389.4207],[153566.34,167395.82],[153566.11,167395.61],[153561.2,167390.99]]]},"geometry_name":"GEOM","properties":{"INSPIRE_ID":"https://databrussels.be/id/building/1774223","BLOCK_ID":"https://databrussels.be/id/block/26811","AREA":99},"bbox":[153561.2,167380.9,153576.24,167395.82]},{"type":"Feature","id":"Buildings.fid--324554a4_1a031387ba0_257c","geometry":{"type":"Polygon","coordinates":[[[153670.799,167424.616],[153670.606,167423.951],[153667.18,167424.15],[153669.82,167418.549],[153675.165,167406.753],[153684.386,167410.878],[153680.141,167420.244],[153678.501,167423.862],[153670.799,167424.616]]]},"geometry_name":"GEOM","properties":{"INSPIRE_ID":"https://databrussels.be/id/building/1774224","BLOCK_ID":"https://databrussels.be/id/block/26811","AREA":171},"bbox":[153667.18,167406.753,153684.386,167424.616]},{"type":"Feature","id":"Buildings.fid--324554a4_1a031387ba0_25ea","geometry":{"type":"Polygon","coordinates":[[[153495.21,167328.25],[153500.18,167322.554],[153502.13,167320.54],[153502.45,167320.24],[153503.76,167318.58],[153504.9,167319.48],[153503.4,167321.02],[153505.61,167322.86],[153503.2737,167325.7063],[153498.411,167331.418],[153495.21,167328.25]]]},"geometry_name":"GEOM","properties":{"INSPIRE_ID":"https://databrussels.be/id/building/1774225","BLOCK_ID":"https://databrussels.be/id/block/24180","AREA":51},"bbox":[153495.21,167318.58,153505.61,167331.418]},{"type":"Feature","id":"Buildings.fid--324554a4_1a031387ba0_267a","geometry":{"type":"Polygon","coordinates":[[[153771.18,167236.85],[153776.93,167226.157],[153780.3,167227.946],[153774.313,167239.345],[153774.169,167239.63],[153770.68,167237.81],[153771.18,167236.85]]]},"geometry_name":"GEOM","properties":{"INSPIRE_ID":"https://databrussels.be/id/building/1774226","BLOCK_ID":"https://databrussels.be/id/block/24635","AREA":51},"bbox":[153770.68,167226.157,153780.3,167239.63]},{"type":"Feature","id":"Buildings.fid--324554a4_1a031387ba0_25a3","geometry":{"type":"Polygon","coordinates":[[[153508.5861,167380.5581],[153506.057,167378.149],[153508.7,167375.61],[153511.473,167372.939],[153517.954,167366.537],[153520.666,167369.108],[153515.3851,167374.217],[153508.68,167380.45],[153508.5861,167380.5581]]]},"geometry_name":"GEOM","properties":{"INSPIRE_ID":"https://databrussels.be/id/building/1774227","BLOCK_ID":"https://databrussels.be/id/block/24596","AREA":60},"bbox":[153506.057,167366.537,153520.666,167380.5581]},{"type":"Feature","id":"Buildings.fid--324554a4_1a031387ba0_2403","geometry":{"type":"Polygon","coordinates":[[[153850.0149,167240.2059],[153848.5271,167242.9274],[153843.9923,167240.4482],[153845.4802,167237.7267],[153850.0149,167240.2059]]]},"geometry_name":"GEOM","properties":{"INSPIRE_ID":"https://databrussels.be/id/building/1774465","BLOCK_ID":"https://databrussels.be/id/block/26449","AREA":16},"bbox":[153843.9923,167237.7267,153850.0149,167242.9274]},{"type":"Feature","id":"Buildings.fid--324554a4_1a031387ba0_269b","geometry":{"type":"Polygon","coordinates":[[[153865.17,167184.505],[153867.50107239,167180.27921093],[153874.966,167184.251],[153889.466,167191.805],[153885.8,167198.78],[153881.18,167207.72],[153859.24,167196.26],[153865.17,167184.505]]]},"geometry_name":"GEOM","properties":{"INSPIRE_ID":"https://databrussels.be/id/building/1774539","BLOCK_ID":"https://databrussels.be/id/block/26449","AREA":445},"bbox":[153859.24,167180.27921093,153889.466,167207.72]},{"type":"Feature","id":"Buildings.fid--324554a4_1a031387ba0_24df","geometry":{"type":"Polygon","coordinates":[[[153836.977,167516.787],[153839.59674995,167507.01287905],[153841.14,167500.47],[153850.17,167468.18],[153859.14,167470.26],[153850.19,167502.29],[153848.18090723,167509.76753625],[153845.606,167519.116],[153836.977,167516.787]]]},"geometry_name":"GEOM","properties":{"INSPIRE_ID":"https://databrussels.be/id/building/1774540","BLOCK_ID":"https://databrussels.be/id/block/26220","AREA":462},"bbox":[153836.977,167468.18,153859.14,167519.116]},{"type":"Feature","id":"Buildings.fid--324554a4_1a031387ba0_242b","geometry":{"type":"Polygon","coordinates":[[[153954.43,167389.69],[153951.02,167391.24],[153961.49991074,167403.9309081],[153965.07,167400.98],[153977.95,167416.58],[153985.28,167414.09],[153984.39,167411.46],[153988.34,167410.38],[153981.03000007,167388.05999977],[153978.84999998,167389.71999993],[153975.99000006,167391.52000029],[153971.14000049,167394.70000001],[153963.66000001,167398.76000003],[153962.08,167395.29],[153960.03,167396.3],[153956.48,167393.83],[153954.43,167389.69]]]},"geometry_name":"GEOM","properties":{"INSPIRE_ID":"https://databrussels.be/id/building/1774542","BLOCK_ID":"https://databrussels.be/id/block/25971","AREA":436},"bbox":[153951.02,167388.05999977,153988.34,167416.58]},{"type":"Feature","id":"Buildings.fid--324554a4_1a031387ba0_2579","geometry":{"type":"Polygon","coordinates":[[[153629.23,167415.55],[153639.43,167403.65],[153640.32,167402.6],[153642.6,167400.01],[153648.37,167393.43],[153660.8,167400.01],[153652.57,167417.62],[153649.79,167423.82],[153644.86,167423.72],[153645.92,167427.16],[153640.06,167428.97],[153638.58,167424.19],[153638.47,167423.84],[153633.35,167419.24],[153629.23,167415.55]]]},"geometry_name":"GEOM","properties":{"INSPIRE_ID":"https://databrussels.be/id/building/1774544","BLOCK_ID":"https://databrussels.be/id/block/26811","AREA":565},"bbox":[153629.23,167393.43,153660.8,167428.97]},{"type":"Feature","id":"Buildings.fid--324554a4_1a031387ba0_2569","geometry":{"type":"MultiPolygon","coordinates":[[[[153525.49,167428.79000035],[153532.14,167421.71000035],[153534.532,167427.75100035],[153535.93,167431.55000036],[153537.32,167435.14000035],[153539.49,167440.77000035],[153539.8,167441.58000035],[153549.77,167467.44000035],[153556.495,167484.86300036],[153548.106,167487.78900036],[153544.1879,167477.42110035],[153539.7165,167466.57520035],[153525.49,167428.79000035]]]]},"geometry_name":"GEOM","properties":{"INSPIRE_ID":"https://databrussels.be/id/building/1774545","BLOCK_ID":"https://databrussels.be/id/block/24596","AREA":583},"bbox":[153525.49,167421.71000035,153556.495,167487.78900036]},{"type":"Feature","id":"Buildings.fid--324554a4_1a031387ba0_26bb","geometry":{"type":"Polygon","coordinates":[[[153515.461,167072.103],[153518.89,167064.44],[153523.24,167055.25],[153528,167045.86],[153532.04,167047.92],[153542.871,167026.748],[153553.068,167032.017],[153559.54900024,167035.36599975],[153558.57079807,167036.81128421],[153558.90224,167038.114332],[153559.40081401,167039.36301541],[153560.058,167040.536],[153558.87066889,167041.77690891],[153557.647,167042.982],[153556.47443419,167044.08923926],[153555.251,167045.14],[153547.858,167050.981],[153543.561,167053.953],[153542.91112978,167054.31963665],[153542.191,167054.515],[153541.3271199,167054.48683508],[153540.505,167054.22],[153537.816,167056.058],[153537.85667435,167056.74113385],[153537.703,167057.408],[153537.25662211,167058.20720251],[153536.599,167058.844],[153521.101,167069.833],[153519.6728769,167070.71164529],[153518.148,167071.409],[153516.82512568,167071.83585764],[153515.461,167072.103]]]},"geometry_name":"GEOM","properties":{"INSPIRE_ID":"https://databrussels.be/id/building/1774546","BLOCK_ID":"https://databrussels.be/id/block/26197","AREA":702},"bbox":[153515.461,167026.748,153560.058,167072.103]},{"type":"Feature","id":"Buildings.fid--324554a4_1a031387ba0_255b","geometry":{"type":"Polygon","coordinates":[[[153503.28900025,167436.11700027],[153515.4000001,167429.22999991],[153521.31989667,167445.28680445],[153530.96,167470.06],[153532.06,167472.86],[153525.81488451,167475.38926174],[153532.755,167493.466],[153527.153,167495.703],[153521.83826774,167481.97560139],[153509.05518889,167450.23719438],[153503.28900025,167436.11700027]]]},"geometry_name":"GEOM","properties":{"INSPIRE_ID":"https://databrussels.be/id/building/1774547","BLOCK_ID":"https://databrussels.be/id/block/24596","AREA":722},"bbox":[153503.28900025,167429.22999991,153532.755,167495.703]},{"type":"Feature","id":"Buildings.fid--324554a4_1a031387ba0_24ef","geometry":{"type":"Polygon","coordinates":[[[153734.286,167419.035],[153738.15383836,167411.46332659],[153738.95,167409.53],[153739.14,167409.12],[153743.548,167411.053],[153742.54659313,167413.34576285],[153739,167421.165],[153734.286,167419.035]]]},"geometry_name":"GEOM","properties":{"INSPIRE_ID":"https://databrussels.be/id/building/1774558","BLOCK_ID":"https://databrussels.be/id/block/24420","AREA":55},"bbox":[153734.286,167409.12,153743.548,167421.165]},{"type":"Feature","id":"Buildings.fid--324554a4_1a031387ba0_25b1","geometry":{"type":"Polygon","coordinates":[[[153540.51,167371.54],[153546.91293712,167364.91785906],[153549.41,167362.26],[153553.12,167365.8],[153550.59607421,167368.19809326],[153544.32,167375.12],[153540.51,167371.54]]]},"geometry_name":"GEOM","properties":{"INSPIRE_ID":"https://databrussels.be/id/building/1774563","BLOCK_ID":"https://databrussels.be/id/block/26811","AREA":65},"bbox":[153540.51,167362.26,153553.12,167375.12]},{"type":"Feature","id":"Buildings.fid--324554a4_1a031387ba0_260c","geometry":{"type":"Polygon","coordinates":[[[153587.01000023,167355.99],[153589.31604433,167353.00597007],[153594.475,167346.94],[153598.714,167350.614],[153593.49213899,167356.76391832],[153591.01,167359.47],[153587.01000023,167355.99]]]},"geometry_name":"GEOM","properties":{"INSPIRE_ID":"https://databrussels.be/id/building/1774568","BLOCK_ID":"https://databrussels.be/id/block/26811","AREA":65},"bbox":[153587.01000023,167346.94,153598.714,167359.47]},{"type":"Feature","id":"Buildings.fid--324554a4_1a031387ba0_2459","geometry":{"type":"Polygon","coordinates":[[[153948.06,167305.92],[153949.41,167297.37],[153961.53,167299.02],[153956.27,167303.273],[153954.392,167304.863],[153951.868,167306.704],[153948.06,167305.92]]]},"geometry_name":"GEOM","properties":{"INSPIRE_ID":"https://databrussels.be/id/building/1775346","BLOCK_ID":"https://databrussels.be/id/block/24635","AREA":72},"bbox":[153948.06,167297.37,153961.53,167306.704]},{"type":"Feature","id":"Buildings.fid--324554a4_1a031387ba0_269c","geometry":{"type":"Polygon","coordinates":[[[153613.47,167153.82],[153619.667,167142.208],[153624.404,167144.751],[153618.17,167157.04],[153618.0161,167157.336],[153612.9992,167154.7245],[153613.47,167153.82]]]},"geometry_name":"GEOM","properties":{"INSPIRE_ID":"https://databrussels.be/id/building/1775347","BLOCK_ID":"https://databrussels.be/id/block/24635","AREA":78},"bbox":[153612.9992,167142.208,153624.404,167157.336]},{"type":"Feature","id":"Buildings.fid--324554a4_1a031387ba0_2583","geometry":{"type":"Polygon","coordinates":[[[153598.7,167430.44],[153605.9551,167424.9432],[153608.63,167422.75],[153612.29,167427.4],[153610.401,167428.69],[153602.47,167435.08],[153598.7,167430.44]]]},"geometry_name":"GEOM","properties":{"INSPIRE_ID":"https://databrussels.be/id/building/1775349","BLOCK_ID":"https://databrussels.be/id/block/26811","AREA":73},"bbox":[153598.7,167422.75,153612.29,167435.08]},{"type":"Feature","id":"Buildings.fid--324554a4_1a031387ba0_2420","geometry":{"type":"Polygon","coordinates":[[[153976.773,167289.102],[153980.17600501,167280.63791167],[153982.81124028,167275.24921534],[153984.59,167271.36],[153984.75,167271],[153990.08,167273.35],[153989.96,167273.61],[153987.01,167280.31],[153986.64,167281.16],[153984.88,167285.16],[153982.87,167289.956],[153976.773,167289.102]]]},"geometry_name":"GEOM","properties":{"INSPIRE_ID":"https://databrussels.be/id/building/1775720","BLOCK_ID":"https://databrussels.be/id/block/26449","AREA":113},"bbox":[153976.773,167271,153990.08,167289.956]},{"type":"Feature","id":"Buildings.fid--324554a4_1a031387ba0_248b","geometry":{"type":"Polygon","coordinates":[[[153933.396,167484.42],[153934.04291666,167482.11129725],[153936.09,167482.66],[153935.47,167484.97],[153933.396,167484.42]]]},"geometry_name":"GEOM","properties":{"INSPIRE_ID":"https://databrussels.be/id/building/1775725","BLOCK_ID":"https://databrussels.be/id/block/26220","AREA":5},"bbox":[153933.396,167482.11129725,153936.09,167484.97]},{"type":"Feature","id":"Buildings.fid--324554a4_1a031387ba0_2410","geometry":{"type":"Polygon","coordinates":[[[153899.11244497,167195.53791658],[153901.52692781,167196.9740707],[153900.59952161,167198.53005137],[153898.17190378,167197.20978619],[153899.11244497,167195.53791658]]]},"geometry_name":"GEOM","properties":{"INSPIRE_ID":"https://databrussels.be/id/building/1775726","BLOCK_ID":"https://databrussels.be/id/block/26449","AREA":5},"bbox":[153898.17190378,167195.53791658,153901.52692781,167198.53005137]},{"type":"Feature","id":"Buildings.fid--324554a4_1a031387ba0_24bd","geometry":{"type":"Polygon","coordinates":[[[153881.31629148,167315.30790573],[153882.77904217,167317.55887433],[153881.07547481,167318.61299068],[153879.65155996,167316.50564981],[153881.31629148,167315.30790573]]]},"geometry_name":"GEOM","properties":{"INSPIRE_ID":"https://databrussels.be/id/building/1775727","BLOCK_ID":"https://databrussels.be/id/block/24635","AREA":5},"bbox":[153879.65155996,167315.30790573,153882.77904217,167318.61299068]},{"type":"Feature","id":"Buildings.fid--324554a4_1a031387ba0_265b","geometry":{"type":"Polygon","coordinates":[[[153508.98576462,167296.97465992],[153511.17644179,167294.1001821],[153512.42,167294.93],[153510.33,167297.83],[153508.98576462,167296.97465992]]]},"geometry_name":"GEOM","properties":{"INSPIRE_ID":"https://databrussels.be/id/building/1775730","BLOCK_ID":"https://databrussels.be/id/block/24180","AREA":6},"bbox":[153508.98576462,167294.1001821,153512.42,167297.83]},{"type":"Feature","id":"Buildings.fid--324554a4_1a031387ba0_242c","geometry":{"type":"Polygon","coordinates":[[[153963.5903,167334.33640035],[153965.8224,167340.60390035],[153970.6905,167350.63790035],[153973,167358.51000036],[153966.04,167360.70000035],[153963.36,167351.14000036],[153962.21,167347.06000035],[153962.4727,167346.96640035],[153958.6068,167336.11110035],[153963.5903,167334.33640035]]]},"geometry_name":"GEOM","properties":{"INSPIRE_ID":"https://databrussels.be/id/building/1775736","BLOCK_ID":"https://databrussels.be/id/block/24635","AREA":162},"bbox":[153958.6068,167334.33640035,153973,167360.70000035]},{"type":"Feature","id":"Buildings.fid--324554a4_1a031387ba0_2612","geometry":{"type":"MultiPolygon","coordinates":[[[[153539.6528,167209.40020035],[153540.0652,167213.49350036],[153541.4884,167213.35010035],[153541.9366,167217.79890035],[153536.6096,167218.33560035],[153536.42,167216.23000035],[153535.86,167211.08500035],[153535.73,167210.05900035],[153535.7148,167209.79700035],[153539.6528,167209.40020035]]]]},"geometry_name":"GEOM","properties":{"INSPIRE_ID":"https://databrussels.be/id/building/1775743","BLOCK_ID":"https://databrussels.be/id/block/24180","AREA":40},"bbox":[153535.7148,167209.40020035,153541.9366,167218.33560035]},{"type":"Feature","id":"Buildings.fid--324554a4_1a031387ba0_24f2","geometry":{"type":"Polygon","coordinates":[[[153739,167421.165],[153742.54659313,167413.34576285],[153743.548,167411.053],[153747.44,167412.76],[153747.12619564,167415.28649945],[153743.464,167423.182],[153739,167421.165]]]},"geometry_name":"GEOM","properties":{"INSPIRE_ID":"https://databrussels.be/id/building/1775745","BLOCK_ID":"https://databrussels.be/id/block/24420","AREA":54},"bbox":[153739,167411.053,153747.44,167423.182]},{"type":"Feature","id":"Buildings.fid--324554a4_1a031387ba0_25a7","geometry":{"type":"Polygon","coordinates":[[[153514.65726242,167384.26013471],[153513.20593457,167385.75332595],[153513.01282275,167385.56860652],[153512.20480551,167384.79570463],[153513.57,167383.34],[153516.21426677,167380.63556907],[153519.09840155,167377.68581185],[153524.206,167372.462],[153526.853,167374.97],[153522.14886375,167379.5575705],[153518.66194518,167383.25128251],[153516.36,167385.77],[153514.65726242,167384.26013471]]]},"geometry_name":"GEOM","properties":{"INSPIRE_ID":"https://databrussels.be/id/building/1775746","BLOCK_ID":"https://databrussels.be/id/block/24596","AREA":57},"bbox":[153512.20480551,167372.462,153526.853,167385.77]},{"type":"Feature","id":"Buildings.fid--324554a4_1a031387ba0_2452","geometry":{"type":"Polygon","coordinates":[[[153936.525,167283.466],[153937.71511142,167274.59324869],[153938.36,167269.96],[153939.06,167270.06],[153940.72,167270.28],[153940.09,167275],[153941.52,167275.19],[153942.54369683,167275.28166378],[153941.232,167284.125],[153936.525,167283.466]]]},"geometry_name":"GEOM","properties":{"INSPIRE_ID":"https://databrussels.be/id/building/1775749","BLOCK_ID":"https://databrussels.be/id/block/26449","AREA":54},"bbox":[153936.525,167269.96,153942.54369683,167284.125]},{"type":"Feature","id":"Buildings.fid--324554a4_1a031387ba0_2601","geometry":{"type":"Polygon","coordinates":[[[153567.31,167333.84],[153569.76,167330.99],[153572.481,167327.832],[153575.87,167330.772],[153570.02984959,167337.29197631],[153568.30578539,167339.19985762],[153567.52,167339.98],[153564.37,167337.29],[153564.85,167336.73],[153567.31,167333.84]]]},"geometry_name":"GEOM","properties":{"INSPIRE_ID":"https://databrussels.be/id/building/1775751","BLOCK_ID":"https://databrussels.be/id/block/26811","AREA":54},"bbox":[153564.37,167327.832,153575.87,167339.98]},{"type":"Feature","id":"Buildings.fid--324554a4_1a031387ba0_25fa","geometry":{"type":"Polygon","coordinates":[[[153522.76,167312.2],[153526.10771009,167314.84107354],[153534.448,167321.265],[153532.147,167324.145],[153523.72172478,167317.65738179],[153522.86,167316.9],[153520.52,167315.06],[153522.76,167312.2]]]},"geometry_name":"GEOM","properties":{"INSPIRE_ID":"https://databrussels.be/id/building/1775757","BLOCK_ID":"https://databrussels.be/id/block/24180","AREA":54},"bbox":[153520.52,167312.2,153534.448,167324.145]},{"type":"Feature","id":"Buildings.fid--324554a4_1a031387ba0_23fd","geometry":{"type":"Polygon","coordinates":[[[153824.73,167260.02],[153828.287,167253.517],[153828.384,167253.342],[153832.451,167255.43],[153828.12523779,167263.33284924],[153827.02,167265.57],[153824.23,167264.06],[153823.6,167265.22],[153822.3,167264.51],[153824.13,167261.14],[153824.73,167260.02]]]},"geometry_name":"GEOM","properties":{"INSPIRE_ID":"https://databrussels.be/id/building/1775759","BLOCK_ID":"https://databrussels.be/id/block/24635","AREA":54},"bbox":[153822.3,167253.342,153832.451,167265.57]},{"type":"Feature","id":"Buildings.fid--324554a4_1a031387ba0_2637","geometry":{"type":"Polygon","coordinates":[[[153633.1614,167238.0453],[153631.4726,167240.5756],[153629.0771,167238.9767],[153630.7658,167236.4464],[153633.1614,167238.0453]]]},"geometry_name":"GEOM","properties":{"INSPIRE_ID":"https://databrussels.be/id/building/1775798","BLOCK_ID":"https://databrussels.be/id/block/24180","AREA":9},"bbox":[153629.0771,167236.4464,153633.1614,167240.5756]},{"type":"Feature","id":"Buildings.fid--324554a4_1a031387ba0_24cd","geometry":{"type":"Polygon","coordinates":[[[153853.994,167375.217],[153859.846,167373.461],[153860.59,167375.93],[153854.78,167377.68],[153853.994,167375.217]]]},"geometry_name":"GEOM","properties":{"INSPIRE_ID":"https://databrussels.be/id/building/1775800","BLOCK_ID":"https://databrussels.be/id/block/24420","AREA":16},"bbox":[153853.994,167373.461,153860.59,167377.68]},{"type":"Feature","id":"Buildings.fid--324554a4_1a031387ba0_257d","geometry":{"type":"Polygon","coordinates":[[[153628.9535,167411.5187],[153627.7261,167412.9496],[153626.1537,167411.6007],[153627.3811,167410.1699],[153628.9535,167411.5187]]]},"geometry_name":"GEOM","properties":{"INSPIRE_ID":"https://databrussels.be/id/building/1776553","BLOCK_ID":"https://databrussels.be/id/block/26811","AREA":4},"bbox":[153626.1537,167410.1699,153628.9535,167412.9496]},{"type":"Feature","id":"Buildings.fid--324554a4_1a031387ba0_26eb","geometry":{"type":"Polygon","coordinates":[[[153534.21175297,167015.34020222],[153536.39658051,167016.48647403],[153535.56757643,167018.06658],[153533.38274889,167016.92030819],[153534.21175297,167015.34020222]]]},"geometry_name":"GEOM","properties":{"INSPIRE_ID":"https://databrussels.be/id/building/1776861","BLOCK_ID":"https://databrussels.be/id/block/26197","AREA":4},"bbox":[153533.38274889,167015.34020222,153536.39658051,167018.06658]},{"type":"Feature","id":"Buildings.fid--324554a4_1a031387ba0_2415","geometry":{"type":"Polygon","coordinates":[[[153964.91441771,167226.27064183],[153963.73023459,167228.60189491],[153961.50071994,167227.46939084],[153962.68490305,167225.13813776],[153964.91441771,167226.27064183]]]},"geometry_name":"GEOM","properties":{"INSPIRE_ID":"https://databrussels.be/id/building/1776863","BLOCK_ID":"https://databrussels.be/id/block/26449","AREA":7},"bbox":[153961.50071994,167225.13813776,153964.91441771,167228.60189491]},{"type":"Feature","id":"Buildings.fid--324554a4_1a031387ba0_262f","geometry":{"type":"Polygon","coordinates":[[[153674.49151958,167204.91056212],[153676.91050175,167205.44434355],[153676.34426279,167207.7599079],[153673.26712567,167207.01452203],[153674.49151958,167204.91056212]]]},"geometry_name":"GEOM","properties":{"INSPIRE_ID":"https://databrussels.be/id/building/1776864","BLOCK_ID":"https://databrussels.be/id/block/24635","AREA":7},"bbox":[153673.26712567,167204.91056212,153676.91050175,167207.7599079]},{"type":"Feature","id":"Buildings.fid--324554a4_1a031387ba0_2630","geometry":{"type":"Polygon","coordinates":[[[153682.4099851,167206.34275951],[153683.24337667,167207.1562766],[153682.82034792,167208.61444154],[153679.26355805,167207.60363865],[153679.94891463,167205.57652741],[153682.4099851,167206.34275951]]]},"geometry_name":"GEOM","properties":{"INSPIRE_ID":"https://databrussels.be/id/building/1776865","BLOCK_ID":"https://databrussels.be/id/block/24635","AREA":7},"bbox":[153679.26355805,167205.57652741,153683.24337667,167208.61444154]},{"type":"Feature","id":"Buildings.fid--324554a4_1a031387ba0_260b","geometry":{"type":"Polygon","coordinates":[[[153554.22348183,167346.18644264],[153555.20584221,167346.97790792],[153554.48057164,167347.87810797],[153553.49821125,167347.08664269],[153554.22348183,167346.18644264]]]},"geometry_name":"GEOM","properties":{"INSPIRE_ID":"https://databrussels.be/id/building/1776868","BLOCK_ID":"https://databrussels.be/id/block/26811","AREA":1},"bbox":[153553.49821125,167346.18644264,153555.20584221,167347.87810797]},{"type":"Feature","id":"Buildings.fid--324554a4_1a031387ba0_25c7","geometry":{"type":"Polygon","coordinates":[[[153654.58515065,167322.27499714],[153661.07,167317.45],[153663.28754551,167319.50215075],[153658.21869397,167325.36856202],[153654.58515065,167322.27499714]]]},"geometry_name":"GEOM","properties":{"INSPIRE_ID":"https://databrussels.be/id/building/1776869","BLOCK_ID":"https://databrussels.be/id/block/24180","AREA":31},"bbox":[153654.58515065,167317.45,153663.28754551,167325.36856202]},{"type":"Feature","id":"Buildings.fid--324554a4_1a031387ba0_257b","geometry":{"type":"Polygon","coordinates":[[[153664.32,167415.95],[153669.588,167404.258],[153675.165,167406.753],[153669.82000014,167418.54999987],[153664.32,167415.95]]]},"geometry_name":"GEOM","properties":{"INSPIRE_ID":"https://databrussels.be/id/building/1776894","BLOCK_ID":"https://databrussels.be/id/block/26811","AREA":79},"bbox":[153664.32,167404.258,153675.165,167418.54999987]},{"type":"Feature","id":"Buildings.fid--324554a4_1a031387ba0_252a","geometry":{"type":"Polygon","coordinates":[[[153720.30908411,167470.8779083],[153721.49570826,167471.23715601],[153721.21713841,167472.2639802],[153725.81,167473.27],[153724.99310756,167476.45195933],[153722.459,167485.91],[153716.595,167484.315],[153719.44457283,167473.86976714],[153719.87,167472.56],[153720.30908411,167470.8779083]]]},"geometry_name":"GEOM","properties":{"INSPIRE_ID":"https://databrussels.be/id/building/1776895","BLOCK_ID":"https://databrussels.be/id/block/26220","AREA":79},"bbox":[153716.595,167470.8779083,153725.81,167485.91]},{"type":"Feature","id":"Buildings.fid--324554a4_1a031387ba0_2551","geometry":{"type":"Polygon","coordinates":[[[153587.282,167492.899],[153592.122,167491.219],[153595.689,167500.61],[153597.4412,167505.8263],[153594.1319,167506.938],[153592.8087,167502.9991],[153591.1315,167503.5625],[153590.719,167502.419],[153587.282,167492.899]]]},"geometry_name":"GEOM","properties":{"INSPIRE_ID":"https://databrussels.be/id/building/1776918","BLOCK_ID":"https://databrussels.be/id/block/27459","AREA":74},"bbox":[153587.282,167491.219,153597.4412,167506.938]},{"type":"Feature","id":"Buildings.fid--324554a4_1a031387ba0_2544","geometry":{"type":"Polygon","coordinates":[[[153678.87095084,167474.05680397],[153694.32105101,167478.25894112],[153695.64659774,167473.09067096],[153696.09577965,167471.33932309],[153696.88201145,167468.27382701],[153693.96200987,167458.96086288],[153678.88493098,167463.53888181],[153680.41006636,167468.92086475],[153678.87095084,167474.05680397]]]},"geometry_name":"GEOM","properties":{"INSPIRE_ID":"https://databrussels.be/id/building/1776936","BLOCK_ID":"https://databrussels.be/id/block/26220","AREA":246},"bbox":[153678.87095084,167458.96086288,153696.88201145,167478.25894112]},{"type":"Feature","id":"Buildings.fid--324554a4_1a031387ba0_25c5","geometry":{"type":"Polygon","coordinates":[[[153624.59280687,167336.17272078],[153628.70080283,167341.48079684],[153641.80740227,167331.72359745],[153650.39599444,167325.32982561],[153652.91099549,167323.45781028],[153661.07,167317.45],[153658.168,167313.303],[153657.44832474,167312.33820761],[153652.4347472,167316.11732349],[153652.05971804,167315.56538973],[153649.25978874,167317.50077251],[153649.79048766,167318.23805212],[153646.41873349,167320.68115942],[153640.37150885,167312.79099018],[153632.02275437,167319.14682982],[153637.99277665,167327.3176036],[153632.98410553,167331.31868967],[153632.28910369,167330.43951853],[153624.59280687,167336.17272078]]]},"geometry_name":"GEOM","properties":{"INSPIRE_ID":"https://databrussels.be/id/building/1776937","BLOCK_ID":"https://databrussels.be/id/block/24180","AREA":358},"bbox":[153624.59280687,167312.33820761,153661.07,167341.48079684]},{"type":"Feature","id":"Buildings.fid--324554a4_1a031387ba0_2560","geometry":{"type":"MultiPolygon","coordinates":[[[[153535.93,167431.55000036],[153534.532,167427.75100035],[153532.14,167421.71000035],[153541.83,167411.37000035],[153546.355,167406.69600035],[153552.89,167399.58500035],[153555.863,167402.44200036],[153548.89,167409.73000035],[153549.93,167410.68000035],[153549.16,167411.51000036],[153552.16,167414.25000035],[153550.8841,167415.80310035],[153550.7564,167415.95850035],[153550.724,167415.99800035],[153548.501,167418.22100035],[153547.811,167418.91100035],[153547.63,167419.09200035],[153547.3537,167419.38570035],[153535.937,167431.56820035],[153535.93,167431.55000036]]]]},"geometry_name":"GEOM","properties":{"INSPIRE_ID":"https://databrussels.be/id/building/1776939","BLOCK_ID":"https://databrussels.be/id/block/24596","AREA":250},"bbox":[153532.14,167399.58500035,153555.863,167431.56820035]},{"type":"Feature","id":"Buildings.fid--324554a4_1a031387ba0_266f","geometry":{"type":"Polygon","coordinates":[[[153745.946,167209.707],[153743.8911,167213.5501],[153743.8699,167213.5899],[153741.7033,167217.6421],[153741.6466,167217.7478],[153740.4231,167220.0361],[153740.235,167220.388],[153737.998,167219.2035],[153737.2102,167220.6903],[153735.8724,167219.983],[153736.1,167219.57],[153736.6851,167218.5083],[153736.741,167218.407],[153737.8988,167216.3089],[153738.1581,167215.8391],[153738.2396,167215.6915],[153740.2599,167212.0299],[153740.4591,167211.6691],[153742.54,167207.899],[153745.946,167209.707]]]},"geometry_name":"GEOM","properties":{"INSPIRE_ID":"https://databrussels.be/id/building/1776941","BLOCK_ID":"https://databrussels.be/id/block/24635","AREA":50},"bbox":[153735.8724,167207.899,153745.946,167220.6903]},{"type":"Feature","id":"Buildings.fid--324554a4_1a031387ba0_251d","geometry":{"type":"Polygon","coordinates":[[[153731.71217471,167381.55658615],[153730.37082996,167383.74992179],[153728.25765744,167382.45760117],[153729.59900218,167380.26426553],[153731.71217471,167381.55658615]]]},"geometry_name":"GEOM","properties":{"INSPIRE_ID":"https://databrussels.be/id/building/1777985","BLOCK_ID":"https://databrussels.be/id/block/24420","AREA":6},"bbox":[153728.25765744,167380.26426553,153731.71217471,167383.74992179]},{"type":"Feature","id":"Buildings.fid--324554a4_1a031387ba0_24cc","geometry":{"type":"Polygon","coordinates":[[[153837.09744241,167370.9252038],[153837.69708519,167372.98885865],[153835.15714701,167373.7268966],[153834.55750423,167371.66324176],[153837.09744241,167370.9252038]]]},"geometry_name":"GEOM","properties":{"INSPIRE_ID":"https://databrussels.be/id/building/1777986","BLOCK_ID":"https://databrussels.be/id/block/24420","AREA":6},"bbox":[153834.55750423,167370.9252038,153837.69708519,167373.7268966]},{"type":"Feature","id":"Buildings.fid--324554a4_1a031387ba0_248e","geometry":{"type":"Polygon","coordinates":[[[153912.74726098,167485.63248614],[153912.09373282,167487.72655395],[153910.1624948,167487.1238426],[153910.81602296,167485.02977479],[153912.74726098,167485.63248614]]]},"geometry_name":"GEOM","properties":{"INSPIRE_ID":"https://databrussels.be/id/building/1777987","BLOCK_ID":"https://databrussels.be/id/block/26220","AREA":4},"bbox":[153910.1624948,167485.02977479,153912.74726098,167487.72655395]},{"type":"Feature","id":"Buildings.fid--324554a4_1a031387ba0_25e2","geometry":{"type":"Polygon","coordinates":[[[153618.11631982,167404.04030662],[153616.14186932,167405.87998009],[153614.62017432,167403.94534377],[153616.62658698,167402.24647419],[153617.81,167403.67],[153618.11631982,167404.04030662]]]},"geometry_name":"GEOM","properties":{"INSPIRE_ID":"https://databrussels.be/id/building/1777988","BLOCK_ID":"https://databrussels.be/id/block/26811","AREA":6},"bbox":[153614.62017432,167402.24647419,153618.11631982,167405.87998009]},{"type":"Feature","id":"Buildings.fid--324554a4_1a031387ba0_2577","geometry":{"type":"Polygon","coordinates":[[[153555.94988127,167451.39493737],[153557.02772293,167454.66499395],[153554.41231951,167455.52705572],[153553.33447786,167452.25699914],[153555.94988127,167451.39493737]]]},"geometry_name":"GEOM","properties":{"INSPIRE_ID":"https://databrussels.be/id/building/1777989","BLOCK_ID":"https://databrussels.be/id/block/24596","AREA":9},"bbox":[153553.33447786,167451.39493737,153557.02772293,167455.52705572]},{"type":"Feature","id":"Buildings.fid--324554a4_1a031387ba0_2585","geometry":{"type":"Polygon","coordinates":[[[153653.77849816,167432.59072138],[153651.05999971,167423.84000017],[153657.12,167423.96],[153659.08,167423.99],[153660.22786299,167428.19909044],[153660.93,167429.62],[153661.55,167431.64],[153657.4,167432.93],[153657.35,167432.68],[153654.12,167433.69],[153653.77849816,167432.59072138]]]},"geometry_name":"GEOM","properties":{"INSPIRE_ID":"https://databrussels.be/id/building/1778069","BLOCK_ID":"https://databrussels.be/id/block/26811","AREA":70},"bbox":[153651.05999971,167423.84000017,153661.55,167433.69]},{"type":"Feature","id":"Buildings.fid--324554a4_1a031387ba0_252c","geometry":{"type":"Polygon","coordinates":[[[153731.55,167488.367],[153733.89117306,167479.15479817],[153735.20999971,167474.83000039],[153739.8700002,167476.09000004],[153739.76,167476.94],[153738.961,167479.88],[153738.82,167480.38],[153736.231,167489.631],[153731.55,167488.367]]]},"geometry_name":"GEOM","properties":{"INSPIRE_ID":"https://databrussels.be/id/building/1778070","BLOCK_ID":"https://databrussels.be/id/block/26220","AREA":70},"bbox":[153731.55,167474.83000039,153739.8700002,167489.631]},{"type":"Feature","id":"Buildings.fid--324554a4_1a031387ba0_2688","geometry":{"type":"Polygon","coordinates":[[[153701.56,167202.97],[153704.40378364,167198.05157732],[153708.878,167189.94],[153713.083,167192.183],[153705.69000015,167205.13000012],[153701.56,167202.97]]]},"geometry_name":"GEOM","properties":{"INSPIRE_ID":"https://databrussels.be/id/building/1778073","BLOCK_ID":"https://databrussels.be/id/block/24635","AREA":70},"bbox":[153701.56,167189.94,153713.083,167205.13000012]},{"type":"Feature","id":"Buildings.fid--324554a4_1a031387ba0_24e4","geometry":{"type":"Polygon","coordinates":[[[153797.52919225,167395.5877015],[153803.28,167393.79],[153807.401,167407.528],[153801.405,167409.333],[153798.77,167399.97],[153797.76,167396.36],[153797.52919225,167395.5877015]]]},"geometry_name":"GEOM","properties":{"INSPIRE_ID":"https://databrussels.be/id/building/1778078","BLOCK_ID":"https://databrussels.be/id/block/24420","AREA":88},"bbox":[153797.52919225,167393.79,153807.401,167409.333]},{"type":"Feature","id":"Buildings.fid--324554a4_1a031387ba0_2402","geometry":{"type":"Polygon","coordinates":[[[153838.71,167273.87],[153844.848,167261.848],[153849.267,167264.142],[153844.97581097,167272.33839157],[153842.64,167276.48],[153838.5,167274.25],[153838.71,167273.87]]]},"geometry_name":"GEOM","properties":{"INSPIRE_ID":"https://databrussels.be/id/building/1778091","BLOCK_ID":"https://databrussels.be/id/block/24635","AREA":68},"bbox":[153838.5,167261.848,153849.267,167276.48]},{"type":"Feature","id":"Buildings.fid--324554a4_1a031387ba0_240c","geometry":{"type":"Polygon","coordinates":[[[153876.04775217,167221.21362732],[153874.78332634,167220.63359338],[153875.56757571,167218.99779955],[153876.81724693,167219.63072691],[153876.04775217,167221.21362732]]]},"geometry_name":"GEOM","properties":{"INSPIRE_ID":"https://databrussels.be/id/building/1778098","BLOCK_ID":"https://databrussels.be/id/block/26449","AREA":2},"bbox":[153874.78332634,167218.99779955,153876.81724693,167221.21362732]},{"type":"Feature","id":"Buildings.fid--324554a4_1a031387ba0_258f","geometry":{"type":"Polygon","coordinates":[[[153667.38100046,167432.69800033],[153668.72925748,167432.17541914],[153669.39999994,167434.43099989],[153668.08000023,167434.81999981],[153667.50295211,167433.06821783],[153667.38100046,167432.69800033]]]},"geometry_name":"GEOM","properties":{"INSPIRE_ID":"https://databrussels.be/id/building/1778103","BLOCK_ID":"https://databrussels.be/id/block/26811","AREA":3},"bbox":[153667.38100046,167432.17541914,153669.39999994,167434.81999981]},{"type":"Feature","id":"Buildings.fid--324554a4_1a031387ba0_243f","geometry":{"type":"Polygon","coordinates":[[[153892.59221318,167322.96717588],[153891.84185926,167323.76162798],[153892.59535302,167324.59202983],[153891.31433098,167325.93966216],[153890.42027427,167325.19697455],[153889.65088174,167326.0631975],[153885.58568507,167321.888508],[153887.73956924,167319.71792541],[153888.51819059,167320.65005578],[153889.35034604,167319.81609943],[153892.59221318,167322.96717588]]]},"geometry_name":"GEOM","properties":{"INSPIRE_ID":"https://databrussels.be/id/building/1778106","BLOCK_ID":"https://databrussels.be/id/block/24635","AREA":25},"bbox":[153885.58568507,167319.71792541,153892.59535302,167326.0631975]},{"type":"Feature","id":"Buildings.fid--324554a4_1a031387ba0_250f","geometry":{"type":"Polygon","coordinates":[[[153714.89999968,167295.62000022],[153719.27,167292.65],[153722.2829501,167296.80872201],[153727.144,167304.148],[153722.583,167307.282],[153717.77440078,167299.96078553],[153714.89999968,167295.62000022]]]},"geometry_name":"GEOM","properties":{"INSPIRE_ID":"https://databrussels.be/id/building/1778112","BLOCK_ID":"https://databrussels.be/id/block/24180","AREA":76},"bbox":[153714.89999968,167292.65,153727.144,167307.282]},{"type":"Feature","id":"Buildings.fid--324554a4_1a031387ba0_247d","geometry":{"type":"Polygon","coordinates":[[[153941.0577,167461.649],[153943.0272,167462.1497],[153942.94,167462.48],[153950.83,167464.304],[153949.553,167469.083],[153941.72,167467.12],[153939.7889,167466.6396],[153941.0577,167461.649]]]},"geometry_name":"GEOM","properties":{"INSPIRE_ID":"https://databrussels.be/id/building/1778232","BLOCK_ID":"https://databrussels.be/id/block/26220","AREA":50},"bbox":[153939.7889,167461.649,153950.83,167469.083]},{"type":"Feature","id":"Buildings.fid--324554a4_1a031387ba0_266d","geometry":{"type":"Polygon","coordinates":[[[153727.15,167215.35],[153733.481,167203.066],[153737.998,167205.476],[153731.66,167217.26],[153729.58,167216.17],[153728.99,167217.23],[153726.75,167216.06],[153727.15,167215.35]]]},"geometry_name":"GEOM","properties":{"INSPIRE_ID":"https://databrussels.be/id/building/1779223","BLOCK_ID":"https://databrussels.be/id/block/24635","AREA":70},"bbox":[153726.75,167203.066,153737.998,167217.26]},{"type":"Feature","id":"Buildings.fid--324554a4_1a031387ba0_25b3","geometry":{"type":"Polygon","coordinates":[[[153544.32,167375.12],[153550.59607421,167368.19809326],[153553.12,167365.8],[153557.01,167369.52],[153554.29714932,167372.15621359],[153548.12,167378.7],[153548.04,167378.62],[153544.32,167375.12]]]},"geometry_name":"GEOM","properties":{"INSPIRE_ID":"https://databrussels.be/id/building/1779245","BLOCK_ID":"https://databrussels.be/id/block/26811","AREA":68},"bbox":[153544.32,167365.8,153557.01,167378.7]},{"type":"Feature","id":"Buildings.fid--324554a4_1a031387ba0_244c","geometry":{"type":"Polygon","coordinates":[[[153919.127,167281.03],[153920.39536491,167272.45836797],[153924.11,167264.75],[153927.96,167266.63],[153925.56801559,167271.52491134],[153925.2998151,167273.63278293],[153924.267,167281.75],[153919.127,167281.03]]]},"geometry_name":"GEOM","properties":{"INSPIRE_ID":"https://databrussels.be/id/building/1779249","BLOCK_ID":"https://databrussels.be/id/block/26449","AREA":78},"bbox":[153919.127,167264.75,153927.96,167281.75]},{"type":"Feature","id":"Buildings.fid--324554a4_1a031387ba0_2400","geometry":{"type":"Polygon","coordinates":[[[153828.52999946,167269.03000009],[153830.67705067,167264.89427891],[153831.34441783,167265.25583452],[153835.686,167257.091],[153840.427,167259.553],[153835.36193349,167269.13736821],[153833.89,167271.93],[153828.52999946,167269.03000009]]]},"geometry_name":"GEOM","properties":{"INSPIRE_ID":"https://databrussels.be/id/building/1779250","BLOCK_ID":"https://databrussels.be/id/block/24635","AREA":78},"bbox":[153828.52999946,167257.091,153840.427,167271.93]},{"type":"Feature","id":"Buildings.fid--324554a4_1a031387ba0_2492","geometry":{"type":"Polygon","coordinates":[[[153930.772,167488.48],[153932.69,167489],[153935.18242796,167489.72533404],[153943.474,167491.839],[153942.318,167496.168],[153932.4293221,167493.43909753],[153931.06,167493.12],[153929.07,167492.58],[153930.44,167488.39],[153930.772,167488.48]]]},"geometry_name":"GEOM","properties":{"INSPIRE_ID":"https://databrussels.be/id/building/1779253","BLOCK_ID":"https://databrussels.be/id/block/26220","AREA":60},"bbox":[153929.07,167488.39,153943.474,167496.168]},{"type":"Feature","id":"Buildings.fid--324554a4_1a031387ba0_2584","geometry":{"type":"Polygon","coordinates":[[[153704.872,167437.957],[153699.274,167439.629],[153695.24,167426.46],[153700.28017706,167425.09995222],[153700.08430054,167424.29605556],[153700.73688072,167422.76784383],[153701.78821264,167423.29127333],[153700.91,167424.93],[153704.872,167437.957]]]},"geometry_name":"GEOM","properties":{"INSPIRE_ID":"https://databrussels.be/id/building/1779261","BLOCK_ID":"https://databrussels.be/id/block/26811","AREA":82},"bbox":[153695.24,167422.76784383,153704.872,167439.629]},{"type":"Feature","id":"Buildings.fid--324554a4_1a031387ba0_25f3","geometry":{"type":"Polygon","coordinates":[[[153537.95,167293.04],[153543.86282407,167297.58251921],[153549.622,167302.272],[153546.883,167305.701],[153541.10981534,167301.11780586],[153538.54,167298.94],[153539.71,167297.42],[153536.49,167294.95],[153537.95,167293.04]]]},"geometry_name":"GEOM","properties":{"INSPIRE_ID":"https://databrussels.be/id/building/1779272","BLOCK_ID":"https://databrussels.be/id/block/24180","AREA":57},"bbox":[153536.49,167293.04,153549.622,167305.701]},{"type":"Feature","id":"Buildings.fid--324554a4_1a031387ba0_2687","geometry":{"type":"Polygon","coordinates":[[[153699.4411,167171.02880035],[153705.2022,167160.00260035],[153709.18,167162.14000035],[153709.09,167162.32000035],[153707.7875,167165.24640035],[153707.732,167165.37100035],[153703.533,167173.21400035],[153699.4411,167171.02880035]]]},"geometry_name":"GEOM","properties":{"INSPIRE_ID":"https://databrussels.be/id/building/1779274","BLOCK_ID":"https://databrussels.be/id/block/26449","AREA":58},"bbox":[153699.4411,167160.00260035,153709.18,167173.21400035]},{"type":"Feature","id":"Buildings.fid--324554a4_1a031387ba0_2694","geometry":{"type":"Polygon","coordinates":[[[153739.162,167192.248],[153744.99000002,167180.99999453],[153749.21999943,167183.27999445],[153742.947,167194.27],[153739.162,167192.248]]]},"geometry_name":"GEOM","properties":{"INSPIRE_ID":"https://databrussels.be/id/building/1779278","BLOCK_ID":"https://databrussels.be/id/block/26449","AREA":58},"bbox":[153739.162,167180.99999453,153749.21999943,167194.27]},{"type":"Feature","id":"Buildings.fid--324554a4_1a031387ba0_260e","geometry":{"type":"Polygon","coordinates":[[[153525.23,167356.81],[153531.30999965,167350.46000041],[153533.02,167348.68],[153536.74000002,167352.16000018],[153534.577888,167354.46616848],[153528.85,167360.33],[153525.23,167356.81]]]},"geometry_name":"GEOM","properties":{"INSPIRE_ID":"https://databrussels.be/id/building/1779280","BLOCK_ID":"https://databrussels.be/id/block/26811","AREA":58},"bbox":[153525.23,167348.68,153536.74000002,167360.33]},{"type":"Feature","id":"Buildings.fid--324554a4_1a031387ba0_24e3","geometry":{"type":"Polygon","coordinates":[[[153878.804,167476.79584244],[153881.02603392,167477.3701246],[153881.59441506,167475.24954942],[153879.374,167474.71884244],[153878.804,167476.79584244]]]},"geometry_name":"GEOM","properties":{"INSPIRE_ID":"https://databrussels.be/id/building/1779456","BLOCK_ID":"https://databrussels.be/id/block/26220","AREA":5},"bbox":[153878.804,167474.71884244,153881.59441506,167477.3701246]},{"type":"Feature","id":"Buildings.fid--324554a4_1a031387ba0_2485","geometry":{"type":"Polygon","coordinates":[[[153881.02603392,167477.3701246],[153888.036,167479.18184244],[153888.407,167476.87784244],[153881.59441506,167475.24954942],[153881.02603392,167477.3701246]]]},"geometry_name":"GEOM","properties":{"INSPIRE_ID":"https://databrussels.be/id/building/1779457","BLOCK_ID":"https://databrussels.be/id/block/26220","AREA":16},"bbox":[153881.02603392,167475.24954942,153888.407,167479.18184244]},{"type":"Feature","id":"Buildings.fid--324554a4_1a031387ba0_2657","geometry":{"type":"Polygon","coordinates":[[[153510.42,167247.14],[153510.424,167247.174],[153505.971,167247.571],[153505.872,167246.567],[153505.602,167243.805],[153505.59,167243.65],[153505.5708,167243.4136],[153505.2149,167239.03],[153505.214,167239.019],[153504.871,167234.776],[153509.38,167234.374],[153509.7627,167238.6245],[153509.765,167238.65],[153510.1573,167243.0046],[153510.182,167243.279],[153510.202,167243.494],[153510.351,167245.999],[153510.42,167247.14]]]},"geometry_name":"GEOM","properties":{"INSPIRE_ID":"https://databrussels.be/id/building/1780388","BLOCK_ID":"https://databrussels.be/id/block/24180","AREA":59},"bbox":[153504.871,167234.374,153510.424,167247.571]},{"type":"Feature","id":"Buildings.fid--324554a4_1a031387ba0_2606","geometry":{"type":"Polygon","coordinates":[[[153578.773,167333.291],[153581.857,167335.967],[153576.0409,167342.4508],[153571.77508843,167347.21935519],[153568.81043539,167344.56214521],[153572.8901,167339.7487],[153578.773,167333.291]]]},"geometry_name":"GEOM","properties":{"INSPIRE_ID":"https://databrussels.be/id/building/1780393","BLOCK_ID":"https://databrussels.be/id/block/26811","AREA":62},"bbox":[153568.81043539,167333.291,153581.857,167347.21935519]},{"type":"Feature","id":"Buildings.fid--324554a4_1a031387ba0_2535","geometry":{"type":"Polygon","coordinates":[[[153764.75,167467.79],[153775.16,167467.67],[153774.22474721,167471.09276282],[153773.22,167474.94],[153763.48,167472.39],[153764.75,167467.79]]]},"geometry_name":"GEOM","properties":{"INSPIRE_ID":"https://databrussels.be/id/building/1780394","BLOCK_ID":"https://databrussels.be/id/block/26220","AREA":62},"bbox":[153763.48,167467.67,153775.16,167474.94]},{"type":"Feature","id":"Buildings.fid--324554a4_1a031387ba0_2559","geometry":{"type":"Polygon","coordinates":[[[153498.16,167494.06],[153502.8,167492.21],[153503.97,167495.06],[153507.564,167503.901],[153502.951,167505.9],[153499.63121644,167496.8977481],[153498.16,167494.06]]]},"geometry_name":"GEOM","properties":{"INSPIRE_ID":"https://databrussels.be/id/building/1780397","BLOCK_ID":"https://databrussels.be/id/block/24596","AREA":62},"bbox":[153498.16,167492.21,153507.564,167505.9]},{"type":"Feature","id":"Buildings.fid--324554a4_1a031387ba0_2663","geometry":{"type":"Polygon","coordinates":[[[153519.62000037,167209.33000012],[153519.54531272,167208.16952521],[153519.39605044,167205.85033145],[153523.4100005,167205.45999986],[153524.529,167220.797],[153520.589,167221.171],[153519.65000044,167209.84000026],[153519.62000037,167209.33000012]]]},"geometry_name":"GEOM","properties":{"INSPIRE_ID":"https://databrussels.be/id/building/1780400","BLOCK_ID":"https://databrussels.be/id/block/24180","AREA":62},"bbox":[153519.39605044,167205.45999986,153524.529,167221.171]},{"type":"Feature","id":"Buildings.fid--324554a4_1a031387ba0_24ec","geometry":{"type":"Polygon","coordinates":[[[153768.4968309,167406.53108009],[153769.44,167406.26],[153773.19,167405.16],[153774.16,167408.3],[153776.728,167416.659],[153772.199,167417.998],[153768.4968309,167406.53108009]]]},"geometry_name":"GEOM","properties":{"INSPIRE_ID":"https://databrussels.be/id/building/1780409","BLOCK_ID":"https://databrussels.be/id/block/24420","AREA":58},"bbox":[153768.4968309,167405.16,153776.728,167417.998]},{"type":"Feature","id":"Buildings.fid--324554a4_1a031387ba0_2532","geometry":{"type":"Polygon","coordinates":[[[153752.92,167494.14],[153756.05,167481.64],[153756.43,167480.2],[153759.06,167480.91],[153757.83,167485.48],[153760.09,167486.09],[153757.566,167495.395],[153752.92,167494.14]]]},"geometry_name":"GEOM","properties":{"INSPIRE_ID":"https://databrussels.be/id/building/1780419","BLOCK_ID":"https://databrussels.be/id/block/26220","AREA":60},"bbox":[153752.92,167480.2,153760.09,167495.395]},{"type":"Feature","id":"Buildings.fid--324554a4_1a031387ba0_25aa","geometry":{"type":"Polygon","coordinates":[[[153518.84,167388.41],[153522.19820598,167384.94784814],[153524.73423466,167382.28338913],[153529.641,167377.606],[153532.41,167380.225],[153525.90217715,167386.59188949],[153521.45,167391.32],[153518.61,167388.65],[153518.84,167388.41]]]},"geometry_name":"GEOM","properties":{"INSPIRE_ID":"https://databrussels.be/id/building/1780421","BLOCK_ID":"https://databrussels.be/id/block/24596","AREA":60},"bbox":[153518.61,167377.606,153532.41,167391.32]},{"type":"Feature","id":"Buildings.fid--324554a4_1a031387ba0_25db","geometry":{"type":"Polygon","coordinates":[[[153684.068,167396.341],[153688.18577823,167387.7345235],[153688.52672945,167387.02190887],[153690.6476424,167387.98989439],[153692.23,167384.49],[153695.17,167385.83],[153694.7,167386.87],[153693.07,167390.32],[153689.151,167398.638],[153684.068,167396.341]]]},"geometry_name":"GEOM","properties":{"INSPIRE_ID":"https://databrussels.be/id/building/1780425","BLOCK_ID":"https://databrussels.be/id/block/24420","AREA":70},"bbox":[153684.068,167384.49,153695.17,167398.638]},{"type":"Feature","id":"Buildings.fid--324554a4_1a031387ba0_2510","geometry":{"type":"Polygon","coordinates":[[[153710.20000045,167298.80999999],[153714.89999968,167295.62000022],[153717.77440078,167299.96078553],[153722.583,167307.282],[153718.141,167310.334],[153713.12236074,167302.83790811],[153710.20000045,167298.80999999]]]},"geometry_name":"GEOM","properties":{"INSPIRE_ID":"https://databrussels.be/id/building/1780431","BLOCK_ID":"https://databrussels.be/id/block/24180","AREA":77},"bbox":[153710.20000045,167295.62000022,153722.583,167310.334]},{"type":"Feature","id":"Buildings.fid--324554a4_1a031387ba0_2503","geometry":{"type":"Polygon","coordinates":[[[153748.77,167273.9],[153746.72,167270.96],[153748.57,167269.77],[153749.12,167270.62],[153750.42,167269.78],[153752.93,167273.65],[153753.66690706,167274.65921266],[153755.51,167273.42],[153756.22,167274.48],[153760.712,167281.084],[153755.836,167284.434],[153750.83969911,167276.52499104],[153748.77,167273.9]]]},"geometry_name":"GEOM","properties":{"INSPIRE_ID":"https://databrussels.be/id/building/1780433","BLOCK_ID":"https://databrussels.be/id/block/24180","AREA":77},"bbox":[153746.72,167269.77,153760.712,167284.434]},{"type":"Feature","id":"Buildings.fid--324554a4_1a031387ba0_25c1","geometry":{"type":"Polygon","coordinates":[[[153575.32,167404.27],[153582.04385027,167398.08507783],[153585.26,167394.33],[153589.94,167398.88],[153587.45234327,167400.73118991],[153578.9,167407.63],[153575.32,167404.27]]]},"geometry_name":"GEOM","properties":{"INSPIRE_ID":"https://databrussels.be/id/building/1780435","BLOCK_ID":"https://databrussels.be/id/block/26811","AREA":77},"bbox":[153575.32,167394.33,153589.94,167407.63]},{"type":"Feature","id":"Buildings.fid--324554a4_1a031387ba0_25cc","geometry":{"type":"Polygon","coordinates":[[[153648.1299996,167360.78000011],[153655.34,167353.53],[153656.97,167352.05],[153659.52,167352.27],[153661.47,167354.43],[153661.21,167355.96],[153659.34,167357.47],[153652.09999965,167364.74000017],[153648.1299996,167360.78000011]]]},"geometry_name":"GEOM","properties":{"INSPIRE_ID":"https://databrussels.be/id/building/1780436","BLOCK_ID":"https://databrussels.be/id/block/24180","AREA":77},"bbox":[153648.1299996,167352.05,153661.47,167364.74000017]},{"type":"Feature","id":"Buildings.fid--324554a4_1a031387ba0_2437","geometry":{"type":"Polygon","coordinates":[[[153983.873,167494.919],[153984.755,167496.714],[153984.0829,167497.0446],[153984.97,167498.85],[153984.7491,167498.9576],[153981.468,167500.556],[153981.4117,167500.5834],[153978.09,167502.203],[153976.3454,167498.6524],[153979.6555,167497.0092],[153979.676,167496.999],[153982.927,167495.385],[153982.9806,167495.3585],[153983.2,167495.25],[153983.873,167494.919]]]},"geometry_name":"GEOM","properties":{"INSPIRE_ID":"https://databrussels.be/id/building/1780441","BLOCK_ID":"https://databrussels.be/id/block/24167","AREA":32},"bbox":[153976.3454,167494.919,153984.97,167502.203]},{"type":"Feature","id":"Buildings.fid--324554a4_1a031387ba0_2464","geometry":{"type":"Polygon","coordinates":[[[153939.9799997,167352.97999994],[153942.58999963,167352.10999948],[153944.91000052,167359.04999958],[153947.36,167366.42],[153944.43000039,167367.31000035],[153941.60999969,167358.2099999],[153939.9799997,167352.97999994]]]},"geometry_name":"GEOM","properties":{"INSPIRE_ID":"https://databrussels.be/id/building/1780442","BLOCK_ID":"https://databrussels.be/id/block/24635","AREA":44},"bbox":[153939.9799997,167352.10999948,153947.36,167367.31000035]},{"type":"Feature","id":"Buildings.fid--324554a4_1a031387ba0_256e","geometry":{"type":"Polygon","coordinates":[[[153579.16,167442.49],[153581.82379128,167440.165881],[153587.261,167435.313],[153590.041,167438.681],[153584.30510891,167443.22118855],[153581.75,167445.54],[153579.16,167442.49]]]},"geometry_name":"GEOM","properties":{"INSPIRE_ID":"https://databrussels.be/id/building/1780444","BLOCK_ID":"https://databrussels.be/id/block/24596","AREA":44},"bbox":[153579.16,167435.313,153590.041,167445.54]},{"type":"Feature","id":"Buildings.fid--324554a4_1a031387ba0_259c","geometry":{"type":"Polygon","coordinates":[[[153500.23483372,167445.58766841],[153497.36,167439.68],[153503.289,167436.117],[153506.09437753,167442.98677417],[153500.23483372,167445.58766841]]]},"geometry_name":"GEOM","properties":{"INSPIRE_ID":"https://databrussels.be/id/building/1781310","BLOCK_ID":"https://databrussels.be/id/block/24596","AREA":46},"bbox":[153497.36,167436.117,153506.09437753,167445.58766841]},{"type":"Feature","id":"Buildings.fid--324554a4_1a031387ba0_25e5","geometry":{"type":"Polygon","coordinates":[[[153524.6050005,167304.46199978],[153527.117,167300.933],[153529.57,167302.83],[153526.93590178,167306.45313688],[153524.6050005,167304.46199978]]]},"geometry_name":"GEOM","properties":{"INSPIRE_ID":"https://databrussels.be/id/building/1781587","BLOCK_ID":"https://databrussels.be/id/block/24180","AREA":14},"bbox":[153524.6050005,167300.933,153529.57,167306.45313688]},{"type":"Feature","id":"Buildings.fid--324554a4_1a031387ba0_265a","geometry":{"type":"MultiPolygon","coordinates":[[[[153507.57,167210.09000036],[153507.52,167209.57000035],[153511.5016,167208.86060035],[153511.911,167213.17900036],[153512.681,167221.92100035],[153508.842,167222.28500035],[153507.57,167210.09000036]]]]},"geometry_name":"GEOM","properties":{"INSPIRE_ID":"https://databrussels.be/id/building/1781593","BLOCK_ID":"https://databrussels.be/id/block/24180","AREA":51},"bbox":[153507.52,167208.86060035,153512.681,167222.28500035]},{"type":"Feature","id":"Buildings.fid--324554a4_1a031387ba0_25f2","geometry":{"type":"Polygon","coordinates":[[[153583.9446,167296.86304244],[153583.16099999,167297.79984244],[153582.68,167298.37484244],[153582.58699999,167298.48684244],[153581.52099999,167299.98984244],[153581.0798,167300.61074244],[153580.998,167300.72584244],[153580.9213,167300.82834244],[153580.90299999,167300.85284244],[153580.7862,167301.00814244],[153578.4729,167304.08274244],[153578.29,167304.32584244],[153575.64,167307.85084244],[153571.97,167305.11084244],[153574.869,167301.33984244],[153574.8825,167301.32224244],[153577.25,167298.24254244],[153577.3871,167298.06424244],[153577.5511,167297.85084244],[153578.28599999,167296.89484244],[153579.184,167295.72784244],[153579.191,167295.71784244],[153579.53239999,167295.27504244],[153580.40479999,167294.14134244],[153581.2746,167293.01094244],[153582.67279999,167294.08604244],[153581.803,167295.21644244],[153583.9446,167296.86304244]]]},"geometry_name":"GEOM","properties":{"INSPIRE_ID":"https://databrussels.be/id/building/1781594","BLOCK_ID":"https://databrussels.be/id/block/24180","AREA":65},"bbox":[153571.97,167293.01094244,153583.9446,167307.85084244]},{"type":"Feature","id":"Buildings.fid--324554a4_1a031387ba0_2699","geometry":{"type":"Polygon","coordinates":[[[153760.932,167204.054],[153765.57403912,167195.70706884],[153765.88284435,167195.15180085],[153767.07945401,167193.00015646],[153770.654934,167194.80964951],[153772.90654637,167190.67225504],[153769.32688678,167188.7498845],[153768.98171658,167188.56581086],[153769.46,167187.61],[153775.17,167176.26],[153781.72,167179.74],[153777.25,167188.14],[153775.12566178,167192.05436692],[153773.97,167194.71],[153772.19,167198.24],[153771.97,167198.67],[153767.414,167207.497],[153760.932,167204.054]]]},"geometry_name":"GEOM","properties":{"INSPIRE_ID":"https://databrussels.be/id/building/1781596","BLOCK_ID":"https://databrussels.be/id/block/26449","AREA":204},"bbox":[153760.932,167176.26,153781.72,167207.497]},{"type":"Feature","id":"Buildings.fid--324554a4_1a031387ba0_2500","geometry":{"type":"MultiPolygon","coordinates":[[[[153716.224,167452.20200035],[153728.515,167448.47100035],[153731.143,167457.20600035],[153732.106,167460.40300035],[153734.42,167468.01000035],[153727.11,167468.19000035],[153724.96,167461.79000035],[153722.02,167462.66000035],[153722.34,167463.77000035],[153720.26,167464.39000035],[153719.1,167460.90000035],[153716.224,167452.20200035]]]]},"geometry_name":"GEOM","properties":{"INSPIRE_ID":"https://databrussels.be/id/building/1781597","BLOCK_ID":"https://databrussels.be/id/block/26220","AREA":206},"bbox":[153716.224,167448.47100035,153734.42,167468.19000035]},{"type":"Feature","id":"Buildings.fid--324554a4_1a031387ba0_2607","geometry":{"type":"Polygon","coordinates":[[[153547.8224,167346.934],[153543.7999,167343.8137],[153543.36,167344.36],[153540.861,167342.468],[153540.849,167342.459],[153540.762,167342.393],[153537.5944,167339.8156],[153537.5778,167339.8023],[153534.493,167337.292],[153536.946,167334.254],[153540.04,167336.769],[153543.137,167339.286],[153543.2591,167339.3798],[153543.2988,167339.4102],[153545.8,167341.33],[153546.763,167342.077],[153549.8225,167344.4503],[153547.8224,167346.934]]]},"geometry_name":"GEOM","properties":{"INSPIRE_ID":"https://databrussels.be/id/building/1781603","BLOCK_ID":"https://databrussels.be/id/block/26811","AREA":61},"bbox":[153534.493,167334.254,153549.8225,167346.934]},{"type":"Feature","id":"Buildings.fid--324554a4_1a031387ba0_2602","geometry":{"type":"Polygon","coordinates":[[[153539.393,167331.223],[153541.797,167328.245],[153548.05108845,167333.24450348],[153551.72,167336.03],[153549.13,167339.08],[153545.74380622,167336.10429463],[153539.393,167331.223]]]},"geometry_name":"GEOM","properties":{"INSPIRE_ID":"https://databrussels.be/id/building/1781606","BLOCK_ID":"https://databrussels.be/id/block/26811","AREA":48},"bbox":[153539.393,167328.245,153551.72,167339.08]},{"type":"Feature","id":"Buildings.fid--324554a4_1a031387ba0_260a","geometry":{"type":"Polygon","coordinates":[[[153525.23,167356.81],[153531.30999965,167350.46000041],[153533.02,167348.68],[153537.09,167344.33],[153532.006,167340.373],[153527.13594694,167346.40577218],[153522.09493239,167352.63383528],[153522.21098924,167353.97983772],[153525.23,167356.81]]]},"geometry_name":"GEOM","properties":{"INSPIRE_ID":"https://databrussels.be/id/building/1781609","BLOCK_ID":"https://databrussels.be/id/block/26811","AREA":97},"bbox":[153522.09493239,167340.373,153537.09,167356.81]},{"type":"Feature","id":"Buildings.fid--324554a4_1a031387ba0_23fe","geometry":{"type":"Polygon","coordinates":[[[153827.02,167265.57],[153828.12523779,167263.33284924],[153832.451,167255.43],[153835.686,167257.091],[153831.34441783,167265.25583452],[153830.67705067,167264.89427891],[153828.52999946,167269.03000009],[153825.90999959,167267.62000034],[153827.02,167265.57]]]},"geometry_name":"GEOM","properties":{"INSPIRE_ID":"https://databrussels.be/id/building/1781610","BLOCK_ID":"https://databrussels.be/id/block/24635","AREA":48},"bbox":[153825.90999959,167255.43,153835.686,167269.03000009]},{"type":"Feature","id":"Buildings.fid--324554a4_1a031387ba0_244f","geometry":{"type":"Polygon","coordinates":[[[153929.53572457,167306.17123438],[153929.8974036,167303.41742008],[153931.02,167294.87],[153935.07,167295.42],[153934.10417325,167304.10819815],[153933.81419104,167306.71676319],[153929.53572457,167306.17123438]]]},"geometry_name":"GEOM","properties":{"INSPIRE_ID":"https://databrussels.be/id/building/1781611","BLOCK_ID":"https://databrussels.be/id/block/24635","AREA":48},"bbox":[153929.53572457,167294.87,153935.07,167306.71676319]},{"type":"Feature","id":"Buildings.fid--324554a4_1a031387ba0_2683","geometry":{"type":"Polygon","coordinates":[[[153792.66,167248.29],[153798.482,167237.599],[153802.009,167239.471],[153796.111,167250.144],[153792.66,167248.29]]]},"geometry_name":"GEOM","properties":{"INSPIRE_ID":"https://databrussels.be/id/building/1781614","BLOCK_ID":"https://databrussels.be/id/block/24635","AREA":48},"bbox":[153792.66,167237.599,153802.009,167250.144]},{"type":"Feature","id":"Buildings.fid--324554a4_1a031387ba0_2482","geometry":{"type":"Polygon","coordinates":[[[153935.12,167475.16],[153935.49,167473.76],[153937.67,167474.34],[153938.44900017,167471.41200023],[153940.46,167471.94],[153948.242,167473.994],[153947.085,167478.322],[153939.21482619,167476.24214295],[153937.49608067,167475.78792872],[153935.12,167475.16]]]},"geometry_name":"GEOM","properties":{"INSPIRE_ID":"https://databrussels.be/id/building/1781617","BLOCK_ID":"https://databrussels.be/id/block/26220","AREA":49},"bbox":[153935.12,167471.41200023,153948.242,167478.322]},{"type":"Feature","id":"Buildings.fid--324554a4_1a031387ba0_24f0","geometry":{"type":"Polygon","coordinates":[[[153743.464,167423.182],[153746.2889782,167424.45987446],[153749.8789195,167424.59775821],[153749.78504087,167415.30696445],[153749.42200781,167409.87284545],[153747.44801456,167410.05077711],[153747.44,167412.76],[153747.12619564,167415.28649946],[153743.464,167423.182]]]},"geometry_name":"GEOM","properties":{"INSPIRE_ID":"https://databrussels.be/id/building/1781618","BLOCK_ID":"https://databrussels.be/id/block/24420","AREA":54},"bbox":[153743.464,167409.87284545,153749.8789195,167424.59775821]},{"type":"Feature","id":"Buildings.fid--324554a4_1a031387ba0_2674","geometry":{"type":"Polygon","coordinates":[[[153754.96,167226.4],[153759.885,167217.108],[153763.381,167218.964],[153759.29723888,167226.48020504],[153756.95,167230.51],[153754.45,167229.21],[153755.79,167226.83],[153754.96,167226.4]]]},"geometry_name":"GEOM","properties":{"INSPIRE_ID":"https://databrussels.be/id/building/1781621","BLOCK_ID":"https://databrussels.be/id/block/24635","AREA":49},"bbox":[153754.45,167217.108,153763.381,167230.51]},{"type":"Feature","id":"Buildings.fid--324554a4_1a031387ba0_2581","geometry":{"type":"Polygon","coordinates":[[[153690.16999994,167423.23000043],[153693.717,167415.053],[153698.313,167417.109],[153694.84,167425.14],[153690.16999994,167423.23000043]]]},"geometry_name":"GEOM","properties":{"INSPIRE_ID":"https://databrussels.be/id/building/1781644","BLOCK_ID":"https://databrussels.be/id/block/26811","AREA":45},"bbox":[153690.16999994,167415.053,153698.313,167425.14]},{"type":"Feature","id":"Buildings.fid--324554a4_1a031387ba0_2620","geometry":{"type":"Polygon","coordinates":[[[153579.51596942,167260.52984401],[153577.82890921,167262.70276625],[153582.57014386,167266.38324313],[153582.89999962,167265.95999956],[153584.26056917,167264.2125533],[153579.51596942,167260.52984401]]]},"geometry_name":"GEOM","properties":{"INSPIRE_ID":"https://databrussels.be/id/building/1781835","BLOCK_ID":"https://databrussels.be/id/block/24180","AREA":17},"bbox":[153577.82890921,167260.52984401,153584.26056917,167266.38324313]},{"type":"Feature","id":"Buildings.fid--324554a4_1a031387ba0_2622","geometry":{"type":"Polygon","coordinates":[[[153576.06436002,167264.97559873],[153580.80139204,167268.65275889],[153582.57014386,167266.38324313],[153577.82890921,167262.70276625],[153576.06436002,167264.97559873]]]},"geometry_name":"GEOM","properties":{"INSPIRE_ID":"https://databrussels.be/id/building/1781836","BLOCK_ID":"https://databrussels.be/id/block/24180","AREA":17},"bbox":[153576.06436002,167262.70276625,153582.57014386,167268.65275889]},{"type":"Feature","id":"Buildings.fid--324554a4_1a031387ba0_24a4","geometry":{"type":"Polygon","coordinates":[[[153879.69724454,167402.55875663],[153873.461,167404.446],[153876.80918504,167414.35605743],[153877.8,167418.63],[153884.20561822,167438.56874758],[153891.98,167435.8],[153890.82951255,167431.82854331],[153887.71311063,167432.8534425],[153886.27243923,167428.17903494],[153890.89539327,167426.75554187],[153889.2082482,167421.26142253],[153883.5,167422.87],[153882.58,167419.7],[153881.54,167420],[153879.28317414,167412.69521511],[153882.6,167411.54],[153882.03109211,167410.00126041],[153885.40608631,167408.87983683],[153883.76410291,167403.53278464],[153880.35910069,167404.60656735],[153879.69724454,167402.55875663]]]},"geometry_name":"GEOM","properties":{"INSPIRE_ID":"https://databrussels.be/id/building/1781837","BLOCK_ID":"https://databrussels.be/id/block/26220","AREA":238},"bbox":[153873.461,167402.55875663,153891.98,167438.56874758]},{"type":"Feature","id":"Buildings.fid--324554a4_1a031387ba0_246c","geometry":{"type":"Polygon","coordinates":[[[153883.13707606,167401.49089719],[153883.76410291,167403.53278464],[153885.40608631,167408.87983683],[153889.2082482,167421.26142253],[153890.89539327,167426.75554187],[153891.38557423,167428.35179625],[153896.032,167426.952],[153898.208,167434.187],[153893.60273732,167435.57189773],[153899.56664421,167454.99311815],[153909.267,167452.037],[153905.71,167440.364],[153911.58,167438.576],[153909.508,167435.295],[153907.824,167429.769],[153906.686,167430.116],[153901.046,167421.184],[153904.866,167420.02],[153898.82,167400.407],[153889.022,167403.427],[153887.96593728,167400.00291927],[153883.13707606,167401.49089719]]]},"geometry_name":"GEOM","properties":{"INSPIRE_ID":"https://databrussels.be/id/building/1781838","BLOCK_ID":"https://databrussels.be/id/block/26220","AREA":697},"bbox":[153883.13707606,167400.00291927,153911.58,167454.99311815]},{"type":"Feature","id":"Buildings.fid--324554a4_1a031387ba0_2557","geometry":{"type":"Polygon","coordinates":[[[153610.27712057,167485.01107106],[153615.30910889,167499.25384682],[153619.31207418,167497.83986094],[153614.30189327,167483.65988349],[153610.27712057,167485.01107106]]]},"geometry_name":"GEOM","properties":{"INSPIRE_ID":"https://databrussels.be/id/building/1781840","BLOCK_ID":"https://databrussels.be/id/block/27459","AREA":64},"bbox":[153610.27712057,167483.65988349,153619.31207418,167499.25384682]},{"type":"Feature","id":"Buildings.fid--324554a4_1a031387ba0_2628","geometry":{"type":"Polygon","coordinates":[[[153597.6019,167270.4064],[153600.547,167272.6735],[153597.9621,167276.0315],[153593.0574,167272.2558],[153595.0353,167269.6864],[153596.995,167271.1949],[153597.6019,167270.4064]]]},"geometry_name":"GEOM","properties":{"INSPIRE_ID":"https://databrussels.be/id/building/1782112","BLOCK_ID":"https://databrussels.be/id/block/24180","AREA":24},"bbox":[153593.0574,167269.6864,153600.547,167276.0315]},{"type":"Feature","id":"Buildings.fid--324554a4_1a031387ba0_25ee","geometry":{"type":"Polygon","coordinates":[[[153504.693,167337.524],[153509.41248343,167331.78440602],[153513.32,167326.79],[153516.5,167329.77],[153515.40252661,167331.33431159],[153512.59301092,167334.65025909],[153507.781,167340.464],[153504.693,167337.524]]]},"geometry_name":"GEOM","properties":{"INSPIRE_ID":"https://databrussels.be/id/building/1782814","BLOCK_ID":"https://databrussels.be/id/block/24180","AREA":59},"bbox":[153504.693,167326.79,153516.5,167340.464]},{"type":"Feature","id":"Buildings.fid--324554a4_1a031387ba0_26ce","geometry":{"type":"Polygon","coordinates":[[[153595.72000036,167144.82000007],[153596.63,167143.06],[153602.072,167132.762],[153607.518,167135.686],[153600.01,167149.49],[153599.88114091,167149.73539109],[153594.53934346,167146.9983111],[153595.72000036,167144.82000007]]]},"geometry_name":"GEOM","properties":{"INSPIRE_ID":"https://databrussels.be/id/building/1782817","BLOCK_ID":"https://databrussels.be/id/block/24635","AREA":98},"bbox":[153594.53934346,167132.762,153607.518,167149.73539109]},{"type":"Feature","id":"Buildings.fid--324554a4_1a031387ba0_244e","geometry":{"type":"Polygon","coordinates":[[[153934.763,167261.658],[153931.64054979,167268.14089777],[153934.64,167269.46],[153933.5004686,167272.38364564],[153933.24615202,167274.05452406],[153931.912,167282.82],[153924.267,167281.75],[153925.2998151,167273.63278293],[153925.56801559,167271.52491134],[153926.61553372,167269.3812902],[153927.96,167266.63],[153931.32564841,167259.96068301],[153934.302,167261.395],[153934.763,167261.658]]]},"geometry_name":"GEOM","properties":{"INSPIRE_ID":"https://databrussels.be/id/building/1782818","BLOCK_ID":"https://databrussels.be/id/block/26449","AREA":143},"bbox":[153924.267,167259.96068301,153934.763,167282.82]},{"type":"Feature","id":"Buildings.fid--324554a4_1a031387ba0_2480","geometry":{"type":"Polygon","coordinates":[[[153938.44900017,167471.41200023],[153939.71,167466.62],[153941.72,167467.12],[153949.553,167469.083],[153948.242,167473.994],[153940.46,167471.94],[153938.44900017,167471.41200023]]]},"geometry_name":"GEOM","properties":{"INSPIRE_ID":"https://databrussels.be/id/building/1782823","BLOCK_ID":"https://databrussels.be/id/block/26220","AREA":51},"bbox":[153938.44900017,167466.62,153949.553,167473.994]},{"type":"Feature","id":"Buildings.fid--324554a4_1a031387ba0_256c","geometry":{"type":"Polygon","coordinates":[[[153573.2300003,167437.15000035],[153576.41000024,167433.76999981],[153581.509,167428.344],[153584.421,167431.872],[153578.90330588,167437.03930544],[153575.77000031,167440.33999972],[153573.2300003,167437.15000035]]]},"geometry_name":"GEOM","properties":{"INSPIRE_ID":"https://databrussels.be/id/building/1782824","BLOCK_ID":"https://databrussels.be/id/block/24596","AREA":51},"bbox":[153573.2300003,167428.344,153584.421,167440.33999972]},{"type":"Feature","id":"Buildings.fid--324554a4_1a031387ba0_25ed","geometry":{"type":"Polygon","coordinates":[[[153498.411,167331.418],[153503.2737017,167325.70630381],[153505.61000009,167322.85999999],[153508.95202051,167325.40776248],[153506.35617899,167328.8942535],[153501.721,167334.694],[153498.411,167331.418]]]},"geometry_name":"GEOM","properties":{"INSPIRE_ID":"https://databrussels.be/id/building/1782826","BLOCK_ID":"https://databrussels.be/id/block/24180","AREA":51},"bbox":[153498.411,167322.85999999,153508.95202051,167334.694]},{"type":"Feature","id":"Buildings.fid--324554a4_1a031387ba0_2635","geometry":{"type":"Polygon","coordinates":[[[153639.74,167240.54],[153641.9,167238.9],[153644.08,167237.24],[153646.48,167235.43],[153649.24,167233.33],[153650.11,167232.67],[153650.3,167232.57],[153652.91,167235.81],[153652.72,167235.91],[153654.16,167237.39],[153652.88,167238.3],[153652.34,167238.76],[153654.64,167241.44],[153650.43191118,167244.75268671],[153648.95,167245.95],[153639.74,167240.54]]]},"geometry_name":"GEOM","properties":{"INSPIRE_ID":"https://databrussels.be/id/building/1782829","BLOCK_ID":"https://databrussels.be/id/block/24180","AREA":103},"bbox":[153639.74,167232.57,153654.64,167245.95]},{"type":"Feature","id":"Buildings.fid--324554a4_1a031387ba0_24ad","geometry":{"type":"Polygon","coordinates":[[[153824.5332,167432.3603],[153828.0681,167431.267],[153827.1278,167428.2171],[153827.0822,167428.0689],[153827.0741,167428.043],[153825.77,167423.815],[153825.7475,167423.7423],[153825.7218,167423.6591],[153825.7153,167423.6379],[153824.381,167419.309],[153818.47309686,167421.09893632],[153823.57105968,167437.7008269],[153825.84247839,167437.02189841],[153824.5332,167432.3603]]]},"geometry_name":"GEOM","properties":{"INSPIRE_ID":"https://databrussels.be/id/building/1782831","BLOCK_ID":"https://databrussels.be/id/block/26220","AREA":89},"bbox":[153818.47309686,167419.309,153828.0681,167437.7008269]},{"type":"Feature","id":"Buildings.fid--324554a4_1a031387ba0_26aa","geometry":{"type":"Polygon","coordinates":[[[153662.394,167182.15],[153665.17476975,167177.10492598],[153669.518,167168.937],[153681.576,167175.373],[153677.313,167183.257],[153675.107,167182.264],[153672.343,167187.453],[153662.543,167182.163],[153662.394,167182.15]]]},"geometry_name":"GEOM","properties":{"INSPIRE_ID":"https://databrussels.be/id/building/1782832","BLOCK_ID":"https://databrussels.be/id/block/24635","AREA":190},"bbox":[153662.394,167168.937,153681.576,167187.453]},{"type":"Feature","id":"Buildings.fid--324554a4_1a031387ba0_24a2","geometry":{"type":"Polygon","coordinates":[[[153814.62,167388.58],[153825.82,167385.29],[153825.856,167385.411],[153827.77538022,167391.78134797],[153830.333,167400.623],[153818.817,167404.09],[153815.00755495,167390.33305968],[153814.62,167388.58]]]},"geometry_name":"GEOM","properties":{"INSPIRE_ID":"https://databrussels.be/id/building/1782833","BLOCK_ID":"https://databrussels.be/id/block/24420","AREA":191},"bbox":[153814.62,167385.29,153830.333,167404.09]},{"type":"Feature","id":"Buildings.fid--324554a4_1a031387ba0_243e","geometry":{"type":"Polygon","coordinates":[[[153883.97,167305.79],[153886.66973794,167300.3136016],[153889.8404191,167293.65583999],[153894.055,167285.099],[153899.425,167287.567],[153898.2,167290.2],[153893.94716117,167298.53368167],[153892.05,167302.75],[153888.72000871,167308.10998886],[153883.97,167305.79]]]},"geometry_name":"GEOM","properties":{"INSPIRE_ID":"https://databrussels.be/id/building/1782842","BLOCK_ID":"https://databrussels.be/id/block/24635","AREA":134},"bbox":[153883.97,167285.099,153899.425,167308.10998886]},{"type":"Feature","id":"Buildings.fid--324554a4_1a031387ba0_2461","geometry":{"type":"Polygon","coordinates":[[[153946.17,167349.66],[153951.11,167347.94],[153949.75928596,167344.05669715],[153952.76149292,167342.91816498],[153954.20836962,167346.87529421],[153955.19,167349.56],[153955.46,167350.38],[153950.64,167352.08],[153951.76,167355.78],[153956.94,167354.18],[153959.53,167362.69],[153951.29,167365.21],[153948.50999997,167356.77999953],[153947.35000016,167353.24000032],[153946.17,167349.66]]]},"geometry_name":"GEOM","properties":{"INSPIRE_ID":"https://databrussels.be/id/building/1782844","BLOCK_ID":"https://databrussels.be/id/block/24635","AREA":136},"bbox":[153946.17,167342.91816498,153959.53,167365.21]},{"type":"Feature","id":"Buildings.fid--324554a4_1a031387ba0_258e","geometry":{"type":"Polygon","coordinates":[[[153643.6,167440.97],[153641.36,167433.36],[153647.27,167431.61],[153648.09,167434.36],[153650.72983073,167443.8126968],[153653.681,167453.242],[153647.954,167454.952],[153643.6,167440.97]]]},"geometry_name":"GEOM","properties":{"INSPIRE_ID":"https://databrussels.be/id/building/1782845","BLOCK_ID":"https://databrussels.be/id/block/26811","AREA":136},"bbox":[153641.36,167431.61,153653.681,167454.952]},{"type":"Feature","id":"Buildings.fid--324554a4_1a031387ba0_25a6","geometry":{"type":"Polygon","coordinates":[[[153511.81999993,167412.38999975],[153526.98842421,167396.27971586],[153531.96718732,167390.83111359],[153537.68,167385.207],[153540.307,167387.689],[153535.48335271,167392.76530919],[153529.24,167399.25],[153514.348,167414.782],[153513.53205743,167413.97157505],[153511.81999993,167412.38999975]]]},"geometry_name":"GEOM","properties":{"INSPIRE_ID":"https://databrussels.be/id/building/1782846","BLOCK_ID":"https://databrussels.be/id/block/24596","AREA":137},"bbox":[153511.81999993,167385.207,153540.307,167414.782]},{"type":"Feature","id":"Buildings.fid--324554a4_1a031387ba0_2562","geometry":{"type":"Polygon","coordinates":[[[153587.68999997,167416.9200004],[153596.67758736,167410.00701212],[153606.27,167402.56],[153609.84,167407.1],[153600.99,167414.06],[153599.95301496,167415.06271717],[153591.43999996,167421.52999983],[153587.68999997,167416.9200004]]]},"geometry_name":"GEOM","properties":{"INSPIRE_ID":"https://databrussels.be/id/building/1782848","BLOCK_ID":"https://databrussels.be/id/block/26811","AREA":138},"bbox":[153587.68999997,167402.56,153609.84,167421.52999983]},{"type":"Feature","id":"Buildings.fid--324554a4_1a031387ba0_2462","geometry":{"type":"Polygon","coordinates":[[[153933.27,167355.67],[153929.82,167344.61],[153933.36,167343.51],[153934.90110228,167348.46464384],[153938.24876507,167347.50022634],[153939.9799997,167352.97999994],[153941.60999969,167358.2099999],[153944.43000039,167367.31000035],[153937.56,167369.41],[153934.63993651,167360.48111908],[153933.27,167355.67]]]},"geometry_name":"GEOM","properties":{"INSPIRE_ID":"https://databrussels.be/id/building/1783319","BLOCK_ID":"https://databrussels.be/id/block/24635","AREA":170},"bbox":[153929.82,167343.51,153944.43000039,167369.41]},{"type":"Feature","id":"Buildings.fid--324554a4_1a031387ba0_24a0","geometry":{"type":"Polygon","coordinates":[[[153825.856,167385.411],[153837.32,167381.82],[153838.58,167385.85],[153839.38,167388.51],[153841.961,167397.121],[153830.333,167400.623],[153827.77538022,167391.78134797],[153825.856,167385.411]]]},"geometry_name":"GEOM","properties":{"INSPIRE_ID":"https://databrussels.be/id/building/1783986","BLOCK_ID":"https://databrussels.be/id/block/24420","AREA":192},"bbox":[153825.856,167381.82,153841.961,167400.623]},{"type":"Feature","id":"Buildings.fid--324554a4_1a031387ba0_24b2","geometry":{"type":"Polygon","coordinates":[[[153839.75,167432.87],[153842.51,167432.04],[153842.78,167432.91],[153847.27,167431.56],[153850.42803055,167441.3076278],[153851.633,167445.959],[153852.4,167448.49],[153850,167449.2],[153850.35,167450.38],[153847.98,167451.07],[153847.59,167449.76],[153842.2,167451.35],[153837,167433.7],[153839.75,167432.87]]]},"geometry_name":"GEOM","properties":{"INSPIRE_ID":"https://databrussels.be/id/building/1783988","BLOCK_ID":"https://databrussels.be/id/block/26220","AREA":195},"bbox":[153837,167431.56,153852.4,167451.35]},{"type":"Feature","id":"Buildings.fid--324554a4_1a031387ba0_255e","geometry":{"type":"Polygon","coordinates":[[[153535.31,167481.11],[153538.08,167480.01],[153537.25,167477.94],[153538.9,167477.29],[153535.35,167468.38],[153539.7164522,167466.57523849],[153544.187937,167477.42114972],[153548.106,167487.789],[153543.089,167489.538],[153542.53,167487.933],[153538.544,167489.324],[153535.31,167481.11]]]},"geometry_name":"GEOM","properties":{"INSPIRE_ID":"https://databrussels.be/id/building/1784011","BLOCK_ID":"https://databrussels.be/id/block/24596","AREA":156},"bbox":[153535.31,167466.57523849,153548.106,167489.538]},{"type":"Feature","id":"Buildings.fid--324554a4_1a031387ba0_24aa","geometry":{"type":"MultiPolygon","coordinates":[[[[153833.937,167416.41500035],[153841.936,167413.99300036],[153845.0417,167424.60550035],[153846.3716,167428.62180036],[153847.27,167431.56000035],[153842.78,167432.91000035],[153842.51,167432.04000035],[153839.75,167432.87000035],[153839.06,167430.80000036],[153836.56,167431.43000035],[153834.72,167425.62000035],[153836.732,167425.33500035],[153833.937,167416.41500035]]]]},"geometry_name":"GEOM","properties":{"INSPIRE_ID":"https://databrussels.be/id/building/1784014","BLOCK_ID":"https://databrussels.be/id/block/26220","AREA":158},"bbox":[153833.937,167413.99300036,153847.27,167432.91000035]},{"type":"Feature","id":"Buildings.fid--324554a4_1a031387ba0_2556","geometry":{"type":"Polygon","coordinates":[[[153605.872,167486.489],[153609.0804599,167495.43815082],[153609.98887718,167497.80584108],[153610.3133,167498.6965],[153612.61,167504.99],[153616.82,167503.46],[153615.82000045,167500.70000047],[153615.30910889,167499.25384682],[153610.27712057,167485.01107106],[153605.872,167486.489]]]},"geometry_name":"GEOM","properties":{"INSPIRE_ID":"https://databrussels.be/id/building/1784017","BLOCK_ID":"https://databrussels.be/id/block/27459","AREA":90},"bbox":[153605.872,167485.01107106,153616.82,167504.99]},{"type":"Feature","id":"Buildings.fid--324554a4_1a031387ba0_259b","geometry":{"type":"Polygon","coordinates":[[[153497.36,167439.68],[153495.357,167436.218],[153496.915,167435.316],[153495.576,167433.003],[153499.06,167430.82],[153499.76,167432.04],[153502.42,167430.57],[153503.29,167430.79],[153503.67,167429.3],[153501.071,167424.866],[153501.785,167422.129],[153505.28,167420.08],[153515.4000001,167429.22999991],[153503.28900025,167436.11700027],[153497.36,167439.68]]]},"geometry_name":"GEOM","properties":{"INSPIRE_ID":"https://databrussels.be/id/building/1784018","BLOCK_ID":"https://databrussels.be/id/block/24596","AREA":162},"bbox":[153495.357,167420.08,153515.4000001,167439.68]},{"type":"Feature","id":"Buildings.fid--324554a4_1a031387ba0_26b9","geometry":{"type":"Polygon","coordinates":[[[153518.89,167064.44],[153515.461,167072.103],[153515.0155,167072.9559],[153509.946,167070.206],[153517.61,167055.099],[153518.9799,167052.3987],[153523.519,167054.6997],[153523.24,167055.25],[153518.89,167064.44]]]},"geometry_name":"GEOM","properties":{"INSPIRE_ID":"https://databrussels.be/id/building/1784392","BLOCK_ID":"https://databrussels.be/id/block/26197","AREA":108},"bbox":[153509.946,167052.3987,153523.519,167072.9559]},{"type":"Feature","id":"Buildings.fid--324554a4_1a031387ba0_26b2","geometry":{"type":"Polygon","coordinates":[[[153686.05,167191.94],[153692.1,167180.988],[153704.529,167187.62],[153697.74,167200.13],[153685.19,167193.58],[153686.05,167191.94]]]},"geometry_name":"GEOM","properties":{"INSPIRE_ID":"https://databrussels.be/id/building/1785180","BLOCK_ID":"https://databrussels.be/id/block/24635","AREA":202},"bbox":[153685.19,167180.988,153704.529,167200.13]},{"type":"Feature","id":"Buildings.fid--324554a4_1a031387ba0_2449","geometry":{"type":"Polygon","coordinates":[[[153918.12991008,167270.48080896],[153916.71,167269.83],[153915.8,167271.71],[153911.6,167279.976],[153916.26707567,167280.6309349],[153917.66401727,167271.43187329],[153918.12991008,167270.48080896]]]},"geometry_name":"GEOM","properties":{"INSPIRE_ID":"https://databrussels.be/id/building/1785478","BLOCK_ID":"https://databrussels.be/id/block/26449","AREA":31},"bbox":[153911.6,167269.83,153918.12991008,167280.6309349]},{"type":"Feature","id":"Buildings.fid--324554a4_1a031387ba0_2468","geometry":{"type":"Polygon","coordinates":[[[153954.42999949,167389.68999998],[153956.3,167388.81],[153958.27,167392.99],[153960.54,167391.92],[153958.73681959,167387.47265265],[153954.38,167378.43],[153949.99,167379.89],[153954.42999949,167389.68999998]]]},"geometry_name":"GEOM","properties":{"INSPIRE_ID":"https://databrussels.be/id/building/1785479","BLOCK_ID":"https://databrussels.be/id/block/25971","AREA":62},"bbox":[153949.99,167378.43,153960.54,167392.99]},{"type":"Feature","id":"Buildings.fid--324554a4_1a031387ba0_2423","geometry":{"type":"Polygon","coordinates":[[[154004.849,167334.76900036],[154003.89,167332.39900035],[154001.68,167333.44000036],[154000,167334.23400035],[153998.93,167334.74000035],[153995.96,167335.74900035],[153994.099,167336.37900035],[153993.88,167335.75900035],[153988.92,167337.54900035],[153988.46,167336.26000035],[153985.4354,167327.50140036],[153986.5762,167327.28040035],[153986.4173,167326.46000036],[153990.979,167325.57620035],[153991.5564,167328.55640036],[153999.3727,167327.04200035],[153999.42,167327.31000035],[154000,167327.20000035],[154001.57,167326.90000035],[154011.2,167325.07000035],[154012.877,167332.85110036],[154004.849,167334.76900036]]]},"geometry_name":"GEOM","properties":{"INSPIRE_ID":"https://databrussels.be/id/building/1789025","BLOCK_ID":"https://databrussels.be/id/block/24635","AREA":208},"bbox":[153985.4354,167325.07000035,154012.877,167337.54900035]},{"type":"Feature","id":"Buildings.fid--324554a4_1a031387ba0_2455","geometry":{"type":"Polygon","coordinates":[[[153940.9754,167334.0355],[153939.7687,167332.4811],[153942.9447,167330.0154],[153944.1514,167331.5697],[153940.9754,167334.0355]]]},"geometry_name":"GEOM","properties":{"INSPIRE_ID":"https://databrussels.be/id/building/1789068","BLOCK_ID":"https://databrussels.be/id/block/24635","AREA":8},"bbox":[153939.7687,167330.0154,153944.1514,167334.0355]},{"type":"Feature","id":"Buildings.fid--324554a4_1a031387ba0_24c6","geometry":{"type":"Polygon","coordinates":[[[153833.84761768,167362.81955905],[153837.53130961,167362.99966006],[153837.96021546,167365.40856173],[153834.71145381,167365.9428342],[153833.84761768,167362.81955905]]]},"geometry_name":"GEOM","properties":{"INSPIRE_ID":"https://databrussels.be/id/building/1789536","BLOCK_ID":"https://databrussels.be/id/block/24420","AREA":10},"bbox":[153833.84761768,167362.81955905,153837.96021546,167365.9428342]},{"type":"Feature","id":"Buildings.fid--324554a4_1a031387ba0_26a2","geometry":{"type":"Polygon","coordinates":[[[153631.51,167166.01],[153633,167163.08],[153634.47,167160.49],[153638.987,167152.58],[153643.511,167155.009],[153639.35513931,167163.24987181],[153637,167167.92],[153634.65858891,167166.67771362],[153634.31750398,167167.33633418],[153631.51,167166.01]]]},"geometry_name":"GEOM","properties":{"INSPIRE_ID":"https://databrussels.be/id/building/1789543","BLOCK_ID":"https://databrussels.be/id/block/24635","AREA":82},"bbox":[153631.51,167152.58,153643.511,167167.92]},{"type":"Feature","id":"Buildings.fid--324554a4_1a031387ba0_258a","geometry":{"type":"Polygon","coordinates":[[[153612.1901,167429.6177],[153611.3337,167430.2841],[153611.858,167430.9579],[153615.2488,167428.319],[153617.8183,167431.6207],[153614.2123,167434.427],[153614.12,167434.3],[153613.17,167435.04],[153606.4,167440.24],[153602.47,167435.08],[153610.401,167428.69],[153611.0978,167428.2142],[153612.1901,167429.6177]]]},"geometry_name":"GEOM","properties":{"INSPIRE_ID":"https://databrussels.be/id/building/1790237","BLOCK_ID":"https://databrussels.be/id/block/26811","AREA":86},"bbox":[153602.47,167428.2142,153617.8183,167440.24]},{"type":"Feature","id":"Buildings.fid--324554a4_1a031387ba0_2661","geometry":{"type":"Polygon","coordinates":[[[153519.65,167209.84],[153520.589,167221.171],[153516.7,167221.54],[153515.69,167210.23],[153515.5206,167208.4796],[153519.545,167208.169],[153519.62,167209.33],[153519.65,167209.84]]]},"geometry_name":"GEOM","properties":{"INSPIRE_ID":"https://databrussels.be/id/building/1790239","BLOCK_ID":"https://databrussels.be/id/block/24180","AREA":52},"bbox":[153515.5206,167208.169,153520.589,167221.54]},{"type":"Feature","id":"Buildings.fid--324554a4_1a031387ba0_26da","geometry":{"type":"Polygon","coordinates":[[[153629.8748,167075.5814],[153632.2375,167074.3064],[153633.7752,167077.1559],[153631.4126,167078.4309],[153629.8748,167075.5814]]]},"geometry_name":"GEOM","properties":{"INSPIRE_ID":"https://databrussels.be/id/building/1791693","BLOCK_ID":"https://databrussels.be/id/block/26449","AREA":9},"bbox":[153629.8748,167074.3064,153633.7752,167078.4309]},{"type":"Feature","id":"Buildings.fid--324554a4_1a031387ba0_2638","geometry":{"type":"Polygon","coordinates":[[[153633.3702,167238.1668],[153636.1001,167239.7556],[153634.888,167241.8609],[153632.0876,167240.2486],[153633.3702,167238.1668]]]},"geometry_name":"GEOM","properties":{"INSPIRE_ID":"https://databrussels.be/id/building/1791694","BLOCK_ID":"https://databrussels.be/id/block/24180","AREA":8},"bbox":[153632.0876,167238.1668,153636.1001,167241.8609]},{"type":"Feature","id":"Buildings.fid--324554a4_1a031387ba0_257e","geometry":{"type":"Polygon","coordinates":[[[153678.7096,167424.3813],[153678.501,167423.862],[153680.141,167420.244],[153684.386,167410.878],[153689.195,167413.03],[153685.41,167421.27],[153685.5768,167421.3384],[153685.1144,167422.4032],[153682.7229,167421.3646],[153681.2965,167424.3628],[153678.7096,167424.3813]]]},"geometry_name":"GEOM","properties":{"INSPIRE_ID":"https://databrussels.be/id/building/1792693","BLOCK_ID":"https://databrussels.be/id/block/26811","AREA":65},"bbox":[153678.501,167410.878,153689.195,167424.3813]},{"type":"Feature","id":"Buildings.fid--324554a4_1a031387ba0_26e4","geometry":{"type":"Polygon","coordinates":[[[153656.49,167132.51],[153650.296,167144.879],[153644.796,167141.958],[153645.0217,167141.5238],[153646.995,167137.728],[153647.005,167137.7087],[153649.085,167133.707],[153649.1754,167133.533],[153650.931,167130.155],[153651.4282,167129.2191],[153656.7393,167132.0406],[153656.49,167132.51]]]},"geometry_name":"GEOM","properties":{"INSPIRE_ID":"https://databrussels.be/id/building/1792698","BLOCK_ID":"https://databrussels.be/id/block/26449","AREA":88},"bbox":[153644.796,167129.2191,153656.7393,167144.879]},{"type":"Feature","id":"Buildings.fid--324554a4_1a031387ba0_2416","geometry":{"type":"Polygon","coordinates":[[[153941.71,167229.738],[153942.977,167227.186],[153944.996,167228.159],[153943.758,167230.635],[153941.71,167229.738]]]},"geometry_name":"GEOM","properties":{"INSPIRE_ID":"https://databrussels.be/id/building/1793599","BLOCK_ID":"https://databrussels.be/id/block/26449","AREA":6},"bbox":[153941.71,167227.186,153944.996,167230.635]},{"type":"Feature","id":"Buildings.fid--324554a4_1a031387ba0_2652","geometry":{"type":"Polygon","coordinates":[[[153500.755,167264.183],[153501.105,167265.282],[153499.588,167265.764],[153499.239,167264.666],[153500.755,167264.183]]]},"geometry_name":"GEOM","properties":{"INSPIRE_ID":"https://databrussels.be/id/building/1793628","BLOCK_ID":"https://databrussels.be/id/block/24180","AREA":2},"bbox":[153499.239,167264.183,153501.105,167265.764]},{"type":"Feature","id":"Buildings.fid--324554a4_1a031387ba0_2528","geometry":{"type":"Polygon","coordinates":[[[153706.8043,167497.5421],[153707.6269,167494.498],[153711.4019,167495.5181],[153710.5794,167498.5622],[153706.8043,167497.5421]]]},"geometry_name":"GEOM","properties":{"INSPIRE_ID":"https://databrussels.be/id/building/1794948","BLOCK_ID":"https://databrussels.be/id/block/23778","AREA":12},"bbox":[153706.8043,167494.498,153711.4019,167498.5622]},{"type":"Feature","id":"Buildings.fid--324554a4_1a031387ba0_241c","geometry":{"type":"Polygon","coordinates":[[[153971.7715,167314.8005],[153957.8617,167312.9719],[153952.6056,167306.166],[153954.392,167304.863],[153956.27,167303.273],[153961.53,167299.02],[153973.7164,167300.7946],[153971.7715,167314.8005]]]},"geometry_name":"GEOM","properties":{"INSPIRE_ID":"https://databrussels.be/id/building/1794949","BLOCK_ID":"https://databrussels.be/id/block/24635","AREA":236},"bbox":[153952.6056,167299.02,153973.7164,167314.8005]},{"type":"Feature","id":"Buildings.fid--324554a4_1a031387ba0_244b","geometry":{"type":"Polygon","coordinates":[[[153917.4683099,167304.43756831],[153918.6,167296.48],[153919.03431799,167293.24287307],[153924.40999999,167293.98],[153922.79000001,167305.02000001],[153922.74610205,167305.24598951],[153917.4683099,167304.43756831]]]},"geometry_name":"GEOM","properties":{"INSPIRE_ID":"https://databrussels.be/id/building/1796014","BLOCK_ID":"https://databrussels.be/id/block/24635","AREA":61},"bbox":[153917.4683099,167293.24287307,153924.40999999,167305.24598951]},{"type":"Feature","id":"Buildings.fid--324554a4_1a031387ba0_2413","geometry":{"type":"Polygon","coordinates":[[[153940.981,167217.531],[153940.109,167219.498],[153937.215,167218.215],[153938.087,167216.249],[153940.981,167217.531]]]},"geometry_name":"GEOM","properties":{"INSPIRE_ID":"https://databrussels.be/id/building/1796048","BLOCK_ID":"https://databrussels.be/id/block/26449","AREA":7},"bbox":[153937.215,167216.249,153940.981,167219.498]},{"type":"Feature","id":"Buildings.fid--324554a4_1a031387ba0_24d4","geometry":{"type":"Polygon","coordinates":[[[153806.438,167467.952],[153805.949,167470.142],[153803.237,167469.472],[153803.657,167467.429],[153806.438,167467.952]]]},"geometry_name":"GEOM","properties":{"INSPIRE_ID":"https://databrussels.be/id/building/1796065","BLOCK_ID":"https://databrussels.be/id/block/26220","AREA":6},"bbox":[153803.237,167467.429,153806.438,167470.142]},{"type":"Feature","id":"Buildings.fid--324554a4_1a031387ba0_246d","geometry":{"type":"Polygon","coordinates":[[[153910.532,167415.339],[153911.111,167417.286],[153909.549,167417.741],[153908.915,167415.826],[153910.532,167415.339]]]},"geometry_name":"GEOM","properties":{"INSPIRE_ID":"https://databrussels.be/id/building/1797128","BLOCK_ID":"https://databrussels.be/id/block/26220","AREA":3},"bbox":[153908.915,167415.339,153911.111,167417.741]},{"type":"Feature","id":"Buildings.fid--324554a4_1a031387ba0_2516","geometry":{"type":"Polygon","coordinates":[[[153700.917,167345.509],[153706.956,167337.363],[153711.616,167332.158],[153717.471,167327.201],[153721.892,167323.893],[153723.541,167326.004],[153724.525,167325.25],[153728.136,167330.365],[153716.171,167338.576],[153727.89,167354.55],[153727.208,167355.189],[153727.48,167355.62],[153723.69,167358.16],[153714.14,167365.07],[153700.917,167345.509]]]},"geometry_name":"GEOM","properties":{"INSPIRE_ID":"https://databrussels.be/id/building/1797300","BLOCK_ID":"https://databrussels.be/id/block/24420","AREA":559},"bbox":[153700.917,167323.893,153728.136,167365.07]},{"type":"Feature","id":"Buildings.fid--324554a4_1a031387ba0_267d","geometry":{"type":"Polygon","coordinates":[[[153775.939,167248.383],[153777.867,167249.318],[153776.883,167251.346],[153774.955,167250.411],[153775.939,167248.383]]]},"geometry_name":"GEOM","properties":{"INSPIRE_ID":"https://databrussels.be/id/building/1797301","BLOCK_ID":"https://databrussels.be/id/block/24635","AREA":5},"bbox":[153774.955,167248.383,153777.867,167251.346]},{"type":"Feature","id":"Buildings.fid--324554a4_1a031387ba0_253b","geometry":{"type":"Polygon","coordinates":[[[153625.46,167496.18],[153630.15,167494.72],[153631.55,167498.76],[153632.414,167501.294],[153627.802,167502.906],[153627.07,167500.84],[153625.68,167496.83],[153625.46,167496.18]]]},"geometry_name":"GEOM","properties":{"INSPIRE_ID":"https://databrussels.be/id/building/1798558","BLOCK_ID":"https://databrussels.be/id/block/27459","AREA":35},"bbox":[153625.46,167494.72,153632.414,167502.906]},{"type":"Feature","id":"Buildings.fid--324554a4_1a031387ba0_240e","geometry":{"type":"Polygon","coordinates":[[[153796.38,166998.32],[153803.66000008,167001.54999985],[153787.47,167038.06],[153857.09,167068.94],[153855.097,167073.526],[153866.164,167078.437],[153868.2,167073.87],[153879.31,167078.8],[153893.79047843,167046.16103725],[153970.9243902,167080.53694141],[153972.39118473,167076.51954465],[154016.10744829,167095.84699394],[154017.98917723,167091.23381848],[154021.72,167093.05],[154027.99,167079.27],[154024.24,167077.6],[154046,167028.75],[154041.211,167026.61],[154042.512,167023.773],[153992.65,167001.43],[153984.12,166991.01],[153980.77,166989.65],[153980.89,166989.37],[153977.11,166987.68],[153977.81,166986.11],[153973.99,166984.4],[153973.26,166986.05],[153968.26,166984.02],[153964.59,166992.34],[153877.8,166953.97],[153827.855,166977.275],[153816.779,166982.607],[153798.97,166992.48],[153796.38,166998.32]]]},"geometry_name":"GEOM","properties":{"INSPIRE_ID":"https://databrussels.be/id/building/1799461","BLOCK_ID":"https://databrussels.be/id/block/26449","AREA":20760},"bbox":[153787.47,166953.97,154046,167095.84699394]},{"type":"Feature","id":"Buildings.fid--324554a4_1a031387ba0_24bc","geometry":{"type":"Polygon","coordinates":[[[153815.666,167312.813],[153819.807,167317.974],[153820.572,167317.476],[153834.192,167337.495],[153827.818,167341.532],[153827.815,167341.528],[153819.893,167329.803],[153814.357,167321.611],[153816.721,167320.21],[153813.285,167314.431],[153815.24,167313.11],[153815.666,167312.813]]]},"geometry_name":"GEOM","properties":{"INSPIRE_ID":"https://databrussels.be/id/building/1799768","BLOCK_ID":"https://databrussels.be/id/block/24420","AREA":203},"bbox":[153813.285,167312.813,153834.192,167341.532]},{"type":"Feature","id":"Buildings.fid--324554a4_1a031387ba0_26ba","geometry":{"type":"Polygon","coordinates":[[[153511.348,167194.78],[153512.578,167194.764],[153512.595,167196.092],[153511.365,167196.107],[153511.348,167194.78]]]},"geometry_name":"GEOM","properties":{"INSPIRE_ID":"https://databrussels.be/id/building/1799769","BLOCK_ID":"https://databrussels.be/id/block/24180","AREA":2},"bbox":[153511.348,167194.764,153512.595,167196.107]},{"type":"Feature","id":"Buildings.fid--324554a4_1a031387ba0_24c9","geometry":{"type":"Polygon","coordinates":[[[153807.067,167366.973],[153805.845,167367.368],[153805.596,167366.598],[153806.818,167366.202],[153807.067,167366.973]]]},"geometry_name":"GEOM","properties":{"INSPIRE_ID":"https://databrussels.be/id/building/1799770","BLOCK_ID":"https://databrussels.be/id/block/24420","AREA":1},"bbox":[153805.596,167366.202,153807.067,167367.368]},{"type":"Feature","id":"Buildings.fid--324554a4_1a031387ba0_2666","geometry":{"type":"Polygon","coordinates":[[[153705.625,167245.991],[153706.919,167248.725],[153703.917,167250.221],[153703.306,167248.781],[153703.337,167247.974],[153703.757,167246.909],[153705.625,167245.991]]]},"geometry_name":"GEOM","properties":{"INSPIRE_ID":"https://databrussels.be/id/building/1799771","BLOCK_ID":"https://databrussels.be/id/block/24180","AREA":9},"bbox":[153703.306,167245.991,153706.919,167250.221]},{"type":"Feature","id":"Buildings.fid--324554a4_1a031387ba0_26c5","geometry":{"type":"Polygon","coordinates":[[[153562.75,167128.552],[153564.9,167124.44],[153565.26,167123.75],[153567.712,167125.027],[153567.163,167126.182],[153566.001,167125.544],[153565.705,167126.134],[153564.145,167129.264],[153562.75,167128.552]]]},"geometry_name":"GEOM","properties":{"INSPIRE_ID":"https://databrussels.be/id/building/1799772","BLOCK_ID":"https://databrussels.be/id/block/24635","AREA":10},"bbox":[153562.75,167123.75,153567.712,167129.264]},{"type":"Feature","id":"Buildings.fid--324554a4_1a031387ba0_26e0","geometry":{"type":"Polygon","coordinates":[[[153666.281,167118.706],[153665.068,167121.213],[153663.452,167120.333],[153664.6,167117.952],[153666.281,167118.706]]]},"geometry_name":"GEOM","properties":{"INSPIRE_ID":"https://databrussels.be/id/building/1799773","BLOCK_ID":"https://databrussels.be/id/block/26449","AREA":5},"bbox":[153663.452,167117.952,153666.281,167121.213]},{"type":"Feature","id":"Buildings.fid--324554a4_1a031387ba0_26bd","geometry":{"type":"Polygon","coordinates":[[[153522.739,167197.032],[153522.723,167194.56],[153526.739,167194.534],[153526.755,167197.005],[153522.739,167197.032]]]},"geometry_name":"GEOM","properties":{"INSPIRE_ID":"https://databrussels.be/id/building/1799781","BLOCK_ID":"https://databrussels.be/id/block/24180","AREA":10},"bbox":[153522.723,167194.534,153526.755,167197.032]},{"type":"Feature","id":"Buildings.fid--324554a4_1a031387ba0_252f","geometry":{"type":"Polygon","coordinates":[[[153739.76,167476.94],[153739.87,167476.09],[153740.56,167473.53],[153742.23,167467.817],[153745.022,167467.749],[153743.01,167474.18],[153742.1,167477.57],[153739.76,167476.94]]]},"geometry_name":"GEOM","properties":{"INSPIRE_ID":"https://databrussels.be/id/building/1799782","BLOCK_ID":"https://databrussels.be/id/block/26220","AREA":25},"bbox":[153739.76,167467.749,153745.022,167477.57]},{"type":"Feature","id":"Buildings.fid--324554a4_1a031387ba0_2655","geometry":{"type":"Polygon","coordinates":[[[153503.2517,167265.5793],[153506.3951,167267.1922],[153503.8736,167270.7724],[153503.2517,167265.5793]]]},"geometry_name":"GEOM","properties":{"INSPIRE_ID":"https://databrussels.be/id/building/1800052","BLOCK_ID":"https://databrussels.be/id/block/24180","AREA":8},"bbox":[153503.2517,167265.5793,153506.3951,167270.7724]},{"type":"Feature","id":"Buildings.fid--324554a4_1a031387ba0_26dc","geometry":{"type":"Polygon","coordinates":[[[153638.257,167103.86],[153637.072,167106.121],[153635.377,167105.233],[153636.562,167102.972],[153638.257,167103.86]]]},"geometry_name":"GEOM","properties":{"INSPIRE_ID":"https://databrussels.be/id/building/1800912","BLOCK_ID":"https://databrussels.be/id/block/26449","AREA":5},"bbox":[153635.377,167102.972,153638.257,167106.121]},{"type":"Feature","id":"Buildings.fid--324554a4_1a031387ba0_25af","geometry":{"type":"Polygon","coordinates":[[[153569.482,167358.589],[153570.608,167359.608],[153569.29,167361.074],[153568.086,167360.03],[153569.482,167358.589]]]},"geometry_name":"GEOM","properties":{"INSPIRE_ID":"https://databrussels.be/id/building/1800913","BLOCK_ID":"https://databrussels.be/id/block/26811","AREA":3},"bbox":[153568.086,167358.589,153570.608,167361.074]},{"type":"Feature","id":"Buildings.fid--324554a4_1a031387ba0_2475","geometry":{"type":"Polygon","coordinates":[[[153935.73,167442.863],[153936.527,167442.06],[153937.283,167442.81],[153936.486,167443.614],[153935.73,167442.863]]]},"geometry_name":"GEOM","properties":{"INSPIRE_ID":"https://databrussels.be/id/building/1800934","BLOCK_ID":"https://databrussels.be/id/block/26220","AREA":1},"bbox":[153935.73,167442.06,153937.283,167443.614]},{"type":"Feature","id":"Buildings.fid--324554a4_1a031387ba0_267c","geometry":{"type":"Polygon","coordinates":[[[153774.313,167239.345],[153780.3,167227.946],[153784.018,167229.92],[153777.978,167241.21],[153777.899,167241.3623],[153774.2497,167239.4702],[153774.313,167239.345]]]},"geometry_name":"GEOM","properties":{"INSPIRE_ID":"https://databrussels.be/id/building/1801090","BLOCK_ID":"https://databrussels.be/id/block/24635","AREA":54},"bbox":[153774.2497,167227.946,153784.018,167241.3623]},{"type":"Feature","id":"Buildings.fid--324554a4_1a031387ba0_245f","geometry":{"type":"Polygon","coordinates":[[[153908.773,167339.953],[153910.141,167341.233],[153908.116,167343.518],[153906.645,167342.308],[153908.773,167339.953]]]},"geometry_name":"GEOM","properties":{"INSPIRE_ID":"https://databrussels.be/id/building/1802116","BLOCK_ID":"https://databrussels.be/id/block/24635","AREA":6},"bbox":[153906.645,167339.953,153910.141,167343.518]},{"type":"Feature","id":"Buildings.fid--324554a4_1a031387ba0_2411","geometry":{"type":"Polygon","coordinates":[[[153911.161,167199.82],[153913.377,167201.025],[153912.595,167202.635],[153910.336,167201.563],[153911.161,167199.82]]]},"geometry_name":"GEOM","properties":{"INSPIRE_ID":"https://databrussels.be/id/building/1802156","BLOCK_ID":"https://databrussels.be/id/block/26449","AREA":5},"bbox":[153910.336,167199.82,153913.377,167202.635]},{"type":"Feature","id":"Buildings.fid--324554a4_1a031387ba0_256f","geometry":{"type":"Polygon","coordinates":[[[153552.353,167439.538],[153550.54,167440.121],[153549.772,167437.731],[153551.585,167437.148],[153552.353,167439.538]]]},"geometry_name":"GEOM","properties":{"INSPIRE_ID":"https://databrussels.be/id/building/1802257","BLOCK_ID":"https://databrussels.be/id/block/24596","AREA":5},"bbox":[153549.772,167437.148,153552.353,167440.121]},{"type":"Feature","id":"Buildings.fid--324554a4_1a031387ba0_2616","geometry":{"type":"Polygon","coordinates":[[[153540.165,167245.64],[153542.788,167244.609],[153552.588,167231.476],[153552.888,167228.375],[153552.432,167224.203],[153551.247,167221.228],[153546.197,167221.189],[153542.872,167225.447],[153543.468,167227.815],[153543.543,167229.394],[153543.017,167231.432],[153542.241,167233.163],[153541.794,167233.792],[153541.137,167234.716],[153539.693,167235.814],[153537.507,167236.823],[153535.649,167237.054],[153533.926,167237.051],[153530.735,167241.361],[153532.059,167246.311],[153536.948,167246.387],[153540.165,167245.64]]]},"geometry_name":"GEOM","properties":{"INSPIRE_ID":"https://databrussels.be/id/building/1802260","BLOCK_ID":"https://databrussels.be/id/block/24180","AREA":261},"bbox":[153530.735,167221.189,153552.888,167246.387]},{"type":"Feature","id":"Buildings.fid--324554a4_1a031387ba0_2603","geometry":{"type":"Polygon","coordinates":[[[153567.31,167333.84],[153565.28,167332.11],[153567.65,167329.32],[153569.76,167330.99],[153567.31,167333.84]]]},"geometry_name":"GEOM","properties":{"INSPIRE_ID":"https://databrussels.be/id/building/1802261","BLOCK_ID":"https://databrussels.be/id/block/26811","AREA":10},"bbox":[153565.28,167329.32,153569.76,167333.84]},{"type":"Feature","id":"Buildings.fid--324554a4_1a031387ba0_2506","geometry":{"type":"Polygon","coordinates":[[[153710.877,167277.151],[153709.531,167275.131],[153712.106,167273.533],[153713.43,167275.651],[153710.877,167277.151]]]},"geometry_name":"GEOM","properties":{"INSPIRE_ID":"https://databrussels.be/id/building/1802262","BLOCK_ID":"https://databrussels.be/id/block/24180","AREA":7},"bbox":[153709.531,167273.533,153713.43,167277.151]},{"type":"Feature","id":"Buildings.fid--324554a4_1a031387ba0_2610","geometry":{"type":"MultiPolygon","coordinates":[[[[153531.32,167205.30000035],[153533.2,167205.46000035],[153534.951,167205.61300036],[153535.474,167205.66300035],[153535.63,167208.34000035],[153535.7148,167209.79700035],[153535.73,167210.05900035],[153535.86,167211.08500035],[153536.42,167216.23000035],[153536.6096,167218.33560035],[153536.727,167219.64000035],[153532.697,167220.02200035],[153531.798,167211.38600036],[153531.32,167205.30000035]]]]},"geometry_name":"GEOM","properties":{"INSPIRE_ID":"https://databrussels.be/id/building/1802302","BLOCK_ID":"https://databrussels.be/id/block/24180","AREA":59},"bbox":[153531.32,167205.30000035,153536.727,167220.02200035]},{"type":"Feature","id":"Buildings.fid--324554a4_1a031387ba0_26a1","geometry":{"type":"Polygon","coordinates":[[[153633,167163.08],[153632.491,167164.0809],[153627.6635,167161.626],[153629.716,167157.63],[153634.032,167149.92],[153638.987,167152.58],[153634.47,167160.49],[153633,167163.08]]]},"geometry_name":"GEOM","properties":{"INSPIRE_ID":"https://databrussels.be/id/building/1802305","BLOCK_ID":"https://databrussels.be/id/block/24635","AREA":74},"bbox":[153627.6635,167149.92,153638.987,167164.0809]},{"type":"Feature","id":"Buildings.fid--324554a4_1a031387ba0_265f","geometry":{"type":"Polygon","coordinates":[[[153514.173,167235.387],[153518.792,167234.999],[153519.443,167234.392],[153521.084,167234.254],[153521.827,167234.743],[153522.228,167239.511],[153524.32,167240.327],[153524.697,167240.768],[153524.887,167241.433],[153524.869,167242.095],[153524.656,167242.641],[153523.97,167243.227],[153523.193,167243.472],[153523.234,167243.964],[153515.04,167244.691],[153514.933,167242.915],[153514.173,167235.387]]]},"geometry_name":"GEOM","properties":{"INSPIRE_ID":"https://databrussels.be/id/building/1802306","BLOCK_ID":"https://databrussels.be/id/block/24180","AREA":80},"bbox":[153514.173,167234.254,153524.887,167244.691]},{"type":"Feature","id":"Buildings.fid--324554a4_1a031387ba0_26d7","geometry":{"type":"Polygon","coordinates":[[[153677.196,167000],[153684.856,166995.732],[153703.676,166985.252],[153723.916,166973.982],[153734.909,166967.873],[153735.68,166968.36],[153736.74,166969.04],[153737.74,166969.79],[153738.93,166970.88],[153739.15,166971.13],[153740.01,166972.09],[153740.95,166973.4],[153741.62,166974.57],[153742.2,166975.8],[153742.67,166977.07],[153742.86,166977.78],[153743.02,166978.36],[153743.27,166979.69],[153743.42,166981.04],[153743.46,166981.84],[153743.46,166983.117],[153716.064,166998.388],[153713.174,167000],[153695.424,167009.908],[153674.674,167021.448],[153655.724,167031.948],[153651.194,167034.478],[153651.341,167034.74],[153637.68,167042.37],[153616.52,167054.16],[153615.45,167053.48],[153614.39,167052.8],[153613.39,167052.05],[153612.45,167051.16],[153612.38,167051.08],[153611.95,167050.6],[153611.59,167050.2],[153610.79,167049.18],[153610.1,167048.16],[153609.47,167047.09],[153608.93,167045.99],[153608.39,167044.53],[153607.99,167043.02],[153607.74,167041.48],[153607.68,167040.43],[153607.7,167039.36],[153607.71,167038.3],[153622.23,167030.26],[153638.18,167021.41],[153642.524,167018.98],[153642.67,167019.242],[153655.056,167012.312],[153670.756,167003.592],[153677.196,167000]]]},"geometry_name":"GEOM","properties":{"INSPIRE_ID":"https://databrussels.be/id/building/1802906","BLOCK_ID":null,"AREA":2633},"bbox":[153607.68,166967.873,153743.46,167054.16]},{"type":"Feature","id":"Buildings.fid--324554a4_1a031387ba0_264d","geometry":{"type":"Polygon","coordinates":[[[153669.082,167312.123],[153671.229,167310.619],[153671.962,167310.719],[153672.61,167311.589],[153672.491,167313.404],[153671.212,167314.582],[153669.082,167312.123]]]},"geometry_name":"GEOM","properties":{"INSPIRE_ID":"https://databrussels.be/id/building/1805642","BLOCK_ID":"https://databrussels.be/id/block/24180","AREA":8},"bbox":[153669.082,167310.619,153672.61,167314.582]},{"type":"Feature","id":"Buildings.fid--324554a4_1a031387ba0_24b1","geometry":{"type":"Polygon","coordinates":[[[153803.41,167441.44],[153799.796,167426.754],[153805.06,167425.16],[153808.85,167437.42],[153810.8672,167443.6282],[153804.4488,167445.3916],[153803.41,167441.44]]]},"geometry_name":"GEOM","properties":{"INSPIRE_ID":"https://databrussels.be/id/building/1807364","BLOCK_ID":"https://databrussels.be/id/block/26220","AREA":117},"bbox":[153799.796,167425.16,153810.8672,167445.3916]},{"type":"Feature","id":"Buildings.fid--324554a4_1a031387ba0_26c0","geometry":{"type":"Polygon","coordinates":[[[153549.09,167181.14],[153550.98,167177.54],[153551.573,167176.41],[153558.012,167164.148],[153565.843,167149.233],[153568.27,167150.31],[153567.13,167152.48],[153571.8,167154.93],[153560.66,167176.15],[153558.3526,167180.0986],[153557.0424,167182.113],[153549.09,167181.14]]]},"geometry_name":"GEOM","properties":{"INSPIRE_ID":"https://databrussels.be/id/building/1807365","BLOCK_ID":"https://databrussels.be/id/block/24635","AREA":261},"bbox":[153549.09,167149.233,153571.8,167182.113]},{"type":"Feature","id":"Buildings.fid--324554a4_1a031387ba0_24db","geometry":{"type":"Polygon","coordinates":[[[153825.32,167466.909],[153824.7,167468.993],[153822.77,167468.577],[153823.404,167466.552],[153825.32,167466.909]]]},"geometry_name":"GEOM","properties":{"INSPIRE_ID":"https://databrussels.be/id/building/1808120","BLOCK_ID":"https://databrussels.be/id/block/26220","AREA":4},"bbox":[153822.77,167466.552,153825.32,167468.993]},{"type":"Feature","id":"Buildings.fid--324554a4_1a031387ba0_2518","geometry":{"type":"Polygon","coordinates":[[[153773.59,167372.37],[153777.14,167369.85],[153779.94,167374],[153776.38,167376.45],[153773.59,167372.37]]]},"geometry_name":"GEOM","properties":{"INSPIRE_ID":"https://databrussels.be/id/building/1808121","BLOCK_ID":"https://databrussels.be/id/block/24420","AREA":22},"bbox":[153773.59,167369.85,153779.94,167376.45]},{"type":"Feature","id":"Buildings.fid--324554a4_1a031387ba0_25a1","geometry":{"type":"Polygon","coordinates":[[[153503.2678,167375.6251],[153508.584,167370.57],[153515.301,167364.022],[153517.954,167366.537],[153511.473,167372.939],[153508.7,167375.61],[153506.057,167378.149],[153505.8674,167378.3312],[153503.2678,167375.6251]]]},"geometry_name":"GEOM","properties":{"INSPIRE_ID":"https://databrussels.be/id/building/1808601","BLOCK_ID":"https://databrussels.be/id/block/24596","AREA":62},"bbox":[153503.2678,167364.022,153517.954,167378.3312]},{"type":"Feature","id":"Buildings.fid--324554a4_1a031387ba0_265c","geometry":{"type":"Polygon","coordinates":[[[153510.4331,167247.2785],[153510.424,167247.174],[153510.42,167247.14],[153510.351,167245.999],[153510.202,167243.494],[153510.182,167243.279],[153510.1573,167243.0046],[153509.765,167238.65],[153509.7627,167238.6245],[153509.38,167234.374],[153512.91,167234.06],[153514.12,167234.78],[153514.173,167235.387],[153514.933,167242.915],[153515.04,167244.691],[153515.2288,167246.8612],[153510.4331,167247.2785]]]},"geometry_name":"GEOM","properties":{"INSPIRE_ID":"https://databrussels.be/id/building/1808602","BLOCK_ID":"https://databrussels.be/id/block/24180","AREA":61},"bbox":[153509.38,167234.06,153515.2288,167247.2785]},{"type":"Feature","id":"Buildings.fid--324554a4_1a031387ba0_26ab","geometry":{"type":"Polygon","coordinates":[[[153678.91,167147.78],[153678.651,167148.432],[153673.949,167157.442],[153667.849,167154.202],[153672.05,167145.98],[153672.95,167144.2],[153674.47,167141.38],[153674.6959,167140.9494],[153680.7134,167144.1636],[153678.91,167147.78]]]},"geometry_name":"GEOM","properties":{"INSPIRE_ID":"https://databrussels.be/id/building/1808605","BLOCK_ID":"https://databrussels.be/id/block/26449","AREA":103},"bbox":[153667.849,167140.9494,153680.7134,167157.442]},{"type":"Feature","id":"Buildings.fid--324554a4_1a031387ba0_26b8","geometry":{"type":"MultiPolygon","coordinates":[[[[153505.416,167067.92700036],[153509.64,167059.55000036],[153509.74,167059.37000036],[153510.5457,167057.78500035],[153511.27,167056.36000035],[153513.41,167057.65000035],[153515.39,167053.77000035],[153517.61,167055.09900035],[153509.946,167070.20600035],[153505.416,167067.92700036]]]]},"geometry_name":"GEOM","properties":{"INSPIRE_ID":"https://databrussels.be/id/building/1808606","BLOCK_ID":"https://databrussels.be/id/block/26197","AREA":76},"bbox":[153505.416,167053.77000035,153517.61,167070.20600035]},{"type":"Feature","id":"Buildings.fid--324554a4_1a031387ba0_26ad","geometry":{"type":"Polygon","coordinates":[[[153673.949,167157.442],[153678.651,167148.432],[153678.91,167147.78],[153680.79,167144.01],[153687.33,167147.53],[153686.23,167149.57],[153685.272,167151.6244],[153680.425,167160.882],[153673.949,167157.442]]]},"geometry_name":"GEOM","properties":{"INSPIRE_ID":"https://databrussels.be/id/building/1808608","BLOCK_ID":"https://databrussels.be/id/block/26449","AREA":111},"bbox":[153673.949,167144.01,153687.33,167160.882]},{"type":"Feature","id":"Buildings.fid--324554a4_1a031387ba0_25b6","geometry":{"type":"Polygon","coordinates":[[[153575.72,167376.23],[153571.13,167380.9],[153567.68,167384.611],[153561.2,167390.99],[153556.13,167386.22],[153562.5,167379.74],[153563.7895,167378.3911],[153565.9012,167380.4825],[153572.7594,167373.6005],[153575.72,167376.23]]]},"geometry_name":"GEOM","properties":{"INSPIRE_ID":"https://databrussels.be/id/building/1808609","BLOCK_ID":"https://databrussels.be/id/block/26811","AREA":116},"bbox":[153556.13,167373.6005,153575.72,167390.99]},{"type":"Feature","id":"Buildings.fid--324554a4_1a031387ba0_269f","geometry":{"type":"Polygon","coordinates":[[[153622.65,167160.37],[153629.577,167147.528],[153634.032,167149.92],[153629.716,167157.63],[153626.48,167163.93],[153623.79,167162.4],[153624.43,167161.28],[153622.65,167160.37]]]},"geometry_name":"GEOM","properties":{"INSPIRE_ID":"https://databrussels.be/id/building/1808610","BLOCK_ID":"https://databrussels.be/id/block/24635","AREA":77},"bbox":[153622.65,167147.528,153634.032,167163.93]},{"type":"Feature","id":"Buildings.fid--324554a4_1a031387ba0_259f","geometry":{"type":"Polygon","coordinates":[[[153500.0721,167373.7921],[153506.0009,167367.951],[153512.615,167361.477],[153515.301,167364.022],[153508.584,167370.57],[153503.169,167375.719],[153501.88,167376.93],[153499.36,167374.54],[153500.0721,167373.7921]]]},"geometry_name":"GEOM","properties":{"INSPIRE_ID":"https://databrussels.be/id/building/1808613","BLOCK_ID":"https://databrussels.be/id/block/24596","AREA":68},"bbox":[153499.36,167361.477,153515.301,167376.93]},{"type":"Feature","id":"Buildings.fid--324554a4_1a031387ba0_251b","geometry":{"type":"Polygon","coordinates":[[[153797.243,167375.553],[153797.691,167376.943],[153795.312,167377.71],[153794.864,167376.32],[153797.243,167375.553]]]},"geometry_name":"GEOM","properties":{"INSPIRE_ID":"https://databrussels.be/id/building/1809378","BLOCK_ID":"https://databrussels.be/id/block/24420","AREA":4},"bbox":[153794.864,167375.553,153797.691,167377.71]},{"type":"Feature","id":"Buildings.fid--324554a4_1a031387ba0_2689","geometry":{"type":"Polygon","coordinates":[[[153711.569,167167.26600035],[153707.377,167175.26700035],[153703.533,167173.21400035],[153707.732,167165.37100035],[153707.7875,167165.24640035],[153711.569,167167.26600035]]]},"geometry_name":"GEOM","properties":{"INSPIRE_ID":"https://databrussels.be/id/building/1829020","BLOCK_ID":"https://databrussels.be/id/block/26449","AREA":39},"bbox":[153703.533,167165.24640035,153711.569,167175.26700035]},{"type":"Feature","id":"Buildings.fid--324554a4_1a031387ba0_24d7","geometry":{"type":"Polygon","coordinates":[[[153808.76,167460.49000035],[153808.7537,167460.07420036],[153814.9227,167459.98040035],[153817.0594,167466.53200035],[153808.6651,167466.65960035],[153808.76,167460.49000035]]]},"geometry_name":"GEOM","properties":{"INSPIRE_ID":"https://databrussels.be/id/building/1829069","BLOCK_ID":"https://databrussels.be/id/block/26220","AREA":48},"bbox":[153808.6651,167459.98040035,153817.0594,167466.65960035]},{"type":"Feature","id":"Buildings.fid--324554a4_1a031387ba0_24b9","geometry":{"type":"Polygon","coordinates":[[[153854.1161,167291.00580036],[153854.7883,167292.13350035],[153853.7148,167292.77330035],[153853.0427,167291.64550035],[153854.1161,167291.00580036]]]},"geometry_name":"GEOM","properties":{"INSPIRE_ID":"https://databrussels.be/id/building/1829071","BLOCK_ID":"https://databrussels.be/id/block/24635","AREA":2},"bbox":[153853.0427,167291.00580036,153854.7883,167292.77330035]},{"type":"Feature","id":"Buildings.fid--324554a4_1a031387ba0_267f","geometry":{"type":"Polygon","coordinates":[[[153779.1873,167251.81230035],[153780.8185,167252.70720035],[153780.2574,167253.73020035],[153778.6261,167252.83530035],[153779.1873,167251.81230035]]]},"geometry_name":"GEOM","properties":{"INSPIRE_ID":"https://databrussels.be/id/building/1829073","BLOCK_ID":"https://databrussels.be/id/block/24635","AREA":2},"bbox":[153778.6261,167251.81230035,153780.8185,167253.73020035]},{"type":"Feature","id":"Buildings.fid--324554a4_1a031387ba0_25b7","geometry":{"type":"MultiPolygon","coordinates":[[[[153590.0494,167380.00360035],[153594.4484,167376.01300035],[153596.6886,167378.48230035],[153592.2896,167382.47300035],[153590.0494,167380.00360035]]]]},"geometry_name":"GEOM","properties":{"INSPIRE_ID":"https://databrussels.be/id/building/1830341","BLOCK_ID":"https://databrussels.be/id/block/26811","AREA":20},"bbox":[153590.0494,167376.01300035,153596.6886,167382.47300035]},{"type":"Feature","id":"Buildings.fid--324554a4_1a031387ba0_26e8","geometry":{"type":"MultiPolygon","coordinates":[[[[153589.6234,167005.68040035],[153595.2212,167002.13850036],[153595.9352,167003.26690035],[153597.94,167001.99840035],[153600.2194,167005.60090036],[153592.4351,167010.26760036],[153589.6234,167005.68040035]]]]},"geometry_name":"GEOM","properties":{"INSPIRE_ID":"https://databrussels.be/id/building/1830343","BLOCK_ID":"https://databrussels.be/id/block/26197","AREA":46},"bbox":[153589.6234,167001.99840035,153600.2194,167010.26760036]},{"type":"Feature","id":"Buildings.fid--324554a4_1a031387ba0_2439","geometry":{"type":"Polygon","coordinates":[[[153981.35512909,167472.84308727],[153982.97762116,167472.06133682],[153983.40453003,167471.86912688],[153984.93,167475.14],[153984.64,167475.28],[153982.69000013,167476.20999967],[153981.79653017,167474.19248686],[153981.98529315,167474.10790385],[153981.35512909,167472.84308727]]]},"geometry_name":"GEOM","properties":{"INSPIRE_ID":"https://databrussels.be/id/building/197006","BLOCK_ID":"https://databrussels.be/id/block/25411","AREA":9},"bbox":[153981.35512909,167471.86912688,153984.93,167476.20999967]},{"type":"Feature","id":"Buildings.fid--324554a4_1a031387ba0_2460","geometry":{"type":"Polygon","coordinates":[[[153899.268,167341.094],[153909.683,167351.327],[153905.33,167355.872],[153894.678,167345.851],[153899.268,167341.094]]]},"geometry_name":"GEOM","properties":{"INSPIRE_ID":"https://databrussels.be/id/building/231057","BLOCK_ID":"https://databrussels.be/id/block/24181","AREA":94},"bbox":[153894.678,167341.094,153909.683,167355.872]}],"numberReturned":734,"grand_bruxelles_source":{"authority":"Paradigm / Brussels-Capital Region","service":"https://geoservices-urbis.irisnet.be/geoserver/urbisvector/wfs","layer":"urbisvector:Buildings","crs":"EPSG:31370","bbox":[153500.0,167000.0,154000.0,167500.0],"cell_id":"bxl-e153500-n167000-s500","ownership":"polygon_or_multipolygon_centroid_global_500m_cell"}}
