{"type":"FeatureCollection","totalFeatures":232,"numberMatched":232,"timeStamp":"2026-08-23T04:53:49.035Z","crs":{"type":"name","properties":{"name":"urn:ogc:def:crs:EPSG::31370"}},"bbox":[148930.81,170417.288,149550.7152,171056.4013],"features":[{"type":"Feature","id":"Buildings.fid-1cd8d64c_1a02c0ead07_7b4b","geometry":{"type":"Polygon","coordinates":[[[149188.087103,170517.221197],[149182.237213,170510.769574],[149183.419325,170509.697716],[149189.269215,170516.149338],[149188.087103,170517.221197]]]},"geometry_name":"GEOM","properties":{"INSPIRE_ID":"https://databrussels.be/id/building/118100","BLOCK_ID":null,"AREA":14},"bbox":[149182.237213,170509.697716,149189.269215,170517.221197]},{"type":"Feature","id":"Buildings.fid-1cd8d64c_1a02c0ead07_7b05","geometry":{"type":"Polygon","coordinates":[[[149368.723,170905.478],[149370.35,170905.9],[149370.43668597,170905.53508003],[149384.28211182,170909.24934074],[149382.6,170916.35],[149393.04,170918.83],[149393.79,170915.93],[149397.59,170916.48],[149399.28,170915.49],[149402.44,170916.24],[149406.25,170920.06],[149409.142766,170917.46381008],[149412.06061577,170906.25692557],[149414.27110156,170903.19846998],[149417.123,170890.712],[149417.356,170889.811],[149416.945,170889.705],[149417.293,170888.201],[149413.183,170887.158],[149412.986,170887.933],[149412.55,170887.823],[149412.39,170888.453],[149409.508,170887.691],[149409.671,170887.062],[149409.236,170886.949],[149409.433,170886.17],[149405.337,170885.11],[149404.949,170886.611],[149374.406,170878.783],[149374.783,170877.28],[149370.67208205,170876.25005238],[149370.478,170877.026],[149370.041,170876.917],[149369.883,170877.547],[149366.973,170876.742],[149367.129,170876.112],[149366.693,170876.003],[149366.886,170875.227],[149362.86,170874.226],[149362.513,170875.559],[149358.40521974,170891.51462346],[149355.49034376,170890.86213296],[149353.32120939,170899.24934387],[149352.76,170901.41],[149358.66,170902.82],[149364.56536126,170904.37335509],[149368.723,170905.478]]]},"geometry_name":"GEOM","properties":{"INSPIRE_ID":"https://databrussels.be/id/building/1599232","BLOCK_ID":"https://databrussels.be/id/block/26133","AREA":1715},"bbox":[149352.76,170874.226,149417.356,170920.06]},{"type":"Feature","id":"Buildings.fid-1cd8d64c_1a02c0ead07_7b01","geometry":{"type":"Polygon","coordinates":[[[149416.861,171035.468],[149418.273,171034.049],[149420.86,171031.38],[149436.21,171046.86],[149436.4,171047],[149436.6,171047.14],[149436.8,171047.27],[149437.26,171047.47],[149437.76,171047.61],[149438.26,171047.68],[149438.67,171047.68],[149439.09,171047.63],[149439.48,171047.53],[149439.8,171047.39],[149440.11,171047.21],[149440.4,171046.99],[149440.58,171046.83],[149440.76,171046.65],[149440.92,171046.46],[149441.1,171046.2],[149441.26,171045.91],[149441.39,171045.62],[149441.49,171045.35],[149441.56,171045.07],[149441.61,171044.78],[149441.62,171044.57],[149441.61,171044.35],[149441.6,171044.14],[149445.56,171043.61],[149443.79,171027.83],[149439.59,171024.14],[149440.26,171023.47],[149440.52,171023.13],[149440.78,171022.8],[149441.02,171022.45],[149441.27,171022.05],[149441.51,171021.63],[149441.71,171021.21],[149441.9,171020.68],[149442.04,171020.14],[149442.15,171019.59],[149442.27,171018.77],[149442.31,171017.94],[149442.28,171017.13],[149441.81,171015.29],[149440.89,171013.55],[149439.68,171012.03],[149439.41,171011.75],[149439.12,171011.49],[149438.83,171011.23],[149442.5,171007.59],[149439.63,171004.71],[149440.29,171004.17],[149441.32,171003.49],[149442.35,171003.11],[149443.49,171003.09],[149437.961,170955.445],[149437.234,170955.529],[149435.436,170939.881],[149436.617,170939.708],[149430.876,170894.585],[149417.123,170890.712],[149414.27110156,170903.19846998],[149412.06061577,170906.25692557],[149409.142766,170917.46381008],[149406.25,170920.06],[149390.27,170935.98],[149387.61,170933.59],[149382.21,170938.82],[149361.16,170917.71],[149363.58328055,170908.36807788],[149364.56536126,170904.37335509],[149358.66,170902.82],[149355.1,170916.45],[149350.37,170911.67],[149349.39,170912.8],[149343.95,170907.31],[149347.37,170903.92],[149341.28,170897.77],[149337.45,170901.56],[149327.06,170890.17],[149330.44,170886.28],[149324.09677902,170884.78493326],[149334.017,170869.633],[149310.684,170864.029],[149310.394,170865.069],[149310.096,170866.146],[149309.693,170867.197],[149309.305,170867.931],[149308.872,170868.606],[149308.393,170869.265],[149307.896,170869.817],[149307.382,170870.3],[149306.867,170870.805],[149304.44,170867.95],[149303.64,170868.67],[149302.37,170866.93],[149301.78,170866.29],[149301.19,170865.66],[149300.55,170865.07],[149299.98,170864.64],[149299.38,170864.24],[149298.76,170863.88],[149298.22,170863.62],[149297.67,170863.38],[149297.11,170863.18],[149296.48,170863.01],[149295.84,170862.88],[149295.2,170862.78],[149294.51,170862.72],[149293.81,170862.71],[149293.12,170862.73],[149292.26,170862.81],[149291.41,170862.95],[149290.58,170863.17],[149289.87,170863.43],[149289.18,170863.74],[149288.52,170864.09],[149287.87,170864.5],[149287.24,170864.94],[149286.61,170865.38],[149285.56,170863.91],[149286.15,170863.56],[149285.787,170862.9736],[149285.2664,170863.3399],[149285.1478,170863.1623],[149267.0054,170875.6229],[149280.542,170889.265],[149281.786,170890.566],[149277.614,170894.555],[149339.14,170956.96],[149339.058,170957.087],[149353.576,170971.739],[149353.687,170971.63],[149379.937,170998.156],[149378.656,170999.421],[149379.229,171000],[149380.334,171001.116],[149381.4615,171000],[149381.613,170999.85],[149381.762,171000],[149416.861,171035.468]],[[149433.44,170992.82],[149431.49,170990.84],[149431.01,170990.9],[149428.03,170987.88],[149428.18,170987.75],[149428.33,170987.61],[149428.47,170987.48],[149428.67,170987.26],[149428.85,170987.04],[149428.99,170986.79],[149429.09,170986.52],[149429.15,170986.22],[149429.16,170985.93],[149429.11,170985.64],[149429.02,170985.35],[149428.89,170985.08],[149428.71734846,170984.85166956],[149428.5294937,170984.62673909],[149428.31989417,170984.42726381],[149428.06,170984.24],[149427.83,170984.16],[149427.58,170984.11],[149427.39,170984.09],[149427.19,170984.1],[149426.99,170984.12],[149426.78,170984.15],[149426.57,170984.19],[149426.38,170984.26],[149426.19,170984.36],[149426.02,170984.48],[149425.85,170984.61],[149425.66,170984.78],[149425.49,170984.96],[149425.31,170985.14],[149415.3439,170975.0406],[149430.14,170960.34],[149433.12,170987.97],[149433.41,170987.94],[149433.91,170992.35],[149433.44,170992.82]],[[149406.86,170963.82],[149394.17,170951.14],[149390.46,170954.85],[149387.55,170951.86],[149392.07,170947.34],[149395.3,170950.66],[149418.78,170927.17],[149420.99,170926.93],[149422.26,170938.99],[149423.84,170938.82],[149423.95,170939.8],[149424.51,170939.74],[149424.59,170940.54],[149424.21,170940.93],[149424.73,170945.68],[149425.17,170945.97],[149406.86,170963.82]]]},"geometry_name":"GEOM","properties":{"INSPIRE_ID":"https://databrussels.be/id/building/1600112","BLOCK_ID":"https://databrussels.be/id/block/26133","AREA":11724},"bbox":[149267.0054,170862.71,149445.56,171047.68]},{"type":"Feature","id":"Buildings.fid-1cd8d64c_1a02c0ead07_7ae4","geometry":{"type":"Polygon","coordinates":[[[149421.202,170656.807],[149434.375,170670.175],[149436.766,170673.888],[149441.168,170681.145],[149445.205,170687.921],[149452.122,170702.252],[149456.395,170713.163],[149456.975,170714.798],[149461.658,170727.999],[149462.179,170729.47],[149462.599,170730.656],[149456.375,170730.176],[149456.368,170729.947],[149452.742,170729.445],[149449.143,170728.777],[149446.591,170728.18],[149444.07,170727.466],[149443.929,170727.829],[149437.474,170725.756],[149428.591,170713.995],[149416.022,170694.312],[149412.223,170669.397],[149421.202,170656.807]],[[149435.274,170674.218],[149423.322,170676.081],[149424.412,170683.865],[149436.369,170681.968],[149435.274,170674.218]]]},"geometry_name":"GEOM","properties":{"INSPIRE_ID":"https://databrussels.be/id/building/1604253","BLOCK_ID":"https://databrussels.be/id/block/24320","AREA":1692},"bbox":[149412.223,170656.807,149462.599,170730.656]},{"type":"Feature","id":"Buildings.fid-1cd8d64c_1a02c0ead07_7b03","geometry":{"type":"Polygon","coordinates":[[[149334.017,170869.633],[149324.09677902,170884.78493326],[149330.44,170886.28],[149344.94319581,170889.73565628],[149344.81465333,170890.62529484],[149353.32120939,170899.24934387],[149355.49034376,170890.86213296],[149358.40521974,170891.51462346],[149362.513,170875.559],[149334.201,170868.854],[149334.017,170869.633]]]},"geometry_name":"GEOM","properties":{"INSPIRE_ID":"https://databrussels.be/id/building/1613153","BLOCK_ID":"https://databrussels.be/id/block/26133","AREA":607},"bbox":[149324.09677902,170868.854,149362.513,170899.24934387]},{"type":"Feature","id":"Buildings.fid-1cd8d64c_1a02c0ead07_7b86","geometry":{"type":"Polygon","coordinates":[[[149012.14999988,170506.68999989],[149013.87,170503.55],[149030.04,170509.43],[149043.272302,170514.786765],[149041.521197,170518.925453],[149031.33,170514.49],[149026.77639027,170512.78737918],[149024.77512046,170511.97278826],[149025.16089138,170510.96195324],[149023.35414416,170510.25832238],[149022.96719987,170511.21629157],[149012.14999988,170506.68999989]]]},"geometry_name":"GEOM","properties":{"INSPIRE_ID":"https://databrussels.be/id/building/1639015","BLOCK_ID":"https://databrussels.be/id/block/26073","AREA":128},"bbox":[149012.14999988,170503.55,149043.272302,170518.925453]},{"type":"Feature","id":"Buildings.fid-1cd8d64c_1a02c0ead07_7b5a","geometry":{"type":"Polygon","coordinates":[[[148994.101,170713.601],[149000.00000032,170713.59899998],[149006.68286502,170713.66634961],[149006.75445528,170724.63135613],[149000,170725.34616663],[148996.94,170725.67],[148994.101,170713.601]]]},"geometry_name":"GEOM","properties":{"INSPIRE_ID":"https://databrussels.be/id/building/1639017","BLOCK_ID":"https://databrussels.be/id/block/27303","AREA":130},"bbox":[148994.101,170713.59899998,149006.75445528,170725.67]},{"type":"Feature","id":"Buildings.fid-1cd8d64c_1a02c0ead07_7b26","geometry":{"type":"Polygon","coordinates":[[[149331.65,170695.16],[149332.82,170692.51],[149337.36199979,170685.61799999],[149347.47099995,170692.01899971],[149342.04,170700.53],[149337.09,170697.65],[149336.26,170699.08],[149331.65,170695.16]]]},"geometry_name":"GEOM","properties":{"INSPIRE_ID":"https://databrussels.be/id/building/1639020","BLOCK_ID":"https://databrussels.be/id/block/23649","AREA":131},"bbox":[149331.65,170685.61799999,149347.47099995,170700.53]},{"type":"Feature","id":"Buildings.fid-1cd8d64c_1a02c0ead07_7b51","geometry":{"type":"Polygon","coordinates":[[[149312.066,170686.703],[149317.72,170682.62],[149321.19,170687.47],[149315.641283,170691.652552],[149312.066,170686.703]]]},"geometry_name":"GEOM","properties":{"INSPIRE_ID":"https://databrussels.be/id/building/1639031","BLOCK_ID":"https://databrussels.be/id/block/23649","AREA":42},"bbox":[149312.066,170682.62,149321.19,170691.652552]},{"type":"Feature","id":"Buildings.fid-1cd8d64c_1a02c0ead07_7b82","geometry":{"type":"Polygon","coordinates":[[[149012.45666718,170516.09081945],[149008.43996348,170524.81163255],[149018.36168478,170530.16589703],[149020.76006687,170524.96094753],[149015.66621052,170522.12035059],[149017.2558388,170517.95325906],[149012.45666718,170516.09081945]]]},"geometry_name":"GEOM","properties":{"INSPIRE_ID":"https://databrussels.be/id/building/1639034","BLOCK_ID":"https://databrussels.be/id/block/26073","AREA":87},"bbox":[149008.43996348,170516.09081945,149020.76006687,170530.16589703]},{"type":"Feature","id":"Buildings.fid-1cd8d64c_1a02c0ead07_7b37","geometry":{"type":"Polygon","coordinates":[[[149101.85,170793.28],[149107.84,170786.14],[149106.75,170785.23],[149108.87,170782.7],[149105.29,170779.7],[149113.43958916,170770.27701075],[149114.74899974,170768.7630005],[149126.72695691,170778.47327151],[149125.52651842,170779.84652272],[149123.16718028,170782.54550655],[149121.9757613,170781.55795973],[149119.68999551,170784.10717723],[149107.37215004,170797.92558789],[149101.85,170793.28]]]},"geometry_name":"GEOM","properties":{"INSPIRE_ID":"https://databrussels.be/id/building/1639037","BLOCK_ID":"https://databrussels.be/id/block/26066","AREA":308},"bbox":[149101.85,170768.7630005,149126.72695691,170797.92558789]},{"type":"Feature","id":"Buildings.fid-1cd8d64c_1a02c0ead07_7b12","geometry":{"type":"Polygon","coordinates":[[[149106.73578487,170808.98824532],[149106.42791061,170809.34547994],[149109.20876952,170811.74868466],[149110.4182828,170812.89576015],[149110.9211673,170812.29901992],[149113.03850274,170814.19163032],[149109.41051949,170818.47937394],[149109.93354449,170818.96259208],[149113.85373506,170822.50714252],[149116.37008651,170825.03075577],[149117.732266,170826.31279327],[149122.33023648,170821.70988436],[149124.66368943,170823.86893389],[149132.02615094,170816.97580655],[149110.25876305,170798.13884823],[149105.45864652,170803.2610628],[149107.36371434,170804.93159684],[149107.10578254,170805.17237038],[149108.74924911,170806.6943466],[149106.73578487,170808.98824532]]]},"geometry_name":"GEOM","properties":{"INSPIRE_ID":"https://databrussels.be/id/building/1639039","BLOCK_ID":"https://databrussels.be/id/block/26066","AREA":349},"bbox":[149105.45864652,170798.13884823,149132.02615094,170826.31279327]},{"type":"Feature","id":"Buildings.fid-1cd8d64c_1a02c0ead07_7b18","geometry":{"type":"Polygon","coordinates":[[[149126.39999954,170834.72000035],[149135.12925939,170843.37450944],[149142.760816,170851.001956],[149142.84795703,170851.0840377],[149151.50470382,170841.62216094],[149153.040731,170839.943303],[149157.771929,170834.441109],[149157.930255,170834.578107],[149161.165073,170830.839681],[149155.14243731,170825.36535054],[149151.45549849,170822.14133482],[149151.04623901,170822.60276092],[149150.46387731,170823.25935388],[149150.02944286,170822.81502256],[149145.34866168,170827.8961219],[149136.61334973,170819.96152464],[149137.45052539,170819.01381918],[149139.20732737,170820.64621368],[149142.75989766,170816.69078957],[149141.08531378,170815.11209819],[149142.86393523,170813.16000276],[149139.46945321,170810.12467122],[149136.41540788,170812.86639662],[149133.6250873,170815.478814],[149132.02615094,170816.97580655],[149124.66368943,170823.86893389],[149122.33023648,170821.70988436],[149117.732266,170826.31279327],[149120.72930874,170829.12982574],[149126.39999954,170834.72000035]]]},"geometry_name":"GEOM","properties":{"INSPIRE_ID":"https://databrussels.be/id/building/1640055","BLOCK_ID":"https://databrussels.be/id/block/26066","AREA":766},"bbox":[149117.732266,170810.12467122,149161.165073,170851.0840377]},{"type":"Feature","id":"Buildings.fid-1cd8d64c_1a02c0ead07_7b62","geometry":{"type":"Polygon","coordinates":[[[149006.83000041,170742.38999962],[149009.33999973,170737.16000027],[149010.24636057,170737.38764361],[149011.51022083,170732.9828134],[149012.08010414,170730.97581896],[149016.15200033,170716.72399966],[149023.16899977,170719.15199984],[149019.64537498,170728.89632451],[149019.20121858,170728.76365945],[149017.63652942,170733.1490544],[149017.05134276,170734.85887056],[149016.94889148,170735.13001978],[149013.54837634,170742.16721055],[149010.64999976,170746.7199996],[149007.91000002,170744.64000002],[149006.83000041,170742.38999962]]]},"geometry_name":"GEOM","properties":{"INSPIRE_ID":"https://databrussels.be/id/building/1640057","BLOCK_ID":"https://databrussels.be/id/block/27303","AREA":182},"bbox":[149006.83000041,170716.72399966,149023.16899977,170746.7199996]},{"type":"Feature","id":"Buildings.fid-1cd8d64c_1a02c0ead07_7b0d","geometry":{"type":"Polygon","coordinates":[[[149085.10659938,170831.40337832],[149091.53929893,170824.9100602],[149093.47886407,170822.95221757],[149095.70999961,170820.67999964],[149098.71,170817.4],[149099.68961293,170816.42984736],[149106.07000041,170822.97999974],[149091.08559983,170837.40552744],[149085.10659938,170831.40337832]]]},"geometry_name":"GEOM","properties":{"INSPIRE_ID":"https://databrussels.be/id/building/1640058","BLOCK_ID":"https://databrussels.be/id/block/26066","AREA":182},"bbox":[149085.10659938,170816.42984736,149106.07000041,170837.40552744]},{"type":"Feature","id":"Buildings.fid-1cd8d64c_1a02c0ead07_7b36","geometry":{"type":"Polygon","coordinates":[[[149092.84417987,170783.55333562],[149094.05182541,170782.08719029],[149094.38858838,170781.9685196],[149094.81170839,170781.96192896],[149095.85966447,170779.04358206],[149096.36742417,170777.26112885],[149097.93637268,170775.49285591],[149098.65146183,170776.02540095],[149108.00900024,170764.05299977],[149114.74899974,170768.7630005],[149113.43958916,170770.27701075],[149105.29,170779.7],[149101.52,170784.19],[149095.16,170785.72],[149092.84417987,170783.55333562]]]},"geometry_name":"GEOM","properties":{"INSPIRE_ID":"https://databrussels.be/id/building/1640060","BLOCK_ID":"https://databrussels.be/id/block/26066","AREA":184},"bbox":[149092.84417987,170764.05299977,149114.74899974,170785.72]},{"type":"Feature","id":"Buildings.fid-1cd8d64c_1a02c0ead07_7af5","geometry":{"type":"Polygon","coordinates":[[[149172.62,170894.93],[149177.48298071,170900.20966273],[149177.22558598,170900.42606421],[149179.0427553,170902.51600792],[149179.59343268,170902.17897129],[149187.613461,170912.785368],[149194.378033,170907.953322],[149189.96,170902.69],[149187.2,170899.48],[149183.87469399,170895.90975314],[149177.34283067,170888.94720796],[149171.44999989,170882.56000048],[149166.73,170886.31],[149166.04411682,170886.92625202],[149172.62,170894.93]]]},"geometry_name":"GEOM","properties":{"INSPIRE_ID":"https://databrussels.be/id/building/1640061","BLOCK_ID":"https://databrussels.be/id/block/26703","AREA":260},"bbox":[149166.04411682,170882.56000048,149194.378033,170912.785368]},{"type":"Feature","id":"Buildings.fid-1cd8d64c_1a02c0ead07_7b3b","geometry":{"type":"Polygon","coordinates":[[[149082.9330782,170779.29510394],[149086.58799982,170775.53600036],[149089.34054259,170772.65557731],[149095.85966447,170779.04358206],[149094.81170839,170781.96192896],[149094.38858838,170781.9685196],[149092.62853375,170780.29323335],[149091.14095358,170781.95297073],[149092.84417987,170783.55333562],[149095.16,170785.72],[149092.41,170788.98],[149087.71735853,170784.40090086],[149088.04459662,170783.99589187],[149082.9330782,170779.29510394]]]},"geometry_name":"GEOM","properties":{"INSPIRE_ID":"https://databrussels.be/id/building/1640065","BLOCK_ID":"https://databrussels.be/id/block/26066","AREA":101},"bbox":[149082.9330782,170772.65557731,149095.85966447,170788.98]},{"type":"Feature","id":"Buildings.fid-1cd8d64c_1a02c0ead07_7b69","geometry":{"type":"Polygon","coordinates":[[[149020.42493042,170776.3998754],[149040.86880325,170791.58141852],[149042.93993634,170793.97475654],[149041.01572878,170795.27100792],[149041.29293368,170795.6835316],[149039.00964915,170797.35708349],[149039.35554844,170797.79516582],[149036.54633557,170799.04072719],[149035.51226263,170799.94751115],[149030.75796244,170789.80491708],[149027.60461282,170787.5045448],[149025.07105025,170788.66414328],[149024.38236616,170786.93351123],[149025.99395542,170786.11347154],[149022.91158404,170783.4108271],[149023.219168,170783.26265647],[149021.36252539,170781.32560354],[149021.60325406,170781.21533371],[149019.64601678,170777.63342049],[149020.42493042,170776.3998754]]]},"geometry_name":"GEOM","properties":{"INSPIRE_ID":"https://databrussels.be/id/building/1640098","BLOCK_ID":"https://databrussels.be/id/block/27303","AREA":151},"bbox":[149019.64601678,170776.3998754,149042.93993634,170799.94751115]},{"type":"Feature","id":"Buildings.fid-1cd8d64c_1a02c0ead07_7b15","geometry":{"type":"Polygon","coordinates":[[[149114.98328212,170897.54605902],[149120.965363,170891.173807],[149126.49,170896.23],[149126.57,170896.31],[149124.94,170897.98],[149126.32,170899.33],[149125.8286621,170899.55178413],[149122.59999832,170903.7299928],[149120.42,170901.86],[149121.74,170900.6],[149119.99,170899.1],[149119.03,170900.61],[149118.88,170900.78],[149114.98328212,170897.54605902]]]},"geometry_name":"GEOM","properties":{"INSPIRE_ID":"https://databrussels.be/id/building/1640100","BLOCK_ID":"https://databrussels.be/id/block/26703","AREA":72},"bbox":[149114.98328212,170891.173807,149126.57,170903.7299928]},{"type":"Feature","id":"Buildings.fid-1cd8d64c_1a02c0ead07_7b50","geometry":{"type":"Polygon","coordinates":[[[149312.066,170686.703],[149307.289469,170680.266058],[149306.71260495,170679.22220862],[149306.496275,170678.049351],[149306.50480411,170677.01921962],[149306.519726,170675.989161],[149307.00844129,170674.6643288],[149307.73043979,170673.45076333],[149308.661534,170672.38912],[149309.75073736,170671.69049121],[149310.967336,170671.249658],[149311.67479174,170671.08125286],[149312.400987,170671.042596],[149313.68910152,170671.20750437],[149314.92668,170671.600993],[149315.15838897,170671.68192699],[149315.382991,170671.780888],[149316.281072,170672.283457],[149316.16077,170672.426656],[149321.991,170675.878],[149318.31,170682.2],[149317.72,170682.62],[149312.066,170686.703]]]},"geometry_name":"GEOM","properties":{"INSPIRE_ID":"https://databrussels.be/id/building/1640117","BLOCK_ID":"https://databrussels.be/id/block/23649","AREA":152},"bbox":[149306.496275,170671.042596,149321.991,170686.703]},{"type":"Feature","id":"Buildings.fid-1cd8d64c_1a02c0ead07_7aef","geometry":{"type":"Polygon","coordinates":[[[149156.07,170897.19000023],[149178.97665,170919.082055],[149187.613461,170912.785368],[149179.59343268,170902.17897129],[149179.0427553,170902.51600792],[149177.22558598,170900.42606421],[149177.48298071,170900.20966273],[149172.62,170894.93],[149166.04411682,170886.92625202],[149156.07,170897.19000023]],[[149170.18,170906.1],[149168.68,170904.32],[149171.63,170901.5],[149173.29,170903.49],[149170.18,170906.1]]]},"geometry_name":"GEOM","properties":{"INSPIRE_ID":"https://databrussels.be/id/building/1640118","BLOCK_ID":"https://databrussels.be/id/block/26703","AREA":401},"bbox":[149156.07,170886.92625202,149187.613461,170919.082055]},{"type":"Feature","id":"Buildings.fid-1cd8d64c_1a02c0ead07_7b95","geometry":{"type":"Polygon","coordinates":[[[149022.29,170903.17],[149024.4,170901.8],[149035.1262,170894.8168],[149032.3575,170890.2967],[149032.97,170889.9],[149032.69,170889.43],[149033.0466,170889.208],[149035.4041,170887.7402],[149048.72,170879.45],[149052.1074,170884.8784],[149052.72,170885.86],[149055.175,170889.985],[149057.3859,170893.5179],[149055.2463,170895.1344],[149056.7307,170897.4584],[149055.973,170897.9723],[149054.601,170894.9621],[149041.611,170903.457],[149039.0016,170905.1626],[149034.0761,170908.5265],[149037.0884,170912.9183],[149041.49,170910.67],[149041.9813,170910.4252],[149044.6324,170915.6739],[149046.816,170914.8429],[149049.8529,170922.5771],[149036.5815,170926.8471],[149036.3343,170926.1333],[149034.3724,170920.4702],[149032.243,170916.348],[149032.0619,170915.9897],[149034.6915,170914.4364],[149033.7523,170912.9354],[149033.376,170913.1749],[149032.4253,170911.7935],[149029.1494,170913.9818],[149024.399,170917.3009],[149017.252,170906.449],[149022.29,170903.17]]]},"geometry_name":"GEOM","properties":{"INSPIRE_ID":"https://databrussels.be/id/building/1640126","BLOCK_ID":"https://databrussels.be/id/block/26066","AREA":759},"bbox":[149017.252,170879.45,149057.3859,170926.8471]},{"type":"Feature","id":"Buildings.fid-1cd8d64c_1a02c0ead07_7b9d","geometry":{"type":"Polygon","coordinates":[[[149004.744,170898.5022],[149005.5393,170899.7122],[149006.4681,170901.1252],[149000.5767,170905.2398],[149000.7982,170905.5566],[148995.5732,170909.2081],[148995.1198,170908.398],[148994.4187,170907.1452],[148999.1168,170903.8619],[148998.4466,170902.903],[148998.083,170902.3827],[149000.5853,170900.6435],[149004.406,170897.988],[149004.744,170898.5022]]]},"geometry_name":"GEOM","properties":{"INSPIRE_ID":"https://databrussels.be/id/building/1640133","BLOCK_ID":"https://databrussels.be/id/block/26722","AREA":43},"bbox":[148994.4187,170897.988,149006.4681,170909.2081]},{"type":"Feature","id":"Buildings.fid-1cd8d64c_1a02c0ead07_7b1f","geometry":{"type":"Polygon","coordinates":[[[149146.5375982,170810.47173779],[149154.448906,170803.103877],[149158.786228,170806.874439],[149151.62359367,170814.688308],[149149.62571983,170817.29907074],[149144.26181452,170813.05872588],[149146.5375982,170810.47173779]]]},"geometry_name":"GEOM","properties":{"INSPIRE_ID":"https://databrussels.be/id/building/1640150","BLOCK_ID":"https://databrussels.be/id/block/26066","AREA":88},"bbox":[149144.26181452,170803.103877,149158.786228,170817.29907074]},{"type":"Feature","id":"Buildings.fid-1cd8d64c_1a02c0ead07_7b8f","geometry":{"type":"Polygon","coordinates":[[[148996.168,170834.105],[148998.25,170839.77],[148998.66980194,170840.67476378],[149001.15997304,170846.0400245],[148997.11996361,170847.82993405],[148997.53666027,170848.59939253],[148998.007,170848.3323],[148999.1256,170850.2999],[149007.40714501,170845.45956188],[149005.80791627,170842.43766195],[149000.58100013,170832.5609996],[149000,170832.765],[148996.168,170834.105]]]},"geometry_name":"GEOM","properties":{"INSPIRE_ID":"https://databrussels.be/id/building/1640152","BLOCK_ID":"https://databrussels.be/id/block/26066","AREA":93},"bbox":[148996.168,170832.5609996,149007.40714501,170850.2999]},{"type":"Feature","id":"Buildings.fid-1cd8d64c_1a02c0ead07_7b4a","geometry":{"type":"Polygon","coordinates":[[[149160.9602534,170630.8526339],[149159.842538,170626.365801],[149163.459671,170625.370554],[149162.839123,170623.138296],[149166.745,170622.089],[149166.5,170621.128],[149166.445,170619.942],[149166.695,170618.781],[149167.235,170617.723],[149168.027,170616.839],[149168.82155736,170616.29824138],[149169.795155,170615.912737],[149170.163909,170615.826143],[149171.463876,170615.729342],[149187.573,170618.176],[149187.577906,170618.56792],[149188.286056,170618.645825],[149187.673683,170624.212242],[149186.123185,170624.6521],[149190.185362,170638.971252],[149194.553011,170637.732206],[149193.188423,170632.922019],[149200.543183,170630.835568],[149201.910039,170635.617544],[149235.405,170626.024],[149236.189278,170625.924408],[149236.807469,170626.950409],[149237.607329,170626.993731],[149237.644,170626.381],[149241.778,170626.628],[149241.824569,170627.450181],[149247.134773,170627.546981],[149248.708358,170633.19345],[149244.335,170636.095],[149244.709599,170636.675125],[149241.249242,170639.070277],[149240.936219,170638.618042],[149239.996,170639.276],[149240.184,170640.22],[149237.789,170640.959],[149237.543,170641.035],[149237.297,170641.111],[149237.051,170641.187],[149236.806,170641.263],[149236.56,170641.339],[149236.314,170641.415],[149219.558,170646.208],[149219.950229,170647.59616],[149217.845353,170648.214217],[149209.10486,170650.780696],[149208.76076661,170650.9034833],[149208.430302,170651.059272],[149208.1125873,170651.23481888],[149207.800337,170651.419911],[149207.37580008,170651.68583115],[149206.962458,170651.968839],[149206.56269404,170652.2716271],[149206.180153,170652.595902],[149205.78737863,170652.96456078],[149205.413091,170653.351975],[149205.06203072,170653.76208944],[149204.741142,170654.196218],[149204.254862,170654.911636],[149204.14087497,170655.09321382],[149204.035535,170655.279941],[149203.93019692,170655.46666911],[149203.816215,170655.64825],[149203.44167162,170656.19172356],[149203.054341,170656.726159],[149202.64423815,170657.24524989],[149202.204151,170657.739176],[149201.5916204,170658.34561643],[149200.946898,170658.917715],[149200.27416674,170659.45591966],[149199.576675,170659.961624],[149199.10001547,170660.26843923],[149198.607038,170660.548284],[149198.10468989,170660.80850531],[149197.596985,170661.058114],[149196.984422,170661.33338],[149196.358062,170661.575454],[149195.527143,170661.839814],[149195.10797818,170661.95872531],[149194.688553,170662.076715],[149185.315254,170664.754209],[149185.344627,170664.861756],[149168.941,170669.393],[149167.787,170669.45],[149166.654,170669.221],[149165.428,170668.623],[149164.395,170667.731],[149163.804,170666.655],[149163.445,170665.48],[149163.334,170664.257],[149163.476,170663.037],[149163.96350423,170662.20771967],[149164.542711,170661.467745],[149165.15041637,170660.88759534],[149165.835312,170660.400977],[149165.572067,170659.394845],[149167.693413,170657.86846],[149167.129905,170655.619398],[149166.867879,170654.567549],[149162.450845,170654.689309],[149159.321644,170637.095145],[149159.41761951,170636.77372739],[149159.60782511,170636.49742609],[149159.87381037,170636.29304307],[149160.189774,170636.180404],[149160.53455027,170636.17015386],[149160.86575793,170636.26647226],[149161.15126894,170636.46001606],[149161.363388,170636.732011],[149162.362844,170636.483037],[149161.739558,170633.980988],[149160.9602534,170630.8526339]]]},"geometry_name":"GEOM","properties":{"INSPIRE_ID":"https://databrussels.be/id/building/1640153","BLOCK_ID":"https://databrussels.be/id/block/24883","AREA":2352},"bbox":[149159.321644,170615.729342,149248.708358,170669.45]},{"type":"Feature","id":"Buildings.fid-1cd8d64c_1a02c0ead07_7b7a","geometry":{"type":"Polygon","coordinates":[[[148996.67,170636.53],[149000,170638.99],[149001.4,170640.02],[149003.64,170641.66],[149005.87,170640.62],[149006.56004763,170635.53003862],[149004.12,170634.36],[149000,170632.55],[148999.12,170632.17],[148996.67,170636.53]]]},"geometry_name":"GEOM","properties":{"INSPIRE_ID":"https://databrussels.be/id/building/1640154","BLOCK_ID":"https://databrussels.be/id/block/25522","AREA":55},"bbox":[148996.67,170632.17,149006.56004763,170641.66]},{"type":"Feature","id":"Buildings.fid-1cd8d64c_1a02c0ead07_7b34","geometry":{"type":"Polygon","coordinates":[[[149079.2240875,170763.76567282],[149080.90914076,170761.88525261],[149088.05699992,170766.94099978],[149085.28199998,170769.89200014],[149081.05018224,170766.8425266],[149081.47826764,170766.3167374],[149078.79630003,170764.24305844],[149079.2240875,170763.76567282]]]},"geometry_name":"GEOM","properties":{"INSPIRE_ID":"https://databrussels.be/id/building/1640156","BLOCK_ID":"https://databrussels.be/id/block/27303","AREA":32},"bbox":[149078.79630003,170761.88525261,149088.05699992,170769.89200014]},{"type":"Feature","id":"Buildings.fid-1cd8d64c_1a02c0ead07_7ba2","geometry":{"type":"Polygon","coordinates":[[[149012.64,170923.19],[149014.82718916,170926.66330862],[149015.02082881,170927.02720906],[149016.99536727,170926.09453574],[149020.53093927,170932.45107796],[149025.08885131,170930.51813507],[149021.23700032,170924.09100019],[149018.48400001,170919.49600004],[149012.64,170923.19]]]},"geometry_name":"GEOM","properties":{"INSPIRE_ID":"https://databrussels.be/id/building/1640159","BLOCK_ID":"https://databrussels.be/id/block/26722","AREA":69},"bbox":[149012.64,170919.49600004,149025.08885131,170932.45107796]},{"type":"Feature","id":"Buildings.fid-1cd8d64c_1a02c0ead07_7b94","geometry":{"type":"Polygon","coordinates":[[[149025.44999996,170878.27000012],[149039.37,170869.67],[149041.8,170868.35],[149048.72000037,170879.45000027],[149035.40413286,170887.74022833],[149033.04655958,170889.20801255],[149032.69000042,170889.43000009],[149032.50768998,170889.55007766],[149031.66999982,170888.27999972],[149027.23174294,170881.13740315],[149025.44999996,170878.27000012]]]},"geometry_name":"GEOM","properties":{"INSPIRE_ID":"https://databrussels.be/id/building/1641196","BLOCK_ID":"https://databrussels.be/id/block/26066","AREA":254},"bbox":[149025.44999996,170868.35,149048.72000037,170889.55007766]},{"type":"Feature","id":"Buildings.fid-1cd8d64c_1a02c0ead07_7ba4","geometry":{"type":"Polygon","coordinates":[[[149014.82718916,170926.66330862],[149013.6737921,170927.10385203],[149016.93268587,170933.89317751],[149020.53120906,170932.45148648],[149016.99536727,170926.09453574],[149015.02082881,170927.02720906],[149014.82718916,170926.66330862]]]},"geometry_name":"GEOM","properties":{"INSPIRE_ID":"https://databrussels.be/id/building/1641223","BLOCK_ID":"https://databrussels.be/id/block/26722","AREA":27},"bbox":[149013.6737921,170926.09453574,149020.53120906,170933.89317751]},{"type":"Feature","id":"Buildings.fid-1cd8d64c_1a02c0ead07_7b35","geometry":{"type":"Polygon","coordinates":[[[149073.50284167,170767.26410659],[149076.41929354,170764.1398283],[149077.84009383,170762.59994546],[149079.2240875,170763.76567282],[149078.79630003,170764.24305844],[149081.47826764,170766.3167374],[149081.05018224,170766.8425266],[149085.28199998,170769.89200014],[149081.017,170774.347],[149075.14847122,170768.99122252],[149073.89529967,170767.66832667],[149073.50284167,170767.26410659]]]},"geometry_name":"GEOM","properties":{"INSPIRE_ID":"https://databrussels.be/id/building/1641225","BLOCK_ID":"https://databrussels.be/id/block/27303","AREA":63},"bbox":[149073.50284167,170762.59994546,149085.28199998,170774.347]},{"type":"Feature","id":"Buildings.fid-1cd8d64c_1a02c0ead07_7b96","geometry":{"type":"Polygon","coordinates":[[[149006.70578442,170889.88685509],[149014.26,170885.1],[149017.82,170882.98],[149022.96439772,170879.80286712],[149024.72288088,170882.69091843],[149019.15938627,170886.11433318],[149008.47200017,170892.46699988],[149006.70578442,170889.88685509]]]},"geometry_name":"GEOM","properties":{"INSPIRE_ID":"https://databrussels.be/id/building/1641228","BLOCK_ID":"https://databrussels.be/id/block/26066","AREA":63},"bbox":[149006.70578442,170879.80286712,149024.72288088,170892.46699988]},{"type":"Feature","id":"Buildings.fid-1cd8d64c_1a02c0ead07_7aeb","geometry":{"type":"Polygon","coordinates":[[[149483.20890347,170622.68145901],[149484.39874537,170626.31068317],[149490.99555293,170646.43209028],[149493.11990019,170645.73794805],[149492.74319585,170644.62677289],[149500.23268929,170641.96576893],[149500.80764356,170643.62175014],[149502.73283426,170642.89342811],[149503.35244873,170642.72937221],[149505.02337355,170647.86516096],[149508.1217752,170657.38847169],[149507.57162411,170657.57811683],[149505.57047852,170658.17684498],[149506.12019245,170660.01291552],[149498.56845856,170662.67110769],[149498.05779665,170661.2368766],[149496.26814232,170661.95261318],[149504.28419915,170686.37864534],[149505.64795796,170690.65390089],[149490.02737354,170695.7099329],[149467.67708277,170627.9702543],[149483.20890347,170622.68145901]]]},"geometry_name":"GEOM","properties":{"INSPIRE_ID":"https://databrussels.be/id/building/1641232","BLOCK_ID":"https://databrussels.be/id/block/24320","AREA":1402},"bbox":[149467.67708277,170622.68145901,149508.1217752,170695.7099329]},{"type":"Feature","id":"Buildings.fid-1cd8d64c_1a02c0ead07_7ae2","geometry":{"type":"Polygon","coordinates":[[[149489.36297957,170829.23569759],[149499.45870104,170827.69571903],[149499.5163,170813.2526],[149500.4147,170813.2688],[149500.4553,170812.6162],[149500.2171,170812.6183],[149500.43,170806.031],[149495.24999992,170805.56400008],[149490.06100009,170805.11200045],[149484.90100089,170805.5199996],[149484.881,170807.137],[149484.22734384,170819.95747819],[149489.48744793,170820.42178307],[149489.36297957,170829.23569759]]]},"geometry_name":"GEOM","properties":{"INSPIRE_ID":"https://databrussels.be/id/building/1641235","BLOCK_ID":"https://databrussels.be/id/block/26093","AREA":309},"bbox":[149484.22734384,170805.11200045,149500.4553,170829.23569759]},{"type":"Feature","id":"Buildings.fid-1cd8d64c_1a02c0ead07_7b3e","geometry":{"type":"Polygon","coordinates":[[[149082.9330782,170779.29510394],[149076.84999973,170785.98000017],[149082.65878975,170791.41693424],[149080.48620106,170793.84435309],[149074.54380163,170788.65018498],[149067.36000044,170796.82200031],[149069.75900013,170799.19499965],[149070.04656599,170798.9318065],[149073.08675089,170801.77499596],[149074.60907439,170800.11583342],[149076.15904058,170801.49989773],[149074.61392219,170803.18755059],[149077.22999967,170805.86000038],[149078.98,170804.05],[149095.70999961,170820.67999964],[149098.71,170817.4],[149095.87896895,170814.77653064],[149100.86590168,170809.7342326],[149103.55216409,170812.32514856],[149106.26450158,170814.94175042],[149109.20876952,170811.74868466],[149106.42791061,170809.34547994],[149106.73578487,170808.98824532],[149101.49708672,170804.51635393],[149107.37215004,170797.92558789],[149101.85,170793.28],[149100.24,170795.59],[149099.62,170795.16],[149093.71,170801.81],[149094.29,170802.33],[149092.16,170804.73],[149088.01,170801.05],[149087.54,170801.5],[149084.05,170798.4],[149084.96,170797.38],[149092.41,170788.98],[149087.71735853,170784.40090086],[149088.04459662,170783.99589187],[149082.9330782,170779.29510394]],[[149082.18870158,170795.27706901],[149080.370694,170797.37129687],[149078.71781893,170795.84115282],[149080.50496862,170793.86014667],[149082.18870158,170795.27706901]]]},"geometry_name":"GEOM","properties":{"INSPIRE_ID":"https://databrussels.be/id/building/1641236","BLOCK_ID":"https://databrussels.be/id/block/26066","AREA":625},"bbox":[149067.36000044,170779.29510394,149109.20876952,170820.67999964]},{"type":"Feature","id":"Buildings.fid-1cd8d64c_1a02c0ead07_7b21","geometry":{"type":"Polygon","coordinates":[[[149151.62359367,170814.688308],[149158.786228,170806.874439],[149162.569039,170810.047088],[149155.71825675,170818.45305863],[149155.19135745,170817.96861231],[149151.62359367,170814.688308]]]},"geometry_name":"GEOM","properties":{"INSPIRE_ID":"https://databrussels.be/id/building/1641253","BLOCK_ID":"https://databrussels.be/id/block/26066","AREA":56},"bbox":[149151.62359367,170806.874439,149162.569039,170818.45305863]},{"type":"Feature","id":"Buildings.fid-1cd8d64c_1a02c0ead07_7aee","geometry":{"type":"Polygon","coordinates":[[[149155.71825675,170818.45305863],[149162.569039,170810.047088],[149166.74112,170813.553561],[149160.73018877,170820.16526831],[149159.29835255,170821.74470136],[149155.71825675,170818.45305863]]]},"geometry_name":"GEOM","properties":{"INSPIRE_ID":"https://databrussels.be/id/building/1641255","BLOCK_ID":"https://databrussels.be/id/block/26066","AREA":56},"bbox":[149155.71825675,170810.047088,149166.74112,170821.74470136]},{"type":"Feature","id":"Buildings.fid-1cd8d64c_1a02c0ead07_7b17","geometry":{"type":"Polygon","coordinates":[[[149120.72930874,170829.12982574],[149126.39999954,170834.72000035],[149131.50006868,170839.75244408],[149127.09506717,170844.37536886],[149116.37138205,170833.49171587],[149120.72930874,170829.12982574]]]},"geometry_name":"GEOM","properties":{"INSPIRE_ID":"https://databrussels.be/id/building/1641262","BLOCK_ID":"https://databrussels.be/id/block/26066","AREA":95},"bbox":[149116.37138205,170829.12982574,149131.50006868,170844.37536886]},{"type":"Feature","id":"Buildings.fid-1cd8d64c_1a02c0ead07_7b22","geometry":{"type":"Polygon","coordinates":[[[149152.281582,170858.471084],[149159.292017,170851.250498],[149166.150748,170857.776543],[149161.83868154,170862.12294681],[149162.23082615,170862.51698907],[149160.81634934,170864.08520265],[149161.10000095,170864.35000494],[149160.05,170865.44],[149152.281582,170858.471084]]]},"geometry_name":"GEOM","properties":{"INSPIRE_ID":"https://databrussels.be/id/building/1641265","BLOCK_ID":"https://databrussels.be/id/block/26703","AREA":96},"bbox":[149152.281582,170851.250498,149166.150748,170865.44]},{"type":"Feature","id":"Buildings.fid-1cd8d64c_1a02c0ead07_7ae8","geometry":{"type":"Polygon","coordinates":[[[149454.391,170588.912],[149469.678,170583.973],[149483.846,170579.395],[149496.538,170575.294],[149499.927,170585.6223],[149458.29439278,170599.55313547],[149455.46271294,170590.30994639],[149454.90079673,170590.50270774],[149454.391,170588.912]]]},"geometry_name":"GEOM","properties":{"INSPIRE_ID":"https://databrussels.be/id/building/1641278","BLOCK_ID":"https://databrussels.be/id/block/24320","AREA":487},"bbox":[149454.391,170575.294,149499.927,170599.55313547]},{"type":"Feature","id":"Buildings.fid-1cd8d64c_1a02c0ead07_7ba9","geometry":{"type":"Polygon","coordinates":[[[149009.4365,170968.8663],[149008.3187,170967.2107],[149004.5607,170969.6347],[149003.6651,170968.3979],[149000.3463,170970.9295],[148998.3207,170972.3007],[148991.1417,170961.6947],[148992.4835,170956.6977],[148995.3553,170955.4427],[149000.0001,170953.4571],[149008.6391,170949.8271],[149009.0143,170949.6739],[149012.5047,170955.8335],[149017.3805,170963.5151],[149017.2073,170963.6119],[149009.4365,170968.8663]],[[149003.5201,170961.7701],[149004.9801,170960.7801],[149005.4101,170960.8701],[149006.4401,170960.1801],[149007.5401,170961.8201],[149006.9301,170962.0501],[149008.0901,170963.7801],[149011.2701,170961.6301],[149008.6301,170957.7301],[149002.4201,170960.1501],[149003.5201,170961.7701]]]},"geometry_name":"GEOM","properties":{"INSPIRE_ID":"https://databrussels.be/id/building/1641285","BLOCK_ID":"https://databrussels.be/id/block/24321","AREA":322},"bbox":[148991.1417,170949.6739,149017.3805,170972.3007]},{"type":"Feature","id":"Buildings.fid-1cd8d64c_1a02c0ead07_7b40","geometry":{"type":"Polygon","coordinates":[[[149074.54380163,170788.65018498],[149076.84999973,170785.98000017],[149082.65878975,170791.41693424],[149080.48620594,170793.84350888],[149074.54380163,170788.65018498]]]},"geometry_name":"GEOM","properties":{"INSPIRE_ID":"https://databrussels.be/id/building/1641289","BLOCK_ID":"https://databrussels.be/id/block/26066","AREA":27},"bbox":[149074.54380163,170785.98000017,149082.65878975,170793.84350888]},{"type":"Feature","id":"Buildings.fid-1cd8d64c_1a02c0ead07_7b02","geometry":{"type":"Polygon","coordinates":[[[149293.40756387,170975.77308183],[149299.8400007,170982.22999935],[149315.30000128,170997.87999923],[149314.53999677,170998.63000183],[149319.78,171003.94],[149320.54,171003.19],[149336.6,171019.43],[149339.67009138,171017.61999101],[149347.84,171009.43],[149328.65946044,170990.0526062],[149309.314,170970.507],[149305.64108383,170973.98207785],[149293.40756387,170975.77308183]]]},"geometry_name":"GEOM","properties":{"INSPIRE_ID":"https://databrussels.be/id/building/1641293","BLOCK_ID":"https://databrussels.be/id/block/24916","AREA":867},"bbox":[149293.40756387,170970.507,149347.84,171019.43]},{"type":"Feature","id":"Buildings.fid-1cd8d64c_1a02c0ead07_7b6f","geometry":{"type":"Polygon","coordinates":[[[149046.4539157,170786.64484744],[149041.29774634,170783.14493705],[149045.78296288,170776.84244934],[149040.19629414,170772.47820451],[149055.65467019,170751.51014718],[149061.80999993,170755.81999978],[149063.58,170757.25],[149064.99,170755.42],[149063.24000044,170754.05999978],[149072.952,170742.258],[149076.98200044,170744.59299893],[149073.87440867,170748.28291135],[149073.53007227,170748.69177175],[149065.33742913,170758.42626188],[149055.64802065,170769.93920706],[149052.53319295,170773.32534663],[149053.50749096,170774.16904184],[149053.94117604,170774.76006067],[149054.2903103,170775.48476661],[149054.44427431,170776.25767224],[149054.46452894,170776.96324463],[149054.3761499,170777.93516932],[149053.83136755,170777.47376104],[149052.19999298,170779.17495293],[149051.78218729,170778.84672374],[149050.56195292,170780.510776],[149051.15188858,170780.96228373],[149050.59452011,170781.68565011],[149048.10842404,170784.67907534],[149046.4539157,170786.64484744]]]},"geometry_name":"GEOM","properties":{"INSPIRE_ID":"https://databrussels.be/id/building/1641295","BLOCK_ID":"https://databrussels.be/id/block/27303","AREA":436},"bbox":[149040.19629414,170742.258,149076.98200044,170786.64484744]},{"type":"Feature","id":"Buildings.fid-1cd8d64c_1a02c0ead07_7b00","geometry":{"type":"Polygon","coordinates":[[[149255.93126812,170937.06761477],[149279.43748607,170960.73020502],[149280.1643584,170961.47727038],[149293.76505661,170975.45580583],[149293.40756387,170975.77308183],[149305.64108383,170973.98207785],[149309.314,170970.507],[149290.34197699,170951.33956273],[149265.97047027,170926.71702637],[149248.84086525,170909.21307009],[149239.370687,170898.554129],[149235.14808457,170901.93204525],[149240.0675584,170910.54866683],[149244.69286853,170917.67966806],[149248.29544297,170921.31235465],[149246.07096958,170923.55651178],[149246.93450465,170924.4162729],[149252.43595426,170929.89124406],[149250.77459595,170931.67731861],[149255.93126812,170937.06761477]]]},"geometry_name":"GEOM","properties":{"INSPIRE_ID":"https://databrussels.be/id/building/1642304","BLOCK_ID":"https://databrussels.be/id/block/24916","AREA":1239},"bbox":[149235.14808457,170898.554129,149309.314,170975.77308183]},{"type":"Feature","id":"Buildings.fid-1cd8d64c_1a02c0ead07_7b9c","geometry":{"type":"Polygon","coordinates":[[[149012.157,170898.341],[149012.49358666,170898.89821625],[149015.9042102,170896.76920834],[149017.73734254,170895.62491517],[149018.38778697,170896.77942901],[149018.73588279,170896.55041382],[149019.38703945,170896.6338005],[149019.9075616,170896.82219653],[149020.26958971,170897.19695568],[149020.41976354,170897.6745723],[149020.44806337,170898.32774111],[149021.92076531,170897.30816599],[149024.4,170901.8],[149022.29,170903.17],[149017.252,170906.449],[149017.209,170906.477],[149016.436,170907.061],[149011.036,170899.038],[149012.157,170898.341]]]},"geometry_name":"GEOM","properties":{"INSPIRE_ID":"https://databrussels.be/id/building/1642311","BLOCK_ID":"https://databrussels.be/id/block/26066","AREA":81},"bbox":[149011.036,170895.62491517,149024.4,170907.061]},{"type":"Feature","id":"Buildings.fid-1cd8d64c_1a02c0ead07_7b7e","geometry":{"type":"Polygon","coordinates":[[[149001.83,170557.77],[149003.83,170554.48],[149004.26164661,170554.72236542],[149005.84412146,170555.66700887],[149006.75292391,170556.20950993],[149009.87699941,170558.07439735],[149011.90896247,170559.28735855],[149020.85000001,170562.9100002],[149019.01000036,170567.82999999],[149010.17352292,170562.68817849],[149007.57220289,170561.17450708],[149001.83,170557.77]]]},"geometry_name":"GEOM","properties":{"INSPIRE_ID":"https://databrussels.be/id/building/1642312","BLOCK_ID":"https://databrussels.be/id/block/25522","AREA":82},"bbox":[149001.83,170554.48,149020.85000001,170567.82999999]},{"type":"Feature","id":"Buildings.fid-1cd8d64c_1a02c0ead07_7b60","geometry":{"type":"Polygon","coordinates":[[[149004.7136786,170757.03222181],[149009.89494982,170754.48066652],[149012.12999976,170753.37999968],[149016.33846449,170762.35667503],[149014.20821665,170763.41022262],[149008.99411299,170765.99706745],[149004.7136786,170757.03222181]]]},"geometry_name":"GEOM","properties":{"INSPIRE_ID":"https://databrussels.be/id/building/1642313","BLOCK_ID":"https://databrussels.be/id/block/27303","AREA":82},"bbox":[149004.7136786,170753.37999968,149016.33846449,170765.99706745]},{"type":"Feature","id":"Buildings.fid-1cd8d64c_1a02c0ead07_7ad8","geometry":{"type":"Polygon","coordinates":[[[149455.437,170831.54],[149461.07131765,170831.1896191],[149461.03465341,170830.75029945],[149466.65427592,170830.46304459],[149471.33152218,170830.31108817],[149471.39610552,170830.7717245],[149477.57782223,170830.16304669],[149478.15890998,170833.42496745],[149482.83829528,170832.56374689],[149483.25,170834.55],[149467.58,170837.28],[149468.09,170840.18],[149466.72,170840.42],[149456.69900304,170842.0599956],[149455.437,170831.54]]]},"geometry_name":"GEOM","properties":{"INSPIRE_ID":"https://databrussels.be/id/building/1642315","BLOCK_ID":"https://databrussels.be/id/block/26093","AREA":191},"bbox":[149455.437,170830.16304669,149483.25,170842.0599956]},{"type":"Feature","id":"Buildings.fid-1cd8d64c_1a02c0ead07_7b68","geometry":{"type":"Polygon","coordinates":[[[149012.12999976,170753.37999968],[149013.05838962,170754.29669341],[149021.5900005,170761.85000034],[149024.26185593,170763.97674729],[149022.30116463,170766.4025291],[149026.16000041,170770.03999962],[149023.38000033,170772.99999964],[149022.7036312,170771.50755333],[149018.11985627,170761.39319768],[149016.33846449,170762.35667503],[149012.12999976,170753.37999968]]]},"geometry_name":"GEOM","properties":{"INSPIRE_ID":"https://databrussels.be/id/building/1642317","BLOCK_ID":"https://databrussels.be/id/block/27303","AREA":57},"bbox":[149012.12999976,170753.37999968,149026.16000041,170772.99999964]},{"type":"Feature","id":"Buildings.fid-1cd8d64c_1a02c0ead07_7b1e","geometry":{"type":"Polygon","coordinates":[[[149142.41088493,170806.87724781],[149150.659,170799.631],[149154.448906,170803.103877],[149146.5375982,170810.47173779],[149142.41088493,170806.87724781]]]},"geometry_name":"GEOM","properties":{"INSPIRE_ID":"https://databrussels.be/id/building/1642320","BLOCK_ID":"https://databrussels.be/id/block/26066","AREA":57},"bbox":[149142.41088493,170799.631,149154.448906,170810.47173779]},{"type":"Feature","id":"Buildings.fid-1cd8d64c_1a02c0ead07_7b9b","geometry":{"type":"Polygon","coordinates":[[[149041.9813,170910.4252],[149040.5432,170907.801],[149039.0019,170905.163],[149041.611,170903.457],[149054.601,170894.9621],[149055.973,170897.9723],[149056.93,170899.717],[149060.005,170905.355],[149060.6,170906.54],[149061.284,170907.902],[149066.026,170917.343],[149049.853,170922.5769],[149046.816,170914.8429],[149044.6324,170915.6739],[149041.9813,170910.4252]],[[149048.08,170912.01],[149055.22,170908.74],[149053.3887,170904.7225],[149046.7635,170909.136],[149048.08,170912.01]]]},"geometry_name":"GEOM","properties":{"INSPIRE_ID":"https://databrussels.be/id/building/1642322","BLOCK_ID":"https://databrussels.be/id/block/26066","AREA":370},"bbox":[149039.0019,170894.9621,149066.026,170922.5769]},{"type":"Feature","id":"Buildings.fid-1cd8d64c_1a02c0ead07_7b88","geometry":{"type":"Polygon","coordinates":[[[149013.87,170503.55],[149018.39000012,170495.24999976],[149019.22239413,170495.67540843],[149028.32999958,170500.3300002],[149039.76,170504.27],[149046.558231,170506.656605],[149043.272302,170514.786765],[149030.04,170509.43],[149013.87,170503.55]]]},"geometry_name":"GEOM","properties":{"INSPIRE_ID":"https://databrussels.be/id/building/1642329","BLOCK_ID":"https://databrussels.be/id/block/26073","AREA":262},"bbox":[149013.87,170495.24999976,149046.558231,170514.786765]},{"type":"Feature","id":"Buildings.fid-1cd8d64c_1a02c0ead07_7ad3","geometry":{"type":"Polygon","coordinates":[[[149426,170775.18],[149438.72,170760.03],[149429.24,170751.12],[149432.13,170745.86],[149459.275,170766.921],[149476.44,170780.47],[149476.13,170780.86],[149469.78,170785.01],[149466.05,170782.18],[149460.24,170789.85],[149461.99,170791.17],[149464.03,170790.89],[149464.37,170790.99],[149465.16999999,170796.27999939],[149455.671,170797.853],[149449.75,170794.78],[149444.74,170790.93],[149439.604,170786.404],[149438.466,170785.465],[149438.871,170784.977],[149435.376,170781.337],[149434.996,170781.776],[149433.926,170780.911],[149434.492,170780.211],[149433.015,170779.016],[149432.449,170779.716],[149431.361,170778.835],[149431.63,170778.41],[149427.633,170775.468],[149427.101,170776.088],[149426,170775.18]]]},"geometry_name":"GEOM","properties":{"INSPIRE_ID":"https://databrussels.be/id/building/1642331","BLOCK_ID":"https://databrussels.be/id/block/23666","AREA":1142},"bbox":[149426,170745.86,149476.44,170797.853]},{"type":"Feature","id":"Buildings.fid-1cd8d64c_1a02c0ead07_7b76","geometry":{"type":"Polygon","coordinates":[[[148995.68498307,170610.18595909],[148995.34706861,170611.72701772],[148999.45,170612.27],[149000,170612.34],[149009.11,170613.54],[149009.48,170609.41],[149000.38310628,170608.4700719],[149000,170608.61],[148998.33,170609.22],[148995.68498307,170610.18595909]]]},"geometry_name":"GEOM","properties":{"INSPIRE_ID":"https://databrussels.be/id/building/1642336","BLOCK_ID":"https://databrussels.be/id/block/25522","AREA":49},"bbox":[148995.34706861,170608.4700719,149009.48,170613.54]},{"type":"Feature","id":"Buildings.fid-1cd8d64c_1a02c0ead07_7b71","geometry":{"type":"Polygon","coordinates":[[[149042.7460392,170801.88777922],[149043.89805817,170801.10920632],[149043.61759293,170800.70387616],[149046.41094308,170798.65329664],[149051.249,170804.179],[149046.5012896,170806.66752614],[149042.7460392,170801.88777922]]]},"geometry_name":"GEOM","properties":{"INSPIRE_ID":"https://databrussels.be/id/building/1642344","BLOCK_ID":"https://databrussels.be/id/block/27303","AREA":34},"bbox":[149042.7460392,170798.65329664,149051.249,170806.66752614]},{"type":"Feature","id":"Buildings.fid-1cd8d64c_1a02c0ead07_7b23","geometry":{"type":"Polygon","coordinates":[[[149155.14243731,170825.36535054],[149157.89924834,170822.21285319],[149160.77159146,170824.63161591],[149163.850362,170827.71688],[149161.165073,170830.839681],[149155.14243731,170825.36535054]]]},"geometry_name":"GEOM","properties":{"INSPIRE_ID":"https://databrussels.be/id/building/1642345","BLOCK_ID":"https://databrussels.be/id/block/26066","AREA":34},"bbox":[149155.14243731,170822.21285319,149163.850362,170830.839681]},{"type":"Feature","id":"Buildings.fid-1cd8d64c_1a02c0ead07_7ba1","geometry":{"type":"Polygon","coordinates":[[[149009.89999952,170918.93000028],[149015.88700039,170915.16199972],[149018.48400001,170919.49600004],[149012.64,170923.19],[149009.89999952,170918.93000028]]]},"geometry_name":"GEOM","properties":{"INSPIRE_ID":"https://databrussels.be/id/building/1642346","BLOCK_ID":"https://databrussels.be/id/block/26722","AREA":35},"bbox":[149009.89999952,170915.16199972,149018.48400001,170923.19]},{"type":"Feature","id":"Buildings.fid-1cd8d64c_1a02c0ead07_7b7b","geometry":{"type":"Polygon","coordinates":[[[148997.13,170622.69],[148998.11,170619.73],[149000,170620.36],[149008.25,170623.11],[149007.79,170626.49],[149000,170623.72],[148997.13,170622.69]]]},"geometry_name":"GEOM","properties":{"INSPIRE_ID":"https://databrussels.be/id/building/1642347","BLOCK_ID":"https://databrussels.be/id/block/25522","AREA":36},"bbox":[148997.13,170619.73,149008.25,170626.49]},{"type":"Feature","id":"Buildings.fid-1cd8d64c_1a02c0ead07_7b39","geometry":{"type":"Polygon","coordinates":[[[149089.34054259,170772.65557731],[149092.19799954,170769.3080001],[149096.28995444,170772.96400563],[149095.78903503,170773.77468774],[149097.93637268,170775.49285591],[149096.36742417,170777.26112885],[149095.85966447,170779.04358206],[149089.34054259,170772.65557731]]]},"geometry_name":"GEOM","properties":{"INSPIRE_ID":"https://databrussels.be/id/building/1642348","BLOCK_ID":"https://databrussels.be/id/block/26066","AREA":37},"bbox":[149089.34054259,170769.3080001,149097.93637268,170779.04358206]},{"type":"Feature","id":"Buildings.fid-1cd8d64c_1a02c0ead07_7b72","geometry":{"type":"Polygon","coordinates":[[[149048.10842404,170784.67907534],[149050.59452011,170781.68565011],[149054.74636262,170785.41174528],[149060.30096315,170790.38761734],[149062.14135481,170792.03389647],[149062.66829962,170792.5083033],[149063.27299979,170793.05000034],[149057.42700063,170798.77800004],[149049.1899995,170791.11000032],[149052.01819927,170788.16319514],[149048.10842404,170784.67907534]]]},"geometry_name":"GEOM","properties":{"INSPIRE_ID":"https://databrussels.be/id/building/1642350","BLOCK_ID":"https://databrussels.be/id/block/27303","AREA":113},"bbox":[149048.10842404,170781.68565011,149063.27299979,170798.77800004]},{"type":"Feature","id":"Buildings.fid-1cd8d64c_1a02c0ead07_7b31","geometry":{"type":"Polygon","coordinates":[[[149080.90914076,170761.88525261],[149089.58000012,170752.1409997],[149097.14000043,170756.8289998],[149088.05699992,170766.94099978],[149080.90914076,170761.88525261]]]},"geometry_name":"GEOM","properties":{"INSPIRE_ID":"https://databrussels.be/id/building/1642354","BLOCK_ID":"https://databrussels.be/id/block/27303","AREA":116},"bbox":[149080.90914076,170752.1409997,149097.14000043,170766.94099978]},{"type":"Feature","id":"Buildings.fid-1cd8d64c_1a02c0ead07_7af0","geometry":{"type":"Polygon","coordinates":[[[149160.73018877,170820.16526831],[149166.74112,170813.553561],[149169.452128,170815.852233],[149162.86919802,170822.15134099],[149160.73018877,170820.16526831]]]},"geometry_name":"GEOM","properties":{"INSPIRE_ID":"https://databrussels.be/id/building/1642360","BLOCK_ID":"https://databrussels.be/id/block/26066","AREA":29},"bbox":[149160.73018877,170813.553561,149169.452128,170822.15134099]},{"type":"Feature","id":"Buildings.fid-1cd8d64c_1a02c0ead07_7b1a","geometry":{"type":"Polygon","coordinates":[[[149128.59,170908.92],[149122.066973,170917.63836],[149129.52941,170922.022352],[149139.71613,170927.984727],[149148.159939,170932.922958],[149148.60606985,170933.7399843],[149149.25192723,170933.35410169],[149149.021345,170932.968164],[149151.348189,170931.773325],[149153.282907,170931.816585],[149155.513178,170933.106447],[149155.28308677,170933.50497314],[149155.96503943,170933.89899507],[149156.375588,170933.194128],[149166.119609,170928.255545],[149166.755238,170927.805644],[149178.97665,170919.082055],[149156.07,170897.19000023],[149154.82988953,170899.09003546],[149149.70288843,170895.22126784],[149142.92025181,170888.93693824],[149141.19,170891.07],[149138.99,170889],[149141.0849945,170886.77295859],[149132.751868,170879.014192],[149128.20548,170883.715196],[149136.38730744,170891.42891197],[149134.82000038,170893.10999987],[149139.7,170897.52],[149136.82,170902.46],[149134.64000754,170901.19010341],[149130.85,170906.2],[149132.58,170907.29],[149130.48,170910.25],[149128.59,170908.92]],[[149146.59,170916.83],[149147.72,170914.59],[149145.55,170913.2],[149145.52,170912.55],[149145.56,170911.9],[149145.87,170910.63],[149146.83,170908.68],[149148.3,170907.08],[149150.17,170905.97],[149152.27,170905.43],[149154.45,170905.52],[149156.51,170906.22],[149158.28,170907.48],[149159.62,170909.2],[149160.41,170911.22],[149160.6,170913.392],[149157.66,170915.5],[149159.13,170917.53],[149157.85,170918.87],[149156.28,170919.86],[149154.52,170920.43],[149152.67,170920.56],[149150.85,170920.23],[149149.16,170919.46],[149147.71,170918.3],[149146.59,170916.83]]]},"geometry_name":"GEOM","properties":{"INSPIRE_ID":"https://databrussels.be/id/building/1642385","BLOCK_ID":"https://databrussels.be/id/block/26703","AREA":1245},"bbox":[149122.066973,170879.014192,149178.97665,170933.89899507]},{"type":"Feature","id":"Buildings.fid-1cd8d64c_1a02c0ead07_7b3d","geometry":{"type":"Polygon","coordinates":[[[149119.68999551,170784.10717723],[149121.9757613,170781.55795973],[149123.16718028,170782.54550655],[149125.52651842,170779.84652272],[149126.72695691,170778.47327151],[149134.207,170785.113],[149124.11646508,170797.25125647],[149116.74067739,170790.86052456],[149121.36485603,170785.62647238],[149119.68999551,170784.10717723]]]},"geometry_name":"GEOM","properties":{"INSPIRE_ID":"https://databrussels.be/id/building/1642398","BLOCK_ID":"https://databrussels.be/id/block/26066","AREA":162},"bbox":[149116.74067739,170778.47327151,149134.207,170797.25125647]},{"type":"Feature","id":"Buildings.fid-1cd8d64c_1a02c0ead07_7b2a","geometry":{"type":"Polygon","coordinates":[[[149259.796693,170752.361298],[149259.775486,170753.575269],[149260.226398,170753.582067],[149270.276055,170769.041149],[149269.293184,170769.686559],[149269.5566,170770.087706],[149269.752548,170769.959035],[149269.986606,170770.353481],[149269.549379,170770.612925],[149269.794391,170771.025831],[149271.376778,170770.086868],[149274.00348,170774.289885],[149272.576023,170775.290453],[149272.845557,170775.694802],[149273.294881,170775.395289],[149273.516743,170775.728121],[149273.350327,170775.839052],[149273.622108,170776.246771],[149274.545717,170775.631104],[149277.83858,170780.743751],[149278.380055,170781.584468],[149276.648132,170782.679719],[149277.283049,170783.671877],[149278.125345,170783.132862],[149278.992296,170784.48761],[149280.059735,170786.177079],[149279.239681,170786.749365],[149279.434259,170787.028184],[149279.965011,170787.788721],[149280.785065,170787.216434],[149282.045617,170789.138686],[149280.481862,170790.164147],[149281.145183,170791.175669],[149281.902399,170790.67911],[149282.682089,170791.868077],[149283.975357,170793.840209],[149283.218141,170794.336769],[149283.832389,170795.273448],[149284.641867,170794.770484],[149285.843169,170796.703879],[149285.033691,170797.206843],[149285.383188,170797.742988],[149285.220752,170798.203661],[149286.328731,170798.594341],[149286.467049,170798.261363],[149287.113263,170798.123864],[149286.905145,170797.14576],[149289.194468,170796.772504],[149289.371198,170797.693788],[149290.549693,170797.500766],[149290.388061,170796.513915],[149294.022053,170795.908759],[149294.196587,170796.824975],[149295.371712,170796.639498],[149294.84246427,170793.28635719],[149296.982,170792.917],[149297.299,170793.925],[149298.44,170793.566],[149298.172,170792.712],[149301.932,170792.063],[149301.999,170793.074],[149303.225,170792.803],[149302.615,170789.498],[149304.977,170789.11],[149305.16,170790.103],[149306.272,170789.934],[149306.091,170788.95],[149309.688,170788.337],[149309.914,170789.286],[149311.085,170789.065],[149310.726,170787.122],[149320.977,170785.231],[149324.32,170784.614],[149328.825,170783.783],[149337.632,170778.034],[149338.848,170778.306],[149338.93,170778.488],[149341.278,170776.962],[149341.704,170777.635],[149342.718,170777.82],[149342.807,170777.991],[149344.392909,170777.07213],[149344.293827,170776.916244],[149344.496628,170775.954294],[149344.484556,170775.823598],[149346.326,170774.624],[149347.423619,170774.902608],[149347.529819,170775.050775],[149349.110462,170774.024451],[149349.001979,170773.858915],[149349.155,170772.782],[149348.780516,170772.23634],[149351.582377,170770.403345],[149351.906495,170768.947556],[149337.767,170747.098],[149338.040632,170745.989019],[149338.204228,170745.8761],[149323.494293,170723.142987],[149323.308921,170723.238128],[149322.097,170722.923],[149315.755027,170713.183738],[149308.010995,170701.226928],[149306.567034,170700.901307],[149303.887883,170702.610489],[149301.556,170698.968],[149299.355,170698.505],[149295.396,170701.057],[149294.262,170701.811],[149293.788,170704.018],[149296.284153,170707.563413],[149293.932479,170709.072558],[149294.039139,170709.23933],[149293.785925,170710.452653],[149284.924,170716.068],[149260.204,170752.312],[149259.796693,170752.361298]],[[149281.19558192,170754.30904886],[149297.68139453,170730.07447341],[149300.85660659,170727.8045509],[149303.88061808,170728.35942085],[149326.47970391,170762.97393757],[149325.81730139,170766.15874106],[149322.66692208,170768.17292044],[149293.4911733,170773.48076626],[149281.19558192,170754.30904886]]]},"geometry_name":"GEOM","properties":{"INSPIRE_ID":"https://databrussels.be/id/building/1642432","BLOCK_ID":"https://databrussels.be/id/block/24902","AREA":3876},"bbox":[149259.775486,170698.505,149351.906495,170798.594341]},{"type":"Feature","id":"Buildings.fid-1cd8d64c_1a02c0ead07_7b14","geometry":{"type":"Polygon","coordinates":[[[149110.96388816,170910.31887754],[149117.52000027,170902.35999976],[149121.6,170905.05],[149115.198201,170913.099164],[149110.96388816,170910.31887754]]]},"geometry_name":"GEOM","properties":{"INSPIRE_ID":"https://databrussels.be/id/building/1642434","BLOCK_ID":"https://databrussels.be/id/block/26703","AREA":51},"bbox":[149110.96388816,170902.35999976,149121.6,170913.099164]},{"type":"Feature","id":"Buildings.fid-1cd8d64c_1a02c0ead07_7b8b","geometry":{"type":"Polygon","coordinates":[[[149018.36168478,170530.16589703],[149024.33,170533.39],[149032.418701,170537.448551],[149034.66113,170532.783792],[149023.4,170526.75],[149022.21501994,170526.13408549],[149022.34198534,170525.84306681],[149020.76006687,170524.96094753],[149018.36168478,170530.16589703]]]},"geometry_name":"GEOM","properties":{"INSPIRE_ID":"https://databrussels.be/id/building/1643423","BLOCK_ID":"https://databrussels.be/id/block/26073","AREA":85},"bbox":[149018.36168478,170524.96094753,149034.66113,170537.448551]},{"type":"Feature","id":"Buildings.fid-1cd8d64c_1a02c0ead07_7b65","geometry":{"type":"Polygon","coordinates":[[[149009.211,170829.671],[149017,170827.48],[149017.07,170827.62],[149021.07,170836.02],[149027.7,170849.13],[149021.26,170852.39],[149017.542,170845.379],[149015.49,170841.51],[149013.91,170838.54],[149009.211,170829.671]]]},"geometry_name":"GEOM","properties":{"INSPIRE_ID":"https://databrussels.be/id/building/1643428","BLOCK_ID":"https://databrussels.be/id/block/26066","AREA":187},"bbox":[149009.211,170827.48,149027.7,170852.39]},{"type":"Feature","id":"Buildings.fid-1cd8d64c_1a02c0ead07_7b1c","geometry":{"type":"Polygon","coordinates":[[[149132.751868,170879.014192],[149141.0849945,170886.77295859],[149142.4800001,170885.29000013],[149144.50999967,170887.20000003],[149142.92025181,170888.93693824],[149149.70288843,170895.22126784],[149154.82988953,170899.09003546],[149156.06996646,170897.19006368],[149166.04411682,170886.92625202],[149166.73,170886.31],[149164.02,170883.66],[149165.38,170882.38],[149161.88,170878.66],[149162.92,170877.69],[149158.19,170873.06],[149156.82000024,170874.62999998],[149154.74000044,170872.49999988],[149148.24937263,170878.90358378],[149140.342614,170871.046647],[149132.751868,170879.014192]]]},"geometry_name":"GEOM","properties":{"INSPIRE_ID":"https://databrussels.be/id/building/1643429","BLOCK_ID":"https://databrussels.be/id/block/26703","AREA":485},"bbox":[149132.751868,170871.046647,149166.73,170899.09003546]},{"type":"Feature","id":"Buildings.fid-1cd8d64c_1a02c0ead07_7b20","geometry":{"type":"Polygon","coordinates":[[[149147.84191009,170863.18043134],[149152.281582,170858.471084],[149160.05,170865.44],[149161.98,170867.29],[149161.06,170868.25],[149162.38,170869.52],[149161.84,170870.08],[149163.88,170872.03],[149166.31999971,170874.43999955],[149162.92,170877.69],[149158.19,170873.06],[149159.99,170871],[149157.92,170868.86],[149156.18999968,170870.84000013],[149147.84191009,170863.18043134]]]},"geometry_name":"GEOM","properties":{"INSPIRE_ID":"https://databrussels.be/id/building/1643430","BLOCK_ID":"https://databrussels.be/id/block/26703","AREA":117},"bbox":[149147.84191009,170858.471084,149166.31999971,170877.69]},{"type":"Feature","id":"Buildings.fid-1cd8d64c_1a02c0ead07_7b19","geometry":{"type":"Polygon","coordinates":[[[149120.965363,170891.173807],[149128.20548,170883.715196],[149129.73528835,170885.15747857],[149136.38730744,170891.42891197],[149134.82000038,170893.10999987],[149133.42,170891.84],[149129.83,170895.81],[149128.36,170894.48],[149126.57,170896.31],[149126.49,170896.23],[149120.965363,170891.173807]]]},"geometry_name":"GEOM","properties":{"INSPIRE_ID":"https://databrussels.be/id/building/1643451","BLOCK_ID":"https://databrussels.be/id/block/26703","AREA":97},"bbox":[149120.965363,170883.715196,149136.38730744,170896.31]},{"type":"Feature","id":"Buildings.fid-1cd8d64c_1a02c0ead07_7b41","geometry":{"type":"Polygon","coordinates":[[[149130.41289715,170802.70678353],[149140.689,170791.09],[149145.317,170795.066],[149137.51619318,170804.32648785],[149135.21995847,170806.87184921],[149130.41289715,170802.70678353]]]},"geometry_name":"GEOM","properties":{"INSPIRE_ID":"https://databrussels.be/id/building/1643452","BLOCK_ID":"https://databrussels.be/id/block/26066","AREA":97},"bbox":[149130.41289715,170791.09,149145.317,170806.87184921]},{"type":"Feature","id":"Buildings.fid-1cd8d64c_1a02c0ead07_7b0a","geometry":{"type":"Polygon","coordinates":[[[149059.42881375,170829.0056464],[149062.12530892,170826.17804443],[149084.18900871,170848.79254626],[149075.26528549,170853.34278084],[149071.16732247,170845.04952191],[149065.82828333,170847.73137133],[149066.3035983,170848.81728118],[149064.71536675,170849.92062136],[149061.07626205,170844.14996603],[149062.61732491,170843.11845478],[149056.99947763,170833.86672166],[149059.20895001,170832.54373028],[149060.52525487,170835.36580017],[149062.24633371,170834.50441683],[149059.42881375,170829.0056464]]]},"geometry_name":"GEOM","properties":{"INSPIRE_ID":"https://databrussels.be/id/building/1643455","BLOCK_ID":"https://databrussels.be/id/block/26066","AREA":290},"bbox":[149056.99947763,170826.17804443,149084.18900871,170853.34278084]},{"type":"Feature","id":"Buildings.fid-1cd8d64c_1a02c0ead07_7ad7","geometry":{"type":"Polygon","coordinates":[[[149455.437,170831.54],[149453.048,170814.618],[149455.146,170814.363],[149455.442,170813.884],[149454.925,170813.313],[149454.65,170812.68],[149454.47,170810.139],[149454.856,170808.658],[149455.222,170808.014],[149455.693,170807.442],[149456.172,170807.032],[149456.715,170806.711],[149458.241,170806.282],[149459.542,170806.229],[149460.828,170806.432],[149461.49,170806.691],[149462.051,170807.127],[149462.13,170807.219],[149462.389,170806.92],[149462.694,170804.777],[149466.36,170805.161],[149484.881,170807.137],[149484.69,170810.889],[149484.464,170815.321],[149484.227,170819.957],[149489.487,170820.422],[149489.363,170829.236],[149482.396,170830.504],[149482.235,170829.494],[149477.578,170830.163],[149471.396,170830.772],[149471.332,170830.311],[149466.654,170830.463],[149461.035,170830.75],[149461.071,170831.19],[149455.437,170831.54]]]},"geometry_name":"GEOM","properties":{"INSPIRE_ID":"https://databrussels.be/id/building/1643465","BLOCK_ID":"https://databrussels.be/id/block/26093","AREA":783},"bbox":[149453.048,170804.777,149489.487,170831.54]},{"type":"Feature","id":"Buildings.fid-1cd8d64c_1a02c0ead07_7b56","geometry":{"type":"Polygon","coordinates":[[[148981.226,170725.734],[148982.517,170725.074],[148983.185,170724.732],[148984.23906742,170724.19299958],[148985.299,170723.651],[148985.967,170723.31],[148987.258,170722.649],[148988.02,170722.26],[149000.00000014,170747.15999953],[149004.7136786,170757.03222181],[149008.99411299,170765.99706745],[149013.67348147,170775.79743168],[149028.74683836,170807.36673173],[149020.39704588,170811.00651249],[149000.00000004,170767.2299999],[148980.47,170726.12],[148981.226,170725.734]]]},"geometry_name":"GEOM","properties":{"INSPIRE_ID":"https://databrussels.be/id/building/1643468","BLOCK_ID":"https://databrussels.be/id/block/27303","AREA":821},"bbox":[148980.47,170722.26,149028.74683836,170811.00651249]},{"type":"Feature","id":"Buildings.fid-1cd8d64c_1a02c0ead07_7af6","geometry":{"type":"Polygon","coordinates":[[[149166.31999971,170874.43999955],[149168.49,170876.54],[149166.91,170878.17],[149171.44999989,170882.56000048],[149177.34283067,170888.94720796],[149183.87469399,170895.90975314],[149187.2,170899.48],[149189.33,170897.85],[149191.9,170901.19],[149189.96,170902.69],[149194.378033,170907.953322],[149194.971727,170907.500227],[149208.911978,170896.958522],[149210.75970071,170895.6966961],[149208.60070621,170892.70997016],[149206.670077,170894.134306],[149204.33578,170891.193694],[149181.375098,170868.574945],[149179.474266,170870.516696],[149178.578859,170871.431379],[149174.680046,170867.296394],[149175.384304,170866.576976],[149175.03559938,170866.25003324],[149167.75,170873.09],[149166.31999971,170874.43999955]]]},"geometry_name":"GEOM","properties":{"INSPIRE_ID":"https://databrussels.be/id/building/1643473","BLOCK_ID":"https://databrussels.be/id/block/26703","AREA":751},"bbox":[149166.31999971,170866.25003324,149210.75970071,170907.953322]},{"type":"Feature","id":"Buildings.fid-1cd8d64c_1a02c0ead07_7b6e","geometry":{"type":"Polygon","coordinates":[[[149039.35554844,170797.79516582],[149039.00964915,170797.35708349],[149041.29293368,170795.6835316],[149041.01572878,170795.27100792],[149042.93993634,170793.97475654],[149040.86880325,170791.58141852],[149042.5555469,170789.49789004],[149044.27230131,170791.12094096],[149046.54696178,170794.74323295],[149053.62937201,170802.14952809],[149051.249,170804.179],[149046.41094308,170798.65329664],[149043.61759293,170800.70387616],[149043.89805817,170801.10920632],[149042.7460392,170801.88777922],[149039.35554844,170797.79516582]]]},"geometry_name":"GEOM","properties":{"INSPIRE_ID":"https://databrussels.be/id/building/1643474","BLOCK_ID":"https://databrussels.be/id/block/27303","AREA":75},"bbox":[149039.00964915,170789.49789004,149053.62937201,170804.179]},{"type":"Feature","id":"Buildings.fid-1cd8d64c_1a02c0ead07_7b70","geometry":{"type":"Polygon","coordinates":[[[149042.5555469,170789.49789004],[149044.07889886,170787.61618905],[149045.81206845,170787.40744584],[149048.30738603,170789.65716824],[149048.01338121,170789.97363857],[149049.1899995,170791.11000032],[149057.42700063,170798.77800004],[149056.05299978,170800.00000032],[149053.62937201,170802.14952809],[149046.54696178,170794.74323295],[149044.27230131,170791.12094096],[149042.5555469,170789.49789004]]]},"geometry_name":"GEOM","properties":{"INSPIRE_ID":"https://databrussels.be/id/building/1643477","BLOCK_ID":"https://databrussels.be/id/block/27303","AREA":76},"bbox":[149042.5555469,170787.40744584,149057.42700063,170802.14952809]},{"type":"Feature","id":"Buildings.fid-1cd8d64c_1a02c0ead07_7b81","geometry":{"type":"Polygon","coordinates":[[[149004.26164661,170554.72236542],[149004.72825639,170553.8026733],[149008.60187967,170546.16772661],[149009.91875955,170546.99211806],[149009.56588538,170547.63935635],[149012.1,170549.18],[149023.665527,170556.114068],[149020.85000001,170562.9100002],[149011.90896247,170559.28735855],[149009.87699941,170558.07439735],[149006.75292391,170556.20950993],[149005.84412146,170555.66700887],[149004.26164661,170554.72236542]]]},"geometry_name":"GEOM","properties":{"INSPIRE_ID":"https://databrussels.be/id/building/1643480","BLOCK_ID":"https://databrussels.be/id/block/25522","AREA":155},"bbox":[149004.26164661,170546.16772661,149023.665527,170562.9100002]},{"type":"Feature","id":"Buildings.fid-1cd8d64c_1a02c0ead07_7b27","geometry":{"type":"Polygon","coordinates":[[[149342.04,170700.53],[149347.47099995,170692.01899971],[149357.519,170698.392],[149350.9,170709.21],[149349.9,170710.86],[149346.33,170708.57],[149347.65,170706.3],[149341.06,170702.07],[149341.97,170700.65],[149342.04,170700.53]]]},"geometry_name":"GEOM","properties":{"INSPIRE_ID":"https://databrussels.be/id/building/1643481","BLOCK_ID":"https://databrussels.be/id/block/23649","AREA":155},"bbox":[149341.06,170692.01899971,149357.519,170710.86]},{"type":"Feature","id":"Buildings.fid-1cd8d64c_1a02c0ead07_7ba8","geometry":{"type":"Polygon","coordinates":[[[149021.852603,170943.301928],[149022.23409839,170944.1048804],[149026.48332212,170953.04843388],[149026.73510352,170953.57837538],[149026.7351,170953.5784],[149020.5546,170956.4307],[149020.8383,170957.1451],[149020.4073,170958.4685],[149021.1712,170960.2132],[149019.8328,170961.112],[149018.664,170958.8624],[149017.5904,170958.3819],[149017.2814,170957.8001],[149016.9467,170957.9767],[149015.4053,170954.8256],[149015.1491,170954.9607],[149012.5122,170950.2775],[149011.2965,170950.886],[149013.7235,170955.0744],[149012.5047,170955.8334],[149009.0143,170949.6738],[149008.639,170949.827],[149007.696,170948.2584],[149021.8526,170943.3019],[149021.85266932,170943.30190406],[149021.852603,170943.301928]]]},"geometry_name":"GEOM","properties":{"INSPIRE_ID":"https://databrussels.be/id/building/1643486","BLOCK_ID":"https://databrussels.be/id/block/24321","AREA":160},"bbox":[149007.696,170943.3019,149026.73510352,170961.112]},{"type":"Feature","id":"Buildings.fid-1cd8d64c_1a02c0ead07_7ba0","geometry":{"type":"Polygon","coordinates":[[[148999.55678972,170914.53821606],[149000.07563092,170915.18245259],[149001.04029436,170916.4215896],[149001.78768153,170915.84240925],[149003.26999973,170918.16999965],[149002.74526337,170918.54503137],[149005.0172203,170921.98303631],[149005.64999966,170921.61000016],[149006.62,170923.65],[149007.53728522,170925.46825489],[149008.4,170925.13],[149012.98217048,170935.46708346],[149006.71975292,170937.93680954],[149006.28489929,170937.15880448],[149000,170925.9143695],[148996.31817141,170919.42696571],[148996.61947761,170919.25510163],[148995.62,170917.47],[148999.55678972,170914.53821606]]]},"geometry_name":"GEOM","properties":{"INSPIRE_ID":"https://databrussels.be/id/building/1643487","BLOCK_ID":"https://databrussels.be/id/block/26722","AREA":162},"bbox":[148995.62,170914.53821606,149012.98217048,170937.93680954]},{"type":"Feature","id":"Buildings.fid-1cd8d64c_1a02c0ead07_7b28","geometry":{"type":"Polygon","coordinates":[[[149322.763,170701.198],[149331.2,170694.84],[149331.65,170695.16],[149336.26,170699.08],[149332.81,170701.68],[149336.39,170707.03],[149338.05,170706.02],[149342.21,170704.06],[149345.33,170709.18],[149346.33,170708.57],[149349.9,170710.86],[149348.6,170712.99],[149352.7,170719.56],[149354.48,170726.44],[149352.63,170727.3],[149350.9802,170728.0808],[149340.137,170733.213],[149339.844,170732.805],[149340.063,170732.648],[149335.628,170726.423],[149327.028,170713.404],[149330.038,170711.571],[149330.675,170711.183],[149328.442,170708.006],[149327.829,170708.438],[149322.763,170701.198]]]},"geometry_name":"GEOM","properties":{"INSPIRE_ID":"https://databrussels.be/id/building/1643492","BLOCK_ID":"https://databrussels.be/id/block/23649","AREA":568},"bbox":[149322.763,170694.84,149354.48,170733.213]},{"type":"Feature","id":"Buildings.fid-1cd8d64c_1a02c0ead07_7afa","geometry":{"type":"Polygon","coordinates":[[[149189.08,170843.18],[149189.59,170843.97],[149186.23,170846.48],[149188.90994756,170850.05995254],[149187.51,170851.1],[149187.6799939,170851.3299158],[149186.94,170851.89],[149185.18239538,170853.76896419],[149185.82741957,170854.95195894],[149184.09972174,170855.96725133],[149180.91040712,170858.18930742],[149185.64250161,170864.79343568],[149188.27376509,170862.92830036],[149188.534351,170864.064614],[149189.54233979,170866.89074413],[149190.793068,170869.618148],[149191.68212446,170871.1512011],[149192.717909,170872.589194],[149195.31411189,170875.47268331],[149198.174997,170878.093774],[149200.273079,170879.564988],[149200.699572,170879.810571],[149201.883446,170878.956511],[149203.640558,170881.378087],[149202.843304,170881.940077],[149209.913302,170891.741593],[149208.60070621,170892.70997016],[149210.75970071,170895.6966961],[149211.85497453,170894.94898566],[149221.79791977,170888.18249107],[149224.95177179,170885.98499945],[149225.4874591,170885.39332288],[149225.91222291,170884.70121885],[149226.20096064,170883.94223084],[149226.34243,170883.15672],[149226.333487,170881.820491],[149226.15196958,170881.15959225],[149225.825231,170880.557116],[149217.12576,170868.355975],[149204.259148,170850.395956],[149193.76312,170835.803227],[149188.17,170841.79],[149189.08,170843.18]]]},"geometry_name":"GEOM","properties":{"INSPIRE_ID":"https://databrussels.be/id/building/1643494","BLOCK_ID":"https://databrussels.be/id/block/26062","AREA":1128},"bbox":[149180.91040712,170835.803227,149226.34243,170895.6966961]},{"type":"Feature","id":"Buildings.fid-1cd8d64c_1a02c0ead07_7b67","geometry":{"type":"Polygon","coordinates":[[[149010.9499998,170750.92999981],[149012.52353098,170748.91285862],[149016.44852048,170744.23125465],[149019.93731555,170740.06992966],[149021.77032544,170737.88357314],[149023.7451867,170733.62241065],[149026.11998126,170728.08382803],[149028.92200013,170721.55399977],[149035.30900016,170724.07300044],[149031.68535832,170730.9754816],[149030.15837311,170733.77752591],[149029.56223127,170734.84999569],[149030.55733302,170735.3945719],[149029.31558139,170737.36708549],[149037.25802062,170742.94863382],[149034.80237481,170745.90855216],[149033.18850383,170747.85383528],[149031.44711924,170749.95281721],[149032.00339527,170750.38254752],[149024.29420195,170758.90365744],[149021.5900005,170761.85000034],[149013.05838962,170754.29669341],[149012.12999976,170753.37999968],[149010.9499998,170750.92999981]]]},"geometry_name":"GEOM","properties":{"INSPIRE_ID":"https://databrussels.be/id/building/1643496","BLOCK_ID":"https://databrussels.be/id/block/27303","AREA":455},"bbox":[149010.9499998,170721.55399977,149037.25802062,170761.85000034]},{"type":"Feature","id":"Buildings.fid-1cd8d64c_1a02c0ead07_7b2e","geometry":{"type":"Polygon","coordinates":[[[149108.22,170748.82],[149112.955,170741.188],[149114.85,170742.363],[149122.095,170730.685],[149128.78,170734.87],[149124.0651628,170741.94225581],[149161.24,170772.21],[149162.08,170771.49],[149166.245711,170780.973567],[149158.5,170787.49],[149108.22,170748.82]]]},"geometry_name":"GEOM","properties":{"INSPIRE_ID":"https://databrussels.be/id/building/1643498","BLOCK_ID":"https://databrussels.be/id/block/26734","AREA":985},"bbox":[149108.22,170730.685,149166.245711,170787.49]},{"type":"Feature","id":"Buildings.fid-1cd8d64c_1a02c0ead07_7b78","geometry":{"type":"Polygon","coordinates":[[[148996.24702143,170585.8600099],[148999.7201,170586.7801],[149000.0001,170586.8551],[149011.7701,170590.0201],[149012.7701,170585.7301],[148997.70983407,170580.80195437],[148996.24702143,170585.8600099]]]},"geometry_name":"GEOM","properties":{"INSPIRE_ID":"https://databrussels.be/id/building/1643503","BLOCK_ID":"https://databrussels.be/id/block/25522","AREA":77},"bbox":[148996.24702143,170580.80195437,149012.7701,170590.0201]},{"type":"Feature","id":"Buildings.fid-1cd8d64c_1a02c0ead07_7b3a","geometry":{"type":"Polygon","coordinates":[[[149063.37999972,170779.42999993],[149066.64091345,170775.87734597],[149064.41000043,170774.14999971],[149066.10305099,170771.75140002],[149068.39809404,170769.7290354],[149071.19328804,170772.79210163],[149074.085565,170775.54135132],[149074.73460263,170774.87142758],[149077.703,170777.652],[149074.69899968,170780.9190003],[149071.02899966,170784.90900043],[149063.37999972,170779.42999993]]]},"geometry_name":"GEOM","properties":{"INSPIRE_ID":"https://databrussels.be/id/building/1643510","BLOCK_ID":"https://databrussels.be/id/block/27303","AREA":110},"bbox":[149063.37999972,170769.7290354,149077.703,170784.90900043]},{"type":"Feature","id":"Buildings.fid-1cd8d64c_1a02c0ead07_7b64","geometry":{"type":"Polygon","coordinates":[[[149008.99411299,170765.99706745],[149014.20821665,170763.41022262],[149016.33846449,170762.35667503],[149018.11985627,170761.39319768],[149022.7036312,170771.50755333],[149019.77636506,170772.89582734],[149013.67348147,170775.79743168],[149008.99411299,170765.99706745]]]},"geometry_name":"GEOM","properties":{"INSPIRE_ID":"https://databrussels.be/id/building/1643511","BLOCK_ID":"https://databrussels.be/id/block/27303","AREA":111},"bbox":[149008.99411299,170761.39319768,149022.7036312,170775.79743168]},{"type":"Feature","id":"Buildings.fid-1cd8d64c_1a02c0ead07_7b6d","geometry":{"type":"Polygon","coordinates":[[[149033.38391675,170735.82893799],[149040.202,170725.956],[149045.092,170727.672],[149048.27700001,170728.89300027],[149038.88407308,170740.91052136],[149032.74090027,170736.76077052],[149033.38391675,170735.82893799]]]},"geometry_name":"GEOM","properties":{"INSPIRE_ID":"https://databrussels.be/id/building/1643512","BLOCK_ID":"https://databrussels.be/id/block/27303","AREA":111},"bbox":[149032.74090027,170725.956,149048.27700001,170740.91052136]},{"type":"Feature","id":"Buildings.fid-1cd8d64c_1a02c0ead07_7b85","geometry":{"type":"Polygon","coordinates":[[[149021.26478154,170519.5946376],[149025.43,170521.3],[149024.33,170523.7],[149024.6,170523.82],[149036.471324,170529.405452],[149039.688708,170522.748067],[149029.75611498,170518.32252166],[149029.29710445,170519.39957958],[149029.12313942,170519.32827242],[149028.17460628,170521.56680186],[149021.65947511,170518.65963601],[149023.17712272,170515.19303499],[149021.64887582,170514.4801046],[149012.74339688,170510.94375124],[149011.64,170513.77],[149010.96,170515.51],[149012.45666718,170516.09081945],[149017.2558388,170517.95325906],[149021.26478154,170519.5946376]]]},"geometry_name":"GEOM","properties":{"INSPIRE_ID":"https://databrussels.be/id/building/1643515","BLOCK_ID":"https://databrussels.be/id/block/26073","AREA":147},"bbox":[149010.96,170510.94375124,149039.688708,170529.405452]},{"type":"Feature","id":"Buildings.fid-1cd8d64c_1a02c0ead07_7b93","geometry":{"type":"Polygon","coordinates":[[[148992.898,170868.351],[149000,170863.94],[149002.45000013,170862.42000027],[149003.86598631,170865.06424051],[149010.68364638,170859.83929917],[149009.41999993,170857.73000036],[149009.34978992,170857.62111694],[149012.51608117,170855.6811334],[149012.70263394,170855.58675321],[149014.83016528,170859.48618148],[149013.77072622,170860.22362204],[149013.57780287,170859.88638967],[149008.94092743,170863.49307931],[149006.56,170865.46],[149000.51,170870],[149000.08,170870.37],[149000,170870.43],[148996.256,170873.513],[148992.898,170868.351]]]},"geometry_name":"GEOM","properties":{"INSPIRE_ID":"https://databrussels.be/id/building/1643516","BLOCK_ID":"https://databrussels.be/id/block/26066","AREA":93},"bbox":[148992.898,170855.58675321,149014.83016528,170873.513]},{"type":"Feature","id":"Buildings.fid-1cd8d64c_1a02c0ead07_7ba5","geometry":{"type":"Polygon","coordinates":[[[149040.617406,170936.528459],[149057.0241,170930.752344],[149058.34018288,170935.64109505],[149060.36034747,170943.7147638],[149061.94476521,170949.93396132],[149059.06755226,170950.86208873],[149059.66187225,170952.9676641],[149057.67039103,170953.61135282],[149058.53288428,170956.57476328],[149049.90927029,170960.01025215],[149048.08655079,170955.63807367],[149047.6042662,170955.82498741],[149043.58378022,170945.90669342],[149044.38460675,170945.6683371],[149042.31035113,170940.05659141],[149041.88824922,170940.21498873],[149040.617406,170936.528459]]]},"geometry_name":"GEOM","properties":{"INSPIRE_ID":"https://databrussels.be/id/building/1643530","BLOCK_ID":"https://databrussels.be/id/block/24321","AREA":380},"bbox":[149040.617406,170930.752344,149061.94476521,170960.01025215]},{"type":"Feature","id":"Buildings.fid-1cd8d64c_1a02c0ead07_7adc","geometry":{"type":"Polygon","coordinates":[[[149468.0846,170858.2009],[149473.6896,170857.2398],[149472.3696,170851.1998],[149472.2696,170850.8198],[149485.6796,170848.4798],[149485.7596,170848.9398],[149490.6496,170848.2498],[149492.3696,170857.3598],[149490.5796,170857.6998],[149480.6596,170859.5698],[149481.2899,170864.0486],[149481.5396,170863.8398],[149481.8176,170863.6398],[149482.1076,170863.4588],[149482.4106,170863.2988],[149482.7226,170863.1598],[149483.0446,170863.0438],[149483.3736,170862.9498],[149483.7086,170862.8798],[149484.0476,170862.8328],[149484.3886,170862.8088],[149484.7306,170862.8098],[149485.0726,170862.8338],[149485.4106,170862.8828],[149485.7456,170862.9538],[149486.0746,170863.0488],[149486.3956,170863.1668],[149486.8376,170863.0798],[149486.9006,170863.2818],[149489.8566,170862.8108],[149490.5866,170867.3498],[149487.119,170867.451],[149481.3,170867.78],[149478.484,170867.91],[149471.6367,170867.7709],[149470.6096,170867.7498],[149470.2096,170862.9198],[149468.3415,170863.1069],[149468.0846,170858.2009]]]},"geometry_name":"GEOM","properties":{"INSPIRE_ID":"https://databrussels.be/id/building/1643532","BLOCK_ID":"https://databrussels.be/id/block/26093","AREA":325},"bbox":[149468.0846,170848.2498,149492.3696,170867.91]},{"type":"Feature","id":"Buildings.fid-1cd8d64c_1a02c0ead07_7afd","geometry":{"type":"Polygon","coordinates":[[[149199.28,170987.46],[149198.17,170982.08],[149199.21,170980.77],[149194.25,170963.3],[149236.424,170933.307],[149247.54626848,170943.13032299],[149247.90203529,170943.40799343],[149245.24505399,170946.68917939],[149258.50992652,170958.21647351],[149258.75138026,170957.91061514],[149272.39868224,170969.67936555],[149279.43748607,170960.73020502],[149280.1643584,170961.47727038],[149285.39371433,170966.85190159],[149287.75897067,170969.28286647],[149293.76505661,170975.45580583],[149293.40756387,170975.77308183],[149299.8400007,170982.22999935],[149296.73,170985.32],[149299.38,170987.99],[149295.44,170991.4],[149287.86804691,170983.88941923],[149286.44787487,170985.49589813],[149277.94770942,170986.0834404],[149277.41344417,170979.94381637],[149258.16726069,170981.82390426],[149258.19138491,170982.73878505],[149246.32408617,170983.67311616],[149224.52052771,170985.38974465],[149203.56,170987.04],[149202.59426267,170987.13476862],[149199.28,170987.46]]]},"geometry_name":"GEOM","properties":{"INSPIRE_ID":"https://databrussels.be/id/building/1643546","BLOCK_ID":"https://databrussels.be/id/block/24916","AREA":3020},"bbox":[149194.25,170933.307,149299.8400007,170991.4]},{"type":"Feature","id":"Buildings.fid-1cd8d64c_1a02c0ead07_7b84","geometry":{"type":"Polygon","coordinates":[[[149011.50000015,170510.45000012],[149010.46,170509.86],[149011.14,170508.55],[149012.14999988,170506.68999989],[149022.96719987,170511.21629157],[149021.64887582,170514.4801046],[149014.28390908,170511.5554865],[149011.50000015,170510.45000012]]]},"geometry_name":"GEOM","properties":{"INSPIRE_ID":"https://databrussels.be/id/building/1643548","BLOCK_ID":"https://databrussels.be/id/block/26073","AREA":43},"bbox":[149010.46,170506.68999989,149022.96719987,170514.4801046]},{"type":"Feature","id":"Buildings.fid-1cd8d64c_1a02c0ead07_7b61","geometry":{"type":"Polygon","coordinates":[[[149006.68286502,170713.66634961],[149006.68393716,170713.18716543],[149011.56899962,170714.99299981],[149009.62649357,170720.96439581],[149010.6218102,170721.34681006],[149009.54999988,170726.21000028],[149007.51209502,170725.3687294],[149006.77581264,170725.07690368],[149006.75445528,170724.63135613],[149006.68286502,170713.66634961]]]},"geometry_name":"GEOM","properties":{"INSPIRE_ID":"https://databrussels.be/id/building/1643551","BLOCK_ID":"https://databrussels.be/id/block/27303","AREA":44},"bbox":[149006.68286502,170713.18716543,149011.56899962,170726.21000028]},{"type":"Feature","id":"Buildings.fid-1cd8d64c_1a02c0ead07_7b10","geometry":{"type":"Polygon","coordinates":[[[149092.14816171,170857.09262219],[149103.08968069,170868.27446749],[149100.49603638,170870.88318434],[149090.74492298,170858.50605896],[149092.14816171,170857.09262219]]]},"geometry_name":"GEOM","properties":{"INSPIRE_ID":"https://databrussels.be/id/building/1643553","BLOCK_ID":"https://databrussels.be/id/block/26066","AREA":44},"bbox":[149090.74492298,170857.09262219,149103.08968069,170870.88318434]},{"type":"Feature","id":"Buildings.fid-1cd8d64c_1a02c0ead07_7b75","geometry":{"type":"Polygon","coordinates":[[[148998.16,170615.8],[149000,170616.41],[149000.43,170616.55],[149008.69,170618.32],[149009.11,170613.54],[149000,170612.34],[148999.45,170612.27],[148995.34706861,170611.72701772],[148994.88891974,170613.81299717],[148998.33,170615.33],[148998.16,170615.8]]]},"geometry_name":"GEOM","properties":{"INSPIRE_ID":"https://databrussels.be/id/building/1643555","BLOCK_ID":"https://databrussels.be/id/block/25522","AREA":55},"bbox":[148994.88891974,170611.72701772,149009.11,170618.32]},{"type":"Feature","id":"Buildings.fid-1cd8d64c_1a02c0ead07_7afc","geometry":{"type":"Polygon","coordinates":[[[149188.00389672,170935.618649],[149193.64746974,170943.56276747],[149194.89257917,170945.31543314],[149197.36229738,170948.79190702],[149197.56255105,170949.09884933],[149202.47965386,170956.03231435],[149235.75499712,170932.36701649],[149230.74144319,170925.4031263],[149221.58070999,170912.66249949],[149221.04108,170911.928796],[149213.83605,170917.206098],[149204.267235,170923.981287],[149188.00389672,170935.618649]]]},"geometry_name":"GEOM","properties":{"INSPIRE_ID":"https://databrussels.be/id/building/1643560","BLOCK_ID":"https://databrussels.be/id/block/24916","AREA":1022},"bbox":[149188.00389672,170911.928796,149235.75499712,170956.03231435]},{"type":"Feature","id":"Buildings.fid-1cd8d64c_1a02c0ead07_7b49","geometry":{"type":"Polygon","coordinates":[[[149194.201731,170597.154658],[149210.7670881,170599.68496624],[149236.43095492,170603.70091279],[149239.35200584,170598.20799788],[149221.698,170579.647],[149212.028,170568.812],[149201.306,170557.249],[149198.119,170553.813],[149193.47,170548.798],[149190.332,170545.415],[149174.304,170528.13],[149152.392,170504.469],[149151.47781,170504.38467],[149151.451732,170504.582952],[149149.009862,170504.458229],[149149.020064,170504.2585],[149148.102,170504.212],[149142.652,170507.374],[149142.089384,170508.195861],[149142.252508,170508.31156],[149141.151245,170510.476131],[149140.972999,170510.385445],[149140.625,170511.216],[149148.499856,170565.054843],[149148.321696,170565.080442],[149149.396992,170572.993764],[149149.594998,170572.965663],[149149.623098,170573.163668],[149150.880011,170572.983587],[149150.851648,170572.78562],[149151.867022,170572.662456],[149151.888696,170572.841136],[149151.520554,170573.264568],[149158.217072,170578.717964],[149158.122654,170578.890483],[149160.869847,170582.15592],[149161.022882,170582.027173],[149165.21745,170589.611959],[149165.43858,170589.492006],[149165.761762,170589.569853],[149165.545599,170590.334029],[149165.353161,170590.279594],[149164.994708,170591.575049],[149165.187455,170591.628382],[149165.134122,170591.821129],[149168.008083,170592.525271],[149168.036638,170592.408724],[149173.385891,170593.55556],[149194.201731,170597.154658]]]},"geometry_name":"GEOM","properties":{"INSPIRE_ID":"https://databrussels.be/id/building/1644567","BLOCK_ID":"https://databrussels.be/id/block/24862","AREA":4347},"bbox":[149140.625,170504.212,149239.35200584,170603.70091279]},{"type":"Feature","id":"Buildings.fid-1cd8d64c_1a02c0ead07_7b5f","geometry":{"type":"Polygon","coordinates":[[[148998.13,170730.69],[149000,170730.4957772],[149008.10019636,170729.65446962],[149008.43021231,170729.65160649],[149006.50555773,170736.75386633],[149003.95000042,170736.43000012],[149003.98592094,170735.13481737],[149000.00000013,170735.91000005],[148999.39,170736.05],[148998.13,170730.69]]]},"geometry_name":"GEOM","properties":{"INSPIRE_ID":"https://databrussels.be/id/building/1644570","BLOCK_ID":"https://databrussels.be/id/block/27303","AREA":51},"bbox":[148998.13,170729.65160649,149008.43021231,170736.75386633]},{"type":"Feature","id":"Buildings.fid-1cd8d64c_1a02c0ead07_7b6c","geometry":{"type":"Polygon","coordinates":[[[149030.15837311,170733.77752591],[149031.68535832,170730.9754816],[149035.30900016,170724.07300044],[149035.703,170724.228],[149039.956,170725.87],[149040.202,170725.956],[149033.38391675,170735.82893799],[149030.15837311,170733.77752591]]]},"geometry_name":"GEOM","properties":{"INSPIRE_ID":"https://databrussels.be/id/building/1644571","BLOCK_ID":"https://databrussels.be/id/block/27303","AREA":51},"bbox":[149030.15837311,170724.07300044,149040.202,170735.82893799]},{"type":"Feature","id":"Buildings.fid-1cd8d64c_1a02c0ead07_7b16","geometry":{"type":"Polygon","coordinates":[[[149115.198201,170913.099164],[149122.066973,170917.63836],[149128.59,170908.92],[149125.88,170907.01],[149128.16,170903.79],[149130.85,170906.2],[149134.64,170901.19],[149135.09,170900.59],[149129.47,170896.35],[149129.23,170896.16],[149126.98,170899.14],[149126.32,170899.33],[149125.8286621,170899.55178413],[149122.59999832,170903.7299928],[149121.6,170905.05],[149115.198201,170913.099164]]]},"geometry_name":"GEOM","properties":{"INSPIRE_ID":"https://databrussels.be/id/building/1644584","BLOCK_ID":"https://databrussels.be/id/block/26703","AREA":159},"bbox":[149115.198201,170896.16,149135.09,170917.63836]},{"type":"Feature","id":"Buildings.fid-1cd8d64c_1a02c0ead07_7b59","geometry":{"type":"Polygon","coordinates":[[[149000.0001,170767.2301],[149020.3971,170811.0065],[149028.7469,170807.3669],[149013.6735,170775.7975],[149019.7765,170772.8959],[149022.7037,170771.5077],[149023.3801,170773.0001],[149021.7123,170775.1299],[149020.4249,170776.3999],[149019.6461,170777.6335],[149021.6033,170781.2153],[149021.3625,170781.3257],[149023.2193,170783.2627],[149022.9117,170783.4109],[149025.9941,170786.1135],[149024.3825,170786.9335],[149025.0711,170788.6641],[149027.6047,170787.5045],[149030.7579,170789.8049],[149035.5123,170799.9475],[149036.5463,170799.0407],[149039.3555,170797.7953],[149042.7461,170801.8879],[149046.5013,170806.6675],[149032.0641,170812.7941],[149032.1481,170813.0421],[149031.5501,170813.2711],[149023.2691,170816.4371],[149013.4201,170820.4801],[149008.7401,170813.1601],[149010.1501,170812.4501],[149005.6601,170802.5001],[149007.2323,170801.7491],[149004.0335,170794.7529],[149005.9903,170793.8211],[149003.8341,170789.0303],[149005.1275,170788.3957],[149000.0001,170781.1801],[148999.6701,170780.7201],[149000.0001,170780.5701],[149001.1225,170780.1155],[149000.0001,170778.0101],[148999.2701,170776.5601],[148997.3101,170777.3101],[148995.7401,170774.1601],[148992.9501,170770.7101],[148994.0901,170770.1301],[149000.0001,170767.2301]]]},"geometry_name":"GEOM","properties":{"INSPIRE_ID":"https://databrussels.be/id/building/1644587","BLOCK_ID":"https://databrussels.be/id/block/27303","AREA":867},"bbox":[148992.9501,170767.2301,149046.5013,170820.4801]},{"type":"Feature","id":"Buildings.fid-1cd8d64c_1a02c0ead07_7b73","geometry":{"type":"Polygon","coordinates":[[[149050.59452011,170781.68565011],[149051.15188858,170780.96228373],[149050.56195292,170780.510776],[149051.78218729,170778.84672374],[149052.19999298,170779.17495293],[149053.83136755,170777.47376104],[149054.3761499,170777.93516932],[149056.4151671,170780.1421722],[149057.98435457,170781.55852424],[149063.48789693,170786.52603362],[149065.51584296,170788.35797946],[149065.96790372,170788.76726789],[149066.70000029,170789.42699988],[149063.27299979,170793.05000034],[149062.66829962,170792.5083033],[149062.14135481,170792.03389647],[149060.30096315,170790.38761734],[149054.74636262,170785.41174528],[149050.59452011,170781.68565011]]]},"geometry_name":"GEOM","properties":{"INSPIRE_ID":"https://databrussels.be/id/building/1644591","BLOCK_ID":"https://databrussels.be/id/block/27303","AREA":89},"bbox":[149050.56195292,170777.47376104,149066.70000029,170793.05000034]},{"type":"Feature","id":"Buildings.fid-1cd8d64c_1a02c0ead07_7b5d","geometry":{"type":"Polygon","coordinates":[[[148996.49,170794.65],[149000,170792.22],[149003.83398851,170789.03018574],[149005.99027316,170793.82113325],[149004.03351575,170794.75289049],[149007.23223203,170801.74893941],[149005.66,170802.5],[149003.1599999,170803.94999957],[149002.76061342,170803.33334628],[149000.51065945,170804.6082375],[149000.00000024,170803.51999959],[148998.33,170800],[148999.46,170799.28],[148996.49,170794.65]]]},"geometry_name":"GEOM","properties":{"INSPIRE_ID":"https://databrussels.be/id/building/1644593","BLOCK_ID":"https://databrussels.be/id/block/27303","AREA":90},"bbox":[148996.49,170789.03018574,149007.23223203,170804.6082375]},{"type":"Feature","id":"Buildings.fid-1cd8d64c_1a02c0ead07_7b6b","geometry":{"type":"Polygon","coordinates":[[[149021.5900005,170761.85000034],[149024.29420195,170758.90365744],[149032.00339527,170750.38254752],[149031.44711924,170749.95281721],[149033.18850383,170747.85383528],[149034.80237481,170745.90855216],[149037.25802062,170742.94863382],[149038.88407308,170740.91052136],[149048.27700001,170728.89300027],[149055.383,170732.627],[149052.08767133,170737.89743045],[149051.77282885,170737.71732097],[149048.3360092,170743.11705666],[149046.24944752,170741.73616024],[149044.01590217,170742.7091139],[149041.74906588,170746.07002874],[149041.23036997,170746.97879836],[149044.35982789,170749.07791819],[149043.14369863,170750.81696309],[149041.56508031,170753.07976421],[149041.05641137,170752.6291689],[149039.17221668,170755.57824415],[149036.34490771,170753.37893229],[149035.16427388,170755.06778399],[149038.04960785,170757.31240651],[149033.20810082,170763.58672889],[149032.93563601,170763.37845741],[149031.2483794,170765.48784725],[149030.74221475,170765.0866128],[149027.17188735,170768.79479547],[149026.16000041,170770.03999962],[149022.30116463,170766.4025291],[149024.26185593,170763.97674729],[149021.5900005,170761.85000034]]]},"geometry_name":"GEOM","properties":{"INSPIRE_ID":"https://databrussels.be/id/building/1644608","BLOCK_ID":"https://databrussels.be/id/block/27303","AREA":375},"bbox":[149021.5900005,170728.89300027,149055.383,170770.03999962]},{"type":"Feature","id":"Buildings.fid-1cd8d64c_1a02c0ead07_7b25","geometry":{"type":"Polygon","coordinates":[[[149209.45,170730],[149201.76,170731.64],[149203.72,170737.94],[149204.74,170737.73],[149208.3,170750.27],[149206.49,170750.84],[149195.45,170717.45],[149209.47,170712.82],[149212.562,170722.18],[149237.637,170717.963],[149235.798,170706.162],[149234.584,170706.367],[149233.431,170706.561],[149233.407,170706.403],[149230.37,170706.853],[149229.959,170702.178],[149236.461,170701.046],[149236.478,170700.79],[149234.97895608,170689.14605576],[149223.904746,170691.039158],[149221.879775,170685.100365],[149202.45,170691.439],[149207.92,170708.28],[149205.59,170709.03],[149206.29,170711.18],[149194.57,170714.98],[149188.57,170696.489],[149187.009,170691.739],[149168.964232,170697.726766],[149191.475087,170767.969563],[149200.727,170764.904],[149201.497,170767.314],[149201.732,170767.945],[149204.484,170767.036],[149203.517,170764.011],[149210.111,170761.902],[149216.909,170753.899],[149216,170751.04],[149209.45,170730]]]},"geometry_name":"GEOM","properties":{"INSPIRE_ID":"https://databrussels.be/id/building/1644618","BLOCK_ID":"https://databrussels.be/id/block/24279","AREA":2590},"bbox":[149168.964232,170685.100365,149237.637,170767.969563]},{"type":"Feature","id":"Buildings.fid-1cd8d64c_1a02c0ead07_7b43","geometry":{"type":"Polygon","coordinates":[[[149043.27,170655.56],[149053.56,170644.89],[149047.7,170638.85],[149070.71,170616.53],[149071.05,170616.98],[149072.08,170615.94],[149072.44,170616.03],[149087.72,170619.54],[149086.35,170625.15],[149089.18,170629.59],[149095.04,170630.78],[149097.31,170629.29],[149098.46,170630.9],[149099.61,170632.5],[149100.84,170634.04],[149102.05,170635.33],[149103.32,170636.58],[149104.62,170637.79],[149105.52,170638.6],[149106.42,170639.39],[149107.33,170640.19],[149104.84,170643.4],[149104.7,170647.71],[149111.03,170648.26],[149114.76,170648.59],[149118.36,170648.91],[149117.89,170654.24],[149124.23,170654.8],[149126.42,170654.99],[149125.86,170650.82],[149125.62,170648.97],[149125.74,170649.01],[149128.979953,170638.634483],[149130.03,170636.09],[149127.664674,170635.091725],[149128.74592,170632.649855],[149128.970441,170632.757382],[149129.29,170632.07],[149125.124823,170630.200782],[149122.023125,170628.435026],[149121.523754,170628.105723],[149121.413657,170628.272679],[149119.000785,170626.589146],[149118.2522,170626.0015],[149115.982757,170624.107858],[149115.289909,170623.464939],[149113.262083,170621.330229],[149113.353433,170621.227482],[149112.911976,170620.771786],[149113.189115,170620.512352],[149112.505721,170619.696187],[149112.329387,170619.843837],[149109.898818,170616.894431],[149109.140282,170615.634961],[149109.32548123,170615.26928372],[149109.442902,170614.930622],[149109.46730037,170614.53569452],[149109.340976,170614.160721],[149108.94634401,170613.81925584],[149108.45869094,170613.63344044],[149107.936893,170613.625709],[149107.809528,170613.624054],[149107.472031,170612.969092],[149107.164335,170612.306472],[149105.649812,170608.946514],[149105.581549,170608.806666],[149105.748699,170608.725076],[149105.281265,170607.767147],[149104.957746,170607.925012],[149104.76457,170607.300776],[149104.508253,170607.233554],[149103.300251,170603.542929],[149102.446635,170599.739175],[149102.136733,170597.087914],[149102.015935,170596.003297],[149101.87885,170593.292357],[149101.93183,170592.923644],[149102.190125,170592.970442],[149102.341433,170592.135869],[149102.5241,170589.3463],[149102.5397,170589.2071],[149102.7385,170589.2293],[149102.8235,170588.3857],[149102.6743,170588.3707],[149102.8321,170587.8751],[149103.23301422,170585.48708837],[149104.68496444,170582.53507925],[149106.7251,170578.8445],[149107.0057,170578.4069],[149107.1319,170578.4877],[149107.5709,170577.8075],[149107.4029,170577.6991],[149107.4789,170577.5815],[149109.13873967,170575.51586115],[149109.221748,170575.403078],[149109.382769,170575.521687],[149109.77974878,170574.73387481],[149109.614193,170574.556393],[149111.641156,170572.346907],[149111.806975,170572.486017],[149112.46211485,170571.84211788],[149112.321509,170571.699859],[149114.504835,170569.752868],[149114.637042,170569.902924],[149115.027476,170569.572949],[149118.60998787,170567.17012223],[149118.375517,170566.699493],[149118.205128,170566.804198],[149116.68781,170564.300231],[149118.73675,170562.996256],[149112.219623,170550.978986],[149108.738338,170553.360348],[149108.879478,170553.56668],[149105.494649,170555.968684],[149105.349975,170555.764814],[149104.067596,170556.705015],[149097.311386,170564.971788],[149094.563571,170568.866352],[149093.499198,170568.215085],[149093.353067,170568.45391],[149093.114243,170568.307778],[149092.669612,170569.048675],[149091.2185,170571.6031],[149090.8099,170572.3605],[149087.4029,170580.7307],[149086.411009,170584.195813],[149086.372469,170584.330396],[149086.16811,170584.27781],[149086.002568,170584.914735],[149086.196137,170584.965045],[149085.89129,170586.929185],[149082.700186,170586.574547],[149082.64023,170586.203617],[149077.487012,170587.978429],[149075.348727,170588.714873],[149074.54732,170589.503742],[149059.43,170604.62],[149045.85,170616.92],[149031.81,170629.25],[149031.42,170630.38],[149030.68,170630.12],[149024.19,170649.01],[149043.27,170655.56]]]},"geometry_name":"GEOM","properties":{"INSPIRE_ID":"https://databrussels.be/id/building/1644619","BLOCK_ID":"https://databrussels.be/id/block/26734","AREA":3622},"bbox":[149024.19,170550.978986,149130.03,170655.56]},{"type":"Feature","id":"Buildings.fid-1cd8d64c_1a02c0ead07_7b8c","geometry":{"type":"Polygon","coordinates":[[[149026.77639027,170512.78737918],[149031.33,170514.49],[149041.521197,170518.925453],[149039.688708,170522.748067],[149029.75611498,170518.32252166],[149025.22328556,170516.27174702],[149026.77639027,170512.78737918]]]},"geometry_name":"GEOM","properties":{"INSPIRE_ID":"https://databrussels.be/id/building/1644625","BLOCK_ID":"https://databrussels.be/id/block/26073","AREA":66},"bbox":[149025.22328556,170512.78737918,149041.521197,170522.748067]},{"type":"Feature","id":"Buildings.fid-1cd8d64c_1a02c0ead07_7b32","geometry":{"type":"Polygon","coordinates":[[[149092.19799954,170769.3080001],[149100.77700008,170759.06699969],[149104.58969237,170761.71227572],[149100.20407918,170767.65818029],[149100.47422693,170767.8483921],[149099.13657216,170769.79892727],[149098.81801679,170769.53736901],[149096.28995444,170772.96400563],[149092.19799954,170769.3080001]]]},"geometry_name":"GEOM","properties":{"INSPIRE_ID":"https://databrussels.be/id/building/1644629","BLOCK_ID":"https://databrussels.be/id/block/26066","AREA":70},"bbox":[149092.19799954,170759.06699969,149104.58969237,170772.96400563]},{"type":"Feature","id":"Buildings.fid-1cd8d64c_1a02c0ead07_7b09","geometry":{"type":"Polygon","coordinates":[[[149055.174678,170889.98476835],[149058.77999966,170888.02999994],[149063.52000018,170895.36000025],[149056.93015305,170899.71724451],[149055.97303536,170897.97226432],[149056.73074482,170897.45842278],[149055.24628263,170895.13435101],[149057.38586271,170893.51785558],[149055.174678,170889.98476835]]]},"geometry_name":"GEOM","properties":{"INSPIRE_ID":"https://databrussels.be/id/building/1644664","BLOCK_ID":"https://databrussels.be/id/block/26066","AREA":52},"bbox":[149055.174678,170888.02999994,149063.52000018,170899.71724451]},{"type":"Feature","id":"Buildings.fid-1cd8d64c_1a02c0ead07_7b5e","geometry":{"type":"Polygon","coordinates":[[[148996.94,170725.67],[149000,170725.34616663],[149006.75445528,170724.63135613],[149006.77581264,170725.07690368],[149007.51209502,170725.3687294],[149008.10019636,170729.65446962],[149000,170730.4957772],[148998.13,170730.69],[148996.94,170725.67]]]},"geometry_name":"GEOM","properties":{"INSPIRE_ID":"https://databrussels.be/id/building/1644665","BLOCK_ID":"https://databrussels.be/id/block/27303","AREA":52},"bbox":[148996.94,170724.63135613,149008.10019636,170730.69]},{"type":"Feature","id":"Buildings.fid-1cd8d64c_1a02c0ead07_7b79","geometry":{"type":"Polygon","coordinates":[[[148996.3901,170580.3701],[148997.70983407,170580.80195437],[149012.7701,170585.7301],[149013.6401,170582.8101],[149000.35676214,170578.47609349],[148997.5125,170577.6165],[148996.3901,170580.3701]]]},"geometry_name":"GEOM","properties":{"INSPIRE_ID":"https://databrussels.be/id/building/1644667","BLOCK_ID":"https://databrussels.be/id/block/25522","AREA":52},"bbox":[148996.3901,170577.6165,149013.6401,170585.7301]},{"type":"Feature","id":"Buildings.fid-1cd8d64c_1a02c0ead07_7af3","geometry":{"type":"Polygon","coordinates":[[[149167.670911,170841.372179],[149177.90087729,170850.4925237],[149184.09972174,170855.96725133],[149180.91040712,170858.18930742],[149180.62889477,170858.46640538],[149176.18226737,170862.85091486],[149161.760878,170848.38271],[149164.876048,170844.806959],[149167.670911,170841.372179]]]},"geometry_name":"GEOM","properties":{"INSPIRE_ID":"https://databrussels.be/id/building/1644676","BLOCK_ID":"https://databrussels.be/id/block/26062","AREA":205},"bbox":[149161.760878,170841.372179,149184.09972174,170862.85091486]},{"type":"Feature","id":"Buildings.fid-1cd8d64c_1a02c0ead07_7b30","geometry":{"type":"Polygon","coordinates":[[[149082.5899,170747.93384243],[149082.7024,170748.00074243],[149082.7931,170748.05474243],[149083.9203,170748.72594243],[149085.0475,170749.39704243],[149085.1381,170749.45104243],[149085.2506,170749.51804243],[149085.3822,170749.59644243],[149085.5299,170749.68434243],[149085.6902,170749.77984243],[149085.8594,170749.88054243],[149086.664,170750.35964243],[149088.239,170751.32184243],[149089.58,170752.14184243],[149080.909,170761.88584243],[149080.6336,170762.19324243],[149079.224,170763.76684243],[149077.84000001,170762.60084243],[149076.419,170764.14084243],[149075.941,170763.68784243],[149077.078,170762.41184243],[149076.444,170761.88484243],[149072.629,170766.19074243],[149073.503,170767.26484243],[149073.895,170767.66884243],[149075.148,170768.99184243],[149075.4171,170769.23744243],[149073.8908,170770.71374243],[149073.6343,170770.44664243],[149072.331,170769.08964243],[149071.4774,170769.86464243],[149070.2175,170768.48164243],[149068.398,170769.72984243],[149066.103,170771.75184243],[149064.41,170774.15084243],[149061.67651002,170773.01339075],[149058.3327,170771.29254243],[149055.648,170769.93984243],[149060.8867,170763.71494243],[149063.1353,170761.04304243],[149065.337,170758.42684243],[149065.661,170758.04084243],[149066.2872,170757.29694243],[149073.53,170748.69284243],[149073.874,170748.28384243],[149074.843,170747.13284243],[149076.0952,170745.64654243],[149076.6237,170745.01914243],[149076.982,170744.59384243],[149077.7715,170745.06484243],[149077.8883,170745.13434243],[149077.9992,170745.20034243],[149078.098,170745.25924243],[149078.1791,170745.30744243],[149078.238,170745.34254243],[149078.2712,170745.36234243],[149079.2337,170745.93544243],[149080.1963,170746.50854243],[149080.2295,170746.52834243],[149080.2883,170746.56334243],[149080.3694,170746.61164243],[149080.4682,170746.67044243],[149080.5791,170746.73654243],[149080.6959,170746.80604243],[149080.782,170746.85734243],[149081.0172,170746.99734243],[149081.3385,170747.18864243],[149081.6598,170747.37994243],[149081.895,170747.52004243],[149081.9811,170747.57134243],[149082.15030001,170747.67204243],[149082.3106,170747.76754243],[149082.4583,170747.85544243],[149082.5899,170747.93384243]]]},"geometry_name":"GEOM","properties":{"INSPIRE_ID":"https://databrussels.be/id/building/1644698","BLOCK_ID":"https://databrussels.be/id/block/27303","AREA":406},"bbox":[149055.648,170744.59384243,149089.58,170774.15084243]},{"type":"Feature","id":"Buildings.fid-1cd8d64c_1a02c0ead07_7b04","geometry":{"type":"Polygon","coordinates":[[[149331.432,170834.344],[149331.362,170832.235],[149332.35,170832.194],[149332.227,170830.468],[149332.224,170830.322],[149332.329,170830.313],[149332.441,170830.082],[149332.668,170829.858],[149332.628,170829.718],[149332.763,170829.614],[149332.839,170829.719],[149332.928,170829.666],[149332.855,170829.527],[149333.024,170829.394],[149333.137,170829.326],[149333.262,170829.285],[149333.465,170829.277],[149333.61,170829.263],[149333.575,170827.285],[149333.335,170827.286],[149333.004,170827.225],[149332.651,170827.006],[149332.64,170826.598],[149332.726,170826.508],[149332.816,170826.451],[149333.014,170826.449],[149333.244,170826.428],[149333.354,170826.389],[149333.571,170826.373],[149333.435,170824.38],[149333.294,170824.38],[149333.219,170824.243],[149333.145,170824.335],[149332.987,170824.299],[149332.911,170824.276],[149332.804,170824.272],[149332.768,170824.157],[149332.654,170824.087],[149332.538,170824.093],[149332.482,170824.009],[149332.533,170823.868],[149332.157,170823.681],[149332.024,170823.415],[149332.055,170823.274],[149331.984,170821.601],[149331.018,170821.625],[149330.936,170819.499],[149332.206,170819.465],[149332.176,170819],[149332.269,170818.824],[149332.27,170818.611],[149332.375,170818.53],[149332.495,170818.451],[149332.669,170818.4],[149332.604,170818.319],[149332.635,170818.144],[149332.773,170818.097],[149332.882,170818.035],[149332.99,170818.091],[149333.099,170818.012],[149333.288,170818.008],[149333.205,170815.791],[149332.954,170815.823],[149332.688,170815.771],[149332.505,170815.707],[149332.473,170815.601],[149332.454,170815.445],[149332.23,170815.331],[149332.138,170815.273],[149332.126,170815.079],[149332.035,170814.638],[149330.728,170814.685],[149330.558,170810.399],[149332.204,170810.328],[149332.106,170807.921],[149334.282,170807.776],[149334.36,170809.374],[149340.519,170809.085],[149340.445,170807.543],[149342.58,170807.404],[149342.712,170809.877],[149347.792,170809.666],[149347.773,170808.981],[149348.815,170808.944],[149348.852,170809.626],[149354.069,170809.397],[149354.041,170808.695],[149355.12,170808.646],[149355.149,170809.335],[149360.334,170809.09],[149360.301,170808.375],[149361.345,170808.356],[149361.401,170809.053],[149366.31,170808.848],[149366.293,170808.168],[149367.349,170808.142],[149367.394,170808.802],[149372.65,170808.67],[149372.642,170807.949],[149373.71,170807.935],[149373.75,170808.631],[149379.119,170808.439],[149379.099,170807.749],[149380.173,170807.709],[149380.2,170808.416],[149385.45,170808.279],[149385.43,170806.68],[149382.48,170806.62],[149382.474,170804.893],[149383.538,170804.904],[149383.502,170804.463],[149383.51,170804.355],[149383.524,170804.248],[149383.556,170804.109],[149383.6,170803.973],[149383.67,170803.802],[149383.76,170803.64],[149383.864,170803.508],[149383.984,170803.39],[149384.143,170803.262],[149384.316,170803.153],[149384.472,170803.083],[149384.635,170803.031],[149384.739,170803.009],[149384.844,170802.997],[149385.098,170802.994],[149385.048,170800.924],[149385.322,170800.903],[149385.237,170797.206],[149384.651,170797.167],[149384.613,170796.328],[149385.29,170796.296],[149385.281,170795.648],[149386.176,170795.622],[149386.208,170796.327],[149386.875,170796.361],[149386.906,170797.389],[149386.994,170797.467],[149387.016,170797.875],[149388.413,170797.871],[149388.388,170797.459],[149388.479,170797.375],[149388.426,170796.385],[149389.123,170796.315],[149389.17,170795.64],[149390.061,170795.645],[149390.061,170796.127],[149390.844,170797.28],[149390.847,170797.915],[149394.095,170797.936],[149394.109,170797.29],[149394.897,170796.08],[149394.877,170795.652],[149395.8,170795.63],[149395.781,170796.333],[149396.471,170796.319],[149396.499,170797.404],[149396.6,170797.492],[149396.572,170797.909],[149397.993,170797.919],[149397.986,170797.465],[149398.068,170797.407],[149398.088,170796.339],[149398.749,170796.351],[149398.705,170795.593],[149399.67,170795.684],[149399.669,170796.327],[149400.443,170796.341],[149400.47,170798.309],[149405.704,170798.24],[149405.715,170796.498],[149407.679,170796.528],[149407.716,170798.237],[149412.829,170798.244],[149412.821,170796.457],[149414.783,170796.505],[149414.838,170798.287],[149419.933,170798.316],[149419.931,170796.486],[149421.9,170796.46],[149421.917,170798.327],[149427.739,170800.544],[149429.42,170799.42],[149429.98,170800.229],[149431.241,170799.454],[149431.207,170798.499],[149432.063,170798.506],[149432.105,170799.518],[149432.411,170799.75],[149432.551,170799.765],[149432.968,170799.952],[149433.064,170800.022],[149433.362,170800.383],[149433.669,170800.596],[149434.396,170799.984],[149434.959,170800.655],[149434.288,170801.208],[149434.343,170804.723],[149434.755,170804.722],[149434.772,170805.663],[149434.34,170805.702],[149434.394,170809.096],[149435.135,170809.69],[149434.531,170810.426],[149433.801,170809.879],[149433.39,170810.156],[149432.617,170810.701],[149432.195,170811.002],[149432.184,170811.99],[149431.222,170811.996],[149431.204,170811.59],[149431.05,170811.584],[149430.746,170811.79],[149429.62,170813.479],[149431.682,170815.343],[149432.585,170814.617],[149433.094,170815.255],[149432.211,170816],[149433.513,170818.42],[149435.252,170817.752],[149435.744,170818.951],[149438.357,170817.297],[149443.77,170820.16],[149444.004,170826.258],[149438.803,170829.582],[149436.17,170828.206],[149435.724,170829.56],[149434.906,170829.306],[149433.725,170831.956],[149433.809,170832.028],[149433.343,170832.729],[149433.229,170832.666],[149431.154,170835.113],[149431.423,170835.417],[149431.723,170835.311],[149431.739,170835.163],[149432.48,170835.168],[149432.514,170835.943],[149434.391,170836.988],[149435.145,170836.572],[149435.64,170837.34],[149434.862,170837.795],[149435.1,170845.53],[149435.865,170845.965],[149435.669,170846.308],[149435.775,170846.368],[149435.895,170846.498],[149435.869,170846.68],[149436.419,170847.027],[149436.569,170846.915],[149436.693,170846.991],[149437.287,170847.27],[149437.489,170846.984],[149437.747,170847.146],[149437.854,170847.12],[149438.004,170847.824],[149437.473,170847.99],[149436.68,170849.249],[149436.52,170849.269],[149436.291,170849.129],[149436.344,170849.025],[149436.158,170848.905],[149435.275,170850.43],[149435.487,170850.543],[149435.553,170850.456],[149435.784,170850.569],[149435.85,170850.857],[149435.175,170852.034],[149435.232,170852.595],[149434.556,170852.785],[149434.427,170852.238],[149434.111,170852.083],[149432.427,170852.91],[149432.188,170853.031],[149429.301,170854.466],[149429.021,170854.611],[149426.166,170856.038],[149425.856,170856.192],[149424.479,170856.875],[149424.177,170857.756],[149422.761,170858.125],[149422.154,170857.488],[149420.589,170857.548],[149420.596,170857.666],[149420.284,170857.677],[149420.265,170857.558],[149417.035,170857.678],[149417.034,170857.802],[149416.745,170857.798],[149416.735,170857.684],[149415.661,170857.732],[149415.301,170858.101],[149414.769,170857.624],[149415.115,170857.257],[149414.889,170852.505],[149413.618,170852.528],[149413.499,170850.68],[149408.953,170850.876],[149409.06,170852.73],[149406.537,170852.865],[149406.422,170850.989],[149401.702,170851.232],[149401.781,170852.895],[149400.971,170852.925],[149400.978,170853.142],[149401.515,170853.124],[149401.542,170853.811],[149400.992,170853.816],[149400.995,170854.019],[149400.501,170854.034],[149400.512,170854.574],[149399.819,170854.594],[149399.79,170854.132],[149399.641,170854.139],[149399.285,170853.77],[149399.29,170853.591],[149399.55,170853.203],[149399.596,170853.059],[149399.849,170852.764],[149399.978,170852.771],[149399.916,170850.179],[149399.589,170850.194],[149399.561,170849.545],[149399.886,170849.538],[149399.831,170846.836],[149399.679,170846.841],[149399.461,170846.654],[149399.441,170846.523],[149397.21,170846.596],[149397.204,170846.73],[149397.004,170846.937],[149396.756,170846.952],[149395.148,170847.026],[149393.073,170847.122],[149391.767,170847.182],[149391.519,170847.197],[149391.302,170847.019],[149391.307,170846.885],[149389.076,170846.957],[149389.096,170847.089],[149388.896,170847.295],[149388.743,170847.3],[149388.798,170850.002],[149389.122,170849.995],[149389.15,170850.644],[149388.814,170850.658],[149388.879,170853.377],[149389.068,170853.598],[149389.07,170853.728],[149389.337,170854.116],[149389.335,170854.445],[149389.054,170854.678],[149388.905,170854.685],[149388.934,170855.147],[149388.241,170855.166],[149388.23,170854.625],[149387.69,170854.641],[149387.687,170854.439],[149387.137,170854.444],[149387.109,170853.757],[149387.646,170853.739],[149387.639,170853.523],[149386.829,170853.554],[149386.548,170847.667],[149385.175,170846.237],[149383.314,170846.243],[149383.301,170846.119],[149380.482,170846.132],[149379.664,170846.952],[149378.666,170846],[149379.632,170845.047],[149379.566,170841.994],[149343.917,170843.229],[149343.964,170845.258],[149341.842,170845.341],[149341.758,170843.638],[149335.585,170843.854],[149335.635,170845.473],[149333.529,170845.539],[149333.429,170843.125],[149331.75,170843.151],[149331.592,170838.837],[149332.875,170838.793],[149332.873,170838.493],[149332.833,170838.401],[149332.921,170838.339],[149332.959,170838.178],[149333.059,170838.174],[149333.087,170838.07],[149333.195,170837.95],[149333.278,170837.67],[149333.473,170837.656],[149333.512,170837.548],[149333.736,170837.552],[149333.895,170837.535],[149333.817,170835.288],[149333.411,170835.293],[149333.389,170835.177],[149333.105,170834.926],[149332.962,170834.81],[149332.864,170834.733],[149332.68,170834.451],[149332.721,170834.319],[149331.432,170834.344]]]},"geometry_name":"GEOM","properties":{"INSPIRE_ID":"https://databrussels.be/id/building/1645650","BLOCK_ID":"https://databrussels.be/id/block/24293","AREA":4596},"bbox":[149330.558,170795.593,149444.004,170858.125]},{"type":"Feature","id":"Buildings.fid-1cd8d64c_1a02c0ead07_7b77","geometry":{"type":"Polygon","coordinates":[[[148995.50035671,170630.57584762],[148996.83,170626.86],[148998.28,170627.5],[149000,170628.26],[149007.12,170631.4],[149006.56,170635.53],[149004.12,170634.36],[149000,170632.55],[148999.12,170632.17],[148997.75,170631.6],[148995.50035671,170630.57584762]]]},"geometry_name":"GEOM","properties":{"INSPIRE_ID":"https://databrussels.be/id/building/1645653","BLOCK_ID":"https://databrussels.be/id/block/25522","AREA":46},"bbox":[148995.50035671,170626.86,149007.12,170635.53]},{"type":"Feature","id":"Buildings.fid-1cd8d64c_1a02c0ead07_7b3c","geometry":{"type":"Polygon","coordinates":[[[149056.4151671,170780.1421722],[149059.28901479,170776.50302998],[149061.51000025,170778.09000027],[149063.37999972,170779.42999993],[149071.02899966,170784.90900043],[149066.70000029,170789.42699988],[149065.96790372,170788.76726789],[149065.51584296,170788.35797946],[149063.48789693,170786.52603362],[149057.98435457,170781.55852424],[149056.4151671,170780.1421722]]]},"geometry_name":"GEOM","properties":{"INSPIRE_ID":"https://databrussels.be/id/building/1645661","BLOCK_ID":"https://databrussels.be/id/block/27303","AREA":77},"bbox":[149056.4151671,170776.50302998,149071.02899966,170789.42699988]},{"type":"Feature","id":"Buildings.fid-1cd8d64c_1a02c0ead07_7aff","geometry":{"type":"Polygon","coordinates":[[[149221.04108,170911.928796],[149221.58070999,170912.66249949],[149230.74144319,170925.4031263],[149235.755,170932.367],[149246.93450465,170924.4162729],[149246.07096958,170923.55651178],[149248.29544297,170921.31235465],[149244.69277356,170917.67965679],[149240.0675584,170910.54866683],[149235.148107,170901.932052],[149221.04108,170911.928796]]]},"geometry_name":"GEOM","properties":{"INSPIRE_ID":"https://databrussels.be/id/building/1645663","BLOCK_ID":"https://databrussels.be/id/block/24916","AREA":408},"bbox":[149221.04108,170901.932052,149248.29544297,170932.367]},{"type":"Feature","id":"Buildings.fid-1cd8d64c_1a02c0ead07_7b06","geometry":{"type":"Polygon","coordinates":[[[149363.58328055,170908.36807788],[149364.56536126,170904.37335509],[149368.723,170905.478],[149367.644,170909.501],[149363.58328055,170908.36807788]]]},"geometry_name":"GEOM","properties":{"INSPIRE_ID":"https://databrussels.be/id/building/1645673","BLOCK_ID":"https://databrussels.be/id/block/26133","AREA":18},"bbox":[149363.58328055,170904.37335509,149368.723,170909.501]},{"type":"Feature","id":"Buildings.fid-1cd8d64c_1a02c0ead07_7b97","geometry":{"type":"Polygon","coordinates":[[[149008.47200017,170892.46699988],[149019.15938627,170886.11433318],[149024.72288088,170882.69091843],[149027.23174294,170881.13740315],[149031.66999982,170888.27999972],[149028.1712677,170890.32744894],[149026.22708232,170886.99355548],[149021.98606357,170889.62651851],[149022.89044193,170891.23400171],[149018.31735685,170894.30659074],[149018.70787171,170894.96696466],[149017.73734254,170895.62491517],[149015.9042102,170896.76920834],[149012.49358666,170898.89821625],[149012.157,170898.341],[149008.47200017,170892.46699988]]]},"geometry_name":"GEOM","properties":{"INSPIRE_ID":"https://databrussels.be/id/building/1645674","BLOCK_ID":"https://databrussels.be/id/block/26066","AREA":147},"bbox":[149008.47200017,170881.13740315,149031.66999982,170898.89821625]},{"type":"Feature","id":"Buildings.fid-1cd8d64c_1a02c0ead07_7b66","geometry":{"type":"Polygon","coordinates":[[[149010.64999976,170746.7199996],[149013.54837634,170742.16721055],[149016.94889148,170735.13001978],[149017.05134276,170734.85887056],[149021.32438185,170736.51019397],[149021.96706824,170734.82545083],[149017.63652942,170733.1490544],[149019.20121858,170728.76365945],[149019.64537498,170728.89632451],[149023.16899977,170719.15199984],[149028.92200013,170721.55399977],[149026.11998126,170728.08382803],[149023.7451867,170733.62241065],[149021.77032544,170737.88357314],[149019.93731555,170740.06992966],[149016.44852048,170744.23125465],[149012.52353098,170748.91285862],[149010.33760951,170747.22449843],[149010.64999976,170746.7199996]]]},"geometry_name":"GEOM","properties":{"INSPIRE_ID":"https://databrussels.be/id/building/1645677","BLOCK_ID":"https://databrussels.be/id/block/27303","AREA":150},"bbox":[149010.33760951,170719.15199984,149028.92200013,170748.91285862]},{"type":"Feature","id":"Buildings.fid-1cd8d64c_1a02c0ead07_7b63","geometry":{"type":"Polygon","coordinates":[[[149009.33999973,170737.16000027],[149007.45,170736.8],[149009.64,170730.05],[149009.97,170730.11],[149010.63,170726.65],[149009.54999988,170726.21000028],[149010.6218102,170721.34681006],[149009.62649357,170720.96439581],[149011.56899962,170714.99299981],[149016.15200033,170716.72399966],[149012.08010414,170730.97581896],[149011.51022083,170732.9828134],[149010.24636057,170737.38764361],[149009.33999973,170737.16000027]]]},"geometry_name":"GEOM","properties":{"INSPIRE_ID":"https://databrussels.be/id/building/1645682","BLOCK_ID":"https://databrussels.be/id/block/27303","AREA":78},"bbox":[149007.45,170714.99299981,149016.15200033,170737.38764361]},{"type":"Feature","id":"Buildings.fid-1cd8d64c_1a02c0ead07_7b2b","geometry":{"type":"Polygon","coordinates":[[[149055.64,170699.71],[149073.58,170701.02],[149073.39,170704.56],[149073.07,170710.4],[149098.93,170725.16],[149101.28,170726.49],[149103.48,170727.73],[149104.316,170728.279],[149106.848,170724.422],[149112.504,170728.132],[149106.463,170737.055],[149108.31,170738.306],[149103.27,170745.75],[149092.79,170738.989],[149047.8,170713.66],[149055.64,170699.71]]]},"geometry_name":"GEOM","properties":{"INSPIRE_ID":"https://databrussels.be/id/building/1645701","BLOCK_ID":"https://databrussels.be/id/block/26734","AREA":1093},"bbox":[149047.8,170699.71,149112.504,170745.75]},{"type":"Feature","id":"Buildings.fid-1cd8d64c_1a02c0ead07_7afb","geometry":{"type":"Polygon","coordinates":[[[149183.098499,170833.133037],[149184.997989,170833.177052],[149191.031701,170833.316866],[149193.76312,170835.803227],[149188.17,170841.79],[149189.08,170843.18],[149186.17,170843.15],[149186.15,170845.85],[149185.29,170846.94],[149183.14,170846.92],[149183.17,170844.55],[149183.76,170844.67],[149183.8,170839.12],[149183,170839.14],[149183.098499,170833.133037]]]},"geometry_name":"GEOM","properties":{"INSPIRE_ID":"https://databrussels.be/id/building/1645705","BLOCK_ID":"https://databrussels.be/id/block/26062","AREA":86},"bbox":[149183,170833.133037,149193.76312,170846.94]},{"type":"Feature","id":"Buildings.fid-1cd8d64c_1a02c0ead07_7b7c","geometry":{"type":"Polygon","coordinates":[[[148999.72,170586.78],[149000,170586.855],[149011.77,170590.02],[149010.59,170596.93],[149004.38,170595.41],[149000.66,170594.13],[149000,170594.02],[148999.26,170593.91],[148999.71,170591.05],[148998.68,170590.7],[148999.72,170586.78]]]},"geometry_name":"GEOM","properties":{"INSPIRE_ID":"https://databrussels.be/id/building/1645706","BLOCK_ID":"https://databrussels.be/id/block/25522","AREA":86},"bbox":[148998.68,170586.78,149011.77,170596.93]},{"type":"Feature","id":"Buildings.fid-1cd8d64c_1a02c0ead07_7b9f","geometry":{"type":"Polygon","coordinates":[[[149024.399,170917.301],[149028.81000038,170914.21999963],[149030.71999965,170917.30000003],[149032.24299989,170916.348],[149034.37244316,170920.47017901],[149036.33427389,170926.13328451],[149036.581545,170926.847068],[149032.514763,170928.177801],[149030.52997664,170927.38527741],[149024.399,170917.301]]]},"geometry_name":"GEOM","properties":{"INSPIRE_ID":"https://databrussels.be/id/building/1645710","BLOCK_ID":"https://databrussels.be/id/block/26066","AREA":87},"bbox":[149024.399,170914.21999963,149036.581545,170928.177801]},{"type":"Feature","id":"Buildings.fid-1cd8d64c_1a02c0ead07_7b53","geometry":{"type":"Polygon","coordinates":[[[149318.31,170682.2],[149321.991,170675.878],[149327.219,170679.141],[149323.25,170685.54],[149318.31,170682.2]]]},"geometry_name":"GEOM","properties":{"INSPIRE_ID":"https://databrussels.be/id/building/1645717","BLOCK_ID":"https://databrussels.be/id/block/23649","AREA":45},"bbox":[149318.31,170675.878,149327.219,170685.54]},{"type":"Feature","id":"Buildings.fid-1cd8d64c_1a02c0ead07_7b8a","geometry":{"type":"Polygon","coordinates":[[[149023.4,170526.75],[149034.66113,170532.783792],[149034.801757,170532.860106],[149036.471324,170529.405452],[149024.6,170523.82],[149024.33,170523.7],[149025.43,170521.3],[149021.26478154,170519.5946376],[149017.2558388,170517.95325906],[149015.66621052,170522.12035059],[149020.76006687,170524.96094753],[149022.34198534,170525.84306681],[149022.21501994,170526.13408549],[149023.4,170526.75]]]},"geometry_name":"GEOM","properties":{"INSPIRE_ID":"https://databrussels.be/id/building/1645719","BLOCK_ID":"https://databrussels.be/id/block/26073","AREA":90},"bbox":[149015.66621052,170517.95325906,149036.471324,170532.860106]},{"type":"Feature","id":"Buildings.fid-1cd8d64c_1a02c0ead07_7b87","geometry":{"type":"Polygon","coordinates":[[[149015.07065392,170546.18874228],[149013.17905319,170549.82694226],[149023.665527,170556.114068],[149025.72,170551.42],[149015.07065392,170546.18874228]]]},"geometry_name":"GEOM","properties":{"INSPIRE_ID":"https://databrussels.be/id/building/1650378","BLOCK_ID":"https://databrussels.be/id/block/25522","AREA":55},"bbox":[149013.17905319,170546.18874228,149025.72,170556.114068]},{"type":"Feature","id":"Buildings.fid-1cd8d64c_1a02c0ead07_7bb1","geometry":{"type":"Polygon","coordinates":[[[148981.51,170557.66],[148989.76,170549.97],[149000,170556.2],[149001.62,170557.19],[149001.43,170557.52],[149001.83,170557.77],[149007.5722,170561.1745],[149010.1735,170562.6882],[149019.01,170567.83],[149016.71,170573.96],[149012.438,170572.273],[149011.8416,170572.0357],[149004.0023,170568.9332],[149000,170567.35],[148997.5696,170566.2547],[148990.7017,170562.7853],[148982.8937,170558.4331],[148981.51,170557.66]]]},"geometry_name":"GEOM","properties":{"INSPIRE_ID":"https://databrussels.be/id/building/1650414","BLOCK_ID":"https://databrussels.be/id/block/25522","AREA":332},"bbox":[148981.51,170549.97,149019.01,170573.96]},{"type":"Feature","id":"Buildings.fid-1cd8d64c_1a02c0ead07_7af8","geometry":{"type":"Polygon","coordinates":[[[149169.30054035,170971.45750597],[149171.200289,170980.787965],[149172.647686,170987.896734],[149173.00571024,170989.63014629],[149193.22000019,170987.77000027],[149192.57,170983.75],[149188.66,170984.83],[149187.89,170981.21],[149190.23,170980.83],[149188.7,170975.28],[149190.12,170972.83],[149193.69,170972.07],[149193.19,170968.95],[149194.43,170968.75],[149193.16,170962.75],[149202.47965386,170956.03231435],[149197.56255105,170949.09884933],[149197.36229738,170948.79190702],[149194.89257917,170945.31543314],[149193.64746974,170943.56276747],[149188.00389672,170935.618649],[149180.394509,170941.090629],[149178.295129,170942.652418],[149176.350724,170944.422527],[149174.591083,170946.37641],[149173.040591,170948.484147],[149171.325224,170951.779138],[149169.95882,170955.255797],[149168.967231,170958.857321],[149168.32594152,170963.12348584],[149168.26576416,170964.0774729],[149168.2967218,170965.64033676],[149168.45705471,170967.19526202],[149168.74445484,170968.72633648],[149168.933709,170969.655844],[149169.30054035,170971.45750597]]]},"geometry_name":"GEOM","properties":{"INSPIRE_ID":"https://databrussels.be/id/building/1650416","BLOCK_ID":"https://databrussels.be/id/block/24916","AREA":1128},"bbox":[149168.26576416,170935.618649,149202.47965386,170989.63014629]},{"type":"Feature","id":"Buildings.fid-1cd8d64c_1a02c0ead07_7b5b","geometry":{"type":"Polygon","coordinates":[[[148994.382,170795.999],[148994.468,170796.172],[148996.367,170799.051],[148994.1507426,170800.24754289],[148998.65,170808.51],[148999.99999985,170810.2500001],[149009.28584634,170822.28241737],[149013.41999968,170820.48000035],[149008.74,170813.16],[149007.38,170810.8],[149005.53,170811.87],[149002.45,170806.54],[149004.11,170805.58],[149003.1599999,170803.94999957],[149002.76061342,170803.33334628],[149000.51065945,170804.6082375],[149000.00000024,170803.51999959],[148998.33,170800],[148999.46,170799.28],[148996.49,170794.65],[148994.96,170795.64],[148994.382,170795.999]]]},"geometry_name":"GEOM","properties":{"INSPIRE_ID":"https://databrussels.be/id/building/1650421","BLOCK_ID":"https://databrussels.be/id/block/27303","AREA":132},"bbox":[148994.1507426,170794.65,149013.41999968,170822.28241737]},{"type":"Feature","id":"Buildings.fid-1cd8d64c_1a02c0ead07_7af1","geometry":{"type":"Polygon","coordinates":[[[149160.77159146,170824.63161591],[149162.86919802,170822.15134099],[149169.452128,170815.852233],[149170.95586586,170817.1288677],[149170.879379,170817.218944],[149171.030151,170817.34697],[149170.589575,170817.916503],[149170.797792,170818.621572],[149171.114037,170819.019299],[149170.921461,170819.240855],[149171.090217,170819.387537],[149163.850362,170827.71688],[149160.77159146,170824.63161591]]]},"geometry_name":"GEOM","properties":{"INSPIRE_ID":"https://databrussels.be/id/building/1651405","BLOCK_ID":"https://databrussels.be/id/block/26066","AREA":49},"bbox":[149160.77159146,170815.852233,149171.114037,170827.71688]},{"type":"Feature","id":"Buildings.fid-1cd8d64c_1a02c0ead07_7b89","geometry":{"type":"Polygon","coordinates":[[[149015.07065392,170546.18874228],[149017.133324,170542.221517],[149026.610052,170547.364696],[149027.083338,170548.885362],[149025.72,170551.42],[149015.07065392,170546.18874228]]]},"geometry_name":"GEOM","properties":{"INSPIRE_ID":"https://databrussels.be/id/building/1651406","BLOCK_ID":"https://databrussels.be/id/block/25522","AREA":50},"bbox":[149015.07065392,170542.221517,149027.083338,170551.42]},{"type":"Feature","id":"Buildings.fid-1cd8d64c_1a02c0ead07_7af2","geometry":{"type":"Polygon","coordinates":[[[149161.10000095,170864.35000494],[149160.81634934,170864.08520265],[149162.23082615,170862.51698907],[149161.83868154,170862.12294681],[149166.150748,170857.776543],[149168.345352,170859.977309],[149170.66554124,170862.1527005],[149164.86215431,170867.9625277],[149161.10000095,170864.35000494]]]},"geometry_name":"GEOM","properties":{"INSPIRE_ID":"https://databrussels.be/id/building/1651408","BLOCK_ID":"https://databrussels.be/id/block/26703","AREA":50},"bbox":[149160.81634934,170857.776543,149170.66554124,170867.9625277]},{"type":"Feature","id":"Buildings.fid-1cd8d64c_1a02c0ead07_7ba3","geometry":{"type":"Polygon","coordinates":[[[149008.4,170925.13],[149012.64,170923.19],[149014.82718916,170926.66330862],[149013.6737921,170927.10385203],[149016.93268587,170933.89317751],[149012.98217048,170935.46708346],[149008.4,170925.13]]]},"geometry_name":"GEOM","properties":{"INSPIRE_ID":"https://databrussels.be/id/building/1651410","BLOCK_ID":"https://databrussels.be/id/block/26722","AREA":50},"bbox":[149008.4,170923.19,149016.93268587,170935.46708346]},{"type":"Feature","id":"Buildings.fid-1cd8d64c_1a02c0ead07_7b3f","geometry":{"type":"Polygon","coordinates":[[[149124.11646508,170797.25125647],[149134.207,170785.113],[149140.861,170790.936],[149140.689,170791.09],[149130.41289715,170802.70678353],[149124.11646508,170797.25125647]]]},"geometry_name":"GEOM","properties":{"INSPIRE_ID":"https://databrussels.be/id/building/1651412","BLOCK_ID":"https://databrussels.be/id/block/26066","AREA":135},"bbox":[149124.11646508,170785.113,149140.861,170802.70678353]},{"type":"Feature","id":"Buildings.fid-1cd8d64c_1a02c0ead07_7ad9","geometry":{"type":"Polygon","coordinates":[[[149456.69900304,170842.0599956],[149466.72,170840.42],[149468.68000323,170851.66999665],[149455.69500307,170854.14899653],[149455.75498852,170853.61801527],[149456.69900304,170842.0599956]]]},"geometry_name":"GEOM","properties":{"INSPIRE_ID":"https://databrussels.be/id/building/1651413","BLOCK_ID":"https://databrussels.be/id/block/26093","AREA":135},"bbox":[149455.69500307,170840.42,149468.68000323,170854.14899653]},{"type":"Feature","id":"Buildings.fid-1cd8d64c_1a02c0ead07_7b08","geometry":{"type":"Polygon","coordinates":[[[149051.106,170817.016],[149051.43600027,170816.73600041],[149053.67300032,170814.95399969],[149055.97000028,170813.24999998],[149058.24899954,170811.51399968],[149060.42399954,170809.64899999],[149064.94299986,170804.93399992],[149069.22100028,170799.99999959],[149069.54799953,170799.59199969],[149069.75900013,170799.19499965],[149070.04656599,170798.9318065],[149073.08675089,170801.77499596],[149074.61392219,170803.18755059],[149077.22999967,170805.86000037],[149093.47886407,170822.95221757],[149091.53929893,170824.9100602],[149085.10659938,170831.40337832],[149091.08559983,170837.40552744],[149106.07000041,170822.97999974],[149109.93354449,170818.96259208],[149113.85373506,170822.50714252],[149116.37008651,170825.03075577],[149120.72930874,170829.12982574],[149116.37138205,170833.49171587],[149127.09506717,170844.37536886],[149131.50006868,170839.75244408],[149135.12925939,170843.37450944],[149142.760816,170851.001956],[149142.461477,170851.317069],[149142.678983,170851.523687],[149135.512955,170859.067333],[149133.493331,170857.136319],[149127.276341,170863.638593],[149118.284856,170873.042677],[149120.317949,170874.967913],[149112.86288,170882.840635],[149100.49603638,170870.88318434],[149103.08968069,170868.27446749],[149092.14816171,170857.09262219],[149084.18900871,170848.79254626],[149062.12530892,170826.17804443],[149059.42881375,170829.0056464],[149058.05925717,170830.18214116],[149055.82689742,170826.35579173],[149054.26743777,170823.61760712],[149052.81388466,170821.17769555],[149050.52560275,170817.33662124],[149051.106,170817.016]]]},"geometry_name":"GEOM","properties":{"INSPIRE_ID":"https://databrussels.be/id/building/1651423","BLOCK_ID":"https://databrussels.be/id/block/26066","AREA":2767},"bbox":[149050.52560275,170798.9318065,149142.760816,170882.840635]},{"type":"Feature","id":"Buildings.fid-1cd8d64c_1a02c0ead07_7add","geometry":{"type":"Polygon","coordinates":[[[149468.84,170787.12],[149472.31,170786.06],[149474.97999961,170794.74099973],[149470.03,170795.629],[149468.84,170787.12]]]},"geometry_name":"GEOM","properties":{"INSPIRE_ID":"https://databrussels.be/id/building/1651427","BLOCK_ID":"https://databrussels.be/id/block/23666","AREA":38},"bbox":[149468.84,170786.06,149474.97999961,170795.629]},{"type":"Feature","id":"Buildings.fid-1cd8d64c_1a02c0ead07_7adb","geometry":{"type":"Polygon","coordinates":[[[149464.03,170790.89],[149463.73,170788.72],[149468.43,170788.07],[149468.32,170787.28],[149468.84,170787.12],[149470.03,170795.629],[149465.16999999,170796.27999939],[149464.37,170790.99],[149464.03,170790.89]]]},"geometry_name":"GEOM","properties":{"INSPIRE_ID":"https://databrussels.be/id/building/1651429","BLOCK_ID":"https://databrussels.be/id/block/23666","AREA":39},"bbox":[149463.73,170787.12,149470.03,170796.27999939]},{"type":"Feature","id":"Buildings.fid-1cd8d64c_1a02c0ead07_7b38","geometry":{"type":"Polygon","coordinates":[[[149078.1021,170771.68774243],[149081.017,170774.34784243],[149077.703,170777.65284243],[149074.8191,170774.95064243],[149074.735,170774.87184243],[149074.086,170775.54184243],[149072.34880001,170773.89104243],[149071.231,170772.82884243],[149071.19300001,170772.79284243],[149073.6343,170770.44664243],[149073.8908,170770.71374243],[149075.4171,170769.23744243],[149076.257,170770.00384243],[149076.852,170770.54684243],[149078.1021,170771.68774243]]]},"geometry_name":"GEOM","properties":{"INSPIRE_ID":"https://databrussels.be/id/building/1651434","BLOCK_ID":"https://databrussels.be/id/block/27303","AREA":40},"bbox":[149071.19300001,170769.23744243,149081.017,170777.65284243]},{"type":"Feature","id":"Buildings.fid-1cd8d64c_1a02c0ead07_7af7","geometry":{"type":"Polygon","coordinates":[[[149167.670911,170841.372179],[149167.520548,170841.240304],[149173.821977,170834.055473],[149176.286069,170832.993004],[149183.098499,170833.133037],[149183,170839.14],[149183.8,170839.12],[149183.76,170844.67],[149183.17,170844.55],[149180.74,170844.52],[149179.88,170845.61],[149180.15,170846.23],[149180.15,170846.84],[149180.14,170847.5],[149179.88,170847.83],[149180.76,170848.53],[149182.9,170848.64],[149186.94,170851.89],[149186.29226794,170852.5824568],[149185.18239538,170853.76896419],[149185.82741957,170854.95195894],[149184.09972174,170855.96725133],[149177.90087729,170850.4925237],[149167.670911,170841.372179]]]},"geometry_name":"GEOM","properties":{"INSPIRE_ID":"https://databrussels.be/id/building/1651453","BLOCK_ID":"https://databrussels.be/id/block/26062","AREA":213},"bbox":[149167.520548,170832.993004,149186.94,170855.96725133]},{"type":"Feature","id":"Buildings.fid-1cd8d64c_1a02c0ead07_7b0e","geometry":{"type":"Polygon","coordinates":[[[149105.203,170944.292],[149110.07,170945.34],[149114.79,170947.35],[149118.97,170950.22],[149122.58,170953.92],[149125.4,170958.39],[149127.25,170963.2],[149130.9220005,170975.70600019],[149132.79000077,170982.3300001],[149140.72059321,170979.94414631],[149140.24915995,170978.26922738],[149147.227987,170976.304928],[149144.218532,170965.521207],[149142.372104,170958.904936],[149141.38872921,170956.23609568],[149140.262947,170953.624133],[149137.183376,170954.933831],[149132.2313,170946.623559],[149133.889723,170945.325618],[149135.007965,170944.450441],[149133.69461827,170942.82569644],[149132.29634614,170941.26960051],[149130.81870124,170939.78866667],[149129.267885,170938.388794],[149127.64110437,170937.07189973],[149125.94688559,170935.8383129],[149124.19175628,170934.69304663],[149122.382722,170933.640421],[149118.67668503,170931.8674726],[149114.832283,170930.418808],[149111.853669,170929.625048],[149108.838881,170928.821648],[149109.225825,170926.273354],[149107.960398,170926.162585],[149107.936854,170926.431556],[149103.335853,170925.971971],[149103.340871,170925.746238],[149101.97095694,170925.57803763],[149101.938539,170925.846098],[149097.360281,170925.338438],[149097.37597941,170925.19908966],[149095.95704607,170925.00495925],[149095.92042,170925.272815],[149091.319341,170924.838755],[149091.36606186,170924.57101015],[149090.11803824,170924.44705984],[149090.089971,170924.725254],[149090.67825534,170936.71446037],[149091.87129265,170936.77646745],[149093.07454455,170955.29611764],[149093.48007491,170962.29998688],[149085.15990235,170962.99010254],[149085.55840769,170967.91432114],[149085.94715874,170970.74114938],[149087.34994917,170978.84001916],[149090.5536326,170990.01115923],[149101.90024234,170986.51008608],[149101.08004707,170983.79901277],[149104.37906057,170982.90500288],[149100.47,170968.35],[149100.01,170964.37],[149100.94,170944.14],[149105.203,170944.292]]]},"geometry_name":"GEOM","properties":{"INSPIRE_ID":"https://databrussels.be/id/building/1651455","BLOCK_ID":"https://databrussels.be/id/block/24321","AREA":1696},"bbox":[149085.15990235,170924.44705984,149147.227987,170990.01115923]},{"type":"Feature","id":"Buildings.fid-1cd8d64c_1a02c0ead07_7b0b","geometry":{"type":"Polygon","coordinates":[[[149057.0241,170930.752344],[149058.34018288,170935.64109505],[149060.36034747,170943.7147638],[149061.94476521,170949.93396132],[149059.06755226,170950.86208873],[149059.66187225,170952.9676641],[149057.67039103,170953.61135282],[149058.65613386,170956.52603834],[149062.38292146,170966.88100606],[149077.66695857,170963.8701202],[149085.15990235,170962.99010254],[149093.48007491,170962.29998688],[149093.07454455,170955.29611764],[149091.87129265,170936.77646745],[149090.67825534,170936.71446037],[149090.089971,170924.725254],[149076.14443,170927.249057],[149057.0241,170930.752344]]]},"geometry_name":"GEOM","properties":{"INSPIRE_ID":"https://databrussels.be/id/building/1651456","BLOCK_ID":"https://databrussels.be/id/block/24321","AREA":1200},"bbox":[149057.0241,170924.725254,149093.48007491,170966.88100606]},{"type":"Feature","id":"Buildings.fid-1cd8d64c_1a02c0ead07_7b45","geometry":{"type":"Polygon","coordinates":[[[149054.348,170574.506],[149054.442,170575.33],[149053.617,170575.424],[149053.523,170574.599],[149051.31,170574.18],[149043.26,170587.67],[149035.45,170583],[149042.1,170571.87],[149035.41,170567.77],[149030.067959,170564.435216],[149037.53448,170550.184621],[149043.0205993,170553.4415414],[149048.426381,170556.830134],[149053.1087304,170559.92540014],[149057.714885,170563.132955],[149056.19,170565.38],[149057.799,170567.296],[149058.572,170566.982],[149058.884,170567.751],[149058.115,170568.064],[149058.295,170570.276],[149059.115,170570.468],[149058.926,170571.276],[149058.118,170571.086],[149057.006,170573.057],[149057.562,170573.689],[149056.939,170574.237],[149056.391,170573.614],[149054.348,170574.506]]]},"geometry_name":"GEOM","properties":{"INSPIRE_ID":"https://databrussels.be/id/building/1651469","BLOCK_ID":"https://databrussels.be/id/block/23640","AREA":532},"bbox":[149030.067959,170550.184621,149059.115,170587.67]},{"type":"Feature","id":"Buildings.fid-1cd8d64c_1a02c0ead07_7b6a","geometry":{"type":"Polygon","coordinates":[[[149020.42493042,170776.3998754],[149021.71234216,170775.12980474],[149023.38000033,170772.99999964],[149026.16000041,170770.03999962],[149027.17188735,170768.79479547],[149030.74221475,170765.0866128],[149031.2483794,170765.48784725],[149032.93563601,170763.37845741],[149033.20810082,170763.58672889],[149038.04960785,170757.31240651],[149039.17221668,170755.57824415],[149041.05641137,170752.6291689],[149041.56508031,170753.07976421],[149043.14369863,170750.81696309],[149044.35982789,170749.07791819],[149048.3360092,170743.11705666],[149051.77282885,170737.71732097],[149052.08767133,170737.89743045],[149055.383,170732.627],[149060.512,170735.437],[149068.564,170739.877],[149072.952,170742.258],[149063.24000044,170754.05999978],[149061.80999993,170755.81999978],[149055.65467019,170751.51014718],[149040.19629414,170772.47820451],[149045.78296288,170776.84244934],[149041.29774634,170783.14493705],[149046.4539157,170786.64484744],[149045.81206845,170787.40744584],[149044.07889886,170787.61618905],[149042.5555469,170789.49789004],[149040.86880325,170791.58141852],[149020.42493042,170776.3998754]]]},"geometry_name":"GEOM","properties":{"INSPIRE_ID":"https://databrussels.be/id/building/1651480","BLOCK_ID":"https://databrussels.be/id/block/27303","AREA":927},"bbox":[149020.42493042,170732.627,149072.952,170791.58141852]},{"type":"Feature","id":"Buildings.fid-1cd8d64c_1a02c0ead07_7b33","geometry":{"type":"Polygon","coordinates":[[[149096.28995444,170772.96400563],[149098.81801679,170769.53736901],[149099.13657216,170769.79892727],[149100.47422693,170767.8483921],[149100.20407918,170767.65818029],[149104.58969237,170761.71227572],[149108.00900024,170764.05299977],[149098.65146183,170776.02540095],[149097.93637268,170775.49285591],[149095.78903503,170773.77468774],[149096.28995444,170772.96400563]]]},"geometry_name":"GEOM","properties":{"INSPIRE_ID":"https://databrussels.be/id/building/1651497","BLOCK_ID":"https://databrussels.be/id/block/26066","AREA":58},"bbox":[149095.78903503,170761.71227572,149108.00900024,170776.02540095]},{"type":"Feature","id":"Buildings.fid-1cd8d64c_1a02c0ead07_7af4","geometry":{"type":"Polygon","coordinates":[[[149163.88,170872.03],[149165.12000108,170870.7300056],[149166.38000086,170869.42000555],[149164.86215431,170867.9625277],[149170.66554124,170862.1527005],[149175.03559938,170866.25003324],[149167.75,170873.09],[149166.31999971,170874.43999955],[149163.88,170872.03]]]},"geometry_name":"GEOM","properties":{"INSPIRE_ID":"https://databrussels.be/id/building/1651501","BLOCK_ID":"https://databrussels.be/id/block/26703","AREA":61},"bbox":[149163.88,170862.1527005,149175.03559938,170874.43999955]},{"type":"Feature","id":"Buildings.fid-1cd8d64c_1a02c0ead07_7b92","geometry":{"type":"Polygon","coordinates":[[[148989.563,170863.158],[148998,170858.11],[149000,170856.92],[149003.75722438,170854.71117696],[149005.15543205,170853.8891888],[149009.88522779,170851.02112831],[149012.51608117,170855.6811334],[149009.34978992,170857.62111694],[149009.41999993,170857.73000036],[149006.57970557,170859.76770817],[149005.14055683,170857.39427743],[149000.95788928,170859.62480253],[149002.45000013,170862.42000027],[149000,170863.94],[148992.898,170868.351],[148989.563,170863.158]]]},"geometry_name":"GEOM","properties":{"INSPIRE_ID":"https://databrussels.be/id/building/1651506","BLOCK_ID":"https://databrussels.be/id/block/26066","AREA":123},"bbox":[148989.563,170851.02112831,149012.51608117,170868.351]},{"type":"Feature","id":"Buildings.fid-1cd8d64c_1a02c0ead07_7b1d","geometry":{"type":"Polygon","coordinates":[[[149140.342614,170871.046647],[149147.84191009,170863.18043134],[149156.18999968,170870.84000013],[149154.74000044,170872.49999988],[149154.51861215,170872.30150389],[149148.24937263,170878.90358378],[149140.342614,170871.046647]]]},"geometry_name":"GEOM","properties":{"INSPIRE_ID":"https://databrussels.be/id/building/1651509","BLOCK_ID":"https://databrussels.be/id/block/26703","AREA":124},"bbox":[149140.342614,170863.18043134,149156.18999968,170878.90358378]},{"type":"Feature","id":"Buildings.fid-1cd8d64c_1a02c0ead07_7ae1","geometry":{"type":"Polygon","coordinates":[[[149477.57782223,170830.16304669],[149478.15890998,170833.42496745],[149482.83829528,170832.56374689],[149483.25,170834.55],[149483.42,170834.52],[149483.64,170835.77],[149483.44,170835.91],[149483.24,170836.06],[149483.07,170836.22],[149482.87,170836.55],[149482.73,170836.92],[149482.62,170837.31],[149482.5,170837.82],[149482.43,170838.34],[149482.4,170838.87],[149482.42,170839.33],[149482.47,170839.8],[149482.56,170840.25],[149482.69,170840.63],[149482.86,170841],[149483.05,170841.35],[149483.32,170841.77],[149483.62,170842.17],[149483.96,170842.53],[149484.23,170842.78],[149484.52,170843.02],[149484.81,170843.25],[149485.68,170848.48],[149485.76,170848.94],[149490.65,170848.25],[149504,170846.37],[149501.69,170832.44],[149502.94,170832.26],[149502.10720424,170827.29172234],[149499.45870104,170827.69571903],[149489.36297957,170829.23569759],[149482.39605787,170830.50375898],[149482.23502544,170829.4941702],[149477.57782223,170830.16304669]]]},"geometry_name":"GEOM","properties":{"INSPIRE_ID":"https://databrussels.be/id/building/1651515","BLOCK_ID":"https://databrussels.be/id/block/26093","AREA":382},"bbox":[149477.57782223,170827.29172234,149504,170848.94]},{"type":"Feature","id":"Buildings.fid-1cd8d64c_1a02c0ead07_7b5c","geometry":{"type":"Polygon","coordinates":[[[149004.53287188,170824.51336757],[149009.28578286,170822.28240747],[149000,170810.25],[148998.65,170808.51],[148995.69394119,170810.71719058],[148997.00168135,170812.70964218],[148996.3967239,170813.09261979],[149004.53287188,170824.51336757]]]},"geometry_name":"GEOM","properties":{"INSPIRE_ID":"https://databrussels.be/id/building/1651533","BLOCK_ID":"https://databrussels.be/id/block/27303","AREA":80},"bbox":[148995.69394119,170808.51,149009.28578286,170824.51336757]},{"type":"Feature","id":"Buildings.fid-1cd8d64c_1a02c0ead07_7b42","geometry":{"type":"Polygon","coordinates":[[[149137.51619318,170804.32648785],[149145.317,170795.066],[149150.659,170799.631],[149142.41088493,170806.87724781],[149141.4102281,170807.97458331],[149137.51619318,170804.32648785]]]},"geometry_name":"GEOM","properties":{"INSPIRE_ID":"https://databrussels.be/id/building/1651534","BLOCK_ID":"https://databrussels.be/id/block/26066","AREA":75},"bbox":[149137.51619318,170795.066,149150.659,170807.97458331]},{"type":"Feature","id":"Buildings.fid-1cd8d64c_1a02c0ead07_7ba6","geometry":{"type":"Polygon","coordinates":[[[149040.6174,170936.5285],[149041.8882,170940.215],[149042.3104,170940.0566],[149044.3846,170945.6683],[149043.5838,170945.9067],[149040.7798,170946.8565],[149043.0932,170952.6491],[149037.7603057,170954.91540415],[149037.4000371,170955.02783401],[149035.86316502,170952.83251715],[149034.43236107,170949.36369581],[149030.60987811,170950.81236086],[149026.85323791,170941.49688632],[149040.6174,170936.5285]]]},"geometry_name":"GEOM","properties":{"INSPIRE_ID":"https://databrussels.be/id/building/1651537","BLOCK_ID":"https://databrussels.be/id/block/24321","AREA":187},"bbox":[149026.85323791,170936.5285,149044.3846,170955.02783401]},{"type":"Feature","id":"Buildings.fid-1cd8d64c_1a02c0ead07_7b46","geometry":{"type":"Polygon","coordinates":[[[149055.934,170663.556],[149055.54,170661.29],[149060.53,170660.41],[149060.12,170658.11],[149060.95,170656.85],[149064.78,170656.17],[149065.97,170656.96],[149066.33,170658.96],[149066.79,170658.88],[149067.45,170659.31],[149067.89,170658.64],[149068.07,170658.75],[149068.5,170658.14],[149070,170657.89],[149071.53,170658.95],[149071.8,170660.55],[149071.48,170661],[149071.71,170661.16],[149071.16,170661.81],[149072,170662.51],[149072.77,170662.38],[149073.5,170666.5],[149074.5,170666.32],[149076.94,170668.01],[149077.93,170673.5],[149076.18,170676.03],[149075.21,170676.2],[149076.02,170680.74],[149075.1,170680.9],[149073.81,170681.13],[149074.69,170686.07],[149066.88,170687.45],[149066.65,170686.11],[149060.13,170687.26],[149059.731,170684.995],[149058.353,170685.238],[149055.876,170681.004],[149053.683,170668.624],[149054.555,170663.799],[149055.934,170663.556]]]},"geometry_name":"GEOM","properties":{"INSPIRE_ID":"https://databrussels.be/id/building/1657076","BLOCK_ID":"https://databrussels.be/id/block/26734","AREA":549},"bbox":[149053.683,170656.17,149077.93,170687.45]},{"type":"Feature","id":"Buildings.fid-1cd8d64c_1a02c0ead07_7ad6","geometry":{"type":"Polygon","coordinates":[[[149450.444,170859.781],[149455.5,170861.21],[149455.41744941,170863.01244886],[149464.40606115,170863.42496568],[149464.20479865,170867.37580302],[149470.61000581,170867.7499928],[149470.21000518,170862.91999289],[149468.34194936,170863.10708586],[149468.08498879,170858.2011157],[149455.38,170858.92],[149455.31,170857.554],[149451.558,170857.154],[149450.444,170859.781]]]},"geometry_name":"GEOM","properties":{"INSPIRE_ID":"https://databrussels.be/id/building/1657379","BLOCK_ID":"https://databrussels.be/id/block/26093","AREA":101},"bbox":[149450.444,170857.154,149470.61000581,170867.7499928]},{"type":"Feature","id":"Buildings.fid-1cd8d64c_1a02c0ead07_7ad4","geometry":{"type":"Polygon","coordinates":[[[149472.5657,170885.9546],[149467.8919,170896.4948],[149444.2051,170886.1163],[149443.8149,170885.4839],[149445.2694,170876.609],[149446.4049,170871.1896],[149447.559,170866.19],[149448.396,170866.251],[149455.782,170866.791],[149461.765,170867.233],[149462.7979,170867.2935],[149458.4315,170877.2182],[149462.4731,170879.0244],[149463.0465,170877.7414],[149474.0309,170882.6504],[149472.5657,170885.9546]]]},"geometry_name":"GEOM","properties":{"INSPIRE_ID":"https://databrussels.be/id/building/1657421","BLOCK_ID":"https://databrussels.be/id/block/26093","AREA":522},"bbox":[149443.8149,170866.19,149474.0309,170896.4948]},{"type":"Feature","id":"Buildings.fid-1cd8d64c_1a02c0ead07_7b2f","geometry":{"type":"Polygon","coordinates":[[[149398.56,170767.89],[149401.76,170760.4],[149402.71,170758.17],[149404.27,170754.52],[149408.69,170744.66],[149409.04,170743.92],[149412.43,170746.19],[149414.41,170747.52],[149419.36,170750.83],[149422.85,170746.92],[149428.3,170750.28],[149429.24,170751.12],[149438.72,170760.03],[149426,170775.18],[149398.56,170767.89]],[[149409.96,170762.6],[149419.88,170765.16],[149422.48,170760.9],[149414.11,170755.8],[149409.96,170762.6]]]},"geometry_name":"GEOM","properties":{"INSPIRE_ID":"https://databrussels.be/id/building/1659813","BLOCK_ID":"https://databrussels.be/id/block/23666","AREA":676},"bbox":[149398.56,170743.92,149438.72,170775.18]},{"type":"Feature","id":"Buildings.fid-1cd8d64c_1a02c0ead07_7ad0","geometry":{"type":"Polygon","coordinates":[[[149502.045,170958.33],[149502.712,170964.656],[149501.837,170965.313],[149501.947,170966.208],[149482.983,170980.3],[149481.54,170981.337],[149474.485,170986.69],[149468.341,170984.023],[149466.651,170985.259],[149462.662,170983.551],[149462.404,170981.445],[149456.196,170978.75],[149455.516,170972.928],[149458.493,170969.698],[149451.743,170925.595],[149449.374,170925.863],[149447.472,170909.593],[149452.601,170905.783],[149468.038,170912.466],[149467.428,170913.859],[149474.231,170916.805],[149477.608,170918.284],[149478.983,170917.139],[149506.982,170929.297],[149508.663,170930.012],[149515.315,170932.895],[149515.565,170934.754],[149516.972,170935.372],[149517.779,170942.196],[149516.515,170943.15],[149516.993,170947.239],[149505.331,170955.888],[149503.893,170956.959],[149502.045,170958.33]],[[149470.54,170939.08],[149471.91,170951.63],[149483.4,170956.54],[149493.51,170949.05],[149492.15,170936.63],[149480.56,170931.67],[149470.54,170939.08]]]},"geometry_name":"GEOM","properties":{"INSPIRE_ID":"https://databrussels.be/id/building/1661105","BLOCK_ID":"https://databrussels.be/id/block/24290","AREA":2940},"bbox":[149447.472,170905.783,149517.779,170986.69]},{"type":"Feature","id":"Buildings.fid-1cd8d64c_1a02c0ead07_7b2d","geometry":{"type":"Polygon","coordinates":[[[149402.71,170758.17],[149400.54,170757.4],[149401.97,170753.43],[149404.27,170754.52],[149408.69,170744.66],[149409.04,170743.92],[149412.43,170746.19],[149414.23,170742.47],[149416.54,170743.89],[149415.96,170744.84],[149415.76,170744.72],[149414.41,170747.52],[149419.36,170750.83],[149422.85,170746.92],[149428.3,170750.28],[149429.24,170751.12],[149432.13,170745.86],[149425.172,170741.268],[149425.282,170741.1],[149424.678,170740.715],[149424.576,170740.887],[149421.507,170738.921],[149421.614,170738.752],[149421.025,170738.365],[149420.869,170738.552],[149408.248,170730.503],[149404.313,170731.783],[149402.319,170737.103],[149401.922,170738.16],[149402.072,170738.228],[149401.827,170738.901],[149401.57195336,170738.81197887],[149401.275,170739.587],[149401.422,170739.646],[149401.317,170739.922],[149401.604,170740.043],[149400.666,170742.767],[149400.172,170742.586],[149399.684,170743.921],[149400.178,170744.101],[149399.162,170746.791],[149398.661,170746.611],[149398.176,170747.953],[149398.677,170748.134],[149397.64,170750.825],[149397.146,170750.648],[149396.667,170751.988],[149397.16,170752.165],[149396.172,170754.88],[149395.635,170754.677],[149395.126,170756.026],[149395.663,170756.228],[149394.643,170758.914],[149394.12192648,170758.71600177],[149393.51201778,170760.32099343],[149394.032,170760.519],[149392.384,170764.935],[149391.863,170764.737],[149391.32701532,170766.17102297],[149398.56,170767.89],[149402.71,170758.17]]]},"geometry_name":"GEOM","properties":{"INSPIRE_ID":"https://databrussels.be/id/building/1661166","BLOCK_ID":"https://databrussels.be/id/block/23666","AREA":483},"bbox":[149391.32701532,170730.503,149432.13,170767.89]},{"type":"Feature","id":"Buildings.fid-1cd8d64c_1a02c0ead07_7b44","geometry":{"type":"Polygon","coordinates":[[[149039.76,170504.27],[149046.558231,170506.656605],[149047.124128,170505.256442],[149049.110194,170500.808602],[149042.06,170498.31],[149031.22,170494.26],[149028.32999958,170500.3300002],[149039.76,170504.27]]]},"geometry_name":"GEOM","properties":{"INSPIRE_ID":"https://databrussels.be/id/building/1661424","BLOCK_ID":"https://databrussels.be/id/block/26073","AREA":124},"bbox":[149028.32999958,170494.26,149049.110194,170506.656605]},{"type":"Feature","id":"Buildings.fid-1cd8d64c_1a02c0ead07_7b13","geometry":{"type":"Polygon","coordinates":[[[149110.96388816,170910.31887754],[149108.658188,170906.878303],[149108.966573,170903.789432],[149114.98328212,170897.54605902],[149118.88,170900.78],[149117.52000027,170902.35999976],[149110.96388816,170910.31887754]]]},"geometry_name":"GEOM","properties":{"INSPIRE_ID":"https://databrussels.be/id/building/1661442","BLOCK_ID":"https://databrussels.be/id/block/26703","AREA":61},"bbox":[149108.658188,170897.54605902,149118.88,170910.31887754]},{"type":"Feature","id":"Buildings.fid-1cd8d64c_1a02c0ead07_7b24","geometry":{"type":"Polygon","coordinates":[[[149315.641283,170691.652552],[149322.763,170701.198],[149331.2,170694.84],[149327.96,170691.79],[149326.17,170693.11],[149324.71,170691.12],[149326.51,170688.2],[149327.85,170689.03],[149332.82,170692.51],[149337.36203181,170685.6179442],[149332.31999996,170682.40999993],[149327.219,170679.141],[149323.25,170685.54],[149324.54,170686.34],[149323.7,170687.69],[149322.72,170686.35],[149321.19,170687.47],[149315.641283,170691.652552]]]},"geometry_name":"GEOM","properties":{"INSPIRE_ID":"https://databrussels.be/id/building/1663865","BLOCK_ID":"https://databrussels.be/id/block/23649","AREA":207},"bbox":[149315.641283,170679.141,149337.36203181,170701.198]},{"type":"Feature","id":"Buildings.fid-1cd8d64c_1a02c0ead07_7adf","geometry":{"type":"Polygon","coordinates":[[[149474.97999961,170794.74099973],[149479.53300028,170793.80099988],[149479.688,170794.451],[149482.94,170794.921],[149484.705,170792.459],[149480.549,170783.86],[149476.28,170785.48],[149476.1,170784.91],[149472.31,170786.06],[149474.97999961,170794.74099973]]]},"geometry_name":"GEOM","properties":{"INSPIRE_ID":"https://databrussels.be/id/building/1669502","BLOCK_ID":"https://databrussels.be/id/block/23666","AREA":91},"bbox":[149472.31,170783.86,149484.705,170794.921]},{"type":"Feature","id":"Buildings.fid-1cd8d64c_1a02c0ead07_7b7f","geometry":{"type":"Polygon","coordinates":[[[149004.38,170595.41],[149010.59,170596.93],[149010.17,170601.65],[149002.91,170600.9],[149004.38,170595.41]]]},"geometry_name":"GEOM","properties":{"INSPIRE_ID":"https://databrussels.be/id/building/1670745","BLOCK_ID":"https://databrussels.be/id/block/25522","AREA":35},"bbox":[149002.91,170595.41,149010.59,170601.65]},{"type":"Feature","id":"Buildings.fid-1cd8d64c_1a02c0ead07_7b47","geometry":{"type":"Polygon","coordinates":[[[149075.08,170652.49],[149075.25,170650.32],[149075.64,170645.4],[149075.79,170643.39],[149084.92,170644.1],[149084.88,170644.6],[149084.75,170646.24],[149084.21,170653.21],[149075.08,170652.49]]]},"geometry_name":"GEOM","properties":{"INSPIRE_ID":"https://databrussels.be/id/building/1673188","BLOCK_ID":"https://databrussels.be/id/block/26734","AREA":84},"bbox":[149075.08,170643.39,149084.92,170653.21]},{"type":"Feature","id":"Buildings.fid-1cd8d64c_1a02c0ead07_7ba7","geometry":{"type":"Polygon","coordinates":[[[149028.67,171000],[149021.046422,171005.522624],[149017.32580687,171000],[149012.627944,170993.026817],[149000,170974.73349278],[148998.320561,170972.300593],[149000.34625387,170970.92943584],[149003.66512238,170968.3978154],[149004.56073983,170969.63459294],[149008.31866337,170967.21057541],[149009.43641021,170968.86625718],[149017.2071507,170963.61176865],[149018.53036892,170965.6532837],[149015.25262161,170967.91796185],[149022.57868046,170978.6930803],[149023.25509357,170976.99064158],[149024.42395399,170975.70176983],[149026.58237434,170974.26702918],[149028.66332678,170973.27173319],[149030.46727207,170973.34543494],[149022.28464258,170961.54707935],[149022.72978632,170961.26178103],[149021.42522808,170959.24117487],[149025.96667944,170956.3035434],[149027.6735373,170955.43703481],[149026.73510587,170953.57837571],[149026.48332212,170953.04843388],[149022.23409839,170944.1048804],[149021.852603,170943.301928],[149026.85323052,170941.49686799],[149030.60987811,170950.81236086],[149034.43236107,170949.36369581],[149035.86316502,170952.83251715],[149037.4000371,170955.02783401],[149037.7603057,170954.91540415],[149056.11999979,170981.38999994],[149031.24999998,170998.25000047],[149028.67,171000]]]},"geometry_name":"GEOM","properties":{"INSPIRE_ID":"https://databrussels.be/id/building/1761444","BLOCK_ID":"https://databrussels.be/id/block/24321","AREA":1541},"bbox":[148998.320561,170941.49686799,149056.11999979,171005.522624]},{"type":"Feature","id":"Buildings.fid-1cd8d64c_1a02c0ead07_7b55","geometry":{"type":"Polygon","coordinates":[[[149443.968,170587.401],[149398.782,170602.069],[149398.8,170602.304],[149392.723,170604.27],[149392.528,170604.714],[149394.754,170610.062],[149394.587,170610.153],[149397.405998,170617.08302363],[149396.93792193,170617.30608265],[149397.99795874,170620.01108483],[149397.668,170620.179],[149400.472,170626.926],[149400.868,170626.808],[149404.165,170635.143],[149403.84505986,170635.28804909],[149404.559,170637.054],[149404.80797491,170636.99905187],[149406.07197668,170640.22603519],[149405.879,170640.308],[149406.68302705,170642.24708392],[149407.03401181,170642.10203991],[149408.159,170644.818],[149408.667,170644.608],[149411.47596946,170651.35500651],[149422.199,170646.932],[149424.389,170651.83],[149425.356,170652.228],[149444.4797,170643.7553],[149443.19,170640.0758],[149454.6148,170634.7907],[149447.6138,170611.5276],[149452.4926,170609.9848],[149450.8308,170605.1655],[149459.2201,170602.1978],[149455.46271294,170590.30994639],[149454.90079673,170590.50270774],[149454.39096102,170588.91202876],[149445.401,170591.817],[149443.968,170587.401]]]},"geometry_name":"GEOM","properties":{"INSPIRE_ID":"https://databrussels.be/id/building/1771528","BLOCK_ID":"https://databrussels.be/id/block/24320","AREA":2785},"bbox":[149392.528,170587.401,149459.2201,170652.228]},{"type":"Feature","id":"Buildings.fid-1cd8d64c_1a02c0ead07_7b52","geometry":{"type":"Polygon","coordinates":[[[149387.48,170651.57],[149388.496,170651.282],[149388.576,170651.56],[149389.114,170651.407],[149389.35,170652.234],[149388.272,170652.541],[149391.187,170666.224],[149391.786,170666.637],[149392.072,170666.593],[149392.458,170669.056],[149392.024,170669.145],[149392.13,170669.88],[149393.592,170679.45],[149393.723,170680.185],[149394.165,170680.112],[149394.558,170682.593],[149393.181,170682.892],[149393.364,170684.098],[149394.385,170684.858],[149393.489,170684.99],[149394.056,170688.848],[149394.952,170688.717],[149394.192,170689.738],[149394.298,170690.49],[149394.936,170691.452],[149394.74,170691.607],[149393.758,170692.248],[149393.24,170692.071],[149391.251,170693.391],[149391.074,170693.592],[149391.084,170693.733],[149391.186,170693.927],[149390.224,170694.555],[149390.003,170694.688],[149389.257,170693.532],[149388.727,170693.241],[149387.502,170693.586],[149387.944,170692.797],[149384.541,170690.891],[149384.099,170691.681],[149383.756,170690.452],[149382.692,170689.855],[149382.081,170690.817],[149379.969,170689.479],[149380.429,170688.753],[149361.992,170677.07],[149361.596,170677.695],[149357.203,170674.913],[149357.524,170674.406],[149345.717,170666.929],[149345.396,170667.436],[149341.02,170664.665],[149341.405,170664.056],[149323.807,170652.912],[149323.368,170653.605],[149321.256,170652.267],[149321.945,170651.171],[149322.129,170650.487],[149321.978,170650.424],[149320.787,170649.845],[149319.732,170649.045],[149318.853,170648.055],[149318.11,170646.488],[149317.663,170644.813],[149317.525,170643.085],[149317.587,170641.326],[149317.867,170639.588],[149318.362,170637.898],[149318.68,170637.109],[149319.154,170636.404],[149320.137,170635.014],[149321.364,170633.835],[149322.792,170632.909],[149324.369,170632.27],[149326.039,170631.939],[149326.621,170631.982],[149327.208,170631.292],[149326.888,170630.136],[149329.229,170629.306],[149329.32,170629.649],[149355.719,170621.204],[149355.547,170620.769],[149357.936,170619.969],[149358.194,170620.586],[149358.757,170620.362],[149358.884,170620.767],[149363.244,170619.367],[149363.109,170618.912],[149364.768,170618.383],[149364.872,170618.812],[149369.249,170617.322],[149369.123,170616.956],[149369.731,170616.748],[149369.535,170616.164],[149371.563,170615.496],[149371.643,170615.315],[149372.001,170615.435],[149372.159,170615.13],[149372.917,170615.492],[149372.227,170616.936],[149375.131,170618.323],[149375.821,170616.879],[149376.579,170617.241],[149376.477,170617.485],[149376.807,170617.673],[149376.708,170617.882],[149377.499,170619.88],[149377.039,170620.065],[149377.239,170620.609],[149376.883,170620.747],[149378.567,170624.901],[149378.924,170624.757],[149379.57,170626.341],[149379.192,170626.518],[149380.912,170630.651],[149381.247,170630.523],[149381.452,170631.069],[149381.933,170630.876],[149382.863,170633.209],[149382.716,170633.279],[149382.603,170633.332],[149382.654,170633.558],[149382.614,170633.762],[149382.499,170633.934],[149382.327,170634.05],[149386.768,170647.251],[149387.845,170646.944],[149388.08,170647.771],[149387.542,170647.925],[149387.621,170648.204],[149386.6,170648.49],[149387.48,170651.57]]]},"geometry_name":"GEOM","properties":{"INSPIRE_ID":"https://databrussels.be/id/building/1772960","BLOCK_ID":"https://databrussels.be/id/block/27914","AREA":3354},"bbox":[149317.525,170615.13,149394.952,170694.688]},{"type":"Feature","id":"Buildings.fid-1cd8d64c_1a02c0ead07_7b1b","geometry":{"type":"Polygon","coordinates":[[[149132.01445439,170813.60101603],[149133.6250873,170815.478814],[149136.41540788,170812.86639662],[149134.88489372,170811.06820817],[149132.01445439,170813.60101603]]]},"geometry_name":"GEOM","properties":{"INSPIRE_ID":"https://databrussels.be/id/building/1773544","BLOCK_ID":"https://databrussels.be/id/block/26066","AREA":9},"bbox":[149132.01445439,170811.06820817,149136.41540788,170815.478814]},{"type":"Feature","id":"Buildings.fid-1cd8d64c_1a02c0ead07_7ae6","geometry":{"type":"Polygon","coordinates":[[[149466.31,170703.58],[149463.1309838,170704.60160115],[149446.77056705,170670.83444491],[149447.39851289,170670.563949],[149447.08258501,170669.39361796],[149446.76665714,170668.22328692],[149446.75240121,170668.25134873],[149444.03215566,170668.93787458],[149435.42795607,170657.14366408],[149448.3171,170651.3349],[149461.9826,170645.2058],[149465.4246,170655.499],[149475.6689,170652.192],[149480.2426,170666.054],[149470.6484,170669.3029],[149480.3025,170698.9369],[149466.31,170703.58]]]},"geometry_name":"GEOM","properties":{"INSPIRE_ID":"https://databrussels.be/id/building/1776229","BLOCK_ID":"https://databrussels.be/id/block/24320","AREA":1395},"bbox":[149435.42795607,170645.2058,149480.3025,170704.60160115]},{"type":"Feature","id":"Buildings.fid-1cd8d64c_1a02c0ead07_7acd","geometry":{"type":"Polygon","coordinates":[[[149480.5891,170902.0791],[149487.1601,170886.8001],[149490.3501,170888.2601],[149493.9401,170880.9301],[149490.262,170879.257],[149490.4922,170878.6964],[149490.832,170877.869],[149493.768,170870.726],[149494.424,170870.996],[149495.971,170867.219],[149505.9457,170866.9136],[149496.557,170892.759],[149490.7639,170906.553],[149480.5891,170902.0791]],[[149485.8401,170896.2701],[149488.3901,170897.3501],[149489.6601,170894.3301],[149487.1001,170893.2601],[149485.8401,170896.2701]]]},"geometry_name":"GEOM","properties":{"INSPIRE_ID":"https://databrussels.be/id/building/1777123","BLOCK_ID":"https://databrussels.be/id/block/26093","AREA":385},"bbox":[149480.5891,170866.9136,149505.9457,170906.553]},{"type":"Feature","id":"Buildings.fid-1cd8d64c_1a02c0ead07_7b8e","geometry":{"type":"Polygon","coordinates":[[[149000.5806,170832.5608],[149004.5924,170831.2112],[149011.3895,170843.7356],[149013.8497,170848.2688],[149014.922,170850.302],[149014.51,170850.521],[149018.4626,170857.6968],[149017.3356,170858.4018],[149015.0543,170859.9102],[149014.8296,170859.4858],[149012.7026,170855.5868],[149012.5156,170855.6808],[149009.8846,170851.0208],[149009.8266,170850.4768],[149008.1756,170847.5058],[149007.3186,170845.5108],[149005.8075,170842.4375],[149000.5806,170832.5608]]]},"geometry_name":"GEOM","properties":{"INSPIRE_ID":"https://databrussels.be/id/building/1777125","BLOCK_ID":"https://databrussels.be/id/block/26066","AREA":131},"bbox":[149000.5806,170831.2112,149018.4626,170859.9102]},{"type":"Feature","id":"Buildings.fid-1cd8d64c_1a02c0ead07_7b29","geometry":{"type":"MultiPolygon","coordinates":[[[[149350.605,170709.69680035],[149350.9,170709.21000034],[149357.519,170698.39200034],[149387.5098,170717.24920035],[149389.1009,170722.11110035],[149379.4911,170747.34710034],[149377.2331,170751.55250034],[149375.0897,170754.85790035],[149372.0676,170758.42510034],[149368.7729,170761.26180034],[149367.8734,170760.93240034],[149366.4904,170761.80000035],[149366.0442,170761.79080035],[149363.3435,170763.23810034],[149361.5521,170763.46120034],[149360.097,170762.41900034],[149358.7403,170761.19460035],[149357.6803,170761.14860035],[149349.9569,170749.18840035],[149353.96,170746.65000034],[149353.07,170745.22000034],[149357.38,170742.55000035],[149359.4105,170739.61270035],[149359.9132,170737.43680034],[149366.6356,170719.91090035],[149350.605,170709.69680035]]]]},"geometry_name":"GEOM","properties":{"INSPIRE_ID":"https://databrussels.be/id/building/1780559","BLOCK_ID":"https://databrussels.be/id/block/23649","AREA":1352},"bbox":[149349.9569,170698.39200034,149389.1009,170763.46120034]},{"type":"Feature","id":"Buildings.fid-1cd8d64c_1a02c0ead07_7b4f","geometry":{"type":"Polygon","coordinates":[[[149242.33460522,170699.77218542],[149251.557241,170712.306211],[149252.56675187,170719.30477147],[149270.35277683,170695.52335319],[149269.917935,170694.130681],[149273.0306901,170690.55617351],[149274.70256295,170688.31292082],[149276.17354851,170685.93314156],[149277.4325389,170683.43456706],[149278.469992,170680.836255],[149279.58429386,170677.63598024],[149280.35180537,170674.33532072],[149280.763815,170670.97174],[149280.824394,170669.556374],[149277.022557,170668.453755],[149277.27024973,170666.79862543],[149277.320185,170665.670308],[149277.20907467,170664.3423857],[149276.960829,170662.862679],[149276.80277917,170662.22486798],[149276.620373,170661.593591],[149278.103057,170659.475365],[149274.425712,170657.079594],[149273.743376,170658.126932],[149272.550298,170657.276288],[149271.24563818,170656.6337481],[149269.818581,170656.353565],[149268.06289663,170656.22070582],[149266.31975738,170656.46878796],[149264.670849,170657.086186],[149262.203389,170658.607934],[149259.741397,170655.373002],[149258.435779,170656.024734],[149255.60144195,170657.64581605],[149252.92636079,170659.51806452],[149250.43272807,170661.62594718],[149248.141231,170663.951977],[149246.05264951,170666.45557772],[149244.17653444,170669.12210758],[149242.52553794,170671.93358402],[149241.110794,170674.871047],[149239.88988498,170678.18673998],[149238.99055391,170681.60370389],[149238.420989,170685.090828],[149238.314055,170685.919272],[149236.254223,170689.049349],[149234.97895608,170689.14605576],[149236.4779852,170700.79010647],[149242.33460522,170699.77218542]]]},"geometry_name":"GEOM","properties":{"INSPIRE_ID":"https://databrussels.be/id/building/1780674","BLOCK_ID":"https://databrussels.be/id/block/24279","AREA":1699},"bbox":[149234.97895608,170655.373002,149280.824394,170719.30477147]},{"type":"Feature","id":"Buildings.fid-1cd8d64c_1a02c0ead07_7ad5","geometry":{"type":"Polygon","coordinates":[[[149461.765,170867.233],[149455.782,170866.791],[149448.396,170866.251],[149447.559,170866.19],[149450.444,170859.781],[149455.5,170861.21],[149455.4174,170863.0124],[149464.4061,170863.425],[149464.2048,170867.3758],[149462.7979,170867.2935],[149461.765,170867.233]]]},"geometry_name":"GEOM","properties":{"INSPIRE_ID":"https://databrussels.be/id/building/1781944","BLOCK_ID":"https://databrussels.be/id/block/26093","AREA":74},"bbox":[149447.559,170859.781,149464.4061,170867.3758]},{"type":"Feature","id":"Buildings.fid-1cd8d64c_1a02c0ead07_7b0f","geometry":{"type":"Polygon","coordinates":[[[149091.83768767,170994.49345508],[149103.28605095,170991.0917291],[149101.90024234,170986.51008608],[149090.5536326,170990.01115923],[149091.83768767,170994.49345508]]]},"geometry_name":"GEOM","properties":{"INSPIRE_ID":"https://databrussels.be/id/building/1781949","BLOCK_ID":"https://databrussels.be/id/block/24321","AREA":56},"bbox":[149090.5536326,170986.51008608,149103.28605095,170994.49345508]},{"type":"Feature","id":"Buildings.fid-1cd8d64c_1a02c0ead07_7ade","geometry":{"type":"Polygon","coordinates":[[[149471.3548,170870.5415],[149471.6367,170867.7709],[149478.484,170867.91],[149481.3,170867.78],[149487.119,170867.451],[149490.587,170867.35],[149495.971,170867.219],[149494.424,170870.996],[149493.768,170870.726],[149490.832,170877.869],[149490.4922,170878.6964],[149471.3548,170870.5415]]]},"geometry_name":"GEOM","properties":{"INSPIRE_ID":"https://databrussels.be/id/building/1782013","BLOCK_ID":"https://databrussels.be/id/block/26093","AREA":162},"bbox":[149471.3548,170867.219,149495.971,170878.6964]},{"type":"Feature","id":"Buildings.fid-1cd8d64c_1a02c0ead07_7b7d","geometry":{"type":"Polygon","coordinates":[[[149013.64,170582.81],[149014.56999451,170579.68002628],[149001.41999951,170575.28999998],[149000.35676214,170578.47609349],[149013.64,170582.81]]]},"geometry_name":"GEOM","properties":{"INSPIRE_ID":"https://databrussels.be/id/building/1784310","BLOCK_ID":"https://databrussels.be/id/block/25522","AREA":46},"bbox":[149000.35676214,170575.28999998,149014.56999451,170582.81]},{"type":"Feature","id":"Buildings.fid-1cd8d64c_1a02c0ead07_7b83","geometry":{"type":"Polygon","coordinates":[[[149012,170539.47],[149008.60187967,170546.16772661],[149009.91875955,170546.99211806],[149009.56588538,170547.63935635],[149013.17905319,170549.82694226],[149015.07065392,170546.18874228],[149017.133324,170542.221517],[149012,170539.47]]]},"geometry_name":"GEOM","properties":{"INSPIRE_ID":"https://databrussels.be/id/building/1784311","BLOCK_ID":"https://databrussels.be/id/block/25522","AREA":48},"bbox":[149008.60187967,170539.47,149017.133324,170549.82694226]},{"type":"Feature","id":"Buildings.fid-1cd8d64c_1a02c0ead07_7b80","geometry":{"type":"Polygon","coordinates":[[[149008.43996348,170524.81163255],[149012.45666718,170516.09081945],[149010.96,170515.51],[149011.64,170513.77],[149009.01,170512.65],[149003.96003729,170522.39004518],[149008.43996348,170524.81163255]]]},"geometry_name":"GEOM","properties":{"INSPIRE_ID":"https://databrussels.be/id/building/1784312","BLOCK_ID":"https://databrussels.be/id/block/26073","AREA":51},"bbox":[149003.96003729,170512.65,149012.45666718,170524.81163255]},{"type":"Feature","id":"Buildings.fid-1cd8d64c_1a02c0ead07_7b9a","geometry":{"type":"Polygon","coordinates":[[[149009.437,170905.642],[149008.613,170904.3884],[149007.4452,170902.6118],[149006.4681,170901.1252],[149000.5767,170905.2398],[149000.7982,170905.5566],[148995.5732,170909.2081],[148995.1198,170908.398],[148994.4187,170907.1452],[148999.1168,170903.8619],[148998.4466,170902.903],[148998.083,170902.3827],[149004.40592803,170897.98803218],[149000.15904333,170891.7889746],[148989.00908514,170900.13902093],[148990.5294,170902.3241],[148988.0722,170904.0402],[148990.1655,170907.9277],[148992.52,170912.3],[148995.62,170917.47],[148997.544,170916.036],[148999.557,170914.538],[149001.04,170916.422],[149001.788,170915.842],[149003.27,170918.17],[149002.74526337,170918.54503137],[149005.0172203,170921.98303631],[149005.64999966,170921.61000016],[149009.89999952,170918.93000028],[149015.88700039,170915.16199972],[149013.33600034,170911.39699976],[149011.67720488,170908.94756755],[149009.437,170905.642]]]},"geometry_name":"GEOM","properties":{"INSPIRE_ID":"https://databrussels.be/id/building/1784460","BLOCK_ID":"https://databrussels.be/id/block/26722","AREA":386},"bbox":[148988.0722,170891.7889746,149015.88700039,170921.98303631]},{"type":"Feature","id":"Buildings.fid-1cd8d64c_1a02c0ead07_7b2c","geometry":{"type":"MultiPolygon","coordinates":[[[[149357.38,170742.55000035],[149353.07,170745.22000034],[149353.96,170746.65000034],[149349.9569,170749.18840035],[149341.0717,170735.42930034],[149341.4413,170735.18470035],[149340.137,170733.21300034],[149350.9802,170728.08080035],[149352.63,170727.30000034],[149358.3883,170736.88640034],[149359.9132,170737.43680034],[149359.4105,170739.61270035],[149357.38,170742.55000035]]]]},"geometry_name":"GEOM","properties":{"INSPIRE_ID":"https://databrussels.be/id/building/1785797","BLOCK_ID":"https://databrussels.be/id/block/23649","AREA":231},"bbox":[149340.137,170727.30000034,149359.9132,170749.18840035]},{"type":"Feature","id":"Buildings.fid-1cd8d64c_1a02c0ead07_7b54","geometry":{"type":"Polygon","coordinates":[[[149418.4594,170434.6144],[149419.8523,170438.233],[149420.795,170441.1557],[149421.4278,170443.1021],[149422.0657,170445.046],[149422.3863,170446.0165],[149422.8821,170447.5463],[149423.0138,170447.9586],[149423.3143,170448.93],[149423.6092,170449.9013],[149424.1919,170451.8433],[149424.9235,170454.3104],[149425.3436,170455.7267],[149425.6218,170456.7011],[149425.8769,170457.6832],[149426.3622,170459.6515],[149426.5931,170460.6303],[149427.0546,170462.6675],[149427.2762,170463.6497],[149428.544,170469.2685],[149429.0316,170471.4298],[149429.4425,170473.2507],[149429.875,170475.1736],[149430.1855,170476.5837],[149430.4991,170478.0317],[149430.8931,170479.931],[149431.3128,170481.8454],[149431.8979,170484.1272],[149432.5899,170486.6974],[149433.1468,170488.6408],[149434.0387,170491.554],[149435.1244,170495.0667],[149435.8257,170497.388],[149436.6752,170500.3256],[149437.2538,170502.2843],[149437.854,170504.2396],[149438.4749,170506.1904],[149440.148,170511.4342],[149442.4142,170518.537],[149442.9679,170520.2722],[149444.5557,170525.247],[149445.6725,170528.7289],[149446.755,170532.0801],[149447.8353,170535.4133],[149448.4658,170537.3426],[149448.4732,170537.3651],[149448.7831,170538.3027],[149449.4215,170540.2063],[149450.5257,170543.5102],[149450.67,170543.9422],[149451.2763,170545.7539],[149451.4551,170546.2854],[149452.4718,170549.2906],[149453.3662,170551.9207],[149453.5103,170552.344],[149453.8014,170553.16],[149454.301,170554.6337],[149454.9185,170556.503],[149455.2135,170557.4607],[149455.8267,170559.4467],[149456.0099,170560.3919],[149456.0787,170561.4609],[149456.0177,170562.5179],[149455.7963,170563.5395],[149455.4818,170564.4846],[149455.0232,170565.4538],[149454.4594,170566.2858],[149453.7757,170567.0933],[149452.9201,170567.807],[149452.1909,170568.2876],[149451.2761,170568.7271],[149449.3864,170569.4358],[149447.5635,170570.0571],[149445.7329,170570.6897],[149444.5872,170571.0857],[149443.9819,170571.2804],[149442.1895,170571.8926],[149441.2831,170572.1935],[149439.7562,170572.6924],[149432.8851,170574.925],[149425.9226,170577.172],[149424.3942,170577.6722],[149423.2284,170578.0545],[149421.2842,170578.6938],[149420.3122,170579.0135],[149418.368,170579.6529],[149416.1878,170580.3699],[149413.5077,170581.2514],[149411.5635,170581.8908],[149409.6194,170582.5302],[149407.6752,170583.1696],[149405.7311,170583.809],[149404.759,170584.1285],[149403.7872,170584.4491],[149401.8322,170585.0547],[149399.8693,170585.5395],[149398.8366,170585.7227],[149395.8633,170586.2489],[149394.8496,170586.3356],[149393.8321,170586.3426],[149392.8171,170586.2698],[149391.8108,170586.1176],[149390.8196,170585.887],[149389.8495,170585.5793],[149388.9065,170585.1966],[149387.9964,170584.7411],[149387.5187,170584.4501],[149386.4136,170583.7104],[149385.3547,170582.9058],[149384.3475,170582.0375],[149383.3907,170581.1135],[149382.4927,170580.1323],[149381.6551,170579.0991],[149380.881,170578.0176],[149380.1731,170576.8917],[149379.534,170575.7255],[149378.966,170574.5232],[149378.4712,170573.2892],[149377.0769,170569.9759],[149374.9547,170564.008],[149373.8462,170559.9964],[149373.0892,170557.8557],[149372.3367,170555.5321],[149371.6467,170553.1894],[149371.0198,170550.8301],[149370.6505,170549.3057],[149370.1674,170547.2181],[149369.6904,170545.2272],[149369.2611,170543.2267],[149369.0552,170542.1762],[149368.7953,170540.7137],[149368.55,170539.1941],[149368.2541,170537.1679],[149367.9793,170535.1386],[149367.7966,170533.742],[149367.4481,170531.0777],[149367.1134,170528.0286],[149366.9301,170525.9984],[149366.759,170523.9614],[149366.6553,170521.9202],[149366.5923,170519.8763],[149366.5236,170516.8108],[149366.5204,170515.6073],[149366.525,170513.7485],[149366.5281,170512.319],[149366.5317,170510.6895],[149366.5362,170508.6579],[149366.5448,170504.606],[149366.5389,170501.5681],[149366.5251,170500.5565],[149366.4829,170499.5482],[149366.4462,170498.9036],[149366.2506,170495.4677],[149366.1965,170494.5169],[149366.1247,170493.5124],[149366.0405,170492.5098],[149365.9857,170491.933],[149365.393,170486.7646],[149365.151,170484.7835],[149364.8767,170482.537],[149364.6164,170480.5467],[149364.47,170479.5539],[149364.2801,170478.3646],[149364.1,170477.2975],[149360.7887,170464.4345],[149360.5069,170463.0491],[149360.3025,170461.6497],[149360.1761,170460.2406],[149360.1345,170459.259],[149360.1276,170458.4499],[149360.2004,170457.6439],[149360.3523,170456.8489],[149360.5817,170456.0726],[149360.8865,170455.3227],[149361.2637,170454.6064],[149361.7095,170453.9307],[149362.0013,170453.5559],[149362.8493,170452.755],[149363.7501,170452.0141],[149364.6996,170451.3366],[149365.6933,170450.7258],[149366.374,170450.359],[149368.4953,170449.3215],[149371.1785,170448.1843],[149374.3808,170447.1316],[149375.5773,170446.6669],[149376.54,170446.3186],[149377.7032,170445.9176],[149378.4758,170445.6512],[149378.5479,170445.6266],[149381.8439,170444.5028],[149384.5759,170443.5713],[149386.967,170442.756],[149389.4378,170441.9136],[149391.5388,170441.1972],[149395.043,170440.0024],[149396.8996,170439.3694],[149398.4404,170438.844],[149403.4594,170437.1648],[149404.5162,170436.8167],[149405.4343,170436.5144],[149411.6713,170434.4604],[149413.4124,170433.9042],[149414.4023,170433.6438],[149415.4098,170433.4629],[149416.4077,170433.3075],[149417.144,170433.4569],[149417.8368,170433.8444],[149418.4594,170434.6144]],[[149406.7699,170535.3541],[149402.1293,170527.3737],[149401.3188,170526.3308],[149400.4265,170525.6367],[149399.4743,170525.2736],[149398.4355,170525.2065],[149397.0692,170525.3285],[149395.865,170525.6503],[149393.4037,170526.733],[149391.129,170527.8976],[149390.5563,170528.3213],[149389.909,170528.8211],[149389.2773,170529.3402],[149388.6621,170529.879],[149388.0676,170530.44],[149387.6609,170530.8617],[149386.8049,170531.8786],[149386.49,170532.3124],[149386.0405,170532.9947],[149385.6463,170533.7096],[149385.3658,170534.4767],[149385.1788,170535.2726],[149385.0306,170536.0766],[149384.9537,170536.8898],[149384.9842,170537.7063],[149385.0576,170538.5207],[149385.1479,170539.3333],[149385.2771,170540.1408],[149385.4388,170540.9426],[149385.7984,170542.5383],[149386.5533,170545.5287],[149386.7993,170546.5034],[149387.0726,170547.5513],[149387.4184,170548.8777],[149387.8497,170550.4555],[149388.2991,170552.0283],[149388.4451,170552.5146],[149388.7694,170553.5944],[149389.496,170555.9368],[149389.7437,170556.7161],[149390.253,170558.2705],[149390.514,170559.0456],[149390.5799,170559.2339],[149391.5603,170561.934],[149391.9326,170562.8787],[149392.2475,170563.6335],[149392.5828,170564.3794],[149392.9588,170565.1056],[149393.1107,170565.3483],[149393.3924,170565.7986],[149393.8793,170566.4554],[149394.4302,170567.0585],[149395.0152,170567.5445],[149395.7528,170568.0091],[149396.5071,170568.3191],[149397.2934,170568.5383],[149398.0985,170568.6686],[149398.9148,170568.6681],[149399.2569,170568.6244],[149399.7256,170568.5645],[149400.5298,170568.416],[149401.325,170568.2256],[149401.3565,170568.2155],[149402.1034,170567.975],[149403.1063,170567.6232],[149403.6469,170567.4336],[149405.1927,170566.899],[149406.7417,170566.3745],[149406.8542,170566.3375],[149408.2957,170565.8644],[149410.6155,170565.1149],[149413.2694,170564.2588],[149414.3744,170563.9024],[149414.5161,170563.8567],[149415.3317,170563.5915],[149416.8476,170563.0986],[149418.1871,170562.6582],[149419.1776,170562.3325],[149422.3032,170561.2793],[149424.5981,170560.4923],[149426.1448,170559.9603],[149427.7024,170559.461],[149428.4836,170559.2188],[149429.6724,170558.8759],[149430.0552,170558.7655],[149430.8381,170558.5289],[149431.6093,170558.2569],[149432.3629,170557.9392],[149433.087,170557.5599],[149433.7551,170557.0894],[149434.3702,170556.5505],[149434.9167,170555.9435],[149435.3135,170555.2312],[149435.5356,170554.4454],[149435.6725,170553.639],[149435.6696,170552.8254],[149435.3712,170552.0689],[149434.9492,170551.3683],[149434.4844,170550.696],[149433.9163,170550.1096],[149433.2601,170549.6227],[149432.5692,170549.1854],[149431.4953,170548.6168],[149430.1377,170548.051],[149428.8167,170547.5882],[149428.0371,170547.3423],[149425.6791,170546.6771],[149424.0995,170546.2637],[149422.8884,170545.9529],[149421.7273,170545.655],[149420.153,170545.2239],[149419.3707,170544.9921],[149419.159,170544.9247],[149418.6572,170544.765],[149418.5933,170544.7446],[149417.8223,170544.4769],[149417.0603,170544.1816],[149416.3062,170543.8652],[149416.1637,170543.801],[149415.5606,170543.529],[149414.8274,170543.1666],[149414.252,170542.8591],[149414.1062,170542.7811],[149414.0511,170542.7508],[149410.1416,170539.9194],[149409.5941,170539.3805],[149409.5581,170539.3454],[149409.452,170539.2344],[149408.9932,170538.754],[149408.4525,170538.1406],[149407.947,170537.4978],[149407.4883,170536.8211],[149407.0996,170536.1022],[149406.7699,170535.3541]],[[149394.8567,170495.9868],[149395.655,170496.1634],[149396.4294,170496.4246],[149396.8593,170496.6201],[149397.1736,170496.7631],[149397.6848,170497.0623],[149397.8786,170497.1758],[149398.5267,170497.6723],[149399.0795,170498.2709],[149399.5089,170498.963],[149399.8409,170499.6562],[149399.8609,170499.6979],[149400.1628,170500.4547],[149400.4234,170501.2272],[149400.6618,170502.0074],[149400.8089,170502.5215],[149400.8864,170502.7923],[149401.0723,170503.5883],[149401.2075,170504.394],[149401.3224,170505.2029],[149401.4229,170506.0144],[149401.5012,170506.828],[149401.5421,170507.4754],[149402.3118,170509.6394],[149403.4595,170511.5838],[149404.22,170512.3187],[149405.0712,170512.7407],[149405.9307,170513.0571],[149407.097,170513.1916],[149407.9255,170513.0837],[149409.4741,170512.332],[149411.4566,170510.9072],[149413.557,170508.921],[149415.6456,170506.3938],[149417.3404,170503.827],[149417.5435,170503.044],[149417.7253,170502.2561],[149417.8975,170501.2248],[149417.9699,170500.6601],[149418.0391,170499.8547],[149418.0781,170499.0463],[149418.0846,170498.2361],[149418.0734,170497.8978],[149418.0577,170497.426],[149418.0027,170496.6179],[149417.9269,170495.8114],[149417.8317,170495.0084],[149417.6979,170494.2166],[149417.5353,170493.4354],[149417.3626,170492.6575],[149417.176,170491.8813],[149416.9707,170491.1059],[149416.7839,170490.4164],[149416.5503,170489.554],[149416.2197,170488.2442],[149416.1565,170487.9936],[149415.9668,170487.2149],[149415.78,170486.4398],[149415.4133,170484.8983],[149415.2268,170484.1241],[149414.8495,170482.5696],[149414.6708,170481.7923],[149414.4747,170480.8843],[149414.3351,170480.2383],[149414.0156,170478.6808],[149413.5434,170476.3407],[149413.3798,170475.5632],[149413.2161,170474.789],[149413.054,170474.0192],[149412.89,170473.2555],[149412.8786,170473.2131],[149412.6863,170472.4999],[149412.3917,170471.762],[149412.0317,170471.0435],[149411.5969,170470.3668],[149411.3311,170470.1492],[149410.9813,170469.8628],[149410.272,170469.4375],[149409.5655,170469.2358],[149408.9225,170469.2311],[149408.6904,170469.2293],[149407.8678,170469.5263],[149407.2091,170470.032],[149406.5764,170470.6058],[149406.4312,170470.7676],[149406.0391,170471.2042],[149405.5267,170471.8374],[149405.0579,170472.5051],[149404.6245,170473.1974],[149404.2257,170473.9108],[149403.8478,170474.6355],[149403.3597,170475.6081],[149402.7488,170476.8253],[149402.3828,170477.556],[149402.0083,170478.2828],[149401.6086,170478.996],[149401.1257,170479.6544],[149401.0909,170479.6858],[149400.5196,170480.2013],[149400.2485,170480.3868],[149399.8446,170480.663],[149399.1115,170481.0212],[149398.3161,170481.2033],[149397.4095,170481.1923],[149396.7018,170481.0414],[149395.9414,170480.7422],[149395.4041,170480.4299],[149395.2358,170480.332],[149394.6131,170479.8037],[149394.0732,170479.19],[149393.5797,170478.5378],[149393.127,170477.8571],[149392.7355,170477.1397],[149392.4476,170476.5619],[149391.9798,170475.6221],[149391.6478,170474.9414],[149390.936,170473.4686],[149390.5723,170472.736],[149389.8216,170471.2828],[149389.0496,170469.8409],[149388.6568,170469.1237],[149388.2552,170468.4116],[149387.4298,170467.0012],[149387.0104,170466.3008],[149386.5839,170465.6063],[149385.7061,170464.2402],[149384.797,170462.8224],[149384.1297,170462.262],[149383.4319,170461.8904],[149382.6361,170461.7519],[149381.8407,170461.8204],[149381.0732,170462.0992],[149380.3523,170462.5253],[149379.7683,170463.1256],[149379.3122,170463.8141],[149378.9832,170464.5635],[149378.797,170465.4219],[149378.6773,170466.4911],[149378.6915,170467.0251],[149378.7628,170467.8341],[149378.8518,170468.638],[149378.9779,170469.4319],[149379.1287,170470.216],[149379.286,170470.9955],[149379.4455,170471.771],[149379.7678,170473.3141],[149379.8892,170473.9292],[149380.0744,170474.8678],[149380.3749,170476.4277],[149380.6748,170477.9911],[149380.8181,170478.7765],[149381.0774,170480.3593],[149381.2343,170481.4097],[149381.3351,170482.147],[149381.4166,170482.744],[149381.5212,170483.5366],[149381.627,170484.3238],[149381.7334,170485.1046],[149381.8311,170485.8886],[149381.914,170486.6813],[149381.9864,170487.4789],[149382.057,170488.2788],[149382.1368,170489.0787],[149382.3201,170490.6763],[149382.3247,170490.7095],[149382.4318,170491.4713],[149382.5807,170492.2577],[149382.7629,170493.0363],[149383.0089,170493.7972],[149383.3585,170494.5176],[149383.8406,170495.1582],[149384.441,170495.6944],[149385.1481,170496.0824],[149385.391,170496.1474],[149385.932,170496.2921],[149386.7403,170496.3829],[149387.5538,170496.3822],[149388.3656,170496.3225],[149388.6996,170496.2845],[149389.1749,170496.2305],[149389.9823,170496.1156],[149391.598,170495.881],[149391.9463,170495.8533],[149392.4122,170495.8162],[149392.6634,170495.82],[149393.2297,170495.8285],[149393.8687,170495.8709],[149394.0458,170495.8826],[149394.8567,170495.9868]]]},"geometry_name":"GEOM","properties":{"INSPIRE_ID":"https://databrussels.be/id/building/1786906","BLOCK_ID":"https://databrussels.be/id/block/23684","AREA":7675},"bbox":[149360.1276,170433.3075,149456.0787,170586.3426]},{"type":"Feature","id":"Buildings.fid-1cd8d64c_1a02c0ead07_7b8d","geometry":{"type":"Polygon","coordinates":[[[149039.37,170869.67],[149025.45,170878.27],[149027.232,170881.137],[149024.723,170882.691],[149022.964,170879.803],[149017.82,170882.98],[149016.85,170881.41],[149013.3733,170883.6602],[149014.26,170885.1],[149006.706,170889.887],[149003.403,170885.061],[149003.248,170885.12],[149002.751,170884.359],[149000.837,170881.431],[149000.38,170880.668],[149000.626,170880.563],[149000,170879.553],[148996.256,170873.513],[149000,170870.43],[149000.08,170870.37],[149001.01,170871.82],[149004.25,170869.74],[149003.9,170869.19],[149007.48,170866.89],[149006.56,170865.46],[149008.941,170863.493],[149013.578,170859.886],[149013.771,170860.224],[149015.0703,170862.5809],[149018.4846,170860.403],[149017.336,170858.402],[149018.463,170857.697],[149014.51,170850.521],[149014.922,170850.302],[149013.85,170848.269],[149013.226,170847.12],[149011.534,170844.002],[149011.39,170843.736],[149009.2064,170839.7122],[149004.593,170831.211],[149009.211,170829.671],[149013.91,170838.54],[149015.49,170841.51],[149017.542,170845.379],[149021.26,170852.39],[149022.56,170854.84],[149032.8267,170848.2562],[149031.5535,170846.2484],[149030.12,170847.17],[149022.35,170835.07],[149021.07,170836.02],[149017.07,170827.62],[149017,170827.48],[149049.3585,170814.2019],[149051.106,170817.016],[149050.526,170817.337],[149052.814,170821.178],[149054.267,170823.618],[149049.958,170826.419],[149051.526,170828.926],[149055.827,170826.356],[149058.059,170830.182],[149059.429,170829.006],[149062.246,170834.504],[149060.525,170835.366],[149059.209,170832.544],[149056.999,170833.867],[149062.617,170843.118],[149061.076,170844.15],[149064.715,170849.921],[149074.865,170866.191],[149076.999,170864.78],[149082.496,170872.485],[149087.079,170869.507],[149088.65,170872.07],[149081.47,170876.59],[149083.1711,170879.2876],[149085.55,170877.55],[149090.23,170882.89],[149089.4373,170883.3927],[149094.6039,170891.54],[149096.78,170890.16],[149101.448,170894.672],[149101.057,170895.012],[149101.1697,170895.1898],[149097.9185,170897.2515],[149097.6673,170896.8554],[149087.3187,170903.4178],[149087.57,170903.814],[149080.2917,170908.4295],[149080.0405,170908.0333],[149069.8685,170914.4838],[149070.1198,170914.8799],[149066.026,170917.343],[149061.284,170907.902],[149060.6,170906.54],[149060.005,170905.355],[149056.93,170899.717],[149063.52,170895.36],[149058.78,170888.03],[149055.175,170889.985],[149052.72,170885.86],[149052.1074,170884.8784],[149053.5982,170883.9569],[149042.35,170865.76],[149038.771,170868.0724],[149039.6826,170869.5002],[149039.37,170869.67]],[[149063.2167,170902.2224],[149063.8021,170903.1497],[149065.5482,170902.0576],[149064.9428,170901.1327],[149063.2167,170902.2224]],[[149058.6585,170886.1785],[149060.1807,170885.2175],[149058.5373,170882.6144],[149057.0708,170883.5402],[149058.6585,170886.1785]],[[149083.1313,170882.6252],[149084.3725,170881.838],[149083.1106,170879.8481],[149081.8695,170880.6352],[149083.1313,170882.6252]]]},"geometry_name":"GEOM","properties":{"INSPIRE_ID":"https://databrussels.be/id/building/1789596","BLOCK_ID":"https://databrussels.be/id/block/26066","AREA":4144},"bbox":[148996.256,170814.2019,149101.448,170917.343]},{"type":"Feature","id":"Buildings.fid-1cd8d64c_1a02c0ead07_7b0c","geometry":{"type":"Polygon","coordinates":[[[149090.2300001,170882.88999987],[149085.55000026,170877.55000035],[149089.63,170873.58],[149088.65000026,170872.06999974],[149087.079469,170869.50749995],[149082.49627532,170872.48481242],[149076.99877556,170864.77952947],[149074.86479396,170866.19128747],[149064.71536675,170849.92062136],[149066.3035983,170848.81728118],[149065.82828333,170847.73137133],[149071.16732247,170845.04952191],[149075.26528549,170853.34278084],[149084.18900871,170848.79254626],[149092.14816171,170857.09262219],[149090.74492298,170858.50605896],[149100.49603638,170870.88318434],[149112.86288,170882.840635],[149109.678523,170886.137267],[149101.447735,170894.672107],[149096.78,170890.16],[149090.2300001,170882.88999987]],[[149072.493594,170858.60734235],[149076.6784837,170855.62932753],[149075.85259218,170854.28245901],[149071.14408074,170856.7094504],[149072.493594,170858.60734235]],[[149091.37,170879.35],[149094,170881.93],[149098.42,170877.41],[149095.79,170874.84],[149091.37,170879.35]]]},"geometry_name":"GEOM","properties":{"INSPIRE_ID":"https://databrussels.be/id/building/1792520","BLOCK_ID":"https://databrussels.be/id/block/26066","AREA":777},"bbox":[149064.71536675,170845.04952191,149112.86288,170894.672107]},{"type":"Feature","id":"Buildings.fid-1cd8d64c_1a02c0ead07_7acf","geometry":{"type":"Polygon","coordinates":[[[149467.8919,170896.4948],[149472.5657,170885.9546],[149478.3965,170888.519],[149479.6065,170885.7679],[149485.0135,170888.2042],[149482.9786,170892.8309],[149484.3138,170893.4181],[149480.589,170902.079],[149467.8919,170896.4948]]]},"geometry_name":"GEOM","properties":{"INSPIRE_ID":"https://databrussels.be/id/building/1796321","BLOCK_ID":"https://databrussels.be/id/block/26093","AREA":174},"bbox":[149467.8919,170885.7679,149485.0135,170902.079]},{"type":"Feature","id":"Buildings.fid-1cd8d64c_1a02c0ead07_7ae7","geometry":{"type":"Polygon","coordinates":[[[149448.3171,170651.3349],[149444.4797,170643.7553],[149443.19,170640.0758],[149454.6148,170634.7907],[149447.6138,170611.5276],[149452.4926,170609.9848],[149450.8308,170605.1655],[149459.2201,170602.1978],[149467.67708277,170627.9702543],[149475.6689,170652.192],[149465.4246,170655.499],[149461.9826,170645.2058],[149448.3171,170651.3349]]]},"geometry_name":"GEOM","properties":{"INSPIRE_ID":"https://databrussels.be/id/building/1799501","BLOCK_ID":"https://databrussels.be/id/block/24320","AREA":837},"bbox":[149443.19,170602.1978,149475.6689,170655.499]},{"type":"Feature","id":"Buildings.fid-1cd8d64c_1a02c0ead07_7b4e","geometry":{"type":"Polygon","coordinates":[[[149230.119,170555.978],[149242.52,170544.434],[149284.42,170505.302],[149286.6146,170503.4425],[149311.082,170485.297],[149311.254,170485.716],[149311.356,170485.881],[149318.432,170480.792],[149323.826,170477.988],[149324.172,170477.805],[149339.896,170469.519],[149341.201,170477.154],[149343.003,170487.427],[149344.401,170499.875],[149343.887,170515.288],[149341.551,170529.465],[149339.804,170536.615],[149335.935,170547.827],[149330.88,170559.689],[149324.232,170571.381],[149316.167,170583.87],[149309.667,170591.808],[149300.426,170600.43],[149295.045,170604.72],[149293.536,170605.785],[149290.346,170607.294],[149286.899,170608.048],[149283.371,170608.009],[149279.942,170607.179],[149276.787,170605.599],[149274.067,170603.352],[149230.119,170555.978]],[[149273.563,170578.045],[149281.584,170586.287],[149283.433,170585.179],[149284.789,170584.49],[149286.228,170584.397],[149287.698,170585.004],[149289.518,170586.778],[149295.092,170581.631],[149305.285,170569.566],[149302.625,170567.765],[149301.319,170568.109],[149299.738,170567.318],[149299.49,170566.033],[149302.111,170562.15],[149295.092,170555.712],[149286.588,170563.516],[149285.877,170564.168],[149286.955,170565.585],[149278.909,170573.07],[149276.891,170574.948],[149273.563,170578.045]],[[149306.373,170553.736],[149313.46,170557.665],[149318.355,170547.734],[149322.953,170535.393],[149315.516,170533.323],[149314.4328,170534.6507],[149310.436,170544.814],[149306.373,170553.736]]]},"geometry_name":"GEOM","properties":{"INSPIRE_ID":"https://databrussels.be/id/building/1801991","BLOCK_ID":"https://databrussels.be/id/block/27906","AREA":7874},"bbox":[149230.119,170469.519,149344.401,170608.048]},{"type":"Feature","id":"Buildings.fid-1cd8d64c_1a02c0ead07_7ada","geometry":{"type":"Polygon","coordinates":[[[149468.646,170710.691],[149470.854,170717.413],[149473.27,170724.769],[149475.15,170730.49],[149462.599,170730.656],[149462.179,170729.47],[149461.658,170727.999],[149456.975,170714.798],[149458.128,170714.417],[149457.746,170713.261],[149466.084,170710.508],[149466.39,170711.436],[149468.646,170710.691]]]},"geometry_name":"GEOM","properties":{"INSPIRE_ID":"https://databrussels.be/id/building/1805658","BLOCK_ID":"https://databrussels.be/id/block/24320","AREA":239},"bbox":[149456.975,170710.508,149475.15,170730.656]},{"type":"Feature","id":"Buildings.fid-1cd8d64c_1a02c0ead07_7aec","geometry":{"type":"Polygon","coordinates":[[[149481.4793,170618.7342],[149490.2261,170614.968],[149491.8312,170619.9043],[149483.2089,170622.6815],[149481.4793,170618.7342]]]},"geometry_name":"GEOM","properties":{"INSPIRE_ID":"https://databrussels.be/id/building/1805981","BLOCK_ID":"https://databrussels.be/id/block/24320","AREA":44},"bbox":[149481.4793,170614.968,149491.8312,170622.6815]},{"type":"Feature","id":"Buildings.fid-1cd8d64c_1a02c0ead07_7ae9","geometry":{"type":"Polygon","coordinates":[[[149481.4793,170618.7342],[149483.2089,170622.6815],[149467.67708277,170627.9702543],[149459.2201,170602.1978],[149458.29439278,170599.55313547],[149499.927,170585.6223],[149509.258,170613.841],[149491.8312,170619.9043],[149490.2261,170614.968],[149488.6236,170610.4036],[149484.1274,170596.3334],[149475.1468,170599.1765],[149481.4793,170618.7342]]]},"geometry_name":"GEOM","properties":{"INSPIRE_ID":"https://databrussels.be/id/building/1805982","BLOCK_ID":"https://databrussels.be/id/block/24320","AREA":1078},"bbox":[149458.29439278,170585.6223,149509.258,170627.9702543]},{"type":"Feature","id":"Buildings.fid-1cd8d64c_1a02c0ead07_7b99","geometry":{"type":"Polygon","coordinates":[[[149031.67,170888.28],[149032.5077,170889.5501],[149032.69,170889.43],[149032.97,170889.9],[149032.3575,170890.2967],[149025.1053,170894.9394],[149022.8904,170891.234],[149021.9861,170889.6265],[149026.2271,170886.9936],[149028.1713,170890.3274],[149031.67,170888.28]]]},"geometry_name":"GEOM","properties":{"INSPIRE_ID":"https://databrussels.be/id/building/1807222","BLOCK_ID":"https://databrussels.be/id/block/26066","AREA":40},"bbox":[149021.9861,170886.9936,149032.97,170894.9394]},{"type":"Feature","id":"Buildings.fid-1cd8d64c_1a02c0ead07_7b48","geometry":{"type":"Polygon","coordinates":[[[149096.974962,170500.803005],[149100.430323,170498.246023],[149106.432005,170506.345009],[149102.976645,170508.901991],[149096.974962,170500.803005]]]},"geometry_name":"GEOM","properties":{"INSPIRE_ID":"https://databrussels.be/id/building/1831001","BLOCK_ID":null,"AREA":43},"bbox":[149096.974962,170498.246023,149106.432005,170508.901991]}],"numberReturned":201,"grand_bruxelles_source":{"authority":"Paradigm / Brussels-Capital Region","service":"https://geoservices-urbis.irisnet.be/geoserver/urbisvector/wfs","layer":"urbisvector:Buildings","crs":"EPSG:31370","bbox":[149000.0,170500.0,149500.0,171000.0],"cell_id":"bxl-e149000-n170500-s500","ownership":"polygon_or_multipolygon_centroid_global_500m_cell"}}
