{"type":"FeatureCollection","totalFeatures":275,"numberMatched":275,"timeStamp":"2026-08-24T01:59:00.504Z","crs":{"type":"name","properties":{"name":"urn:ogc:def:crs:EPSG::31370"}},"bbox":[153482.877,168418.93,153860.93,169014.243],"features":[{"type":"Feature","id":"Buildings.fid-6b1d3889_1a03126b129_7c68","geometry":{"type":"Polygon","coordinates":[[[153556.25302171,168589.36985091],[153552.83838331,168584.36299396],[153550.06,168586.43],[153551.28,168588.09],[153546.73,168591.46],[153548.60309969,168593.98915999],[153552.42096205,168591.6838406],[153556.25302171,168589.36985091]]]},"geometry_name":"GEOM","properties":{"INSPIRE_ID":"https://databrussels.be/id/building/1580316","BLOCK_ID":"https://databrussels.be/id/block/25009","AREA":39},"bbox":[153546.73,168584.36299396,153556.25302171,168593.98915999]},{"type":"Feature","id":"Buildings.fid-6b1d3889_1a03126b129_7c18","geometry":{"type":"Polygon","coordinates":[[[153714.829,168573.187],[153716.107,168562.014],[153724.492,168562.995],[153723.223,168574.139],[153714.829,168573.187]]]},"geometry_name":"GEOM","properties":{"INSPIRE_ID":"https://databrussels.be/id/building/1581834","BLOCK_ID":"https://databrussels.be/id/block/25009","AREA":95},"bbox":[153714.829,168562.014,153724.492,168574.139]},{"type":"Feature","id":"Buildings.fid-6b1d3889_1a03126b129_7bfc","geometry":{"type":"Polygon","coordinates":[[[153715.892,168667.314],[153722.888,168668.816],[153722.129,168672.861],[153722.84,168672.92],[153721.65,168678.79],[153720.967,168678.649],[153720.817,168679.431],[153713.843,168678.039],[153715.892,168667.314]]]},"geometry_name":"GEOM","properties":{"INSPIRE_ID":"https://databrussels.be/id/building/1581858","BLOCK_ID":"https://databrussels.be/id/block/26259","AREA":82},"bbox":[153713.843,168667.314,153722.888,168679.431]},{"type":"Feature","id":"Buildings.fid-6b1d3889_1a03126b129_7cb2","geometry":{"type":"Polygon","coordinates":[[[153505.83999979,168691.53099955],[153505.569,168684.647],[153517.382,168684.083],[153517.69999999,168691.06900011],[153505.83999979,168691.53099955]]]},"geometry_name":"GEOM","properties":{"INSPIRE_ID":"https://databrussels.be/id/building/1581859","BLOCK_ID":"https://databrussels.be/id/block/23776","AREA":82},"bbox":[153505.569,168684.083,153517.69999999,168691.53099955]},{"type":"Feature","id":"Buildings.fid-6b1d3889_1a03126b129_7c2c","geometry":{"type":"Polygon","coordinates":[[[153638.368,168622.211],[153642.965,168617.748],[153645.82,168620.47],[153645.72,168620.58],[153646.63,168621.23],[153649.97,168616.52],[153654.15,168619.47],[153646.964,168629.595],[153642.001,168626.156],[153642.131,168625.914],[153638.368,168622.211]]]},"geometry_name":"GEOM","properties":{"INSPIRE_ID":"https://databrussels.be/id/building/1582793","BLOCK_ID":"https://databrussels.be/id/block/25647","AREA":100},"bbox":[153638.368,168616.52,153654.15,168629.595]},{"type":"Feature","id":"Buildings.fid-6b1d3889_1a03126b129_7c94","geometry":{"type":"Polygon","coordinates":[[[153570.81,168960.758],[153574.149,168948.282],[153580.75,168950],[153579.75,168953.82],[153580.73,168954.08],[153579.47,168958.88],[153578.5,168958.62],[153577.48,168962.5],[153570.81,168960.758]]]},"geometry_name":"GEOM","properties":{"INSPIRE_ID":"https://databrussels.be/id/building/1582896","BLOCK_ID":"https://databrussels.be/id/block/26825","AREA":94},"bbox":[153570.81,168948.282,153580.75,168962.5]},{"type":"Feature","id":"Buildings.fid-6b1d3889_1a03126b129_7c87","geometry":{"type":"Polygon","coordinates":[[[153516.81,168949.77],[153528.68,168949.29],[153528.73,168950.55],[153529.34,168950.53],[153529.52,168955.28],[153528.85,168955.31],[153528.91,168956.91],[153525.82,168957.05],[153517.1,168957.43],[153516.81,168949.77]]]},"geometry_name":"GEOM","properties":{"INSPIRE_ID":"https://databrussels.be/id/building/1582897","BLOCK_ID":"https://databrussels.be/id/block/26825","AREA":94},"bbox":[153516.81,168949.29,153529.52,168957.43]},{"type":"Feature","id":"Buildings.fid-6b1d3889_1a03126b129_7c92","geometry":{"type":"Polygon","coordinates":[[[153567.3,168946.5],[153574.149,168948.282],[153570.81,168960.758],[153564.04,168958.99],[153565.03,168955.21],[153563.95,168954.93],[153565.24,168950.05],[153566.3,168950.33],[153567.3,168946.5]]]},"geometry_name":"GEOM","properties":{"INSPIRE_ID":"https://databrussels.be/id/building/1582898","BLOCK_ID":"https://databrussels.be/id/block/26825","AREA":96},"bbox":[153563.95,168946.5,153574.149,168960.758]},{"type":"Feature","id":"Buildings.fid-6b1d3889_1a03126b129_7c9c","geometry":{"type":"Polygon","coordinates":[[[153608.334,168955.25],[153616.134,168957.3],[153612.29,168971.93],[153609.31,168971.15],[153609.15,168971.77],[153604.32,168970.52],[153604.47,168969.96],[153607.08,168960.02],[153606.69,168959.91],[153607.29,168957.69],[153607.67,168957.8],[153608.334,168955.25]]]},"geometry_name":"GEOM","properties":{"INSPIRE_ID":"https://databrussels.be/id/building/1583473","BLOCK_ID":"https://databrussels.be/id/block/26825","AREA":126},"bbox":[153604.32,168955.25,153616.134,168971.93]},{"type":"Feature","id":"Buildings.fid-6b1d3889_1a03126b129_7bf3","geometry":{"type":"Polygon","coordinates":[[[153642.149,168967.348],[153650.331,168969.47],[153647.069,168982.05],[153646.54,168981.91],[153639.47,168980.05],[153638.907,168979.903],[153642.149,168967.348]]]},"geometry_name":"GEOM","properties":{"INSPIRE_ID":"https://databrussels.be/id/building/1583476","BLOCK_ID":"https://databrussels.be/id/block/26825","AREA":110},"bbox":[153638.907,168967.348,153650.331,168982.05]},{"type":"Feature","id":"Buildings.fid-6b1d3889_1a03126b129_7bf4","geometry":{"type":"Polygon","coordinates":[[[153752.678,168986.754],[153750.7,168984.714],[153749.79,168985.595],[153746.057,168981.759],[153758.22599981,168969.92999951],[153763.946,168975.798],[153752.678,168986.754]]]},"geometry_name":"GEOM","properties":{"INSPIRE_ID":"https://databrussels.be/id/building/1583477","BLOCK_ID":"https://databrussels.be/id/block/24790","AREA":136},"bbox":[153746.057,168969.92999951,153763.946,168986.754]},{"type":"Feature","id":"Buildings.fid-6b1d3889_1a03126b129_7c8f","geometry":{"type":"Polygon","coordinates":[[[153538.93,168944.24],[153543.27,168945.36],[153544.76,168939.62],[153546.75,168940.13],[153549.16,168940.76],[153550.1,168941],[153550.35,168940.04],[153556.11,168941.53],[153555.93,168942.22],[153559.03,168943.02],[153557.86,168947.52],[153556.92,168947.27],[153554.51,168956.58],[153546.6,168954.53],[153546.8,168953.72],[153541.51,168952.35],[153541.37,168952.44],[153538.12,168946.79],[153538.93,168944.24]]]},"geometry_name":"GEOM","properties":{"INSPIRE_ID":"https://databrussels.be/id/building/1583515","BLOCK_ID":"https://databrussels.be/id/block/26825","AREA":221},"bbox":[153538.12,168939.62,153559.03,168956.58]},{"type":"Feature","id":"Buildings.fid-6b1d3889_1a03126b129_7c34","geometry":{"type":"Polygon","coordinates":[[[153778.84,168545.49],[153789.663,168547.059],[153789.33,168549.13],[153781.26,168547.85],[153775.79,168547.06],[153776.07,168545.09],[153778.84,168545.49]]]},"geometry_name":"GEOM","properties":{"INSPIRE_ID":"https://databrussels.be/id/building/1583534","BLOCK_ID":"https://databrussels.be/id/block/25009","AREA":28},"bbox":[153775.79,168545.09,153789.663,168549.13]},{"type":"Feature","id":"Buildings.fid-6b1d3889_1a03126b129_7c9e","geometry":{"type":"Polygon","coordinates":[[[153625.135,168961.309],[153633.183,168963.423],[153629.715,168976.636],[153621.667,168974.522],[153625.135,168961.309]]]},"geometry_name":"GEOM","properties":{"INSPIRE_ID":"https://databrussels.be/id/building/1583816","BLOCK_ID":"https://databrussels.be/id/block/26825","AREA":114},"bbox":[153621.667,168961.309,153633.183,168976.636]},{"type":"Feature","id":"Buildings.fid-6b1d3889_1a03126b129_7c5e","geometry":{"type":"Polygon","coordinates":[[[153668.66,168548.07],[153670.21,168547.91],[153670.43,168550.1],[153668.88,168550.26],[153668.66,168548.07]]]},"geometry_name":"GEOM","properties":{"INSPIRE_ID":"https://databrussels.be/id/building/1584467","BLOCK_ID":"https://databrussels.be/id/block/25009","AREA":3},"bbox":[153668.66,168547.91,153670.43,168550.26]},{"type":"Feature","id":"Buildings.fid-6b1d3889_1a03126b129_7c9b","geometry":{"type":"Polygon","coordinates":[[[153590.87,168950.334],[153598.946,168952.41],[153596.695,168961.161],[153597.686,168961.411],[153596.35,168966.625],[153595.382,168966.376],[153595.068,168967.557],[153594.31,168967.36],[153594.18,168967.85],[153587.57,168966.15],[153587.69,168965.69],[153586.972,168965.503],[153588.554,168959.319],[153588.005,168959.18],[153589.049,168955.186],[153589.579,168955.326],[153590.87,168950.334]]]},"geometry_name":"GEOM","properties":{"INSPIRE_ID":"https://databrussels.be/id/building/1584478","BLOCK_ID":"https://databrussels.be/id/block/26825","AREA":142},"bbox":[153586.972,168950.334,153598.946,168967.85]},{"type":"Feature","id":"Buildings.fid-6b1d3889_1a03126b129_7bf5","geometry":{"type":"Polygon","coordinates":[[[153678.994,168973.846],[153688.364,168976.674],[153685.276,168986.884],[153684.116,168986.534],[153682.855,168990.699],[153674.323,168988.126],[153675.784,168983.287],[153676.114,168983.387],[153678.994,168973.846]]]},"geometry_name":"GEOM","properties":{"INSPIRE_ID":"https://databrussels.be/id/building/1584479","BLOCK_ID":"https://databrussels.be/id/block/26825","AREA":143},"bbox":[153674.323,168973.846,153688.364,168990.699]},{"type":"Feature","id":"Buildings.fid-6b1d3889_1a03126b129_7bd4","geometry":{"type":"Polygon","coordinates":[[[153698.317,168979.926],[153706.794,168983.927],[153700.07,168998.208],[153691.48,168994.382],[153691.74,168993.802],[153691.02,168993.48],[153693.15,168988.95],[153693.909,168989.295],[153698.317,168979.926]]]},"geometry_name":"GEOM","properties":{"INSPIRE_ID":"https://databrussels.be/id/building/1584482","BLOCK_ID":"https://databrussels.be/id/block/26825","AREA":153},"bbox":[153691.02,168979.926,153706.794,168998.208]},{"type":"Feature","id":"Buildings.fid-6b1d3889_1a03126b129_7c5c","geometry":{"type":"Polygon","coordinates":[[[153762.2,168545.24],[153758.76,168544.93],[153758.98,168542.45],[153762.42,168542.76],[153762.2,168545.24]]]},"geometry_name":"GEOM","properties":{"INSPIRE_ID":"https://databrussels.be/id/building/1584502","BLOCK_ID":"https://databrussels.be/id/block/25009","AREA":9},"bbox":[153758.76,168542.45,153762.42,168545.24]},{"type":"Feature","id":"Buildings.fid-6b1d3889_1a03126b129_7cb9","geometry":{"type":"Polygon","coordinates":[[[153512.26899985,168698.82799968],[153518.03999983,168698.66000007],[153518.29,168704.607],[153512.478,168704.781],[153512.26899985,168698.82799968]]]},"geometry_name":"GEOM","properties":{"INSPIRE_ID":"https://databrussels.be/id/building/1584538","BLOCK_ID":"https://databrussels.be/id/block/23776","AREA":34},"bbox":[153512.26899985,168698.66000007,153518.29,168704.781]},{"type":"Feature","id":"Buildings.fid-6b1d3889_1a03126b129_7c65","geometry":{"type":"Polygon","coordinates":[[[153815.8,168543.63],[153814.43,168543.328],[153815.043,168540.284],[153816.45,168540.61],[153821.12,168541.62],[153820.47,168544.64],[153815.8,168543.63]]]},"geometry_name":"GEOM","properties":{"INSPIRE_ID":"https://databrussels.be/id/building/1585556","BLOCK_ID":"https://databrussels.be/id/block/25009","AREA":19},"bbox":[153814.43,168540.284,153821.12,168544.64]},{"type":"Feature","id":"Buildings.fid-6b1d3889_1a03126b129_7c30","geometry":{"type":"Polygon","coordinates":[[[153662.637,168637.735],[153664.606,168631.582],[153665.13,168631.75],[153666.37,168627.85],[153666.69,168626.805],[153670.378,168627.935],[153670.049,168629.019],[153672.73,168629.87],[153669.755,168640.002],[153669.63,168639.964],[153662.637,168637.735]]]},"geometry_name":"GEOM","properties":{"INSPIRE_ID":"https://databrussels.be/id/building/1585719","BLOCK_ID":"https://databrussels.be/id/block/25647","AREA":80},"bbox":[153662.637,168626.805,153672.73,168640.002]},{"type":"Feature","id":"Buildings.fid-6b1d3889_1a03126b129_7c6f","geometry":{"type":"Polygon","coordinates":[[[153577.937,168606.354],[153572.891,168597.282],[153579.424,168593.564],[153584.284,168602.801],[153577.937,168606.354]]]},"geometry_name":"GEOM","properties":{"INSPIRE_ID":"https://databrussels.be/id/building/1585730","BLOCK_ID":"https://databrussels.be/id/block/25009","AREA":77},"bbox":[153572.891,168593.564,153584.284,168606.354]},{"type":"Feature","id":"Buildings.fid-6b1d3889_1a03126b129_7c7e","geometry":{"type":"Polygon","coordinates":[[[153622.93,168557.02],[153622.09,168555.17],[153624.76,168553.96],[153625.59,168555.81],[153622.93,168557.02]]]},"geometry_name":"GEOM","properties":{"INSPIRE_ID":"https://databrussels.be/id/building/1586549","BLOCK_ID":"https://databrussels.be/id/block/25009","AREA":6},"bbox":[153622.09,168553.96,153625.59,168557.02]},{"type":"Feature","id":"Buildings.fid-6b1d3889_1a03126b129_7c46","geometry":{"type":"Polygon","coordinates":[[[153803.401,168680.355],[153806.971,168674.848],[153810.548,168677.111],[153812.279,168674.683],[153825.389,168683.803],[153820.552,168691.446],[153803.401,168680.355]]]},"geometry_name":"GEOM","properties":{"INSPIRE_ID":"https://databrussels.be/id/building/1586733","BLOCK_ID":"https://databrussels.be/id/block/24790","AREA":178},"bbox":[153803.401,168674.683,153825.389,168691.446]},{"type":"Feature","id":"Buildings.fid-6b1d3889_1a03126b129_7bfa","geometry":{"type":"Polygon","coordinates":[[[153659.62,168669.92],[153662.431,168661.094],[153669.263,168663.273],[153666.45,168672.07],[153659.62,168669.92]]]},"geometry_name":"GEOM","properties":{"INSPIRE_ID":"https://databrussels.be/id/building/1588599","BLOCK_ID":"https://databrussels.be/id/block/26259","AREA":66},"bbox":[153659.62,168661.094,153669.263,168672.07]},{"type":"Feature","id":"Buildings.fid-6b1d3889_1a03126b129_7c43","geometry":{"type":"Polygon","coordinates":[[[153856.74,168652.98],[153860.1,168652.06],[153860.93,168655.1],[153857.57,168656.02],[153856.74,168652.98]]]},"geometry_name":"GEOM","properties":{"INSPIRE_ID":"https://databrussels.be/id/building/1588610","BLOCK_ID":"https://databrussels.be/id/block/24790","AREA":11},"bbox":[153856.74,168652.06,153860.93,168656.02]},{"type":"Feature","id":"Buildings.fid-6b1d3889_1a03126b129_7c05","geometry":{"type":"Polygon","coordinates":[[[153746.812,168704.604],[153744.588,168703.126],[153748.031,168697.774],[153750.365,168699.317],[153758.421,168704.413],[153756.883,168706.763],[153757.559,168707.128],[153755.113,168710.828],[153746.425,168705.18],[153746.812,168704.604]]]},"geometry_name":"GEOM","properties":{"INSPIRE_ID":"https://databrussels.be/id/building/1588632","BLOCK_ID":"https://databrussels.be/id/block/26259","AREA":89},"bbox":[153744.588,168697.774,153758.421,168710.828]},{"type":"Feature","id":"Buildings.fid-6b1d3889_1a03126b129_7c24","geometry":{"type":"Polygon","coordinates":[[[153720.87,168607.05],[153721.781,168597.254],[153729.217,168597.986],[153728.256,168607.735],[153728.518,168609.12],[153728.785,168609.571],[153728.529,168611.352],[153728.297,168611.551],[153727.847,168611.734],[153724.8,168611.456],[153722.732,168607.223],[153720.87,168607.05]]]},"geometry_name":"GEOM","properties":{"INSPIRE_ID":"https://databrussels.be/id/building/1588640","BLOCK_ID":"https://databrussels.be/id/block/25647","AREA":92},"bbox":[153720.87,168597.254,153729.217,168611.734]},{"type":"Feature","id":"Buildings.fid-6b1d3889_1a03126b129_7c1f","geometry":{"type":"Polygon","coordinates":[[[153693.691,168594.529],[153695.93,168594.47],[153699.81,168594.345],[153699.926,168597.062],[153700.604,168597.052],[153700.736,168601.587],[153699.583,168601.637],[153699.78,168605.847],[153693.88,168606.131],[153693.691,168594.529]]]},"geometry_name":"GEOM","properties":{"INSPIRE_ID":"https://databrussels.be/id/building/1588641","BLOCK_ID":"https://databrussels.be/id/block/25647","AREA":73},"bbox":[153693.691,168594.345,153700.736,168606.131]},{"type":"Feature","id":"Buildings.fid-6b1d3889_1a03126b129_7c20","geometry":{"type":"Polygon","coordinates":[[[153687.393,168594.689],[153693.691,168594.529],[153693.88,168606.131],[153687.489,168606.299],[153687.393,168594.689]]]},"geometry_name":"GEOM","properties":{"INSPIRE_ID":"https://databrussels.be/id/building/1588644","BLOCK_ID":"https://databrussels.be/id/block/25647","AREA":74},"bbox":[153687.393,168594.529,153693.88,168606.299]},{"type":"Feature","id":"Buildings.fid-6b1d3889_1a03126b129_7c71","geometry":{"type":"Polygon","coordinates":[[[153579.424,168593.564],[153585.549,168590.078],[153590.663,168599.218],[153584.284,168602.801],[153579.424,168593.564]]]},"geometry_name":"GEOM","properties":{"INSPIRE_ID":"https://databrussels.be/id/building/1590732","BLOCK_ID":"https://databrussels.be/id/block/25009","AREA":75},"bbox":[153579.424,168590.078,153590.663,168602.801]},{"type":"Feature","id":"Buildings.fid-6b1d3889_1a03126b129_7c35","geometry":{"type":"Polygon","coordinates":[[[153836.921,168549.803],[153834.948,168558.524],[153824.53,168556.08],[153822.28540984,168555.45456577],[153823.20322315,168551.83032932],[153825.66226234,168552.47990026],[153826.85758868,168547.48052342],[153836.921,168549.803]]]},"geometry_name":"GEOM","properties":{"INSPIRE_ID":"https://databrussels.be/id/building/1592041","BLOCK_ID":"https://databrussels.be/id/block/25009","AREA":102},"bbox":[153822.28540984,168547.48052342,153836.921,168558.524]},{"type":"Feature","id":"Buildings.fid-6b1d3889_1a03126b129_7c3c","geometry":{"type":"Polygon","coordinates":[[[153775.75,168620.76],[153778.683,168608.203],[153785.939,168609.916],[153782.977,168622.463],[153775.75,168620.76]]]},"geometry_name":"GEOM","properties":{"INSPIRE_ID":"https://databrussels.be/id/building/1592042","BLOCK_ID":"https://databrussels.be/id/block/25647","AREA":96},"bbox":[153775.75,168608.203,153785.939,168622.463]},{"type":"Feature","id":"Buildings.fid-6b1d3889_1a03126b129_7cc8","geometry":{"type":"Polygon","coordinates":[[[153586.934,168769.855],[153590.25,168759.75],[153599.45,168762.785],[153596.625,168771.596],[153591.933,168769.945],[153591.49,168771.349],[153586.934,168769.855]]]},"geometry_name":"GEOM","properties":{"INSPIRE_ID":"https://databrussels.be/id/building/1592046","BLOCK_ID":"https://databrussels.be/id/block/23776","AREA":96},"bbox":[153586.934,168759.75,153599.45,168771.596]},{"type":"Feature","id":"Buildings.fid-6b1d3889_1a03126b129_7c29","geometry":{"type":"Polygon","coordinates":[[[153771.462,168606.5],[153778.683,168608.203],[153775.75,168620.76],[153768.273,168619.007],[153771.462,168606.5]]]},"geometry_name":"GEOM","properties":{"INSPIRE_ID":"https://databrussels.be/id/building/1592049","BLOCK_ID":"https://databrussels.be/id/block/25647","AREA":97},"bbox":[153768.273,168606.5,153778.683,168620.76]},{"type":"Feature","id":"Buildings.fid-6b1d3889_1a03126b129_7ca4","geometry":{"type":"Polygon","coordinates":[[[153611.92,168645.97],[153611.84,168645.88],[153611.02,168646.67],[153608.22,168643.77],[153609.99,168642.06],[153606.838,168638.796],[153615.523,168630.111],[153621.498,168636.375],[153611.92,168645.97]]]},"geometry_name":"GEOM","properties":{"INSPIRE_ID":"https://databrussels.be/id/building/1592103","BLOCK_ID":"https://databrussels.be/id/block/26259","AREA":116},"bbox":[153606.838,168630.111,153621.498,168646.67]},{"type":"Feature","id":"Buildings.fid-6b1d3889_1a03126b129_7c63","geometry":{"type":"Polygon","coordinates":[[[153830.18,168533.25],[153839.153,168535.105],[153839.877,168535.254],[153838.577,168541.687],[153827.172,168539.005],[153828.53,168532.88],[153830.18,168533.25]]]},"geometry_name":"GEOM","properties":{"INSPIRE_ID":"https://databrussels.be/id/building/1592710","BLOCK_ID":"https://databrussels.be/id/block/25009","AREA":75},"bbox":[153827.172,168532.88,153839.877,168541.687]},{"type":"Feature","id":"Buildings.fid-6b1d3889_1a03126b129_7c09","geometry":{"type":"Polygon","coordinates":[[[153747.984,168721.665],[153738.704,168715.589],[153742.616,168709.581],[153748.402,168713.35],[153751.944,168715.657],[153747.984,168721.665]]]},"geometry_name":"GEOM","properties":{"INSPIRE_ID":"https://databrussels.be/id/building/1592909","BLOCK_ID":"https://databrussels.be/id/block/26259","AREA":80},"bbox":[153738.704,168709.581,153751.944,168721.665]},{"type":"Feature","id":"Buildings.fid-6b1d3889_1a03126b129_7ce0","geometry":{"type":"Polygon","coordinates":[[[153543.84,168617.41],[153549.52,168612.742],[153556.349,168620.966],[153550.565,168625.833],[153543.84,168617.41]]]},"geometry_name":"GEOM","properties":{"INSPIRE_ID":"https://databrussels.be/id/building/1592910","BLOCK_ID":"https://databrussels.be/id/block/25009","AREA":80},"bbox":[153543.84,168612.742,153556.349,168625.833]},{"type":"Feature","id":"Buildings.fid-6b1d3889_1a03126b129_7cbf","geometry":{"type":"Polygon","coordinates":[[[153622.007,168718.787],[153633.996,168722.784],[153629.996,168734.971],[153629.524,168734.771],[153628.53,168737.846],[153618.28,168734.514],[153619.344,168731.244],[153618.123,168730.844],[153622.007,168718.787]]]},"geometry_name":"GEOM","properties":{"INSPIRE_ID":"https://databrussels.be/id/building/1592911","BLOCK_ID":"https://databrussels.be/id/block/23776","AREA":196},"bbox":[153618.123,168718.787,153633.996,168737.846]},{"type":"Feature","id":"Buildings.fid-6b1d3889_1a03126b129_7be9","geometry":{"type":"Polygon","coordinates":[[[153712.157,168910.624],[153700.457,168909.503],[153700.397,168910.178],[153697.072,168909.813],[153697.83,168904.01],[153699.13,168904.18],[153699.569,168900.767],[153702.633,168901.168],[153702.803,168899.919],[153707.734,168900.569],[153707.993,168898.617],[153713.435,168899.305],[153713.353,168900.065],[153712.157,168910.624]]]},"geometry_name":"GEOM","properties":{"INSPIRE_ID":"https://databrussels.be/id/building/1592920","BLOCK_ID":"https://databrussels.be/id/block/28021","AREA":148},"bbox":[153697.072,168898.617,153713.435,168910.624]},{"type":"Feature","id":"Buildings.fid-6b1d3889_1a03126b129_7c33","geometry":{"type":"Polygon","coordinates":[[[153705.256,168643.339],[153705.977,168638.247],[153706.727,168638.357],[153707.896,168630.149],[153714.01,168631.01],[153713.92,168631.7],[153718.91,168632.41],[153717.205,168644.553],[153714.431,168644.15],[153714.356,168644.455],[153705.256,168643.339]]]},"geometry_name":"GEOM","properties":{"INSPIRE_ID":"https://databrussels.be/id/building/1592923","BLOCK_ID":"https://databrussels.be/id/block/25647","AREA":149},"bbox":[153705.256,168630.149,153718.91,168644.553]},{"type":"Feature","id":"Buildings.fid-6b1d3889_1a03126b129_7bfd","geometry":{"type":"Polygon","coordinates":[[[153675.777,168671.559],[153683.914,168671.309],[153683.824,168669.068],[153688.974,168668.892],[153689.5,168682.435],[153683.83,168682.68],[153683.75,168680.84],[153675.97,168681.175],[153675.777,168671.559]]]},"geometry_name":"GEOM","properties":{"INSPIRE_ID":"https://databrussels.be/id/building/1592924","BLOCK_ID":"https://databrussels.be/id/block/26259","AREA":150},"bbox":[153675.777,168668.892,153689.5,168682.68]},{"type":"Feature","id":"Buildings.fid-6b1d3889_1a03126b129_7ca5","geometry":{"type":"Polygon","coordinates":[[[153566.21376995,168640.7507211],[153571.57300033,168636.3349998],[153577.563,168643.736],[153575.63,168645.35],[153576.51,168646.39],[153573.18999977,168649.16999992],[153566.21376995,168640.7507211]]]},"geometry_name":"GEOM","properties":{"INSPIRE_ID":"https://databrussels.be/id/building/1592949","BLOCK_ID":"https://databrussels.be/id/block/26259","AREA":72},"bbox":[153566.21376995,168636.3349998,153577.563,168649.16999992]},{"type":"Feature","id":"Buildings.fid-6b1d3889_1a03126b129_7c0b","geometry":{"type":"Polygon","coordinates":[[[153727.985,168726.456],[153731.132,168721.258],[153733.67,168722.87],[153735.302,168720.302],[153745.126,168726.536],[153740.705,168733.038],[153737.112,168730.494],[153736.181,168731.799],[153727.985,168726.456]]]},"geometry_name":"GEOM","properties":{"INSPIRE_ID":"https://databrussels.be/id/building/1592950","BLOCK_ID":"https://databrussels.be/id/block/26259","AREA":117},"bbox":[153727.985,168720.302,153745.126,168733.038]},{"type":"Feature","id":"Buildings.fid-6b1d3889_1a03126b129_7c28","geometry":{"type":"Polygon","coordinates":[[[153764.16099999,168609.78099999],[153764.87000001,168609.929],[153763.65999999,168614.379],[153762.99100001,168614.271],[153761.84500001,168618.722],[153753.275,168616.46400001],[153756.45899999,168604.01099999],[153765.14500001,168606.28299999],[153764.16099999,168609.78099999]]]},"geometry_name":"GEOM","properties":{"INSPIRE_ID":"https://databrussels.be/id/building/1592952","BLOCK_ID":"https://databrussels.be/id/block/25647","AREA":118},"bbox":[153753.275,168604.01099999,153765.14500001,168618.722]},{"type":"Feature","id":"Buildings.fid-6b1d3889_1a03126b129_7cb4","geometry":{"type":"Polygon","coordinates":[[[153638.314,168699.54],[153641.94,168687.52],[153650.618,168690.259],[153647.43,168702.508],[153638.314,168699.54]]]},"geometry_name":"GEOM","properties":{"INSPIRE_ID":"https://databrussels.be/id/building/1592953","BLOCK_ID":"https://databrussels.be/id/block/26259","AREA":118},"bbox":[153638.314,168687.52,153650.618,168702.508]},{"type":"Feature","id":"Buildings.fid-6b1d3889_1a03126b129_7c3d","geometry":{"type":"Polygon","coordinates":[[[153801.68,168613.23],[153803.24,168613.59],[153803.42,168612.79],[153810.28,168614.39],[153810.07,168615.28],[153813.649,168616.12],[153812.781,168619.869],[153813.901,168620.139],[153813.288,168622.791],[153812.158,168622.531],[153811.439,168625.631],[153803.06,168623.68],[153803.74,168620.77],[153800.13,168619.93],[153801.68,168613.23]]]},"geometry_name":"GEOM","properties":{"INSPIRE_ID":"https://databrussels.be/id/building/1592957","BLOCK_ID":"https://databrussels.be/id/block/25647","AREA":119},"bbox":[153800.13,168612.79,153813.901,168625.631]},{"type":"Feature","id":"Buildings.fid-6b1d3889_1a03126b129_7c27","geometry":{"type":"Polygon","coordinates":[[[153739.58,168613.81],[153739.63,168613.59],[153742.261,168601.935],[153745.659,168602.615],[153745.828,168601.716],[153748.737,168602.315],[153746.225,168615.151],[153739.58,168613.81]]]},"geometry_name":"GEOM","properties":{"INSPIRE_ID":"https://databrussels.be/id/building/1592984","BLOCK_ID":"https://databrussels.be/id/block/25647","AREA":83},"bbox":[153739.58,168601.716,153748.737,168615.151]},{"type":"Feature","id":"Buildings.fid-6b1d3889_1a03126b129_7bd9","geometry":{"type":"Polygon","coordinates":[[[153752.52,168788.85],[153754.03,168777.38],[153774.73,168780.11],[153773.25,168791.48],[153752.52,168788.85]]]},"geometry_name":"GEOM","properties":{"INSPIRE_ID":"https://databrussels.be/id/building/1592988","BLOCK_ID":"https://databrussels.be/id/block/24790","AREA":241},"bbox":[153752.52,168777.38,153774.73,168791.48]},{"type":"Feature","id":"Buildings.fid-6b1d3889_1a03126b129_7bee","geometry":{"type":"Polygon","coordinates":[[[153638.691,168938.313],[153641.484,168927.714],[153647.45,168929.24],[153648.01,168927.07],[153652.94,168928.33],[153653.51,168926.12],[153660.066,168927.796],[153656.278,168942.918],[153638.691,168938.313]]]},"geometry_name":"GEOM","properties":{"INSPIRE_ID":"https://databrussels.be/id/building/1592989","BLOCK_ID":"https://databrussels.be/id/block/28021","AREA":242},"bbox":[153638.691,168926.12,153660.066,168942.918]},{"type":"Feature","id":"Buildings.fid-6b1d3889_1a03126b129_7ccb","geometry":{"type":"Polygon","coordinates":[[[153560.9332304,168803.26925594],[153540.452,168801.923],[153539.952,168787.258],[153550.294,168788.021],[153550.213,168789.128],[153562.55442729,168790.09636476],[153560.9332304,168803.26925594]]]},"geometry_name":"GEOM","properties":{"INSPIRE_ID":"https://databrussels.be/id/building/1592990","BLOCK_ID":"https://databrussels.be/id/block/28021","AREA":300},"bbox":[153539.952,168787.258,153562.55442729,168803.26925594]},{"type":"Feature","id":"Buildings.fid-6b1d3889_1a03126b129_7ccf","geometry":{"type":"Polygon","coordinates":[[[153592.743,168799.807],[153593.768,168800.299],[153594.537,168798.592],[153609.969,168806.259],[153603.04,168819.722],[153588.09,168812.438],[153588.918,168810.748],[153587.927,168810.267],[153591.315,168803.303],[153591.101,168803.191],[153592.743,168799.807]]]},"geometry_name":"GEOM","properties":{"INSPIRE_ID":"https://databrussels.be/id/building/1592995","BLOCK_ID":"https://databrussels.be/id/block/28021","AREA":269},"bbox":[153587.927,168798.592,153609.969,168819.722]},{"type":"Feature","id":"Buildings.fid-6b1d3889_1a03126b129_7c8c","geometry":{"type":"Polygon","coordinates":[[[153528.78699991,168870.81600016],[153543.361,168870.219],[153544.633,168902.069],[153537.59,168902.35],[153536.6,168877.55],[153529.087,168877.858],[153528.78699991,168870.81600016]]]},"geometry_name":"GEOM","properties":{"INSPIRE_ID":"https://databrussels.be/id/building/1592997","BLOCK_ID":"https://databrussels.be/id/block/28021","AREA":278},"bbox":[153528.78699991,168870.219,153544.633,168902.35]},{"type":"Feature","id":"Buildings.fid-6b1d3889_1a03126b129_7cae","geometry":{"type":"Polygon","coordinates":[[[153578.56,168679.772],[153582.838,168666.929],[153591.122,168669.621],[153587.028,168682.532],[153578.56,168679.772]]]},"geometry_name":"GEOM","properties":{"INSPIRE_ID":"https://databrussels.be/id/building/1593027","BLOCK_ID":"https://databrussels.be/id/block/26259","AREA":119},"bbox":[153578.56,168666.929,153591.122,168682.532]},{"type":"Feature","id":"Buildings.fid-6b1d3889_1a03126b129_7bdb","geometry":{"type":"Polygon","coordinates":[[[153636.992,168793.748],[153641.531,168783.03],[153650.77,168786.76],[153651.34,168785.36],[153652.18,168785.69],[153650.88,168788.96],[153649.946,168788.671],[153646.358,168797.482],[153636.992,168793.748]]]},"geometry_name":"GEOM","properties":{"INSPIRE_ID":"https://databrussels.be/id/building/1593028","BLOCK_ID":"https://databrussels.be/id/block/23776","AREA":120},"bbox":[153636.992,168783.03,153652.18,168797.482]},{"type":"Feature","id":"Buildings.fid-6b1d3889_1a03126b129_7be1","geometry":{"type":"Polygon","coordinates":[[[153643.376,168824.764],[153643.53,168824.76],[153644.976,168825.262],[153645.586,168823.513],[153653.709,168826.352],[153648.953,168840.519],[153639.177,168837.181],[153643.376,168824.764]]]},"geometry_name":"GEOM","properties":{"INSPIRE_ID":"https://databrussels.be/id/building/1593817","BLOCK_ID":"https://databrussels.be/id/block/28021","AREA":151},"bbox":[153639.177,168823.513,153653.709,168840.519]},{"type":"Feature","id":"Buildings.fid-6b1d3889_1a03126b129_7cbc","geometry":{"type":"Polygon","coordinates":[[[153586.938,168707.579],[153595.942,168710.501],[153594.125,168716.083],[153594.934,168716.243],[153592.492,168723.695],[153591.616,168723.413],[153590.761,168726.145],[153582.319,168723.485],[153582.943,168721.531],[153583.335,168721.652],[153586.324,168712.166],[153585.392,168711.872],[153586.938,168707.579]]]},"geometry_name":"GEOM","properties":{"INSPIRE_ID":"https://databrussels.be/id/building/1593819","BLOCK_ID":"https://databrussels.be/id/block/23776","AREA":153},"bbox":[153582.319,168707.579,153595.942,168726.145]},{"type":"Feature","id":"Buildings.fid-6b1d3889_1a03126b129_7cb5","geometry":{"type":"Polygon","coordinates":[[[153531.27,168693.65],[153532.453,168689.662],[153543.76,168693.501],[153543.179,168695.331],[153544.019,168695.649],[153542.389,168700.532],[153541.501,168700.159],[153539.91,168705.16],[153528.68,168701.58],[153529.52,168698.93],[153529.702,168698.358],[153529.355,168698.248],[153530.611,168694.078],[153531.099,168694.225],[153531.27,168693.65]]]},"geometry_name":"GEOM","properties":{"INSPIRE_ID":"https://databrussels.be/id/building/1593820","BLOCK_ID":"https://databrussels.be/id/block/23776","AREA":153},"bbox":[153528.68,168689.662,153544.019,168705.16]},{"type":"Feature","id":"Buildings.fid-6b1d3889_1a03126b129_7c0f","geometry":{"type":"Polygon","coordinates":[[[153674.362,168742.311],[153675.715,168742.795],[153677.01,168738.7],[153677.56,168737.3],[153683.26,168739.28],[153684.82,168739.822],[153683.067,168745.316],[153684.43,168745.69],[153682.98,168750],[153681.692,168749.626],[153680.483,168753.416],[153681.343,168753.686],[153680.354,168756.809],[153672.086,168754.181],[153672.945,168751.446],[153672.297,168751.236],[153673.656,168746.981],[153672.806,168746.711],[153674.362,168742.311]]]},"geometry_name":"GEOM","properties":{"INSPIRE_ID":"https://databrussels.be/id/building/1593822","BLOCK_ID":"https://databrussels.be/id/block/23776","AREA":156},"bbox":[153672.086,168737.3,153684.82,168756.809]},{"type":"Feature","id":"Buildings.fid-6b1d3889_1a03126b129_7c44","geometry":{"type":"Polygon","coordinates":[[[153813.585,168666.72],[153814.8,168664.885],[153813.866,168664.303],[153818.572,168657.195],[153831.044,168665.507],[153825.476,168674.203],[153820.9,168671.268],[153820.611,168671.717],[153815.991,168668.733],[153816.214,168668.358],[153813.585,168666.72]]]},"geometry_name":"GEOM","properties":{"INSPIRE_ID":"https://databrussels.be/id/building/1593825","BLOCK_ID":"https://databrussels.be/id/block/24790","AREA":158},"bbox":[153813.585,168657.195,153831.044,168674.203]},{"type":"Feature","id":"Buildings.fid-6b1d3889_1a03126b129_7caf","geometry":{"type":"Polygon","coordinates":[[[153592.458,168684.338],[153595.677,168674.671],[153604.773,168677.679],[153601.718,168687.366],[153592.458,168684.338]]]},"geometry_name":"GEOM","properties":{"INSPIRE_ID":"https://databrussels.be/id/building/1593905","BLOCK_ID":"https://databrussels.be/id/block/26259","AREA":98},"bbox":[153592.458,168674.671,153604.773,168687.366]},{"type":"Feature","id":"Buildings.fid-6b1d3889_1a03126b129_7c66","geometry":{"type":"Polygon","coordinates":[[[153804.89,168542.09],[153812.4,168542.6],[153811.91,168549.89],[153804.4,168549.38],[153804.89,168542.09]]]},"geometry_name":"GEOM","properties":{"INSPIRE_ID":"https://databrussels.be/id/building/1595744","BLOCK_ID":"https://databrussels.be/id/block/25009","AREA":55},"bbox":[153804.4,168542.09,153812.4,168549.89]},{"type":"Feature","id":"Buildings.fid-6b1d3889_1a03126b129_7c64","geometry":{"type":"Polygon","coordinates":[[[153817.6,168537.507],[153817.261,168539.375],[153815.268,168539.014],[153815.607,168537.145],[153817.6,168537.507]]]},"geometry_name":"GEOM","properties":{"INSPIRE_ID":"https://databrussels.be/id/building/1652246","BLOCK_ID":"https://databrussels.be/id/block/25009","AREA":4},"bbox":[153815.268,168537.145,153817.6,168539.375]},{"type":"Feature","id":"Buildings.fid-6b1d3889_1a03126b129_7c5d","geometry":{"type":"Polygon","coordinates":[[[153674.257,168547.201],[153674.434,168549.294],[153672.518,168549.457],[153672.34,168547.364],[153674.257,168547.201]]]},"geometry_name":"GEOM","properties":{"INSPIRE_ID":"https://databrussels.be/id/building/1652288","BLOCK_ID":"https://databrussels.be/id/block/25009","AREA":4},"bbox":[153672.34,168547.201,153674.434,168549.457]},{"type":"Feature","id":"Buildings.fid-6b1d3889_1a03126b129_7c5f","geometry":{"type":"Polygon","coordinates":[[[153647.393,168552.374],[153646.28,168554.587],[153643.271,168553.075],[153644.384,168550.861],[153647.393,168552.374]]]},"geometry_name":"GEOM","properties":{"INSPIRE_ID":"https://databrussels.be/id/building/1652289","BLOCK_ID":"https://databrussels.be/id/block/25009","AREA":8},"bbox":[153643.271,168550.861,153647.393,168554.587]},{"type":"Feature","id":"Buildings.fid-6b1d3889_1a03126b129_7ca9","geometry":{"type":"Polygon","coordinates":[[[153581.714,168646.074],[153580.378,168647.074],[153579.166,168645.454],[153580.502,168644.454],[153581.714,168646.074]]]},"geometry_name":"GEOM","properties":{"INSPIRE_ID":"https://databrussels.be/id/building/1652291","BLOCK_ID":"https://databrussels.be/id/block/26259","AREA":3},"bbox":[153579.166,168644.454,153581.714,168647.074]},{"type":"Feature","id":"Buildings.fid-6b1d3889_1a03126b129_7c16","geometry":{"type":"Polygon","coordinates":[[[153723.223,168574.139],[153724.492,168562.995],[153724.578,168562.18],[153725.321,168562.254],[153725.809,168561.991],[153726.476,168561.829],[153727.218,168561.708],[153727.783,168561.698],[153728.437,168561.785],[153729.054,168561.977],[153729.607,168562.215],[153730.309,168562.728],[153731.677,168562.839],[153731.326,168565.819],[153730.829,168565.76],[153729.75,168574.919],[153723.223,168574.139]]]},"geometry_name":"GEOM","properties":{"INSPIRE_ID":"https://databrussels.be/id/building/1653506","BLOCK_ID":"https://databrussels.be/id/block/25009","AREA":84},"bbox":[153723.223,168561.698,153731.677,168574.919]},{"type":"Feature","id":"Buildings.fid-6b1d3889_1a03126b129_7ca8","geometry":{"type":"Polygon","coordinates":[[[153560.7240001,168645.27399999],[153566.21376995,168640.7507211],[153573.18999977,168649.16999992],[153573.31,168649.32],[153567.857,168653.883],[153560.7240001,168645.27399999]]]},"geometry_name":"GEOM","properties":{"INSPIRE_ID":"https://databrussels.be/id/building/1657804","BLOCK_ID":"https://databrussels.be/id/block/26259","AREA":79},"bbox":[153560.7240001,168640.7507211,153573.31,168653.883]},{"type":"Feature","id":"Buildings.fid-6b1d3889_1a03126b129_7c00","geometry":{"type":"Polygon","coordinates":[[[153696.245,168685.453],[153696.222,168687.614],[153693.978,168687.59],[153694,168685.43],[153696.245,168685.453]]]},"geometry_name":"GEOM","properties":{"INSPIRE_ID":"https://databrussels.be/id/building/1657805","BLOCK_ID":"https://databrussels.be/id/block/26259","AREA":5},"bbox":[153693.978,168685.43,153696.245,168687.614]},{"type":"Feature","id":"Buildings.fid-6b1d3889_1a03126b129_7cb8","geometry":{"type":"Polygon","coordinates":[[[153524.426,168700.652],[153525.242,168697.942],[153528.333,168698.872],[153527.538,168701.513],[153524.426,168700.652]]]},"geometry_name":"GEOM","properties":{"INSPIRE_ID":"https://databrussels.be/id/building/1657809","BLOCK_ID":"https://databrussels.be/id/block/23776","AREA":9},"bbox":[153524.426,168697.942,153528.333,168701.513]},{"type":"Feature","id":"Buildings.fid-6b1d3889_1a03126b129_7cd3","geometry":{"type":"Polygon","coordinates":[[[153566.088,168822.067],[153565.572,168824.423],[153561.843,168823.606],[153562.359,168821.25],[153566.088,168822.067]]]},"geometry_name":"GEOM","properties":{"INSPIRE_ID":"https://databrussels.be/id/building/1657811","BLOCK_ID":"https://databrussels.be/id/block/28021","AREA":9},"bbox":[153561.843,168821.25,153566.088,168824.423]},{"type":"Feature","id":"Buildings.fid-6b1d3889_1a03126b129_7c91","geometry":{"type":"Polygon","coordinates":[[[153556.369,168852.696],[153555.739,168855.181],[153553.701,168854.664],[153554.33,168852.179],[153556.369,168852.696]]]},"geometry_name":"GEOM","properties":{"INSPIRE_ID":"https://databrussels.be/id/building/1657812","BLOCK_ID":"https://databrussels.be/id/block/28021","AREA":5},"bbox":[153553.701,168852.179,153556.369,168855.181]},{"type":"Feature","id":"Buildings.fid-6b1d3889_1a03126b129_7c49","geometry":{"type":"Polygon","coordinates":[[[153812.739,168709.628],[153810.562,168710.224],[153810.099,168708.531],[153812.275,168707.935],[153812.739,168709.628]]]},"geometry_name":"GEOM","properties":{"INSPIRE_ID":"https://databrussels.be/id/building/1660860","BLOCK_ID":"https://databrussels.be/id/block/24790","AREA":4},"bbox":[153810.099,168707.935,153812.739,168710.224]},{"type":"Feature","id":"Buildings.fid-6b1d3889_1a03126b129_7c4d","geometry":{"type":"Polygon","coordinates":[[[153829.164,168961.039],[153828.324,168964.696],[153825.568,168964.063],[153826.408,168960.406],[153829.164,168961.039]]]},"geometry_name":"GEOM","properties":{"INSPIRE_ID":"https://databrussels.be/id/building/1660865","BLOCK_ID":"https://databrussels.be/id/block/24790","AREA":11},"bbox":[153825.568,168960.406,153829.164,168964.696]},{"type":"Feature","id":"Buildings.fid-6b1d3889_1a03126b129_7c12","geometry":{"type":"Polygon","coordinates":[[[153718.598,168760.915],[153719.612,168752.38],[153729.192,168753.748],[153729.111,168754.922],[153732.724,168755.38],[153731.812,168762.475],[153718.598,168760.915]]]},"geometry_name":"GEOM","properties":{"INSPIRE_ID":"https://databrussels.be/id/building/1731943","BLOCK_ID":"https://databrussels.be/id/block/23776","AREA":108},"bbox":[153718.598,168752.38,153732.724,168762.475]},{"type":"Feature","id":"Buildings.fid-6b1d3889_1a03126b129_7cc0","geometry":{"type":"Polygon","coordinates":[[[153507.052,168719.632],[153519.31,168719.01],[153519.37,168720.34],[153519.92,168720.32],[153520.08,168724.33],[153519.3,168724.36],[153519.35,168725.57],[153521.201,168725.497],[153521.398,168729.567],[153515.129,168729.781],[153515.009,168726.095],[153512.93,168726.23],[153507.349,168726.49],[153507.069,168720.11],[153507.052,168719.632]]]},"geometry_name":"GEOM","properties":{"INSPIRE_ID":"https://databrussels.be/id/building/1731945","BLOCK_ID":"https://databrussels.be/id/block/23776","AREA":110},"bbox":[153507.052,168719.01,153521.398,168729.781]},{"type":"Feature","id":"Buildings.fid-6b1d3889_1a03126b129_7c8e","geometry":{"type":"Polygon","coordinates":[[[153534.755,168843.549],[153541.212,168843.181],[153542.1,168859.07],[153535.66,168859.43],[153534.755,168843.549]]]},"geometry_name":"GEOM","properties":{"INSPIRE_ID":"https://databrussels.be/id/building/1734629","BLOCK_ID":"https://databrussels.be/id/block/28021","AREA":103},"bbox":[153534.755,168843.181,153542.1,168859.43]},{"type":"Feature","id":"Buildings.fid-6b1d3889_1a03126b129_7c19","geometry":{"type":"Polygon","coordinates":[[[153655.14,168576.567],[153654.694,168573.428],[153653.894,168573.549],[153653.42,168570.268],[153654.748,168570.094],[153653.979,168564.279],[153654.15,168564.26],[153654.03,168563.39],[153657.3,168562.95],[153657.41,168563.76],[153661.53,168563.21],[153663.253,168575.399],[153655.14,168576.567]]]},"geometry_name":"GEOM","properties":{"INSPIRE_ID":"https://databrussels.be/id/building/1734632","BLOCK_ID":"https://databrussels.be/id/block/25009","AREA":103},"bbox":[153653.42,168562.95,153663.253,168576.567]},{"type":"Feature","id":"Buildings.fid-6b1d3889_1a03126b129_7c08","geometry":{"type":"Polygon","coordinates":[[[153703.986,168720.823],[153708.35,168707.242],[153715.27,168709.48],[153714.23,168712.68],[153710.82900033,168723.10999991],[153703.986,168720.823]]]},"geometry_name":"GEOM","properties":{"INSPIRE_ID":"https://databrussels.be/id/building/1734635","BLOCK_ID":"https://databrussels.be/id/block/26259","AREA":104},"bbox":[153703.986,168707.242,153715.27,168723.10999991]},{"type":"Feature","id":"Buildings.fid-6b1d3889_1a03126b129_7bf6","geometry":{"type":"Polygon","coordinates":[[[153717.205,168644.553],[153718.91,168632.41],[153719.18,168632.45],[153719.16,168632.56],[153719.84,168632.66],[153719.8,168632.96],[153722.54,168633.35],[153722.58,168633.06],[153723.23,168633.16],[153722.96,168635.11],[153728.022,168635.825],[153726.451,168645.907],[153717.205,168644.553]]]},"geometry_name":"GEOM","properties":{"INSPIRE_ID":"https://databrussels.be/id/building/1734637","BLOCK_ID":"https://databrussels.be/id/block/25647","AREA":104},"bbox":[153717.205,168632.41,153728.022,168645.907]},{"type":"Feature","id":"Buildings.fid-6b1d3889_1a03126b129_7bf8","geometry":{"type":"Polygon","coordinates":[[[153741.692,168651.608],[153746.07,168641.7],[153746.57,168640.54],[153754.436,168643.913],[153749.664,168655.067],[153741.692,168651.608]]]},"geometry_name":"GEOM","properties":{"INSPIRE_ID":"https://databrussels.be/id/building/1734639","BLOCK_ID":"https://databrussels.be/id/block/25647","AREA":104},"bbox":[153741.692,168640.54,153754.436,168655.067]},{"type":"Feature","id":"Buildings.fid-6b1d3889_1a03126b129_7c69","geometry":{"type":"Polygon","coordinates":[[[153555.458,168557.784],[153561.093,168554.37],[153567.7,168566.67],[153564.81,168568.34],[153565.86,168570.15],[153562.943,168571.835],[153559.118,168565.668],[153558.65,168565.872],[153557.005,168562.95],[153557.331,168562.762],[153556.457,168561.164],[153557.197,168560.707],[153555.458,168557.784]]]},"geometry_name":"GEOM","properties":{"INSPIRE_ID":"https://databrussels.be/id/building/1734640","BLOCK_ID":"https://databrussels.be/id/block/25009","AREA":105},"bbox":[153555.458,168554.37,153567.7,168571.835]},{"type":"Feature","id":"Buildings.fid-6b1d3889_1a03126b129_7c42","geometry":{"type":"Polygon","coordinates":[[[153781.78,168656.74],[153781.994,168656.43],[153779.81,168655.029],[153779.539,168653.55],[153781.651,168650.196],[153782.6,168650.24],[153782.67,168649.7],[153782.79,168649.2],[153782.92,168648.71],[153783.37,168647.75],[153783.72,168647.14],[153784.06,168646.6],[153784.55,168646.07],[153785.16,168645.66],[153785.458,168645.475],[153794.446,168651.289],[153788.183,168661.031],[153781.78,168656.74]]]},"geometry_name":"GEOM","properties":{"INSPIRE_ID":"https://databrussels.be/id/building/1734644","BLOCK_ID":"https://databrussels.be/id/block/25647","AREA":127},"bbox":[153779.539,168645.475,153794.446,168661.031]},{"type":"Feature","id":"Buildings.fid-6b1d3889_1a03126b129_7c04","geometry":{"type":"Polygon","coordinates":[[[153660.607,168706.932],[153664.59,168694.74],[153665.2,168694.93],[153665.11,168695.19],[153671.89,168697.41],[153671.96,168697.19],[153672.687,168697.423],[153668.725,168709.555],[153660.607,168706.932]]]},"geometry_name":"GEOM","properties":{"INSPIRE_ID":"https://databrussels.be/id/building/1734645","BLOCK_ID":"https://databrussels.be/id/block/26259","AREA":107},"bbox":[153660.607,168694.74,153672.687,168709.555]},{"type":"Feature","id":"Buildings.fid-6b1d3889_1a03126b129_7c21","geometry":{"type":"Polygon","coordinates":[[[153669.991,168596.3],[153674.47,168595.83],[153674.51,168596.18],[153677.13,168595.9],[153677.12,168595.77],[153680.75,168595.39],[153680.87,168596.56],[153681.29,168596.52],[153681.86,168601.95],[153681.53,168601.99],[153681.66,168603.12],[153675.34,168603.73],[153675.69,168606.75],[153671.24,168607.27],[153671.01,168605.3],[153670.65,168605.34],[153669.9,168598.33],[153670.18,168598.24],[153669.991,168596.3]]]},"geometry_name":"GEOM","properties":{"INSPIRE_ID":"https://databrussels.be/id/building/1735954","BLOCK_ID":"https://databrussels.be/id/block/25647","AREA":103},"bbox":[153669.9,168595.39,153681.86,168607.27]},{"type":"Feature","id":"Buildings.fid-6b1d3889_1a03126b129_7c3e","geometry":{"type":"Polygon","coordinates":[[[153832.074,168636.542],[153839.036,168625.754],[153838.79,168624.72],[153839.11,168624.07],[153839.49,168623.44],[153839.95,168623.13],[153840.37,168623.01],[153840.84,168622.95],[153841.34,168622.94],[153841.99,168623.01],[153842.54,168623.4],[153843.267,168624.313],[153843.716,168624.413],[153851.516,168626.113],[153854.347,168626.733],[153852.74,168634.2],[153846.02,168632.8],[153844.29,168635.36],[153845.12,168635.92],[153840.828,168642.281],[153832.074,168636.542]]]},"geometry_name":"GEOM","properties":{"INSPIRE_ID":"https://databrussels.be/id/building/1736012","BLOCK_ID":"https://databrussels.be/id/block/24790","AREA":218},"bbox":[153832.074,168622.94,153854.347,168642.281]},{"type":"Feature","id":"Buildings.fid-6b1d3889_1a03126b129_7c83","geometry":{"type":"Polygon","coordinates":[[[153511.623,168830.15],[153516.816,168829.851],[153516.816,168829.427],[153526.922,168828.985],[153527.65,168843.9],[153512.2,168844.538],[153511.623,168830.15]]]},"geometry_name":"GEOM","properties":{"INSPIRE_ID":"https://databrussels.be/id/building/1736015","BLOCK_ID":"https://databrussels.be/id/block/28021","AREA":227},"bbox":[153511.623,168828.985,153527.65,168844.538]},{"type":"Feature","id":"Buildings.fid-6b1d3889_1a03126b129_7c9d","geometry":{"type":"Polygon","coordinates":[[[153618.75,168917.61],[153634.03,168921.57],[153632.81,168926.03],[153631.86,168925.77],[153629.16,168936.46],[153622.14,168934.64],[153622.34,168933.93],[153615.457,168932.06],[153616.899,168926.753],[153616.286,168926.585],[153618.75,168917.61]]]},"geometry_name":"GEOM","properties":{"INSPIRE_ID":"https://databrussels.be/id/building/1736016","BLOCK_ID":"https://databrussels.be/id/block/28021","AREA":228},"bbox":[153615.457,168917.61,153634.03,168936.46]},{"type":"Feature","id":"Buildings.fid-6b1d3889_1a03126b129_7c26","geometry":{"type":"Polygon","coordinates":[[[153735.826,168599.6],[153738.933,168600.299],[153738.732,168601.225],[153742.261,168601.935],[153739.63,168613.59],[153739.58,168613.81],[153733.275,168612.549],[153735.826,168599.6]]]},"geometry_name":"GEOM","properties":{"INSPIRE_ID":"https://databrussels.be/id/building/1737274","BLOCK_ID":"https://databrussels.be/id/block/25647","AREA":83},"bbox":[153733.275,168599.6,153742.261,168613.81]},{"type":"Feature","id":"Buildings.fid-6b1d3889_1a03126b129_7c3a","geometry":{"type":"Polygon","coordinates":[[[153793.14000044,168588.68000013],[153796.09,168576.34],[153803.827,168578.138],[153800.938,168590.563],[153793.14000044,168588.68000013]]]},"geometry_name":"GEOM","properties":{"INSPIRE_ID":"https://databrussels.be/id/building/1737281","BLOCK_ID":"https://databrussels.be/id/block/25009","AREA":102},"bbox":[153793.14000044,168576.34,153803.827,168590.563]},{"type":"Feature","id":"Buildings.fid-6b1d3889_1a03126b129_7c50","geometry":{"type":"Polygon","coordinates":[[[153696.655,168511.085],[153705.365,168511.284],[153704.93,168524.19],[153696.28,168523.935],[153696.655,168511.085]]]},"geometry_name":"GEOM","properties":{"INSPIRE_ID":"https://databrussels.be/id/building/1737309","BLOCK_ID":"https://databrussels.be/id/block/25009","AREA":112},"bbox":[153696.28,168511.085,153705.365,168524.19]},{"type":"Feature","id":"Buildings.fid-6b1d3889_1a03126b129_7c1d","geometry":{"type":"Polygon","coordinates":[[[153747.691,168577.344],[153749.94,168566.23],[153750.055,168565.656],[153759.661,168567.576],[153758.325,168574.151],[153757.404,168573.964],[153756.36,168579.104],[153747.691,168577.344]]]},"geometry_name":"GEOM","properties":{"INSPIRE_ID":"https://databrussels.be/id/building/1737312","BLOCK_ID":"https://databrussels.be/id/block/25009","AREA":112},"bbox":[153747.691,168565.656,153759.661,168579.104]},{"type":"Feature","id":"Buildings.fid-6b1d3889_1a03126b129_7c1a","geometry":{"type":"Polygon","coordinates":[[[153738.931,168575.603],[153740.727,168566.554],[153739.353,168566.282],[153739.847,168563.831],[153741.203,168564.16],[153741.362,168563.358],[153744.2,168563.99],[153744.25,168563.89],[153744.55,168563.76],[153744.76,168563.66],[153744.86,168563.62],[153745.09,168563.52],[153745.33,168563.41],[153745.54,168563.43],[153745.76,168563.46],[153746.09,168563.51],[153746.86,168563.88],[153749.7,168565.27],[153749.28,168566.08],[153749.94,168566.23],[153747.691,168577.344],[153738.931,168575.603]]]},"geometry_name":"GEOM","properties":{"INSPIRE_ID":"https://databrussels.be/id/building/1737317","BLOCK_ID":"https://databrussels.be/id/block/25009","AREA":117},"bbox":[153738.931,168563.358,153749.94,168577.344]},{"type":"Feature","id":"Buildings.fid-6b1d3889_1a03126b129_7c03","geometry":{"type":"Polygon","coordinates":[[[153652.142,168704.2],[153656.322,168691.71],[153657.14,168691.98],[153657.05,168692.26],[153663.81,168694.47],[153663.9,168694.19],[153664.68,168694.45],[153664.59,168694.74],[153660.607,168706.932],[153652.142,168704.2]]]},"geometry_name":"GEOM","properties":{"INSPIRE_ID":"https://databrussels.be/id/building/1737321","BLOCK_ID":"https://databrussels.be/id/block/26259","AREA":114},"bbox":[153652.142,168691.71,153664.68,168706.932]},{"type":"Feature","id":"Buildings.fid-6b1d3889_1a03126b129_7bdd","geometry":{"type":"Polygon","coordinates":[[[153713.675,168811.049],[153714.765,168801.953],[153711.264,168801.464],[153712.098,168795.464],[153713.469,168795.625],[153713.499,168795.365],[153718.968,168796.005],[153719.307,168793.122],[153727.537,168794.211],[153727.074,168798.194],[153727.297,168798.213],[153725.429,168812.608],[153713.675,168811.049]]]},"geometry_name":"GEOM","properties":{"INSPIRE_ID":"https://databrussels.be/id/building/1737331","BLOCK_ID":"https://databrussels.be/id/block/23776","AREA":232},"bbox":[153711.264,168793.122,153727.537,168812.608]},{"type":"Feature","id":"Buildings.fid-6b1d3889_1a03126b129_7c84","geometry":{"type":"Polygon","coordinates":[[[153512.2,168844.538],[153527.65,168843.9],[153528.375,168858.84],[153512.817,168859.517],[153512.2,168844.538]]]},"geometry_name":"GEOM","properties":{"INSPIRE_ID":"https://databrussels.be/id/building/1737332","BLOCK_ID":"https://databrussels.be/id/block/28021","AREA":232},"bbox":[153512.2,168843.9,153528.375,168859.517]},{"type":"Feature","id":"Buildings.fid-6b1d3889_1a03126b129_7c17","geometry":{"type":"Polygon","coordinates":[[[153669.986,168574.429],[153663.253,168575.399],[153661.64461368,168564.02081032],[153663.55493856,168563.76000597],[153663.36610814,168562.74577354],[153668.37,168561.94],[153668.65,168564.05],[153669.986,168574.429]]]},"geometry_name":"GEOM","properties":{"INSPIRE_ID":"https://databrussels.be/id/building/1740014","BLOCK_ID":"https://databrussels.be/id/block/25009","AREA":84},"bbox":[153661.64461368,168561.94,153669.986,168575.399]},{"type":"Feature","id":"Buildings.fid-6b1d3889_1a03126b129_7cbb","geometry":{"type":"Polygon","coordinates":[[[153506.811,168712.626],[153506.568,168705.612],[153512.498,168705.302],[153512.478,168704.781],[153518.29,168704.607],[153518.72,168704.59],[153519.03,168712.06],[153506.811,168712.626]]]},"geometry_name":"GEOM","properties":{"INSPIRE_ID":"https://databrussels.be/id/building/1740021","BLOCK_ID":"https://databrussels.be/id/block/23776","AREA":89},"bbox":[153506.568,168704.59,153519.03,168712.626]},{"type":"Feature","id":"Buildings.fid-6b1d3889_1a03126b129_7c59","geometry":{"type":"Polygon","coordinates":[[[153645.2114,168529.93824243],[153644.9463,168529.05664244],[153644.67999999,168528.17084244],[153644.47999999,168527.46084244],[153644.3452,168526.97624244],[153644.277,168526.73084244],[153643.17,168522.73984244],[153642.099,168518.88084244],[153641.849,168517.98284244],[153649.559,168515.88484244],[153649.794,168516.78564244],[153650.80499999,168520.66104244],[153651.91399999,168524.91224244],[153652.46639999,168527.02954244],[153652.6987,168527.91994244],[153645.2114,168529.93824243]],[[153647.67099999,168529.02644244],[153647.4993,168528.36844244],[153646.17319999,168528.72594244],[153646.3448,168529.38394244],[153647.67099999,168529.02644244]]]},"geometry_name":"GEOM","properties":{"INSPIRE_ID":"https://databrussels.be/id/building/1740067","BLOCK_ID":"https://databrussels.be/id/block/25009","AREA":97},"bbox":[153641.849,168515.88484244,153652.6987,168529.93824243]},{"type":"Feature","id":"Buildings.fid-6b1d3889_1a03126b129_7c23","geometry":{"type":"Polygon","coordinates":[[[153713.75999992,168607.51999989],[153714.59500033,168596.54499992],[153721.781,168597.254],[153720.87,168607.05],[153720.77,168608.17],[153713.75999992,168607.51999989]]]},"geometry_name":"GEOM","properties":{"INSPIRE_ID":"https://databrussels.be/id/building/1740071","BLOCK_ID":"https://databrussels.be/id/block/25647","AREA":78},"bbox":[153713.75999992,168596.54499992,153721.781,168608.17]},{"type":"Feature","id":"Buildings.fid-6b1d3889_1a03126b129_7cce","geometry":{"type":"Polygon","coordinates":[[[153510.31,168796.41],[153523.8,168796.06],[153524.11,168802.68],[153510.575,168803.171],[153510.31,168796.41]]]},"geometry_name":"GEOM","properties":{"INSPIRE_ID":"https://databrussels.be/id/building/1741426","BLOCK_ID":"https://databrussels.be/id/block/28021","AREA":91},"bbox":[153510.31,168796.06,153524.11,168803.171]},{"type":"Feature","id":"Buildings.fid-6b1d3889_1a03126b129_7bd8","geometry":{"type":"Polygon","coordinates":[[[153716.83800012,168775.678],[153729.78,168777.311],[153728.824,168784.34],[153716.004,168782.688],[153716.83800012,168775.678]]]},"geometry_name":"GEOM","properties":{"INSPIRE_ID":"https://databrussels.be/id/building/1741435","BLOCK_ID":"https://databrussels.be/id/block/23776","AREA":92},"bbox":[153716.004,168775.678,153729.78,168784.34]},{"type":"Feature","id":"Buildings.fid-6b1d3889_1a03126b129_7c2d","geometry":{"type":"Polygon","coordinates":[[[153646.964,168629.595],[153654.15,168619.47],[153659.687,168623.394],[153652.569,168633.481],[153646.964,168629.595]]]},"geometry_name":"GEOM","properties":{"INSPIRE_ID":"https://databrussels.be/id/building/1742750","BLOCK_ID":"https://databrussels.be/id/block/25647","AREA":84},"bbox":[153646.964,168619.47,153659.687,168633.481]},{"type":"Feature","id":"Buildings.fid-6b1d3889_1a03126b129_7cbd","geometry":{"type":"Polygon","coordinates":[[[153506.811,168712.626],[153519.03,168712.06],[153519.31,168719.01],[153507.052,168719.632],[153506.811,168712.626]]]},"geometry_name":"GEOM","properties":{"INSPIRE_ID":"https://databrussels.be/id/building/1742758","BLOCK_ID":"https://databrussels.be/id/block/23776","AREA":86},"bbox":[153506.811,168712.06,153519.31,168719.632]},{"type":"Feature","id":"Buildings.fid-6b1d3889_1a03126b129_7bfe","geometry":{"type":"Polygon","coordinates":[[[153732.501,168674.842],[153737.065,168677.766],[153737.44,168677.272],[153741.897,168680.251],[153742.35,168680.555],[153741.882,168681.185],[153735.255,168690.111],[153726.237,168684.209],[153732.501,168674.842]]]},"geometry_name":"GEOM","properties":{"INSPIRE_ID":"https://databrussels.be/id/building/1742772","BLOCK_ID":"https://databrussels.be/id/block/26259","AREA":129},"bbox":[153726.237,168674.842,153742.35,168690.111]},{"type":"Feature","id":"Buildings.fid-6b1d3889_1a03126b129_7cb7","geometry":{"type":"Polygon","coordinates":[[[153553.064,168696.583],[153561.216,168699.124],[153559.694,168703.971],[153560.542,168704.21],[153558.773,168709.639],[153558.04,168709.39],[153556.96,168712.56],[153548.47,168709.66],[153548.57,168709.36],[153548.032,168709.17],[153549.427,168704.81],[153550.392,168705.132],[153553.064,168696.583]]]},"geometry_name":"GEOM","properties":{"INSPIRE_ID":"https://databrussels.be/id/building/1742775","BLOCK_ID":"https://databrussels.be/id/block/23776","AREA":129},"bbox":[153548.032,168696.583,153561.216,168712.56]},{"type":"Feature","id":"Buildings.fid-6b1d3889_1a03126b129_7c99","geometry":{"type":"Polygon","coordinates":[[[153602.341,168851.39],[153584.209,168846.763],[153586.593,168837.816],[153604.64,168842.381],[153602.341,168851.39]]]},"geometry_name":"GEOM","properties":{"INSPIRE_ID":"https://databrussels.be/id/building/1742783","BLOCK_ID":"https://databrussels.be/id/block/28021","AREA":173},"bbox":[153584.209,168837.816,153604.64,168851.39]},{"type":"Feature","id":"Buildings.fid-6b1d3889_1a03126b129_7be7","geometry":{"type":"Polygon","coordinates":[[[153705.73,168863.94],[153718.705,168865.702],[153717.886,168872.612],[153704.787,168870.913],[153705.73,168863.94]]]},"geometry_name":"GEOM","properties":{"INSPIRE_ID":"https://databrussels.be/id/building/1742788","BLOCK_ID":"https://databrussels.be/id/block/28021","AREA":92},"bbox":[153704.787,168863.94,153718.705,168872.612]},{"type":"Feature","id":"Buildings.fid-6b1d3889_1a03126b129_7c40","geometry":{"type":"Polygon","coordinates":[[[153791.92,168632.01],[153802.42,168638.88],[153799.236,168643.855],[153794.714,168641.014],[153793.479,168642.976],[153787.376,168638.908],[153791.92,168632.01]]]},"geometry_name":"GEOM","properties":{"INSPIRE_ID":"https://databrussels.be/id/building/1742790","BLOCK_ID":"https://databrussels.be/id/block/25647","AREA":92},"bbox":[153787.376,168632.01,153802.42,168643.855]},{"type":"Feature","id":"Buildings.fid-6b1d3889_1a03126b129_7c3f","geometry":{"type":"Polygon","coordinates":[[[153790.561,168631.131],[153792.04,168628.935],[153793.459,168629.682],[153796.09,168625.7],[153795.97,168625.62],[153796.22,168625.26],[153802.443,168629.256],[153801.117,168631.032],[153805.702,168633.914],[153802.42,168638.88],[153791.92,168632.01],[153790.561,168631.131]]]},"geometry_name":"GEOM","properties":{"INSPIRE_ID":"https://databrussels.be/id/building/1744143","BLOCK_ID":"https://databrussels.be/id/block/25647","AREA":94},"bbox":[153790.561,168625.26,153805.702,168638.88]},{"type":"Feature","id":"Buildings.fid-6b1d3889_1a03126b129_7bf0","geometry":{"type":"Polygon","coordinates":[[[153665.544,168945.371],[153668.282,168935.036],[153674.46,168936.59],[153674.56,168936.18],[153677.3,168936.87],[153678.54,168939.2],[153680.608,168939.723],[153678.196,168948.65],[153665.544,168945.371]]]},"geometry_name":"GEOM","properties":{"INSPIRE_ID":"https://databrussels.be/id/building/1744159","BLOCK_ID":"https://databrussels.be/id/block/28021","AREA":138},"bbox":[153665.544,168935.036,153680.608,168948.65]},{"type":"Feature","id":"Buildings.fid-6b1d3889_1a03126b129_7cc9","geometry":{"type":"Polygon","coordinates":[[[153604.49,168777.103],[153610.249,168763.055],[153618.381,168766.255],[153616.243,168771.631],[153617.269,168772.029],[153615.42,168776.675],[153614.395,168776.277],[153612.787,168780.319],[153604.49,168777.103]]]},"geometry_name":"GEOM","properties":{"INSPIRE_ID":"https://databrussels.be/id/building/1744162","BLOCK_ID":"https://databrussels.be/id/block/23776","AREA":139},"bbox":[153604.49,168763.055,153618.381,168780.319]},{"type":"Feature","id":"Buildings.fid-6b1d3889_1a03126b129_7cca","geometry":{"type":"Polygon","coordinates":[[[153621.072,168785.431],[153622.585,168781.327],[153621.863,168781.073],[153623.806,168776.353],[153624.662,168776.686],[153626.595,168771.804],[153635.655,168775.386],[153633.281,168781.181],[153632.484,168780.882],[153629.23,168788.714],[153621.072,168785.431]]]},"geometry_name":"GEOM","properties":{"INSPIRE_ID":"https://databrussels.be/id/building/1744165","BLOCK_ID":"https://databrussels.be/id/block/23776","AREA":140},"bbox":[153621.072,168771.804,153635.655,168788.714]},{"type":"Feature","id":"Buildings.fid-6b1d3889_1a03126b129_7c1e","geometry":{"type":"Polygon","coordinates":[[[153764.122,168579.947],[153767.552,168565.658],[153775.51,168567.52],[153772.31500005,168581.86700051],[153772.188,168581.838],[153764.122,168579.947]]]},"geometry_name":"GEOM","properties":{"INSPIRE_ID":"https://databrussels.be/id/building/1745486","BLOCK_ID":"https://databrussels.be/id/block/25009","AREA":122},"bbox":[153764.122,168565.658,153775.51,168581.86700051]},{"type":"Feature","id":"Buildings.fid-6b1d3889_1a03126b129_7bff","geometry":{"type":"Polygon","coordinates":[[[153756.401,168685.022],[153767.275,168692.033],[153762.099,168699.964],[153751.255,168692.811],[153756.401,168685.022]]]},"geometry_name":"GEOM","properties":{"INSPIRE_ID":"https://databrussels.be/id/building/1745487","BLOCK_ID":"https://databrussels.be/id/block/26259","AREA":122},"bbox":[153751.255,168685.022,153767.275,168699.964]},{"type":"Feature","id":"Buildings.fid-6b1d3889_1a03126b129_7bde","geometry":{"type":"Polygon","coordinates":[[[153687.469,168810.479],[153688.04,168806.234],[153687.809,168806.214],[153688.69,168799.333],[153688.902,168799.353],[153689.379,168795.217],[153697.171,168796.123],[153695.309,168811.413],[153687.469,168810.479]]]},"geometry_name":"GEOM","properties":{"INSPIRE_ID":"https://databrussels.be/id/building/1745488","BLOCK_ID":"https://databrussels.be/id/block/23776","AREA":122},"bbox":[153687.469,168795.217,153697.171,168811.413]},{"type":"Feature","id":"Buildings.fid-6b1d3889_1a03126b129_7be8","geometry":{"type":"Polygon","coordinates":[[[153715.4,168890.65],[153700.56,168888.92],[153701.58,168880.73],[153716.41,168882.47],[153715.4,168890.65]]]},"geometry_name":"GEOM","properties":{"INSPIRE_ID":"https://databrussels.be/id/building/1745491","BLOCK_ID":"https://databrussels.be/id/block/28021","AREA":123},"bbox":[153700.56,168880.73,153716.41,168890.65]},{"type":"Feature","id":"Buildings.fid-6b1d3889_1a03126b129_7c62","geometry":{"type":"Polygon","coordinates":[[[153830.18,168533.25],[153833.456,168520.224],[153837.592,168521.147],[153837.64,168520.93],[153838.517,168521.132],[153838.461,168521.377],[153842.722,168522.323],[153841.312,168528.731],[153840.506,168528.557],[153839.153,168535.105],[153830.18,168533.25]]]},"geometry_name":"GEOM","properties":{"INSPIRE_ID":"https://databrussels.be/id/building/1745495","BLOCK_ID":"https://databrussels.be/id/block/25009","AREA":124},"bbox":[153830.18,168520.224,153842.722,168535.105]},{"type":"Feature","id":"Buildings.fid-6b1d3889_1a03126b129_7ca0","geometry":{"type":"Polygon","coordinates":[[[153626.115,168904.158],[153628.124,168896.253],[153631.857,168897.167],[153632.08,168896.36],[153638.89,168898.17],[153638.78,168898.61],[153642.22,168899.48],[153640.145,168907.76],[153626.115,168904.158]]]},"geometry_name":"GEOM","properties":{"INSPIRE_ID":"https://databrussels.be/id/building/1745496","BLOCK_ID":"https://databrussels.be/id/block/28021","AREA":125},"bbox":[153626.115,168896.253,153642.22,168907.76]},{"type":"Feature","id":"Buildings.fid-6b1d3889_1a03126b129_7c07","geometry":{"type":"Polygon","coordinates":[[[153687.345,168714.7],[153690.73,168704.45],[153701.89,168708.154],[153698.477,168718.327],[153687.345,168714.7]]]},"geometry_name":"GEOM","properties":{"INSPIRE_ID":"https://databrussels.be/id/building/1745497","BLOCK_ID":"https://databrussels.be/id/block/26259","AREA":126},"bbox":[153687.345,168704.45,153701.89,168718.327]},{"type":"Feature","id":"Buildings.fid-6b1d3889_1a03126b129_7ccc","geometry":{"type":"Polygon","coordinates":[[[153510.31,168796.41],[153509.979,168788.363],[153521.298,168787.919],[153525.513,168787.75],[153525.83,168795.96],[153525.41,168795.98],[153523.8,168796.06],[153510.31,168796.41]]]},"geometry_name":"GEOM","properties":{"INSPIRE_ID":"https://databrussels.be/id/building/1745498","BLOCK_ID":"https://databrussels.be/id/block/28021","AREA":127},"bbox":[153509.979,168787.75,153525.83,168796.41]},{"type":"Feature","id":"Buildings.fid-6b1d3889_1a03126b129_7c73","geometry":{"type":"Polygon","coordinates":[[[153595.516,168596.137],[153591.878,168587.953],[153594.9,168586.61],[153593.62,168583.71],[153598.21,168581.67],[153599.62,168584.96],[153603.016,168592.921],[153595.516,168596.137]]]},"geometry_name":"GEOM","properties":{"INSPIRE_ID":"https://databrussels.be/id/building/1745502","BLOCK_ID":"https://databrussels.be/id/block/25009","AREA":90},"bbox":[153591.878,168581.67,153603.016,168596.137]},{"type":"Feature","id":"Buildings.fid-6b1d3889_1a03126b129_7cb1","geometry":{"type":"Polygon","coordinates":[[[153614.936,168691.7],[153618.92,168679.72],[153625.72,168681.955],[153621.784,168693.917],[153614.936,168691.7]]]},"geometry_name":"GEOM","properties":{"INSPIRE_ID":"https://databrussels.be/id/building/1745506","BLOCK_ID":"https://databrussels.be/id/block/26259","AREA":91},"bbox":[153614.936,168679.72,153625.72,168693.917]},{"type":"Feature","id":"Buildings.fid-6b1d3889_1a03126b129_7ccd","geometry":{"type":"Polygon","coordinates":[[[153571.43,168789.71],[153579.98,168792.08],[153577.29,168802.27],[153577.92,168802.4],[153577.7,168803.38],[153576.79,168803.16],[153575.59,168807.97],[153567.83,168806.03],[153569.68,168798.63],[153569.12,168798.49],[153571.43,168789.71]]]},"geometry_name":"GEOM","properties":{"INSPIRE_ID":"https://databrussels.be/id/building/1745524","BLOCK_ID":"https://databrussels.be/id/block/28021","AREA":142},"bbox":[153567.83,168789.71,153579.98,168807.97]},{"type":"Feature","id":"Buildings.fid-6b1d3889_1a03126b129_7c93","geometry":{"type":"Polygon","coordinates":[[[153565.908,168919.24],[153569.75,168904.714],[153578.843,168906.994],[153575.079,168921.642],[153565.908,168919.24]]]},"geometry_name":"GEOM","properties":{"INSPIRE_ID":"https://databrussels.be/id/building/1745525","BLOCK_ID":"https://databrussels.be/id/block/28021","AREA":142},"bbox":[153565.908,168904.714,153578.843,168921.642]},{"type":"Feature","id":"Buildings.fid-6b1d3889_1a03126b129_7c52","geometry":{"type":"Polygon","coordinates":[[[153670.115,168512.091],[153679.619,168511.409],[153680.52,168525.71],[153675.02,168526.14],[153675.28,168529.41],[153672.76,168529.61],[153672.51,168526.42],[153671.054,168526.536],[153670.115,168512.091]]]},"geometry_name":"GEOM","properties":{"INSPIRE_ID":"https://databrussels.be/id/building/1745529","BLOCK_ID":"https://databrussels.be/id/block/25009","AREA":145},"bbox":[153670.115,168511.409,153680.52,168529.61]},{"type":"Feature","id":"Buildings.fid-6b1d3889_1a03126b129_7c90","geometry":{"type":"Polygon","coordinates":[[[153547.526,168914.563],[153551.421,168899.522],[153560.529,168901.758],[153556.683,168916.876],[153547.526,168914.563]]]},"geometry_name":"GEOM","properties":{"INSPIRE_ID":"https://databrussels.be/id/building/1745534","BLOCK_ID":"https://databrussels.be/id/block/28021","AREA":147},"bbox":[153547.526,168899.522,153560.529,168916.876]},{"type":"Feature","id":"Buildings.fid-6b1d3889_1a03126b129_7c15","geometry":{"type":"Polygon","coordinates":[[[153678.268,168573.59],[153677.52,168563.239],[153680,168563.069],[153679.5,168555.8],[153686.45,168555.32],[153686.85,168561.081],[153687.73,168561.015],[153688.121,168566.492],[153687.16,168566.561],[153687.459,168570.692],[153684.619,168570.903],[153684.779,168573.122],[153678.268,168573.59]]]},"geometry_name":"GEOM","properties":{"INSPIRE_ID":"https://databrussels.be/id/building/1745535","BLOCK_ID":"https://databrussels.be/id/block/25009","AREA":147},"bbox":[153677.52,168555.32,153688.121,168573.59]},{"type":"Feature","id":"Buildings.fid-6b1d3889_1a03126b129_7ca6","geometry":{"type":"Polygon","coordinates":[[[153611.92,168645.97],[153621.498,168636.375],[153626.957,168642.088],[153620.723,168648.166],[153622.56,168650.05],[153618.22,168654.24],[153612.54,168648.38],[153613.42,168647.52],[153611.92,168645.97]]]},"geometry_name":"GEOM","properties":{"INSPIRE_ID":"https://databrussels.be/id/building/1746836","BLOCK_ID":"https://databrussels.be/id/block/26259","AREA":128},"bbox":[153611.92,168636.375,153626.957,168654.24]},{"type":"Feature","id":"Buildings.fid-6b1d3889_1a03126b129_7c3b","geometry":{"type":"Polygon","coordinates":[[[153810.546,168593.098],[153812.594,168583.912],[153823.313,168586.38],[153824.093,168582.988],[153828.894,168584.062],[153826.096,168596.578],[153810.546,168593.098]]]},"geometry_name":"GEOM","properties":{"INSPIRE_ID":"https://databrussels.be/id/building/1748204","BLOCK_ID":"https://databrussels.be/id/block/25009","AREA":166},"bbox":[153810.546,168582.988,153828.894,168596.578]},{"type":"Feature","id":"Buildings.fid-6b1d3889_1a03126b129_7c54","geometry":{"type":"Polygon","coordinates":[[[153721.049,168512.238],[153730.872,168512.921],[153729.641,168530.011],[153719.819,168529.319],[153721.049,168512.238]]]},"geometry_name":"GEOM","properties":{"INSPIRE_ID":"https://databrussels.be/id/building/1748209","BLOCK_ID":"https://databrussels.be/id/block/25009","AREA":169},"bbox":[153719.819,168512.238,153730.872,168530.011]},{"type":"Feature","id":"Buildings.fid-6b1d3889_1a03126b129_7c13","geometry":{"type":"Polygon","coordinates":[[[153755.26,168766.62],[153756.42,168756.04],[153762.64,168756.61],[153762.54,168757.54],[153769.13,168758.25],[153768.69,168762.38],[153775.48,168763.11],[153774.9,168768.54],[153767.82,168767.77],[153767.78,168768.11],[153755.26,168766.62]]]},"geometry_name":"GEOM","properties":{"INSPIRE_ID":"https://databrussels.be/id/building/1748210","BLOCK_ID":"https://databrussels.be/id/block/24790","AREA":170},"bbox":[153755.26,168756.04,153775.48,168768.54]},{"type":"Feature","id":"Buildings.fid-6b1d3889_1a03126b129_7cc3","geometry":{"type":"Polygon","coordinates":[[[153515.129,168729.781],[153521.398,168729.567],[153521.521,168732.112],[153522.755,168761.169],[153513.63,168761.545],[153513.63,168760.748],[153508.506,168760.929],[153507.426,168734.117],[153512.622,168734.006],[153512.551,168733.169],[153515.236,168733.082],[153515.129,168729.781]]]},"geometry_name":"GEOM","properties":{"INSPIRE_ID":"https://databrussels.be/id/building/1748213","BLOCK_ID":"https://databrussels.be/id/block/23776","AREA":415},"bbox":[153507.426,168729.567,153522.755,168761.545]},{"type":"Feature","id":"Buildings.fid-6b1d3889_1a03126b129_7cdf","geometry":{"type":"Polygon","coordinates":[[[153545.982,168535.669],[153540.582,168526.748],[153540.91,168526],[153540.8,168525.94],[153540.27,168525.67],[153542.31,168520.93],[153542.38,168520.8],[153543.852,168517.596],[153544.42,168517.217],[153544.594,168517.139],[153544.875,168517.175],[153545.204,168517.259],[153547.28,168520.02],[153547.43,168520.27],[153553.965,168531.143],[153545.982,168535.669]]]},"geometry_name":"GEOM","properties":{"INSPIRE_ID":"https://databrussels.be/id/building/1748220","BLOCK_ID":"https://databrussels.be/id/block/24029","AREA":133},"bbox":[153540.27,168517.139,153553.965,168535.669]},{"type":"Feature","id":"Buildings.fid-6b1d3889_1a03126b129_7c75","geometry":{"type":"Polygon","coordinates":[[[153594.78,168620.9],[153606.048,168615.083],[153609,168620.755],[153607.421,168621.577],[153609.54,168625.84],[153599.85,168630.82],[153594.78,168620.9]]]},"geometry_name":"GEOM","properties":{"INSPIRE_ID":"https://databrussels.be/id/building/1748222","BLOCK_ID":"https://databrussels.be/id/block/26259","AREA":133},"bbox":[153594.78,168615.083,153609.54,168630.82]},{"type":"Feature","id":"Buildings.fid-6b1d3889_1a03126b129_7cbe","geometry":{"type":"Polygon","coordinates":[[[153604.992,168713.331],[153613.045,168716.031],[153608.286,168730.984],[153600.184,168728.236],[153604.992,168713.331]]]},"geometry_name":"GEOM","properties":{"INSPIRE_ID":"https://databrussels.be/id/building/1748224","BLOCK_ID":"https://databrussels.be/id/block/23776","AREA":134},"bbox":[153600.184,168713.331,153613.045,168730.984]},{"type":"Feature","id":"Buildings.fid-6b1d3889_1a03126b129_7c97","geometry":{"type":"Polygon","coordinates":[[[153592.663,168890.014],[153579.34,168886.642],[153579.72,168885.22],[153581.851,168877.118],[153594.969,168880.512],[153592.663,168890.014]]]},"geometry_name":"GEOM","properties":{"INSPIRE_ID":"https://databrussels.be/id/building/1748225","BLOCK_ID":"https://databrussels.be/id/block/28021","AREA":134},"bbox":[153579.34,168877.118,153594.969,168890.014]},{"type":"Feature","id":"Buildings.fid-6b1d3889_1a03126b129_7c4f","geometry":{"type":"Polygon","coordinates":[[[153679.619,168511.409],[153688.9,168510.747],[153689.951,168524.971],[153680.52,168525.71],[153679.619,168511.409]]]},"geometry_name":"GEOM","properties":{"INSPIRE_ID":"https://databrussels.be/id/building/1748226","BLOCK_ID":"https://databrussels.be/id/block/25009","AREA":134},"bbox":[153679.619,168510.747,153689.951,168525.71]},{"type":"Feature","id":"Buildings.fid-6b1d3889_1a03126b129_7c32","geometry":{"type":"Polygon","coordinates":[[[153684.834,168642.55],[153686.594,168630.117],[153691.055,168630.809],[153691.179,168630.03],[153697.301,168630.995],[153697.206,168631.763],[153695.398,168644.15],[153684.834,168642.55]]]},"geometry_name":"GEOM","properties":{"INSPIRE_ID":"https://databrussels.be/id/building/1748227","BLOCK_ID":"https://databrussels.be/id/block/25647","AREA":139},"bbox":[153684.834,168630.03,153697.301,168644.15]},{"type":"Feature","id":"Buildings.fid-6b1d3889_1a03126b129_7c1b","geometry":{"type":"Polygon","coordinates":[[[153694.253,168572.813],[153694.38,168563.454],[153709.02,168563.716],[153708.806,168573.007],[153694.253,168572.813]]]},"geometry_name":"GEOM","properties":{"INSPIRE_ID":"https://databrussels.be/id/building/1748228","BLOCK_ID":"https://databrussels.be/id/block/25009","AREA":136},"bbox":[153694.253,168563.454,153709.02,168573.007]},{"type":"Feature","id":"Buildings.fid-6b1d3889_1a03126b129_7c76","geometry":{"type":"Polygon","coordinates":[[[153596.516,168541.447],[153597.91,168540.8],[153598.03,168541.07],[153599.37,168540.44],[153599.15,168540.11],[153600.73,168539.39],[153600.89,168539.75],[153602.08,168539.25],[153599.48,168534.05],[153606.365,168530.706],[153608.9,168535.611],[153609.166,168535.502],[153613.495,168544.475],[153600.985,168550.445],[153596.516,168541.447]]]},"geometry_name":"GEOM","properties":{"INSPIRE_ID":"https://databrussels.be/id/building/1749582","BLOCK_ID":"https://databrussels.be/id/block/25009","AREA":181},"bbox":[153596.516,168530.706,153613.495,168550.445]},{"type":"Feature","id":"Buildings.fid-6b1d3889_1a03126b129_7cd2","geometry":{"type":"Polygon","coordinates":[[[153623.947,168813.193],[153634.29,168818.326],[153627.361,168832.547],[153616.989,168827.393],[153623.947,168813.193]]]},"geometry_name":"GEOM","properties":{"INSPIRE_ID":"https://databrussels.be/id/building/1749585","BLOCK_ID":"https://databrussels.be/id/block/28021","AREA":183},"bbox":[153616.989,168813.193,153634.29,168832.547]},{"type":"Feature","id":"Buildings.fid-6b1d3889_1a03126b129_7bed","geometry":{"type":"Polygon","coordinates":[[[153692.063,168941.096],[153685.823,168931.969],[153692.692,168927.494],[153691.516,168925.616],[153696.56,168922.24],[153697.65,168921.59],[153700.88,168926.64],[153702.411,168925.816],[153706.189,168931.631],[153692.063,168941.096]]]},"geometry_name":"GEOM","properties":{"INSPIRE_ID":"https://databrussels.be/id/building/1749586","BLOCK_ID":"https://databrussels.be/id/block/28021","AREA":197},"bbox":[153685.823,168921.59,153706.189,168941.096]},{"type":"Feature","id":"Buildings.fid-6b1d3889_1a03126b129_7ca7","geometry":{"type":"Polygon","coordinates":[[[153507.568,168639.42],[153521.06,168638.918],[153521.582,168652.77],[153508.09,168653.281],[153507.568,168639.42]]]},"geometry_name":"GEOM","properties":{"INSPIRE_ID":"https://databrussels.be/id/building/1749590","BLOCK_ID":"https://databrussels.be/id/block/25009","AREA":187},"bbox":[153507.568,168638.918,153521.582,168653.281]},{"type":"Feature","id":"Buildings.fid-6b1d3889_1a03126b129_7bdc","geometry":{"type":"Polygon","coordinates":[[[153661.126,168803.848],[153664.438,168791.963],[153679.462,168796.307],[153676.014,168808.133],[153661.126,168803.848]]]},"geometry_name":"GEOM","properties":{"INSPIRE_ID":"https://databrussels.be/id/building/1749593","BLOCK_ID":"https://databrussels.be/id/block/23776","AREA":192},"bbox":[153661.126,168791.963,153679.462,168808.133]},{"type":"Feature","id":"Buildings.fid-6b1d3889_1a03126b129_7c7b","geometry":{"type":"Polygon","coordinates":[[[153620.0161317,168575.32513827],[153619.02093908,168572.63085475],[153622.51349479,168571.38019557],[153623.35829404,168573.81937771],[153626.7150107,168572.6617713],[153630.23501893,168582.63563518],[153623.343,168585.006],[153620.0161317,168575.32513827]]]},"geometry_name":"GEOM","properties":{"INSPIRE_ID":"https://databrussels.be/id/building/1754440","BLOCK_ID":"https://databrussels.be/id/block/25009","AREA":86},"bbox":[153619.02093908,168571.38019557,153630.23501893,168585.006]},{"type":"Feature","id":"Buildings.fid-6b1d3889_1a03126b129_7c6c","geometry":{"type":"Polygon","coordinates":[[[153561.093,168554.37],[153567.152,168550.782],[153574.198,168563.147],[153573.73,168563.42],[153574.82,168565.29],[153568.97,168568.68],[153568.82,168568.42],[153567.7,168566.67],[153561.093,168554.37]]]},"geometry_name":"GEOM","properties":{"INSPIRE_ID":"https://databrussels.be/id/building/1754450","BLOCK_ID":"https://databrussels.be/id/block/25009","AREA":117},"bbox":[153561.093,168550.782,153574.82,168568.68]},{"type":"Feature","id":"Buildings.fid-6b1d3889_1a03126b129_7bef","geometry":{"type":"Polygon","coordinates":[[[153735.19899956,168939.21800008],[153746.321,168939.971],[153746.42,168938.69],[153749.99,168938.97],[153750.31,168934.87],[153748.442,168934.726],[153748.67841549,168931.35864841],[153747.21250938,168931.25093655],[153735.85098958,168930.41611467],[153735.19899956,168939.21800008]]]},"geometry_name":"GEOM","properties":{"INSPIRE_ID":"https://databrussels.be/id/building/1754451","BLOCK_ID":"https://databrussels.be/id/block/24790","AREA":119},"bbox":[153735.19899956,168930.41611467,153750.31,168939.971]},{"type":"Feature","id":"Buildings.fid-6b1d3889_1a03126b129_7c67","geometry":{"type":"Polygon","coordinates":[[[153543.76,168565.279],[153550.407,168561.028],[153556.583,168571.255],[153553.16,168573.51],[153553.64,168574.25],[153550.54,168576.29],[153549.96,168575.4],[153543.76,168565.279]]]},"geometry_name":"GEOM","properties":{"INSPIRE_ID":"https://databrussels.be/id/building/1754809","BLOCK_ID":"https://databrussels.be/id/block/25009","AREA":97},"bbox":[153543.76,168561.028,153556.583,168576.29]},{"type":"Feature","id":"Buildings.fid-6b1d3889_1a03126b129_7bea","geometry":{"type":"Polygon","coordinates":[[[153757.29496615,168919.73679494],[153757.80931579,168915.27705753],[153748.17370917,168914.15601187],[153748.93821516,168907.98631746],[153758.60606425,168909.21649297],[153759.44733627,168902.16437809],[153765.35521342,168902.92381292],[153763.20242011,168920.53297182],[153757.29496615,168919.73679494]]]},"geometry_name":"GEOM","properties":{"INSPIRE_ID":"https://databrussels.be/id/building/1754817","BLOCK_ID":"https://databrussels.be/id/block/24790","AREA":166},"bbox":[153748.17370917,168902.16437809,153765.35521342,168920.53297182]},{"type":"Feature","id":"Buildings.fid-6b1d3889_1a03126b129_7cda","geometry":{"type":"Polygon","coordinates":[[[153525.45515575,168601.39334867],[153522.50177356,168598.5404289],[153520.74367827,168596.80011608],[153512.59473025,168588.73359162],[153517.6217723,168585.23647655],[153519.38781982,168585.53225946],[153520.76823461,168587.37985595],[153521.20150817,168587.05832225],[153526.9315055,168595.25889105],[153526.35635942,168595.68048651],[153528.69280585,168598.6464105],[153525.45515575,168601.39334867]]]},"geometry_name":"GEOM","properties":{"INSPIRE_ID":"https://databrussels.be/id/building/1754819","BLOCK_ID":"https://databrussels.be/id/block/25009","AREA":107},"bbox":[153512.59473025,168585.23647655,153528.69280585,168601.39334867]},{"type":"Feature","id":"Buildings.fid-6b1d3889_1a03126b129_7be0","geometry":{"type":"Polygon","coordinates":[[[153750.02,168807.79],[153751.09,168800.8],[153760.006,168801.903],[153774.61,168803.71],[153773.89,168810.71],[153750.02,168807.79]]]},"geometry_name":"GEOM","properties":{"INSPIRE_ID":"https://databrussels.be/id/building/1754820","BLOCK_ID":"https://databrussels.be/id/block/24790","AREA":168},"bbox":[153750.02,168800.8,153774.61,168810.71]},{"type":"Feature","id":"Buildings.fid-6b1d3889_1a03126b129_7ca2","geometry":{"type":"Polygon","coordinates":[[[153535.117,168640.245],[153527.37875674,168632.50918338],[153529.65990754,168630.37781017],[153530.14484003,168630.88366743],[153533.69406903,168627.53254243],[153541.423,168635.659],[153537.624,168639.211],[153536.848,168638.424],[153535.117,168640.245]]]},"geometry_name":"GEOM","properties":{"INSPIRE_ID":"https://databrussels.be/id/building/1756030","BLOCK_ID":"https://databrussels.be/id/block/25009","AREA":87},"bbox":[153527.37875674,168627.53254243,153541.423,168640.245]},{"type":"Feature","id":"Buildings.fid-6b1d3889_1a03126b129_7cb6","geometry":{"type":"Polygon","coordinates":[[[153505.83999979,168691.53099955],[153517.69999999,168691.06900011],[153518.03999983,168698.66000007],[153512.26899985,168698.82799968],[153512.24999986,168698.27699982],[153510.79800046,168698.38100011],[153506.01900016,168698.66099993],[153505.75299955,168692.28900043],[153505.83999979,168691.53099955]]]},"geometry_name":"GEOM","properties":{"INSPIRE_ID":"https://databrussels.be/id/building/1757188","BLOCK_ID":"https://databrussels.be/id/block/23776","AREA":88},"bbox":[153505.75299955,168691.06900011,153518.03999983,168698.82799968]},{"type":"Feature","id":"Buildings.fid-6b1d3889_1a03126b129_7c82","geometry":{"type":"Polygon","coordinates":[[[153633.91799999,168520.14699963],[153641.84999968,168517.98299967],[153644.48,168527.46],[153644.68,168528.17],[153644.53,168528.21],[153636.604,168530.4],[153633.91799999,168520.14699963]]]},"geometry_name":"GEOM","properties":{"INSPIRE_ID":"https://databrussels.be/id/building/1757190","BLOCK_ID":"https://databrussels.be/id/block/25009","AREA":88},"bbox":[153633.91799999,168517.98299967,153644.68,168530.4]},{"type":"Feature","id":"Buildings.fid-6b1d3889_1a03126b129_7cd1","geometry":{"type":"Polygon","coordinates":[[[153532.05,168822.88],[153531.27,168804.73],[153537.77,168804.45],[153538.54982072,168822.52766206],[153532.05,168822.88]]]},"geometry_name":"GEOM","properties":{"INSPIRE_ID":"https://databrussels.be/id/building/1757193","BLOCK_ID":"https://databrussels.be/id/block/28021","AREA":118},"bbox":[153531.27,168804.45,153538.54982072,168822.88]},{"type":"Feature","id":"Buildings.fid-6b1d3889_1a03126b129_7c38","geometry":{"type":"Polygon","coordinates":[[[153772.31500005,168581.86700051],[153775.51,168567.52],[153783.508,168569.382],[153780.14600003,168583.70899956],[153772.31500005,168581.86700051]]]},"geometry_name":"GEOM","properties":{"INSPIRE_ID":"https://databrussels.be/id/building/1757200","BLOCK_ID":"https://databrussels.be/id/block/25009","AREA":120},"bbox":[153772.31500005,168567.52,153783.508,168583.70899956]},{"type":"Feature","id":"Buildings.fid-6b1d3889_1a03126b129_7c60","geometry":{"type":"Polygon","coordinates":[[[153780.466,168516.659],[153786.806,168517.109],[153786.796,168517.759],[153805.012,168519.047],[153805.15,168518.16],[153805.544,168518.19],[153804.73,168530.13],[153804.71,168530.36],[153786.29,168529.06],[153786.23,168529.98],[153779.44,168529.5],[153780.466,168516.659]]]},"geometry_name":"GEOM","properties":{"INSPIRE_ID":"https://databrussels.be/id/building/1758373","BLOCK_ID":"https://databrussels.be/id/block/25009","AREA":296},"bbox":[153779.44,168516.659,153805.544,168530.36]},{"type":"Feature","id":"Buildings.fid-6b1d3889_1a03126b129_7bf1","geometry":{"type":"Polygon","coordinates":[[[153733.49204257,168947.10163875],[153740.2116772,168944.95710237],[153741.32499327,168948.05797056],[153754.6798318,168943.61682164],[153754.99212683,168944.49599985],[153758.46159876,168943.31133206],[153759.2526015,168945.79471704],[153759.86824652,168945.60138413],[153761.77132264,168950.91671283],[153760.9947653,168951.22384052],[153761.81201945,168953.49474919],[153749.11944413,168958.00958319],[153749.45783557,168958.81715596],[153743.39593065,168960.80149666],[153744.45176219,168964.03949399],[153739.58641755,168965.64689119],[153733.49204257,168947.10163875]]]},"geometry_name":"GEOM","properties":{"INSPIRE_ID":"https://databrussels.be/id/building/1758377","BLOCK_ID":"https://databrussels.be/id/block/24790","AREA":346},"bbox":[153733.49204257,168943.31133206,153761.81201945,168965.64689119]},{"type":"Feature","id":"Buildings.fid-6b1d3889_1a03126b129_7bf2","geometry":{"type":"Polygon","coordinates":[[[153758.226,168969.93],[153764.898,168963.426],[153764.179,168962.697],[153770.704,168956.353],[153776.43,168962.24],[153774.21,168964.4],[153774.92,168965.126],[153763.946,168975.798],[153758.226,168969.93]]]},"geometry_name":"GEOM","properties":{"INSPIRE_ID":"https://databrussels.be/id/building/1758395","BLOCK_ID":"https://databrussels.be/id/block/24790","AREA":157},"bbox":[153758.226,168956.353,153776.43,168975.798]},{"type":"Feature","id":"Buildings.fid-6b1d3889_1a03126b129_7be5","geometry":{"type":"Polygon","coordinates":[[[153708.06,168854.1],[153708.58,168850.25],[153710.81,168850.55],[153711.18,168847.87],[153712.60913688,168848.03234452],[153720.79300021,168848.96200021],[153719.95300025,168855.69400048],[153708.06,168854.1]]]},"geometry_name":"GEOM","properties":{"INSPIRE_ID":"https://databrussels.be/id/building/1759570","BLOCK_ID":"https://databrussels.be/id/block/28021","AREA":74},"bbox":[153708.06,168847.87,153720.79300021,168855.69400048]},{"type":"Feature","id":"Buildings.fid-6b1d3889_1a03126b129_7cde","geometry":{"type":"Polygon","coordinates":[[[153550.56499999,168625.83384244],[153544.737,168630.50684244],[153542.4217,168627.60754244],[153540.2691,168624.91174244],[153539.73879999,168625.33774244],[153537.49,168622.62814244],[153537.57649999,168622.55704244],[153536.3694,168621.08784244],[153539.30709999,168618.67414244],[153540.5142,168620.14334243],[153543.84,168617.41084244],[153547.147,168621.55284244],[153547.1603,168621.56954244],[153550.56499999,168625.83384244]]]},"geometry_name":"GEOM","properties":{"INSPIRE_ID":"https://databrussels.be/id/building/1763896","BLOCK_ID":"https://databrussels.be/id/block/25009","AREA":90},"bbox":[153536.3694,168617.41084244,153550.56499999,168630.50684244]},{"type":"Feature","id":"Buildings.fid-6b1d3889_1a03126b129_7c6a","geometry":{"type":"Polygon","coordinates":[[[153559.177,168606.569],[153557.617,168604.389],[153559.89300641,168602.81599566],[153561.35576789,168605.07271787],[153566.87499975,168613.23400028],[153561.334,168617.073],[153555.859,168608.812],[153559.177,168606.569]]]},"geometry_name":"GEOM","properties":{"INSPIRE_ID":"https://databrussels.be/id/building/1763903","BLOCK_ID":"https://databrussels.be/id/block/25009","AREA":73},"bbox":[153555.859,168602.81599566,153566.87499975,168617.073]},{"type":"Feature","id":"Buildings.fid-6b1d3889_1a03126b129_7c1c","geometry":{"type":"Polygon","coordinates":[[[153639.59160991,168566.58025358],[153641.50500603,168566.09273061],[153641.40285535,168565.72440706],[153646.15157052,168564.54338291],[153646.63682656,168566.57584957],[153646.952,168566.503],[153649.823,168577.627],[153642.818,168579.354],[153640.09041375,168568.39054189],[153639.59160991,168566.58025358]]]},"geometry_name":"GEOM","properties":{"INSPIRE_ID":"https://databrussels.be/id/building/1763912","BLOCK_ID":"https://databrussels.be/id/block/25009","AREA":96},"bbox":[153639.59160991,168564.54338291,153649.823,168579.354]},{"type":"Feature","id":"Buildings.fid-6b1d3889_1a03126b129_7cac","geometry":{"type":"Polygon","coordinates":[[[153636.2,168661.19],[153641.257,168651.923],[153647.902,168655.52],[153646.054,168659.148],[153647.497,168659.988],[153643.99,168665.93],[153636.2,168661.19]]]},"geometry_name":"GEOM","properties":{"INSPIRE_ID":"https://databrussels.be/id/building/1764896","BLOCK_ID":"https://databrussels.be/id/block/26259","AREA":93},"bbox":[153636.2,168651.923,153647.902,168665.93]},{"type":"Feature","id":"Buildings.fid-6b1d3889_1a03126b129_7caa","geometry":{"type":"Polygon","coordinates":[[[153633.532,168647.407],[153641.257,168651.923],[153636.2,168661.19],[153635.4,168662.51],[153635.24,168662.41],[153634.87,168663.03],[153634.77,168662.97],[153630.97,168660.66],[153631.28,168660.14],[153630.35,168659.57],[153631.79,168657.2],[153628.8,168655.38],[153633.532,168647.407]]]},"geometry_name":"GEOM","properties":{"INSPIRE_ID":"https://databrussels.be/id/building/1764905","BLOCK_ID":"https://databrussels.be/id/block/26259","AREA":104},"bbox":[153628.8,168647.407,153641.257,168663.03]},{"type":"Feature","id":"Buildings.fid-6b1d3889_1a03126b129_7be4","geometry":{"type":"Polygon","coordinates":[[[153709.653,168838.757],[153718.03,168839.921],[153717.838,168840.929],[153721.737,168841.402],[153720.79300021,168848.96200021],[153712.60913688,168848.03234452],[153711.18,168847.87],[153708.416,168847.491],[153709.653,168838.757]]]},"geometry_name":"GEOM","properties":{"INSPIRE_ID":"https://databrussels.be/id/building/1764907","BLOCK_ID":"https://databrussels.be/id/block/28021","AREA":104},"bbox":[153708.416,168838.757,153721.737,168848.96200021]},{"type":"Feature","id":"Buildings.fid-6b1d3889_1a03126b129_7cd0","geometry":{"type":"Polygon","coordinates":[[[153510.575,168803.171],[153524.11,168802.68],[153525.8,168802.68],[153526.452,168816.831],[153516.322,168817.227],[153516.312,168816.877],[153511.119,168817.08],[153510.575,168803.171]]]},"geometry_name":"GEOM","properties":{"INSPIRE_ID":"https://databrussels.be/id/building/1764909","BLOCK_ID":"https://databrussels.be/id/block/28021","AREA":216},"bbox":[153510.575,168802.68,153526.452,168817.227]},{"type":"Feature","id":"Buildings.fid-6b1d3889_1a03126b129_7c9f","geometry":{"type":"Polygon","coordinates":[[[153625.325,168865.721],[153630.028,168867.417],[153631.005,168865.013],[153635.565,168866.589],[153636.164,168865.017],[153643.82,168867.839],[153647.234,168858.172],[153637.74484831,168854.67340872],[153639.46625224,168850.48253387],[153629.62760629,168846.43382354],[153627.62644772,168851.18976936],[153630.28723405,168852.40534891],[153625.325,168865.721]]]},"geometry_name":"GEOM","properties":{"INSPIRE_ID":"https://databrussels.be/id/building/1764910","BLOCK_ID":"https://databrussels.be/id/block/28021","AREA":266},"bbox":[153625.325,168846.43382354,153647.234,168867.839]},{"type":"Feature","id":"Buildings.fid-6b1d3889_1a03126b129_7bf7","geometry":{"type":"Polygon","coordinates":[[[153732.59,168647.656],[153736.844,168637.747],[153746.07,168641.7],[153741.692,168651.608],[153732.59,168647.656]]]},"geometry_name":"GEOM","properties":{"INSPIRE_ID":"https://databrussels.be/id/building/1765065","BLOCK_ID":"https://databrussels.be/id/block/25647","AREA":108},"bbox":[153732.59,168637.747,153746.07,168651.608]},{"type":"Feature","id":"Buildings.fid-6b1d3889_1a03126b129_7c41","geometry":{"type":"Polygon","coordinates":[[[153825.591,168652.093],[153827.621,168648.829],[153830.566,168644.349],[153841.85575024,168651.35793001],[153838.5983788,168655.85159705],[153834.97103488,168653.64571698],[153833.63519417,168655.6961811],[153834.22887939,168656.27148302],[153833.35978444,168657.60487261],[153825.591,168652.093]]]},"geometry_name":"GEOM","properties":{"INSPIRE_ID":"https://databrussels.be/id/building/1765071","BLOCK_ID":"https://databrussels.be/id/block/24790","AREA":109},"bbox":[153825.591,168644.349,153841.85575024,168657.60487261]},{"type":"Feature","id":"Buildings.fid-6b1d3889_1a03126b129_7cba","geometry":{"type":"Polygon","coordinates":[[[153568.52,168704.2],[153569.448,168704.494],[153570.204,168702.109],[153578.771,168704.976],[153577.87160119,168707.80604748],[153577.53897218,168707.70496189],[153576.27213776,168711.48207506],[153578.01249403,168712.04727678],[153576.46761149,168716.95864602],[153575.36383473,168716.59825471],[153575.11690217,168717.4565727],[153574.4189496,168717.25304331],[153573.80470138,168719.3089178],[153565.59610987,168716.69763687],[153566.30975321,168714.59757757],[153565.71378851,168714.37983773],[153567.20640991,168709.75179399],[153567.8799036,168709.94819144],[153568.06865727,168709.26443619],[153567.07151963,168708.96479707],[153568.52,168704.2]]]},"geometry_name":"GEOM","properties":{"INSPIRE_ID":"https://databrussels.be/id/building/1765087","BLOCK_ID":"https://databrussels.be/id/block/23776","AREA":150},"bbox":[153565.59610987,168702.109,153578.771,168719.3089178]},{"type":"Feature","id":"Buildings.fid-6b1d3889_1a03126b129_7be2","geometry":{"type":"Polygon","coordinates":[[[153659.63624704,168844.84088318],[153659.212,168844.752],[153662.732,168829.149],[153671.065,168831.052],[153667.689,168846.528],[153667.26075958,168846.43828017],[153666.89238276,168848.07569436],[153659.23837286,168846.54891101],[153659.63624704,168844.84088318]]]},"geometry_name":"GEOM","properties":{"INSPIRE_ID":"https://databrussels.be/id/building/1765088","BLOCK_ID":"https://databrussels.be/id/block/28021","AREA":150},"bbox":[153659.212,168829.149,153671.065,168848.07569436]},{"type":"Feature","id":"Buildings.fid-6b1d3889_1a03126b129_7c0a","geometry":{"type":"Polygon","coordinates":[[[153710.82900033,168723.10999991],[153714.23,168712.68],[153722.262,168715.279],[153718.91700012,168725.81500011],[153710.82900033,168723.10999991]]]},"geometry_name":"GEOM","properties":{"INSPIRE_ID":"https://databrussels.be/id/building/1765113","BLOCK_ID":"https://databrussels.be/id/block/26259","AREA":93},"bbox":[153710.82900033,168712.68,153722.262,168725.81500011]},{"type":"Feature","id":"Buildings.fid-6b1d3889_1a03126b129_7cd5","geometry":{"type":"Polygon","coordinates":[[[153505.63603766,168596.1258178],[153505.92710466,168605.37870406],[153506.06784708,168606.23640817],[153506.41572672,168607.03292843],[153506.94926232,168607.71908041],[153507.63550851,168608.25249482],[153508.43209019,168608.6002338],[153509.28981914,168608.74082475],[153510.15573135,168608.66558631],[153510.97635748,168608.37916439],[153511.7010246,168607.8992453],[153520.15965895,168607.54438514],[153520.13995077,168603.96087531],[153519.25597123,168603.32977347],[153505.55794782,168593.62979522],[153505.63603766,168596.1258178]]]},"geometry_name":"GEOM","properties":{"INSPIRE_ID":"https://databrussels.be/id/building/1765128","BLOCK_ID":"https://databrussels.be/id/block/25009","AREA":130},"bbox":[153505.55794782,168593.62979522,153520.15965895,168608.74082475]},{"type":"Feature","id":"Buildings.fid-6b1d3889_1a03126b129_7cb3","geometry":{"type":"Polygon","coordinates":[[[153627.554,168696.024],[153631.401,168684.19],[153641.94,168687.52],[153638.314,168699.54],[153627.554,168696.024]]]},"geometry_name":"GEOM","properties":{"INSPIRE_ID":"https://databrussels.be/id/building/1765130","BLOCK_ID":"https://databrussels.be/id/block/26259","AREA":140},"bbox":[153627.554,168684.19,153641.94,168699.54]},{"type":"Feature","id":"Buildings.fid-6b1d3889_1a03126b129_7be3","geometry":{"type":"Polygon","coordinates":[[[153680.37,168833.174],[153694.319,168836.08],[153693.5912325,168839.41265839],[153694.80694388,168839.6826689],[153693.6860654,168844.82604372],[153692.46155462,168844.58578094],[153691.84987368,168847.38684532],[153693.60564292,168847.76768132],[153693.08009877,168850.23046202],[153691.30465183,168849.88357424],[153690.939,168851.558],[153676.901,168848.612],[153677.255,168846.962],[153676.46,168846.793],[153677.597,168841.805],[153678.41,168842.026],[153680.37,168833.174]]]},"geometry_name":"GEOM","properties":{"INSPIRE_ID":"https://databrussels.be/id/building/1765963","BLOCK_ID":"https://databrussels.be/id/block/28021","AREA":242},"bbox":[153676.46,168833.174,153694.80694388,168851.558]},{"type":"Feature","id":"Buildings.fid-6b1d3889_1a03126b129_7c6b","geometry":{"type":"Polygon","coordinates":[[[153559.89300641,168602.81599566],[153559.24,168601.85],[153565.024,168597.942],[153567.294,168601.292],[153572.74100037,168609.13399995],[153566.87499975,168613.23400028],[153561.35576789,168605.07271787],[153559.89300641,168602.81599566]]]},"geometry_name":"GEOM","properties":{"INSPIRE_ID":"https://databrussels.be/id/building/1766256","BLOCK_ID":"https://databrussels.be/id/block/25009","AREA":96},"bbox":[153559.24,168597.942,153572.74100037,168613.23400028]},{"type":"Feature","id":"Buildings.fid-6b1d3889_1a03126b129_7cd7","geometry":{"type":"Polygon","coordinates":[[[153506.377,168612.863],[153516.81,168612.43],[153517.07,168617.17],[153517.18,168617.16],[153517.518,168617.143],[153517.61399952,168620.03898198],[153506.69699988,168620.46200045],[153506.377,168612.863]]]},"geometry_name":"GEOM","properties":{"INSPIRE_ID":"https://databrussels.be/id/building/1766270","BLOCK_ID":"https://databrussels.be/id/block/25009","AREA":81},"bbox":[153506.377,168612.43,153517.61399952,168620.46200045]},{"type":"Feature","id":"Buildings.fid-6b1d3889_1a03126b129_7c77","geometry":{"type":"Polygon","coordinates":[[[153598.21,168581.67],[153598.63,168581.48],[153599.14,168582.65],[153605.2,168579.96],[153606.34,168582.55],[153608.016,168581.808],[153611.208,168589.486],[153609.69,168590.06],[153603.016,168592.921],[153599.62,168584.96],[153598.21,168581.67]]]},"geometry_name":"GEOM","properties":{"INSPIRE_ID":"https://databrussels.be/id/building/1766275","BLOCK_ID":"https://databrussels.be/id/block/25009","AREA":94},"bbox":[153598.21,168579.96,153611.208,168592.921]},{"type":"Feature","id":"Buildings.fid-6b1d3889_1a03126b129_7cd8","geometry":{"type":"Polygon","coordinates":[[[153506.69699988,168620.46200045],[153506.98094187,168627.14085327],[153521.09322088,168626.45446308],[153520.76,168620.18],[153519.88,168620.22],[153519.87471662,168620.07735068],[153517.61399952,168620.03898198],[153506.69699988,168620.46200045]]]},"geometry_name":"GEOM","properties":{"INSPIRE_ID":"https://databrussels.be/id/building/1766276","BLOCK_ID":"https://databrussels.be/id/block/25009","AREA":93},"bbox":[153506.69699988,168620.03898198,153521.09322088,168627.14085327]},{"type":"Feature","id":"Buildings.fid-6b1d3889_1a03126b129_7c53","geometry":{"type":"Polygon","coordinates":[[[153736.207,168513.125],[153736.407,168513.138],[153736.506,168511.892],[153739.65,168512.097],[153739.551,168513.344],[153743.304,168513.589],[153742.70340046,168523.67768131],[153742.12,168526.5],[153735.919,168526.054],[153736.104,168523.014],[153735.421,168522.974],[153736.207,168513.125]]]},"geometry_name":"GEOM","properties":{"INSPIRE_ID":"https://databrussels.be/id/building/1766283","BLOCK_ID":"https://databrussels.be/id/block/25009","AREA":95},"bbox":[153735.421,168511.892,153743.304,168526.5]},{"type":"Feature","id":"Buildings.fid-6b1d3889_1a03126b129_7c58","geometry":{"type":"Polygon","coordinates":[[[153763.6,168529.02],[153764.953,168515.26],[153773.374,168515.831],[153773.096,168518.991],[153774.413,168519.082],[153773.791,168527.905],[153772.9,168527.85],[153772.68,168531.31],[153763.58,168530.75],[153763.6,168529.02]]]},"geometry_name":"GEOM","properties":{"INSPIRE_ID":"https://databrussels.be/id/building/1766285","BLOCK_ID":"https://databrussels.be/id/block/25009","AREA":147},"bbox":[153763.58,168515.26,153774.413,168531.31]},{"type":"Feature","id":"Buildings.fid-6b1d3889_1a03126b129_7c0e","geometry":{"type":"Polygon","coordinates":[[[153655.34094471,168746.3499707],[153654.92,168746.21],[153655.17,168745.46],[153654.72,168745.31],[153655.83,168741.97],[153656.526,168742.212],[153660.02,168731.507],[153667.975,168734.159],[153666.435,168738.889],[153667.335,168739.188],[153665.661,168744.264],[153664.732,168743.954],[153663.073,168748.921],[153662.86403758,168748.85151673],[153662.55334615,168749.67536981],[153662.19434452,168749.8197739],[153655.24015284,168747.47638059],[153655.13267609,168747.01374596],[153655.34094471,168746.3499707]]]},"geometry_name":"GEOM","properties":{"INSPIRE_ID":"https://databrussels.be/id/building/1766286","BLOCK_ID":"https://databrussels.be/id/block/23776","AREA":147},"bbox":[153654.72,168731.507,153667.975,168749.8197739]},{"type":"Feature","id":"Buildings.fid-6b1d3889_1a03126b129_7cc4","geometry":{"type":"Polygon","coordinates":[[[153543.55900027,168762.47000033],[153560.32,168763.561],[153561.29,168748.208],[153559.25,168748.05],[153559.33,168747.14],[153547.52,168746.17],[153547.42,168747.4],[153543.9,168747.112],[153543.271,168755.514],[153544.01,168755.534],[153543.55900027,168762.47000033]]]},"geometry_name":"GEOM","properties":{"INSPIRE_ID":"https://databrussels.be/id/building/1766294","BLOCK_ID":"https://databrussels.be/id/block/23776","AREA":276},"bbox":[153543.271,168746.17,153561.29,168763.561]},{"type":"Feature","id":"Buildings.fid-6b1d3889_1a03126b129_7c88","geometry":{"type":"Polygon","coordinates":[[[153517.1,168957.43],[153525.82,168957.05],[153528.91,168956.91],[153528.92,168957.08],[153529.04,168957.07],[153529.26,168962.77],[153527.82,168962.82],[153527.82,168962.99],[153526.99929149,168962.97915932],[153517.33,168963.47],[153517.1,168957.43]]]},"geometry_name":"GEOM","properties":{"INSPIRE_ID":"https://databrussels.be/id/building/1766304","BLOCK_ID":"https://databrussels.be/id/block/26825","AREA":72},"bbox":[153517.1,168956.91,153529.26,168963.47]},{"type":"Feature","id":"Buildings.fid-6b1d3889_1a03126b129_7c0d","geometry":{"type":"Polygon","coordinates":[[[153761.848,168742.936],[153763.416,168740.529],[153763.139,168740.341],[153766.66,168735.217],[153766.872,168735.359],[153769.485,168731.382],[153775.48,168735.33],[153775.67,168735.1],[153776.05,168735.45],[153776.52,168734.84],[153779.98,168737.11],[153779.6,168737.7],[153780.04,168737.98],[153779.86,168738.26],[153785.97,168742.24],[153783.53,168745.98],[153783.81,168746.16],[153780.81,168750.9],[153785.1,168753.69],[153785.25,168753.45],[153786.94,168754.55],[153784.842,168757.774],[153774.198,168750.846],[153775.618,168748.665],[153767.395,168743.434],[153765.986,168745.603],[153761.848,168742.936]]]},"geometry_name":"GEOM","properties":{"INSPIRE_ID":"https://databrussels.be/id/building/1767467","BLOCK_ID":"https://databrussels.be/id/block/24790","AREA":282},"bbox":[153761.848,168731.382,153786.94,168757.774]},{"type":"Feature","id":"Buildings.fid-6b1d3889_1a03126b129_7cc2","geometry":{"type":"Polygon","coordinates":[[[153642.96,168725.788],[153650.975,168728.422],[153646.60614677,168742.95105497],[153646.05265507,168742.7746307],[153645.50336123,168744.34823873],[153636.98971629,168741.61275722],[153638.14950397,168737.73948327],[153639.11934316,168737.94510426],[153642.96,168725.788]]]},"geometry_name":"GEOM","properties":{"INSPIRE_ID":"https://databrussels.be/id/building/1767486","BLOCK_ID":"https://databrussels.be/id/block/23776","AREA":147},"bbox":[153636.98971629,168725.788,153650.975,168744.34823873]},{"type":"Feature","id":"Buildings.fid-6b1d3889_1a03126b129_7c55","geometry":{"type":"Polygon","coordinates":[[[153744.4393,168513.09204244],[153746.32989999,168513.21464244],[153746.39599999,168513.32324244],[153746.61869999,168513.80504244],[153749.9742,168514.02294244],[153749.82329999,168516.34734244],[153750.156,168516.36894244],[153749.98979999,168518.92844244],[153749.8237,168521.48794244],[153749.49099999,168521.46634244],[153749.33749999,168523.83114244],[153749.0154,168523.81024244],[153748.8239,168526.76004244],[153748.6113,168530.03474244],[153741.93419999,168529.62924244],[153742.11999999,168526.50084244],[153742.14999999,168526.35564244],[153742.55799999,168524.37984244],[153742.6999,168523.69304244],[153742.703,168523.67784244],[153742.713,168523.51084244],[153742.71949999,168523.40104243],[153742.7681,168522.58144244],[153742.78299999,168522.33084244],[153743.0111,168518.49564244],[153743.015,168518.42984244],[153743.255,168514.40984244],[153743.30399999,168513.58984244],[153744.09309999,168513.64104244],[153744.4393,168513.09204244]]]},"geometry_name":"GEOM","properties":{"INSPIRE_ID":"https://databrussels.be/id/building/1767490","BLOCK_ID":"https://databrussels.be/id/block/25009","AREA":110},"bbox":[153741.93419999,168513.09204244,153750.156,168530.03474244]},{"type":"Feature","id":"Buildings.fid-6b1d3889_1a03126b129_7c8a","geometry":{"type":"Polygon","coordinates":[[[153517.6,168970.43],[153528.12066103,168969.95030891],[153529.00000006,168969.96000008],[153529.26999994,168976.85000005],[153528.50876803,168976.98711276],[153521.60511762,168977.21523342],[153517.856,168977.31],[153517.6,168970.43]]]},"geometry_name":"GEOM","properties":{"INSPIRE_ID":"https://databrussels.be/id/building/1767511","BLOCK_ID":"https://databrussels.be/id/block/26825","AREA":80},"bbox":[153517.6,168969.95030891,153529.26999994,168977.31]},{"type":"Feature","id":"Buildings.fid-6b1d3889_1a03126b129_7c14","geometry":{"type":"Polygon","coordinates":[[[153717.64799988,168768.896],[153718.598,168760.915],[153731.812,168762.475],[153731.781,168762.659],[153730.719,168770.454],[153717.64799988,168768.896]]]},"geometry_name":"GEOM","properties":{"INSPIRE_ID":"https://databrussels.be/id/building/1768662","BLOCK_ID":"https://databrussels.be/id/block/23776","AREA":106},"bbox":[153717.64799988,168760.915,153731.812,168770.454]},{"type":"Feature","id":"Buildings.fid-6b1d3889_1a03126b129_7c7d","geometry":{"type":"Polygon","coordinates":[[[153620.68390632,168524.46787405],[153627.65899988,168521.8040002],[153631.83477508,168532.65435079],[153631.06849738,168532.92673473],[153632.33305325,168536.16408725],[153627.12427085,168538.14632849],[153626.0082029,168535.16918121],[153624.92500047,168535.57951414],[153620.68390632,168524.46787405]]]},"geometry_name":"GEOM","properties":{"INSPIRE_ID":"https://databrussels.be/id/building/1768663","BLOCK_ID":"https://databrussels.be/id/block/25009","AREA":106},"bbox":[153620.68390632,168521.8040002,153632.33305325,168538.14632849]},{"type":"Feature","id":"Buildings.fid-6b1d3889_1a03126b129_7c85","geometry":{"type":"Polygon","coordinates":[[[153513.407,168871.443],[153514.703,168901.39],[153519.666,168901.259],[153519.676,168902.191],[153530.103,168901.709],[153529.087,168877.858],[153528.78699991,168870.81600016],[153513.407,168871.443]]]},"geometry_name":"GEOM","properties":{"INSPIRE_ID":"https://databrussels.be/id/building/1768666","BLOCK_ID":"https://databrussels.be/id/block/28021","AREA":471},"bbox":[153513.407,168870.81600016,153530.103,168902.191]},{"type":"Feature","id":"Buildings.fid-6b1d3889_1a03126b129_7bd3","geometry":{"type":"Polygon","coordinates":[[[153838.25,168993.65],[153839.73,168986.04],[153843.59,168986.79],[153844.35,168982.91],[153844.13,168982.86],[153845.33,168976.68],[153855.91,168978.74],[153853.97,168988.74],[153856.82,168989.3],[153855.23,168997.53],[153848.54,168996.23],[153848.38,168996.42],[153848.23,168996.62],[153848.05,168996.79],[153847.71,168996.99],[153847.33,168997.13],[153846.95,168997.19],[153846.54,168997.15],[153846.14,168997.02],[153845.78,168996.81],[153845.49,168996.53],[153845.25,168996.18],[153845.09,168995.8],[153845.05,168995.66],[153845.03,168995.52],[153845.01,168995.38],[153845.03,168995.25],[153845.06,168995.11],[153845.09,168994.98],[153838.25,168993.65]]]},"geometry_name":"GEOM","properties":{"INSPIRE_ID":"https://databrussels.be/id/building/1768667","BLOCK_ID":"https://databrussels.be/id/block/24790","AREA":254},"bbox":[153838.25,168976.68,153856.82,168997.53]},{"type":"Feature","id":"Buildings.fid-6b1d3889_1a03126b129_7c10","geometry":{"type":"Polygon","coordinates":[[[153694.37,168743.01],[153694.01778117,168744.18237708],[153691.15010537,168752.78926356],[153690.03973404,168752.43626257],[153688.79502296,168756.31221171],[153687.61940251,168756.01323879],[153686.83753675,168758.37097344],[153695.66795138,168761.38899154],[153695.82089626,168760.93318882],[153701.10729537,168745.17878659],[153694.37,168743.01]]]},"geometry_name":"GEOM","properties":{"INSPIRE_ID":"https://databrussels.be/id/building/1768669","BLOCK_ID":"https://databrussels.be/id/block/23776","AREA":130},"bbox":[153686.83753675,168743.01,153701.10729537,168761.38899154]},{"type":"Feature","id":"Buildings.fid-6b1d3889_1a03126b129_7c2f","geometry":{"type":"Polygon","coordinates":[[[153746.4705,168628.7393],[153747.5828,168626.2794],[153750.7735,168627.7221],[153749.6612,168630.182],[153746.4705,168628.7393]]]},"geometry_name":"GEOM","properties":{"INSPIRE_ID":"https://databrussels.be/id/building/1772994","BLOCK_ID":"https://databrussels.be/id/block/25647","AREA":9},"bbox":[153746.4705,168626.2794,153750.7735,168630.182]},{"type":"Feature","id":"Buildings.fid-6b1d3889_1a03126b129_7c5b","geometry":{"type":"Polygon","coordinates":[[[153726.9013,168542.3546],[153727.0129,168539.8839],[153728.3715,168539.9453],[153729.7302,168540.0067],[153729.6186,168542.4773],[153728.26,168542.4159],[153726.9013,168542.3546]]]},"geometry_name":"GEOM","properties":{"INSPIRE_ID":"https://databrussels.be/id/building/1772995","BLOCK_ID":"https://databrussels.be/id/block/25009","AREA":7},"bbox":[153726.9013,168539.8839,153729.7302,168542.4773]},{"type":"Feature","id":"Buildings.fid-6b1d3889_1a03126b129_7c96","geometry":{"type":"Polygon","coordinates":[[[153577.12632844,168827.76743426],[153578.65948861,168829.88035165],[153577.40773088,168830.78864324],[153575.87457071,168828.67572585],[153577.12632844,168827.76743426]]]},"geometry_name":"GEOM","properties":{"INSPIRE_ID":"https://databrussels.be/id/building/1776831","BLOCK_ID":"https://databrussels.be/id/block/28021","AREA":4},"bbox":[153575.87457071,168827.76743426,153578.65948861,168830.78864324]},{"type":"Feature","id":"Buildings.fid-6b1d3889_1a03126b129_7c72","geometry":{"type":"Polygon","coordinates":[[[153592.69929999,168631.56988487],[153592.97689999,168631.38988487],[153590.45799999,168627.50548488],[153590.18039999,168627.68538487],[153588.69689999,168625.39768487],[153588.68189999,168625.37448487],[153583.08484701,168629.00384515],[153588.36792352,168637.38844645],[153594.07329999,168633.68878487],[153594.05829999,168633.66558487],[153592.69929999,168631.56988487]]]},"geometry_name":"GEOM","properties":{"INSPIRE_ID":"https://databrussels.be/id/building/1777086","BLOCK_ID":"https://databrussels.be/id/block/26259","AREA":68},"bbox":[153583.08484701,168625.37448487,153594.07329999,168637.38844645]},{"type":"Feature","id":"Buildings.fid-6b1d3889_1a03126b129_7c36","geometry":{"type":"Polygon","coordinates":[[[153807.1076,168556.0796],[153804.6188,168555.576],[153805.0058,168553.6634],[153807.4947,168554.167],[153807.1076,168556.0796]]]},"geometry_name":"GEOM","properties":{"INSPIRE_ID":"https://databrussels.be/id/building/1777352","BLOCK_ID":"https://databrussels.be/id/block/25009","AREA":5},"bbox":[153804.6188,168553.6634,153807.4947,168556.0796]},{"type":"Feature","id":"Buildings.fid-6b1d3889_1a03126b129_7c4e","geometry":{"type":"Polygon","coordinates":[[[153811.8429,168974.12444243],[153811.7933,168974.24824243],[153810.5829,168977.26994243],[153809.51269999,168979.94174244],[153810.3774,168980.28814244],[153809.4038,168982.71884243],[153802.257,168979.85614244],[153803.2307,168977.42544244],[153803.41929999,168976.95444244],[153802.1576,168976.44914244],[153803.0392,168974.24824244],[153797.99759999,168972.22884243],[153799.2576,168969.08324244],[153800.51749999,168965.93774244],[153801.3886,168966.28664244],[153802.9518,168966.91284244],[153806.92419999,168968.50394244],[153807.3021,168967.56054244],[153808.0635,168965.65954244],[153808.7775,168963.87704244],[153811.8668,168965.11454243],[153814.9562,168966.35194244],[153813.10279999,168970.97884244],[153811.8429,168974.12444243]]]},"geometry_name":"GEOM","properties":{"INSPIRE_ID":"https://databrussels.be/id/building/1779428","BLOCK_ID":"https://databrussels.be/id/block/24790","AREA":168},"bbox":[153797.99759999,168963.87704244,153814.9562,168982.71884243]},{"type":"Feature","id":"Buildings.fid-6b1d3889_1a03126b129_7c98","geometry":{"type":"Polygon","coordinates":[[[153586.02,168966.63964243],[153585.6749,168968.01784244],[153585.1005,168970.31144244],[153583.2152,168969.83934244],[153583.7896,168967.54564244],[153584.1347,168966.16754244],[153586.02,168966.63964243]]]},"geometry_name":"GEOM","properties":{"INSPIRE_ID":"https://databrussels.be/id/building/1779431","BLOCK_ID":"https://databrussels.be/id/block/26825","AREA":7},"bbox":[153583.2152,168966.16754244,153586.02,168970.31144244]},{"type":"Feature","id":"Buildings.fid-6b1d3889_1a03126b129_7ca3","geometry":{"type":"Polygon","coordinates":[[[153583.08484701,168629.00384515],[153581.62059999,168629.95338487],[153579.38929999,168631.40028487],[153576.74129999,168633.11738487],[153576.75629999,168633.14058487],[153582.11759999,168641.40848487],[153582.13269999,168641.43168487],[153585.17039999,168639.46188487],[153586.18529999,168641.02458487],[153589.35990755,168638.96279248],[153588.36792352,168637.38844645],[153583.08484701,168629.00384515]]]},"geometry_name":"GEOM","properties":{"INSPIRE_ID":"https://databrussels.be/id/building/1779440","BLOCK_ID":"https://databrussels.be/id/block/26259","AREA":81},"bbox":[153576.74129999,168629.00384515,153589.35990755,168641.43168487]},{"type":"Feature","id":"Buildings.fid-6b1d3889_1a03126b129_7cc7","geometry":{"type":"Polygon","coordinates":[[[153574.27842691,168758.72016836],[153575.01101472,168758.90973254],[153575.21584759,168759.58000799],[153575.81582866,168760.3901602],[153575.95252468,168760.58417544],[153578.46587536,168761.45594204],[153578.10262115,168762.56080751],[153576.65480397,168762.04941265],[153576.43468832,168762.76414173],[153573.32768792,168761.80727652],[153574.27842691,168758.72016836]]]},"geometry_name":"GEOM","properties":{"INSPIRE_ID":"https://databrussels.be/id/building/1780327","BLOCK_ID":"https://databrussels.be/id/block/23776","AREA":10},"bbox":[153573.32768792,168758.72016836,153578.46587536,168762.76414173]},{"type":"Feature","id":"Buildings.fid-6b1d3889_1a03126b129_7bfb","geometry":{"type":"Polygon","coordinates":[[[153695.4083,168678.3741],[153695.0459,168666.4271],[153705.7883,168666.1012],[153705.8691,168668.7642],[153706.9432,168668.7317],[153707.0428,168672.0129],[153705.9686,168672.0455],[153706.1507,168678.0482],[153695.4083,168678.3741]]]},"geometry_name":"GEOM","properties":{"INSPIRE_ID":"https://databrussels.be/id/building/1780548","BLOCK_ID":"https://databrussels.be/id/block/26259","AREA":132},"bbox":[153695.0459,168666.1012,153707.0428,168678.3741]},{"type":"Feature","id":"Buildings.fid-6b1d3889_1a03126b129_7c95","geometry":{"type":"Polygon","coordinates":[[[153596.028,168859.9017],[153593.5162,168869.8023],[153577.214,168865.6663],[153577.3081,168865.2954],[153573.9545,168864.4442],[153574.3953,168862.7068],[153577.749,168863.5576],[153579.7259,168855.7657],[153596.028,168859.9017]]]},"geometry_name":"GEOM","properties":{"INSPIRE_ID":"https://databrussels.be/id/building/1780549","BLOCK_ID":"https://databrussels.be/id/block/28021","AREA":178},"bbox":[153573.9545,168855.7657,153596.028,168869.8023]},{"type":"Feature","id":"Buildings.fid-6b1d3889_1a03126b129_7c9a","geometry":{"type":"Polygon","coordinates":[[[153588.0616,168909.3923],[153597.9404,168911.9849],[153594.0934,168926.6436],[153584.2146,168924.0509],[153588.0616,168909.3923]]]},"geometry_name":"GEOM","properties":{"INSPIRE_ID":"https://databrussels.be/id/building/1780550","BLOCK_ID":"https://databrussels.be/id/block/28021","AREA":155},"bbox":[153584.2146,168909.3923,153597.9404,168926.6436]},{"type":"Feature","id":"Buildings.fid-6b1d3889_1a03126b129_7c5a","geometry":{"type":"Polygon","coordinates":[[[153754.7047,168539.8816],[153754.4732,168543.0868],[153752.8685,168542.9709],[153751.1551,168542.8472],[153751.3866,168539.642],[153753.1,168539.7657],[153754.7047,168539.8816]]]},"geometry_name":"GEOM","properties":{"INSPIRE_ID":"https://databrussels.be/id/building/1782114","BLOCK_ID":"https://databrussels.be/id/block/25009","AREA":11},"bbox":[153751.1551,168539.642,153754.7047,168543.0868]},{"type":"Feature","id":"Buildings.fid-6b1d3889_1a03126b129_7bda","geometry":{"type":"Polygon","coordinates":[[[153688.46487027,168781.97472014],[153689.78393743,168782.25229455],[153689.42092324,168783.97738186],[153688.10185609,168783.69980745],[153688.46487027,168781.97472014]]]},"geometry_name":"GEOM","properties":{"INSPIRE_ID":"https://databrussels.be/id/building/1782704","BLOCK_ID":"https://databrussels.be/id/block/23776","AREA":2},"bbox":[153688.10185609,168781.97472014,153689.78393743,168783.97738186]},{"type":"Feature","id":"Buildings.fid-6b1d3889_1a03126b129_7cc5","geometry":{"type":"Polygon","coordinates":[[[153633.96806473,168756.69722225],[153635.14942717,168755.01346034],[153636.91317204,168756.25094049],[153635.7318096,168757.93470241],[153633.96806473,168756.69722225]]]},"geometry_name":"GEOM","properties":{"INSPIRE_ID":"https://databrussels.be/id/building/1783886","BLOCK_ID":"https://databrussels.be/id/block/23776","AREA":4},"bbox":[153633.96806473,168755.01346034,153636.91317204,168757.93470241]},{"type":"Feature","id":"Buildings.fid-6b1d3889_1a03126b129_7c2a","geometry":{"type":"Polygon","coordinates":[[[153669.90625715,168611.2187607],[153672.67735084,168610.85030309],[153673.1746626,168614.59048228],[153670.40356891,168614.95893989],[153669.90625715,168611.2187607]]]},"geometry_name":"GEOM","properties":{"INSPIRE_ID":"https://databrussels.be/id/building/1783887","BLOCK_ID":"https://databrussels.be/id/block/25647","AREA":11},"bbox":[153669.90625715,168610.85030309,153673.1746626,168614.95893989]},{"type":"Feature","id":"Buildings.fid-6b1d3889_1a03126b129_7c2b","geometry":{"type":"Polygon","coordinates":[[[153675.78157736,168616.47542632],[153675.63999919,168618.36010632],[153672.55123092,168618.12807641],[153672.6928091,168616.24339639],[153675.78157736,168616.47542632]]]},"geometry_name":"GEOM","properties":{"INSPIRE_ID":"https://databrussels.be/id/building/1783888","BLOCK_ID":"https://databrussels.be/id/block/25647","AREA":6},"bbox":[153672.55123092,168616.24339639,153675.78157736,168618.36010632]},{"type":"Feature","id":"Buildings.fid-6b1d3889_1a03126b129_7c11","geometry":{"type":"Polygon","coordinates":[[[153701.10729537,168745.17878659],[153695.82089626,168760.93318882],[153702.62624992,168763.3037197],[153703.03790304,168762.13204143],[153703.4779768,168762.22335852],[153708.00696259,168748.43872304],[153707.54332993,168748.30127384],[153707.79,168747.33],[153701.10729537,168745.17878659]]]},"geometry_name":"GEOM","properties":{"INSPIRE_ID":"https://databrussels.be/id/building/1784189","BLOCK_ID":"https://databrussels.be/id/block/23776","AREA":126},"bbox":[153695.82089626,168745.17878659,153708.00696259,168763.3037197]},{"type":"Feature","id":"Buildings.fid-6b1d3889_1a03126b129_7cdd","geometry":{"type":"Polygon","coordinates":[[[153534.64,168602.42],[153531.47061367,168598.19268624],[153526.14337703,168602.16292388],[153530.59902951,168606.57897773],[153532.97685405,168604.54296406],[153532.44860854,168603.74331746],[153534.64,168602.42]]]},"geometry_name":"GEOM","properties":{"INSPIRE_ID":"https://databrussels.be/id/building/1787515","BLOCK_ID":"https://databrussels.be/id/block/25009","AREA":35},"bbox":[153526.14337703,168598.19268624,153534.64,168606.57897773]},{"type":"Feature","id":"Buildings.fid-6b1d3889_1a03126b129_7cdc","geometry":{"type":"Polygon","coordinates":[[[153525.73834354,168619.90503653],[153527.58842544,168616.6945225],[153530.0529413,168619.21100342],[153525.73834354,168619.90503653]]]},"geometry_name":"GEOM","properties":{"INSPIRE_ID":"https://databrussels.be/id/building/1787516","BLOCK_ID":"https://databrussels.be/id/block/25009","AREA":6},"bbox":[153525.73834354,168616.6945225,153530.0529413,168619.90503653]},{"type":"Feature","id":"Buildings.fid-6b1d3889_1a03126b129_7c4c","geometry":{"type":"Polygon","coordinates":[[[153755.77297376,168858.88255223],[153759.49924289,168847.79398204],[153763.78935389,168849.25961554],[153764.23235949,168847.9091813],[153769.32261736,168849.65239794],[153768.87720059,168851.00852445],[153778.41852055,168854.28136891],[153779.77668212,168850.25822543],[153795.72681086,168855.75659732],[153794.53430201,168859.5203792],[153794.97499284,168859.67665414],[153793.66943216,168863.6867746],[153793.23356841,168863.52348903],[153792.90023156,168864.67967135],[153786.78646293,168862.59493188],[153784.6897747,168868.71668672],[153770.56862489,168863.90390259],[153770.15976522,168865.15161431],[153764.96108125,168863.52321504],[153765.42888262,168862.08521859],[153755.77297376,168858.88255223]]]},"geometry_name":"GEOM","properties":{"INSPIRE_ID":"https://databrussels.be/id/building/1790827","BLOCK_ID":"https://databrussels.be/id/block/24790","AREA":478},"bbox":[153755.77297376,168847.79398204,153795.72681086,168868.71668672]},{"type":"Feature","id":"Buildings.fid-6b1d3889_1a03126b129_7cd9","geometry":{"type":"Polygon","coordinates":[[[153521.09322088,168626.45446308],[153506.98094187,168627.14085327],[153507.2816,168633.7366],[153517.47111668,168633.4250249],[153517.5720107,168635.75060226],[153524.04430874,168635.45544524],[153523.534,168631.444],[153518.616,168631.697],[153518.61598595,168631.69666833],[153518.512,168629.182],[153519.74,168629.14],[153521.58,168629.04],[153521.43958364,168626.43761676],[153521.09322088,168626.45446308]]]},"geometry_name":"GEOM","properties":{"INSPIRE_ID":"https://databrussels.be/id/building/1790848","BLOCK_ID":"https://databrussels.be/id/block/25009","AREA":108},"bbox":[153506.98094187,168626.43761676,153524.04430874,168635.75060226]},{"type":"Feature","id":"Buildings.fid-6b1d3889_1a03126b129_7c8b","geometry":{"type":"Polygon","coordinates":[[[153517.856,168977.31],[153521.60511762,168977.21523342],[153528.50876803,168976.98711276],[153529.26999994,168976.85000005],[153529.97,168976.83],[153530.25,168983.76],[153529.55,168983.79],[153528.34,168983.84],[153518.311,168984.467],[153517.86,168977.41],[153517.856,168977.31]]]},"geometry_name":"GEOM","properties":{"INSPIRE_ID":"https://databrussels.be/id/building/1790853","BLOCK_ID":"https://databrussels.be/id/block/26825","AREA":84},"bbox":[153517.856,168976.83,153530.25,168984.467]},{"type":"Feature","id":"Buildings.fid-6b1d3889_1a03126b129_7c79","geometry":{"type":"Polygon","coordinates":[[[153616.31,168587.418],[153612.30255155,168576.03387224],[153616.11605367,168574.57432237],[153616.77814532,168576.51016714],[153620.0161317,168575.32513827],[153623.343,168585.006],[153616.31,168587.418]]]},"geometry_name":"GEOM","properties":{"INSPIRE_ID":"https://databrussels.be/id/building/1790855","BLOCK_ID":"https://databrussels.be/id/block/25009","AREA":84},"bbox":[153612.30255155,168574.57432237,153623.343,168587.418]},{"type":"Feature","id":"Buildings.fid-6b1d3889_1a03126b129_7c61","geometry":{"type":"Polygon","coordinates":[[[153804.71,168530.36],[153804.73,168530.13],[153805.544,168518.19],[153812.644,168518.732],[153812.04,168526.64],[153811.88,168526.63],[153811.56,168530.87],[153811.46,168532.29],[153808.53,168532.08],[153808.64,168530.64],[153804.83,168530.37],[153804.71,168530.36]]]},"geometry_name":"GEOM","properties":{"INSPIRE_ID":"https://databrussels.be/id/building/1790874","BLOCK_ID":"https://databrussels.be/id/block/25009","AREA":90},"bbox":[153804.71,168518.19,153812.644,168532.29]},{"type":"Feature","id":"Buildings.fid-6b1d3889_1a03126b129_7cc1","geometry":{"type":"Polygon","coordinates":[[[153599.052,168723.618],[153600.847,168724.093],[153600.224,168726.446],[153598.429,168725.971],[153599.052,168723.618]]]},"geometry_name":"GEOM","properties":{"INSPIRE_ID":"https://databrussels.be/id/building/1791171","BLOCK_ID":"https://databrussels.be/id/block/23776","AREA":5},"bbox":[153598.429,168723.618,153600.847,168726.446]},{"type":"Feature","id":"Buildings.fid-6b1d3889_1a03126b129_7c37","geometry":{"type":"Polygon","coordinates":[[[153821.547,168566.55],[153817.913,168565.724],[153818.91,168561.28],[153819.18,168561.35],[153819.49,168559.98],[153820.55,168559.37],[153821.06,168559.48],[153821.66,168560.47],[153823.45,168560.87],[153824.53,168556.08],[153834.948,168558.524],[153832.991,168567.195],[153823.292,168565.076],[153823.126,168565.758],[153823.046,168565.998],[153822.904,168566.182],[153822.625,168566.389],[153822.304,168566.522],[153821.974,168566.55],[153821.547,168566.55]]]},"geometry_name":"GEOM","properties":{"INSPIRE_ID":"https://databrussels.be/id/building/1792112","BLOCK_ID":"https://databrussels.be/id/block/25009","AREA":124},"bbox":[153817.913,168556.08,153834.948,168567.195]},{"type":"Feature","id":"Buildings.fid-6b1d3889_1a03126b129_7c80","geometry":{"type":"Polygon","coordinates":[[[153632.33132493,168616.57633806],[153631.21031113,168612.54238016],[153629.32287672,168613.11807359],[153627.20343676,168605.3343079],[153633.65989729,168603.40913024],[153633.76320631,168603.75622846],[153637.64666558,168602.67637592],[153637.99799516,168603.84066858],[153639.68190281,168603.349061],[153640.28581864,168605.48779904],[153638.54872982,168606.03272155],[153639.77201452,168610.06334387],[153640.60954173,168612.82292701],[153637.77726581,168613.63527023],[153638.1526251,168614.95321261],[153632.33132493,168616.57633806]]]},"geometry_name":"GEOM","properties":{"INSPIRE_ID":"https://databrussels.be/id/building/1792113","BLOCK_ID":"https://databrussels.be/id/block/25647","AREA":124},"bbox":[153627.20343676,168602.67637592,153640.60954173,168616.57633806]},{"type":"Feature","id":"Buildings.fid-6b1d3889_1a03126b129_7c51","geometry":{"type":"Polygon","coordinates":[[[153704.93,168524.19],[153705.365,168511.284],[153713.552,168511.472],[153713.472,168516.257],[153715.375,168516.307],[153715.12,168524.675],[153705.01,168524.38],[153704.93,168524.19]]]},"geometry_name":"GEOM","properties":{"INSPIRE_ID":"https://databrussels.be/id/building/1792116","BLOCK_ID":"https://databrussels.be/id/block/25009","AREA":124},"bbox":[153704.93,168511.284,153715.375,168524.675]},{"type":"Feature","id":"Buildings.fid-6b1d3889_1a03126b129_7beb","geometry":{"type":"Polygon","coordinates":[[[153735.85098958,168930.41611467],[153747.21250938,168931.25093655],[153747.889,168922.649],[153744.54497495,168922.40534818],[153744.8299049,168919.01466649],[153736.09321936,168918.29838532],[153735.78732914,168922.58234761],[153736.42100032,168922.62000035],[153735.85098958,168930.41611467]]]},"geometry_name":"GEOM","properties":{"INSPIRE_ID":"https://databrussels.be/id/building/1793313","BLOCK_ID":"https://databrussels.be/id/block/24790","AREA":129},"bbox":[153735.78732914,168918.29838532,153747.889,168931.25093655]},{"type":"Feature","id":"Buildings.fid-6b1d3889_1a03126b129_7c56","geometry":{"type":"Polygon","coordinates":[[[153654.92485679,168515.33256847],[153664.37936264,168513.61843257],[153666.96625503,168527.88551656],[153666.58860409,168527.9478197],[153667.04694607,168530.53196119],[153666.39840216,168530.61034663],[153666.49541361,168531.30541721],[153666.64518024,168532.37754844],[153659.09552252,168533.76496694],[153658.30936686,168529.52187753],[153657.52083714,168529.66124731],[153654.92485679,168515.33256847]]]},"geometry_name":"GEOM","properties":{"INSPIRE_ID":"https://databrussels.be/id/building/1793316","BLOCK_ID":"https://databrussels.be/id/block/25009","AREA":175},"bbox":[153654.92485679,168513.61843257,153667.04694607,168533.76496694]},{"type":"Feature","id":"Buildings.fid-6b1d3889_1a03126b129_7c57","geometry":{"type":"Polygon","coordinates":[[[153755.203,168518.745],[153756.758,168518.844],[153757.078,168514.726],[153764.953,168515.26],[153763.6,168529.02],[153759.95,168528.8],[153759.91,168529.35],[153754.539,168529.015],[153755.203,168518.745]]]},"geometry_name":"GEOM","properties":{"INSPIRE_ID":"https://databrussels.be/id/building/1793341","BLOCK_ID":"https://databrussels.be/id/block/25009","AREA":125},"bbox":[153754.539,168514.726,153764.953,168529.35]},{"type":"Feature","id":"Buildings.fid-6b1d3889_1a03126b129_7c02","geometry":{"type":"Polygon","coordinates":[[[153711.816,168690.612],[153711.515,168691.805],[153709.47,168691.29],[153709.77,168690.097],[153711.816,168690.612]]]},"geometry_name":"GEOM","properties":{"INSPIRE_ID":"https://databrussels.be/id/building/1793630","BLOCK_ID":"https://databrussels.be/id/block/26259","AREA":3},"bbox":[153709.47,168690.097,153711.816,168691.805]},{"type":"Feature","id":"Buildings.fid-6b1d3889_1a03126b129_7cdb","geometry":{"type":"Polygon","coordinates":[[[153523.048,168581.151],[153528.936,168589.399],[153526.32539444,168591.32864565],[153531.47061367,168598.19268624],[153534.63997735,168602.42081336],[153538.31,168600],[153540.162,168598.758],[153535.719,168592.28],[153536.71,168591.61],[153537,168592.04],[153544.7,168586.85],[153544.3,168586.25],[153547.353,168584.195],[153547.813,168582.342],[153539.091,168570.058],[153537.663,168569.715],[153523.202,168579.913],[153523.048,168581.151]]]},"geometry_name":"GEOM","properties":{"INSPIRE_ID":"https://databrussels.be/id/building/1794553","BLOCK_ID":"https://databrussels.be/id/block/25009","AREA":414},"bbox":[153523.048,168569.715,153547.813,168602.42081336]},{"type":"Feature","id":"Buildings.fid-6b1d3889_1a03126b129_7c6d","geometry":{"type":"Polygon","coordinates":[[[153566.42,168522.41],[153563.43,168516.29],[153564.95,168515.51],[153562.13,168510.05],[153567.95,168507.2],[153568.2,168507.62],[153570.44,168506.5],[153570.08,168505.68],[153578.15,168501.74],[153577.71,168500.8],[153580.91,168499.2],[153581.5,168500.15],[153583.72,168499.18],[153580.6,168493.48],[153581.54,168493.04],[153580.66,168491.4],[153581.43,168489.48],[153583.09,168488.7],[153585.31,168489.37],[153585.87,168490.25],[153586.44,168490.15],[153591.69,168500.73],[153593.58,168504.74],[153590.9,168506.15],[153592.13,168508.82],[153584.04,168512.61],[153584.76,168514.02],[153576.13,168518.26],[153575.45,168516.87],[153570.63,168519.24],[153571.06,168520.07],[153566.42,168522.41]]]},"geometry_name":"GEOM","properties":{"INSPIRE_ID":"https://databrussels.be/id/building/1795747","BLOCK_ID":"https://databrussels.be/id/block/24029","AREA":454},"bbox":[153562.13,168488.7,153593.58,168522.41]},{"type":"Feature","id":"Buildings.fid-6b1d3889_1a03126b129_7c7c","geometry":{"type":"Polygon","coordinates":[[[153622.91090737,168562.04265735],[153620.12239932,168562.78626948],[153619.56771823,168561.05075123],[153622.25343192,168560.23814567],[153622.91090737,168562.04265735]]]},"geometry_name":"GEOM","properties":{"INSPIRE_ID":"https://databrussels.be/id/building/1795748","BLOCK_ID":"https://databrussels.be/id/block/25009","AREA":5},"bbox":[153619.56771823,168560.23814567,153622.91090737,168562.78626948]},{"type":"Feature","id":"Buildings.fid-6b1d3889_1a03126b129_7c7f","geometry":{"type":"Polygon","coordinates":[[[153626.66291276,168559.39089446],[153626.24335571,168557.30461827],[153628.72014354,168556.45340398],[153629.30735323,168558.46789758],[153626.66291276,168559.39089446]]]},"geometry_name":"GEOM","properties":{"INSPIRE_ID":"https://databrussels.be/id/building/1795751","BLOCK_ID":"https://databrussels.be/id/block/25009","AREA":6},"bbox":[153626.24335571,168556.45340398,153629.30735323,168559.39089446]},{"type":"Feature","id":"Buildings.fid-6b1d3889_1a03126b129_7c89","geometry":{"type":"Polygon","coordinates":[[[153517.33,168963.47],[153526.99929149,168962.97915932],[153527.82,168962.99],[153527.97,168966.79],[153528.88,168966.75],[153529.00000006,168969.96000008],[153528.12066103,168969.95030891],[153517.6,168970.43],[153517.33,168963.47]]]},"geometry_name":"GEOM","properties":{"INSPIRE_ID":"https://databrussels.be/id/building/1795762","BLOCK_ID":"https://databrussels.be/id/block/26825","AREA":76},"bbox":[153517.33,168962.97915932,153529.00000006,168970.43]},{"type":"Feature","id":"Buildings.fid-6b1d3889_1a03126b129_7ce3","geometry":{"type":"Polygon","coordinates":[[[153518.311,168984.467],[153528.34,168983.84],[153529.55,168983.79],[153530.23,168985.61],[153535.45,168987.39],[153535.81,168986.31],[153546.73,168990.03],[153546.35,168991.16],[153546.97,168991.37],[153546.41,168993.01],[153545.43,168995.83],[153543.98,169000],[153542.05,169005.55],[153525.91,169000],[153523.158,168999.054],[153523.062,168999.283],[153521.772,168998.85],[153522.682,168996.011],[153518.587,168994.629],[153518.311,168984.467]]]},"geometry_name":"GEOM","properties":{"INSPIRE_ID":"https://databrussels.be/id/building/1796050","BLOCK_ID":"https://databrussels.be/id/block/26825","AREA":410},"bbox":[153518.311,168983.79,153546.97,169005.55]},{"type":"Feature","id":"Buildings.fid-6b1d3889_1a03126b129_7c4a","geometry":{"type":"Polygon","coordinates":[[[153815.217,168734.434],[153816.438,168732.268],[153819.033,168733.759],[153817.799,168735.978],[153815.217,168734.434]]]},"geometry_name":"GEOM","properties":{"INSPIRE_ID":"https://databrussels.be/id/building/1797303","BLOCK_ID":"https://databrussels.be/id/block/41066","AREA":8},"bbox":[153815.217,168732.268,153819.033,168735.978]},{"type":"Feature","id":"Buildings.fid-6b1d3889_1a03126b129_7c6e","geometry":{"type":"Polygon","coordinates":[[[153563.022,168586.668],[153565.15,168585.398],[153566.272,168587.278],[153564.144,168588.548],[153563.022,168586.668]]]},"geometry_name":"GEOM","properties":{"INSPIRE_ID":"https://databrussels.be/id/building/1797304","BLOCK_ID":"https://databrussels.be/id/block/25009","AREA":5},"bbox":[153563.022,168585.398,153566.272,168588.548]},{"type":"Feature","id":"Buildings.fid-6b1d3889_1a03126b129_7c45","geometry":{"type":"Polygon","coordinates":[[[153776.0216,168672.0427],[153766.1423,168665.6088],[153768.6643,168661.7362],[153772.0701,168663.9543],[153774.5466,168660.1517],[153781.1412,168664.4465],[153780.9567,168664.7297],[153783.9776,168666.697],[153779.3635,168673.7819],[153776.2216,168671.7357],[153776.0216,168672.0427]]]},"geometry_name":"GEOM","properties":{"INSPIRE_ID":"https://databrussels.be/id/building/1797607","BLOCK_ID":"https://databrussels.be/id/block/25647","AREA":121},"bbox":[153766.1423,168660.1517,153783.9776,168673.7819]},{"type":"Feature","id":"Buildings.fid-6b1d3889_1a03126b129_7c48","geometry":{"type":"Polygon","coordinates":[[[153785.727,168712.757],[153790.157,168705.505],[153793.335,168707.504],[153794.661,168705.152],[153797.998,168707.137],[153796.378,168709.571],[153804.749,168715.075],[153800.279,168722.184],[153785.727,168712.757]]]},"geometry_name":"GEOM","properties":{"INSPIRE_ID":"https://databrussels.be/id/building/1798517","BLOCK_ID":"https://databrussels.be/id/block/24790","AREA":158},"bbox":[153785.727,168705.152,153804.749,168722.184]},{"type":"Feature","id":"Buildings.fid-6b1d3889_1a03126b129_7c2e","geometry":{"type":"Polygon","coordinates":[[[153732.185,168625.963],[153732.335,168624.082],[153734.243,168624.205],[153734.087,168626.088],[153732.185,168625.963]]]},"geometry_name":"GEOM","properties":{"INSPIRE_ID":"https://databrussels.be/id/building/1799688","BLOCK_ID":"https://databrussels.be/id/block/25647","AREA":4},"bbox":[153732.185,168624.082,153734.243,168626.088]},{"type":"Feature","id":"Buildings.fid-6b1d3889_1a03126b129_7bd5","geometry":{"type":"Polygon","coordinates":[[[153710.467,169000.032],[153717.293,168989.453],[153724.991,168994.793],[153721.015,169000],[153716.469,169006.793],[153709.185,169001.777],[153710.467,169000.032]]]},"geometry_name":"GEOM","properties":{"INSPIRE_ID":"https://databrussels.be/id/building/1800960","BLOCK_ID":"https://databrussels.be/id/block/26825","AREA":132},"bbox":[153709.185,168989.453,153724.991,169006.793]},{"type":"Feature","id":"Buildings.fid-6b1d3889_1a03126b129_7bdf","geometry":{"type":"Polygon","coordinates":[[[153751.09,168800.8],[153751.579,168796.865],[153760.181,168800.201],[153760.006,168801.903],[153751.09,168800.8]]]},"geometry_name":"GEOM","properties":{"INSPIRE_ID":"https://databrussels.be/id/building/1801669","BLOCK_ID":"https://databrussels.be/id/block/24790","AREA":25},"bbox":[153751.09,168796.865,153760.181,168801.903]},{"type":"Feature","id":"Buildings.fid-6b1d3889_1a03126b129_7c0c","geometry":{"type":"Polygon","coordinates":[[[153723.691,168726.23],[153725.895,168727.041],[153725.135,168729.107],[153722.931,168728.297],[153723.691,168726.23]]]},"geometry_name":"GEOM","properties":{"INSPIRE_ID":"https://databrussels.be/id/building/1802146","BLOCK_ID":"https://databrussels.be/id/block/26259","AREA":5},"bbox":[153722.931,168726.23,153725.895,168729.107]},{"type":"Feature","id":"Buildings.fid-6b1d3889_1a03126b129_7be6","geometry":{"type":"Polygon","coordinates":[[[153705.73,168863.94],[153707.07,168854.06],[153707.09,168853.96],[153708.06,168854.1],[153719.95300025,168855.69400048],[153718.705,168865.702],[153705.73,168863.94]]]},"geometry_name":"GEOM","properties":{"INSPIRE_ID":"https://databrussels.be/id/building/1802928","BLOCK_ID":"https://databrussels.be/id/block/28021","AREA":131},"bbox":[153705.73,168853.96,153719.95300025,168865.702]},{"type":"Feature","id":"Buildings.fid-6b1d3889_1a03126b129_7cad","geometry":{"type":"Polygon","coordinates":[[[153555.49079558,168663.52844444],[153557.78,168665.87],[153555.017,168671.826],[153547.292,168669.321],[153547.223,168669.665],[153543.887,168668.521],[153542.629,168662.818],[153545.067,168660.442],[153545.199,168660.573],[153548.975,168656.842],[153555.49079558,168663.52844444]]]},"geometry_name":"GEOM","properties":{"INSPIRE_ID":"https://databrussels.be/id/building/1802931","BLOCK_ID":"https://databrussels.be/id/block/26259","AREA":133},"bbox":[153542.629,168656.842,153557.78,168671.826]},{"type":"Feature","id":"Buildings.fid-6b1d3889_1a03126b129_7c7a","geometry":{"type":"Polygon","coordinates":[[[153612.43599955,168527.61799958],[153620.68390632,168524.46787405],[153624.92500047,168535.57951414],[153626.20391704,168538.92401366],[153618.71183352,168541.79546846],[153617.19288438,168537.92271267],[153616.42667637,168538.24198764],[153612.43599955,168527.61799958]]]},"geometry_name":"GEOM","properties":{"INSPIRE_ID":"https://databrussels.be/id/building/1802932","BLOCK_ID":"https://databrussels.be/id/block/25009","AREA":134},"bbox":[153612.43599955,168524.46787405,153626.20391704,168541.79546846]},{"type":"Feature","id":"Buildings.fid-6b1d3889_1a03126b129_7bec","geometry":{"type":"Polygon","coordinates":[[[153671.98667351,168925.39954021],[153668.28215009,168924.52090477],[153668.98737033,168921.54753858],[153672.69189375,168922.42617402],[153671.98667351,168925.39954021]]]},"geometry_name":"GEOM","properties":{"INSPIRE_ID":"https://databrussels.be/id/building/1803440","BLOCK_ID":"https://databrussels.be/id/block/28021","AREA":12},"bbox":[153668.28215009,168921.54753858,153672.69189375,168925.39954021]},{"type":"Feature","id":"Buildings.fid-6b1d3889_1a03126b129_7cb0","geometry":{"type":"Polygon","coordinates":[[[153607.248,168689.204],[153611.29,168677.205],[153618.92,168679.72],[153614.936,168691.7],[153607.248,168689.204]]]},"geometry_name":"GEOM","properties":{"INSPIRE_ID":"https://databrussels.be/id/building/1804162","BLOCK_ID":"https://databrussels.be/id/block/26259","AREA":102},"bbox":[153607.248,168677.205,153618.92,168691.7]},{"type":"Feature","id":"Buildings.fid-6b1d3889_1a03126b129_7c39","geometry":{"type":"Polygon","coordinates":[[[153785.27099976,168586.78699999],[153788.213,168574.521],[153796.09,168576.34],[153793.14000044,168588.68000013],[153785.27099976,168586.78699999]]]},"geometry_name":"GEOM","properties":{"INSPIRE_ID":"https://databrussels.be/id/building/1804164","BLOCK_ID":"https://databrussels.be/id/block/25009","AREA":102},"bbox":[153785.27099976,168574.521,153796.09,168588.68000013]},{"type":"Feature","id":"Buildings.fid-6b1d3889_1a03126b129_7cc6","geometry":{"type":"Polygon","coordinates":[[[153577.424,168765.224],[153580.25,168756.446],[153590.25,168759.75],[153586.934,168769.855],[153582.48,168768.392],[153582.963,168767.016],[153577.424,168765.224]]]},"geometry_name":"GEOM","properties":{"INSPIRE_ID":"https://databrussels.be/id/building/1804168","BLOCK_ID":"https://databrussels.be/id/block/23776","AREA":103},"bbox":[153577.424,168756.446,153590.25,168769.855]},{"type":"Feature","id":"Buildings.fid-6b1d3889_1a03126b129_7c47","geometry":{"type":"Polygon","coordinates":[[[153792.148,168695.449],[153794.544,168691.744],[153795.75,168692.58],[153798.84,168688.14],[153799.02,168687.89],[153799.507,168687.184],[153802.62,168689.137],[153801.984,168690.097],[153808.625,168694.478],[153805.62,168699.04],[153807.58,168700.33],[153805.26,168703.84],[153803.31,168702.55],[153803.24,168702.65],[153792.148,168695.449]]]},"geometry_name":"GEOM","properties":{"INSPIRE_ID":"https://databrussels.be/id/building/1804189","BLOCK_ID":"https://databrussels.be/id/block/24790","AREA":136},"bbox":[153792.148,168687.184,153808.625,168703.84]},{"type":"Feature","id":"Buildings.fid-6b1d3889_1a03126b129_7c70","geometry":{"type":"Polygon","coordinates":[[[153578.31,168545.89],[153586.35,168541.63],[153592.94,168554.06],[153584.89999983,168558.34000025],[153578.31,168545.89]]]},"geometry_name":"GEOM","properties":{"INSPIRE_ID":"https://databrussels.be/id/building/1806718","BLOCK_ID":"https://databrussels.be/id/block/25009","AREA":128},"bbox":[153578.31,168541.63,153592.94,168558.34000025]},{"type":"Feature","id":"Buildings.fid-6b1d3889_1a03126b129_7c06","geometry":{"type":"Polygon","coordinates":[[[153676.101,168711.023],[153679.39,168700.676],[153690.73,168704.45],[153687.345,168714.7],[153676.101,168711.023]]]},"geometry_name":"GEOM","properties":{"INSPIRE_ID":"https://databrussels.be/id/building/1806719","BLOCK_ID":"https://databrussels.be/id/block/26259","AREA":129},"bbox":[153676.101,168700.676,153690.73,168714.7]},{"type":"Feature","id":"Buildings.fid-6b1d3889_1a03126b129_7c01","geometry":{"type":"Polygon","coordinates":[[[153691.14704722,168691.16883983],[153691.88070562,168688.76981173],[153694.73292135,168689.66749705],[153693.97795948,168691.94736337],[153691.14704722,168691.16883983]]]},"geometry_name":"GEOM","properties":{"INSPIRE_ID":"https://databrussels.be/id/building/1807953","BLOCK_ID":"https://databrussels.be/id/block/26259","AREA":7},"bbox":[153691.14704722,168688.76981173,153694.73292135,168691.94736337]},{"type":"Feature","id":"Buildings.fid-6b1d3889_1a03126b129_7c4b","geometry":{"type":"Polygon","coordinates":[[[153802.26715376,168844.88308786],[153803.7504162,168840.14662089],[153807.35053251,168841.37331983],[153805.99019793,168846.11833248],[153802.26715376,168844.88308786]]]},"geometry_name":"GEOM","properties":{"INSPIRE_ID":"https://databrussels.be/id/building/1807972","BLOCK_ID":"https://databrussels.be/id/block/24790","AREA":19},"bbox":[153802.26715376,168840.14662089,153807.35053251,168846.11833248]},{"type":"Feature","id":"Buildings.fid-6b1d3889_1a03126b129_7c25","geometry":{"type":"Polygon","coordinates":[[[153644.174,168601.342],[153662.98,168597.397],[153663.87,168602.265],[153665.296,168601.974],[153666.237,168606.564],[153666.45,168607.593],[153660.972,168608.839],[153660.77,168607.75],[153647.473,168610.636],[153646.62,168606.673],[153645.333,168606.953],[153644.174,168601.342]]]},"geometry_name":"GEOM","properties":{"INSPIRE_ID":"https://databrussels.be/id/building/1807980","BLOCK_ID":"https://databrussels.be/id/block/25647","AREA":193},"bbox":[153644.174,168597.397,153666.45,168610.636]},{"type":"Feature","id":"Buildings.fid-6b1d3889_1a03126b129_7c86","geometry":{"type":"Polygon","coordinates":[[[153516.81,168949.77],[153516.208,168934.739],[153530.222,168934.188],[153530.521,168941.495],[153529.423,168941.545],[153529.623,168946.693],[153528.661,168946.733],[153528.68,168949.29],[153516.81,168949.77]]]},"geometry_name":"GEOM","properties":{"INSPIRE_ID":"https://databrussels.be/id/building/1807982","BLOCK_ID":"https://databrussels.be/id/block/26825","AREA":200},"bbox":[153516.208,168934.188,153530.521,168949.77]},{"type":"Feature","id":"Buildings.fid-6b1d3889_1a03126b129_7bd7","geometry":{"type":"Polygon","coordinates":[[[153716.83800012,168775.678],[153717.64799988,168768.896],[153730.719,168770.454],[153729.78,168777.311],[153716.83800012,168775.678]]]},"geometry_name":"GEOM","properties":{"INSPIRE_ID":"https://databrussels.be/id/building/1807993","BLOCK_ID":"https://databrussels.be/id/block/23776","AREA":90},"bbox":[153716.83800012,168768.896,153730.719,168777.311]},{"type":"Feature","id":"Buildings.fid-6b1d3889_1a03126b129_7c81","geometry":{"type":"Polygon","coordinates":[[[153635.969,168581.043],[153633.113,168569.333],[153636.11799989,168568.63200002],[153635.75899976,168567.25100023],[153639.51499959,168566.27100008],[153639.59160991,168566.58025358],[153640.09041375,168568.39054189],[153642.818,168579.354],[153635.969,168581.043]]]},"geometry_name":"GEOM","properties":{"INSPIRE_ID":"https://databrussels.be/id/building/1807995","BLOCK_ID":"https://databrussels.be/id/block/25009","AREA":90},"bbox":[153633.113,168566.27100008,153642.818,168581.043]},{"type":"Feature","id":"Buildings.fid-6b1d3889_1a03126b129_7c22","geometry":{"type":"Polygon","coordinates":[[[153706.90302094,168595.74390345],[153714.59500033,168596.54499992],[153713.75999992,168607.51999989],[153713.44603273,168611.02696396],[153705.67710595,168610.31069847],[153705.88124123,168607.77387146],[153706.08270894,168605.27019461],[153706.90302094,168595.74390345]]]},"geometry_name":"GEOM","properties":{"INSPIRE_ID":"https://databrussels.be/id/building/1809247","BLOCK_ID":"https://databrussels.be/id/block/25647","AREA":114},"bbox":[153705.67710595,168595.74390345,153714.59500033,168611.02696396]},{"type":"Feature","id":"Buildings.fid-6b1d3889_1a03126b129_7c8d","geometry":{"type":"Polygon","coordinates":[[[153532.05,168822.88],[153538.54982072,168822.52766206],[153539.31,168840.15],[153532.82,168840.43],[153532.05,168822.88]]]},"geometry_name":"GEOM","properties":{"INSPIRE_ID":"https://databrussels.be/id/building/1809250","BLOCK_ID":"https://databrussels.be/id/block/28021","AREA":114},"bbox":[153532.05,168822.52766206,153539.31,168840.43]},{"type":"Feature","id":"Buildings.fid-6b1d3889_1a03126b129_7cab","geometry":{"type":"Polygon","coordinates":[[[153548.975,168656.842],[153556.319,168649.583],[153562.849,168656.084],[153560.07,168658.9],[153558.73391214,168660.25045477],[153555.49079558,168663.52844444],[153548.975,168656.842]]]},"geometry_name":"GEOM","properties":{"INSPIRE_ID":"https://databrussels.be/id/building/1809251","BLOCK_ID":"https://databrussels.be/id/block/26259","AREA":96},"bbox":[153548.975,168649.583,153562.849,168663.52844444]},{"type":"Feature","id":"Buildings.fid-6b1d3889_1a03126b129_7c31","geometry":{"type":"Polygon","coordinates":[[[153669.755,168640.002],[153672.73,168629.87],[153672.84,168629.9],[153673.21,168628.73],[153680.534,168631.049],[153676.94500009,168642.30299976],[153669.755,168640.002]]]},"geometry_name":"GEOM","properties":{"INSPIRE_ID":"https://databrussels.be/id/building/1809258","BLOCK_ID":"https://databrussels.be/id/block/25647","AREA":91},"bbox":[153669.755,168628.73,153680.534,168642.30299976]},{"type":"Feature","id":"Buildings.fid-6b1d3889_1a03126b129_7cd6","geometry":{"type":"Polygon","coordinates":[[[153505.55794782,168593.62979522],[153519.25597123,168603.32977347],[153520.16840217,168603.97775704],[153523.4049247,168601.98858704],[153523.89935107,168602.56360475],[153525.45515575,168601.39334867],[153522.50177356,168598.5404289],[153520.74367827,168596.80011608],[153512.59473025,168588.73359162],[153505.55794782,168593.62979522]]]},"geometry_name":"GEOM","properties":{"INSPIRE_ID":"https://databrussels.be/id/building/1809263","BLOCK_ID":"https://databrussels.be/id/block/25009","AREA":122},"bbox":[153505.55794782,168588.73359162,153525.45515575,168603.97775704]},{"type":"Feature","id":"Buildings.fid-6b1d3889_1a03126b129_7bf9","geometry":{"type":"Polygon","coordinates":[[[153655.594,168658.913],[153662.431,168661.094],[153659.62,168669.92],[153652.77,168667.77],[153655.594,168658.913]]]},"geometry_name":"GEOM","properties":{"INSPIRE_ID":"https://databrussels.be/id/building/1809286","BLOCK_ID":"https://databrussels.be/id/block/26259","AREA":67},"bbox":[153652.77,168658.913,153662.431,168669.92]},{"type":"Feature","id":"Buildings.fid-6b1d3889_1a03126b129_7ca1","geometry":{"type":"Polygon","coordinates":[[[153631.8065,168939.53710035],[153628.6745,168938.67020035],[153629.5819,168935.39220035],[153632.7139,168936.25920035],[153631.8065,168939.53710035]]]},"geometry_name":"GEOM","properties":{"INSPIRE_ID":"https://databrussels.be/id/building/1829197","BLOCK_ID":"https://databrussels.be/id/block/28021","AREA":11},"bbox":[153628.6745,168935.39220035,153632.7139,168939.53710035]}],"numberReturned":267,"grand_bruxelles_source":{"authority":"Paradigm / Brussels-Capital Region","service":"https://geoservices-urbis.irisnet.be/geoserver/urbisvector/wfs","layer":"urbisvector:Buildings","crs":"EPSG:31370","bbox":[153500.0,168500.0,154000.0,169000.0],"cell_id":"bxl-e153500-n168500-s500","ownership":"polygon_or_multipolygon_centroid_global_500m_cell"}}
